label,IRI_Q1,IRI_Q2,IRI_Q3,IRI_Q4,IRI_Q5,IRI_Q6,IRI_Q7,IRI_Q8,IRI_Q9,IRI_Q10,IRI_Q11,IRI_Q12,IRI_Q13,IRI_Q14,IRI_Q15,IRI_Q16,IRI_Q17,IRI_Q18,IRI_Q19,IRI_Q20,IRI_Q21,IRI_Q22,IRI_Q23,IRI_Q24,IRI_Q25,IRI_Q26,IRI_Q27,IRI_Q28,PANAS_Q1,PANAS_Q2,PANAS_Q3,PANAS_Q4,PANAS_Q5,PANAS_Q6,PANAS_Q7,PANAS_Q8,PANAS_Q9,PANAS_Q10,PANAS_Q11,PANAS_Q12,PANAS_Q13,PANAS_Q14,PANAS_Q15,PANAS_Q16,PANAS_Q17,PANAS_Q18,PANAS_Q19,PANAS_Q20,POM_Q1,POM_Q2,POM_Q3,POM_Q4,POM_Q5,POM_Q6,POM_Q7,BigFive_Q1,BigFive_Q2,BigFive_Q3,BigFive_Q4,BigFive_Q5,BigFive_Q6,BigFive_Q7,BigFive_Q8,BigFive_Q9,BigFive_Q10,SelfConst_Q1,SelfConst_Q2,SelfConst_Q3,SelfConst_Q4,SelfConst_Q5,SelfConst_Q6,SelfConst_Q7,SelfConst_Q8,SelfConst_Q9,SelfConst_Q10,SelfConst_Q11,SelfConst_Q12,SelfConst_Q13,SelfConst_Q14,SelfConst_Q15,SelfConst_Q16,SelfConst_Q17,SelfConst_Q18,SelfConst_Q19,SelfConst_Q20,SelfConst_Q21,SelfConst_Q22,SelfConst_Q23,SelfConst_Q24,LifeSat_Q1,LifeSat_Q2,LifeSat_Q3,LifeSat_Q4,LifeSat_Q5,Lonely_Q1,Lonely_Q2,Lonely_Q3,Lonely_Q4,Lonely_Q5,Lonely_Q6,Lonely_Q7,Lonely_Q8,Lonely_Q9,Lonely_Q10,Lonely_Q11,Lonely_Q12,Lonely_Q13,Lonely_Q14,Lonely_Q15,Lonely_Q16,Lonely_Q17,Lonely_Q18,Lonely_Q19,Lonely_Q20
IRI_Q1,1.0,0.1629306245812791,0.0495545475267048,-0.0556673422938798,0.1887638640363709,0.2207469421589135,-0.1945684012318745,-0.1340795177315799,0.0998114162227633,0.2180160518657795,0.0241463462823097,-0.1191406575740751,-0.0716599580322676,-0.1005448593053449,0.1181887052559012,0.1847491139096554,0.1990153429042039,-0.0358606844136391,-0.0963124239800578,0.1854978018326149,-0.0039680992269869,0.1780871501817695,0.1211315394988112,0.1071729078051158,0.0215512009532389,0.2262680898853893,0.1493053853649166,0.0219179824518475,0.1793155045083107,0.1241747453097805,,0.1792355718473728,-0.0422898019887675,0.1355509541137076,0.0918937298461123,-0.0145317042396975,0.0782377250283238,-0.0206274732736359,0.1092772878554494,0.0353587370616375,-0.0145317042396975,0.2009735085933708,0.1240378919764556,-0.0271936161091602,,0.303603706847028,0.104606713919498,0.1110543380581521,0.1713662738923052,0.1289210343094902,0.1026599915534447,0.2059921997372309,-0.3204478886076684,0.1184127897682817,0.2218219799970181,,,-0.0204744023670357,0.1353196083333687,,-0.0146176274847611,0.0681231717382819,0.0522274546691232,-0.1321291807384239,-0.0438639101078493,,0.2610951148879302,,-0.0068142263730275,,,-0.0323008141731262,,0.3416846259559711,0.2838888017688924,0.1258215665286897,0.2651895502886474,0.3747530362907538,0.2917573506152419,,0.4180115505757627,0.2509388164434573,-0.0290496450584272,0.0689045383821457,,0.1923599123406311,0.2563459193399969,0.3407176289255088,0.1080212241968866,0.1715641533964584,,0.0978359796064522,0.1034554123489818,0.3113410439861936,0.0131869736378762,0.0009275555897679,-0.080315481044157,,0.0149799206682504,0.0963698367600504,0.049985477863475,-0.0834740198047908,,0.1508370662792861,,,-0.086204403897876,-0.0522274546691232,,-0.0509628673889992,0.0184564385134767,-0.0955034600558681,0.0914033038845486,-0.0060016196782363
IRI_Q2,0.1629306245812791,1.0,-0.1243677723064711,-0.4091052462836276,0.3077911879100093,0.1636594335908837,-0.2038623544177101,0.04364206885488,0.442694728768838,0.1588517548246531,0.1742516782971677,-0.1796133690086906,-0.2254421377888885,-0.3509848458366795,-0.112207590431801,0.1844001093818385,0.1419124525987171,-0.4339872419792718,-0.0791459013151322,0.4710198577153128,0.1131132741751063,0.4300544205061042,0.1380577723787997,0.0971145751545771,0.367517746499714,0.0561652699371694,0.3290042956196934,0.1771184244438058,0.5677076615289385,0.4029916033963182,,0.1631408268729681,-0.1565128397934296,-0.1383979627789533,-0.0733117742167911,0.0709720863229835,0.3714349640501098,0.1679058411013552,-0.0899072231412134,0.1682945679242299,0.0709720863229836,0.3480382633241714,0.0563968375327559,-0.0427546136603678,,0.1921200735041404,0.5280896281681687,0.0664621012389662,0.6403568255317236,0.5408031211241593,0.4656872462850009,0.2704238126519843,-0.110153903143669,0.4476510564131852,0.117898050244719,,,0.4403813922899684,0.1412506984572329,,-0.1256947745987867,0.5158561578826897,-0.0870841152144096,-0.0182863050768211,-0.1832309729545693,,0.4975735508701666,,0.4665084370257073,,,-0.2078236447763628,,0.0560082508046873,0.0834995204179223,0.4267042333188651,0.1286025140786728,0.2228018851116732,0.4029323731775562,,-0.1815118091379367,-0.1301856874457507,0.0249185978412191,0.033581168220271,,-0.139628191086298,0.3287322084385173,0.5181629209379573,0.0667151338971082,0.3166304209070203,,0.638792188414077,0.7281444804770854,0.199220269935836,0.6745910518712265,-0.0542727718940463,-0.1343246728810842,,0.5010783561245319,0.6162504814458767,-0.2100291252316373,0.0845455229062357,,0.6144064836106498,,,0.1163716619288925,-0.1064361408176118,,0.0290280384048032,-0.0795071137829708,-0.1467875022935867,0.5042726926417791,0.4185765336366012
IRI_Q3,0.0495545475267048,-0.1243677723064711,1.0,0.2037935271060543,-0.1330996427769182,-0.052728788066431,0.1465110599137689,-0.3158662889508513,-0.128113160873134,-0.0060821913780938,-0.3060922479831222,0.1365422579067913,-0.0539982970504138,0.0241315006455984,0.2181371029708643,-0.0076760656866445,0.0545474620968802,0.1297059475448143,-0.0162697511301666,-0.130715011672433,-0.2007347214658403,-0.0828440152465092,-0.0640694188287326,0.1590093547863582,-0.3097772319330488,-0.0768510766609236,-0.0124983289887177,-0.3073232524434461,-0.122886905217373,-0.0446994056182078,,0.1035522440008151,0.2904060193915267,0.2673462664103964,0.2111575503237719,0.038297406138548,0.0256581238069625,0.0543624277333162,0.190909823444913,0.0722036877176177,0.038297406138548,-0.0319095069718387,0.1863209605717517,0.1384254758578996,,0.0294115055600008,-0.0499128833236434,0.1695759660662391,-0.0819832882681263,-0.0475062294652025,-0.1124472355926966,-0.0533868285366719,-0.1456616245947006,-0.0154584620087633,0.1278725395483613,,,-0.1675133288513274,0.1245865040500485,,0.2153037786435905,-0.127607448394157,0.0604178409374788,-0.1045956479368764,0.3296937521141762,,-0.0734543000548556,,-0.1840405752867148,,,-0.0791171038630325,,0.0893047804587071,0.0855170356170884,-0.1362732638444477,-0.054100157569559,0.1277554920090212,-0.1405920489745661,,0.2157663777670368,0.0968307913397105,0.3526793456165935,-0.0077660611047594,,0.0987717018940428,-0.0084470438943976,-0.1273210683088427,0.0908579063721691,-0.0113905099441597,,-0.1300284043446272,-0.1605144218522468,-0.1279782085238314,-0.0520025121936592,0.0685491387185776,-0.0077660611047594,,-0.2162791326038192,-0.077646406935469,0.4444935311738195,0.1262005597436438,,-0.0856361974246073,,,0.1216439949397601,0.0469916540624835,,0.0604178409374787,0.1287090341515347,0.09593555765065,-0.0860570053809441,-0.0968010081101939
IRI_Q4,-0.0556673422938798,-0.4091052462836276,0.2037935271060543,1.0,-0.2648090112264897,-0.0675041342378925,0.1442313037240863,-0.175986794585353,-0.3705824517776728,-0.0697552910174694,-0.1839944554456734,0.1783877866697358,0.1744838447858174,0.3459425679945995,0.1736703125142834,-0.1516279042367101,-0.112382390816816,0.4657896632145917,-0.0799076150047423,-0.323050341441789,-0.1892161559940388,-0.2877933448370404,-0.0782073780534736,-0.0010154138652087,-0.2664732588705962,-0.0902438075767483,-0.2939968274203516,-0.2643459498845611,-0.2190613893497116,-0.1713215273633033,,0.0625191005067936,0.1463854332690801,0.1023485132579304,0.1883985550845142,0.0568333184675905,-0.1949636893676632,-0.0045979884294433,0.1777355051132112,-0.1040915486529202,-0.0232633790618634,-0.1998698152973433,0.0732080704397541,0.1692347308390158,,-0.1047837157912338,-0.2154345349842543,0.0766930890216893,-0.3366083326721619,-0.3520785588264509,-0.319239514805836,-0.2158395612610197,-0.0486927659927059,-0.3059613083091402,-0.1158208475604614,,,-0.2260641047650846,-0.0569168389625965,,0.151551707982751,-0.3368670508245718,0.0613046765270827,-0.1406523435246475,0.2016519520732633,,-0.190028687698198,,-0.2642675604235179,,,0.1070963542370237,,-0.0274093286887055,-0.0146994310112231,-0.2816036388156941,-0.0989275656828095,-0.0132586961050429,-0.371496668656726,,0.0803725595466902,0.0603079888033486,0.0586845963596557,-0.0330219169023659,,0.0592968430821772,-0.1190538821193869,-0.237594219134892,-0.0801827630346215,-0.107522654401366,,-0.3532655879199218,-0.3293079335162776,-0.1121411002092424,-0.3124084486209666,0.0291528421154998,0.1375216539351696,,-0.2544093885308014,-0.3690943361982786,0.1955907554652954,-0.0550104455785685,,-0.3297298857505197,,,-0.0478013943607667,0.135255700864271,,0.0613046765270827,0.088456622884687,0.1937547836039769,-0.2620278848825955,-0.3039619661655302
IRI_Q5,0.2574063591238653,0.3126269023546147,-0.1069208249372183,-0.1992286547796675,0.9160040534708368,0.2267032605433568,-0.4826296819158512,-0.0155427229476934,0.1783386119281684,0.1902385121016869,0.1308622489953813,-0.4465568620884813,-0.2083347080126207,-0.1166462260892572,-0.0645744827510085,0.394392669369568,0.1759581014574574,-0.1771594816766668,-0.0791800914490894,0.3515875061976718,0.064878854698566,0.2790152548241578,0.4110853675010374,0.0860259739104264,0.2544802415974795,0.4135113183044421,0.1902438874283977,0.156364087514855,0.3168184669816333,0.2325715223906627,,0.0200263402824851,-0.1499693555109332,-0.0977348817410253,-0.0388403057760878,-0.0124082467796512,0.1481508910928032,-0.0508827697590659,-0.0619222668973279,-0.0767714163878887,0.034467352165698,0.2233511828953173,0.0326319563619924,-0.0589687166029812,,0.2385914732754016,0.3005322959966264,0.065337302880264,0.3943688244915474,0.3564563587767469,0.399903079448338,0.2274258219305449,-0.006419504177686,0.2513185798529818,0.2207715175887663,,,0.2012479045103697,0.1751639935004623,,-0.090261223929425,0.0964703539283824,-0.1381542069184849,-0.1118965909597301,-0.1565276620276747,,0.280434435972976,,0.3470339076740661,,,-0.1138477380031031,,0.0712931987128875,0.0973230189507698,0.2323315850155286,0.1117058961685817,0.1460295522256349,0.2908463396989093,,-0.0553159003547129,0.0034858767964753,-0.027010843137113,-0.0176132664550612,,-0.0665335330726645,0.1718113107941878,0.3434941404804044,0.0600479586870186,0.268312412889618,,0.426312288427411,0.3953109302787153,0.1932432903535281,0.3251487516996855,-0.1861237016947694,-0.1174217763670751,,0.3285480038943968,0.4004984915838213,-0.1994398627854215,-0.0819691845418922,,0.3921796001858396,,,-0.0170902876653853,-0.0919148397049512,,0.0152251574971391,-0.1467269649685362,-0.1751796874920327,0.2190911011283105,0.2484361189411718
IRI_Q6,0.22360354840983,0.19402856302205,-0.0620824981136425,-0.0779135705531323,0.2407432438801365,0.8007541726338808,-0.2544133877131385,-0.1187835798964962,0.0676545163412247,0.450716133365998,0.0113468357487497,-0.1299670057484596,-0.109047119005336,-0.0179533427122177,-0.0445303249019993,0.1944774300185753,0.4562922636430561,-0.1416535622716827,-0.2904878123626755,0.1637642361363218,0.007832636620925,0.193044007566154,0.1643113994288264,0.3436835924069406,0.1753879661119267,0.1328729395716238,0.2610621024520778,0.0049489936408231,0.2465227889220739,0.2315809288092287,,0.1505581541878185,-0.1028190211546624,-0.0080189076367269,0.1062076136129637,0.0790617324399424,0.0778899000906505,0.0318959813234199,-0.000287526781559,-0.0136780222893032,0.1356532882916906,0.1768416146695426,0.2420421411225741,-0.0040107733687755,,0.6197813372038028,0.1203489967331107,0.22832225057624,0.1796201107339848,0.166797097065953,0.0662513190132411,0.1666723268560968,-0.1370174729400655,0.1481420101337671,0.3850714906092519,,,0.0039788002108961,0.3801845380258803,,-0.0251065144060185,0.1506833622991661,0.0187212795233767,-0.1968876151922253,-0.1014030807355689,,0.2519563521867587,,0.1264614860091052,,,-0.1915458082322238,,0.2023168626665153,0.0734345425249184,0.0410294743546859,0.0994856625419548,0.224719951873683,0.2173427423862485,,-0.0795925580044153,0.0904805636825243,-0.0315574938166113,0.0318959813234199,,0.0369837175658466,0.1881490272043004,0.2572448512111465,0.1306459593574068,0.1424910580346655,,0.1997599839081715,0.2110614164639541,0.1530914484875359,0.2065480400160838,-0.0923773926403537,-0.1287652579352878,,0.1232473051950374,0.1897261943088213,-0.107474648630202,-0.0813843368239979,,0.2003465904933663,,,-0.0358614418349923,-0.1113065164389852,,-0.0275713389344275,-0.0150501746910855,-0.1102349071654897,0.2105497465149442,0.2208729542787099
IRI_Q7,-0.1945684012318745,-0.2038623544177101,0.1465110599137689,0.1442313037240863,-0.4531640834465716,-0.2180070466547782,0.9999999999999996,0.0713643309610673,-0.1165814188984099,-0.1867922909911915,-0.0864423561078434,0.4451988014770578,0.2019491985963793,0.1082800089123015,0.1007631280884473,-0.3599722281248894,-0.1370453252659035,0.1797160748952083,0.0953366085928164,-0.3385255334990606,-0.0320830726468089,-0.1480468733561398,-0.3536477458152105,-0.1372908937319799,-0.2545772408369179,-0.3874110146345232,-0.1714714803912407,-0.0571517142890144,-0.2637128313176899,-0.2893640932098085,,-0.0768146889009162,0.2213890671652222,0.1924735713059341,0.1234587867609314,0.0060110644077528,-0.0902917645257298,0.0361619279214112,0.1347918159523179,0.1941199511988201,0.0060110644077528,-0.307009641945147,-0.0873434798039705,-0.0251756305521215,,-0.2020392329849049,-0.2545281720930053,-0.0719916584591364,-0.2552472023341904,-0.2359182770697194,-0.2430318896519235,-0.1945897319550248,0.0681779522088576,-0.1653574702248454,-0.1879112317507275,,,-0.1318117524988163,-0.2071535235356237,,0.1004010935654636,-0.0784078803556544,0.1359234606591368,0.0552103243213884,0.1983939900917145,,-0.1658814752812883,,-0.2095104596775261,,,0.0148165176854345,,-0.1129567637283839,-0.0414222425249231,-0.1275970941104041,-0.0316094387336608,-0.1125950231589403,-0.2417103419943377,,0.0359923984938418,0.0094084820271449,-0.0391951853659842,0.0361619279214112,,0.0496889665154018,-0.0503182812885895,-0.2068147477973586,-0.0280732025652692,-0.205883743291856,,-0.318742621492443,-0.2931049510282,-0.2399207675639897,-0.1981015379817355,0.0523821326961321,0.0361619279214112,,-0.2348281917734808,-0.2639528179574729,0.146473525327234,0.0808134179075819,,-0.25353135708832,,,0.0006195347659837,-0.0085464363721938,,0.0722349485156653,0.1136525611818877,0.0638605307230631,-0.1528722352720394,-0.2295764286710893
IRI_Q8,-0.1340795177315799,0.04364206885488,-0.3158662889508513,-0.175986794585353,-0.0233766586959466,-0.0543133979771495,0.0713643309610673,1.0,0.0939301580677141,-0.0656487802555534,0.326909198212449,-0.0817171564246218,0.144515418957388,-0.0329975993898684,-0.1979642691796495,0.0699825805286693,-0.0898434004116524,-0.1242295198399592,0.1463661601620996,0.0738951280021902,0.4273967399168034,-0.0406819493042423,0.0406154916101168,-0.1893929871301887,0.1910762814251014,0.0297384423048084,0.0015212777719725,0.2945340792829959,-0.0747164527083941,-0.1164546866589541,,-0.1356683400642732,-0.1366576031668446,-0.0463273624561458,-0.0905377990812863,0.0136648618150682,-0.0508761383127011,-0.0294547146487997,-0.0299001365914644,0.0490889709625229,-0.0551655532534237,-0.0003083993762759,-0.2278575006661251,-0.0957340743585105,,-0.1151395005544436,0.0665079603146666,-0.2130188681034376,-0.1297938967196618,-0.0754259237279149,0.0452708942760073,0.0885656476536688,-0.0175834234497017,-0.0837634114823059,-0.0795963545342593,,,0.2054635374035799,-0.182151313939811,,-0.2508071351162104,0.1215035979535323,-0.0730712105762969,0.1888462703757001,-0.2046948239852007,,0.1342991701040863,,0.116825815244568,,,0.0974701484643896,,-0.0227656876583977,0.0620108061709459,0.2200416841708359,-0.1212368997004421,0.034540358089179,0.1527403714982445,,-0.1224046311582597,-0.0371093714701334,-0.2185660082004693,0.0193970072077461,,0.213664774089856,0.1220104510372795,0.1988398418421866,0.003964578522876,0.0730057430928682,,-0.0198374378586764,0.0416306138053256,0.0286971522392347,-0.0085931997781434,-0.10476394058219,-0.1271581583618916,,0.2107041491248541,-0.0701001278638973,-0.209140956554383,-0.0718545922238862,,-0.0406714836065696,,,0.0188210650122014,-0.095841276194973,,-0.0167670483192069,-0.04219874931611,-0.1227428206231282,-0.0237335822855873,0.092937400386655
IRI_Q9,0.0954020655612338,0.4313571299765021,-0.1184955030607518,-0.369768641352265,0.1408621964071545,-0.0083389042862853,-0.1057966429204328,0.0952890221363239,0.979509844272435,0.1378062781287998,0.2821814342128279,-0.0437252750849867,-0.255485964344383,-0.2701882104201707,-0.0167009512429305,0.1511096932240804,0.1320951258209331,-0.3579126713574131,-0.0513156283354671,0.2612356413169262,0.1487602205582273,0.285036408509602,0.02744303808117,0.0552602633964573,0.2545734229972888,0.0119581397944468,0.3356993080171683,0.274833964252224,0.2706067983734185,0.1498651492730038,,-0.0312033817273001,-0.0993092326423931,-0.188481547445474,-0.0851389070775025,-0.0291020060885036,0.0957050171877705,0.030717495336211,-0.0678031156045412,-0.0116052195569554,0.0723819125790988,0.1233551415148898,0.0513334063370943,-0.1051888221005595,,0.0769008586839643,0.2304474888366681,0.0153618584339618,0.2957324041678953,0.2860210530990663,0.1851220948675579,0.2064479893676671,0.0212924279873014,0.2295601818285699,0.1172419647803109,,,0.2001612493309608,0.0497342288737771,,-0.1309691635378069,0.3088297336426401,-0.1303215726382754,-0.0454126245898652,-0.1306732726565578,,0.2291269753183308,,0.1566683100819287,,,-0.1824366841465606,,-0.0203626607653074,0.0470314054356346,0.2180388932285322,-0.0383620150200151,0.0719131985289431,0.2626603988035376,,3.6466764789716555e-05,-0.0509408520742492,-0.0980912320204685,-0.0052961198855536,,-0.0518138888085381,0.1828553913375218,0.2094074910396138,-0.020809606214357,0.1329410025768552,,0.3074333987858845,0.3426288375749253,0.1889343004220302,0.2830409912128812,-0.1589417255602891,-0.1493505807726123,,0.2455231756610577,0.2921046714378436,-0.1737474076913011,0.0138186236151429,,0.3045293421989504,,,0.079725832041562,-0.1187238682817075,,-0.0057988521782839,-0.0003582613442212,-0.164465687196947,0.1582908395675781,0.2049642506010718
IRI_Q10,0.2180160518657795,0.1588517548246531,-0.0060821913780938,-0.0697552910174694,0.1481137572574521,0.51115242487588,-0.1867922909911915,-0.0656487802555534,0.1512672746526737,1.0,0.1419409889828869,-0.0249187076259992,-0.0967467811717677,-0.1270340314250123,-0.0313929332924791,0.109221296165975,0.4429465671035468,-0.1215114365577587,-0.280639759378776,0.2017754522938497,0.0267738706738576,0.1389261874237494,0.103375685433004,0.3496725989103386,0.167990196786914,0.1314441217240307,0.3016129201961846,0.0663876754353464,0.2065915447570068,0.4190351276676583,,0.2130853372959842,-0.1256338616000485,-0.0496482051432105,0.0832380991783604,-0.0556674962132661,0.0810677265060123,0.0163648681609695,0.0237846547392313,-0.0405139974449461,0.0787250390234946,0.1579653110208409,0.3066930171297438,0.0416705941398879,,0.4297684234230904,0.1944351967722514,0.2666475831156209,0.124557803137326,0.100573467290157,0.0763777066218925,0.0729478554219411,-0.0323656091161651,0.0261442230724657,0.4152114706242252,,,0.0775670959385265,0.3190636187757925,,0.0587622414937403,0.0480621851723308,0.0133376800486654,-0.2030595740794765,-0.0807056005074107,,0.1248996639857208,,0.1264699192379618,,,-0.1461507840267545,,0.0838523891823746,0.063611169661093,0.051547154410836,0.0680938886413685,0.1433378903989225,0.2057085099641852,,-0.0072277020349758,0.0324805751800509,-0.048434819504542,-0.0154297328374856,,-0.0109785273866103,0.0500575507186449,0.1532210345393787,0.1309761260412166,0.0544381221611339,,0.1049682864213949,0.18907087622945,0.080564787193348,0.1071192975518034,-0.0009881804061526,-0.0154297328374856,,0.1584884527719096,0.125510079339879,0.0831840194096435,0.0264328230648128,,0.1176630408025659,,,-0.0854871206862853,-0.0866275582958773,,0.0133376800486654,0.0638380338829181,-0.0446969507114891,0.138149044843287,0.1535098023233789
IRI_Q11,0.0241463462823097,0.1742516782971677,-0.3060922479831222,-0.1839944554456734,0.1627289948469872,0.0092204407607805,-0.0864423561078434,0.326909198212449,0.2800231330594979,0.1419409889828869,0.9999999999999998,-0.189484007950432,-0.0267340375904999,-0.0967884345871028,-0.2512678738769199,0.2507625331019914,0.0965457778216499,-0.0990335506495759,-0.0017260708553822,0.1258361713138652,0.1671943978834852,0.2037207484595476,0.1776661993215479,0.0538169734111684,0.2661590544134861,0.1775328834490204,0.2333840593692113,0.4346725846193201,0.1115030862714672,0.1459852353344417,,0.0826074561135737,-0.1110329313718423,-0.0881516040128526,-0.022347366916528,0.0313431607470757,0.1944914144158,-0.0302099456213294,-0.0685820903444759,-0.0655526311784779,0.0313431607470757,0.1504692286023456,0.0822304666630462,-0.061073734497488,,0.0127909762314673,0.0606142570014436,0.0518773629587059,0.2305205308140338,0.2792899722729529,0.172391363641544,0.1102203416059553,0.0413475491766687,0.1728461181874415,0.1244194453703844,,,0.1554377345441616,0.0169785533959202,,-0.0871505951713754,0.1588036048830373,-0.0169344722102358,0.0345162196118109,-0.141444952480414,,0.1175395636385427,,0.2069202337491156,,,-0.1320487932549224,,-0.0063162768568831,-0.0037070717838387,0.2425509441830592,-0.0355991018689752,-0.0022464666128658,0.1852299764686987,,-0.0930193947478059,0.055766931343235,-0.1243940432445751,-0.0302099456213294,,0.0333171101670884,0.082531480485624,0.1102855284428956,-0.0073961062475268,0.08919351530729,,0.2164317707299702,0.1807383309194848,0.0756708747904782,0.2923846426847963,-0.1009946290739105,-0.0302099456213293,,0.514882231436645,0.2362826797549874,-0.2009535346956847,-0.0280345924002151,,0.2426445364783739,,,-0.0293129421701224,-0.0261139057447563,,0.0691622836997487,-0.1220575846330633,-0.1537642751344567,0.2550102525035408,0.2583709290324888
IRI_Q12,-0.1181319828435795,-0.1780248457786501,0.1345467306207535,0.181730765747708,-0.4003682641277583,-0.1389359942433636,0.4448128083037581,-0.081941987916576,-0.0394292269092039,-0.024403994687874,-0.187950740663333,0.998491152940408,0.188536993480809,0.1248441287921885,0.1426689779557998,-0.2355180716409386,0.0097709503422085,0.1856697551090307,-0.0307603230759849,-0.3443881450342204,-0.1352116349609066,-0.1064546707398165,-0.2119481568873979,-0.0082093002354768,-0.2430343688609932,-0.3286829504529978,-0.115961559981803,-0.1273251168174214,-0.0515197923043144,-0.2023776715889551,,0.0144179459239056,0.1480944584320143,0.0158202464108887,0.0503481960403977,0.021262313738151,-0.1095585179908639,0.0579157426551568,0.0637308061828358,0.129209496485377,0.021262313738151,-0.0304649213741282,0.0714318760920179,-0.0173090892280459,,-0.1106218690750426,-0.180815348632061,0.0350143894171448,-0.1771716699783702,-0.1245427401770153,-0.2337244983682814,-0.1266233661931038,0.0638744899147001,-0.0170733717065832,-0.0550790140631529,,,-0.1902704494383653,-0.0582488679273446,,0.0119541767384572,-0.1215029665479505,0.069806419734721,-0.0196924081234659,0.1238634453604399,,-0.2022049344560023,,-0.2748536488023897,,,-0.0783637566710287,,-0.1064760318973274,-0.0414347248512182,-0.1531059014766693,-0.0360880521159392,-0.101790915138627,-0.2077711086039391,,0.030919682997554,0.0305121080370031,0.0552027762969501,-0.0252871552438008,,-0.0167589172684644,-0.1258616546928309,-0.1609512891771544,-0.1103785812974768,-0.0405070812572465,,-0.2869534847840732,-0.1709766429534753,-0.134100360265741,-0.1949092364787557,-0.0051719141525231,0.0301814433555042,,-0.2159845281831161,-0.213595569786826,0.1613278184659385,0.0113885975225829,,-0.2042689569562899,,,-0.0014699178402934,-0.0058759612571314,,-0.0580544972204581,-0.0160941195453899,0.1244856440690801,-0.098416032864565,-0.1027616011845343
IRI_Q13,-0.0716599580322676,-0.2254421377888885,-0.0539982970504138,0.1744838447858174,-0.1959433090191822,-0.0615624497201583,0.2019491985963793,0.144515418957388,-0.2485083320292678,-0.0967467811717677,-0.0267340375904999,0.1871825675523978,1.0,0.1942901056457017,0.0113967955337724,-0.0899989228802662,-0.0837488222429299,0.2267304494738864,0.2516175152015556,-0.2858953878332017,-0.0323549556035286,-0.297638841385871,-0.121546737312498,-0.1455058300425805,-0.1363016328057958,-0.1279336036543401,-0.258959208596238,-0.0173644977802965,-0.1703601701723326,-0.2847254876933632,,-0.1283526783205413,0.1206292324057543,0.0967311392690157,0.0355109023922764,0.032773311748721,-0.1922535283431022,-0.0447318101216095,0.0195972474646323,0.1616547026925523,-0.095798911265492,-0.2508402229577916,-0.0407812919917434,-0.088084680760717,,-0.0833341284291821,-0.229016255788171,-0.1238851672518553,-0.251488926183582,-0.2385620705761579,-0.1857307778290381,-0.1103497584010965,0.0237778746941186,-0.1912457185730137,-0.1165793749530066,,,-0.1120649926161576,-0.1690752112049859,,-0.00431349672122,-0.0161359757614453,-0.0051555748690626,0.1895399026609551,0.0176208727325288,,-0.1375837119102363,,-0.110148459948511,,,0.0954004210075013,,-0.0518314086574221,0.0298720111564176,-0.1203907466169267,-0.0278003601764869,-0.1196890663010794,-0.1506599993257935,,0.0474325662503809,0.0382447959245523,-0.0565605812642118,-0.0447318101216095,,0.090588944507987,-0.0861874567355828,-0.1087095161552644,-0.034757232456932,-0.1157205582876083,,-0.2484481137241809,-0.2264293169523133,-0.0684068625426058,-0.232865196027119,-0.0226892158260375,-0.075149441004304,,-0.173594073958682,-0.2006335949960166,-0.0494651089619757,-0.0712570504266288,,-0.2255202964933138,,,-0.0391872672457625,-0.0649602433501887,,-0.0402134839786882,0.0415560803834267,-0.007481085000589,-0.2160611398186996,-0.1572008669854115
IRI_Q14,-0.1005448593053449,-0.3509848458366795,0.0241315006455984,0.3459425679945995,-0.0912216378270416,-0.0290476448231283,0.1082800089123015,-0.0329975993898684,-0.2760815488157964,-0.1270340314250123,-0.0967884345871028,0.1256591121103626,0.1942901056457017,1.0,0.1835813466958706,-0.1530785210249988,-0.0957216551743147,0.2762303363139031,-0.0313562774243318,-0.2787324999858033,-0.1306237799611276,-0.2302423857462095,-0.1517652025082949,-0.0822284709579913,-0.2240326557521956,-0.0125753654886677,-0.2699109316271877,-0.1854471963468739,-0.2469010159884754,-0.0289618517368223,,0.1604607522239929,0.1097677487586759,0.1443230542418111,0.0553935594430411,0.0493054178650095,-0.0350058102318506,-0.0160213694498257,0.1619306788083504,0.0108707913972517,0.0089106176864475,-0.1486717218852993,-0.0228604823162292,0.105210551265762,,-0.0935618002735745,-0.2798528975852282,-0.03017657727297,-0.2614259480351297,-0.2786465398122556,-0.2667150136790565,-0.0857356628494491,0.0239009640277817,-0.2110284499279196,-0.1372131391256398,,,-0.1390415892586047,-0.1215821631641029,,0.0999826739256976,-0.161303445958892,-0.0109334993155873,-0.0382950151495541,0.0793386266974985,,-0.205704720310616,,-0.1789274687906742,,,0.0944948842527642,,-0.0193192005050828,-0.0104834497898207,-0.1286776061900811,0.0069197899534921,-0.0023757893370814,-0.2591554795182889,,0.0561741405358423,0.1306712136310454,-0.0933560909204143,-0.0446911884653032,,0.0395982189864091,-0.066953431760931,-0.1738618451966261,0.00539796525111,0.0209072762117567,,-0.2793360507282407,-0.2402562852381583,-0.0543600820547613,-0.1952100711366792,0.0552458296559745,0.0699880875966069,,-0.2382463712982553,-0.2368082375809783,0.0698899113382645,-0.0526878904636936,,-0.2062763612616366,,,0.0281691994351787,0.1100638931102465,,0.0551534298808519,0.0945932197830973,0.104005468704754,-0.1197250804387038,-0.1390861040738151
IRI_Q15,0.1181887052559012,-0.112207590431801,0.2181371029708643,0.1736703125142834,-0.1107173840005781,-0.014866081833564,0.1007631280884473,-0.1979642691796495,-0.0315475353547833,-0.0313929332924791,-0.2512678738769199,0.1401687883008096,0.0113967955337724,0.1835813466958706,1.0,0.0164311612536944,0.0848013324618655,0.1139770330351017,0.017141193792427,-0.0883497986811328,-0.1305748527486964,-0.0567130903656474,-0.0585246160410268,0.0218140161839715,-0.1842526464851851,-0.0736363337419195,-0.0223092981506851,-0.19591682596648,-0.0018969815479252,-0.0538798875303303,,0.0327014262039677,0.0042230612395192,0.0725417217907618,0.0562935046898803,-0.0032937711924621,-0.0875335756885591,-0.0046754445398346,0.0072071133896906,-0.0252627598488221,-0.0406231780403673,-0.0035362899526816,0.0605727904076314,0.0443141465033621,,-0.0875292139351468,-0.0530658346436888,0.0895506306311795,-0.0255402115665128,-0.0597301642921848,-0.1531927895263828,-0.0043874697019421,0.0250365512575594,0.0102465978741517,0.0114945522373068,,,-0.0048023319989165,0.0179891237955049,,0.007415361537753,-0.0958813845837201,0.0345774541566294,0.0010749645877071,0.1088880421644259,,-0.0498567667269363,,-0.1243835081394739,,,0.0740436809631363,,-0.0244882242813669,-0.0243581596334636,-0.1114630667963189,0.144320729470196,0.035552944686837,-0.0603644132814287,,0.1142317287222144,0.0249838176954521,0.1068566185889716,-0.0576638159912944,,0.0190589973377082,-0.0230054730540309,-0.0348690559358756,-0.1166238583803354,0.0588873471010251,,-0.1577929885987486,-0.0496022101097568,-0.0371882241571308,-0.1522554459283709,0.0428190255020088,-0.0576638159912944,,-0.1539332016943802,-0.0881663064399411,0.223696977972114,-0.0823978280304646,,-0.083046494091128,,,0.0395334005238543,-0.0345774541566294,,0.126185254779388,0.0964639169751056,-0.0666422447933549,-0.1247621347969923,-0.0601636519594343
IRI_Q16,0.1847491139096554,0.1844001093818385,-0.0076760656866445,-0.1516279042367101,0.3467770344910834,0.1524644782312117,-0.3599722281248894,0.0699825805286693,0.165903043036939,0.109221296165975,0.2507625331019914,-0.2387839410400674,-0.0899989228802662,-0.1530785210249988,0.0164311612536944,1.0,0.1387788891960297,-0.0713168038750845,-0.0500076690631596,0.321303754360591,0.1649985499791186,0.1668100669340519,0.5907119944825371,0.168945596559928,0.2065368468083294,0.410543753162085,0.170820860572372,0.1031033810830361,0.2662456472773318,0.128198980186978,,0.0584532500148052,-0.1007370761422317,-0.030200847821227,-0.1135353853975422,0.0173213741660498,0.1400985981799353,-0.0311439840264979,-0.0514655213055393,-0.0520645805930188,0.0173213741660498,0.1826501286002906,0.0190731848058436,-0.0201736506733192,,0.1190046559523037,0.2333379047356896,0.0751469158600985,0.2463752005026025,0.2862806273810789,0.2259731783585264,0.1617252529694697,-0.0379134009627521,0.2385774699385831,0.1245984429220823,,,0.1370798098143181,0.0008017092962105,,-0.1167803398689858,0.0953327202003617,-0.0533703000564184,-0.0258850331561407,-0.0831121990524167,,0.2010197190112309,,0.1227854163018168,,,-0.0763159344569958,,0.0505045250903743,0.0390108587442551,0.1680141385238958,0.0337779566710864,0.0257731125788709,0.2177265705732132,,-0.0519744174107786,0.0729919915690933,-0.0243264291223916,-0.0311439840264979,,0.0565285791641002,0.1556208148032139,0.1994942907046293,0.0227953974484469,0.2274791011813899,,0.2728661066502814,0.2467157851871717,0.2249554434676747,0.207418251552054,-0.1420352681616089,-0.0590096539449435,,0.2910268398658022,0.266158715815589,-0.0750370036946233,-0.0386420288866947,,0.2581991661812844,,,-0.0533949097693659,-0.0108629814274126,,0.0750962629112437,-0.1679868720339909,-0.1155739405470513,0.2001409793021357,0.2422021996902912
IRI_Q17,0.1990156799342056,0.1346549750157294,0.0600246943029394,-0.1077809805335068,0.1180667463077791,0.5497105201347724,-0.1384863913491485,-0.090136588743195,0.1497711638901779,0.4457570431058012,0.0971329813684591,0.0076844622175714,-0.0813131395485412,-0.0991332694829169,0.0877612791757799,0.1441242325325297,0.9982918932771808,-0.0782580081482242,-0.2818802259368173,0.1999271573917899,-0.0308459259052099,0.2462519392125729,0.1525673812860654,0.3803689870585978,0.1167839722612237,0.0801506488547578,0.3384686663301361,0.0555509557879798,0.2173687316545172,0.269031345704683,,0.2423359003718803,0.0047946686751321,-1.3877787807814457e-17,0.1843645532335409,-0.0727143604070096,0.1376769527358342,-0.0147452327207595,0.0107666100763165,-0.0127408363038531,0.0519388288621497,0.1871830264224442,0.3891394203649071,-0.0125154813787913,,0.4669418254686469,0.1028337810975307,0.3650266742658488,0.1853091548598165,0.1675123002899291,0.0330775966903847,0.0743338070969238,0.0037205947514287,0.1182918467687185,0.8375200114785364,,,0.1024956504185885,0.6231057031380202,,0.0215153729659416,0.075502823968917,-0.0637299421655611,-0.2018049818206543,-0.0922292591205738,,0.1109063348692245,,0.0763130407106233,,,-0.1361786943019454,,0.0634235167665127,0.0785657084792751,0.0374725094847767,0.1048698392063234,0.1433955287326905,0.130365425801865,,-0.0258899516965721,0.0324441680639256,0.0831558915978147,0.0147452327207595,,-0.0504903123051861,0.1076850457435426,0.1166046938352758,0.100901907728504,0.0669403621272839,,0.1693273023705583,0.1851025821094933,0.0952517408022469,0.1291161957361562,-0.0494946486804014,0.0147452327207595,,0.1291613346387922,0.1548899333017159,0.0023249287495047,-0.050622666735019,,0.1662287968282525,,,-0.0756248947166392,0.0297406396772618,,0.0382379652993366,0.0016624267732948,-0.0812671582464502,0.181718959354417,0.1552432535797896
IRI_Q18,-0.0358606844136391,-0.4339872419792718,0.1297059475448143,0.4657896632145917,-0.1645198800122391,-0.1525833532751516,0.1797160748952083,-0.1242295198399592,-0.363112027457367,-0.1215114365577587,-0.0990335506495759,0.1813206365356863,0.2267304494738864,0.2762303363139031,0.1139770330351017,-0.0713168038750845,-0.0838550492883033,1.0,0.0886014857303217,-0.3552948703697345,-0.1065538814878045,-0.2299288791286263,-0.0671872101917672,-0.023658864405375,-0.2523072779868986,-0.0571991044654976,-0.2710521931577331,-0.1278021616220268,-0.2372047027653281,-0.2318483886386139,,-0.0535218910223709,0.1479983974131486,0.1204306537701528,0.2109492317168614,0.0419325474966894,-0.1081955658389538,-0.0317751374763559,0.0761399108781023,-0.0630013412674774,-0.0438242413687205,-0.174581802483068,0.0319967792288959,0.0482423813656219,,-0.104831721198411,-0.2607681950511935,0.0750848054161815,-0.2745445323780315,-0.2451040021876232,-0.2968949317799523,-0.1925327333652022,0.0404647663265733,-0.2099927982422194,-0.0878062090679518,,,-0.217280353519682,-0.0379992620644252,,0.0890094354003882,-0.1763855413695024,0.0537731872101083,0.0014134721105086,0.2175694893477547,,-0.2265146265653845,,-0.2180885958208554,,,0.0994951187316806,,-0.0631317131341596,-0.0475324739258482,-0.175637760259419,-0.1561271468668273,-0.136383817822801,-0.3088158230274019,,0.0757597844831463,0.0486265616799814,0.0623002406703956,-0.0926401895437418,,-0.0354652062391949,-0.1933908783884725,-0.2785534872658,-0.0973086331510496,-0.151004258977666,,-0.3614383435072463,-0.3518977353860378,-0.1490937854769591,-0.3102035424652709,0.0501298876088242,0.1203874926921089,,-0.2593020026414752,-0.2544831179553241,0.1570063152727232,0.0111649740126571,,-0.2450673959774806,,,-0.1278552332751925,0.0865271189879679,,0.0537731872101083,-0.0786622017166662,0.1717239433741185,-0.1650451290352946,-0.1848447967207515
IRI_Q19,-0.0963124239800578,-0.0791459013151322,-0.0162697511301666,-0.0799076150047423,-0.0399525655761964,-0.244862644091665,0.0953366085928164,0.1463661601620996,-0.0599725314712296,-0.280639759378776,-0.0017260708553822,-0.0330197880042201,0.2516175152015556,-0.0313562774243318,0.017141193792427,-0.0500076690631596,-0.2850094928991244,0.0886014857303217,1.0,-0.0507108004970418,0.0753890697709007,-0.1185444371659428,-0.0862748269125895,-0.3565049957923237,-0.112849234149637,-0.0272380570575059,-0.2716937565939947,-0.0127223975878074,-0.1665117221752041,-0.2176138568890984,,-0.2201814969451054,0.0538027845810847,0.0127918707014098,-0.188498038331291,-0.0082605143238939,-0.0668126250220446,-0.0117256404088607,-0.1032169813920251,0.3614995173287553,-0.101879676661359,-0.0862903649100257,-0.2824901333042499,-0.1144538323105761,,-0.1927459822590587,-0.1149126325224641,-0.2561622437277774,-0.0974545742822387,-0.0792907198928845,-0.1606127427096659,-0.0327543741970972,0.0907327098627899,0.0577607655839146,-0.2080679937532351,,,0.0974712713829188,-0.1888724499777732,,-0.0867866196205927,0.0591448954623071,-0.0090096088743466,0.564725359428764,-0.0187256563170792,,-0.0413845237298935,,-0.0042586194601514,,,0.1793693173294789,,-0.0089205426289895,-0.0256848590027033,0.001891982696975,-0.1348561673135646,-0.0436938817377214,-0.0115187368890237,,-0.0772389999163051,-0.1392386969084328,-0.0722175024305145,0.0214970074162446,,0.072175642470221,-0.088669463387356,-0.0361857100638672,-0.0284718252157402,0.0131032679981572,,-0.0695529279719089,-0.0906968194761313,0.020611069051393,-0.1118466499486159,-3.4694469519536136e-17,-0.0781709360590714,,-0.0528903237675382,-0.1202029315309339,-0.0221858378304469,0.0214698340510369,,-0.105942821174784,,,0.1636189824360244,-0.0292812288416269,,-0.0090096088743467,-0.0202704804160103,0.0980516016974826,-0.07893172180233,-0.0222307966894564
IRI_Q20,0.1854978018326149,0.4710198577153128,-0.130715011672433,-0.323050341441789,0.3419120026589296,0.1773113661594474,-0.3385255334990606,0.0738951280021902,0.2701987207904028,0.2017754522938497,0.1258361713138652,-0.3466363131771294,-0.2858953878332017,-0.2787324999858033,-0.0883497986811328,0.321303754360591,0.1995138594818102,-0.3552948703697345,-0.0507108004970418,1.0,0.1766606154412273,0.4399436622952677,0.3542778293614302,0.1376322938792175,0.2720725624041292,0.2730599009304452,0.3258810880679665,0.1730920357590048,0.4511221982667075,0.4250144756781362,,0.0825889313909391,-0.242794087809529,-0.2063916702202491,-0.1017934755618883,-0.0663669172090798,0.2130112547695312,0.0244239219571725,-0.1435192535958388,0.0219480048464047,0.0172062377949466,0.441643196489096,0.0108823233741661,-0.0636724777829502,,0.1481653236058861,0.463764632758549,0.0627155969835367,0.4653871760747497,0.4255647092221764,0.3426125649119571,0.2416835274966711,0.0205425752544469,0.3638847846982757,0.1234473661192447,,,0.443060620378222,0.1419832269051195,,-0.1553902936041227,0.2847904210770636,-0.0382033629212523,0.0195063937290464,-0.284640745881946,,0.375969397933737,,0.2566106365066057,,,-0.0272406217689369,,0.0324657796722931,0.0464770732719169,0.3238579627978453,0.1669612002157905,0.1503127795956218,0.3444702434981436,,-0.0936960751415754,-0.0435040852541426,-0.0124275752572618,0.0837391609960202,,-0.0439494032565765,0.2000551046171593,0.3957083682149059,0.04621198952305,0.3372690762625596,,0.5487112504263698,0.5048108248745723,0.2672506105819888,0.4185489929226895,-0.0884892229454399,-0.0645489366010989,,0.3705519684971549,0.4380488099010071,-0.1969510982053797,-0.031144696255763,,0.4569662904374659,,,0.0154767144406139,-0.0301605496746729,,0.0643425059726355,-0.0558594430445402,-0.1591453851668546,0.3179813758194318,0.3741045046139387
IRI_Q21,-0.0039680992269869,0.1131132741751063,-0.2007347214658403,-0.1892161559940388,0.0444471982781297,-0.0041221173727568,-0.0320830726468089,0.4273967399168034,0.1522977929807086,0.0267738706738576,0.1671943978834852,-0.1359653149319176,-0.0323549556035286,-0.1306237799611276,-0.1305748527486964,0.1649985499791186,-0.0312012469927339,-0.1065538814878045,0.0753890697709007,0.1766606154412273,0.9999999999999996,0.1112642292678532,0.1779779644137977,0.0052033962154067,0.1852564111777656,0.0614405607826131,0.1379254500048013,0.1971208616799665,0.0912532817887075,0.00507655458085,,-0.0511446224760449,-0.0692328724988182,0.0218098793160722,-0.083917278174537,-0.0063378039939718,0.1124304105184577,-0.0449819513054987,0.0021896484074988,0.0662299132313503,-0.0570402359457463,0.073377754221223,-0.0949690020599554,-0.0381798500306521,,-0.0587180873613285,0.1586981975993563,-0.0720964154036502,-0.0105523772132666,0.061771003261246,0.1265922178555649,0.1690418368798977,-0.0779372350638485,0.0993049543820558,-0.0457858209573146,,,0.2959123169453712,-0.0844823270530219,,-0.1112941430207703,0.1106957441766901,-0.1581243509034707,0.2524565728687232,-0.0969778465980839,,0.1820893847942478,,0.1200764647231658,,,0.0659545576833175,,0.0086868751565725,0.0095869327803046,0.2863293632013117,-0.0285464362738925,0.0302531228871063,0.2689169252151858,,-0.0647327423016198,-0.0235653563690492,-0.1682273595310122,0.0269891707832991,,0.2288389867154765,0.2138777591264667,0.1648437315283945,0.0575906972978537,0.1124719920454401,,0.1837503903287025,0.1425948861829898,0.1269045737131857,0.0921635038228248,-0.0726983399308531,-0.0809675123498976,,0.1624996259039035,0.0740073941124724,-0.1697459797202747,0.0144134669259463,,0.1003114254820272,,,0.0511285611581998,-0.0907270865839585,,0.0492518470027203,-0.0375284738940867,-0.1761047036380702,0.1090073537475944,0.1317332811686643
IRI_Q22,0.1780871501817695,0.4300544205061042,-0.0828440152465092,-0.2877933448370404,0.2355867256709149,0.1113119992102463,-0.1480468733561398,-0.0406819493042423,0.2967022679688043,0.1389261874237494,0.2037207484595476,-0.1082570894534889,-0.297638841385871,-0.2302423857462095,-0.0567130903656474,0.1668100669340519,0.2455043030103788,-0.2299288791286263,-0.1185444371659428,0.4399436622952677,0.1112642292678532,0.9999999999999996,0.3154061167691596,0.2167032629518199,0.2849714376220845,0.0534522914345986,0.3358094324683359,0.2294820970800391,0.3537721916828679,0.3405119755636218,,0.0682400444291441,-0.1523871649899045,-0.0732280163898059,-0.0850487350804978,0.0423861318175504,0.3548211213213523,0.1436623773807878,-0.1469379754636224,0.1240487231899191,0.1208148927316572,0.3646835252823408,0.0985894755933381,-0.0357823685345547,,0.1496975561486465,0.4202735264888728,0.1660080392553848,0.5413299003897918,0.6157617358019117,0.454489074661434,0.2277444391672429,0.0359742464904281,0.5262266145824408,0.2277870970172396,,,0.3669526486894585,0.1918576365007261,,-0.1007221815793688,0.2681671137478483,-0.1161643313807231,-0.0370719460275734,-0.1122620982107904,,0.2732211196970696,,0.1753711627192239,,,-0.1817134810802133,,0.0097366112764401,-0.0053793251710964,0.3195249875580265,0.0633691652932686,0.0964580882072155,0.2993141527273324,,0.0295772507966866,0.0080194254686243,0.0003644558951626,0.0879983223272632,,-0.1465566061277214,0.1554965306161271,0.2863281406624704,0.0477944707542516,0.2238598590637225,,0.5972054942841224,0.438912464400732,0.1428285686727811,0.505012589151565,-0.0250856698512033,-0.023329787779786,,0.3247722395571034,0.5480953480387343,-0.1637247803180347,0.0729752378800987,,0.5474687134716886,,,0.1201069720208701,-0.0121471331291517,,0.0763028653840892,-0.1085797289003823,-0.0892205291930354,0.5188651224558316,0.4559335778129957
IRI_Q23,0.1211315394988112,0.1380577723787997,-0.0640694188287326,-0.0782073780534736,0.3644187917971874,0.1627392358934176,-0.3536477458152105,0.0406154916101168,0.0413249719441297,0.103375685433004,0.1776661993215479,-0.2122344616236348,-0.121546737312498,-0.1517652025082949,-0.0585246160410268,0.5907119944825371,0.1470388960186472,-0.0671872101917672,-0.0862748269125895,0.3542778293614302,0.1779779644137977,0.3154061167691596,1.0,0.2650096300180746,0.1959947220359665,0.2938190322035744,0.1690731164438137,0.1215981561435222,0.2518009934540398,0.1598331780302875,,0.0324786170903479,-0.0880677277117695,-0.0193682639845358,-0.0438897917739249,-0.0264007278118808,0.1337521616257042,-0.0654788607317916,-0.0626455326781688,-0.049888254424395,-0.0264007278118808,0.228684607035574,0.0622451403945411,-0.0478873146915943,,0.0660020414363981,0.2601153308576426,0.1647595967257417,0.2401276964146686,0.3416273673865921,0.1746015563861865,0.2117305898733548,0.0303075985665887,0.3208611897433792,0.140401639759607,,,0.153487465274999,0.1053823982806231,,-0.1306562701826735,0.016208692406339,-0.0482946511559871,-0.001210954737818,-0.0514622550855124,,0.072863930263283,,0.1573820461726278,,,-0.1255091720147099,,0.0011929453213662,0.0194556512139261,0.1130785779381698,0.0366937262474684,-0.0467483868471896,0.1832611801303671,,-0.0912351045737131,-0.0843560952045878,0.0876417292532195,-0.0374753228087612,,-0.0036260591227215,0.1107661257389687,0.171965939141313,-0.053906946925428,0.2418641008478705,,0.2903528688111286,0.2409912901382066,0.2120070185265979,0.2204411073487868,-0.1279419886268072,-0.0094717848857308,,0.2531842321567118,0.2732607883692363,-0.0624434039507988,0.0125359646922187,,0.2877633380632475,,,0.0645621556894229,0.0482946511559871,,0.0162564304873961,-0.1960721742882613,-0.1669399541974247,0.3118045314314738,0.2943830585635828
IRI_Q24,0.1071729078051158,0.0971145751545771,0.1590093547863582,-0.0010154138652087,0.0655928908523483,0.309172337762315,-0.1372908937319799,-0.1893929871301887,0.0657940977584301,0.3496725989103386,0.0538169734111684,-0.0068667312852146,-0.1455058300425805,-0.0822284709579913,0.0218140161839715,0.168945596559928,0.3829765902419261,-0.023658864405375,-0.3565049957923237,0.1376322938792175,0.0052033962154067,0.2167032629518199,0.2650096300180746,1.0,0.1106375974469154,0.1053995405221312,0.3549287072401936,-0.0049434176011198,0.226731559336523,0.3016956409769568,,0.3253340147379904,0.0799074724132497,0.0556686154012865,0.3913137887231848,-0.006081550598021,0.181295672194885,0.0207183444452852,0.046644761908599,0.0460081188925521,0.0766275375350652,0.1218691030015497,0.8230620569890755,0.1399500640643326,,0.3192824798616926,0.1187560613149616,0.8402036046493089,0.1239966495070797,0.1181158120872748,0.0683069924826694,0.1366608518907482,0.0050825461451071,0.0732117297186725,0.4083801884805043,,,0.0738635546831577,0.4313413011082353,,0.1067942401954971,0.0368141491664836,-0.0094520941284372,-0.2658159134527898,0.0526172947933971,,0.0134319679402761,,-0.0324501284229408,,,-0.2135348450667883,,-0.0228851286628591,0.0245314904399923,0.0286243888031228,0.061648264384896,0.0425248993595937,0.0574238617845686,,-0.0201503657713138,0.0461296011679077,0.2365011737473065,-0.0086326435188688,,-0.0485623878648481,0.0700196955203074,-0.0266406204323353,0.0438286098089303,0.0444962322742379,,0.1614887544589233,0.1863069319927329,0.0371010855994213,0.1522699135263316,0.0474360946645641,0.1087713083377475,,0.0455793503011623,0.1343823983564358,0.1610678724862348,0.1031374618308784,,0.1419902778582317,,,0.0323086639471333,0.0771091889425143,,0.125862095499717,-0.0138204773937677,-0.1118906060829496,0.1607441376226014,0.156493921266708
IRI_Q25,0.0215512009532389,0.367517746499714,-0.3097772319330488,-0.2664732588705962,0.2098103206241184,0.2074338056789701,-0.2545772408369179,0.1910762814251014,0.2624347148581444,0.167990196786914,0.2661590544134861,-0.2407031351172159,-0.1363016328057958,-0.2240326557521956,-0.1842526464851851,0.2065368468083294,0.1248412537774643,-0.2523072779868986,-0.112849234149637,0.2720725624041292,0.1852564111777656,0.2849714376220845,0.1959947220359665,0.1106375974469154,1.0,0.176141726906652,0.2421877322557465,0.3606161996541942,0.2456234180361897,0.4019271993024054,,0.0770890325476984,-0.143735816128245,-0.097957331226026,-0.0793400205093112,0.0832774323320048,0.2361847278210611,0.045134996630569,-0.1140398696245795,-0.0364738751886901,0.0832774323320048,0.2358027948255386,0.0551745511114501,-0.0556403542082264,,0.1324872696024762,0.2524650591160568,0.0578092163937697,0.2881885005326119,0.3074910050953927,0.1674353343410715,0.152393553520425,-0.0019885031708439,0.187591946821837,0.1058165989746188,,,0.1668033030919327,0.0943988728616083,,-0.1503969550791445,0.1939906412900208,-0.060071224934473,-0.0554756784231937,-0.2245344621271579,,0.2524788342197858,,0.1855867250425139,,,-0.0886069558221345,,0.011886042458327,-0.0114518465363866,0.2535949421632406,-0.0099554799038905,0.0619232272697018,0.2981542744979313,,-0.0687415414371917,-0.0344549216625431,-0.0880361411786038,0.045134996630569,,0.0126163506617048,0.1880218935531086,0.2731870315824281,0.0612026014140994,0.1817863761666924,,0.3381914588039094,0.3398491783273135,0.1374235199767157,0.3029676030023697,-0.0227120269996375,0.045134996630569,,0.3161593103916029,0.3054691419268579,-0.2660245964012628,-0.0575548743985049,,0.3110145285078911,,,-0.0271110875594803,-0.0241523481695304,,0.0241523481695304,-0.0826303118637846,-0.1760503262300729,0.2886926613308038,0.3066548069850879
IRI_Q26,0.234637199479663,0.0551759298731606,-0.0752032440468383,-0.0877201842164327,0.4618970244188514,0.1189504337423479,-0.3864543756370851,0.0373454704160014,0.0140951573552433,0.1313367757635398,0.1770603338890408,-0.3383701389148731,-0.1309812540568022,-0.0161835718978027,-0.077746640335181,0.4088561617397235,0.0784214801018305,-0.0638173546066164,-0.0300603477520838,0.2727376948448352,0.061328013979475,0.0518394361806598,0.2915167901428105,0.0992877589025341,0.1706346620472635,0.9975418916620432,0.1744693819543117,0.235178441906437,0.1800157900023789,0.2352887808791212,,0.0762065608926007,-0.1191602624986529,-0.0012649290767856,-0.0288915370949491,-0.0165410940493646,0.085369194017048,-0.0234797632673997,0.0102866110249343,-0.0594214048020773,-0.0165410940493646,0.1802459185076703,0.0062591032484753,0.0155004808719177,,0.1393745017873354,0.0876893963132658,0.0076688074657869,0.1285759501606961,0.1164017290347171,0.1550352246849732,0.0848207170322817,-0.0383997799946176,0.055737989707118,0.0963500988268996,,,-0.0215744177294943,0.0365443776730701,,-0.0955646768432216,0.0662350081377856,-0.102383258142896,0.0169907498043011,-0.1236699970003911,,0.1367516397426998,,0.0905345106702345,,,-0.0436672533010768,,0.0234047878248851,0.0257623894486871,0.1057639990544133,0.0673862806347411,0.0463314577085831,0.2009989531811637,,-0.0309870142773124,0.0771389867979293,-0.1636982284759079,-0.0234797632673997,,0.1000519719751154,0.135314221849072,0.1858782780008525,-0.0100204333791153,0.1693467795156237,,0.1359816077978289,0.1535613748221525,0.2178484496765028,0.078089124316813,-0.0496232821480938,0.0474812990518528,,0.1078949180903039,0.1477204606375514,-0.0999026787085858,0.000358265166003,,0.142489371803155,,,-0.1014729529213873,0.0614900918949259,,0.0202962406010146,-0.1035932478589234,0.022708169476133,0.1193654293018516,0.1164982556748612
IRI_Q27,0.1493053853649166,0.3290042956196934,-0.0124983289887177,-0.2939968274203516,0.1881683675977072,0.2410606328485599,-0.1714714803912407,0.0015212777719725,0.351018072394495,0.3016129201961846,0.2333840593692113,-0.1167777466685029,-0.258959208596238,-0.2699109316271877,-0.0223092981506851,0.170820860572372,0.3424258482434466,-0.2710521931577331,-0.2716937565939947,0.3258810880679665,0.1379254500048013,0.3358094324683359,0.1690731164438137,0.3549287072401936,0.2421877322557465,0.1783762734562274,1.0,0.267110712164823,0.2559549232960042,0.3949136692547015,,0.197972277396395,-0.0635351904522211,-0.0239057472577767,0.0522717153840183,-0.0097968384712068,0.3200420606175522,0.0147492363445709,-0.0622581598949246,-0.0008593296525225,0.0305780109858881,0.2759276494174124,0.235164689560695,-0.0110881504858399,,0.2534157057343726,0.2771215279478164,0.2626362564446332,0.2659149303038924,0.2838223674773446,0.1857145321436144,0.1708072554168596,-0.0195295651118462,0.1687546307203257,0.3274262570393966,,,0.1849046445344726,0.2707453352602902,,0.0238738445117427,0.1747181387376156,0.0120209092667923,-0.1205957266617235,-0.0269752698335488,,0.0718672293739102,,0.1764285578833618,,,-0.257224935882852,,-0.0250433698517317,0.0166155457334057,0.1296849870105852,-0.0055177281361789,0.0302189029846018,0.2215926903885765,,0.0250555107912198,-0.0367800409405988,0.0414016144285472,-0.0425620820229047,,-0.0589557148106441,0.0985471112359569,0.1325671734553787,0.0041860080249814,0.1531363832959454,,0.2955628349122001,0.2576109226947456,0.1632774791919199,0.3195860426034881,0.0133593251880094,-0.0139064228391668,,0.1843880902181864,0.2871975080044165,-0.0334659160092432,0.0894094356844321,,0.2684525719075702,,,0.0659487943164649,-0.0450480539189895,,0.0450480539189895,-0.0846167426980721,-0.105635947111445,0.3085042281698374,0.2840014520888515
IRI_Q28,0.0219179824518475,0.1771184244438058,-0.3073232524434461,-0.2643459498845611,0.1681241983689321,-0.0129476967077449,-0.0571517142890144,0.2945340792829959,0.2603744889254726,0.0663876754353464,0.4346725846193201,-0.1292954304461842,-0.0173644977802965,-0.1854471963468739,-0.19591682596648,0.1031033810830361,0.0612643137193207,-0.1278021616220268,-0.0127223975878074,0.1730920357590048,0.1971208616799665,0.2294820970800391,0.1215981561435222,-0.0049434176011198,0.3606161996541942,0.2363045207601163,0.267110712164823,1.0,0.2157919398511021,0.1663651281158568,,-0.0029293053112317,-0.1470036508578076,-0.1454775216699803,-0.0645473817322954,-0.0383451972401095,0.2098135994132228,0.0067475536708501,-0.1816383606259952,-0.0132309474514243,-0.0383451972401095,0.1570510196663246,-0.032377048403386,-0.1256165650707227,,0.0536095124711727,0.1644250734903857,-0.0280077677012473,0.21933210606981,0.2695004640566995,0.188336141706892,0.0704171890262067,-0.0078318600283641,0.1992416623582363,0.0316962768411215,,,0.2414776583898147,-0.0124968275495252,,-0.1368400145551031,0.2038324386623524,-0.0939709741901079,0.2149883139234289,-0.205996097026271,,0.1114505648217802,,0.1461803705655848,,,-0.1272458246516958,,-0.1123414351208372,-0.0762190635269222,0.194178011843256,-0.0766353800226954,-0.109692254330574,0.2255580604768243,,-0.1364241106681141,0.0184288214518289,-0.1996108175657172,0.0373364636453709,,-0.0462096595678119,-0.0071994317823816,0.1904452556927524,-0.0646430932014378,0.1008831103622409,,0.2290659448630245,0.1549781163898011,0.0556859830727367,0.2424920722997619,-0.0389790021531691,-0.0238413563036705,,0.2092195668704947,0.2646720638163192,-0.3067603446304791,-0.0281073476130293,,0.3045206880583533,,,-0.1206556005473133,-0.0823056118768532,,-0.0234603397633234,-0.1840487829945926,-0.0491573403799442,0.2085661533456648,0.2182393186093674
PANAS_Q1,0.5110199566217007,0.1708180882667829,,,0.2132236196031327,0.095487903242051,0.0215558161560846,0.1287821837017361,0.584468014621581,,,,0.4275091981461281,0.2959488757795403,-0.0479988001356371,0.03747430643237,0.0566692155469395,,0.093205326254869,0.3988680149755646,0.5448261331807192,0.1751627358107322,0.3863364174661539,0.0409758474865721,0.0106600744072659,0.561910042165898,0.3041009070605361,0.0060855711300429,0.966061017871218,-0.0313278395492613,0.5386822789745866,-0.0773702555391234,0.2466708531305061,-0.0586475648587969,0.1106137743040094,0.0065530798761088,0.5009345572983291,0.277337440137183,-0.023638946718987,0.1794845293717796,-0.0048854542944089,0.3281474236187828,-0.0199073163412462,0.0763226851513418,0.264907553915108,0.0237745651732486,0.3737440009064142,0.0052067889338621,-0.0124299766274714,0.1596649286562222,0.2466767278516183,0.3329256324445623,0.0237101346901167,0.0596942251753395,-0.0064486685599394,0.3106336468370435,0.117522890550206,0.0810341839947829,0.0248872336101958,0.1393686937897391,0.0086546929067721,0.406827405281535,0.1180030903055492,0.1135727183453112,-0.0218385181950147,0.1725975429476482,0.3626178647263619,-0.1266508504247269,,-0.0161626230573549,0.1978606011024228,0.2745566485584946,0.1464521245129937,,,0.2280872983192015,,,0.0917739774473544,,0.2652904570353463,-0.1945028353258779,0.0959857987389333,-0.0202164197306182,0.0223199974964121,,0.1499536379519397,0.1850255725013167,,0.3500460233322967,0.0612623054292491,0.2394081113329796,0.41597878157188,0.0576733527842202,0.0536131837728258,-0.0215558161560846,-0.0496454486924559,-0.0693784123700496,,,,-0.1287821837017362,,,0.0353092448489317,,-0.0587325542503853,,0.1287821837017361,-0.1769230710419936,0.0011413552496848,,,
PANAS_Q2,0.021864252185296,0.0347463967481179,,,0.1603227755687405,0.1019921906664074,-0.0496994015143075,0.0496994015143075,-0.0438541041585608,,,,-0.0721289212501639,-0.1800378885675596,0.0706383369260052,-0.0864013029414725,0.113393872784845,,0.0048000723856373,0.0158328832934406,0.032599949816949,0.1520239103153781,-0.0620025218141226,0.4163115739571844,0.0560551373050785,0.0369030083322481,-0.0167387601275529,-0.0768011581701978,-0.065837403480202,0.9999999999999996,0.0912362366650462,0.6867429355992529,-0.1887164682349929,0.3863748401957592,0.3341823942731828,0.2566422015624945,-0.0064974419723802,-0.0466412954175789,0.4011600859441869,0.0317481566761654,0.2984953132456978,-0.0958863253842605,0.3754980006538102,-0.1512129880845648,-0.1487976844767475,0.4192865239372679,-0.145702536188581,0.2462869572321857,-0.0931408851761481,-0.1800034915372095,-0.0704156058275687,-0.1194838406011451,0.3362671864023663,-0.0008503870232007,0.4149465457190379,-0.3230434648694495,0.2096425331053851,-0.2088031487752254,0.1157500482161445,0.0667773813856184,0.0068265001821899,-0.1005719263673222,0.0744997299820698,-0.2690347946187769,0.0707887003198194,-0.079150307363526,-0.3663220925249555,-0.2280216496959757,,0.0125829118825606,-0.3801585531428144,-0.1189435828893748,-0.0476121478286585,,,-0.4635783926999214,,,-0.2449020947081898,,0.0564230580787197,0.138236628689346,0.0654046340166045,-0.0786015515707059,0.1672492544636533,,0.1055517591624522,-0.2103476416956138,,-0.2288507189395983,-0.1721450950780828,-0.1506074229599607,-0.2824646871742819,-0.1867947253779214,0.0496994015143075,0.1201068869929098,0.158402388726033,0.2045388515124596,,,,0.0911155694428973,,,0.2069158268326983,,0.3872858320516279,,0.0496994015143075,0.457737916754672,0.108822640099995,,,
PANAS_Q3,0.3753233828952353,0.3477772606782465,,,0.1517402185551346,0.0488844684421736,0.0561900374229936,0.0853256123830644,0.3754961413415598,,,,0.4057797551294781,0.2708637087507731,0.0257338115770984,0.1386887633244681,0.1997234539455916,,0.1073330429206754,0.3048530529469737,0.5297389798621193,0.2106812019479577,0.5282652697162684,0.1100615852936255,-0.051404830773178,0.3917275651986113,0.2627978071283902,-0.1386887633244681,0.5478590079496508,0.0519714431174626,0.8494079873279858,-0.003659086927852,0.2139260982061313,0.1380305391160263,0.1436537343961494,0.0006816047124277,0.5045609613744299,0.2553019048081394,0.1021931402708767,0.125865921493381,0.0642411265763436,0.3769361649891598,0.0327848993505628,0.0622687518301684,0.2320527567268117,0.066081119855513,0.3619072127992469,0.0732957667222548,-0.0324015034646419,0.1834419272753808,0.0796117338651412,0.3010036476876078,0.1438998379547319,0.1008449770653564,0.0426328381592622,0.3023545850135211,0.1277769693160921,0.0976851289502775,0.1195572849073918,0.0512643219581014,-0.0514535103734128,0.420533214333574,0.0540049017251845,-0.0358658698403046,-0.0859234689104384,0.2585184876577067,0.1331397703941422,-0.2875911047850131,,-0.0276620815241183,0.0878715408715158,0.3023841231466918,0.1604694095941412,,,0.199502185917526,,,0.1722844892495055,,0.1684360979587028,-0.1526454141077913,0.1412783319755562,-0.2132801920196256,0.1680814672198152,,-0.0410013829443048,0.0824304844878059,,0.3449841800822789,0.0865008344826637,0.1254920535172157,0.38513997352072,0.0421583995257183,0.0853256123830644,-0.0561900374229935,-0.0253257741722942,-0.0856485887284414,,,,-0.0853256123830644,,,0.121017414124795,,0.0619202374506654,,0.0853256123830644,-0.1484368687780833,0.0816526219440936,,,
PANAS_Q4,-0.0136718960065464,-0.0198034434555139,,,0.1245164138745897,0.0620186089279276,-0.1172822769598551,0.0494082783788326,-0.0474901444610753,,,,-0.0998632226078221,-0.1732376650994888,0.1582535291657477,-0.0465627134284623,0.1284577111362685,,-0.032102243419623,-0.0705054175712363,-0.0089445789972377,0.0941046821625997,-0.1018230835760348,0.4508423877080573,0.0815637479449044,0.0314370416848021,0.0879436302142236,-0.0714347218436657,-0.1125260344841871,0.6867429355992529,0.0195015422928403,0.9999999999999998,-0.2136992575594323,0.3108860435871392,0.2501853287385897,0.2787583033131063,-0.0635825030458288,-0.0777695574012697,0.48056620406536,0.007109211105539,0.2927087592827075,-0.0622845664937685,0.4111494540208206,-0.1020995590779347,-0.1709645973850677,0.4537681247357988,-0.1795666274750053,0.124161824996708,-0.0889260183234519,-0.2866844111062674,-0.0954588188444306,-0.1585722859616392,0.3997345431353754,-0.0596395314332923,0.4624416811974622,-0.3774310284990189,0.1580457242113144,-0.1252276702765477,0.0426192672597443,0.0663862209278372,-0.0456547220430434,-0.1504379546284222,0.0759397527962475,-0.3253834874788694,0.0303541719625215,-0.1062508493213007,-0.3368550375197374,-0.1052372452249745,,0.0608402254132562,-0.3875517862078026,-0.075916056480403,0.0222497765961663,,,-0.4465328403232746,,,-0.210355951860893,,0.0508387022709692,0.2414353318852839,0.0193069410823634,-0.1140042475934683,0.1295606976897179,,0.0432092263376276,-0.2639948587765259,,-0.2651633856789737,-0.2212676840563256,-0.1702284355353538,-0.2965863014977274,-0.1581363628139288,0.0494082783788325,0.1172822769598551,0.1500996786917511,0.2033407285982106,,,,0.154213717364235,,,0.1970178283828175,,0.3839565824631542,,0.0494082783788326,0.3484492594355804,0.1654273035530757,,,
PANAS_Q5,0.1095983043576238,0.1041269309348335,,,0.0886864325919911,-0.0771749909191178,0.0509252236835741,0.0711158410030528,0.1888331019189043,,,,0.2302414801949236,0.1989499745042783,-0.0599132909084186,0.0531714218839799,-0.062350131500353,,0.0529114149310021,0.2275433764655166,0.3041610787877568,-0.0665334269737863,0.3106472308207571,-0.16516480808667,0.1133319632904931,0.1118016156574225,0.2057992561698461,0.017550469326008,0.2901226338868853,-0.1488105674391807,0.2345694706955557,-0.1846903512947147,0.9679409126281312,-0.0112714843235057,-0.1007621166570448,0.0475094295166861,0.3015761946479974,0.2806753475410224,-0.2926739127465815,0.360895754953887,-0.1076590344495367,0.3263114220406435,-0.2568493580967506,0.2473754493448215,0.3404953317546796,-0.2130386253867769,0.3577294598784531,-0.0451494406654244,0.1113822740819639,0.2541735568736343,0.1497082578062713,0.3508293649024533,-0.1030480973346182,0.1797384799448272,-0.2641182888396788,0.3277972152109391,-0.0396400477107618,0.1592542586989619,-0.0080114972267785,-0.0410948469187707,-0.1259077310170474,0.3953758582260283,-0.0261973417007394,0.16958083120038,-0.1403302754061515,0.2062219348481884,0.2309841845842248,-0.2016970021618115,,-0.0423433029941837,0.1939781638310002,0.3206684149921619,0.1600880366858443,,,0.4035750313824929,,,0.3322788735901615,,0.1725272668182,-0.1758270957374627,-0.091923205859374,-0.1261807803889404,0.0253294554322107,,-0.0528357594236828,0.1427470139558684,,0.2908345135726928,0.1491941555723835,0.2243965562251506,0.4170405657654926,0.0662825595166941,0.0711158410030528,-0.0509252236835741,-0.0882723605359961,-0.0683224547869948,,,,-0.0711158410030528,,,-0.1164904462179546,,-0.1497082578062713,,0.0711158410030528,-0.064513362518659,-0.0481634272745261,,,
PANAS_Q6,-0.1003351047462697,0.0959641844550509,,,0.0485645445282654,0.0997400005730148,-0.0809860717012522,0.0203022934567877,-0.1706560844021983,,,,-0.0848553403006364,-0.1704549189447474,0.0638951753055226,0.0350365130779465,0.2134420321296184,,-0.1405339103901396,-0.0733874401816421,0.0355543922887521,0.3995794634271984,0.0689276151004469,0.1751200797507609,-0.0613733416964302,-0.0999198224535799,0.0296956455918043,-0.1405339103901396,-0.0881327060166146,0.3863748401957592,0.1247994663252613,0.3108860435871392,-0.0209146319758938,1.0,0.3133842518540742,0.149516394633076,-0.0043896658199586,-0.0276515087965906,0.2607971062274338,-0.0072718070943898,0.5733084009470866,0.0554547754729594,0.2772489598114098,-0.1703555475223248,-0.052837825809626,0.3439615824047585,-0.0321551199105995,0.2235460469273704,0.0117071435070996,0.0596976908593668,-0.1564684097708599,-0.0113142083897556,0.0787059315910111,0.4193352081553389,0.2708934379833002,-0.2014277805572517,0.0726034827533895,-0.1056266833383111,-0.0003464036593743,0.0272786784520206,-0.1748567584935137,0.0090386224457442,0.0141228800989645,-0.1927793551980717,-0.1029088091279417,-0.0311249929356505,-0.2036540010851062,-0.1669280560428565,,-0.0846428839529719,-0.2486092300442494,-0.0382808807995827,0.0279624509620659,,,-0.2129766960677,,,-0.064906979336784,,0.0708046214886195,0.1498509549655243,0.1170314202112087,-0.1153224973323726,0.2248683655494923,,-0.0516570128299668,-0.2388791959955331,,0.036983442309476,-0.1236423313110817,-0.1533249704073265,-0.1393338682358881,-0.0543195082192039,0.0203022934567877,0.0809860717012522,0.1053681112860753,0.0991635619500161,,,,0.1010652630321413,,,0.0412958215633232,,0.2626772697365345,,0.0203022934567877,0.1491055669854584,0.4605638887706548,,,
PANAS_Q7,0.0500329370380107,-0.0863599084557631,,,0.0115509905956632,0.0943753845887277,-0.0077509898740042,0.0077509898740042,0.0414324465929732,,,,0.0185865492365962,-0.145249527400928,0.0775338738436458,-0.0134749233148678,0.1440305138551677,,0.0134749233148679,0.0065485583425029,0.0521744489746911,0.161189607459832,-0.0587798207160301,0.1651862207428319,-0.0993899290362688,0.0400555479095471,-0.0847373222961467,-0.1971675560899636,0.0986861183191041,0.3341823942731828,0.1381541579054449,0.2501853287385897,-0.1181584299835715,0.3133842518540742,0.9999999999999998,0.2543676737228,0.0557153606176067,0.034073356009714,0.2775291658855394,0.0714351012868002,0.4079057887378585,0.0065797860246788,0.2980745586381279,-0.01272558062107,-0.1618015256610964,0.3079585839997121,-0.0184888388347155,0.1892962912621462,-0.0793728988263694,-0.1226482700726804,-0.1124691420267682,-0.0506214576087525,0.1147074410707726,0.0736475660943944,0.2829025477664342,-0.1828087782290802,0.1959630550083259,-0.0556034191958342,0.04357398035692,0.0429744761198778,-0.0107932801377081,-0.1567941804545145,-0.0072510675295123,-0.21975228120952,-0.0105604512146168,-0.0763119343037529,-0.093872514971303,-0.1873241392804022,,-0.0423269019340969,-0.1849802536685002,6.505014483455633e-05,-0.0922531551280998,,,-0.2215684004519373,,,-0.1619648880745974,,-0.0484115590751752,0.0407501392954288,0.0166311288995293,0.0090382378055502,0.1605775759263107,,0.1217891130209084,-0.0963027926727095,,-0.1533670118546838,-0.148123050749896,-0.1352091981508164,-0.1333619524203998,-0.1318858195262986,0.0077509898740042,0.1167993991358564,0.112910564328031,0.0692985863232583,,,,0.137646889141799,,,-0.0126964155428442,,0.185176466165285,,0.0077509898740042,0.139788010855702,0.3150350431623241,,,
PANAS_Q8,-0.0270381383305607,-0.079305699561306,,,0.0413361382309144,0.0032967338184714,-0.0761391958664254,0.0103936045150993,-0.0238194770302572,,,,-0.0971143782719016,-0.1956480660718354,0.0247010792634038,-0.0561681322600378,-0.0764845086030685,,-0.058129114433705,-0.0660684124627542,-0.0148694568946388,-0.0445031373119678,-0.0785198019038114,0.2691387241435333,0.0316514939451797,0.0051749147178379,0.0877475299826217,0.0942672144912854,-0.0182652351061066,0.2566422015624945,0.0162065288003964,0.2787583033131063,0.0308232668513854,0.149516394633076,0.2543676737228,1.0,-0.0591080585901212,0.0703607814236612,0.1879371598743055,0.2297566123289742,0.22512132292655,-0.0731625684717339,0.1170943122724911,0.0976064295116798,-0.118639635843987,0.1335622016858721,-0.1310783740063896,0.1275134124308881,0.0818166464280499,-0.0912569439058695,-0.0380135537345019,-0.0843047447266558,0.1049671649168821,0.0866540135538911,0.1620586489971937,-0.0358431673266805,-0.0421808551978034,-0.0180690500287902,0.0176390159324603,0.0434109285618891,-0.0013944211764249,-0.1948030791928199,-0.0360189152429419,0.0064727906377091,0.0215688547468908,-0.0529376968243467,-0.0927814656782356,-0.2217333572144588,,-0.1196088743100807,-0.1770498146749373,-0.0377089862956074,-0.1383262936256045,,,-0.2395688614672511,,,-0.2541849123292659,,-0.0870983878053012,0.1368524783148416,0.0250033666175386,-0.0668914510187613,0.0013944211764249,,-0.0063349353110986,-0.1834487590834348,,-0.1489720349054809,-0.0803734219252754,-0.0628630651440682,-0.0705111941916523,-0.0780669351074572,0.0103936045150993,0.1090119915420885,0.0200300322024574,0.1273304739839024,,,,0.1210975781875528,,,-0.0439485619805511,,0.0873284342549371,,0.0103936045150993,0.1445282102395799,0.1423569686874171,,,
PANAS_Q9,0.4014372901904072,0.3032160411204879,,,0.1680623514094129,0.0805662736760481,0.0449840929972251,0.0858787229947025,0.3660451092041676,,,,0.328212550808171,0.2632272981462276,0.0284807662962161,0.1540378746913944,0.0997196717249669,,0.1113812324691621,0.3787572101935014,0.3862731737033096,0.1410264706502376,0.4702697089004589,0.0239220747867831,-0.0262908968102314,0.3335116889550773,0.2372682681559124,-0.1161208593827435,0.4748435144555565,-0.0045899239196867,0.4865430998666611,-0.0613935970583373,0.2499301995440861,-0.0017307618854862,0.0518361567356032,-0.0575932737884808,0.9957580251695198,0.2915888331999993,-0.0203932262936514,0.1253934572230174,-0.0539423362021636,0.4584055895496519,0.0077522101288365,0.1393548994822637,0.3373348634947676,-0.0225519655361431,0.4585595549897173,-0.0175111114284424,0.0117907689362588,0.2648206590358862,0.1687098044052769,0.3512924050218963,0.037649063984782,0.0654949171738033,-0.0477129726854033,0.5081496769853218,0.1616409074429471,0.1540378746913944,0.0840385678066146,0.1153888389717572,-0.0842567085183114,0.458527773924564,0.0691398489091293,0.0119270055838937,-0.1034842925879956,0.2203931460077413,0.2071926134854896,-0.2111909442968557,,0.01087140258337,0.1338088502788692,0.3433795874280737,0.2396495252706051,,,0.2957020035091912,,,0.1141381604192929,,0.1851175898168519,-0.1853647587402853,0.1586093568176122,-0.0762006295836021,0.1381810019700309,,-0.0347408621030471,0.1149528029680944,,0.377296471669983,0.1599786709323854,0.1750647084821289,0.3928422935731104,0.0203199354475222,0.0858787229947025,-0.0776997969952072,-0.0355472018518602,-0.0841513217246994,,,,-0.1513101309906665,,,0.0736856513548334,,-0.021472156924308,,0.0858787229947025,-0.0812353389494467,-0.0602781073370685,,,
PANAS_Q10,0.2226834346957852,0.2207552765461522,,,0.1185486505933186,0.0339502933139714,0.1521515046892344,0.0382712373758196,0.2311518128076753,,,,0.2090614042049141,0.1419601826900534,0.0701832743742816,0.0805977269296521,-0.0326116804494025,,0.0665336940425988,0.2525484320938421,0.3798057948124316,-0.0297895287097196,0.3967199168693969,-0.0301991290976117,0.1165468472766605,0.2503265537700371,0.1406764702758375,0.1033165492856614,0.2603556000188185,-0.0434786396693402,0.2755602799388978,-0.074612217170406,0.2597799834123327,-0.0263559410372218,0.0345492011367874,0.0709884820630641,0.2885487625831998,0.9979995420758074,0.0179075894598721,0.2077899031363395,-0.0575014217939897,0.233045562458019,-0.1429625186577367,0.2559096380795757,0.2559534386140636,-0.0901105015924666,0.2210908124225383,-0.0163877727279521,0.0586706616904452,0.1653736678154539,0.1468011261587585,0.2869257208458161,0.008593627948801,0.0647816579843545,-0.0045589296342673,0.4057252366506994,0.0374788490982066,0.080597726929652,-0.0391319215308774,0.0514222090503227,-0.0884676895354488,0.3812926018855683,0.0367013749511059,0.0848897435355078,-0.1371670938477824,0.0431704629553022,0.1687317151533524,-0.1639402151792721,,-0.0726714396245595,0.0873944134978346,0.3828050414295411,0.1342672259120079,,,0.3067990074793936,,,0.1523422326731985,,0.1305776671070544,-0.1469332930545282,0.0397265596179686,-0.0901872605030024,0.0361563600710095,,-0.0814914843088227,-0.0035780013769661,,0.2737642622960631,0.1551934467146977,0.1877670821032552,0.2727715441958755,-0.005351710283715,0.0382712373758196,-0.0252030099791983,-0.029750838799536,-0.0384161024876598,,,,-0.1017454847308376,,,-0.0107031261898792,,-0.0674491660729431,,0.0382712373758196,0.064587496402844,-0.037953141912843,,,
PANAS_Q11,0.1116922015693918,0.0131063221122201,,,0.1184140188484849,0.1440255693360945,-0.0729560545722495,0.0140716425732825,0.0230452727214985,,,,-0.0065649930759572,-0.1463557183256033,0.2140635625750903,-0.0244632372989099,0.1995188997193052,,0.0244632372989099,0.009066003826747,0.0460351552607706,0.1191209025026807,-0.0792739456874557,0.4477557405235747,-0.1364676804936357,0.0546270849981343,-0.0557247955619732,-0.1461521612986158,-0.0216791108675816,0.4011600859441869,0.0850285487431412,0.48056620406536,-0.3136332050452148,0.2607971062274338,0.2775291658855394,0.1879371598743055,-0.0261372317762013,0.0132993788424756,0.9999999999999996,-0.0075788674789351,0.248082521054498,-0.0679342143411269,0.4357573243554796,-0.0171961656055451,-0.2206400491233475,0.4698614332415766,-0.1487611050351485,0.1153185697617639,-0.0597960908605752,-0.1539066970362604,-0.0432482274604157,-0.1373460892666073,0.26711180944824,-0.0168023470161818,0.6899000818610013,-0.1497181609405455,0.2513969746321134,-0.1268324764574254,0.0366384168247901,0.1243984777433501,0.0105264431153392,-0.0917025313217849,0.0445170948532336,-0.2562862792818642,-0.0227778684810622,-0.0826627054936,-0.1176768737934124,0.0426936406820469,,0.1074554090223475,-0.2086486556776131,0.0655978924304199,-0.0254336953755006,,,-0.2850886678709449,,,-0.2270438307040771,,0.0626188854038753,0.1107952741461978,0.1922360033587506,-0.008814789842306,0.0865309306938903,,-0.0358037884977836,-0.1709426826416883,,-0.1573499339517252,-0.1439713779475881,-0.1043343929495033,-0.1676247851486808,-0.1726897561212645,0.0729560545722495,0.0435138485727661,0.1120290815791106,0.1790820883305491,,,,0.1036971814246515,,,0.1457461928629448,,0.2640902400242406,,0.0140716425732825,0.195308012438358,0.1089713670545394,,,
PANAS_Q12,0.0984565410285869,0.0644826181721833,,,0.1378578314173394,-0.0865923494929349,0.0050352751846553,-0.0050352751846553,0.1800714750437403,,,,0.1974882246119658,-0.0113241038676976,0.1256155576447293,0.0087537137946789,-0.0757051743230559,,0.0602610732242399,0.1056425001837855,0.2102866690579288,-0.1223563339582964,0.1690347185555461,0.078746450406561,0.0451126338274379,0.2362225829363607,0.1607203490091843,0.0947684667336994,0.1733687089107247,0.0636406112334712,0.1287017856215493,0.0311786683942069,0.3193699021686806,0.0025016709068816,0.0752736661448473,0.2404174325308405,0.1298397109985573,0.2258656222158749,0.0366692659607803,0.9811793768821432,0.0508183581272688,0.1010897848948836,0.0013881243212674,0.3386209703709757,0.1717088242043033,-0.008273149524116,0.1528362589298088,-0.1396783419569068,0.0314340661286708,0.0115784299378038,0.1125951698877071,0.0881392519924162,0.1123106433547018,0.047019041348267,-0.0194242770439432,0.228958835618311,-0.0689183546051095,0.1122758943230573,-0.0635646622100561,0.0999140421442375,-0.0369868574034541,0.133149392991201,-0.0255649831615791,-0.020025663932203,-0.0510255828304584,0.150033538577864,0.1359219652824383,-0.0148736207814589,,-0.0130531786546741,0.0880165492997018,0.2658263171681124,0.1520496359388953,,,0.236172136779334,,,0.1481997878453707,,0.1287224717270858,-0.0611636324866876,0.048543191344391,-0.0614919543033087,0.0369868574034541,,-0.0865407406216716,-0.0128671927702872,,0.0642071629938164,0.0485309555270175,0.1161914187842118,0.1930269665533968,-0.0548086825256558,0.054512326999095,0.054512326999095,0.008753713794679,0.086495051472096,,,,0.0645828773684056,,,0.0570185878518091,,0.0214023876646054,,-0.0050352751846553,0.1057441020450582,0.0918659973356198,,,
PANAS_Q13,-0.0790413788076465,-0.0037546937555614,,,-0.0304670482083983,0.0159692816164609,-0.0105376007006798,0.0105376007006798,-0.1330445529575083,,,,-0.0638619565928383,-0.1121721652587484,0.0525628903009261,0.021227222951764,0.1250068451188574,,-0.1003204372377892,-0.0937342533328361,0.0464247382444967,0.2371584059980539,-0.0337712513300517,0.1610830061858181,-0.0371836547942595,-0.1304691573736033,0.0031547238008102,-0.0607738300947766,-0.0308279656563284,0.2984953132456978,0.0790010867243116,0.2927087592827075,-0.1235963902664263,0.5733084009470866,0.4079057887378585,0.22512132292655,-0.0465442561083765,-0.0581923099589022,0.248082521054498,0.0488238881086459,1.0,-0.0712677344619868,0.2389534219517428,-0.1382839085054503,-0.1574119192733443,0.3052949882011199,-0.083173717750649,0.2804015327412292,0.0060764171242992,-0.1055409889468243,-0.1599641720377459,-0.0493367381686441,0.1241411705302886,0.2025595241328814,0.281970892384409,-0.2664389168552565,0.1164161874559475,-0.1369592056202863,-0.0802487784869007,-0.0469705559099351,-0.0301886366924782,-0.1396935326195758,0.0222943376383632,-0.2475946581477261,0.0060147766307285,-0.028193725457155,-0.134441395230369,-0.1929999493233287,,0.0318243959887517,-0.2441142692003048,-0.0262572959581636,-0.0657057425182989,,,-0.1968110680502091,,,-0.1175006356317839,,0.0172456454551264,0.1145514022440613,0.0073013228159762,-0.0806876146009664,0.1145514022440613,,-0.0666632115848868,-0.169261026926508,,0.0021328556271699,-0.1668542104151558,-0.1605301534978462,-0.1365120117995906,-0.0803617072554284,0.0105376007006798,0.1129028646501414,0.1398670443808017,0.1135820719535421,,,,0.1259494178986022,,,0.0106853746512978,,0.2623412421419033,,0.0105376007006798,0.0745915713034459,0.8632971901881095,,,
PANAS_Q14,0.213136941316884,0.2594180427642011,,,0.1419917849690718,0.0106201595016579,-0.0070078919574344,0.0684964923581499,0.2736454619894493,,,,0.2786458730581872,0.0702468090049635,0.017061198339654,0.2016100612893453,0.0253054349907091,,0.0834474392731078,0.2752486756451613,0.2453924595832682,0.193573396742369,0.353042368745399,-0.0508713823247279,0.0837578150122474,0.2101834200723987,0.1420012576763526,-0.023449123437812,0.3267909751029418,-0.0943860577997455,0.3434372487394137,-0.0605681064986803,0.3019177614039417,0.058101829581077,0.0075484032270871,-0.0720995412010165,0.458545810660937,0.238062062602243,-0.0555832701383093,0.0904384445908662,-0.0701816136139133,0.996275600506687,-0.0478923325820017,0.1143697838715045,0.2238043583704598,-0.1148097129160485,0.3672375926405842,-0.0408493907028201,0.004041040831301,0.2270030785424659,0.1220305140159629,0.2702290738690548,0.003409623857819,0.1118637715464993,-0.1158669028641281,0.3385054850614123,0.0211551934814152,0.2016100612893453,0.0796765138013895,0.0094159820780958,-0.1346983260577672,0.3946556304314618,0.0132435879357338,0.0278709075604129,-0.1159153589262414,0.1222629392138011,0.1543294491744254,-0.0730583694977878,,-0.060010070209512,0.1315557439265229,0.2611764603406246,0.2040378244193567,,,0.3422770617215496,,,0.2901269492766343,,0.138209809339762,-0.2200258963682201,0.0782137306147238,-0.1099875005735434,0.1093608815987681,,-0.0554475040943859,0.0571901842107873,,0.3872306862081345,0.2255078609237427,0.1705509058833276,0.3501331235678315,0.1222629392138012,0.0684964923581499,-0.0237364082429231,-0.0834474392731078,-0.0502393622435031,,,,-0.0684964923581499,,,0.0388811374347799,,-0.0451608988877972,,0.0684964923581499,-0.057353105326889,-0.0465690218815101,,,
PANAS_Q15,0.0995245136432209,-0.0369897608136091,,,0.1347304865735612,0.2429595024971925,-0.0806292441705509,0.0806292441705508,0.0312381429446005,,,,-0.070107744493418,-0.2101880430894523,0.1191299510047275,0.0076062404657117,0.3521505367170807,,-0.0445508370134548,-0.0029324732512185,0.0004541379453603,0.1690016128674999,-0.1614724694697845,0.5047858354503507,-0.1858990926028376,-0.0308627866063217,0.0737630902293947,-0.1923292232044268,-0.0731510024003513,0.4211770339139714,-0.0247512986156512,0.4509098342338845,-0.3296929641759083,0.3234438547830625,0.3432083438028733,0.1445664840385349,-0.0459638772117136,-0.1519686311775147,0.4854659675033764,-0.0608907452937717,0.2942535262269003,-0.108014828050191,0.9208709586442776,-0.1436011474629313,-0.135874396188633,0.6105258877971077,-0.1763727323351875,0.2657660828136716,-0.1740827947111519,-0.2294319098416235,-0.1036111517350126,-0.2663550106272359,0.3834552375329402,-0.008470197273827,0.5133541013086089,-0.2844397937872305,0.190708301051666,-0.1401721457252603,0.0494939160191139,0.1368890496541978,-0.0370880135036492,-0.1526301345782237,0.1404471078704111,-0.4061801015889278,-0.0166489720845241,-0.0451520393974921,-0.1449180949418421,0.0033035454175527,,0.1132250478288559,-0.2306342407786288,-0.0209928334876249,0.0799156295024458,,,-0.3276641057704999,,,-0.0944683466896771,,0.066533869522765,0.0896293659671523,0.2731163394688934,0.0090583831271717,0.1947120708941586,,0.0199964358854355,-0.1401556470096083,,-0.1594017719000193,-0.1818551725837298,-0.1208374472400573,-0.2817716998441504,-0.1426231085730305,0.0806292441705508,0.0806292441705509,0.1184400301089407,0.1678448609045355,,,,0.1106308233968026,,,0.1551098828261994,,0.2948932780150359,,0.0806292441705508,0.1352427034303475,0.1419320176279805,,,
PANAS_Q16,0.0855909963562956,0.0839252192893372,,,0.1050710312016866,-0.0700319411262197,0.0684457220821481,0.0501354015251403,0.1909270744979388,,,,0.0699255544619046,0.0133278194377855,-0.0540941383908685,0.2220666853997643,-0.142426300231736,,0.1558761602862964,0.1535563649001324,0.1535234499794103,-0.3169418233755065,0.2100059159281793,-0.040855713034802,0.0323054867091369,0.1573774297333771,0.1197360693916606,0.0528008387355526,0.0677625282919477,-0.1387199501674814,0.0505725077238125,-0.0899187618813003,0.250964627084639,-0.1647138738283679,-0.0108310170541791,0.0995785108561186,0.1450811565903883,0.2606232732599102,-0.0033505698971582,0.3369280772742687,-0.1351085136766539,0.123489862140366,-0.1145887508642607,0.9930760842497536,0.3304115924297398,-0.1791990744443999,0.1732610389816331,-0.1769711295530514,-0.005279244704007,0.1227418581765877,0.1389782812447285,0.1962728817213164,0.0315110638417562,-0.0298978415087281,-0.0036669930569296,0.3502168508187056,0.0285381065835182,0.1877082448828496,0.0155687324650516,0.0673632021021745,-0.0470669601877615,0.2021702595856791,0.0155984604760907,0.0736306346264845,-0.2158016797762799,0.0471569579174662,0.180447001222838,0.0077287400307538,,-0.0051325076616308,0.1864779245644099,0.3979997667091413,0.1734574894525866,,,0.3117325400200105,,,0.2984198873589797,,0.0804771633952156,-0.0750915624369631,-0.0004546502547915,-0.0219633220381838,0.0959303692376514,,-0.1349834333403909,0.0712996221267121,,0.1982756812424793,0.1932858763438004,0.1258240242410158,0.2755674834707409,0.1151429608514811,0.0501354015251404,0.0204901206233182,-0.0528008387355526,0.0233246246456324,,,,0.0091551602785038,,,-0.0335635951259803,,-0.0648565312475399,,0.0501354015251403,-0.0094738544190728,-0.0872009819002363,,,
PANAS_Q17,0.24514516892273,0.3186221298635272,,,0.1632375289228107,0.0340970957330729,0.0470445044310182,0.0224995455974434,0.2783794441820441,,,,0.2867212439971212,0.2530251939438467,-0.0223852059364474,0.1623863451610486,0.016625486562375,,0.1197154807391672,0.3102863870298058,0.3056538592748141,-0.0212805773724199,0.3539038085770339,0.0134301304797301,-0.0020762891437949,0.2275621957775696,0.2461652352110748,-0.0414855626323846,0.3166678883815557,-0.1371696957619678,0.2783983031970466,-0.1742831613129795,0.3158408659561121,-0.0565158497096493,-0.1127441927145487,-0.1317047998488356,0.3720964471393453,0.2667102721880094,-0.1714802153792857,0.2093880010807171,-0.1351789489301821,0.2222821367231187,-0.0824949722906849,0.3315032388024647,0.949264831947766,-0.1378503243962371,0.402964035881459,-0.162250747782227,0.0530761504947931,0.2174252729039522,0.2347382389307854,0.3376495181126893,-0.0064104879322672,0.1108745066147333,-0.1626111866457097,0.4053035851735031,0.0731780815686206,0.1623863451610486,0.0222309419487583,-0.0009160897690153,-0.1163130248879294,0.4254833232209332,0.1439553402554888,0.144798738280367,-0.1679910276289853,0.099288162047019,0.2845457152315654,-0.0585585852927617,,-0.1219556625087851,0.2741124560680236,0.3848129263878492,0.2116271736766206,,,0.3970151909892038,,,0.3894570057602236,,0.2250777250464481,-0.1415984650809576,0.0701892491102434,-0.1185738333457504,0.0876561926691642,,-0.1800472421330057,0.2129949330752325,,0.3564543628208225,0.1133560068022674,0.2852811415741273,0.3656404849642465,0.0727070792942738,0.0920435956259052,0.0224995455974434,0.0011853017894966,0.0031567267017256,,,,-0.0920435956259052,,,0.1055396317095438,,-0.1304101327393252,,0.0224995455974434,-0.1338921142439618,-0.0726782709178806,,,
PANAS_Q18,0.0811777550743127,-0.0164720946757335,,,0.1216404969889489,0.3071325282090216,-0.0543207560640171,0.0543207560640172,-0.004866341844082,,,,-0.0850463383153034,-0.2868352886057187,0.2095123773308752,-0.0944354249285243,0.2630259013044399,,-0.0431090761721912,-0.0287723710042491,-0.0275804037551969,0.2110312636875391,-0.1302900839052829,0.4822514766053728,-0.0955920430797111,-0.0289684689844358,0.1068617917458483,-0.111881326722549,-0.0414140174058445,0.4713422781468415,-0.0221790573083779,0.5567358155711077,-0.2716733820296323,0.3648441063520988,0.3285896245416111,0.15794782570315,-0.0917077890879683,-0.0640006292083665,0.5343601590373739,-0.0358689317927082,0.3290250003766908,-0.0913793703444332,0.598717388409011,-0.1346149326462011,-0.1669296661451457,0.8632218181347887,-0.1553367325376924,0.2101824284001102,-0.1055441728915897,-0.2266804210890965,-0.1103449434033261,-0.2652947834318699,0.3443797901331777,0.0103024616448598,0.6125853164069843,-0.342220397613456,0.144543713125004,-0.1632076754788822,-0.0525021296039805,0.0995629174072346,-0.1102110477296629,-0.1907921163131847,0.1145094719705866,-0.3503454542377857,-0.0113314533984361,-0.1453371148325237,-0.2467221878917919,-0.0572916075713559,,0.0771324977765155,-0.3031706726303054,-0.0239459514180746,0.0100928636668814,,,-0.3280768563484845,,,-0.0768838823668888,,0.0841759908634048,0.2080166104783363,0.1574032407263063,0.0103882899286238,0.0857596570424946,,0.0317423290663833,-0.1644557535350977,,-0.1585629018652838,-0.2418020236762737,-0.1710135333393206,-0.3088468659546713,-0.1680173760112078,0.0543207560640171,0.0543207560640171,0.1462674519977279,0.1625061075487606,,,,0.1236942517602319,,,0.1540166552463606,,0.3625619568966431,,0.0543207560640172,0.1686599677651986,0.197175848270164,,,
PANAS_Q19,0.3469889368334495,0.3235264506321703,,,0.2068409937343489,0.022201800252722,0.0476132591580962,0.0947032956880815,0.3801328198405569,,,,0.3896605739737726,0.2345337912905611,0.0322005819924151,0.2064816718169316,0.0473782144939523,,0.1234038772826597,0.3823137650126136,0.4422579031805798,0.0444665327506189,0.5171140560648999,-0.028420675443823,-0.0246085958939573,0.3135886596921491,0.2371235145199305,-0.0827745909045848,0.4471323284089163,-0.0875007932286364,0.4288914052734718,-0.1179657505619299,0.3800905894320621,-0.0133813486011391,0.0175467210299828,-0.0849630447605744,0.5219522393884519,0.2134149686193805,-0.0438651355994378,0.240397628201935,-0.072075505554903,0.4002602398371508,-0.0641281992564935,0.2854605486046165,0.4482122556904583,-0.0548831691553904,0.8501335172831146,-0.0176995016147738,-0.0274557777913606,0.2326093309263675,0.2246192162725973,0.403970572900486,0.0035871092557574,0.1415952353091433,-0.1043459491190838,0.529390842994147,0.1298897529109287,0.2064816718169315,0.1112976123698841,-0.0002343384153689,-0.1470412190172656,0.5694807760920937,0.0717968899642434,0.0370399365037365,-0.185130568877927,0.2633813269258579,0.3172102357394054,-0.2079263673434135,,0.1174343786277377,0.2987251279208092,0.4361503144971008,0.2736083567427873,,,0.4799864159282041,,,0.3878538334335524,,0.2349353940836865,-0.2341448150333586,0.1531208904299578,-0.1346864362956058,0.0590752111594292,,-0.2518454648325671,0.1965461086247814,,0.4737019115451804,0.2319743580164832,0.2776931701302141,0.5600040805929909,0.1545890400255794,0.0947032956880815,-0.0120341204465517,-0.0409324900077618,-0.0495266562594663,,,,-0.0947032956880815,,,0.0197123459539661,,0.0778383422726822,,0.0947032956880815,-0.1125157528924276,-0.0211247975552228,,,
PANAS_Q20,-0.0011563081533737,-0.0818876261567077,,,0.0057747278824467,0.1205130029967452,-0.0795225443022137,0.0106367734416973,-0.0370424276720304,,,,-0.0896313040968907,-0.2820569206788824,0.0432667618613843,-0.0584105867441006,0.1261833246447505,,-0.0214269991573836,-0.010825878348917,0.0134941942371306,0.0944416660532983,-0.0705939286391355,0.3270725345092747,-0.0841506786792951,-0.0634979086391085,0.0093712752462928,-0.1411833780096102,-0.0681486335946155,0.451104073887363,-0.0346696363054538,0.4491895203202459,-0.164269490750267,0.3621302156242591,0.5364824962109707,0.2272400119232465,-0.0739996041892717,-0.0500235151396386,0.3999485595594008,0.0659149993101312,0.4286295905528248,-0.0004022365392214,0.48435803565318,-0.0250784523568862,-0.1693580216661639,0.5041068681745229,-0.0992622335157646,0.360469946590036,-0.1130335637662672,-0.2147483315639162,-0.1614696461827811,-0.1745658279944737,0.2737362775472552,-0.0218402004722949,0.4481703796259947,-0.2413570051494083,0.0959877674638251,-0.0983293796948428,-0.0306714271264481,0.0142918396436657,-0.1156294822425954,-0.1580773207013904,0.0292753190264762,-0.4325674071944421,-0.085673968907227,-0.1074474927713252,-0.1726780337651045,-0.1265497455820924,,0.1629278325420694,-0.268728238854354,0.0573234952768363,0.0399080895418493,,,-0.2112416309287023,,,-0.0860196431929055,,0.0856596590769891,0.0588583285061587,0.1442062365998843,-0.093331960364938,0.0304727516379402,,0.0074156988258685,-0.2368657682294254,,-0.0925759304781278,-0.1684245289219213,-0.1461865875266832,-0.1551650377391538,-0.1601064441835784,0.0106367734416973,0.0795225443022137,0.1411833780096102,0.0792134384072959,,,,0.1271347682793351,,,0.0954140681648609,,0.3337039354444143,,0.0106367734416973,0.1671314814963894,0.3024242833332703,,,
POM_Q1,0.3228389609603076,0.3140124469646936,,0.6263406032108244,0.6188843083943618,0.0125746380257206,0.4729854836902362,,0.7366321666521303,-0.0547720114488832,0.533732953778159,-0.3162979502622296,0.5551998773770972,0.4065941520375266,0.046544670920273,,-0.4103200143183402,0.3178617992774631,0.0547384690534294,,0.7266104840578148,0.2187060851740392,0.5416171777515688,-0.1692724534860402,,0.3200340032974677,-0.0127596761029168,,0.3589103921413972,-0.2388479070366153,-0.4184830444117846,-0.416545268136417,0.3264120621442505,-0.2469413579609874,-0.1233123753672187,-0.1464547207921628,,-0.2918809350751267,-0.4918330144168443,-0.1918455908347505,-0.1835174433795655,0.3948121911766224,-0.3305312693921888,,0.4445574675988056,-0.4832804106419978,0.6839832877362889,-0.3564011563397937,1.0,0.8450835031375484,0.7673110021539069,0.5146529217489687,-0.5339532671229744,0.5711416847725681,-0.5440599015651388,0.024034882540079,-0.1854103167242194,0.6333621205420847,-0.5152010831367335,0.1076139237976835,0.3337412213567502,0.2367116779824707,-0.1481676186424023,0.3307761780278807,-0.164215519488783,0.1459559623999848,0.2004034598017313,0.2124952761451957,0.0547384690534295,,0.5458644528899169,0.0172095679028098,0.1723690733508829,0.6363213214685446,-0.1550776085946808,0.0580535199419009,-0.0076972256548903,0.0686347552235407,0.0678482481879131,0.2296140267951245,,0.4455989890982731,,0.0201030218733655,0.1147178882562933,0.1180549760650699,0.4495102950695757,0.2428532703000187,0.0247134600287233,0.5168708158463748,0.4631238701550085,0.367099234486417,0.4960034871230347,0.5967355278103756,0.2691426627580167,,,,,,,,,-0.022517912023579,,,,,,,,,,-0.0131464895280365
POM_Q2,0.3388297762333449,0.3464640209194508,,0.6203669583052672,0.6965213641988612,-0.0303049872685175,0.5269692247714022,,0.6598274726841044,-0.0657916714864541,0.5571511070609118,-0.327060134767227,0.5491483448291494,0.3350155669001701,0.1359011561431218,,-0.3949515905650299,0.3573187670472066,0.1202123448931547,,0.6734457074326003,0.2384456996970429,0.5966431673033629,-0.1703204633393273,,0.4260223841233435,0.0173985383322846,,0.4465290263567062,-0.2598909213133688,-0.4603606193509127,-0.4532534431265146,0.3177197096702761,-0.2665951353840627,-0.1331266648770421,-0.1581108828412214,,-0.3218097401985673,-0.5166828832087349,-0.1833585826265799,-0.2006111727813838,0.463496106578983,-0.3733787740162598,,0.5279057872769514,-0.506410911210657,0.7345225957072219,-0.3606903795163721,0.8420162447581447,0.9964192158966472,0.7954003135900753,0.6055622996054772,-0.5396572132170594,0.5519242970086867,-0.6053334637054815,-0.0612683583992134,-0.2387528678039353,0.6761889389071742,-0.5794698089218195,0.1830703548117468,0.3545621374493996,0.2225308483629716,-0.1606904164631514,0.3882757563011453,-0.1915451668431252,0.116621565218688,0.2083133871338479,0.173024558944196,0.0590950405736443,,0.5223290748291423,0.0217817658015765,0.1551961879156767,0.5696978914482121,-0.1421371998078191,0.0651101694800667,0.0130945987952973,0.0112773366216301,0.0009998190402136,0.1835350830188775,,0.3613723108447849,,0.0040671017739833,0.1540026834486793,0.0681982524493455,0.4137158269651799,0.1890271919179743,0.0049998531443303,0.4553742535493196,0.4334498222865242,0.4608062188155107,0.4487585661268751,0.5885741843948256,0.2708089950920819,,,,,,,,,-0.0045556653379976,,,,,,,,,,0.0216167982624592
POM_Q3,0.2680275152260389,0.3586950603888289,,0.6137559243502458,0.5725364244551286,-0.0646190208462277,0.5102394222810919,,0.5468976520625,-0.0688582472491089,0.4754046450137089,-0.3113738829448315,0.5290298739068036,0.3231868442242812,0.1316599573865045,,-0.392538129496174,0.3645561212036558,0.1193496118508855,,0.6159795750724915,0.1544032328217825,0.5983550561667874,-0.16909811723479,,0.4104545829308113,0.0313235155972205,,0.4965976124459272,-0.2232228072811557,-0.4472757482801529,-0.4502580584768663,0.3485607778063721,-0.2143220180216533,-0.1351700253840073,-0.1605377259835593,,-0.292735868237209,-0.5255797964597835,-0.1788371601503712,-0.1707845077570667,0.4922714820434246,-0.3885140634364575,,0.5730736347676245,-0.5126191690113032,0.6968725320731781,-0.3564454174499474,0.7673110021539069,0.8035711060566262,1.0,0.6968028572909397,-0.5511650816412614,0.6159331407699185,-0.5553087777515751,0.0112692720837632,-0.1411045931802783,0.6164943155328676,-0.5302888717454852,0.166441629078903,0.3311549909366459,0.2494738219533375,-0.1068022166705361,0.342017782147466,-0.1259651199302957,0.1071284236790384,0.1715091384299281,0.1513251662939637,0.0600020900530046,,0.5282412203599745,0.0344132943587156,0.1900002211443783,0.5354600856445896,-0.0680670283581722,0.066861855977975,0.0017974672716405,-0.0036502590574313,0.0846663100063272,0.1114198852548944,,0.3467180548769205,,-0.0013164433754245,0.1756915728323224,0.0582500368284866,0.4056043257476153,0.1850559100030966,-0.0016183572272652,0.5565397679741887,0.4675892473161954,0.4265827936292051,0.492997605878557,0.5727687750185353,0.2688654686729165,,,,,,,,,0.0014745820950982,,,,,,,,,,0.0480079463668791
POM_Q4,0.3747300299254254,0.3824760105937074,,0.557872103530241,0.5201211400776772,-0.006467118207429,0.458227446739244,,0.4246076965614954,-0.0322766417482652,0.4036045778214967,-0.3046053677145137,0.5114815769485811,0.213993510032065,0.120287277183123,,-0.3739083634091183,0.3556535996414783,0.12050800284854,,0.4692087321856352,0.11855037883817,0.571565331284552,-0.1300015481068222,,0.4411068167993621,0.0678906321947788,,0.5336413777023454,-0.2521804239545719,-0.4325004556897681,-0.4230330981661718,0.3772083632561134,-0.2159528916959976,-0.1419290560591637,-0.168565241043648,,-0.3184540473601368,-0.4824535582688982,-0.1574407563988414,-0.1834178513931358,0.4741826457741971,-0.4004754335606528,,0.5780364055619717,-0.4639497093432477,0.5983012501830434,-0.3395286028759886,0.5786414970645032,0.6891387189396643,0.726681881206654,0.939622885664799,-0.507643654308683,0.5278120812679788,-0.5465055747832921,-0.0823538583118195,-0.1804023461142474,0.5850108958249387,-0.5397240373646286,0.197921390407655,0.4053089115119709,0.1923064375220736,-0.1690539393559022,0.3659364305225211,-0.2343784094619493,0.1214889547651135,0.0815583344662736,0.1358996219231257,0.0630024295594121,,0.4408055071658966,-0.0223778558484695,0.2119697087029395,0.3956966602845643,-0.0963105727847569,0.071541419394312,0.0677319961726793,-0.0192006792458825,0.1463004607039048,0.0779493491151861,,0.2808100521767021,,-0.0110550732731597,0.189577630540157,0.0221762568823333,0.2931088262437149,0.1376828028638958,-0.0135904498921535,0.4456024380516877,0.4609525168083541,0.329652456324033,0.4324792911240439,0.5137859107369528,0.2714750401131656,,,,,,,,,0.0123830720051619,,,,,,,,,,0.0869223181734567
POM_Q5,-0.2061908564508378,-0.2281352650741213,,-0.3542110468639705,-0.3650204393008447,0.0703466155874764,-0.2611835380579883,,-0.3962091422900211,-0.0971523876491307,-0.2773056772637636,0.2072874771293595,-0.3538879970609647,-0.1459214997633902,0.0710127784760347,,0.2641949916230307,-0.220200914750725,-0.0748216142193699,,-0.3555749653226444,-0.0079247903008796,-0.3727588152616378,0.0030288431959928,,-0.2228355478192327,0.166994198183282,,-0.2553858560859918,0.3132892439683915,0.4165289264001823,0.5475096990045834,-0.1973678269682461,0.3375423416049434,0.1685547867477692,0.2001878899649314,,0.2830021545595452,0.5112450435718596,0.0808640639311903,0.2759519790727109,-0.2824124373118803,0.4520804024433436,,-0.3520877931586926,0.4968111082959433,-0.3995354360990908,0.5002950612754873,-0.5339532671229744,-0.5413863588976576,-0.5511650816412614,-0.4875807952849463,1.0,-0.551878530507808,0.5906908090036487,-0.0717583345274488,-0.0593872609624408,-0.4021209863075455,0.6268929420724847,0.049823490097082,-0.1479569256319912,-0.1181248846437237,0.1455421206976132,-0.2144147949469207,0.1130990462580686,0.0707661271055968,-0.0842416764336959,-0.030921145091392,0.0705460934068345,,-0.3342052234361121,-0.0044806919774211,-0.0783675804223515,-0.3077638578025553,0.1524465236043767,0.0306858885482157,-0.0428319200653257,-0.1424892839017176,0.0915148033741789,-0.0183668412221685,,-0.2360487170716736,,-0.0444269718217402,-0.0406208202337458,-0.1000625088445839,-0.2537380135314515,-0.1712633932921905,-0.0546158781117608,-0.3388704277073652,-0.2031227192977309,-0.2757538021556692,-0.272025658189626,-0.3000093310944345,-0.2777140772129912,,,,,,,,,0.1152593684618079,,,,,,,,,,0.0453065110587042
POM_Q6,0.4250364532950281,0.4579926198035645,,0.6108329216427613,0.6270665429778697,-0.0899654738631874,0.4206640779755213,,0.5217836784256524,-0.0306708340006644,0.4196243857497974,-0.3293649595619233,0.5595343396841868,0.3117877900989715,0.0971666601827081,,-0.3658447196079203,0.3236473373976291,0.0675373875048049,,0.5651761653404666,0.215901498807556,0.624486634567008,-0.186693924084239,,0.4961955122751025,0.0722137413650585,,0.4873203324071211,-0.2089565394559046,-0.4104428357486477,-0.4527769609043072,0.4013777287386114,-0.1979249362763837,-0.1521452065307995,-0.1315977416680071,,-0.2779514290611311,-0.5318988926299528,-0.2136700438796459,-0.1761964117601649,0.4764171446454481,-0.495957552460911,,0.5412537507085098,-0.5182682582086344,0.6236513252822431,-0.3445951195348652,0.6717840549976428,0.6920473723916208,0.7096316080131204,0.6329423059386509,-0.5934663398990877,0.8428166058837344,-0.5945651884236546,-0.0017715798052072,-0.1049047970305156,0.7235050666822591,-0.5740140799516461,0.2131605740716264,0.4396168839871881,0.2589625398587832,-0.214239971190577,0.4236236840356902,-0.1376583546045732,0.1382624494806746,0.1087290439179952,0.0989962770037607,0.0675373875048049,,0.5057861817039844,0.0700359016724003,0.246814468939869,0.4611778315015526,-0.1462474648447808,0.0759724293810863,0.1462641207052205,0.0583190748353722,0.1122503634678398,0.1425562574347041,,0.3605123303544439,,-0.0066489566860161,0.3026616005079982,0.011665855596096,0.4378775387751908,0.2031926862240372,-0.0081738320899047,0.5177530431456078,0.4722373214755498,0.4541739764650894,0.5042186878187138,0.5452039539559783,0.2968427456090424,,,,,,,,,0.0074476674525566,,,,,,,,,,0.1035670698760078
POM_Q7,-0.1939264400202391,-0.2654272473463776,,-0.4228845416173818,-0.4452004849364795,0.1084254010602229,-0.3630615190334819,,-0.399059507906653,0.0650926429284158,-0.3131112795822296,0.3236607037323358,-0.3882886500042997,-0.2113512487680604,-0.1090270176041139,,0.3046999828632661,-0.2706572382504195,-0.0768074960140215,,-0.3974095956152834,-0.1019260430234441,-0.4254869948634758,0.146482077186568,,-0.2390091224825389,0.1229086980193479,,-0.2762681527115347,0.3315538922453293,0.5725216658365193,0.5421319598889417,-0.0648533645378305,0.3591232210192782,0.1730284924529468,0.2055011873368043,,0.3571237068783782,0.8924623865115022,0.1831330026761485,0.2983576212246999,-0.2435426696683733,0.7541122165970069,,-0.3321367836675971,0.8700007068965496,-0.4397929390444655,0.5190232245096443,-0.5440599015651388,-0.6035337371136317,-0.5553087777515751,-0.5135512386590722,0.5906908090036487,-0.5183310890936115,1.0,-0.0492305229759535,-0.0225470826802686,-0.4461622906430398,0.9527651789123556,0.0777346347963599,-0.2645409227784369,-0.1786029107473278,0.1868087947580875,-0.2581901426702213,0.0476536212113653,-0.0689364093847741,-0.1690291012616659,-0.1042113076997248,-0.0768074960140215,,-0.4116136754594491,-0.0826438727707432,0.0095467973797654,-0.3300354243054537,0.1089791388421751,0.0705325261249187,-5.9631344211569064e-05,-0.1857471710854852,0.171198209447318,-0.0956597487368627,,-0.2911751192803445,,-0.0593519849568028,-0.0517665234012569,-0.251755779827761,-0.26157128935788,-0.216536426998259,-0.1167742968218401,-0.3448669902010632,-0.2241542647676662,-0.2856013148756981,-0.3045147461632258,-0.3492575090307348,-0.2688325635922884,,,,,,,,,0.1143837209650777,,,,,,,,,,0.0918370120402216
BigFive_Q1,0.0758290410740641,0.0903319842799429,,,0.0716046216853206,-0.1460087800412802,0.2870803275004174,,0.4393609073703699,-0.1507764072832257,0.1671384688385487,-0.0080236705596201,0.0345956568636548,0.1347492517350837,0.3699778327467634,-0.1342592813254483,-0.1241480247303971,0.1957043650098771,0.2336732248445877,0.4278497239855053,0.2688280462576737,0.1039567311345338,-0.1336306159222716,-0.1938979459482487,0.0687136000990656,0.3283316935517233,0.1783423824166584,,0.3150372480536994,-0.2024205174995727,0.1434317317809937,-0.1973539812537605,0.4356261987945142,-0.0003978546215295,-0.2065182853419294,-0.1638679981738574,0.3946566008284704,0.1304052527812856,-0.1846021603868514,0.2847350488180244,-0.2461088864318754,0.4430806325675247,-0.1583012883406873,0.2659087662041178,0.2097755836950927,-0.164089880534578,0.4049008641937298,-0.2045557353817331,0.1343545410912853,0.0427976880264401,0.2219110787894613,-0.0279297067419764,-0.0640646813183916,-0.0644973469070487,-0.1944426235474053,0.9827352947090018,0.1836252786848197,0.0758134182683307,-0.1984708361025716,0.2380538129504549,-0.335767597188098,0.1974875779968097,0.1434061838007292,-0.0620097258681736,-0.1614091052434295,-0.1040517840667032,0.2197768697459797,,0.2789208303955565,0.4815386489732735,0.2751456515632814,0.2317480708713548,0.6209606606323559,-0.0341301542912128,0.1869572973135218,0.4082778008704724,-0.2469041579850963,0.1569335880767245,0.4418153278033964,,0.3758532486311987,-0.2861241812878663,0.4457892293015153,0.2784924363170995,-0.3862283439067615,0.1994168255621718,,0.2783691148690866,0.1815516620963838,0.3508649311945059,-0.054616702429246,0.2461658172081432,0.3981403211317523,0.4157784093620694,0.1479386097167873,0.1032166729265007,0.1032166729265007,-0.1678277010590862,,0.0016432426882564,0.1137693801131902,-0.0442489621868429,-0.1329373291317717,0.0832170490537611,0.0598654588017635,,0.2576443892672038,0.0016432426882564,0.2158468856379202,0.1237315983569851,0.1801156903874108,0.3482814332847997,,-0.002328195629921
BigFive_Q2,-0.0844115145377302,-0.1366795134858548,,,-0.1178653294432675,0.0614776015231656,-0.196872381700864,,-0.0554553717519298,-0.1660057424097075,-0.101742819820695,0.2395783245324576,-0.2897494603772123,-0.2663866945495354,0.3639636110244943,0.0211065940864341,0.0248005767400037,-0.0174820132258566,-0.0298369886545303,-0.1444406676018394,-0.1228504153496941,-0.1849814423731545,-0.0663427953815995,-0.0764593582667694,-0.1111858430444783,0.0332870162951228,0.1938705351757245,,-0.0342268596147613,-0.0974356147184104,0.0622129271413513,0.0598158537459886,0.0172132798906503,0.0084602977265323,-0.0194660712079097,0.1094770924581148,0.1136880729588627,0.0246858268521594,0.0513954767756287,0.1970893407221317,0.0620286778935387,-0.0392612825340051,0.0779345227242428,0.3812245118679965,-0.0085899866195564,0.0839635706108401,-0.0236610008585811,0.0491202536079164,-0.3043277458975375,-0.2858238236417738,-0.1248682945648429,-0.2666697175590449,0.1628898213113893,-0.3000456603444693,0.0409520941594788,0.1330941071392143,0.9830136680177924,-0.0050500909269222,0.0955268757885032,0.0971332094779379,-0.1250172820704478,-0.2273489915404173,0.1053623183565937,-0.2664268239936985,-0.1658848162060213,-0.0781377189990124,-0.0410246840917865,,-0.1090818266817466,0.3083208574817746,-0.2724916194943406,-0.0454578825013176,0.155425807880054,0.149976835082141,-0.0434093653964168,0.050810540826681,0.0610617634903447,0.0986902018894094,-0.1388472192466431,,-0.2123515960336818,0.0883437077020083,0.3648429645218047,-0.1535773414004677,-0.0913731073308809,-0.1166903901377403,,-0.1939241340109691,-0.1066689618435546,-0.0597550445508941,0.0077574699680392,-0.0525414267247271,-0.0067579493865674,0.0307764634172431,0.0423324968951331,0.1025256984515178,-0.0300170295846649,0.0477924203179597,,0.0024762913256433,-0.0561566822294662,-0.0437805566462603,-0.1149135505119695,-0.1341555747414589,0.001564413282522,,0.1897502831964272,0.0024762913256433,0.0970271874989959,-0.1067426443929981,0.1480712033263659,0.1422687325643448,,-0.083034120799138
BigFive_Q3,0.0347493891841189,-0.002691551148261,,,-0.002691551148261,-0.153953874614789,0.2011447787003651,,0.2000273014765814,-0.0749498339896805,0.2129817053710457,0.0009425072362525,0.1045390786432713,0.2587905612833915,0.0784021449328247,-0.0226183848778017,-0.1531082309831427,0.0350019646212604,0.1229507228410884,0.133665306924977,0.2758281556880773,-0.0975205645149438,0.1420289508320933,-0.1487742467130337,-0.0432220294360789,0.1382427039969443,0.1308297520779514,,0.1890042663148982,-0.0634012577085863,0.0727088471585401,-0.1962631789529006,0.2499199987730122,-0.0801961085740768,-0.1498624416921135,-0.1139238432626975,0.0714331509044466,-0.1054180530862643,-0.137253537799697,-0.0075313248004445,-0.0461561470670928,0.269354468994342,-0.1915399192552723,0.1968162852690665,0.1259946231249656,-0.1398228715345744,0.2568301274513812,-0.2100098913923359,0.322763901280014,0.2704929887197371,0.2155417580599939,0.2272175461952673,-0.2642497470672232,0.2111740797977321,-0.1934744589110668,0.0678364637691862,0.0027073690387898,0.994833467628547,-0.1791777225008909,0.0999982086539302,0.0937953334482776,-0.1071318836326424,-0.3899117228831089,0.178186021437106,0.0293689688804641,-0.1035841029047868,0.4997973457377099,,0.1194681775910654,0.1551627416325487,0.385007027716893,0.0242744375963259,0.2630332020538788,0.0816949340292888,0.3137373465705771,0.3132376306742036,-0.0774551930345256,0.2455077206010225,0.212805587405607,,0.2711992695299572,-0.0619893625790345,0.075431846799554,0.4258263898476837,-0.1612726696493428,0.2086555005596717,,0.4707384109266548,0.4495376551238172,0.2838194829139152,-0.0825514784297856,0.2566645943464358,0.5076151438538232,0.1578098404595223,0.1137626808094127,-0.0824826131172533,0.0786903090658853,-0.1234015617326389,,0.0582163067275452,-0.0696436284642293,-0.1381444238587129,0.0014729120739216,0.207625288841137,-0.0494607864462477,,0.0623189071176464,0.0582163067275452,0.1080191489117738,0.0181591884104687,0.0435663008676767,0.1046587014056676,,0.1753940623757685
BigFive_Q4,-0.1212512465473268,-0.0579938514318284,,,0.0224874117796885,0.6853432594715685,-0.3551383306090382,,-0.2575495869692403,0.0440960909131454,-0.0996180135232766,0.3063584657142288,-0.3543478566781733,-0.4110587457042666,-0.0113708825124025,0.0563403433643287,0.3319594557931291,-0.0012173919487142,0.1412081167422106,-0.220818745952983,-0.2425782315308513,-0.071795338027967,0.0610704030169897,0.1874696728863851,-0.0581172080879989,-0.2547534103880984,-0.0029441856621521,,-0.1679430901107167,0.4273583581287019,-0.0355616020922837,0.5054057642253846,-0.2950063933492782,0.211016485127273,0.3974752132832729,0.4813529996923232,-0.1323406321487869,0.0361695087944581,0.4548430976530361,-0.0506301411253126,0.4458978035071202,-0.3275018557224406,0.6876508506462575,-0.1394251757789021,-0.1457259546992594,0.7079217204624435,-0.3351176755677276,0.5956595761742409,-0.3674380472638937,-0.4221675915910512,-0.1616067715639253,-0.3433448109771246,0.6583580017627396,-0.3862302583714123,0.847758345515573,-0.1900194845578872,0.0829100682135357,-0.1759577024500022,1.0,-0.1823865203325247,0.0868869010314284,0.0067414587698786,0.0425147808117504,-0.370576538252265,0.0724028043971714,0.0222682716491745,-0.1965235355707052,,-0.0987292319556052,-0.0708991035569507,-0.3896255961910566,-0.1396918505590429,-0.2233590087021147,0.0193778089826068,-0.1307956902112001,-0.226997575674936,0.0802440650926486,-0.0790710187132996,-0.1963784358106184,,-0.2479531733055955,0.0254031188490709,-0.0177387895301634,-0.2097447823377974,0.1162359321441424,-0.1733956434598144,,-0.2989442421721092,-0.2046611878554981,-0.1679060011648441,-0.0016996712848161,-0.0939712507330619,-0.2007027170312718,-0.0789532680825284,-0.2222410932751153,0.1575862035327844,-0.069204523244556,0.5991363987333835,,-0.1112244922193784,0.1063229487410536,0.1378186416286613,-0.0290256305290577,-0.1893671578104334,0.0940608517309876,,0.0513378512192841,-0.1112244922193784,0.0015026029053077,-0.0389132423768405,0.0276446872349613,-0.0354600587239406,,-0.069204523244556
BigFive_Q5,0.1506559340376086,0.1837374206527083,,,0.1612659375512979,-0.1080789302625313,0.1828106575904617,,0.2842489580766146,0.0399315865145885,0.2830081141108915,-0.1414549732852488,-0.0507091925397058,0.1075437557896124,0.0046835520034268,-0.1849141274060394,-0.0180261201248954,-0.0532206153276499,0.1787950067711169,0.3444927080133765,0.3080184955336507,0.0244530526498211,0.0027311472367308,0.0136415102996415,0.1143793325818678,0.5290732981399622,0.0655015339984068,,0.590599184684937,-0.0103445488652563,0.1480536643421302,-0.0301787150903032,0.1852991182260313,-0.067153819758714,-0.0131578955538501,-0.1982834419001854,0.0670233598080612,0.0724344054972755,-0.0312141427451671,0.0569226869860106,-0.1358921371484721,0.4267712702641956,-0.0858424779600959,0.1831539955375784,0.1577842319367414,-0.1206485661615008,0.4306358120954267,-0.0843257149438361,0.2457274651455467,0.1499381117388147,0.2153828983095886,0.0231548728246016,-0.0861221449310004,-0.0201003848990754,-0.2190563924098969,0.2322158958945976,0.0896543971294168,0.102914452506722,-0.1823865203325247,1.0,-0.1816494499677673,-0.0459028695530109,0.1296954570182865,-0.0432802701406675,-0.4023036092053386,-0.0758674002668513,0.1356203219326013,,0.0864643034365506,0.2360612243207191,0.2374916163951836,0.1316543566546311,0.2369638283753568,0.1258577771645255,0.1888890613269835,0.4523390711592523,0.1324001149077758,0.1561519161600438,0.2646462218813905,,0.3059393251705225,0.0669442486551519,0.1791686162816187,0.2935637437977473,-0.1082943785061616,0.2630483672677331,,0.2614913364637164,0.1945586092867732,0.3431839652770198,-0.0251297045098754,0.2012487356914815,0.2826752333367355,0.1260009012255747,-0.0784642485001214,0.0819475557425326,0.0186244444869392,-0.1416574692600187,,0.0092016054333576,-0.0811390925737765,0.0439781406835517,-0.1602117705326178,0.0778375453644343,0.0199308842376874,,-0.0193705931465457,0.0092016054333576,-0.0085774163220881,-0.058784674378951,0.0140833870997002,-0.0557598031539378,,0.0502860001147358
BigFive_Q6,-0.0208224096228486,-0.0051328701227743,,,-0.0051328701227743,0.0884916499866343,-0.138312168624957,,-0.2748226546445419,0.1908847245437577,-0.0256327520416651,-0.0735731657502454,0.2045176685704683,-0.0408571980426998,-0.1890557099220098,0.0393170400202207,0.1042964745178903,-0.1633338197509923,-0.0793223250996666,-0.1617688371685424,-0.2092706042600761,-0.0333016543283624,0.0465454421531439,0.1425347726622541,-0.0373905507431389,-0.2613940126965849,-0.0027806937396581,,-0.1572891019458989,0.1636209715035339,-0.1355606099784176,0.0706840218568585,-0.2359611916215001,0.0857542511874773,0.0869512845118939,0.0700914270243266,-0.2169799769435049,-0.0631052957337013,0.0563676011216533,-0.2143821207191471,0.1464296086856958,-0.2053518638572934,0.0564693694883827,-0.1795162768032629,-0.0967261152364728,0.0663230685130709,-0.1476192983874784,0.095557624260492,0.0173615494075131,0.0937940144239916,-0.1286955336941384,0.1706786924684744,0.0202745257122646,0.2679869740423573,0.1582360858348584,-0.526533704758593,-0.2839259662614076,0.0698848408465713,0.1292077847712115,-0.2158787534356262,0.7623246628640006,-0.0278242948776129,-0.1744870345622427,0.2798143516467941,0.3290736163850822,0.092672168413799,-0.0395899804951032,,-0.1378743221298678,-0.3310650172924501,-0.1392067505631488,-0.1989218189875681,-0.3398278571937561,-0.0749883350644283,-0.0883597188082322,-0.2128531937987904,0.1716144526493936,-0.0372666856066871,-0.1968541723203933,,-0.1543780036658665,0.1004041786820405,-0.3230899064646713,-0.0454124876231001,0.2807798655868275,-0.1446191442763095,,-0.0761969118186492,-0.0901396232843482,-0.1624698033398156,-0.0198515910151889,-0.0753146174094898,-0.1549730730990862,-0.2628340347300177,-0.0798300451889976,-0.0445975767820606,-0.1538817288966598,0.0949502495378125,,0.0700434412888747,-0.0709100052636077,0.0728900950432479,0.1385949384449925,-0.004509764839643,-0.0410256775751023,,-0.2249846693315719,0.0700434412888747,-0.2036224948696587,-0.0842178653304349,-0.1572837241226029,-0.2162119024149407,,-0.0172765387534108
BigFive_Q7,0.1001679333913616,0.1914587341575535,,,0.1914587341575535,0.0451132308477418,0.0376712814750402,,0.0873912401570687,-0.0722967786172756,0.1499362202301867,-0.0067043586559311,0.0750933702026355,0.0786620408545341,0.0081535058769188,-0.1421051066706545,-0.0128346100945114,-0.0105500122644825,0.1419786100436227,0.1690824657179362,0.110514353983896,0.4658134068187648,-0.134029723882058,-0.0760903323665966,0.05717087623846,0.1071575931549845,-0.0071440710328985,,0.2100060434137526,0.0599327098758811,0.091151706461265,0.0334524785444467,0.1214143534006692,-0.031692269183133,0.0251190481971454,0.0384943391683386,0.1126644697116831,0.0420332225400035,-0.0025154468851149,0.1021514261913841,-0.0187019769300013,0.1858090890943344,0.022593978411313,0.0333700797931715,0.0669180588391145,0.0360364233981057,0.1402820834121063,0.0198543442597395,0.1382525259182364,0.0048174864073001,0.0427477194228546,-0.0145160211483316,-0.0202421021646232,0.040092958075094,0.0601562122447802,0.2157531152181269,-0.1874254142066743,-0.0612422756976695,0.0455467205346097,0.008478183368206,-0.0036300137543536,0.873883993716366,0.0685695451326789,0.036208831039802,-0.0505146373468816,0.0136449483261378,0.1428733307116331,,0.1796624109719605,-0.0509871918265957,0.1408186241730435,0.1360729818721999,0.0248745531380697,0.0120564828897274,0.1512534786146542,0.2741951323891421,-0.0331732147151026,0.1289623641679293,0.2010159613733464,,0.1994293729043087,-0.1731480531423837,-0.0023691765769628,0.2192928467248402,-0.0669799945458358,0.1657354589924911,,0.0210532190669821,0.1121540662822527,0.173100608819492,-0.0016366091206824,0.1240666180265779,0.1613608959513318,0.0076939849924689,-0.0304750852282979,-0.0168599279100776,-0.0505797837302329,0.012259709506244,,-0.0118997531421815,0.1340361588130678,-0.0097101377952298,-0.0281334900166232,0.020132303688491,-0.0225532412300379,,0.0140283079800949,-0.0118997531421815,0.084399728204875,0.0136449483261378,0.0490349971134352,0.1113082773774518,,-0.0505797837302329
BigFive_Q8,-0.0034502510766264,0.0166895376323023,,,0.0963308400180261,0.0840666479034862,-0.1473231295212111,,-0.0295807372118387,0.0227024469870942,-0.0549518347742704,-0.0619692102079143,-0.2252315886998775,-0.1998762657346216,0.0424351876876289,-0.0253125029037649,0.0572241501403764,-0.0711195199604563,0.0877392858861184,-0.0008255967398348,-0.0880933246483157,0.1212733797073006,-0.0807949465549314,0.0721999417848684,-0.0378482281997051,0.0421994384176235,0.0205981480991331,,-0.0398430625151612,0.0865685500269261,-0.0923955971650316,0.1153466301866242,-0.1152777418270504,0.0355660856754564,0.0526504442564868,0.1265478509592201,0.0243177851124071,0.0758009107764081,0.0407564843718792,0.0747915488889944,0.0197537830407602,-0.0433102405804132,0.1090705144851185,3.499409034587314e-05,-0.0870368399126212,0.060706558456531,-0.0202158935324048,0.0966350544994869,-0.1583304535380865,-0.1429866685751382,-0.0399219210147762,-0.1246364898331064,0.1331836384189028,-0.2272090950622512,0.1196387334809968,0.0736654387114971,0.080845642914565,-0.4180303166203774,0.1382648827214679,0.0753568397719478,-0.113315180917384,0.0606119389264424,0.932451641407954,-0.1800263249726761,-0.0122260186328994,-0.1367225186881647,-0.1928464494143195,,-0.0873848023301353,0.0521790324358894,-0.2826047802234301,-0.1007477319603521,-0.0504746969951568,-0.0244857254401517,-0.0995612046592386,-0.1009776743203448,0.0313567760828659,-0.0967043040892691,-0.0509255925996608,,-0.2093394886851377,0.0344588225218867,0.0974088702885735,-0.1248906200467392,0.021678521769766,-0.0790375448792521,,-0.1649442314207453,-0.1349529168423944,-0.0254506315915257,0.1219601135013233,-0.0493712441099759,-0.0913328786588768,-0.0569967031482518,-0.0586515025048615,0.0678634391005481,-0.0443484480444311,0.0927842685911986,,-0.0676978939604277,0.0454568620600573,0.0093850531716275,-0.0356659948308573,-0.0484240645334708,-0.0427685884183854,,-0.0173344840192016,-0.0676978939604277,-0.0873565882896924,-0.0156365599313692,-0.0447537297256578,-0.0058588851892882,,-0.072401419830676
BigFive_Q9,0.144777967581172,0.0866375372679569,,,0.0663225285292636,-0.1405772079003606,0.1136704437552756,,0.1175763656490391,0.1178789298979546,0.0489889485422681,-0.127796565031542,0.7712593179985356,0.3285616283921624,-0.1535266652952328,-0.0371018647186837,-0.0594629828439312,-0.0736625197973561,0.0027569656235331,0.1089790051792577,0.1687311886229564,-0.0273617769919434,-0.064227862315373,-0.0159137835395116,-0.025533545013508,0.1288418942345809,0.0392987619727804,,0.0830449294589896,-0.0092583165806492,-0.024189998215642,-0.111914407397468,0.0980372719575631,-0.0164721023987239,-0.0649583060655555,-0.1581474952030182,-0.0885388949427463,-0.0908789873971664,-0.1060293860301207,-0.1646383320444815,-0.0546293809109822,0.1837306037560669,-0.1835331941081421,-0.0174956241368594,0.0935011078353572,-0.1777240691238554,0.159668661959268,-0.1593893467682787,0.4459601391395006,0.6398601013403258,0.2759432177559413,0.8394726457149865,-0.2555482073413151,0.9653712637803528,-0.2227158929777141,-0.0718832246425215,-0.2761648702213737,0.196373541388246,-0.3608965466135982,-0.0311152317719962,0.1996982346396135,0.083932760789069,-0.2012732057985499,0.9819966546219016,0.1750160887589834,-0.0584804586241817,0.2332657250062592,,0.0911213662567765,-0.0528651870616361,0.2509489278926164,-0.1182001344289568,0.0141652553077351,-0.0237793853974294,0.183968467901152,0.1126209969347203,0.0185447017448317,0.1346961416840446,0.1376444064568219,,0.239623084330181,-0.0904917322807498,-0.0934915388258186,0.293132596643386,-0.0615687513738158,0.2025372653874872,,0.2898134123886146,0.2912222762369967,0.2475482300461566,-0.0264363898710781,0.1897611149378591,0.2037089551627486,0.0092203089287305,-0.0158607517489623,-0.0391463759025334,-0.1250158456242198,-0.2285183425753283,,0.0276295493157329,-0.0076297396825715,0.0390305048855573,-0.0216771183263091,0.0252319078739144,-0.046359374100445,,-0.204886837110734,0.0276295493157329,-0.1592157025412821,-0.0275936921275265,-0.1016101626743411,-0.1382364877129672,,-0.0677695324764289
BigFive_Q10,-0.0081173396359499,-0.1248011971437486,,,-0.1033706885433069,0.10901301935634,-0.1661279858336283,,-0.215842123186103,0.1609199568111909,-0.1854260908910081,-0.0658619273974814,0.1258876717483787,-0.1079973843585286,-0.0685449771602686,0.1040327038631763,0.0747521969187256,-0.101139944961354,0.0518517431269259,-0.158955347193058,-0.2543443140132488,-0.0131623685642722,0.023578745845291,0.0554549672581204,-0.0956966495094402,-0.2825495067034612,0.0624672248538361,,-0.3559237259566075,0.1243033525888732,-0.0825120506034132,0.0960335898416344,-0.0836452308169807,0.0855929737528419,0.0788754432358963,0.1249639621870857,-0.130450471500418,-0.0363107229327333,0.0918661661051127,-0.0717433301193069,0.1606828120470991,-0.2859093832944576,0.0934785844519134,-0.1446372143880724,0.0017016558562725,0.1008961829178899,-0.2213664794136415,0.0875597661347134,-0.0577678400674685,0.0329884728277075,-0.194397117087179,0.1042330701959505,0.1276900241129439,0.1483721589537838,0.1943833014384233,-0.2426944325627741,-0.0900298913915204,-0.0736530851650819,0.1387502253471168,-0.4261508258899049,0.3371001481440583,-0.068543797634783,0.0259463464320976,0.1565920051926294,0.7027342985479873,-0.0804985909376045,-0.2217469673426814,,-0.0277951381392831,-0.1105881448007058,-0.1452809915066959,-0.2231824366585328,-0.1919201986211406,-0.0797008072974001,-0.2101170588572706,-0.2702780953878787,0.0616899066987289,-0.0910129535454755,-0.16300301849902,,-0.2397854545697429,0.0431701008173565,-0.1626323217557181,-0.1867835219694612,0.1638972562636015,-0.2458872075746114,,-0.1748002178460355,-0.2038297824258623,-0.0561473439285188,0.014137973902364,0.0282041850666106,-0.1775286327630204,-0.0796365156551681,-0.0454409869802971,-0.0124331768031601,-0.1030177506547551,0.0800756043974975,,0.0300869074417609,0.0666487990399322,0.0245507628268553,0.0504871572446525,-0.0627788766311004,-0.0348472686142446,,-0.1315296470367884,0.0300869074417609,-0.1714258982364016,0.0009583165587809,-0.1095141838971644,-0.0392690011133891,,-0.0728228927042234
SelfConst_Q1,0.0764110875674163,0.0052576999505679,-0.0747353319333466,,-0.0173327830725272,0.1030686714718954,0.1112494138524603,-0.0396602029944711,,0.1673297809740705,0.1709261557400902,-0.0730050424177671,0.2720979548150444,-0.0404296828181091,-0.0215601139734914,0.0799455399229873,,0.0965198319909777,0.1422374861877796,0.0638647381975871,0.1671353786873026,0.0861789115904251,0.0523332551998012,-0.0716352143495633,-0.0201449435197807,0.0320949169520265,0.0861721134106104,0.0456268451873892,0.0692665229031853,,,,-0.0730231370799941,,-0.0077008919653541,,0.0455048644883932,-0.0176647148206092,,-0.0058786051574354,,0.0396090456113062,,-0.0700783797152349,0.0221425431538596,,0.149421002313945,,,,-0.022835427911837,-0.090485480592911,0.1531407560780798,-0.0104855014451105,0.2423680804870879,-0.0423835005781312,-0.0132484884363013,-0.0170015022025156,,0.0717855220867699,0.1671353786873026,0.1001683607185522,0.2311565031422222,-0.0853073432298276,0.1726094801783242,0.9215659438044312,0.3286026854937896,0.0975383246177775,0.1453471186430259,0.1123429704243143,-0.1163962631776264,-0.0561204613065366,0.0883009849582453,0.2381777560743184,0.0792343747067899,0.0861781755792327,0.1005307590428768,0.196403910484385,0.1525243148761288,0.0715167650486847,0.0949119746177172,0.0650841191535798,0.0614231914751879,0.0418988533439479,-0.0041548757044388,-0.0109547932571862,0.0180522520985335,-0.028649962759039,0.1679675631954328,0.100385783812973,0.0626042429678666,0.0793897098580936,0.2914884029349907,0.2908999311392906,-0.1554108542446776,,-0.0649211164415397,0.0708139495278423,-0.0587555616745547,0.0285353085563687,0.1188400431388914,,-0.0788201326786592,-0.0335426901399858,-0.0688846489277177,0.0773939642518089,0.0577566897401559,0.0069319486401613,-0.0649211164415397,-0.1556949194858089,,-0.1169116370317678,-0.1175321239217387,0.0570826268982037
SelfConst_Q2,0.0151704087373093,-0.0387310644507322,-0.0997644287294638,,-0.0054521009148181,0.105380203694145,0.2103048716725767,-0.0548672546550581,,0.1134994934411599,0.2089283815606444,0.0616675885794325,0.1151462570123308,0.0322263506881932,-0.0436482577950982,0.0485414617658733,,0.124672808708827,0.2205799550014189,0.0227453889428348,0.2222742464017627,-0.0498610940984263,0.0018127563389132,0.0188171175572644,0.0449900786290665,0.0777160703324624,0.1691216151655352,-0.0258815671528487,0.1708671845130449,,,,0.0463672620335159,,0.0322263506881933,,0.0015913579534254,-0.0840002977789842,,0.0332004049436109,,-0.0442575823314343,,-0.0439160571654031,0.0892971957496548,,0.070732015949102,,,,0.0040455871924092,-0.1190141466009515,0.1879516326206819,0.1251210604143244,0.1014740120038918,-0.0714141257101641,0.093780640319661,0.1164448529526762,,0.1106650403171475,0.2835291552379119,0.1972754830358392,0.230155840569616,0.1446019268313941,0.1591836332154572,0.2970208757231497,0.9752364011193,0.1170131073440852,0.2498135402784995,0.1769366745462313,-0.0511446934186904,0.0197008295780732,0.1071055878899324,0.4394581222462997,0.1414699175828605,0.2743539645595045,0.0925222995673355,0.2179246428759793,0.2561948722273294,0.0264078935792157,0.0808505388760259,0.1352261056855116,0.0184305115915199,0.148656217045598,0.0507120269251097,0.0911183809661984,0.0508614839015321,-0.0015023732105484,0.3114649955828304,0.0894165343400571,-0.0496791130848719,0.1459713963782123,0.2125223646338152,0.0872098691156409,-0.0993280214124627,,-0.0140304721706552,-0.1337745290283382,-0.0765430815510271,-0.0227453889428348,-0.1654639121195741,,-0.126337424677116,-0.0897157593640637,-0.2493088819820642,-0.1531275848683403,0.0756202486445724,-0.1501862773934972,-0.0374432846272088,-0.1792124825704313,,-0.0780426411789803,-0.0564154179744423,0.00265437619054
SelfConst_Q3,-0.0256344721780982,-0.1488207304374439,-0.0024300556788097,,-0.0955217158762713,0.114025036058988,-0.0708770365201202,0.1112424492135492,,0.1107968154065026,-0.2045388166506933,0.0421157083985452,0.0789199383662598,-0.0034429759233388,-0.2930337149168778,-0.1298841797310941,,0.0571775300047384,0.0137646460304468,-0.0801918374007217,-0.0364508351821462,0.0987463968356626,-0.1868796046576147,0.2037610503442406,0.1381990388941699,-0.0797516227079201,0.378756560351257,-0.0298675258076193,-0.0973287134953003,,,,0.0259237827605986,,0.051644638850083,,-0.0918310151225943,-0.0753317260431022,,-0.0380085886239766,,-0.148524803737106,,-0.1539223975614682,-0.1407275313284768,,-0.1638668629604341,,,,0.0633689653613967,0.0309867833100498,0.5264639048919428,0.0200018826187268,0.3920434869646142,-0.1726478289195367,-0.0745043606498498,0.0680800138335407,,0.0436934848298356,-0.0753317260431022,0.0052302558862297,0.5577512853456184,-0.0945567033380017,-0.0351960271383527,0.0107504066267959,0.1143318026434742,1.0,0.2763337803745792,0.2054097594530831,-0.1719896220333848,-0.1315457154556651,0.2244884618188758,-0.0557339000340739,0.2075253116335894,-0.1520823454707666,-0.0773822288442824,0.2261086798555035,0.0758703492208993,-0.027632770746239,0.1987352060456091,-0.1920999433049117,0.2486875002410106,0.1857806118884886,-0.0611208617793079,-0.1949262139012997,-0.1110441982097135,-0.200741874741975,0.1533043552461107,0.1108179586893576,-0.0303993028459965,-0.0878600375121094,0.0415025497126644,0.398592092581144,-0.1037699380290478,,-0.2015527122920697,0.0747103996507708,-0.1319554198229343,-0.0753317260431022,-0.3074640764405748,,-0.0759005277332836,-0.1282780295341785,-0.2915449656535974,0.1330956121222139,0.024100831463372,0.0338093523955946,-0.1718306533365571,-0.164011002406364,,-0.172296691906938,-0.0971627381896163,-0.0433305407023564
SelfConst_Q4,0.1027960270640618,0.2037842193154916,-0.0323479811638038,,0.0327741209445767,0.0496473036292649,0.0900669558979681,0.0175904511242583,,0.09178537920099,0.0354051437341834,-0.0373752243307634,0.0710579554769015,0.0126951358016176,-0.2069339880973761,0.0130652571212492,,-0.0295982064233986,0.1466182146129524,0.0089602389139175,0.0323479811638038,0.0170141731990561,0.0282670599968022,0.3409248684421015,0.0095227026799188,0.0403262839224744,0.1788163019743094,-0.1525029124756707,0.098943056918501,,,,0.118917504514878,,0.0419584996833126,,0.0810467204319275,-0.0915766790693603,,-0.0717162602127071,,0.0761139381751228,,-0.0302673043590997,0.0358268038825051,,0.1251498199074129,,,,0.0873905966953594,0.1336216836068572,0.2735855433920076,0.1006278301975245,0.1760731280499996,0.0005263305927298,-0.0598172016183802,0.0255696282061399,,0.2131887386019023,0.1562726413969681,0.2304429400862007,0.1798768958573442,-0.1089935745532682,0.283244412807181,0.085500987656538,0.2235546027985331,0.2763337803745792,1.0,0.5226453674022836,-0.1046569856475613,-0.0361575140795979,0.1316448630900293,0.068152815348908,0.3172289570290961,0.0853923308427138,-0.1879073843794885,0.4512882774931678,0.2691007745383099,0.1275542260458384,0.5186268220023701,-0.1037710368496795,0.2579869603593508,0.0978717223542752,-0.1826764010149322,-0.092307661377602,-0.0937654392096037,-0.0461170516155911,0.4737499984322793,0.3260603225187413,-0.0510174138516143,0.1797669616175194,0.2622618793425449,0.1360048479819567,0.0648065798524825,,-0.0555510413229376,-0.2367765342354808,0.2519815660660888,0.1149644213192466,-0.1537893140131488,,0.2364958564723856,0.0771116934479254,-0.1740153400554143,-0.0847100611188814,-0.1043583197251622,-0.1691764681432371,0.2286473895204297,0.0631686731814381,,0.0323034976082434,0.1084333990971205,0.0863340761303462
SelfConst_Q5,-0.0102188368603793,0.0684772656872887,0.0260964319283333,,0.0268502833332026,0.0294226660440439,0.0009538225083712,0.0103084566867463,,-0.0170454690190524,-0.051333833984277,-0.0186655940332897,0.1648806987271811,0.0369742091087855,-0.119517768636362,-0.1015547059257961,,-0.0976491348418076,0.0326609370655939,0.0260964319283333,0.016154934050873,0.0495532783189947,-0.0792543572431997,0.2578533849101931,-0.0175171226794307,-0.0188469485439517,0.1365703286797207,-0.1380933353975775,0.1037570362001805,,,,0.2386253020700537,,0.0968372143325335,,0.1530996715327886,-0.1105991638867461,,0.0053761682310712,,0.1226932137396989,,-0.0412061321946945,0.0997963907753937,,0.0727293877892256,,,,0.0698524188522775,0.1426148065624585,0.2096823877038622,0.0639287929096057,0.0923554950284633,-0.0024225647839429,-0.1764871534132292,0.0845022031197115,,0.020501260724432,0.1429090319884921,0.2835139382794689,0.2039914322801961,-0.0638033745539377,0.1832318732921619,0.0592781100774706,0.1670795103222472,0.2054097594530831,0.5226453674022836,1.0,0.070768586540436,0.0058724109297033,0.1733408736046887,0.028205974254443,0.3966589960340871,0.1069042689336414,-0.3470773703308196,0.3810466718262263,0.2460027765997676,0.0599306857858841,0.3843204159374102,-0.150165635980464,0.3186962912662836,0.1453749507630137,-0.0170376503541068,-0.089526056636337,-0.1277302265449149,0.0157617115796339,0.5221494972151866,0.2100580314373354,0.0587701877348885,0.0491626017051913,0.1735523847920361,-0.1007449984072105,0.0033398244671125,,-0.0859712221179498,-0.1712361076780627,0.1174645824263631,-0.0683477979075396,-0.2493638923643902,,0.1749158471487463,-0.0174616314076457,-0.20443688508143,-0.0707792002939609,-0.1725463091743326,-0.1239080921104051,0.1078202619932299,-0.0565650451210624,,-0.1202842661689804,-0.0304207931230961,-0.0266652744593609
SelfConst_Q6,0.0181997275014639,-0.0389564491551674,-0.0713259190880467,,0.0217735440390828,-0.029202600503459,0.0478754774906959,-0.1266999901640729,,-0.1025103449771574,0.0449333942291287,-0.0824107759001844,0.0591506763405426,-0.035139621966519,0.0622116911739784,0.0100172866899104,,-0.19340761208075,0.0728968784486975,0.0217227619284938,0.0248015785797764,-0.0294259693991937,-0.070429896996442,0.0782416878320031,-0.1758428158953292,0.0743365022817516,0.0446298750269254,-0.1526008507319797,0.1859143079801778,,,,0.0967095450241981,,0.0307774619982614,,0.1448825685949187,0.0713259190880467,,0.0701846371467019,,0.1786877525649159,,0.187331043828894,0.3212481476296993,,0.0993655079048005,,,,0.0377645379405417,-0.1626116299278222,0.0174527393255887,0.0534994808834213,-0.0581036162137976,0.3482653187701942,-0.0277478897686099,0.0256347511905293,,0.0740966816623499,-0.0682471024367641,0.034237416221624,-0.0826766838995925,0.0232839791172603,-0.0759046194663208,-0.0222731079123922,-0.0208420129757767,-0.1118526004668906,-0.0336000268899102,0.0794340518049211,0.7028738448645685,0.3493839631600708,-0.0518609680727103,-0.0619205271506473,0.0179474946743821,0.059657437174537,0.0374732469565378,-0.1459858666881341,-0.0775849526394939,-0.077469413564185,-0.0339792643064163,0.0192809878804978,-0.0599443182659672,-0.1410513048811676,0.0019064386283586,0.0497496667673796,0.0355207626289195,0.5870096190775752,-0.0737468752733238,0.1055625863015348,0.1022372832143484,0.0988582465587422,0.1192743318303354,-0.0376013184829984,0.0695166350917206,,-0.0403375181753298,-0.0427418035731324,-0.043688012385029,0.0248015785797764,0.0281720549988057,,0.0351768645733414,-0.0059111770757761,-0.0882358102711566,0.0020564468421786,0.1296530879454323,-0.1258096277833389,-0.0047725102541314,0.0346329379477149,,-0.0099472925250667,0.055689287069081,0.121841931883385
SelfConst_Q7,0.0959712113650497,-0.0430642597130053,-0.078301531177003,,0.0824622940023153,-0.0975862466960104,0.0232810768196438,-0.1335175681648825,,-0.0846473604158862,0.1660747373735161,-0.1240879223152629,0.0235324151989903,-0.0010103821748405,-0.0411518917256668,0.0629634985719906,,-0.1068184542811047,0.0777180339122262,-0.0395073299381236,0.0007131286992441,-0.0455528088616671,0.124043685347706,0.1429032544516269,-0.1757433135018462,0.0580137023377189,0.0478613051800451,-0.1304988078020374,0.2701327874764792,,,,0.1959728561719747,,0.1089191984478116,,0.1048597113943432,-0.1156694750173944,,0.000237320675248,,0.1243217315728588,,0.3372818618367989,0.2653451822183185,,0.0350801307614431,,,,-0.0237207100567979,-0.1089191984478116,0.0108295532296401,0.076894249061484,-0.1402988455425399,0.2066166081652091,0.0036021461588484,0.1326365439587008,,0.1697576307147678,0.0007131286992441,0.0610882521143603,0.0154616552948803,0.1305522830697687,-0.0336275125260888,-0.004307034927032,0.026428796796003,-0.1206942424892267,-0.0286042911998746,0.0164749140792437,0.2979640415289374,0.9881384325080492,0.0710252146121896,0.0875076328699591,0.049130549889816,0.2966501614329173,0.1996571727519343,-0.0646652594875558,-0.0382863439835344,0.145740601314371,-0.085585639154975,0.1403064293896295,-0.1040923807106545,-0.0504937631166354,0.0778379957073473,0.219095107827881,0.1656464196447819,0.2376725413710116,-0.0637896825098857,0.0030352789688734,0.0690618773311117,0.2411698119658465,0.1437516616778158,-0.0785726360247896,-0.0553256285659893,,0.0463916862740565,-0.0721572713215671,0.0404449466615937,0.0395073299381236,-0.0395741161385243,,-0.0833680679631473,-0.1017761329977081,-0.0558810434700934,-0.10976214586225,0.0539544081364855,-0.0123029774321373,-0.0277477888525202,-0.1032017682491815,,-0.0578344221263576,-0.0164098444265955,0.0128020710120614
SelfConst_Q8,-0.0474017564434316,-0.0663706873345169,0.0567883644510467,,-0.0012117372913079,0.0744082279938802,-0.0798712951382845,-0.0155404619634117,,0.001022517652389,0.0193728962292799,0.0168516626128404,-0.0377295808361634,-0.0391305578184548,0.0246945029209678,-0.0854380068178181,,-0.0318239107174646,-0.0260850092562107,-0.069821759570959,-0.0567883644510467,-0.0043604493939844,-0.0638310495696591,0.0471647415325829,-0.0776816491050755,-0.0385769286819385,0.0807552274747344,-0.1192592215657885,0.0337022157022351,,,,0.0163868553066532,,-0.0989255675185656,,-0.0155404619634117,0.1542285089189631,,0.0091910671383083,,0.0040851284129387,,-0.0284205590310405,0.0367976663010492,,-0.0598576747637637,,,,0.0253556799826241,-0.0804594615817665,0.1029932070002997,-0.0268195952859464,0.0465399058261128,-0.0462453171847899,-0.0687138980225592,0.0836465651199954,,0.0594206389771706,0.0276183848969571,-0.0935067621946684,0.1454847055638395,-0.0089886806787638,0.0243884303181357,0.0207118349608485,0.1277386271921612,0.245026450953418,0.093117699557766,0.1384698677433903,0.0519351933575458,0.0978458013122408,0.9684140015249189,0.0836490564828822,0.1310879628922094,0.0513345736355886,-0.0769643045674273,0.1391209278242908,0.1231474017376266,-0.0424700973354669,0.042135572905613,0.039959126623124,0.1927759603113972,0.083667925937941,0.0052952618195674,0.05187481557512,0.0800661872380438,-0.0339156396421087,0.1227334672847936,-0.0428318454147413,-0.0114566378263432,0.1162626939882559,0.0882939058666933,0.0549957749793072,-0.0669986209824103,,-0.0228917117449257,0.0608405137287432,-0.0929911853405363,-0.0145849897770447,0.0318239107174647,,0.0119583076495723,0.068470840483919,-0.0630863166133862,0.0420198124888383,0.0206644518816557,0.0382815294448246,-0.0390226588812464,0.0224054879073799,,0.0195301721008918,-0.108630806568551,-0.0092847312617386
SelfConst_Q9,0.0299522146092879,-0.0190539245277081,-0.0799544576163765,,0.0010273727982242,0.109776332932634,0.035676989845416,-0.0747717666967035,,0.0637214099110603,0.2478327369946305,0.0569143634007183,-0.0750705390885606,-0.0006212900109161,-0.0291865711089809,0.112584039659127,,0.0596354036152148,0.0658054762752102,-0.0004385070801629,0.0799544576163764,-0.0008326603210675,0.0693822303412937,-0.025392703271191,-0.0355955753892661,0.0673047491945319,-0.005607195926447,0.0396536629949355,0.1935612314570143,,,,0.0478713725501113,,0.0557090043121509,,0.071807840809627,-0.0790774434560506,,0.0795317928996871,,0.0867269593820597,,0.0730865515436231,0.1385764608443133,,0.1093586210541503,,,,0.0453165683815328,-0.1120392986352181,0.0756426222233378,0.1004607648822617,0.0100087560555738,0.0676281732708828,-0.0024553666515555,0.1280596369051233,,0.1205984356857126,0.15947040815259,0.0953245351432447,0.0232297657138652,0.0980707583510242,0.0397382215044277,0.1567966684000804,0.3998431672806424,-0.0557339000340739,0.068152815348908,0.028205974254443,-0.0736202891311582,0.0931590502019391,0.063266737054188,1.0,0.0330283499965626,0.3230498427584926,0.0357189692103562,0.088032629347702,0.0799554319502694,0.1056992960917102,-0.0544063215577891,0.2950625011491523,-0.0880303410882064,0.0896818756497828,0.032569016946305,0.2690809480755785,0.0730761918934145,-0.0074278194284432,0.1428122164647001,-0.0404389071096359,-0.0497271724370615,0.1201722985001454,0.0700939118740749,-0.0475652022997559,-0.0316455506583031,,0.0315657775376355,-0.0074996005674643,-0.0990677957633003,-0.0790774434560506,-0.0772859256863122,,-0.0544889842868263,-0.119958596921801,-0.0659324603558084,-0.0549397881081594,-0.0006212900109161,-0.0850065253200798,-0.0292192949596166,-0.0837406875827913,,-0.0292280461622629,-0.0328001243237276,-0.0474002846179203
SelfConst_Q10,-0.118856401903854,-0.0222730943996883,0.0408255765992278,,-0.0442129468164247,-0.0041153748266224,-0.050776315231567,0.0408427664099272,,-0.0628246597405878,-0.0099365024869941,0.0129256787804148,0.017474748404743,-0.1101279488525467,-0.0769591316101573,-0.090974959621811,,-0.0901064147298058,0.0141877031096047,0.0408255765992278,0.0382104151088858,0.0925295234160458,-0.1530581719744352,0.1685686881370017,0.1013399871423837,-0.0827923087069013,0.0406201877484716,-0.083191630732461,0.0132615563021312,,,,0.1708007410960789,,0.0858380461149757,,0.1136901924000924,-0.1198615683073416,,0.0390181975086888,,0.0990451969407383,,-0.0100273382819507,0.0821340840601742,,0.048220334620088,,,,0.0709743559083848,0.1381230909907642,0.1864734122892848,-0.0251130783617265,-0.0331449676146675,0.0337358646663795,-0.0715950394675006,-0.0271486932475316,,0.0286278014743629,0.1172464068169995,0.2579803741284091,0.1725220228539054,-0.0860999540249109,0.1348463706693657,0.0379216028761801,0.1309648769115151,0.2075253116335894,0.3172289570290961,0.3966589960340871,0.0130433023223277,0.0364883295786451,0.1595785199680064,0.0330283499965626,1.0,0.0375564344078955,-0.2335522085167896,0.3078520586899266,0.1783669253165053,-0.0860589719068797,0.2536043901292334,-0.1647425814858288,0.2141358298929879,0.0735533481429638,-0.0698321611532866,-0.0269826108916794,-0.1333844627782,0.03842263375079,0.3301236337313055,0.0845416273188246,0.027705728071671,0.066156398240194,0.1212684142161243,-0.0164898118437917,-0.0354460102903777,,0.026710607899963,-0.1608759276967292,0.0967166499594218,-0.0408255765992278,-0.1379653694395524,,0.2025551945940313,-0.0324984432272218,-0.1444868755936326,-0.1145271854742666,-0.1101279488525467,-0.1222257365032169,0.0871287812786736,-0.0526776375811383,,-0.0859974411418356,0.0333134620198969,0.0577401133884429
SelfConst_Q11,0.1394503079544247,0.0809645576778338,0.0223985598680803,,0.1571638408397233,0.096311493072221,0.3500312897894471,-0.0533915667672642,,0.0802359692564896,0.5671161841225942,-0.1258281574718926,0.0345794526804749,0.0069306218825902,-0.0091754657101235,0.2172251284600288,,0.132698605633586,0.2760871300459701,0.0223985598680803,-0.0574124005814013,-0.0106573344886166,0.2977524205524429,0.1401497305910737,-0.0198976095347176,0.0791167951799605,-0.0403056976587231,0.0597310950139501,0.4726198910276959,,,,0.2628421010090865,,0.081343614727244,,0.2155437325048817,-0.0924262412947224,,0.0275025863236936,,0.2452334425275098,,0.2419029660099523,0.4062575513876857,,0.2322503518349795,,,,-0.0016411240372624,0.0178737090656273,-0.0263515440358156,0.1462192607351976,-0.1048275503078891,0.1481153152222293,-0.0391042831194997,0.163513612816746,,0.2134658792440869,0.0826429622718827,0.1895106677095091,-0.0293370774921174,0.2183775427842177,0.1067926424422666,0.1231565344224716,0.2489374649681031,-0.1520823454707666,0.0853923308427138,0.1069042689336414,0.1310298517980498,0.2914253312719035,0.0804687581800283,0.3230498427584926,0.0375564344078955,0.9999999999999996,0.1194854730029479,0.0829724938679828,0.1333731329036304,0.2144309095013513,0.0904903265486243,0.2294938293939922,0.0991278469667922,-0.0117269720288414,0.1512730305437415,0.3631525809108245,0.0174617227408342,0.1861939814444062,0.2305769820022451,0.1069188318340294,0.0828737222851372,0.251057549543681,0.1475967481017197,-0.120183455129435,-0.0251401515507288,,0.0739015366382684,-0.1745770967240359,0.0605806528426211,-0.0223985598680803,-0.0782933202919951,,-0.0431309218785967,-0.0159371148774726,0.0756571476385809,-0.1319736314274299,-0.141895363806717,-0.1965305398349016,0.0069866965397031,-0.0779913531103318,,-0.0970136159095092,0.0325626680769965,-0.0655925160496139
SelfConst_Q12,0.1207579079567152,0.0054969196602856,-0.0482523245353242,,0.0903480094477457,-0.0850611801222872,0.1049148006025028,-0.1094861681614067,,-0.0071862396834671,0.0642191186232793,0.0576034851456184,0.100749453638879,0.0551919551891332,0.0116611780385383,0.1075454785504454,,0.1224802068719796,0.1855651690775335,-0.0046488950548983,0.135459183496176,-0.0088275665870268,0.1703903280522606,-0.0045433677549854,-0.1071414153605246,0.0974097253439409,0.0234347059979368,0.0078609312565403,0.1268222048942917,,,,0.0094058182588596,,0.0551919551891332,,-0.0692969134516865,-0.0825579639059534,,0.0741005874630071,,-0.073107660967595,,0.0966905341675371,0.0419970610747932,,0.0060435576260105,,,,-0.0080820005421142,-0.116970604618945,-0.0460088864560407,0.0705927623217866,-0.0298248197577987,0.0888920174834107,0.115679717730649,0.0510592963780522,,0.1577586549824296,-0.0825579639059534,-0.0686612227623718,0.0159700214328414,0.1073570280354215,-0.041145753777049,0.1274993848305703,0.0980496219064583,-0.0773822288442824,-0.1879073843794885,-0.3470773703308196,0.0364743034664701,0.1924709337076548,-0.0971296823645266,0.0357189692103562,-0.2335522085167896,0.1194854730029479,0.9999999999999996,-0.1716697500869281,-0.0495807639320064,0.1054176773152081,-0.2206858920222939,0.1821627063606606,-0.1656489596002794,0.0213910734327625,0.2764715486519641,0.0131776285135079,0.1655566959171154,0.1014122288644889,-0.0835619491966402,0.0595560125691984,-0.0127660280575213,0.0859317086596911,0.0371454954901261,0.1026994979875808,-0.1640533655567757,,0.0957686600511373,0.0113275179291329,-0.0125737145192054,-0.0389545344255275,0.1001334404816242,,-0.0765360515094343,-0.1236468119879416,0.1239658210483209,-0.0335045343493821,0.0551919551891332,0.0289945067133031,-0.137556392715805,-0.01232923491335,,0.0867146003276052,-0.1105340019798141,-0.0456866494981637
SelfConst_Q13,-0.0640383924318625,0.0857908115125033,-0.0374559037071131,,-0.0227512890725675,0.0432665634110942,-0.0139753134494745,0.0527436004093454,,0.0064579828227392,-0.0054289680332288,-0.1352405499121307,0.0478833276317581,-0.0530686501445327,-0.0902883676971422,-0.0205913413696524,,-0.1004639701630892,0.0243987143953489,0.0156066265446304,0.0374559037071131,0.0699378537935296,-0.059913516999343,0.1453005084148623,-0.0421022162658945,-0.0360862172514957,0.1078714288318789,-0.1360532013445063,-0.032331589613131,,,,-0.0362118279568859,,0.022111937560222,,0.0853487352078499,-0.068669156796374,,-0.0228522715141114,,0.0546644170698369,,-0.1890651953463681,-0.1134639506218001,,0.0744027660336003,,,,0.0578811152120123,0.1282492378492874,0.1726585517356453,0.0778781165113353,0.1370994380445407,-0.0507074008755304,-0.1972632889727259,0.0271678454648272,,0.0520727205737562,0.1435809642106003,0.2762814058035779,0.2193800226380494,-0.0667420037499778,0.1311776615184839,0.122325635917156,0.1895479568058202,0.2261086798555035,0.4512882774931678,0.3810466718262263,-0.1299790255469721,-0.0666750446380974,0.2007485567600552,0.088032629347702,0.3078520586899266,0.0829724938679828,-0.1716697500869281,0.9999999999999996,0.3071204206989323,0.0802458812628882,0.4779450104071335,-0.1305788340664571,0.1351254284363852,0.1183750094640217,-0.0417168389757522,-0.0520515933859574,-0.1244022971946638,-0.0750659013025512,0.5085185903678681,0.1513569555738232,-0.0866650453969685,0.1161243915949555,0.1126664834112356,-0.0236863487900172,-0.0172436840809387,,-0.062037611091733,-0.1217629032305739,0.1820473140977865,0.0374559037071131,-0.123328184062275,,0.1240803344312666,0.0711232411459622,-0.053343160795985,-0.0272924486457597,-0.2034298255540421,-0.0875777495961027,0.0596515491266665,-0.0630775148312592,,-0.1398724778538747,-0.0089144492931464,-0.0075466618929329
SelfConst_Q14,0.0860745368468139,0.0151244058192507,-0.0552879856004896,,0.0857928506977394,-0.062679397017713,0.0165951623509821,-0.0319797957708934,,-0.0056567856740701,0.0609174456933048,-0.0517466649077844,0.0296900184274956,-0.0485756337996732,-0.0619760610608943,-0.0229128366746881,,0.0563576472083723,-0.018265310427387,0.0287250427980197,0.0972944997997444,0.0864502949070394,-0.0452497894237817,-0.0083003740410717,-0.016364666920882,0.0820159578410981,0.0697040984848642,-0.0001174114034813,0.0548742062171312,,,,0.0261955193682345,,0.0406985039943208,,0.0067375830852624,-0.0707315569972744,,0.0603369701221916,,-0.013069520540925,,-0.0535611591158419,0.0210877091273667,,0.0246257653766465,,,,0.049937847321642,-0.1002145958569836,0.1033977907598432,0.0749988150237748,0.0353869183464409,-0.003478981606812,-0.1500300348435596,0.1748300179615689,,0.127962874808527,-0.0707315569972744,0.1974426164743353,0.1258431888315739,0.0564067778443814,-0.0497960729529283,0.0789557108188527,0.2347399684183121,0.0758703492208993,0.2691007745383099,0.2460027765997676,-0.1058800483622303,-0.0489260956926404,0.1045885526236565,0.0799554319502694,0.1783669253165053,0.1333731329036304,-0.0495807639320064,0.3071204206989323,1.0,0.0805319637896443,0.1693111185975759,-0.0332615878948776,0.1134439946089908,0.2053741333100895,0.0521267693343631,0.0562037300329973,0.0438417906931818,-0.0721701968498762,0.2592873423648641,0.0118318033654173,0.0147958844503191,0.1124834451721262,0.1199820110761673,-0.0896791861504659,0.0032282345084048,,-0.1089662801476235,-0.1608100020482951,0.1111931442055339,0.1813075281982538,-0.0563576472083724,,0.0933408721461276,-0.0066861150742214,-0.0995110860388787,-0.0536770131021872,0.0704565499256522,-0.1395198708675703,0.0034236426048549,0.0130897033071107,,-0.0848921511916249,0.0234394882322334,0.1089367624742228
SelfConst_Q15,0.7736182929788661,0.1232338841485772,-0.01277053590771,,0.253045758485085,-0.0215188541073544,0.2772566697223716,-0.0431588492877212,,-0.0051979942283376,0.152156218800507,-0.0668775647966107,0.1180921547196849,-0.0180936791044706,-0.0883379997124194,0.1873620558772916,,0.0277583114287999,0.0936805626175722,-0.01277053590771,0.1029935428401029,-0.0242493656548658,0.5029306002734727,0.1702654526887658,-0.0389375359174571,0.5151097207578821,0.1134309551458464,0.0135126540815634,0.235492281211806,,,,0.0997883060351626,,0.045821654874958,,0.1231581330914076,-0.0774524710246829,,-0.0257752531102633,,0.1255404507821973,,0.0684387423353294,0.0900175446734329,,0.0588533281359374,,,,0.0823658334525159,0.1778820140530424,0.0366703364051896,0.0170640871371515,0.08680770645361,0.0494319661067801,0.0221125699258071,0.156761493487243,,0.2871709431190474,0.01277053590771,0.1181552717961378,0.072585644887079,0.0856685045510662,0.1111672493501676,0.0933731372054775,0.0098739331251294,-0.027632770746239,0.1275542260458384,0.0599306857858841,-0.0273893168572173,0.1398947216665816,0.0062338103238362,0.1056992960917102,-0.0860589719068797,0.2144309095013513,0.1054176773152081,0.0802458812628882,0.0805319637896443,0.9999999999999998,0.1802860031866531,0.2075220230291019,0.1575257920129047,0.0480445926061243,0.1208751783736524,0.0810371734328753,-0.0179748223204285,-0.0819441731750439,0.0799852518007403,0.0817846707636678,0.0062242503375606,0.0958561493527038,0.1416072044546402,-0.0449645741900113,0.0101529337849794,,0.0686530035831345,-0.1016953767489649,0.1390918541352386,-0.0323409675584864,-0.0577991365294641,,0.011234990625393,0.0071173462831164,0.0319034784275077,-0.0240286744025604,-0.1778820140530423,-0.0383042632096899,0.0514105133018671,0.0070286264805172,,0.0802006330588553,-0.0104206920850512,-0.089771783931184
SelfConst_Q16,0.1804545700108686,0.2417097351214975,0.0663555121660511,,0.0804420653147093,0.1155269722115085,0.0353747127771943,0.0502414828240309,,0.0901003767386588,0.1001155524200541,0.0657611792065599,-0.0094698440545731,-0.039729970231848,-0.1720066112856461,0.079953856052573,,-0.0363608826469159,0.0274896592209389,0.028596727000432,0.0846796284964249,0.0256216228249638,0.1497343170290533,0.2457248813555574,-0.0141700486149886,0.0543944631573854,0.1209933743328656,-0.109232531337424,0.0429809743621472,,,,0.1291361227786161,,-0.039729970231848,,0.1430474816568759,0.0846796284964249,,0.0281803644080361,,0.1610770527746926,,-0.0334228275085174,0.0240131461776875,,0.1082048953300144,,,,0.0278338374028201,0.1467255336285081,0.1619747560932635,-0.0377066281986958,0.1176824265704941,0.0798634804591197,-0.0025112779895237,-0.0459899125138362,,0.1680316203319494,0.1224384136620439,0.193611356284469,0.1141341674978726,-0.1149012253433412,0.238569693257871,0.0750302269068527,0.078107784522189,0.1987440630620119,0.5117618956678455,0.4017682250352324,-0.0196501161708537,-0.0931946389438751,0.0729559128177939,-0.0429682001113722,0.2455731187668424,0.0832753916726573,-0.234631721413967,0.4599504046245397,0.153496668292957,0.19400520930851,0.9909088005127816,-0.1341338058979747,0.1664431716169146,0.0983293126111929,-0.1593531034525375,-0.096349486515618,-0.1038597797492578,-0.0556799566446883,0.4143157347132287,0.2111879198394662,-0.0251593314583816,0.1267136289335894,0.119888652837453,-0.0363271876055477,0.1280934384906878,,-0.1198079770156389,-0.1871437913555676,0.1513197585482895,0.0469208433308059,-0.181557898775957,,0.1787285274814402,0.146454461332818,-0.128269625062013,0.0076537792723871,-0.173474424477673,-0.1650693734105355,0.1399705240776154,0.0875918027898658,,0.0510930457448883,0.0387402711323448,0.0480794619534451
SelfConst_Q17,0.1039486169769539,0.2669952921924224,-0.0590756078222796,,0.1023473148666889,0.0799180635406065,0.0868647202487005,-0.0719740747148674,,0.0360592150230572,0.2653559625091586,-0.0282441216494218,-0.0836668337850236,-0.0182793314709434,0.0580138126218931,0.160623924334802,,0.0292411182282828,0.1663119495544515,-0.1052496461201533,0.1052496461201534,-0.0069626403991336,0.3525882947916091,0.0032905744699365,0.0019803553820051,0.1701762114430365,0.0384857710257042,0.1174445549055992,0.2347087242107458,,,,0.1657036969045521,,-0.1164104793675874,,0.1266326473968826,0.1514236844180269,,0.0350258194815768,,0.0804505277234467,,0.1642860270429042,0.1285247484664244,,0.163691369261995,,,,-0.0224290913559141,-0.0798518164257005,-0.0701500352992069,0.0062877623417853,-0.0319800358902111,0.1644378549266926,0.0488961180415973,0.2657761011405055,,0.2329829231488497,-0.0794465070713415,0.0219223404291266,-0.1133826593747359,0.1989666505386504,0.0253125665803962,0.074838383635471,0.1191198799568451,-0.1945197570426904,-0.0997965815850652,-0.1284014223861178,0.0662648313510898,0.1431962571670276,0.0268837569570721,0.3167192847515284,-0.1463220214862886,0.252277600973558,0.16829283648472,-0.1163114040542317,-5.683763161253019e-05,0.1919367908031892,-0.1112423366367454,0.981824750861279,-0.1254779731854495,-0.0246619100687468,0.1634894713684948,0.2949381419479216,0.1020802950376084,0.0774567976566521,-0.0796066261144994,-0.0995035663609615,0.049102186877288,0.1423229727873368,0.0637426463722969,-0.0791171478762724,0.0111524665933207,,-0.0184272268924294,0.0415472834527284,-0.1133481098984095,-0.0332724687734677,0.083502987105509,,-0.1484620855702461,0.0595692567481431,0.0262958535901729,-0.0276251550801476,0.0798518164257004,-0.1347820594392512,-0.0713730619072969,-0.0298425053445103,,-0.0108190629995758,-0.0293665045735513,-0.0223687294285918
SelfConst_Q18,0.0798677272863604,-0.0089304448661826,0.0527820511158221,,-0.0435047094085818,0.0927270929354072,0.0730605719790235,0.0956028215001017,,0.09491360021649,-0.0360836791002327,0.0165133593361445,0.2293904340110895,0.0202496054689724,-0.0039378276117955,-0.021318519561486,,-0.0327301843004303,0.1080799159026937,0.0527820511158221,-0.091271911446931,0.0125214495357488,0.0249716004468569,0.1644324148042343,0.056333180206045,0.0201243949809204,0.1827544356142897,0.0520159397104943,0.0832023636675855,,,,0.0958590907672007,,0.1293167874008634,,0.0837774611326494,-0.12976177177804,,-0.0047562696206135,,0.1214835892350521,,0.0576681431539905,0.0689761607570866,,0.063760211431571,,,,0.0248466554538254,0.1433511674288641,0.1456714835042034,-0.0005823741441727,0.086260344438835,-0.1115706255152058,-0.0224573103361724,-0.0158192335948451,,0.0053247864370333,0.1011773902086135,0.0825379036891846,0.1768248264176985,-0.0335474785982886,0.0451905159549247,0.0311647572727133,0.0055173491011714,0.2494659736875542,0.2599383626378958,0.3185737375393446,-0.0605771828092198,-0.1088786728941474,0.2151863119178808,-0.0852067962361647,0.2131603102661134,0.0985420563829052,-0.1642550256988667,0.136934153137669,0.1158768047971841,0.1584496000840345,0.1627623674492407,-0.139416911755809,0.9992705087655006,0.1706424209318578,-0.0478605825306849,-0.0008386873641107,-0.1184366438104668,-0.1023858676922399,0.2641107739076019,0.1439481309239217,0.1331975210495078,-0.0444150671068537,0.0309724118066073,0.0130727426812472,-0.0681602373248599,,0.0058954453454357,0.0168172984679165,0.0293131101476395,-0.0527820511158221,-0.0612513045929359,,0.0455185547381334,-0.1002253364127539,-0.0171237928914331,0.0580335934953775,-0.0342839854969731,-0.1211458386361483,0.0058954453454356,-0.0672989614808147,,0.0429509836869163,-0.0825602337249215,-0.1146568793799227
SelfConst_Q19,-0.0644200059961379,0.0047360144767802,-0.0063211921438894,,-0.0540495967036925,-0.0212251657393797,-0.1117162761581125,0.0395885470150114,,-0.0256725464813843,-0.1012162601593079,0.1837130547123571,-0.0137283764311441,-0.0089560550188175,-0.1274777349293907,0.0114562692685297,,0.0425260613996785,0.1045515958669696,-0.0063211921438894,-0.0598082025921845,0.0884529676188607,-0.0125850807794019,0.0547671121348181,0.1056491723092018,0.0193430517950294,0.2219861374143949,0.0716550235297163,0.0156899961848262,,,,0.0448697754136627,,-0.0089560550188175,,-0.0213628763137608,-0.0598082025921845,,-0.1079317289518457,,-0.0841284463073109,,-0.084790717014457,-0.0618036982629108,,-0.1105071616681491,,,,-0.0109892517964872,-0.0847380590241966,0.1044147468849422,-0.0770443903569523,0.0209515538605311,-0.1925319830109488,-0.1467387124321855,0.1882030795907329,,0.0141508985290607,-0.0598082025921845,0.1109349053169598,0.1688682077294328,0.0736870389835126,-0.1127970619076418,0.0343243668183578,0.1404379192134265,0.1879659811595041,0.1242150600770717,0.1588394964678532,-0.1817219855830435,-0.0815435054251651,0.0788728506732013,0.0883119807036913,0.0803507448014685,0.0083795891708383,0.0322563863231313,0.1281215001383961,0.2235693505059119,0.0405403264555212,0.0911921023798198,-0.0294581927891182,0.183500141506704,0.980217409999248,0.1433555853742909,0.0008770987904692,0.0044199107743938,-0.0898267591631724,0.2682531777603565,-0.0535139332210574,-0.1585977008975124,-0.0089176362357625,0.0839285934733326,-0.1048756982806525,-0.1468000117575824,,-0.1347430378165654,-0.0370056116391386,-0.0537855449181666,0.0063211921438894,-0.1599584339957454,,0.0684420422489231,-0.0633389726373052,-0.101873113849509,-0.0156484917361756,0.0378910020026895,0.0780245209778268,0.0169125744018033,-0.1129550514249872,,-0.1096258018053826,-0.113080557308557,0.0295377607910321
SelfConst_Q20,0.0852506642354928,0.0109105336489865,0.0303167508112049,,0.0798166795095402,-0.0651415805360844,0.0651547998503709,-0.0344881220163917,,-0.0801046293737225,0.1498743998570001,0.1122799590355055,-0.0110988110753171,-0.0833533646779263,-0.0023201354330422,0.1737886044708937,,0.0985787977414939,0.1348174129303675,0.0303167508112049,0.0142570665977017,-0.0270720683604764,0.1471914844082381,-0.0401157913127676,-0.0685830845236325,0.1158750382268978,0.1219333071006307,0.0354035325442831,0.215443383282935,,,,0.1388077060301966,,0.0429536837476779,,0.0887628600217497,-0.0748905682201117,,0.0047445807125835,,0.053469953506388,,0.132988531850941,0.1995673546918776,,0.0716592831536515,,,,0.0785351926283865,-0.1061072079604801,0.0504761411356078,0.0903733493632874,-0.0393559775431152,-0.0025557270833294,-0.0955388834059423,0.2838888664204605,,0.1037362056292079,-0.0748905682201117,0.0052906483572001,0.0792790397224423,0.2350366446843539,-0.1367677931762465,0.0437818392754629,0.1134942430945374,-0.0819102434926376,-0.2001960879934445,-0.0061258312988201,0.0201090300273438,0.1193269054378031,0.0185880301537245,0.0654004334294237,-0.0598826479987942,0.1813932559462858,0.2957392097196689,-0.0504569080667243,0.0680772850548703,0.1530022561902311,-0.1664768788844422,0.2114837923707012,-0.0443455834471742,0.1371545767462911,0.9160198099065496,0.1880918163731692,0.084219522606874,0.0999170246979935,-0.0116402251515993,-0.088382687573977,-0.039150402419267,0.2226586192218964,0.1463109324635272,-0.0359013066554389,-0.0971383522203622,,-0.0640765687901889,0.0347388305382687,-0.083383225513784,-0.0303167508112049,0.0300465265440862,,-0.1443140434086831,-0.1083505080818148,0.0005752068156229,-0.0323794487061646,-0.0833533646779263,-0.0041039688749614,-0.0981505213042287,-0.0378108606846547,,-0.0625341350199991,-0.0661917046058069,0.0215439858371611
SelfConst_Q21,-0.0527046489103647,0.1700720308093949,-0.0995376206276265,,0.0812272973871132,-0.0357809819306167,0.2239142726162606,-0.0785550836211012,,0.0039679367612753,0.423968509239148,-0.1044671803173788,0.0142303028513341,-0.089330336284102,-0.0087759180925632,0.3398649188600658,,0.0565770437952785,0.3277113565195366,0.0464151168964404,0.0995376206276265,-0.0365787659255742,0.275935173895738,0.1176051983701757,0.0653362204283986,0.1032603694319703,-0.0622161686357993,0.1595420574831346,0.5506624761721136,,,,0.3914018097165039,,-0.063481558125298,,0.2465459130227846,0.0995376206276265,,0.105981905868213,,0.3082861096861656,,0.4966929213763884,0.4599092405773123,,0.5997984042578681,,,,-0.067320777001245,-0.0916111108275258,-0.0444588603544039,0.0971674200544796,-0.2072811770994011,0.2275763259170707,-0.0372840473141092,0.2586996082460484,,0.2571678110245111,0.026561251865593,0.1293504893837878,-0.1499716594268698,0.1885489382742146,-0.0447833167082742,0.0210033507768308,0.0794079444605534,-0.1984168803564011,-0.0871770861320864,-0.0824926492096881,0.1510189494938262,0.2260793385036315,0.0454020496383754,0.2757986202442679,-0.0207573160687388,0.364890168848481,0.0077509694679736,-0.0419849266240329,0.0616906053133134,0.0737149252485558,-0.0841752059373678,0.2901343951781168,-0.0086597910939276,0.011718295913796,0.1588600711877014,0.9967427297755742,0.2647005658871041,0.1541268759309676,-0.0328000545202723,0.0409467771646881,0.0495258870437744,0.3291098103280497,0.2061329877584269,-0.0795168355860561,0.1152904766652502,,-0.0126133702858192,-0.0165782550075793,0.0167271627838789,0.0630494362466098,0.0082185600460509,,0.0149097979598223,0.1197215876394142,0.0627562750884134,-0.1063166762170303,-0.037632779966494,-0.1485651839775204,0.0152796111592444,0.0534817204057418,,-0.098961220845794,0.1123099286574523,0.0952745890768943
SelfConst_Q22,0.012773437857473,0.043608632851275,-0.0177615057902066,,0.1813514035345865,-0.0152006138387803,-0.0497927852564871,-0.1995741350280703,,0.0338633728966545,0.1708819926512448,-0.0563035241277273,-0.0419438522233333,-0.0836683650362647,0.0979041611524185,0.1072394329494765,,-0.0317430112837683,0.0645605181160698,0.0235301999784788,0.1003449173275775,-0.1121333458935871,0.1205992654818179,-0.0098310826530163,-0.1271399785834748,0.0569173450927786,0.0226119797395988,0.0993132819236494,0.2475732466988271,,,,0.1247000978044799,,-0.0836683650362647,,0.1175803679377811,0.141636623096263,,0.0608763531382871,,0.0669477782152601,,0.3648804927594966,0.1990047426988044,,0.217889033305043,,,,-0.0787344564047402,-0.1210932892427172,-0.0188245944484173,0.0224916374769308,-0.1118081346129895,0.1096960564664349,0.0460620525595841,0.0486826164316893,,0.1851887225230163,-0.1061136115158498,0.0839718566541139,-0.0804593366085764,0.0453502255254225,-0.066935021637713,-0.0346013546047367,0.0770673739572661,-0.1124687731791321,-0.101321428861758,-0.1281679334681896,0.0516545794360945,0.1690622638860266,0.0586573206179646,0.0829425345330942,-0.1318962697647116,0.0141822334929488,0.164182583800467,-0.1300803479819004,0.0518570182577206,-0.0280634020201524,-0.1064035709420886,0.1078784498295791,-0.1326226479476705,0.0282988523192352,0.0851250643191243,0.2616340678919049,0.9949174488808716,0.1344449159617646,-0.075005753147938,-0.06249067946525,0.0520160319586777,0.0479664194894039,0.0182592363313736,-0.038753040835777,0.0005893273107029,,0.0790865197006481,0.050023472532854,-0.0265619782477942,0.0590532115588921,0.0500744318128235,,0.0457531057528479,0.1121333458935871,-0.0213228357770315,-0.0489842480869677,0.0625899594487224,0.0804006198184441,0.0001740715767439,0.1079395056891429,,0.0579295481932201,0.0192005230201319,0.1266736250161336
SelfConst_Q23,-0.050090047801718,0.0145443611466347,0.0057999034030891,,0.0495922972631637,-0.0554026502391458,0.0611063255218269,-0.1046765238249233,,-0.0709853244829995,0.1644819896507181,-0.1218257279511064,0.0357014834995017,-0.077749979073283,0.020692140878572,0.1283605162293658,,-0.0884036154643206,0.0827885210561879,0.0057999034030891,0.0346507049466605,-0.0197107357567947,-0.0109947299448514,0.1279524156184252,-0.1485494048417242,0.0350520855911846,0.0322248638980588,0.0290759135129963,0.2052610077109725,,,,0.0896368838412341,,0.0082174774630298,,0.2433009556384621,0.0751013132964102,,0.0923002017617304,,0.2364662515789099,,0.2570113038016181,0.2595246727356708,,0.2003531715244059,,,,0.010083002927456,-0.0368732963084675,-0.0410723813379578,0.0134649110378325,-0.1425140196765388,0.371605774479512,-0.0578066605199207,0.0501179900927744,,0.1069863869662827,-0.0867011201025883,0.099545871909778,-0.1253271713627673,0.0656505828427109,-0.035769525840131,0.05992678951769,0.0008524596337546,-0.1904852159083209,-0.055703455479587,0.0151750422873024,0.7367604952775941,0.2411058804265772,-0.0157754787193939,-0.0041177310314236,0.0266124794561324,0.1990411235169694,0.1092304547032482,-0.0673004952569775,-0.0688504588086077,-0.0744677129375591,-0.0542560484448498,0.0628731575417432,-0.1088098343052663,-0.1174646557072988,0.0819242350514166,0.1503381820607899,0.1348685350225684,0.9927641037571092,0.0244926375090254,0.0552497124197737,0.0776371716886346,0.1380068946512563,0.1018297271760176,-0.0172154241100686,0.10449544890969,,0.0463261757727329,0.0054116331828249,0.110364592404702,0.0346507049466605,0.1153406394444871,,0.0971828295529718,0.111882428464786,0.0923081601508143,0.0241828622483451,-0.077749979073283,-0.1137992685316512,-0.0309788537375944,0.1234809972794069,,0.040163038317991,0.0377401814015807,0.0645860603222016
SelfConst_Q24,0.0432063011205419,0.1217959181599639,-0.0048217169924097,,-0.0433292774176928,0.0357514144577756,0.029903278563939,0.0320573059286004,,0.0065472589991759,0.083349678722211,-0.0207243673853439,0.1505495718801881,-0.0068315535560699,-0.0925592098260685,-0.0192410797722716,,-0.1167053753313161,0.1510671032073203,-0.0048217169924097,0.0572819978698278,0.0107671384530117,-0.0188448546757671,0.2497755293125427,0.0229683992299134,0.0009590496161385,0.1332422319857086,-0.1046208451814884,0.090881261589928,,,,0.1427918192729572,,0.0674957491339709,,0.1287625245524006,-0.1000988447624265,,0.0539790657954081,,0.1068184835668549,,-0.0437257747015503,0.0799899808476189,,0.1680831560734915,,,,0.0828185826088946,0.1926498102811721,0.1817820595384464,0.0611191191796945,0.054565231971562,0.0959190004351187,-0.0619193372912865,0.112001998733083,,0.0878406597471619,0.2146628405020822,0.2719003207256969,0.1895872047088823,0.0674950412340243,0.2708719541097234,0.1726880254506183,0.2918330259562884,0.1533043552461107,0.4737499984322793,0.5221494972151866,-0.0093344403091515,-0.0707273082470957,0.1756911451415879,0.1428122164647001,0.3301236337313055,0.2305769820022451,-0.0835619491966402,0.5085185903678681,0.2592873423648641,0.0799852518007403,0.4190727399006367,-0.0985046644792265,0.2632005918227295,0.2551033335000523,-0.0170262029899352,-0.0365437127453483,-0.0581237315411894,0.0256222280957325,1.0,0.2358340103348488,0.0347786508856481,0.1324922478259347,0.1840187152234186,-0.0317809109732048,-0.0294307888579889,,0.0129006753033761,-0.1600218566190095,0.1415799700182586,0.0048217169924097,-0.1627710333857901,,0.2130331527430194,0.0290785984071132,-0.0518165917901149,0.0032557232375785,-0.1554861589361521,-0.1318434515252775,0.1131573519467566,0.002119083404563,,-0.0253522412911227,-0.0895491390338982,-0.0244231458353075
LifeSat_Q1,0.0967753811709567,0.6337489259358688,,0.3706588823097578,0.2326689192085758,,0.338630656710465,0.4496229965590281,0.6652470245961443,0.0273637929774792,0.6850151353877335,,0.1409149617142408,,0.3426812752725422,0.0048589163468798,,0.3717726539419019,0.5225903501432592,0.2920611259555243,0.3693533546556746,,0.1693871177705233,,0.4401294267903791,0.546846253592535,0.6199674581608394,0.3039449308567933,0.2691039729774004,0.1493971561358389,0.1674470150110098,0.0182639913011896,0.2258379057206236,-0.0062769772134714,0.0949962719057731,0.0124499643221259,0.4369281870356984,0.36548776182722,-0.3040643239534081,,-0.089225652414288,0.2873405643893738,-0.0541965389606968,,,-0.0366999491336606,0.5798718667243861,-0.1117273177007904,0.4309257601484959,0.1171380426158485,0.3878403546465871,0.1101371775016257,0.7250032963552769,0.3710437336179223,0.562416905104362,,0.468171381463298,0.5340389602798408,,0.2236027671323565,0.3956168510824095,0.0075886326924205,-0.0520691577632788,-0.0784158711550128,,,0.1059238170661655,0.3535832410994436,-0.100984835253113,0.0179258420043269,0.5047879944457887,0.5216949881908257,0.5078722403010386,,0.1358471163420043,0.166469638690878,0.1917420781104543,0.2500678226096714,0.143824731564402,0.3245326114093476,0.1362309010198865,0.3367335048685239,0.1220376730430264,0.3418440139699726,-0.0830284838892411,0.0640860045364782,0.475740212606241,0.694986010282995,0.6262410925157793,0.9789235894149656,0.8118603970867426,0.8390959859034623,0.6056054404120911,0.5279416717584995,0.2655251508841619,,,,,,,,,,0.2394125653548929,,,0.4076284689320598,,,,,,
LifeSat_Q2,0.0395963479020482,0.546579181204027,,0.2988295264003536,0.1281100820196224,,0.3148341541094502,0.4808353067765841,0.561426463136264,-0.0839707051689503,0.584797259078722,,0.1193057160780868,,0.3561933685619761,0.0258207966146921,,0.3681149404306095,0.4848428695560527,0.1789855429607819,0.3603904474864639,,0.1687415350305618,,0.4526048175840842,0.4838459727391883,0.5354624411871107,0.3060509747664187,0.3008458596979863,0.1409152477198857,0.1688162315174282,-0.0218296071187855,0.2621664645072709,0.0059085627446787,0.1078377381451162,-0.048913841664066,0.5023685857695442,0.3297843833543471,-0.3129932424254457,,-0.0438644520327869,0.3021378524055448,-0.0827694786375139,,,-0.0722323780233745,0.5465288910087464,-0.0713103737873758,0.4321465476185022,0.1278593969753457,0.451050090516412,0.1272539998872095,0.7369664404996195,0.3817136238105248,0.5595822343172301,,0.4418190078941238,0.5508967727404501,,0.2236272961826004,0.4055059987875377,0.1701027516433048,-0.1091441617468237,0.0572540968945757,,,0.0698808682859134,0.3446436784344416,-0.0795638011785366,0.0073844825525144,0.4376707960497319,0.4441670191549522,0.435249786039884,,0.103559404788017,0.1221828631404438,0.1818739529940206,0.2394765367327032,0.0886686504972545,0.2899056140112995,0.07829814555024,0.2838983532696955,0.0778090039727333,0.2884041608337771,-0.1015433344526151,0.0521519297946891,0.4087734046033525,0.6329936779827705,0.5986422231345219,0.8690259643753667,0.9150910213706828,0.818455078426858,0.6108356984583914,0.4811083940762466,0.279199002125875,,,,,,,,,,0.2931232993159728,,,0.4397171323165624,,,,,,
LifeSat_Q3,0.1655387978159611,0.5831375483915412,,0.3436280264023174,0.249852751887204,,0.3936297616107608,0.4565223653884533,0.6183977915954905,0.0161040307482547,0.6798406570555175,,0.1759717604716698,,0.2821785026113038,-0.0269666268845432,,0.2976053226159424,0.6071956750194804,0.2842101785006877,0.3938817254968486,,0.2115272143759077,,0.3942805017150831,0.5301786657650235,0.5422991026032185,0.4078350114784005,0.2499929351925352,0.0524541614395474,0.1916135659771022,-0.1378921410736499,0.1926352924382511,-0.0651924139644442,0.1573356519979666,-0.1545235060411099,0.4176207518368061,0.4400192577860295,-0.3916999310224553,,-0.0510380300286011,0.2621455745241581,-0.1629997265245976,,,-0.1275627695660867,0.6029313931699891,-0.1702313321261134,0.4503036981851226,0.099165168960509,0.479190770414039,0.130692021991425,0.67683920927158,0.3953555820319103,0.5465030781337143,,0.5348166820253851,0.6223220117883683,,0.3013485180653082,0.3881840579036864,0.0125076720861446,-0.0756245465385476,-0.046148997007499,,,0.0499438481761834,0.2867968427873414,-0.0221831932603905,0.0061839585868236,0.4577786412481391,0.4506951019363995,0.4936238343022978,,0.1638566044430868,0.1526086693729185,0.1755340517211133,0.2942952467419235,0.1892106198491578,0.3656781463265147,0.1424428096679049,0.3888431156254248,0.1732045360093124,0.3817086526632282,-0.0957550681725919,0.0731686845053747,0.3765819813775795,0.7348943853105241,0.6774850447574788,0.8406393095873708,0.7590858314216717,0.9918218706463516,0.6746233082544889,0.5254312116808841,0.2422430100569416,,,,,,,,,,0.2504211763486941,,,0.3729467877783075,,,,,,
LifeSat_Q4,0.133900430592546,0.483396608863706,,0.292760734245077,0.1988916312167471,,0.2132623308928286,0.376813636505044,0.4332589643962112,0.0134080740128542,0.4763287840148586,,0.0923057660584585,,0.2869280567832596,-0.0166699585743144,,0.2650790569106837,0.3989666575471979,0.2651618536368055,0.2864464419189049,,0.2130333304357164,,0.3910065095223699,0.5155670660192596,0.4392703202271049,0.3680118507942602,0.2205943942727912,0.1127754818772734,0.3474949157333922,-0.1393914509298714,0.1845715626304868,0.0155812757104569,0.2092851834891517,-0.0859737896766896,0.4097745995840944,0.4933532775322235,-0.2736856992622147,,-0.1237058069353695,0.2601879825655464,-0.0907741510138449,,,-0.143592864060827,0.5809229875717966,-0.1174678915319077,0.3998056345067242,0.0961857481514625,0.5250952588311067,0.2020258279286463,0.4637078965066677,0.4272654462159382,0.4198876415302713,,0.3916101562910706,0.4455255378706716,,0.3200149777715234,0.3371946159261483,0.111736571816292,-0.0300890499735188,0.1267525537995091,,,0.0784178464383096,0.2110007773830984,0.0129802287680519,-0.0189969622536442,0.3941772614974483,0.3198085804364429,0.485118130103001,,0.1264555259878316,-0.0417975847707107,0.1445920543381452,0.1947464619322123,0.2187324824644173,0.3713229802606752,0.1253414405086878,0.3439761410275874,0.1593538770455576,0.2313968506388905,-0.1054135637886001,0.0521349251104989,0.2343490271297922,0.544502221529783,0.5357212648220835,0.6156968789264253,0.5803791189398259,0.6694532051226607,0.985091231033116,0.3940789675276854,0.2404340420078793,,,,,,,,,,0.2628308387113578,,,0.3459982516513373,,,,,,
LifeSat_Q5,0.1327548852743175,0.5119661216637166,,0.1961866086152836,0.31155586072167,,0.1972438222406226,0.2237771121220748,0.3892692436123134,0.0181789058067273,0.3774394367611441,,0.0908878852542419,,0.1707212612572441,0.0760579300161346,,0.191333126572196,0.3293931594766554,0.3174132225919481,0.1849102510173294,,0.1229743293749769,,0.3296587876663336,0.5457329779044064,0.5231667700526754,0.2932870017141109,0.1356040501090777,0.2503077406690027,0.2815403039223743,-0.0054252199161853,0.1772477906253012,0.2235002120239473,0.2289896103131258,0.1586515207250528,0.2720688845200971,0.496356478465454,-0.1850987365302848,,0.1364646975154692,0.1501119048914341,0.087707361447701,,,-0.0781061250621365,0.4093891073113187,0.1886597491771694,0.3281237640976867,-0.0453197367554506,0.2135261117690184,0.186189241754228,0.4038447266403554,0.3133919619731156,0.4168216379890437,,0.6053063134427554,0.4062036855886878,,0.2315441667886476,0.3905771592806394,0.019229670202219,-0.0344709667022605,-0.0164326272637144,,,0.0635518912222734,0.2765649220199568,0.0318550554571454,0.0682804426292278,0.4984356539670909,0.3568047006805847,0.4921334656527834,,0.1950467118391916,0.1954187281671539,0.1235353090807657,0.1920176102074861,0.3123568566213366,0.3580661733463872,0.3438350216395887,0.2722303647931952,0.3214402333747576,0.3167814256153243,-0.1411635848220416,0.1515008973669369,0.4179139759412758,0.4664490810592909,0.5624757438808357,0.5320080029498746,0.4963216143845389,0.5339827510395487,0.387391781866115,0.9978579325277852,0.2090422917148418,,,,,,,,,,0.3224255912586946,,,0.3333758335853514,,,,,,
Lonely_Q1,,0.3298435283212038,,,0.4603655158200228,-0.0155629859870019,0.1066389582484223,0.0410696613294321,,-0.2016847215087236,,,,0.5540591091264636,-0.1413456654610243,0.0385246537937046,-0.1289900966686828,,0.0840517782435326,0.1066389582484223,,0.0421171000234051,,,0.2308047884168141,,-0.3488930294966196,-0.0399073983991089,,-0.4067068398100804,0.0494915294113384,-0.3950100032488798,0.1066389582484223,0.0495850482541397,0.0118212223034951,0.2236624699459875,0.3794932628811134,0.1924468343265109,-0.2973424074597832,-0.0795122616557984,-0.2403018017719867,0.3187631336180395,-0.2471212908273378,0.0944372705311048,,-0.3504453885336465,0.2355380180473961,-0.2463546047592139,0.3230468465156634,0.3889215663741159,,0.4281001700891684,-0.0963936773313761,0.3811215208506883,-0.106782282573494,-0.0904562566437698,,0.2515653387190409,-0.0840517782435325,0.1850462997461651,-0.0043929500824145,0.3256882227130785,-0.2206059656355805,0.223171452593487,-0.111155375401656,,0.1734761303437353,,-0.0056791251203565,,0.3375864557342168,-0.0376402173354582,0.0314176531924581,0.154790617266134,,-0.0317705770020743,,0.5030811947001632,,-0.2227454245397879,0.3007522729729892,0.4277554158733617,0.0156258931479023,-0.0946069955080268,,-0.2864083920276079,0.169870778763597,0.1129341094840344,-0.0672191204051953,,0.5031655313955286,,0.0840517782435326,0.1549247062398216,0.8534023546046656,-0.3625305310067387,-0.3640569030393986,-0.3710174245621274,0.5841965445351347,0.4405264679451066,-0.5320411692200849,-0.3661876895471019,0.5798405353953494,0.2662543084425701,-0.3139788107482096,-0.3295021245342209,-0.2571057426732427,-0.3791892222148927,0.2652234054812599,0.29448003539754,-0.227533891234587,-0.0720363720306815,0.2332233573564651,0.2507873905696688
Lonely_Q2,,-0.2877865896793292,,,-0.2749912736300303,0.158873804407905,0.0470224417052521,0.0819600962661726,,0.2720186428436347,,,,-0.3097195854480883,0.1406429858960149,-0.0175721221810071,0.0667474470672534,,-0.0981328556999406,0.0010148728425593,,0.1276994654560948,,,-0.2980759990124574,,0.3934657901139596,-0.0095346501669272,,0.5493289439855424,0.1570147450326334,0.4573452749656973,-0.0910002648828262,0.3259647871155132,0.2491080846510563,-0.1271198026442886,-0.3277061732353115,-0.10493471964182,0.3174706479997659,0.1296497573801595,0.2815780904795951,-0.1098703908651422,0.4103155251794346,-0.0527559336058812,,0.4142466419879361,-0.2623763395840918,0.4486239073316631,-0.4558788889658983,-0.4074674424837442,,-0.3105412194032841,0.2070197118956379,-0.4732974647928841,0.2729147455246506,-0.1237980465036642,,-0.3220837357613515,0.0331884840445054,-0.3075096753059121,0.0331884840445054,-0.4407156667923718,0.2934492144903549,-0.1681112476371948,0.3184182556695359,,-0.1384699614279256,,-0.2482711136195162,,-0.4135742944578366,0.1477456401199489,-0.2080100859347458,-0.2427206308219444,,-0.0961852984210074,,-0.3912262297024388,,0.1433686038235389,-0.4405818128466245,-0.7116292847260979,0.1293819162568444,-0.1190485629703997,,0.3663275269915815,-0.0375674292022142,-0.0736798627355245,0.0080994109162474,,-0.3672061209108875,,-0.0981328556999406,0.0981328556999404,-0.3277473935028384,1.0,0.7803615174659211,0.5727198331754371,-0.3958211452251401,-0.3365315910322913,0.3909785260063739,0.464641831025871,-0.1267961786025452,-0.3578370595794897,0.4225988582861144,0.4670691886035979,0.5028404243710434,0.437738822448704,-0.3217958142862069,-0.3724456370131832,0.1398937388220955,0.5758222231527627,-0.3597457403626587,-0.3532474257567061
Lonely_Q3,,-0.3361056442821696,,,-0.3124616314480911,0.1490814876220403,0.0401674455879347,-0.0098512684295944,,0.2473635328762345,,,,-0.3272146390223299,0.0933732145999092,-0.0251907389809505,0.0570169125842733,,-0.0926107228156206,-0.0053556594117245,,0.1302806462175527,,,-0.3370711220251473,,0.3669214538169489,-0.0070027418508454,,0.4733612468678826,0.0360322708958639,0.4155739832844532,-0.0508787644113839,0.2653170338592521,0.1380315742285755,-0.1737039927748435,-0.2994214114176859,-0.1573972928991947,0.228889414119722,0.1282845337038292,0.2183443958734499,-0.2095366386031941,0.2896491381706391,-0.0441265324441375,,0.3909801267825896,-0.2068056340885625,0.3575062624102256,-0.4154415107491337,-0.4643546507858065,,-0.2599303600814244,0.2105886023868802,-0.474639719303549,0.2286468243296766,-0.0867760268004445,,-0.3322943225910963,0.0283502212700879,-0.3464904558981828,0.0283502212700879,-0.4832915433300813,0.2596760521006566,-0.0996677064028911,0.2704759502480099,,-0.1934285085245543,,-0.2602975592874777,,-0.4200322518901493,0.1819934237329278,-0.2027560985403918,-0.1984609540630231,,-0.1265309150809541,,-0.4279868642262229,,0.1418589194528356,-0.4650435777197109,-0.6623796375364502,0.1114822136448001,-0.0996380390209018,,0.3282634528928554,-0.0221226303742027,-0.066872761242573,-0.038023719617045,,-0.4437896350062388,,-0.0926107228156206,0.0926107228156208,-0.303978196688587,0.7803615174659211,1.0,0.5935165946773555,-0.3970063322453412,-0.3226683108253144,0.4280390047538688,0.4447824183527319,-0.1681304816720875,-0.3028939774365007,0.450621369735087,0.4195271483421821,0.488893969185365,0.4251081384419283,-0.360666671541759,-0.4054469374217891,0.1093439283092169,0.4854570272210143,-0.3767006579033669,-0.4020347026622212
Lonely_Q4,,-0.1477767138159152,,,-0.3360299794230432,0.1335864458800612,0.0717695002859475,0.1650253993254148,,0.3760129215951279,,,,-0.34244121756314,0.192502301318501,0.0044569182672246,0.1018754183674056,,-0.1227919185288421,0.0206666100299849,,0.1364013161101997,,,-0.1434801907643541,,0.3711034001902508,0.1226108670951666,,0.5377875718780245,0.0705356477013155,0.5132143410295177,-0.0815391704819403,0.2057576561392613,0.20339476466255,-0.0387009229611724,-0.2611434127856998,-0.0169032995449106,0.3227259441755832,0.1440084205032407,0.2608503644724123,-0.0153505448397764,0.3480268842267218,-0.0410100699880789,,0.4552011957742833,-0.2241368964580969,0.3625959726987029,-0.1793559364535492,-0.2042085342386192,,-0.2104365332273716,0.2430804320159953,-0.320379761577956,0.2886816497177765,-0.0676473605860994,,-0.1941978149098579,0.0506549815097383,-0.2252822444306206,0.0506549815097383,-0.3506978073103223,0.3832343471568947,-0.120951540562269,0.2590741439206526,,-0.1439355898959282,,-0.1646811395774181,,-0.3641733557432576,0.0386834676359983,-0.0121932854432392,-0.1131227837539325,,0.0139918841035559,,-0.3309791853403854,,-0.0106164416108874,-0.2567314266955265,-0.4381834203027876,0.2335464661395823,-0.1180833586441898,,0.3058472972419352,-0.0095306727207414,-0.1003696648075909,-0.1528612099634666,,-0.1821714206820711,,-0.1227919185288421,0.1227919185288421,-0.3145185489081797,0.4639349320025572,0.4744843190174664,0.9258636094401757,-0.3378470069138412,-0.2367469216102024,0.402106113851196,0.37009918260149,-0.1888511840709689,-0.2332230952134507,0.4740060766684661,0.3541880627894771,0.4399240947122494,0.4155839985900815,-0.3058184034848422,-0.197024111486788,0.1452545629745767,0.3523124334930269,-0.229756893996979,-0.3606853647184687
Lonely_Q5,,0.2079488349872499,,,0.436482325900236,-0.1290803073812187,0.1312714997504377,0.0528036408045642,,-0.2738692073963549,,,,0.400898884613122,-0.1190025555722238,0.0593031728055021,-0.0785603488852439,,0.0829667183456767,0.1312714997504377,,-0.0734476268761899,,,0.2267583185587006,,-0.3763054379762429,-0.082532082344877,,-0.3889445355837646,-0.0028873259023205,-0.3852451852903552,0.0690661897641676,-0.1134679677940032,-0.0881229542996564,0.1195572188424427,0.393649489785756,0.1096172926420646,-0.2668588042807709,0.0,-0.2241127306450525,0.2990903319103996,-0.271894624879062,0.0741696244183074,,-0.3422641003773978,0.2450677600869948,-0.3141671754038658,0.2481239568522674,0.3248918200201813,,0.3300360849549368,-0.156145639292249,0.302058732753596,-0.1167098212436414,-0.1446263042145515,,0.1977180808721354,0.0048424154676465,0.1542796825840944,0.0048424154676465,0.314112586110471,-0.2369985664629456,0.1610726554748814,-0.2202830381918866,,0.1932277280419401,,0.0497351775250069,,0.3902227167207424,-0.0774301768027611,0.0171257911158483,0.1961288106981802,,0.0463478988684339,,0.3473374406711177,,-0.2584585873904986,0.3683997459999104,0.4251261248248634,0.0042666586232716,-0.0407222643330695,,-0.3116121522383797,0.0219164572167959,0.1114761953760651,-0.0806387785071048,,0.4299320277466921,,0.0829667183456767,-0.0829667183456766,0.5107786958530824,-0.3958211452251401,-0.3970063322453412,-0.3585024860917192,1.0,0.5273068933314424,-0.4915894527559656,-0.3112889649716787,0.4197753968879471,0.347010208865225,-0.3225531195438081,-0.3642340231554734,-0.2800219176691878,-0.359746390354238,0.3250459669479484,0.3772293101120266,-0.1086244231931588,-0.2465680884454837,0.3308916103479755,0.4007504518109639
Lonely_Q6,,0.3947386195778093,,,0.3050550732106114,-0.1357615349852823,0.0868441099979773,0.0208481840279676,,-0.1771122699923091,,,,0.2350355069647645,-0.0603907812628142,0.0171021248979801,-0.1095764759686889,,-0.0612946553710164,0.0868441099979773,,0.0251494236126488,,,0.2363624351910332,,-0.2807015011120009,0.0102804456667417,,-0.258792179982613,-0.007480459919898,-0.2462311941603939,-0.0225151396291052,-0.0942668932306561,-0.0434872793629216,0.0777780939013441,0.433737429862552,0.1310789604437542,-0.1469382418764368,-0.0385219229463695,-0.2412812235646447,0.1923962892404557,-0.1616789656154767,0.0821917329982271,,-0.2857318777749403,0.1082532428940308,-0.1703598914492012,0.3168136500302423,0.3618588138130451,,0.2341595751268613,-0.0125988631000699,0.2891793193518245,-0.1259948423995909,-0.0694867743649972,,0.2210577345403059,-0.0158912069480413,0.2124141637540971,-0.0158912069480413,0.253995010115616,-0.0822442153666696,0.0171021248979801,-0.2683787153935589,,0.1619302658355554,,0.0601329404839738,,0.5195138375889466,-0.1730964411563558,0.0802874080948056,0.1738356414526604,,0.0131775737182791,,0.2759640332713857,,-0.1363139441774627,0.3579988392738824,0.4848073918097852,-0.0177800168838564,0.0002883837098916,,-0.2436382979844218,0.0250805948563806,0.1250607203170321,-0.0663408081521569,,0.4106993307059051,,-0.0612946553710164,-0.0930770692670992,0.3686701692392172,-0.3365315910322913,-0.3226683108253144,-0.277001334189169,0.5273068933314424,1.0,-0.3764349294298776,-0.3393556395380904,0.3581602241688376,0.3342710594664829,-0.2905962989320607,-0.347483556333285,-0.2747077550286153,-0.2802646982672945,0.3154109441657721,0.4024299448521123,-0.0932371437964508,-0.2675032547205013,0.3162793408009046,0.3635278723935937
Lonely_Q7,,-0.2312517972380844,,,-0.2845776079758774,-0.0250269865284934,-0.0997207539111955,0.0208159069639028,,0.1459922395828645,,,,-0.3771936072966311,0.1588447068318527,0.0476623006802646,0.1166038764687289,,-0.1496650061296715,-0.0997207539111955,,0.0548247136531163,,,-0.2995749351531639,,0.3785987542863865,0.076268364821774,,0.3891207823911336,0.0229761509840742,0.4236798704072559,0.0042027903947247,0.0398781511404479,0.0990710883435714,-0.0942966274824504,-0.3313929774237475,-0.0897696877552739,0.3578775474967123,0.1830359471063373,0.3129070003509703,-0.20480706996648,0.2835988299751635,-0.0406043733267122,,0.3968654882362931,-0.1392682552044347,0.2851743019685103,-0.2366623887546489,-0.2939033573698301,,-0.2122348793094291,0.0744836115561787,-0.2812012782033953,0.1339409982621538,-0.0477738256720407,,-0.2378918298633849,0.0029663334548223,-0.3091655178169409,0.0029663334548223,-0.2788258698123887,0.321104272376561,-0.0798538873692303,0.1627551142860792,,-0.1430094526652394,,-0.1212530461905175,,-0.301787944570002,0.1201190970302212,-0.0759788166734599,-0.0977141078597158,,-0.1475925423372643,,-0.4324733169278557,,0.1187435835872997,-0.240243466228695,-0.3424729026311761,0.033132510870943,0.0085983058085073,,0.2787928901939978,-0.11791831050315,-0.0696883318421852,0.0066132142628239,,-0.3757006180782545,,-0.1496650061296715,-0.0703830028826024,-0.4670268104627945,0.3909785260063739,0.4280390047538688,0.4340388485781169,-0.4915894527559656,-0.3764349294298776,1.0,0.4686899426751016,-0.4088808931499824,-0.2798004142977551,0.3806949457993774,0.4134740604835238,0.3542642804708525,0.3130347908309494,-0.2065976389775084,-0.2703855406101242,0.2807472071403956,0.2664789389499392,-0.1875543558292747,-0.2492248617052788
Lonely_Q8,,-0.2426675622512512,,,-0.31417738119408,0.1514224570996616,0.0787876096810458,0.0643011722590291,,0.3063996465831473,,,,-0.3103031546733545,0.1151779417073424,0.0551331476980644,0.1118374889952522,,-0.1272930929330589,-0.0735599957685594,,0.0163823337594647,,,-0.2617918899771584,,0.3872224562406525,0.0467622491996457,,0.4173696177885062,0.0219584859273834,0.4021380205061487,-0.022777460618691,0.1513739493670549,0.0142439409011779,-0.0772510473684909,-0.2794325387532287,-0.0938192652969615,0.338798655841369,0.214658485247698,0.2361071757892846,-0.0707125185495041,0.2515806331507423,-0.0247014810685077,,0.4628733643645955,-0.1747070256100954,0.2716705493240936,-0.2868780713866333,-0.2818049992622482,,-0.2317705423067923,0.2348060693266372,-0.3574872802299679,0.2135524155622327,-0.0750456376795698,,-0.2316783438488316,0.0556083697906322,-0.2866654138132775,0.0556083697906322,-0.4383539711746999,0.2821110612072791,-0.1110299124002572,0.1896712706886619,,-0.0678386426931968,,-0.1962698019504039,,-0.3249826178476763,0.1062569739229404,-0.0779827900954863,-0.0740218982429499,,-0.0558546543938642,,-0.3839340295684447,,0.0949490009105031,-0.3302851481870311,-0.4426129546964797,0.1314574595630597,-0.0432880591327952,,0.2416712065864019,-0.0297765932169185,-0.0426110151755141,-0.0501957008304473,,-0.3254556345873965,,-0.1272930929330589,0.1272930929330588,-0.3090146185273058,0.464641831025871,0.4447824183527319,0.4237498736494065,-0.3112889649716787,-0.3393556395380904,0.4686899426751016,1.0,-0.1935003633677602,-0.3342131318542363,0.4601974676069319,0.4645308500881102,0.6295037387374108,0.3611337525121971,-0.23570879862927,-0.3018648873397145,0.1777149940195126,0.344773430753833,-0.2583530317438934,-0.2740196018474573
Lonely_Q9,,0.2255116734533117,,,0.2570971178624484,0.0244919696016016,0.1520603738569125,0.1129202608114291,,-0.1559346108353928,,,,0.5297562975425145,-0.0855513075975619,0.1040606249509943,-0.0347460640297032,,0.1062772894910025,0.1016208352116927,,0.0276027904153657,,,0.184129112118849,,-0.2087704929702882,0.0321137567660652,,-0.2673446540262325,0.075657889798732,-0.2085955717710057,0.1520603738569125,0.0443200423702818,-0.0168340128043946,0.2362141862862571,0.3978966432330054,0.2263659914145993,-0.1921856155612298,-0.0355347723721103,-0.1921134968586637,0.3055892363066307,-0.144584596652741,0.1340990890464188,,-0.1761829781271661,0.1821086342406548,-0.1385659259029212,0.2622528684081031,0.3160304821329728,,0.3085339139788839,-0.0766598054736548,0.2759674137056941,-0.0973197768519504,-0.0684688309754456,,0.2093780314082986,-0.0350767408664885,0.0431472624386764,-0.0350767408664885,0.1912041820930481,-0.1545962044330946,0.1453208144359367,-0.1509293155726562,,0.1087828878439794,,-0.070806308127163,,0.2610066519321076,-0.0221926758526283,0.0228356561781286,0.0721600653477504,,-0.0381554848619625,,0.3937401252836428,,-0.1047863270012588,0.2130562787060232,0.2488185559787337,0.1119899914815311,-0.0674142144392723,,-0.1090481455079192,0.0529584850331108,0.1427968723310961,-0.1247762098047833,,0.3331727020224799,,0.1062772894910025,0.1073243563825395,0.5053280919789152,-0.1267961786025452,-0.1681304816720875,-0.197960157967566,0.4197753968879471,0.3581602241688376,-0.4088808931499824,-0.1935003633677602,1.0,0.2790352952178344,-0.2287937614610947,-0.137688244018426,-0.0731917843814467,-0.2396991700192467,0.2670992573587709,0.1850888632494348,-0.2021596556578981,0.0600815543707166,0.1643708129697604,0.176111390865565
Lonely_Q10,,0.1532956142025254,,,0.2429734063917463,-0.0904905658545346,0.0863662450245752,-0.0176187154431878,,-0.2053942157024076,,,,0.2087403395379626,-0.0411161004372386,0.0227849690734804,-0.0217593239404945,,0.0825959275204928,0.0863662450245752,,-0.0881882681874699,,,0.1191011132465364,,-0.1918586995290266,0.0159695267156217,,-0.3228502346447879,-0.0684443041811965,-0.2790797922225824,-0.0153290737922406,-0.1419536807892352,-0.0817820254985745,0.0269314254018142,0.3054123688604049,0.0441275758593816,-0.1513105290581183,-0.0716445887993311,-0.1779406295097253,0.0629177722427421,-0.2590030518356567,0.1127724885156575,,-0.242662378941012,0.1634712333882966,-0.2955306340946329,0.2588049651131355,0.2604660343548642,,0.3043674394258933,-0.093389486764409,0.371674046013977,-0.1117146829262665,0.0002447618152839,,0.159170848268432,-0.0108192748509271,0.1576923190318764,0.0609573778186385,0.2964477927078572,-0.1720811581545669,0.0643790065767468,-0.1844414673004142,,0.0728359271764451,,0.0965731698353466,,0.2940721880715141,-0.1367708858594598,0.1944292737920783,0.1589267374517865,,0.0316223475980265,,0.3063676821142146,,-0.0950707648843795,0.2631320108976215,0.327811238303226,-0.0306137115560282,0.0976710920489222,,-0.1850049630768001,-0.0236155593495776,0.1109779913817882,-0.0432848889818681,,0.2531694584711408,,0.0825959275204928,-0.0825959275204928,0.2071974328964158,-0.3578370595794897,-0.3028939774365007,-0.2469171352589072,0.347010208865225,0.3342710594664829,-0.2798004142977551,-0.3342131318542363,0.2790352952178344,1.0,-0.2551402275177464,-0.2480397441643897,-0.2796574375060828,-0.2870099598829956,0.3167595182789082,0.2574320800206977,-0.0971448683969584,-0.1425012863174935,0.3144708791550547,0.3184035776941156
Lonely_Q11,,-0.1299206518643716,,,-0.30769667430067,0.1177129356774852,0.0919652958145074,0.1424853659456645,,0.2410417050728264,,,,-0.2359707765676518,0.1527017566472052,-0.0421737163941531,0.0536864985943539,,-0.1031241294362094,0.0378212255514208,,0.1099310451550279,,,-0.1301818700523119,,0.2733165378485918,0.0956665592033078,,0.4659551374852102,0.1789630796272877,0.4359448526285303,0.0378212255514208,0.3709655520779149,0.2397209820095616,-0.0613787339578906,-0.1580780194380703,0.1403409731055113,0.3022822807014561,0.1525784940763467,0.2859624925604513,-0.0721475551239611,0.3088507397898828,0.0037080395231998,,0.4348716482961108,-0.1676086451232096,0.3499006011481915,-0.2237469503316772,-0.2921281402693891,,-0.1788810892344324,0.1942093975195636,-0.3424555088308969,0.246165687505933,0.0534290510344416,,-0.273507178461327,0.0266942569385282,-0.0815501635910232,0.1031241294362094,-0.3748504700166679,0.3391997933084479,-0.1750453479680101,0.2558427543799663,,-0.0409574998564121,,-0.0327630978078658,,-0.296325002181249,0.0976118404006674,-0.0857948728393674,-0.1583994444617651,,0.1371905547179786,,-0.2186632294343266,,-6.938893903907228e-18,-0.2735282441788466,-0.412116757298087,0.3321732908726859,-0.1273950812359802,,0.2155565252744592,-0.0581059244804432,-0.0358670833465997,-0.0517028091310814,,-0.0112789261518985,,-0.1031241294362094,0.1031241294362093,-0.248875512145696,0.4225988582861144,0.450621369735087,0.4925766681625125,-0.3225531195438081,-0.2905962989320607,0.3806949457993774,0.4601974676069319,-0.2287937614610947,-0.2551402275177464,1.0,0.4042350684451526,0.4626076432548133,0.5286889462227269,-0.2807101745702044,-0.2822224982701297,0.1885586140808027,0.3203310027620875,-0.2265344143625001,-0.2557517461463258
Lonely_Q12,,-0.2914706497841395,,,-0.2393175090697922,0.146046220949813,-0.0742496925605032,-0.0669631074556917,,0.1875145797377647,,,,-0.2371543335284185,0.0516327122513777,0.0618619637230754,-0.0058553335199762,,-0.0795787276497592,-0.0742496925605032,,0.0055746371283132,,,-0.3582404922303774,,0.3609601973696341,-0.0087895417450684,,0.3401172616545891,-0.0091365987247812,0.3484830289954573,-0.0742496925605032,0.1689916117349648,0.138763353981666,-0.1861253187816394,-0.3439135476584669,-0.0754313673266436,0.2191626100870697,0.0988060423098568,0.1984705943302529,-0.189351272680337,0.1904526363196955,-0.0926014449656461,,0.3370985687232284,-0.2049410062928857,0.2399818791616448,-0.347401720663639,-0.3145296387330762,,-0.2179271151364606,0.1657189951430221,-0.3040403296652967,0.1494481424798703,-0.0630101549047603,,-0.2272490590488129,0.0135866120377637,-0.2264835233823844,-0.0524055035742317,-0.349652110405264,0.1718120230034145,-0.0911058011194384,0.2214064122911704,,-0.1264077725273293,,-0.1276497654724694,,-0.2884830001399712,0.1569308641365865,-0.0297456748571479,-0.0905975091112451,,-0.0197789996572459,,-0.2598654571101226,,0.0776968328431403,-0.3149962819319066,-0.4394570643028836,0.1040352695032027,0.0137252489950171,,0.2187819559570956,-0.062097955450614,-0.018255317893979,0.0567198467417964,,-0.3262660667687326,,-0.0795787276497592,0.0795787276497592,-0.3225750802462181,0.4670691886035979,0.4195271483421821,0.4016276145359843,-0.3642340231554734,-0.347483556333285,0.4134740604835238,0.4645308500881102,-0.137688244018426,-0.2480397441643897,0.4042350684451526,1.0,0.500055289815083,0.465215268815797,-0.2093483145697037,-0.3487777040065769,0.1157332617987347,0.4187823074281757,-0.2613933378224188,-0.3015543947773522
Lonely_Q13,,-0.2221081158254705,,,-0.2501304689946488,0.1173541086662517,0.1087730386789935,0.0572840144121358,,0.268462845454977,,,,-0.254267048003706,0.0808913789339338,0.0769200094175951,0.0235690344749586,,-0.1092986172341834,-0.029480543193372,,0.040675081423453,,,-0.2370963510679697,,0.4244932987531686,0.0225472906614652,,0.4320697143022184,0.0705890643304357,0.386582028629019,-0.029480543193372,0.1860645908107108,0.0960465859989424,-0.1104241489161674,-0.2336124951522208,-0.0867332158690766,0.2594710003532357,0.1947999404205109,0.2415256146933876,-0.0714376212488233,0.3069108390967789,-0.1073877905000952,,0.3765298246357254,-0.2027373552212986,0.3116049502526259,-0.3197692103159887,-0.3017500076891639,,-0.2403942659398031,0.1932761396137289,-0.3921162029556087,0.271153373256688,-0.0543492956887528,,-0.309129833798839,0.0442456109153696,-0.2948834321792124,0.0442456109153696,-0.4425878193959418,0.2802076151065361,-0.073870927963204,0.1433542856743025,,-0.0541455384710989,,-0.2147809021089023,,-0.3409147019331416,0.1265501835570527,-0.1311048506689357,-0.0638441823570232,,-0.1051694411135844,,-0.2614849627869032,,0.0957389475815251,-0.3420093388592671,-0.4046808797674625,0.118593600892571,-0.0387770226418763,,0.2648774318713513,-0.0482190010647701,-0.0885851547168439,-0.0107821577341897,,-0.2377468930597209,,-0.1092986172341834,0.1092986172341835,-0.2373665539510579,0.5028404243710434,0.488893969185365,0.4953381909069412,-0.2800219176691878,-0.2747077550286153,0.3542642804708525,0.6295037387374108,-0.0731917843814467,-0.2796574375060828,0.4626076432548133,0.500055289815083,1.0,0.392425730350066,-0.2714817194888156,-0.4157382158225917,0.1303377291383189,0.4757228301221232,-0.2732470425893784,-0.3154060610690398
Lonely_Q14,,-0.257181853503451,,,-0.1929955217736894,0.0899780277136329,0.1011424512686904,-0.0189991990351017,,0.2440502652793937,,,,-0.2321745494023017,0.0098055654003324,-0.0566524405447213,-0.0132614632684345,,-0.0713864382286674,-0.009342475418393,,-0.0476993711729799,,,-0.1825242391183045,,0.2351950563049951,0.0128648070854085,,0.2938950426265179,0.093253648188988,0.2778166223191177,-0.0645849387619348,0.3139756052977069,0.1720130211124806,-0.0808134054420009,-0.3112248239432217,0.0019736896219042,0.1456063312896199,0.1167553320022354,0.1259247776682457,-0.0769947700844931,0.1755183071352763,0.0590771010033813,,0.2204155636872739,-0.2020125793361201,0.1986817814331298,-0.2116616100506652,-0.2493367606746356,,-0.2413443923341163,0.2081851949017545,-0.2914979450442561,0.1245928485652736,0.0667451105375508,,-0.1587482285520629,-0.006593928029154,-0.2093759730681578,-0.006593928029154,-0.2483942081669786,0.1548153812338792,-0.1470305275134265,0.2289240743671913,,-0.1075828602221879,,0.0215044735593576,,-0.3419986024570091,0.0498154346121834,-0.115249244035037,-0.2217370650684546,,0.0656415490504367,,-0.299590271849508,,0.0918113842235949,-0.288663459650005,-0.4845209556349686,0.2499387704678451,-0.1472906540122081,,0.1973538748343532,-0.1265642759264696,-0.0260656989774383,0.0113249810638214,,-0.1661328079034984,,-0.0713864382286674,0.0713864382286675,-0.3854654468828238,0.437738822448704,0.4251081384419283,0.4229012138168231,-0.359746390354238,-0.2802646982672945,0.3130347908309494,0.3611337525121971,-0.2396991700192467,-0.2870099598829956,0.5286889462227269,0.465215268815797,0.392425730350066,0.9999999999999998,-0.2251244924447316,-0.2165030296408623,0.1574902814588049,0.2751928821083845,-0.20938626951427,-0.2034536432980015
Lonely_Q15,,0.1594623548386284,,,0.3703030567051364,-0.0258949184165606,0.082252858760726,-0.04477847263017,,-0.2147775892553946,,,,0.2462473012401829,-0.0801359076648331,0.1009258400047061,-0.0968606433634629,,0.0835667301743414,0.082252858760726,,-0.2040707908149626,,,0.0905226221864428,,-0.2083641266079517,-0.0974210202998094,,-0.3352734029903226,0.0481606504916397,-0.2727618418662146,0.0320896803236913,-0.1361372090347783,-0.1711579704660828,0.0367622837394889,0.239844304828698,0.0786841575202542,-0.198799246920663,-0.0353400759622236,-0.183195137557631,0.2155645054311308,-0.2220061451495256,0.1767914532712714,,-0.2256302690081152,0.1754580671499997,-0.2885754535410267,0.2413121407856174,0.2704465793806689,,0.157057970948286,-0.1045796445713765,0.2913847729953124,-0.2852021136003652,-0.0557788717314743,,0.2270420328858036,-0.0835667301743414,0.118748361414366,0.0580541458843556,0.2943578040673305,-0.2566045104679694,0.1419599632951098,-0.2467510149230167,,0.1429035417818849,,0.0672604873757832,,0.3476989802533425,-0.2000852818641836,0.1009698275673322,0.1654861113798231,,0.0094362359998723,,0.301740222652582,,-0.0416848794442633,0.3997823142184462,0.3690824879652697,-0.1117586927660462,0.0766904006414668,,-0.3332874139583536,0.0074094900790415,0.1122823865473427,0.0585291753951848,,0.3455254043959192,,0.0835667301743414,-0.0835667301743415,0.1792861105305362,-0.3297066290619433,-0.3689538280578585,-0.3353312834075865,0.3202922524151651,0.3262477612408557,-0.2019124584289933,-0.2376403650451682,0.2755745706275882,0.3271954821593386,-0.2905607759635731,-0.2184094823532335,-0.2738680774367362,-0.2428558363703795,0.99254659350339,0.3868393752747626,-0.1756896229886838,-0.2345605255571682,0.5224109746788022,0.6014773615090943
Lonely_Q16,,0.2976286226990421,,,0.3802802320729938,-0.0259146125839262,0.0798439654223049,0.0035294902590055,,-0.1772222690041248,,,,0.2437430696930586,-0.0100074707163503,0.1809852285117035,-0.030717495336211,,0.0869009458099363,0.0798439654223049,,0.010264542499153,,,0.2482018542518245,,-0.2772503935957638,-0.0522538164202739,,-0.2671620301450115,-0.0240482628530351,-0.3093289161869729,0.1813278840899073,-0.1320641864632623,-0.0479222900685331,0.1266916901751848,0.347999958483295,0.060936720749433,-0.1855413520571369,-0.0357478284510913,-0.213109842022021,0.1813846126495641,-0.2029652506324474,0.1716138611426643,,-0.2843383819565538,0.3289536593715909,-0.2149294263069669,0.2821492861084542,0.2609724224899175,,0.1858907492500432,-0.1791958887797415,0.333227027057385,-0.1347557586579444,-0.0786494705856301,,0.2712795392725551,-0.0869009458099364,0.2900893418243369,-0.0152734995665948,0.3767226125916235,-0.2145643016282388,0.1809852285117034,-0.2239282008564412,,0.060434318979689,,0.0531515068703684,,0.4932846574379383,-0.2401621573138837,0.1570827225932199,0.1910720556387691,,0.0921901462482826,,0.2061964712622913,,-0.2108291902047435,0.525525815366225,0.3440606069398522,-0.0765685373937214,0.0726355022603749,,-0.3551935613701489,0.0773724249742759,0.1167623235754762,0.0166283002140981,,0.3496609400856368,,0.0869009458099363,-0.0869009458099362,0.2177668262935385,-0.3724456370131832,-0.4054469374217891,-0.2641045977149703,0.3772293101120266,0.4024299448521123,-0.2703855406101242,-0.3018648873397145,0.1850888632494348,0.2574320800206977,-0.2822224982701297,-0.3487777040065769,-0.4157382158225917,-0.2165030296408623,0.3765364912852096,0.9999999999999998,-0.1519179754060819,-0.3293116592762111,0.4731818088953342,0.4815789844899921
Lonely_Q17,,-0.1074449947678648,,,-0.1717261638393561,0.0303387863650687,-0.1155652084101816,0.1932019409569773,,0.1046273484755001,,,,-0.2000663761774435,0.1186314353870643,-0.0624390062663012,0.0425295576451529,,-0.1238595329989764,-0.1155652084101816,,0.1175471289406376,,,-0.0586926224599079,,0.2736908474005218,0.1695540033313477,,0.1992880386205437,0.1791791794977096,0.1971437589197171,-0.0670563554972658,0.111684607046306,0.1808418736920123,0.0764847757850321,0.0420391993634755,0.1106955908637798,0.2117092172130767,0.1366983991203499,0.6577858991535833,0.0792731184590458,0.2467578372804788,0.1223219207187689,,0.1780067295064045,-0.1804972010394477,0.2185448924739028,-0.0774667333643275,-0.0594746851261079,,-0.1092766934722476,0.1775429941071812,-0.1556215892533,0.1436108317848636,0.0607109532465525,,0.0167316631704975,-0.0815660339261552,0.0479323323084302,0.0553843440239326,-0.1442779125859916,0.2030565445315048,-0.141800733857114,0.1817012646786916,,-0.1093034123780217,,-0.0432922956348111,,-0.0063668653151999,0.0448684560416254,-0.0059355596094386,0.0170451174176755,,-0.0528667768303009,,-0.1479631475226125,,0.1209304762172836,-0.0866948028754308,-0.0754063214678792,0.065558545663519,-0.0134315306331981,,0.0415659482259729,-0.0052523632877863,-0.1050841507361254,0.0229205409284951,,-0.0400406114379024,,-0.1238595329989764,0.0553843440239325,-0.2076207577928709,0.1398937388220955,0.1093439283092169,0.1714877101162443,-0.1086244231931588,-0.0932371437964508,0.2807472071403956,0.1777149940195126,-0.2021596556578981,-0.0971448683969584,0.1885586140808027,0.1157332617987347,0.1303377291383189,0.1574902814588049,-0.169362196250679,-0.1519179754060819,1.0,0.0316462502063026,-0.137816124116565,-0.0780840310423257
Lonely_Q18,,-0.1577364093264032,,,-0.1529148773152114,0.0933630046978569,0.0143890911744866,0.0857628368772612,,0.1602394897463676,,,,-0.1015673036539459,0.0888579126099251,-0.0009580607885808,0.0527250949546862,,-0.0422766122430358,0.0143890911744866,,0.0774766875075338,,,-0.276495671070289,,0.2723942798465192,0.0543524805286249,,0.3063730096112354,0.1068419860216702,0.3301770290211985,0.0598987748891418,0.1928549378347918,0.1733772991234238,-0.0205934387417224,-0.185156171978096,0.0078150941270987,0.1947143716936641,0.0961850342983025,0.2066664061984748,-0.0467641361529505,0.1945584269968491,0.0200588663918782,,0.3292524918146307,-0.2008118150932024,0.2695698245726099,-0.2830940425337906,-0.2336751851159677,,-0.0716881618465329,0.1104054285970982,-0.2863983846714677,0.2784567162663985,-0.0619958975259258,,-0.2390171022366614,0.0422766122430358,-0.2332596301550764,0.0422766122430358,-0.3155901365612381,0.2121354069823409,-0.0754130706440059,0.2640281809314835,,-0.0490753380415335,,-0.2086327030082546,,-0.2762614024532545,0.1023890992724477,-0.1912807317390489,-0.2324790664750378,,-0.1373089363677593,,-0.2294557027869348,,6.938893903907228e-18,-0.3904400697905568,-0.4738310154698715,0.136305787348018,-0.1074393444437525,,0.2405755683858491,-0.0999395884933015,-0.0855761295419055,-0.1210088002230148,,-0.1802141314599836,,-0.0422766122430358,0.106518168277146,-0.0523891244287724,0.5758222231527627,0.4854570272210143,0.4033431948728648,-0.2465680884454837,-0.2675032547205013,0.2664789389499392,0.344773430753833,0.0600815543707166,-0.1425012863174935,0.3203310027620875,0.4187823074281757,0.4757228301221232,0.2751928821083845,-0.2367422708947516,-0.3293116592762111,0.0316462502063026,1.0,-0.3526250984992549,-0.3377672257742745
Lonely_Q19,,0.1803441826619296,,,0.4071773798424368,-0.026529622490435,0.0832336897066841,-0.0272221477174413,,-0.2214309368186572,,,,0.2555226435936742,-0.0833601489782349,0.1418706546907836,-0.1232193696005464,,0.0784125999130077,0.0832336897066841,,-0.1842963440847331,,,0.0605404757363721,,-0.2129755471021347,-0.1514401985508212,,-0.3189406139610701,0.031688971445931,-0.2735940240395085,0.1318164442135899,-0.2491064828261091,-0.1354068032623809,0.0729906160538861,0.3160143371549759,0.0850519031183915,-0.1730798490702304,0.1026799908751718,-0.2128543713727675,0.169329309763792,-0.242012854941739,0.2253094371093978,,-0.1749094994470884,0.1564044357313895,-0.3096364588339233,0.2109018654277941,0.1760402262923367,,0.1550896446415991,-0.1191522497893691,0.2930065903519182,-0.3016525116884146,-0.0975193703244707,,0.1682535100937694,-0.0784125999130076,0.2202074240121671,0.0587464172981698,0.2984291982196059,-0.2664437903257382,0.0623880221966679,-0.30068217307406,,0.1305819908197099,,0.0325602980899769,,0.3414555394958251,-0.1845619048445056,0.1673405528705998,0.319343837174143,,-0.0286526945838224,,0.2244764272700781,,0.0100928924750682,0.4832619245852351,0.4058946673692538,-0.0976237062264131,0.2127870434734336,,-0.4342253351083892,0.0439364745216064,0.1053571658870263,0.1859021977934062,,0.28494000815348,,0.0784125999130077,-0.0784125999130077,0.1025605059725923,-0.3597457403626587,-0.3767006579033669,-0.2814969047941949,0.3308916103479755,0.3162793408009046,-0.1875543558292747,-0.2583530317438934,0.1643708129697604,0.3144708791550547,-0.2265344143625001,-0.2613933378224188,-0.2732470425893784,-0.20938626951427,0.5165190792043011,0.4731818088953342,-0.137816124116565,-0.3526250984992549,1.0,0.6950237653584369
Lonely_Q20,,0.2228784467972095,,,0.4159068693222193,-0.0071286233605321,0.085772308591612,-0.0157963319786783,,-0.2273037265944889,,,,0.2689021779381793,-0.1317443635578286,0.1052442726511613,-0.1259146002087252,,0.0802001489108341,0.0359217360768289,,-0.1790746009159195,,,0.1794014886121596,,-0.283588970753889,-0.1395228021746804,,-0.3102701115977839,0.1527152594167302,-0.3232383130399701,0.0857723085916121,-0.1630119530903568,-0.0690277077034051,0.0863852819046735,0.370171954767313,0.2030396345424759,-0.1977640861211299,-0.0702396887248324,-0.1903607122590947,0.2739562121267466,-0.1898460305111582,0.1843560371616341,,-0.2591148281658016,0.2055366005759362,-0.2478868590228019,0.1977433659456416,0.2338616180497811,,0.1320349591497445,-0.1075725834906091,0.282245584367733,-0.2982921483791731,-0.0523117613371024,,0.2285262207930364,-0.0802001489108342,0.2042100327760606,-0.0098309859955216,0.346117312004639,-0.3077041671124896,0.1052442726511613,-0.2092630055287958,,0.1845366644088232,,0.0260021545053953,,0.3149902069636773,-0.2456135936468983,0.0896660732275557,0.2150898668224998,,0.0130149404430453,,0.2761011405674922,,-0.1035627710530037,0.4258729790336439,0.3309717473683956,-0.1051102130027185,0.1440555052479474,,-0.5106160948729694,-0.01617166896181,0.1077589622374105,0.1368440841046465,,0.354244236449163,,0.0802001489108341,-0.080200148910834,0.1466728877514618,-0.3532474257567061,-0.4020347026622212,-0.3903281921564708,0.4007504518109639,0.3635278723935937,-0.2492248617052788,-0.2740196018474573,0.176111390865565,0.3184035776941156,-0.2557517461463258,-0.3015543947773522,-0.3154060610690398,-0.2034536432980015,0.5951929119309033,0.4815789844899921,-0.0780840310423257,-0.3377672257742745,0.6950237653584369,1.0
