iteration,item_r,item_slope,item_intercept,item_rmse,subscale_r,subscale_slope,subscale_intercept,subscale_rmse,scale_r,scale_slope,scale_intercept,scale_rmse,item_within_r,item_within_slope,item_within_intercept,item_between_r,item_between_slope,item_between_intercept,subscale_within_r,subscale_within_slope,subscale_within_intercept,subscale_between_r,subscale_between_slope,subscale_between_intercept
0,0.7584118284191264,0.7192868576472004,0.014533253255988818,0.12910075917617123,0.8899536983659107,0.8798445436079206,0.02397182889746204,0.12456010720913724,0.9332489133848907,0.8995961451034568,0.01540515436938698,0.08680561813416457,0.8792850894896621,0.8618200796604086,0.008065118438700553,0.6930049355549424,0.6476398397895768,0.015107437809327417,0.8196992202675768,1.0661257932801653,0.028498426523220946,0.9018532976448125,0.8632734435338698,0.021609595494554573
1,0.7686779712194086,0.833238577013898,0.008566430162019746,0.12673595595583417,0.9013921742858928,0.9340701451487085,0.016297299879979354,0.11822903845193757,0.9848357687268497,0.947269520416371,0.007390844133532126,0.04200346449727536,0.8841160613552862,0.9621955767902024,0.010758535974621635,0.7064908558780052,0.7638898072877721,0.007828616940781926,0.8106568464596584,0.9312953353673332,0.025718959517623447,0.9117288852920407,0.9335531225980184,0.014682606050781529
2,0.7734948469569365,0.7177069146459097,0.010274048900122809,0.12458982457999741,0.8995535322552282,0.8273267977264759,0.010039411945323568,0.1192664736775674,0.9769532136164536,0.8885650653665962,0.004918090106709248,0.05392684427168203,0.880260078903642,0.8210889340497949,0.016216565913873375,0.714763344581411,0.6601450960716999,0.008848015514231231,0.8634614148707549,0.7470356290983464,0.017622825995347854,0.903355178458124,0.8365534808397596,0.009489565341660495
3,0.7566087896247374,0.8602270556575135,-0.0075765428500762354,0.1318920823492531,0.873419265201332,1.0403318626829037,-0.020941579945187652,0.14083340107322748,0.9765735829327026,1.0587830939222136,-0.01850880516431495,0.056371089427970644,0.8684748159575317,0.9460364879898779,-0.007163149755481055,0.6960295437965055,0.8100402548317882,-0.007529174477107248,0.7831413121890272,0.9538832871890662,-0.029832278120554924,0.8835908153403469,1.0520804032421474,-0.018467441511542223
4,0.7458264828226486,0.8950205530016738,-0.014805475009604831,0.13801249142300143,0.8863832757234602,1.1919829834760463,-0.04863436045026112,0.15120775455641935,0.980714415956079,1.1202705940458038,-0.05056106190130561,0.07238147136371043,0.8864247739814485,0.9758517726743822,-0.007186157039538719,0.6728951594908157,0.8429529826156639,-0.015916248989379357,0.7917388792583324,0.915626663150928,0.0153256025152792,0.9002386169604878,1.2282236912041973,-0.0584829594901036
5,0.7710835870757583,0.7169698685632135,0.013486410519840045,0.1264434732865999,0.9026028288660927,0.7826098956245706,0.02504955712110684,0.12361612999486515,0.9517328588288644,0.8478681223271153,0.021217373388780568,0.08055441627095228,0.8730232662052202,0.8353786312792313,0.011495469891804042,0.7156150050235687,0.6562192777781817,0.013363307445577817,0.7584966182515489,0.59870916389351,0.03397971477678564,0.9195201016190088,0.8066166792709486,0.025232104498149947
6,0.75573146235941,0.743949096746687,0.009666399379869819,0.12963562899304545,0.8951523467711999,0.8977141811085506,-0.00206464813504617,0.12096598373457856,0.9534193150665142,1.0411294532844826,0.009308900906415684,0.07425645174214311,0.8825810911438586,0.8550260511158707,0.006335244659938071,0.6880681929029386,0.6841764537581257,0.009979847361531059,0.9260132164930818,0.8822353289937496,-0.04045740228964312,0.8945340543290937,0.9059518413652355,0.004694956322474352
7,0.7620611257908774,0.7560254196234094,0.00035811130213841947,0.12814579644518773,0.8828226949890374,0.9253228425400153,-0.01983282985583325,0.13094478996965506,0.9766284041386606,0.9345637000423133,-0.023452757893099255,0.056436899967740886,0.8747380516629054,0.8714731196351898,0.011455682637963151,0.7014212278843411,0.6916304303185465,-0.001811078334769715,0.8898587061176345,1.0206546260835354,0.022458718231020778,0.8849683501805503,0.9147604536398379,-0.02784023528294212
8,0.7665742582407337,0.7068324367754839,0.01180366729891793,0.12759457047113987,0.8934791287400994,0.7840334949612566,0.015540012964172054,0.12660407915561273,0.9539265707881884,0.8047662919668439,-0.001993182752936986,0.08071600311188126,0.8781581389420301,0.871721989440644,0.017307370754165458,0.7076280101938912,0.6260381896766992,0.010169670020320475,0.8140777303899537,0.6831341950956119,0.052446377968269335,0.9033204000558572,0.7941490696347934,0.009781124640234812
9,0.7649259845365397,0.8726165058084612,0.010818942331698181,0.12910880008575068,0.8814891497157326,0.985133662186587,0.010276545682765096,0.13164706641583693,0.9788930368899257,1.120130470533224,0.007871399615435313,0.05688789344993824,0.8869700578295123,1.0066823056088199,0.01678090679769707,0.699299096948454,0.7985237445490091,0.009342850541301012,0.835999758900999,1.0153721526437762,0.03534313610651857,0.8871199906251674,0.9805108277102652,0.005705118284960896
10,0.769125391393848,0.7447131611615698,-0.001435190302384162,0.12665499846486847,0.8781519933767157,0.8560147078427429,-0.008922278533869218,0.13233746638259566,0.9444212495718725,0.9718125594988842,-0.006074180910830867,0.07849898476909732,0.8749792561608204,0.8098796493904258,0.005387147471865847,0.7123114090647664,0.7050334766989451,-0.0027440845201615713,0.7616422855968619,0.6558590562521698,-0.0024709495906848613,0.8921868880412491,0.8833310450525258,-0.007997134577931166
11,0.7645621097999497,0.7742992396697669,0.01279321427702864,0.1270950867569628,0.9012012861197094,0.8802705554822566,0.0148051023571533,0.1171821730327033,0.9672575178907313,1.0356065716018221,0.020466861274131817,0.06438011574325499,0.8828580169167172,0.8919834002771863,0.01380006683811475,0.7006839063416898,0.7106017624451166,0.012168133355775719,0.8436350132137977,0.9897588778259641,0.0027475884457590946,0.9090670348253977,0.870969417799133,0.015813447432659535
12,0.7859687714784218,0.8144356105773699,0.007009626732733233,0.12084121474348357,0.9156594937277397,0.8930438371042912,-0.001461721072129772,0.10827816734027668,0.9596165482192385,0.9855264281419939,-0.005081323403059529,0.0662887298666484,0.8894926613290316,0.9116787848900212,0.007114410357844901,0.7292888336327226,0.7604908251054344,0.006776918362233333,0.8776093760680742,0.7310632498300323,0.02145764342944813,0.9209836907647393,0.9132095668328215,-0.004107288411323851
13,0.7617869707099293,0.8272431191133074,0.0065197105750483385,0.1290507780557515,0.8901928243873578,0.9820783429462282,0.010541372136996786,0.127076844236034,0.9487801586012065,1.1126875837895447,-0.003150421496527007,0.08297877384029206,0.8779749391946334,0.9307091482519277,-0.0032357048348565435,0.6996338692632932,0.7727288464761333,0.008107293773307671,0.8068742336621381,1.0612264603131139,-0.01643472112930752,0.9015237281356848,0.9775849924775807,0.014296880708120163
14,0.7514520270109549,0.7736312036628242,0.00497001743865727,0.13164637340136975,0.9038158946769039,0.9546280743137879,0.0051745632505845835,0.11664285739861818,0.963753971553205,1.1311764527569164,0.00200070973305983,0.07240766589591464,0.8977055981570738,0.9100102120883914,0.004883620038267774,0.6750584079107524,0.7004801587679147,0.004715342996962099,0.9181649088265944,0.9350205522578003,0.0194718669113958,0.902137532407093,0.9557062057334383,0.0028550159427072107
15,0.7560580173028506,0.8606190244831833,0.004246418424125982,0.131590416937508,0.9137684566249809,1.122187357906539,0.009429911026980143,0.12177115034520845,0.9601499559811691,0.9202885749510715,0.005938076073088098,0.06667906334453307,0.8776554030943132,0.9851721392739117,-0.0027847193435020356,0.6908780243821034,0.7945445142011271,0.005334985790319794,0.8443205616498493,0.9676304309084598,0.021804458644503952,0.9215421159999851,1.1406376997360108,0.008488201047448253
16,0.7630524668254256,0.7123909077947305,0.01414694028563851,0.12816990885371363,0.8958824964860759,0.8225202438294075,0.01403265782779806,0.12209230961867974,0.9819161555813148,0.8174564162405027,0.018647054433260687,0.06361144861291597,0.8692007896599122,0.8398489225391633,0.021819759224851482,0.7052331018106185,0.6448723480268086,0.012246325818431018,0.7835485796996254,0.7489133358129395,0.00624333640295965,0.9089084642652243,0.8321655630968828,0.016193492830098653
17,0.7667135510460255,0.7081871383197577,0.011245964177128006,0.126798303512779,0.9257554123778327,0.8572920094091366,0.006697376904837311,0.10220010943038854,0.972635427685196,0.9252962493296749,-0.011041247963510156,0.056415943083632736,0.8803509122340191,0.8409074006431441,0.012445728669642766,0.7048114207577637,0.6392958971654591,0.010578299327959707,0.9268956339706246,1.054828960753452,0.018779100883614,0.9286672876051038,0.8383768216676238,0.0029164597092986816
18,0.7690753314867781,0.7582911682810228,0.009724664339855539,0.1261490131943459,0.9139602952400997,0.8569317760226086,0.024409455239285453,0.11207131628754054,0.9718079241152903,0.8615621586938566,0.028513223361293673,0.06875146765030209,0.8867944593395771,0.9165108095831016,0.005364192979700189,0.7063433159686252,0.6804726795961296,0.009962917038824473,0.8811328065628167,0.961797788906638,0.009649776947741892,0.9186688658507081,0.8480347762369804,0.025885345613484066
19,0.7832062102391011,0.792859119142186,0.004099942828430747,0.12153012860006548,0.9252436359854839,0.9837250004120062,-0.016738799556861316,0.1040929347693738,0.9833672812645106,1.0231410860426458,0.00279848010691645,0.043019276478794784,0.8814629057478421,0.8867297720017577,0.003713459200124707,0.7290504539418571,0.741062357717907,0.004023187232624712,0.9074003462251959,0.8665757339621163,-0.009175211215250268,0.9276818874501923,0.9987561036884725,-0.016927715673640677
20,0.7830851196749575,0.7437543167454902,0.008051785653500563,0.12200664737265464,0.9087245944580583,0.8749699692191093,0.011225049510630325,0.11301295918601727,0.9714957163257756,0.9808883903506574,-0.019427171056970078,0.0587952949921078,0.8917385777908432,0.8191956331688847,0.016415916686712745,0.7245822047791463,0.6985888477769033,0.0062804500990098445,0.8751094005275949,0.7367379499050695,0.02953504832619845,0.913106441320475,0.8917198011766981,0.009192566991893867
21,0.7702398887617047,0.8202154687849862,0.0014950516801409011,0.12624600533681998,0.9010868887217719,0.9706668960764608,-0.00480194815202976,0.1189790317816451,0.9715905367993638,1.028928164649446,-0.012686833881326307,0.058037540361011095,0.8908881049245223,0.9328818817623789,-0.008521812521087064,0.7059717193060007,0.7613844224603694,0.003201502014370559,0.8024122687231862,0.6751029136196499,-0.006277559114572314,0.9171886956031996,1.0201579369193798,-0.0012707759692506496
22,0.7443512409621742,0.7654584247953766,0.007584472201160263,0.1333683175012704,0.8620965475130151,0.8904092220609436,-0.005063736487253829,0.1401579710610925,0.9122909717858545,0.8912394518258088,-0.0071294361845984835,0.09861743812123314,0.8879702958228343,0.9303604821126793,0.013436722377831915,0.6692521373490146,0.6800805304447257,0.006144051930683491,0.8917448286466177,0.86964391208737,0.043374407255409975,0.8612704807775938,0.8912144155842743,-0.013431213958631973
23,0.7497597792916176,0.6521920046796782,0.022870624853274752,0.1343155296454934,0.9058653214752128,0.7747898740636209,0.041847218909355416,0.12551415520069803,0.9628421637700693,0.7628575374847665,0.040866035969729674,0.09336222738824367,0.8732194469528255,0.809469238213997,0.027191603090399554,0.6838400324061422,0.5743279542806847,0.021168340066971544,0.8666742187689964,0.8190043124961368,0.06501478172023593,0.9114342028586383,0.7688276806450987,0.03749734773960836
24,0.7526011345566622,0.7352827759405102,0.009506943186624742,0.13107660480974118,0.8568783973525569,0.8274321008766258,0.010451925057359061,0.14281853958935514,0.9413197557565,1.047714104870831,0.01036196147106604,0.08468730090953096,0.8768871201449261,0.8166563462504455,0.025867002981220792,0.6873711349766124,0.6847849718557942,0.006207004424685285,0.7242055422146843,0.6576578010824784,0.061059556356001896,0.8740143535404302,0.8466675320677608,0.0025875156206357926
25,0.7607127093993625,0.6953620476029952,0.0067768261526841775,0.12941270415135675,0.8763819499327767,0.8592360829046324,-0.017437524900947406,0.13435426841244608,0.9196021760313693,0.9469210449577831,-0.007227889931563989,0.09437509028126662,0.8791100686688078,0.7699078185945486,0.02790319666310671,0.6989481124801896,0.64839191939338,0.002607530398162045,0.8162926903335059,0.7077303341898888,0.0010586200346515329,0.8833602710910693,0.8777079444957239,-0.019260080498646956
26,0.7599034088412986,0.7189677639568856,0.012415173462455341,0.12911657477989064,0.8817645400047736,0.8277516216426767,0.00016249988993111657,0.1301752313906994,0.9431182460688934,0.7681382975263489,-0.00787726328340311,0.0924596323768961,0.8666919328329076,0.8645996390821459,0.005750272265453088,0.7026342458382724,0.6482921144067867,0.01303173988572091,0.7985795603952277,0.8171326020493936,0.0012525148741994736,0.8910364012921163,0.828801251534368,8.330537245522357e-05
27,0.7706341933854088,0.8068729915165659,0.00825681139908191,0.126053084596164,0.8892747490113807,0.8736897043432909,0.03228122856967975,0.1278785222856872,0.959497848851267,1.0575527383084462,0.013242967987921486,0.0709629806840211,0.9073784014788849,0.9442461698011969,0.003045274563791704,0.6986426037254552,0.7351036446022453,0.00885316236876628,0.9073544705483394,0.9329606614448808,0.0258091530491931,0.8871465605397446,0.8678765900650657,0.03286329731225851
28,0.7548509367038743,0.7714448028312975,0.017946994907614453,0.1306989383971978,0.9262609195150101,0.9132810487369997,0.026996203721220975,0.10359990495566714,0.9621383291545751,0.935126581032755,0.019891453958815312,0.06742361211091932,0.8667534985694638,0.8965347373592066,0.019595130434662468,0.6941105767267551,0.7050206335415269,0.017057671317958836,0.890559294467562,0.8253209827045147,0.0254069954227678,0.9303038039123273,0.9245143893529455,0.02811186924666666
29,0.7688337143002396,0.7917903088244824,0.0021748062221616698,0.12607225419252638,0.9139265668112047,0.9073143929523447,-0.009791382324199932,0.1096160628560857,0.9590383934953842,1.014312545263464,-0.01287174363990501,0.06867680846380482,0.883883628657249,0.9043164471408693,0.005870175603915047,0.7070107698337187,0.7298508778844128,0.0013530136978245314,0.8218498378981095,0.7553238306551683,0.030161529712172626,0.9251996553647683,0.9239176210999211,-0.01574311306146572
30,0.7655999650046923,0.7196988282200376,0.006015812267216174,0.1273235541230658,0.8886599079177313,0.8266443514380196,-0.014893892387942196,0.12813026476115827,0.9739148751995205,0.8840172005036117,-0.01253820503121306,0.058662410248183805,0.8786704156830559,0.8345636072643782,0.008259453473246041,0.7039728571504409,0.6578163931081058,0.005314599402242161,0.7928050334446848,0.7935147821464524,0.004046722839995368,0.8999338047442444,0.8289945003036387,-0.01787923298221803
31,0.7714287429877621,0.7259771182443626,0.005415363861099621,0.12532915824241359,0.9149538646078232,0.8846265096375997,-0.008110305951953034,0.10931624053680782,0.9807499815347371,1.0548600900016103,-0.0005353315128967301,0.04802936726850741,0.8780294167556147,0.800770140861301,0.012572532032451266,0.7135991675842066,0.6814419451025638,0.003924192527004156,0.8260529693999135,0.7681383238190511,0.00405806473486024,0.9247743779103004,0.8981186494332758,-0.009095023835240178
32,0.7908041838538021,0.8217686495815668,-0.0015318671993955998,0.1195986217779403,0.921315311259476,0.9267528918740703,-0.010581875214191405,0.10509014434109581,0.9522312005720635,0.9218070838024133,0.0170669662899005,0.07431643257807441,0.8905539428035492,0.9518581449932404,-0.0077095494486145106,0.736378994321859,0.7554778723128788,-0.0005500607112946623,0.8468324955018902,0.8276818503055283,-0.0041345988121395914,0.9295465642767524,0.9385144924053411,-0.010730611158651242
33,0.7609817806349822,0.7861185785345576,0.01575469342992494,0.12874800259825273,0.8992006709496185,0.9648334543874498,0.016501276798467735,0.12066524255097515,0.9508542728522548,0.8322672340115108,0.02165966592016299,0.08261046279673952,0.8833454683016391,0.9234900866456606,0.01849981746751066,0.6952780674611342,0.7133360583033208,0.014685654035674102,0.8667307412468183,0.9454409031344015,0.04784923060045936,0.9034402690795782,0.9650382219628257,0.011153243288306572
34,0.7532014076305975,0.7693071090388386,-0.0007514421110363716,0.13120922789365136,0.8990570939476044,1.0002161005083734,-0.01902750571236278,0.12297381846904912,0.9644594731489526,0.999997817217855,-0.026482901136149595,0.06789614875741441,0.8734371628267216,0.8970313969940619,-0.004469804734364169,0.6886559685993281,0.7024398631552226,-0.00019533791334498413,0.8559322501953196,1.0629409828204477,0.005980586791145124,0.9049596400499985,0.9925294470465086,-0.02385006459997159
35,0.7653786638263503,0.6861927019888896,0.011905087414034685,0.12846374640301017,0.8755503523750521,0.7474210277331342,0.00638661286243593,0.13882962764530868,0.967267692703409,0.9460273360184501,0.008148679557053128,0.05964096313941316,0.8840896795431633,0.8186211135035479,0.01048710323558884,0.7019671693558727,0.6192667445962644,0.01161557625870634,0.7768366262573021,0.6807091996376782,0.019705908629644813,0.8862848046013831,0.754032172092463,0.004732288601930786
36,0.7314840175757976,0.7201063643506851,-0.0012647515124942382,0.13743838945460338,0.871938531057256,0.8830075209030666,-0.0029683988954609837,0.134206289268081,0.9703793890724345,1.0488993214839102,-0.025496912846120958,0.06424670933890828,0.8723632343819687,0.8874016222244046,0.0024965137876540593,0.657228143357694,0.6349774822345953,-0.002100264256603658,0.8391347852156797,1.0300056323046223,0.04118122989985206,0.8805546664553497,0.8686877598824938,-0.011587463973796768
37,0.7527897816800435,0.7469893728649175,0.017798128950235744,0.13099086029475657,0.8509991158916826,0.85584120846016,0.04763008701890573,0.1516965581537983,0.9280506622974195,1.024727712224419,0.04111655372860418,0.09992635332561559,0.8883816308617042,0.8463228904943124,0.01867658919060032,0.6811153999089686,0.6906477062269211,0.01715202844868308,0.8528070854315244,0.83585081718306,0.02968837971841808,0.8512470274156654,0.860565086708308,0.05098159107513458
38,0.7423951090987037,0.708903184487164,0.0024276302033792775,0.13452207269746094,0.9136220034642774,0.9263265776222702,-0.024973803401194077,0.11328996557638729,0.9466040002512001,0.8541797831699223,-0.00624438570781729,0.08002856753402121,0.8687641960079334,0.7874198225603287,-0.0005720819867156207,0.6764101506867437,0.6648675670186018,0.0028867635489595775,0.8905046360520716,0.7795992427274578,-0.025062302890203454,0.9175379844516177,0.947010899501554,-0.023397030746767095
39,0.7654273783740398,0.7554287606224631,0.0037020310153505803,0.12733099359336666,0.8932570948198417,0.9386255451068338,0.011477793055405175,0.12358768652920792,0.9664204606867779,1.0515984945927206,-0.029774385208404554,0.06948233206378013,0.8761730981652021,0.868331927205177,0.0027922258241188727,0.7054815588593781,0.6952523367312684,0.003658480388720354,0.834907343263051,0.9426038172687226,0.06240880923853115,0.9028034277378947,0.9365574322644598,0.0025302379850092524
40,0.7634667525129394,0.6736602500737623,0.014587537843955535,0.12932727131567873,0.8997701459906187,0.7517625237746219,0.015387052854350486,0.12600529531396093,0.9822258695321671,0.8939526070447498,0.01737403414278027,0.051771484786831044,0.8780137402874589,0.8201243142245792,0.0035116093304341386,0.7023122362510694,0.6038967230732311,0.015924261760389795,0.7878872378077798,0.6354399993793665,0.00238714480129325,0.9134002041562878,0.768344051696001,0.019050687655769984
41,0.7629207957533339,0.7869766653745329,-0.002733913873388138,0.12856686192881686,0.8809551296128288,1.0098975938696306,-0.03426086876882677,0.13843075173934724,0.9447725819957286,0.8520813476158287,-0.029083130942879384,0.08705169495216623,0.8882559260571314,0.917618269534348,-0.002197758211035201,0.6958894870074879,0.7170703201760462,-0.002896160265008908,0.8930702919338831,1.0067603300981363,0.02195337214960966,0.8827892817301844,1.009055294373013,-0.044094705952164505
42,0.7868860912843356,0.80542596055836,-0.0015029595091336544,0.12093946840291576,0.9203927872229294,0.9326843478962462,-0.005233053433044822,0.10516280121349646,0.972813111425151,0.8765589138399893,-0.006242428923932432,0.05954087199309037,0.8858804051281045,0.9155350296850568,0.009137448049045111,0.7331372898582027,0.7438142388796677,-0.0035371937920405617,0.8708186643043838,1.0100040058656394,0.016380063696897092,0.9274237609536575,0.9237797366748073,-0.009604388915387027
43,0.7633945505910859,0.7126939734145527,0.015646154190693998,0.1288517868920895,0.9041595468819734,0.8756005434450387,0.015917500798399948,0.11639603258299755,0.9618753922106155,0.8937085077166865,0.014215110442001206,0.06808886370463099,0.8854951867809852,0.7959965162421524,0.01547453501515546,0.698679562807337,0.6658486497887038,0.015304691303671096,0.8854477142078827,0.8205076349482369,-0.004044648120785029,0.9071960751743209,0.8853121004208322,0.02001190803357631
44,0.7522441568370751,0.8499964253659766,0.00630521128147061,0.13263725310495755,0.8654860665874891,1.011987881178503,0.005690699774203274,0.14331611004549433,0.9484687628704842,0.8836067791273177,0.014088388684831015,0.07773863831945789,0.878456785784215,0.9483899983881231,0.00719871955625257,0.6851180591797229,0.7931600519628433,0.005984258009920843,0.8254673271897687,0.9475977159980178,-0.021830816377718536,0.8713477994517828,1.0247879097540316,0.011175952148802628
45,0.7663510088973052,0.7021262943552973,0.010035363111453924,0.12774984936714523,0.8904145450618656,0.7978830368444763,0.01970669265284331,0.12743554823745723,0.9698248020405883,0.8320443661829086,0.023357370250404852,0.07145250242042127,0.8843730623904191,0.856407996445888,0.001188347713424685,0.7034859660491671,0.6279699885676377,0.011050054815036492,0.7887088517049248,0.8175829500502028,-0.022132419790354258,0.9062294830213964,0.8018892152284316,0.026651981143600654
46,0.7521973306469222,0.8980493500514622,0.014901306294316843,0.13433630047966322,0.8967214084649441,1.0655323670404024,0.014912883423882842,0.12785284168843525,0.9610154232971545,1.1619604394089291,-0.009260876167394901,0.07770159563590401,0.8722558449415619,1.0073502605831746,0.011916272404100689,0.6869719519144462,0.8365107928891681,0.015097475423851245,0.8699785985450613,0.9255560537731189,0.0515501250345993,0.9008063298088912,1.081012218482117,0.009314846099986748
47,0.7481124734968164,0.7674329760668517,0.013539792452554069,0.13258109104386795,0.8877561132898664,0.8675037237660572,0.043325352187246466,0.13192772319260632,0.9512985275084358,0.9559018193329104,0.05450256463066344,0.09168341156037248,0.8842548984502149,0.916543079458637,0.016626713416788418,0.6762511917812359,0.6893855917438214,0.012418743719689889,0.9019453253107148,0.9627442543702863,-0.012361707529682195,0.8902595840742816,0.8666156898820393,0.05172872644930675
48,0.7759919744435637,0.7655522736711903,8.276298614142222e-05,0.12413512797421039,0.9038157707252366,0.9025851857189741,-0.012858336050043022,0.11721275951458444,0.9611663258326106,0.9446155133396114,-0.029394745943901852,0.07133333073241101,0.8817569636733017,0.866047936816543,0.0034533062413178647,0.7183096373750066,0.7096896154255038,-0.0006413617675188199,0.8167395396577316,0.7705302296695707,0.019572136578183283,0.9141260987363143,0.9170011236587947,-0.01748080575429121
49,0.7642169072863207,0.7111977144463381,0.0072298230717750284,0.1275364949563945,0.91193569212563,0.8606863819270507,0.001066601261264699,0.11105146403598441,0.9817358855454444,0.9508149412275744,0.0006596998691498633,0.044698041988869196,0.8829849087698822,0.8110013410319333,0.007889489629390645,0.70022540457939,0.656303796086774,0.006851775003245512,0.826837954407323,0.731929640279462,-0.004931946023787331,0.9219809407879025,0.8780259852542448,0.003471069021318641
50,0.7653842844740822,0.7795501714644278,-0.008186724770261451,0.12785635744768717,0.9093080320401359,0.9549275958254256,-0.03693318897791674,0.11963184989795676,0.9430807286183465,1.037180051014344,-0.033423083849698505,0.08720677824590133,0.8911800614424019,0.8676587745161303,-0.016449503356174115,0.6989564954834787,0.731446130943694,-0.006541961152270448,0.8989634811878742,0.8572462683885007,-0.0389783872082289,0.9109708872870165,0.9682036494944914,-0.035508092165914724
51,0.7719045969481969,0.7179330680344852,0.016483848359109213,0.1258685611351058,0.9246274999744004,0.843198460808055,0.024847515991068485,0.10620506380945942,0.9409824818202087,0.9280175254284166,0.0130675849039985,0.08118494022965306,0.8791816893532549,0.8423518608681313,0.01353970540168613,0.7136564116278983,0.654468165973552,0.016432900242789872,0.8848792168751926,0.6552171101796751,0.015692802997714087,0.9321733812807749,0.8714476573579973,0.028499009020468636
52,0.755639013421449,0.7516372411779656,0.015565422146455747,0.13002822592228078,0.8827684074298161,0.8042733536342227,0.03222415625846141,0.13267497746197576,0.9453557719335376,0.9381508821090587,-0.003316767512892206,0.0768243132845522,0.8769251837900645,0.9545611288873487,0.012784082780947096,0.6930062561507844,0.6581673465979144,0.015131620818997604,0.8387534640672991,0.9289420177748721,0.05995405640815927,0.8906427929052422,0.7919691527613981,0.026615886024766403
53,0.754702994520696,0.7232969924133086,0.007833633775108331,0.13001538048545747,0.9155490080550244,0.8580548836768047,-0.0067738538956278104,0.10925272227706234,0.9674034953666117,0.952853834201613,-0.0007419894526388677,0.05941096976022555,0.8716362925887928,0.8576102771606353,0.004069709589425301,0.6916577594152988,0.6548964151752735,0.008111587504880965,0.8746224508568844,0.7237275867069484,-0.028748325963384787,0.9229693239713874,0.8801075198136314,-0.0012919338991565954
54,0.771772940983162,0.7124041657004476,0.011136919580884011,0.1254881637571295,0.8930876847459128,0.8273726555705555,0.013749126774788104,0.12332998421374697,0.9553837545403802,0.8498259417270574,0.022272122849331638,0.0780080765042216,0.8915636715783898,0.8426693167095022,0.001891908489262945,0.7074457912858686,0.6472425982839032,0.012373666590760361,0.7878183167446894,0.6981141359318673,0.002864779028773342,0.9059153881728628,0.8458001497502822,0.017135522376398427
55,0.7539687779565695,0.7924291011030584,0.011766689557927847,0.1310017949457406,0.9165668396815347,0.999922667265217,0.016420689600360062,0.11047799997453331,0.9704488943449505,1.0047129412612164,0.028238550107013802,0.06342121576416401,0.8739452244698531,0.9045799825316189,0.009772334071859325,0.6893092402204023,0.7313702264401418,0.011770831501705487,0.8105409240815545,0.9652002216544927,0.0207913709288197,0.9288213052868325,1.0033087725963805,0.015975427161571607
56,0.7794667607183311,0.702883850949748,0.006678954050641433,0.12385406367234403,0.8978778132574761,0.827796167690939,-0.00033739925216307146,0.12089479245195875,0.9757213325795434,1.0065917456100701,0.005179311173329679,0.05173454501460193,0.8915509429214334,0.7997939367664595,0.001080595478490562,0.7190676663991313,0.6518325620268147,0.007478700913739988,0.7489310312842787,0.688962513261846,-0.006249259351536958,0.9154215532873353,0.8461069668087808,0.0022897555672747837
57,0.7625534528627076,0.7923571828294264,0.008748307095503501,0.12799676626785855,0.8999675068691353,0.927865974662174,-0.005556593867240418,0.1182173363720709,0.956254493642455,0.9340960982712461,0.019671762437771443,0.07201412063929569,0.8896270218098054,0.8826874186692635,0.002340162791132592,0.6956730506047227,0.7427770221788309,0.0097281919229538,0.8903963328669506,0.957556940839987,-0.046594278568060074,0.9032410212333447,0.9309867665852908,0.001029322419591253
58,0.7723822696310229,0.7583492902072518,-0.001895299276820528,0.12518826804558467,0.9128073901155287,0.9118948165733856,-0.025431407343253262,0.11350002256318746,0.9617035956681064,1.023965068209728,-0.0155553687197363,0.06757210147800986,0.8917794933049268,0.8719577393637088,0.0011404952094789728,0.7080107147262051,0.6958751009412729,-0.0025010847725071513,0.8852085632791986,0.8219939811608414,-0.011600672456256244,0.9157923475680114,0.9218609205205065,-0.026953384512627642
59,0.7818881052023591,0.8198502501852879,0.0020412973916334102,0.12204927009060688,0.9194620710919411,1.0106766312921962,-0.017083769771941745,0.10908129041101211,0.9563176641603228,0.9922380436814955,-0.004448366031591456,0.06928911062762144,0.8932164090259571,0.9130063358403474,-2.3745804588528822e-05,0.7216367720143441,0.7678724218759013,0.002347700896175101,0.8458812766176411,0.9532702681315259,-0.01197029178414693,0.927501207994285,1.0169418025289834,-0.017397078840925822
60,0.7478307410993615,0.6509543515395811,0.0121445658825143,0.13384595351349546,0.8829467186424398,0.775536390594588,-0.0012577246578236191,0.13188225192446407,0.9462459080360563,0.8427177587556596,-0.011872963783118948,0.0814518264151399,0.8768322358936003,0.8205268475660135,0.02371398590066169,0.6800258392368762,0.5668155024703709,0.0094276618263074,0.8311848793249343,0.7850135289481248,0.02690118349070201,0.8897260467093911,0.7727291587224043,-0.00622654075122562
61,0.7671281496095015,0.739081108789068,-0.004556799154997869,0.12735919446353014,0.9179698936885888,0.9144368061472845,-0.02360868163985839,0.1098678746520371,0.9135652181132243,0.9564859661212227,-0.0313265486070708,0.10282791735447426,0.8872971824662588,0.8306272111288354,-0.009595394302081308,0.7033239978188381,0.6893757995624921,-0.003602591199670565,0.9228551435446929,0.8913147762971038,-0.0315734612745909,0.9174878315362109,0.9181882796090682,-0.021993327387889988
62,0.7782865698373226,0.818281186414436,0.007211450253818293,0.12351804324512512,0.9155688680697225,1.0072998504795492,-0.015419456944799658,0.11208033735287337,0.97811320784538,1.0362145543902617,-0.0030255224551897363,0.05031314252718601,0.893059768027244,0.871645946983284,0.008994003028219755,0.7182406172324346,0.7854980815830969,0.006777057826286447,0.8996225375333001,0.9559384895546061,-0.012047074804680247,0.9170975875921784,1.0131584384032626,-0.015506349818338547
63,0.7746225349740868,0.6631940312269274,0.0037456725859767795,0.12748979089686044,0.9044954712421784,0.7720041601846489,0.011273433176658383,0.12193228433017107,0.9803196194764531,0.8345634835041043,0.016514853426017925,0.0614173908373329,0.8844533882565445,0.7632358563640419,0.009425286027057628,0.7150909909371683,0.6084330955700072,0.0024887934486697368,0.8267163741673592,0.6847410326330475,0.004158441061163786,0.9135657852415879,0.7839231184885048,0.01350471890939235
64,0.7610042192466452,0.7627959798672443,0.003273303867263606,0.1284881744649703,0.889661926869167,0.9090180683161516,-0.019549511201779626,0.12669550691896353,0.9761507044060204,0.9410192977952693,-0.008440485801381972,0.05203249892367157,0.8809201229185785,0.893563854443598,-0.0032264476792093605,0.6968231588768997,0.6958722562665826,0.004214975792536537,0.7972142594273167,0.8795983839037154,-0.053372955107778605,0.902391572180597,0.9181688123575598,-0.01341205979191425
65,0.7656317688049188,0.8451890179865603,0.005940388223881186,0.1280140980849104,0.9016748622293469,0.9495948020863787,-0.01416961951194397,0.11849403004230748,0.9535579474167761,1.025633317060288,-0.011334411913051361,0.07331967884709388,0.884889003737905,0.9605741532019269,0.01770630140733744,0.7019453189981308,0.7788065575278241,0.0035634380167053493,0.8426202240169686,0.7532716494074624,0.05044451763427449,0.9132829213025088,0.9754500948766281,-0.024990509636897765
66,0.7687923737286989,0.8211694489600555,-0.003225979269395807,0.12685522994897983,0.9128806219074733,0.9511904009306155,-0.00861222386438769,0.11073017740880552,0.9719914026310659,1.0528098242157904,-0.022409653546327134,0.06184092353830531,0.8763181232517311,0.8887414148902821,-0.0021348324063919944,0.7107861162073679,0.7808323105594966,-0.003407872119770808,0.8776805916659961,0.8422285849144958,-0.000824293848992637,0.9167954755994184,0.9642332482473145,-0.00891895406698744
67,0.7728802120017219,0.7251368709290246,0.007562864755459672,0.1254760079398207,0.9206454708434872,0.8408026197231712,0.012416143930614614,0.10753872745780875,0.9815367389725301,0.8811318368843661,0.005502513020662653,0.051089274725103564,0.8837756234429759,0.8441689853836843,0.00800983670360152,0.7128590152563061,0.6625854924950881,0.0071482331836916855,0.8493771571802886,0.77677254933103,0.015734598933317,0.9284519288013126,0.8481871195946848,0.012468416295478606
68,0.7420100240683838,0.7399386414252244,0.016201165348828022,0.13440863278599274,0.893156249401649,0.877921273261381,0.046172340019575604,0.12969819895170193,0.9288873484399625,0.9870275112807507,0.030089307585325274,0.09470221685596877,0.8783322209443504,0.916395526271784,0.004896861439026256,0.670980168897867,0.6564212358750614,0.017387591557037344,0.8629632482740074,1.080942566528232,0.029613577241628438,0.8991828171454116,0.8620554791139503,0.04726259247773448
69,0.7454049948411455,0.6909326426985419,-0.002054982139480845,0.13374322833714966,0.8592100122420505,0.7907260072714829,-0.026385626235199692,0.1471254539429764,0.9256584067380961,0.705074133348719,-0.02570734191703936,0.11344916839465555,0.8800518487905877,0.8457340350769704,0.003410814040458253,0.674275895971825,0.6117647802378352,-0.003139760114955228,0.8504940203132643,0.8227362157187994,0.011288392484969718,0.8619886931203067,0.7862309018125283,-0.03318478220093474
70,0.7674465292851032,0.7568692559138076,0.008148157189345142,0.12621391240499605,0.936634730054857,0.9112493698031171,0.009570324344623985,0.09342030773875899,0.9761109541668683,0.8965599760425625,-0.008696585876720613,0.05463411385096414,0.8759784147521799,0.8853906670334718,0.010418934803052402,0.7085693634118908,0.6894203337802061,0.0073810404442345625,0.8821295263318948,0.8932105662649278,0.0019547537778273442,0.9427294611296386,0.9141799089398693,0.01107335912288832
71,0.7688225662827424,0.7402417042780631,0.013512421228411703,0.12636271321755563,0.9158197513215705,0.9187858977591397,0.026761772684141767,0.11053497880289956,0.9720795725546435,0.8623909090497618,0.026671397268552808,0.06737522502680242,0.8810004790451628,0.8547892889774089,0.017127113246362922,0.7079157121013745,0.6782678158577227,0.01239754836141915,0.7987811836205003,0.8371378386094706,0.04364080810732695,0.9292727279448416,0.9267553029033958,0.024429317125071372
72,0.770668721121948,0.680446641767496,0.010663401914256571,0.1276495645209024,0.9107791600442808,0.78945093973651,0.0056297893854601235,0.11709193614288664,0.9872814079146138,0.9265728576413552,-0.0019500526820989746,0.039579323542162925,0.8878391870176889,0.8336466878756457,0.008073663078580165,0.708417766412176,0.6059913566577656,0.010540028707457577,0.8821827408590847,0.8985748904650752,0.03862475907592,0.9174795974854284,0.777787939449938,-0.0008925365832176558
73,0.761384221678306,0.7694445910436656,0.008803187813293319,0.1284557608682123,0.8725053047444651,0.8976106211210919,0.010807415364284104,0.13421068337933453,0.97782374653816,1.037614430916372,0.0026189476846750644,0.05052826700704552,0.8753057661807775,0.8852047118638585,0.011699542785628597,0.6994675537813636,0.7062116347598906,0.007959390444609063,0.7099183393922096,0.7744671315190631,0.04528349230385446,0.8925462289408219,0.9097017417137553,0.005621326284920403
74,0.7561251893105144,0.7466750949932736,0.012859960386706993,0.12905107362574986,0.8971636366974773,0.9084166711984079,0.035788531515586655,0.12400295838119157,0.9576198931943818,0.9502943347796837,0.004616182699964412,0.06711965539731571,0.8706057434978526,0.8358187827104574,0.011447094587746242,0.694278552836806,0.6969330713368822,0.012800126661368405,0.8349592895558847,0.8699920732941681,0.024199977325103938,0.9042388561765723,0.9143263270567467,0.0381942836619776
75,0.7516762489878466,0.7647739479295279,-0.0048637483537851064,0.13199759626679894,0.8791845043775679,0.9173094960894154,-0.04267812218957477,0.13960858138955085,0.9381837160112739,0.9672848992077661,-0.035970457425673924,0.08933708673207222,0.8900772841014913,0.9114252034982825,-0.008114736838211881,0.6787910633837632,0.6888371638281868,-0.004293660165458662,0.8544514853953463,0.7931778363593741,-0.03257388360608625,0.8823159868450909,0.9331279005352777,-0.04314420844477951
76,0.7884090480619173,0.7794882296875024,0.011303201055227067,0.11992807855393561,0.9539612280864787,0.9836557187532273,0.011956513574039141,0.08029707868442487,0.9719764357747732,0.9846119552818596,0.0027890179076533557,0.05491495593364704,0.9006465553147908,0.8852501033134249,0.013871572220368266,0.7274419586550549,0.7209739909784552,0.010499622633284085,0.9295088399401312,0.9410801252138699,0.031861949315650624,0.956813941270936,0.9869848617800572,0.008821186061068416
77,0.7599891424130114,0.7762460587210287,0.009490152772074722,0.12896497396866477,0.9093760754470274,0.9161874327114246,0.009465135586389997,0.11250611487990211,0.9801424558985039,0.9055602975468633,-0.0005621584039535564,0.05004890195354393,0.8732011067814589,0.9203403027038018,0.006808257621655008,0.6995935958699236,0.7038503772418064,0.009506586157900692,0.8835595673696861,0.9085608687466682,0.009636741901174313,0.9118841336709245,0.9170423512480692,0.009511395074109466
78,0.776306404492519,0.7093397837737164,0.011546623587245633,0.12467357788949454,0.91106789798891,0.8238487752627952,-0.005924146030183459,0.11430001253042858,0.9722666150163004,0.899191010922527,-0.0004244105129165607,0.05729014189276581,0.873056681108169,0.8031081519227449,0.02114923553128665,0.7231116190789381,0.6563786682786372,0.009421209556171437,0.8603593338167775,0.7209527208433375,-0.008011840442109244,0.9169375584304488,0.8372782085637661,-0.004434333213119976
79,0.7575239521863223,0.7006324724411491,-0.004701297532224797,0.13126286422785816,0.9011625316421479,0.8508485428937012,-0.03477936442374782,0.1265089473451204,0.9528729047846277,0.9806121390991159,-0.0664900123373822,0.09816522716177228,0.8669512256232724,0.8019176356743691,0.009536148783158489,0.6990380972711098,0.6431578398837831,-0.007373076664558349,0.8620459522830733,0.8111415412819515,-0.01031036093506734,0.9055621545936957,0.8537109907345258,-0.0386290551959246
80,0.7810595506522986,0.727051600007295,0.007635379689937888,0.12260531165572978,0.9000916920932674,0.7966983180540332,0.013732330417711042,0.12169409515136782,0.9622360078843549,0.8162337757911114,-0.007223895196528134,0.07349683106380382,0.890855347268509,0.8921117716682436,0.009556762496282414,0.7227055484736746,0.6462591509479817,0.006773835881358193,0.8256106960850941,0.781173743968709,0.012731527580105751,0.9083680508397267,0.7985116851112494,0.014061294061993608
81,0.755022000139894,0.765265176948134,-0.004012624661517512,0.1308029040602161,0.8687341749479016,0.9490197607999714,-0.026198880015859478,0.14083812018948902,0.9377026074403336,0.9495124201573516,0.00842401394286988,0.08284329010623372,0.8718092193836539,0.8310312689704644,-0.006065414076640507,0.6930652605371735,0.7268340429101979,-0.0035849367225534215,0.8714786053081236,0.8805537210197105,-0.07433526726464386,0.8735029424186667,0.9684040298928942,-0.0171242481874905
82,0.7640778762569157,0.7111317507216035,0.012090786686227414,0.12829001840909,0.902401539341747,0.8191758765851047,-0.007124459440405874,0.11997329466658448,0.9505738966797806,0.8846056284743228,-0.01878174449994902,0.07757677953087205,0.8771909436724356,0.8357507375265824,0.022151462416408505,0.7031940610016088,0.644164089729764,0.009782730268912212,0.9179058421593371,0.9050831715226023,0.009453139375243964,0.9014529759221374,0.8093742344347268,-0.010736482643983136
83,0.7597279717575733,0.7432869236919555,-0.004373881579941864,0.12980411260272545,0.9091910403214629,0.8645749105457122,-0.0001682978208261155,0.11326899527471769,0.9833035966797085,1.0294162740077324,-0.012413426512650797,0.045044446119078624,0.8675357307480995,0.8682052633713818,0.004758340520162912,0.7015022479616148,0.6759190747185106,-0.006056039335191638,0.8433209683720015,0.8665599030707373,0.036183958449172306,0.9183447320270246,0.8627483343163699,-0.006525824358396392
84,0.7633828360621289,0.8053762372285256,0.00020752467667187305,0.1281417956929062,0.9059037611649776,0.9476547416373426,0.0007690555563110022,0.11507896876640138,0.978359575762021,1.1041179244275285,-0.013790886242800964,0.05715466584196595,0.8774966947854591,0.9549890413333617,-0.010058753574528942,0.7024933101018828,0.731808469564581,0.0018277309474666289,0.8661456966744289,0.9145038259479636,0.04817451284216356,0.9125174013271489,0.9497927233722487,-0.0073682342859580675
85,0.7580398731769091,0.8038483672337557,0.007041116020022567,0.12978269816007149,0.9004360999121339,0.949048006900947,0.0039008805714456658,0.11842396097300478,0.9813703156214435,0.9246886107210955,-0.001618626754468907,0.04674437752738341,0.877502950153398,0.9537561409973868,-0.002193571718069645,0.6943362084643987,0.729371417403066,0.00830881618479286,0.8144504984348714,0.8711405073301263,0.0026953862368414524,0.9100037632245969,0.958572999355881,0.004883972155326359
86,0.7767187265081743,0.893465520458882,-0.0008435430948621426,0.12579101460647987,0.920595717415065,1.1234433992042014,-0.004110778087538648,0.11571438209598077,0.9728806615485175,1.1932718833798575,-0.021591430307117472,0.07354711461422417,0.8856854523068505,0.9994257100652513,-0.010582301063923884,0.7178852409200853,0.8375767652249889,0.0008913568852077893,0.9256061253621358,0.9183148469260275,0.0022769170672290026,0.9224514417757567,1.1537037160028718,-0.003439596172481771
87,0.7377858127899498,0.7522738141873844,0.008315135713226857,0.13523731050826107,0.8475372922422175,0.8660979420638713,0.03707560740360628,0.15089394727468414,0.8951506849525979,0.8596948802289708,-0.0064870069190157845,0.10840458110514302,0.8568292227225339,0.9038268151622338,0.008859389608241572,0.6737476795895557,0.6749742808420715,0.0077834276692454385,0.7465457840817391,0.8966080207303726,0.06692717614706928,0.8607648641481727,0.8619670453333378,0.03168262938583374
88,0.7622276367797209,0.7580708417053532,0.006580747072778857,0.12817775448349453,0.9032991043973984,0.8854488736150894,0.0037529251838493414,0.11641488436051052,0.9774143549549091,1.0669463242597022,-0.0195281446397427,0.05623405410774574,0.8757690287897992,0.8862087117992821,-0.00029290912033779295,0.7011582318469447,0.6929970867458757,0.0074999187639216295,0.8473239778175304,0.7031698534004519,0.010662304397107145,0.9109028330341259,0.9106277571074158,0.004367866381726985
89,0.7361864900027741,0.755584124314245,0.019190285707303877,0.13653243964417944,0.8852565421787364,0.8406486444061969,0.052229719935591064,0.1369895011612039,0.9125684086229756,0.9691884006344995,0.04329297134310756,0.1085582951528075,0.8752540174046747,0.9283611145054724,0.005516488390574548,0.6638310665768081,0.6733762672344902,0.02073094920207581,0.8301515095327842,0.7965268892119578,0.04810674500141693,0.8912413521190455,0.8462732673840968,0.05335199644553017
90,0.7730582911649296,0.8152305938471253,0.005591793369057507,0.12516096109263694,0.8931290440633777,0.926635787983964,-0.002396522770636483,0.12271208830526335,0.9810639297035251,1.159857492853169,-0.003399324387422995,0.05909915774545115,0.8907450738666877,0.9484040284679377,0.006459449816155836,0.7095942879413123,0.7443611295918985,0.005163608084068072,0.8452744916812273,0.7652747821306694,0.011105822221205519,0.899063147716745,0.9471785020200351,-0.0032987149125170263
91,0.7601768177862681,0.8021211038490066,-0.005553150659712345,0.12977471250423311,0.8775579633318756,0.8792473120268415,-0.023845059407179257,0.13499769250765778,0.9660675268860388,1.0343449894893757,-0.023364261946882826,0.0664144663442276,0.877835498395626,0.9225732412534595,-0.008118509791178936,0.6969475840943646,0.7377343315421915,-0.0050716808325739025,0.7622049137706975,0.8031797681989172,-0.027962349733879815,0.8909483084631619,0.8889389953691302,-0.022257059537142427
92,0.7522829223801503,0.8111847744033467,0.01535021216080296,0.1318821776780391,0.8854897772269268,0.9148034850065799,0.03556536233744414,0.1313166905184076,0.94072146511251,0.9271554441970806,0.004991890438903769,0.08083827198695946,0.8826900630546965,0.9702419239482689,0.02856015047825024,0.6839366372717314,0.727000732054391,0.012353085621696236,0.8604358357570864,0.8466235751037249,0.064920675332297,0.8887063036484649,0.9210002463299259,0.030796257366377935
93,0.7576183063887866,0.7897416283342336,0.005105014548055492,0.1297106983611883,0.8950221842538749,0.9927875826417866,0.021757992008243403,0.12582876885983382,0.9714046539971233,1.0716167228396334,-0.016514029178108788,0.06201900115522373,0.8720197429428581,0.8724901579612244,0.013148988851007692,0.696020537819408,0.7398376793582664,0.003481941919178598,0.7997992283693426,0.9940492736494642,0.07140595001252162,0.9089732325943145,0.9913367780019496,0.013030562425004139
94,0.76158533405137,0.6736864457538745,0.00485204678771185,0.13021924196583348,0.8993558892624536,0.7574928503642637,-0.01124009894408475,0.12855188403074952,0.9775895021651564,0.8691896312776543,-0.007054530262778732,0.05622885807013498,0.8928210915520256,0.8412406032978542,0.0027567893433336128,0.6924114167638573,0.5926468702119477,0.0047441336566586825,0.9141739150662135,0.9192192741947784,-0.013689291578077063,0.8992342554205102,0.7421819080788132,-0.012577295278291786
95,0.7305809201010811,0.7945748947634137,0.01213124125970603,0.1384412474989832,0.8384009585312138,0.853011967584527,0.03986628032852861,0.1565429521596348,0.9234349412492884,1.0880402244602276,0.02359668286476041,0.10152902805320736,0.8759347049190048,0.9399918880654099,0.010585680931297647,0.6542577620231146,0.7171318407622457,0.011950855089690167,0.8213036960199351,0.8368686746512268,0.003929443087070827,0.8424345395936289,0.8608767691029859,0.04633200331982498
96,0.7494537205603904,0.7351404632730748,0.016635949435562392,0.13253551384695342,0.8948981531303557,0.8613240357185614,0.044892403244964636,0.12878367134825675,0.9451682961689475,1.0727109673814579,0.022645408055473507,0.08529909750050328,0.8690333596024955,0.8245025988404255,0.018900330371076118,0.6854075267844167,0.6842627632271161,0.015809616302502955,0.8767499396983289,0.7773397900388657,0.0317967076461239,0.8977521201012716,0.8738973205189625,0.048016426495488686
97,0.7729297176249228,0.7163027660270297,0.005765231949217992,0.12555303208971277,0.9307147579821987,0.8536635286000984,0.009177959535540363,0.09996061886005496,0.9640604194250196,0.913019764446114,-0.0065741319118889155,0.06335921283827776,0.8893453460876888,0.8246711888974421,0.010229859601426377,0.710505022301814,0.6572597797532471,0.004717171746507414,0.8925328561025463,0.6240377697465204,0.021584414648945158,0.93877805158507,0.8874501210292338,0.009135632892147713
98,0.7524056965904714,0.7256029515555996,0.0026979707012023896,0.13114521062705917,0.8668517019575543,0.8888347618873834,-0.013328615980381311,0.13819717619334326,0.9126166996268801,0.8662695931120185,-0.010984954465445606,0.09935191701218238,0.8673299084075498,0.8037339074760795,0.005766063789986339,0.6904987985608018,0.6798394066232117,0.002038394290539787,0.7947737057304565,0.6953583224168581,-0.014659126634056394,0.87686043013134,0.917558230271984,-0.011020699765147112
99,0.7357915333908259,0.8231699455650633,0.01390127253470752,0.13769854120103645,0.8510659222370253,0.9834127239037028,0.00023994314364696707,0.14963335295694064,0.9529863302518436,0.9683217567155391,0.004037532732896063,0.07154252925020592,0.8538020620523433,0.928672991723833,0.006771969298311163,0.6725448677631147,0.7664923760497908,0.014840266373784461,0.8842102535057946,1.1914469458252885,0.008313129036901307,0.8488007737544314,0.9642790642628589,-0.002824483317176269
100,0.7738755824923387,0.836105880681569,0.013945293411219282,0.125489700465223,0.8932294876121287,0.9462680356911063,0.025671621049695708,0.12526403952050238,0.9526745306318853,1.1281170922059596,0.027656992515913335,0.08491776626525362,0.8849990453926739,0.9581570153733292,0.012699627604810776,0.713377612800578,0.7706853733360469,0.013701793990014465,0.8618827162206708,0.8244339338013824,0.03370572901059952,0.8968600166012436,0.9611408040480256,0.02532436437979049
101,0.7671610661948818,0.8204211261213349,0.008478272853034308,0.12657212871489718,0.9137913950893903,0.9792132122465376,-0.015049742879497525,0.11113482840108019,0.9773474419267733,0.9766928131983434,-0.015484644653670105,0.05158349727738154,0.879849565620882,0.9172276213008206,-0.005655264103126693,0.7071342347093399,0.7712666370729379,0.010848021336343387,0.7977547861331111,0.7768466850170036,-0.006575347536842444,0.9275269054083406,1.0061587205785867,-0.014505751857622195
102,0.7561341012628836,0.7333372192239737,0.014098138380564828,0.12998888274045017,0.8927305076651608,0.8631482961458005,0.006180209333530528,0.1220707276379127,0.9803930868183743,0.937822629635845,-0.011208677638729186,0.04813787669655877,0.8726632173199255,0.8799439410800022,0.01440547873702312,0.6933562349135886,0.6589611040534841,0.013418825669263399,0.7951509698032915,0.8181920014605772,0.017453004299879296,0.90360135909411,0.8671458355086282,0.004656094566059849
103,0.749067891935394,0.7233709864979482,0.003990481114710413,0.13238635068128835,0.887371942775509,0.8659000462487904,-0.013033491714547651,0.12755773466042983,0.9557006607916312,0.9656009280813579,-0.004435405212710195,0.06960004955581878,0.8828472546891415,0.8467399582121591,0.0037525352579824076,0.6782130971151339,0.6574123333316627,0.0038191334172101967,0.8887169410238075,0.9780067220323032,0.00600068968747085,0.8884812309269984,0.8537034864778122,-0.017291454121618702
104,0.7539850167872414,0.8278218213434013,0.009443910336988139,0.13163351574203783,0.923087537033892,1.0947163216551608,-0.0032282619352747666,0.11138999290013218,0.9709563422098856,0.9592140960918676,0.0024777080733310005,0.05597342998681861,0.877039491769826,0.935545491187718,0.004230102865935946,0.6883491094295034,0.7692239335878405,0.01014199384589402,0.8413778860718518,0.9357372488061003,0.03684794098632819,0.9333430763754421,1.1122126912294297,-0.009362411007408354
105,0.7914213602707176,0.7545228661883668,0.00040147566174494133,0.1197589919216431,0.9334839943586641,0.9417753850993313,-0.0006145554707918783,0.09540407563603764,0.9802126251688033,0.9078745169885631,-0.013894853380328821,0.05123676686614291,0.9011076998655201,0.8507479151514101,0.00878344397441939,0.7321017562686642,0.6994215314305955,-0.0012317733623162916,0.8576792932635074,0.8763143040382961,0.030718316573590976,0.9426644477525672,0.9473138890148437,-0.00560948236743963
106,0.7770039714767204,0.766652687765749,-0.003330969235723709,0.124157433391669,0.9214001208040636,0.9045855209865742,-0.02808729641379606,0.10965803948720494,0.9645438118808182,1.0126319796705976,-0.03516877649901409,0.07185992075598835,0.8806137997357639,0.8357483297875067,0.00513051510750195,0.7207395067359438,0.7242163998214264,-0.004901801504555962,0.9143187830981544,0.7809533459018704,-0.039541323224751505,0.9241896169340477,0.9239773671916621,-0.024652992705221116
107,0.740217992594455,0.7470598190279624,0.014967782855928901,0.13430271563992086,0.8837769367858169,0.8247960719632712,0.0020240768600708193,0.12799967880513732,0.9386450260971784,1.0923767150815433,0.0004938363321688585,0.08851906915588184,0.8746755725522384,0.8953551062803446,0.028122247679806735,0.6693639467744951,0.6675689865962242,0.012000854700115625,0.8057237976960927,0.7073741886325318,0.009913064301115859,0.8923667668095235,0.8390403424667281,0.0018258408522313968
108,0.7808144591447758,0.8004646833470779,0.009872219272678551,0.1225789504051516,0.9264577443069923,0.9609974153509591,0.003480238357351563,0.10117337684091778,0.9847477256284395,1.0252450669007536,-0.0011339981858880912,0.04125242609850442,0.8854203375264047,0.893407305305231,0.011456537060732483,0.7238755978077079,0.7484209468227372,0.00931104313091684,0.9140841072015351,0.8341116019536781,0.013392474794723294,0.9284704039173068,0.976737344586872,0.002879922838290676
109,0.7655856297667475,0.8898080277192769,-0.0056547679001973696,0.1298760749819236,0.9200062639116984,1.0918354186060426,-0.022726561301694415,0.11485495324114164,0.9445480346114552,1.0907200958568677,-0.04061759155789342,0.09253043720473252,0.8818480818345733,1.0126989136615743,-0.014251719308845561,0.7032147597306886,0.8251779664011081,-0.004060964761468644,0.9041124975741422,1.1487573796389698,0.003165785794394971,0.9226536812600022,1.0844455377860969,-0.027636307125980072
110,0.7732948162232735,0.8100195132684632,0.0025401488900234632,0.12476619728527201,0.9299554345944069,0.9843463845213511,-0.0068293314281908275,0.09908872243037913,0.9446816148061173,1.0454892415872337,-0.01825855576145462,0.08273276459371011,0.8901208117378874,0.9153117762202032,0.007149172993734255,0.7101858395447498,0.7501800322246034,0.001576566226589016,0.9104178522435104,0.8046692736359611,0.017523606104502872,0.9337726727406989,1.0072205149983875,-0.009712833696803837
111,0.7544669055908284,0.7227625103951738,-0.006998936998653837,0.13179370413949845,0.8715662629464365,0.8095085058020697,0.0005282648581926631,0.13579866875766675,0.9574940860213165,0.9124707535444,-0.023434060858286636,0.0728425785624575,0.8716062496324974,0.8887855130127263,-0.017390206715464703,0.6924529900838653,0.6440264889061977,-0.005251144606464472,0.7660327696064945,0.8482736568063529,0.025210017304602633,0.8856813284645481,0.8043171312473115,-0.004080586276412063
112,0.7801956981315089,0.7908112312522428,0.005703390730038304,0.12260381101991324,0.9113036966103157,0.9211389348499148,-0.011327113634484364,0.1119575661218176,0.9684297414820537,1.01399542878001,-0.011492950979791328,0.059991992096682344,0.8974109991035047,0.9355778693468091,-0.0006088556017910568,0.7175289861503996,0.7181534628154151,0.006492436555989162,0.8858627071353095,0.7963059678429975,0.02361881963388328,0.9152410032782194,0.9348147129738544,-0.016511239509361033
113,0.7596281509117068,0.7202015671006843,0.013762859517625785,0.12921076972250026,0.9065893274640913,0.8102432874384401,0.01218003763685525,0.11755635223688404,0.9533886211384129,0.9247689999316046,-0.004083097337627959,0.07148328221322009,0.8599823169475157,0.8481445601847668,0.020865463145795054,0.7050104128902744,0.6531940463168099,0.01195179137802367,0.8653602536750346,0.8438480223030553,0.016765889790033777,0.9113068677835044,0.8062658685002602,0.011069248913175067
114,0.7689377401392904,0.753955563667896,-0.0006024147486284595,0.12600489720032768,0.8990180466873867,0.9436107643152465,-0.018377516003970563,0.12077442009477778,0.9566008052668479,0.9786250399885911,-0.00283378260614613,0.06796276577770272,0.8866589018282023,0.8533522998291851,0.0028915670902452495,0.7051474069687438,0.6975317219261464,-0.0012824617424748482,0.7911491209825946,0.8435061008025423,0.02660793790511745,0.9129435029774918,0.9530625963340238,-0.02554357496428772
115,0.7686302414289138,0.7851131598614486,0.011887733596023001,0.1264846951627189,0.9174163535399736,1.0287540138611233,0.004482286445758695,0.11127303664802875,0.9668319002120456,0.9357403796125332,0.022831270605809553,0.06485175826366067,0.8758393242969712,0.8347158628708865,0.014894198039047124,0.7117736374021049,0.7542682389023532,0.011162085544114513,0.8980063435176715,0.9759430343861273,0.0029421342609352212,0.9194633476117505,1.0356994609307981,0.005264880386439472
116,0.7522548983208368,0.7999323154274562,0.0014293959368072821,0.13173588982606382,0.8648118531893265,0.8860842921658884,-0.0013846849462436032,0.13858073980413238,0.9421872224823089,0.890412180038407,0.005357255853113195,0.08064275879057148,0.87055322890565,0.9447448759791838,-0.0033112069701229023,0.6886874250527623,0.7258630259862202,0.0020945021158857687,0.8098160686138604,0.9019595828655714,-0.03880898654034077,0.8732648610461583,0.8901587999474762,0.0047844727474549605
117,0.7660637230101458,0.8081569767188495,0.015276680745380519,0.1274713562886424,0.9113154796207504,0.8546835855414113,0.027497720792550445,0.11422274995270604,0.9410698170368937,1.05339109083465,0.015635124877225674,0.08500331105219334,0.8892327445876517,0.9628246835196241,0.004600473254648747,0.7006811648539182,0.7321048745749934,0.016572884835938044,0.8792638379014585,0.9026749623571745,0.010441328118971043,0.9154228841685601,0.851462079225074,0.029945736998401785
118,0.7642981721385238,0.7968357463114024,3.7152926805505875e-06,0.12741238058932047,0.9356327772435524,1.0325333178534812,-0.009321774600530202,0.09723551099762665,0.9682296671763364,0.894878778101593,-0.013913068982643434,0.06280493149790303,0.871793329155436,0.8943124830965021,0.0012675736455252545,0.7054041424931069,0.7419073201359575,-0.0002862618111829797,0.8918727646436416,0.851564131956477,0.036459914995066,0.9428262313594362,1.0541932299902437,-0.01627108817554471
119,0.7552083602644787,0.7597538158754154,0.012866669743534277,0.1304624515215881,0.8680836408350591,0.9089444758289875,0.018497872251180873,0.1377138974062723,0.9460694817545121,0.8670287899814477,0.008149252461603522,0.07967897550234787,0.8533788436783872,0.8872400397348229,0.00915819057294752,0.7013719291438967,0.6948786856804003,0.013042326328901965,0.7084907601775545,0.8935572480363001,0.07776933551183643,0.891959473155478,0.9097867286972126,0.008112606364411934
120,0.7755843271649957,0.8678973098059544,0.0025383824594444092,0.12507281821035363,0.9372829127004468,1.0670117580777725,0.009003173517575189,0.09834014359806885,0.9828378104258778,1.1363641560556321,-0.010654257898791706,0.05478467546764414,0.8800675313950299,0.9693210482527982,0.004997967675649416,0.7182189098254864,0.8103104385539631,0.001959360290398368,0.8973691742922018,1.023017080435261,0.05244822340324304,0.9435449914126578,1.0703218665157725,0.0015880089400581983
121,0.7497642897796709,0.7501298787423988,0.0175363794495451,0.13260519383507402,0.855812782792295,0.8439475258784689,0.03855771953658407,0.14725853093475624,0.9658705655117706,1.1551387748551356,0.00885028248059647,0.07386873380197072,0.8762021191339865,0.8872015807189315,0.024198606425548632,0.6822895923201394,0.6770401836611433,0.015716769237094568,0.8199213574598855,0.7596706963642329,0.0964870045248253,0.8634053632712781,0.8530407251318911,0.028587701216781704
122,0.7573705984309705,0.7863547549226355,0.0025125993181482065,0.13011895617209845,0.8743738056367722,0.965071605602767,-0.029509731782237893,0.1394191920561303,0.9174441619796654,0.8154774352612005,0.010232017901034384,0.1001199323096409,0.8859320914439011,0.8995419600451627,0.000165940045093141,0.6893380043262637,0.7248779010203106,0.002783373826891398,0.8411881670308398,0.9453560861952659,-0.03456830412848912,0.877761413957978,0.9680536297677034,-0.028427762265705248
123,0.7630504121497677,0.7649165258997798,0.012268982080599403,0.12804770301885135,0.8955089074585438,0.8572473157494725,0.03290216504996911,0.12467548714233552,0.9600017653226228,0.9813971461425923,0.006798681476474002,0.06618295082271945,0.879752133111406,0.8985014916782513,0.022425139755370357,0.7005745898254236,0.6930758973477951,0.009952682975936185,0.8604677191145903,0.8574811305516534,0.04243290214018437,0.8990988266616833,0.8563635362522698,0.031236113275363745
124,0.7777740582218174,0.7849984575319514,0.006195362135283687,0.12360949913837707,0.9388507379313253,0.9278251376147045,0.005324424025334785,0.0915048579072999,0.9640048435022605,0.8477016412725864,0.003530680011212068,0.06922296411092671,0.8792183410475444,0.9285644091689117,0.007810871061506665,0.7228439682552956,0.7118277206419936,0.005529486045236052,0.9458746505110331,1.140840367078829,0.012029366034889612,0.9406494325747221,0.9083703923300879,0.0023564967988575704
125,0.7902227064264701,0.783736642372587,-0.008547859158708471,0.12039504821173543,0.9271295470137434,0.9690308481069007,0.006188591213508892,0.10043569517594302,0.9610196041515011,0.8822229210074979,-0.015619806844677954,0.06955100316495111,0.8992646441991023,0.9100520539949398,-0.014651493195631948,0.7308924793495493,0.7185073328815431,-0.007389813799089264,0.8683944997262197,0.9047751726935942,0.02610678578646393,0.9337031112491352,0.9749673574013753,0.003224614757398222
126,0.7491718365967237,0.6537102043557012,0.016229280258790384,0.13432520712485446,0.8487529991745898,0.7448733038630537,0.008545957138506909,0.15080025886918577,0.9103004999392683,0.7040053023801885,0.0010703449089605028,0.11514193065544018,0.883192989337777,0.8482254283405306,0.013831935674125004,0.6800260725802678,0.564550442261032,0.015701461160817495,0.7118894018200359,0.7365373431431699,0.02405466484125898,0.8660186597014261,0.7445591241114439,0.005933418089296839
127,0.7900877250329992,0.8650602021282412,-0.001759245287718583,0.12074052971972578,0.8943106617559557,1.0041464667583568,-0.0007240380751696534,0.12511165291756393,0.9623115980525943,1.0431287430151048,-0.014866515740001529,0.06794118301664735,0.8961483069275574,0.947229691960568,-0.0034370220023442625,0.7326606434243358,0.8182988720981216,-0.0014713050623348619,0.779103452915794,0.8601873399526644,-0.0030207892238235455,0.9076612499031954,1.0229488047472,0.0011540397077055297
128,0.7461993725349502,0.8936739028087841,0.0028008394174782996,0.13507072952497098,0.8958104680372764,1.1023494689086122,0.022010248253556013,0.13190642337997935,0.9700248090402581,1.2194737797436053,0.03189057443092339,0.08088743147484134,0.8797443917501673,0.9618183380917428,0.002789685150536105,0.6752873987550322,0.8503714221137619,0.002804100367363745,0.8967077465968488,1.0212830732196587,-0.02655809783776531,0.900281132659706,1.1252395863806723,0.031481868210295444
129,0.7660753339035263,0.7715916565012003,0.007089035995553638,0.1270431140531976,0.8871869973410217,0.901916259828942,0.018272373559100826,0.1265858131049713,0.9509090781760092,0.8112070882311684,0.0015501007787922527,0.08162006834182448,0.8781769197969027,0.9335600340960617,0.016497651895632428,0.7072484684316096,0.6900941050635142,0.004944959305988057,0.8427232395935439,0.8402607678389007,0.08122619523326537,0.8964154189329211,0.9081402679985999,0.007365114198342982
130,0.7617599096244914,0.8492057853575143,0.0051415224393800375,0.12911056308597998,0.9251964174090779,1.0045220143671139,0.008420377331856743,0.10341728038668259,0.9761927147243511,1.1380265967095582,-0.005495701859722341,0.06137605611987858,0.8757331972790219,0.9533044094639704,0.008748728120783738,0.6999267475459485,0.7896601542671164,0.004307554162452592,0.9034525883745529,0.9876490959002228,0.07665314966105839,0.9331981954775501,1.0067996597000886,-0.0036023669892354627
131,0.7546947155722465,0.6373095048516625,0.008841484823179821,0.13315238579265204,0.9006292090286481,0.768008059525701,0.018388592485817774,0.12404253736477137,0.9432944353282186,0.698484202351906,0.0003301203988511154,0.10270160691250128,0.8695979445566469,0.7828851849410982,0.0062582240281279415,0.6930779962083287,0.5662849024530593,0.008798787034421116,0.8455590721986385,0.6919436211988438,0.03866647113301437,0.9067358760529135,0.7757108370434752,0.015496095451382898
132,0.7622941079361956,0.7088698552888606,0.00042862825107227757,0.1290566758640359,0.8927573539671281,0.8685935773873685,-0.028091288458755182,0.12784534617017163,0.9625430397561783,0.9268646634197465,-0.016544338277773185,0.06643988554848494,0.8817826091406924,0.8396026863238173,0.002731683440273803,0.6978716400286727,0.6402988287064301,-0.00015828199633625324,0.8611943975940785,0.7972256262220112,-0.015504894459784582,0.8959820948670213,0.8762236524329347,-0.029562740345333557
133,0.7543520386314839,0.767853591675377,0.0068467108817689,0.1305374941488259,0.9010297232701769,0.9035069774702034,-0.0005861285497108966,0.11732540183042532,0.940407212669026,1.0320878379977487,-0.01612407196275343,0.08469093092560483,0.886232723812149,0.8867415620148288,-0.004280103993017162,0.6848551855340107,0.7064838155721342,0.008606394129661566,0.8894524335469097,0.6933202752603997,-0.02176171257578998,0.9086588571828417,0.9406778031033107,0.005637379070787322
134,0.7759859906312574,0.7835776476984332,0.0010741030809469044,0.1241910690939021,0.9157762783241858,0.9503708668479163,0.005499384751749013,0.1085107218596943,0.9794305879925036,1.0675014692746911,-0.014657918055078644,0.05285416990797377,0.8825648725188051,0.9079758589703778,-0.002871205781741374,0.7181096442937926,0.7191544790192937,0.0016126586617089488,0.9329296456156483,1.1327958467009405,0.046677785983061215,0.9182915707463997,0.9328254983706242,-0.002698608647165118
135,0.7777420653498167,0.7570521865933121,0.004836726420250702,0.12297757256434538,0.9118605122593366,0.8897573451010828,0.027840033603315714,0.11292639435780163,0.9699207597755226,0.8907631370008791,0.018257722972047453,0.06291872062225598,0.8919161253332605,0.8823096276289977,0.0003257767629118771,0.7156868353155822,0.691922013216402,0.005395041405142719,0.8989987881588714,0.9830523219163547,0.038575104298765206,0.9139643340877204,0.8795995271574556,0.025247690283602447
136,0.758204094401842,0.8895689183160358,0.014155168762735319,0.13100547068794188,0.8882539314199027,1.0363320604107364,0.01641954578236172,0.12998456618537724,0.95322276809468,1.1227387025503077,0.027379060818041923,0.08340967236773227,0.8802559868518333,0.9985257998365848,0.006812390316240959,0.6919891439939524,0.8296301959059988,0.015148799435005404,0.9137831072875003,1.1408497313044232,-0.0007411467475313435,0.8856724954782761,1.0273558865725045,0.018373296445639117
137,0.7601385021627085,0.7336609892408483,0.021275813295686827,0.12959605265701984,0.8911917785570257,0.7633703474521634,0.020086741153205134,0.13013931803855633,0.957983124499393,1.1001034172365989,0.022543048754833914,0.07719676373805033,0.8844747497934894,0.8456604957485867,0.03301981063627334,0.6939329221525973,0.6705307599019248,0.0184861833668031,0.832421637042883,0.7196363959853084,0.011923140046940799,0.8976962630033932,0.7693649148167178,0.021978117080501874
138,0.758048153285679,0.9244585380038862,0.0003843911564547445,0.1335382039353785,0.8899207854042204,1.1003402459882277,-0.020681064865154506,0.13471690653993706,0.9664626920300136,1.1397961407574362,-0.013389428296048538,0.07148594963609951,0.8712400683506945,1.0278379452127158,-0.0059149611016,0.6964269560351405,0.8671116382469343,0.0015056725715257373,0.8443687995924081,0.919009503016383,-0.0061308596929344076,0.8955917139825132,1.1240025373997624,-0.021580626824438665
139,0.7880600345469686,0.7944076917570781,0.011029856060978394,0.12017578698179582,0.9258465718769986,0.9246137284217321,0.017302798173091005,0.1019801933954499,0.9577558667207001,1.0265707459570994,-0.01306595902376044,0.0703332150820357,0.8917216399391295,0.8955968958470891,0.018982172703635856,0.731487898774713,0.7369945406200248,0.009251619108793322,0.9335146103582327,0.9000990214527104,0.03587536664739562,0.9251371688867714,0.9260236841937687,0.014255124956847203
140,0.7401618751579042,0.8264307909936554,0.006258311399206196,0.13573015424179388,0.886685499309656,1.0285275288907145,-0.010403196114470985,0.13105917084604204,0.9652577740632198,1.154379692789231,-0.006568547582847217,0.07305721203649701,0.8753192904075487,0.9311643556964473,0.005256550945740663,0.6686073543959647,0.7664353022181634,0.006300776756977931,0.8654012139441494,0.8279383086934714,-0.007229727421256316,0.8912109364303323,1.0583109060669447,-0.009022412330786512
141,0.7476803272948928,0.6547944937809854,0.012610449538629727,0.13480035009138924,0.8948943862990217,0.7564923287261635,0.008840605779907928,0.12865118617075696,0.9456574704635528,0.6800890636809125,0.013043968612164093,0.1079810716491131,0.8758014443715711,0.8298620873952883,0.004226407828407004,0.6806757308936793,0.5736704562018687,0.013324309086797867,0.8427569612162271,0.5968045035410505,0.0003980932614951608,0.9032763611988813,0.7808712222906586,0.012284125483188994
142,0.7168585861725364,0.6307318078059821,0.020269846654013598,0.14333883861536972,0.8467010463143287,0.7151944604558228,0.03719899276100917,0.1553541058979646,0.9291417341932648,0.8967169431258315,0.0494830231242315,0.1023418923238413,0.8679166376884052,0.7919806984406819,0.014935622661998896,0.6377980113882418,0.5520230489149238,0.020331167978779107,0.8869545877301981,0.7314243834586024,-0.0014386211861897205,0.8452589321847955,0.7187715145225454,0.043698150970357355
143,0.7514282695442124,0.7473971012349757,0.0071551436853347205,0.13135066399947248,0.9286572580941518,0.8948891104546792,0.008520192542939583,0.09954919129437795,0.9526690195385227,0.9729922196153088,-0.0009732954489148462,0.07174230265359008,0.8700822733878277,0.8895745248581974,0.007690231206532373,0.6875654722185844,0.6741027385380491,0.006663241736683228,0.8901392308447107,0.8226877067792194,0.037707520034618386,0.933492733090069,0.9015779832682348,0.003953221981387082
144,0.769888108751626,0.679817822127939,0.013502212152313465,0.12734671107580367,0.8982839351506169,0.7883218445059306,0.021155949236695688,0.12339212629660098,0.9558908194293069,0.9008729826088903,0.004444189744382942,0.07051472967792438,0.893147267568872,0.7880369892296285,0.014547366222602652,0.7038899850871493,0.6217369527008083,0.012878841405199506,0.8866938944325294,0.8429935781845901,0.02729123346040471,0.899616643219126,0.7820526022331288,0.019590417828259363
145,0.7531847442018912,0.7125894678973134,0.009913158510689371,0.13096327791536252,0.883025934321134,0.8564231496860004,0.004312490980657928,0.12826532691877246,0.9191151730610857,0.7751380442586489,-0.006194173188942996,0.10197961568972527,0.8757202166256641,0.8559951701821576,0.018753221459385606,0.6880979823071038,0.637990881985067,0.007819918064198695,0.8882024509424802,0.8820547673217671,0.047119273441060844,0.884647644795046,0.8523707117725458,-0.003324303810601295
146,0.7554455059358883,0.6774578997794111,0.009880703072446272,0.13109589463888144,0.8903863168247519,0.7792603135634155,-0.005566620168596342,0.12853563193637543,0.9676071539198036,0.9231547751600252,0.001974795988537054,0.05984824389790135,0.8824253324087988,0.8068227318807022,0.013934718231957513,0.6874148427052269,0.6093290185378247,0.008717024764220037,0.8762315248013496,0.887268093012692,0.007321697728883263,0.8932974495459388,0.7676432277788833,-0.008809245897730186
147,0.7827140586392067,0.7916557747972796,0.009407974226457375,0.12168514549561125,0.9255829166551395,0.9546243490642184,-0.00016833891427502987,0.10147840792815047,0.9760774861112205,0.941107066231245,9.21645277062994e-06,0.05120466640261582,0.8727765168233962,0.8874770690752589,0.019996821645734193,0.7326413544954152,0.7365069419174295,0.00715812124101074,0.8240172650217362,0.9417497023185473,0.03808316890012687,0.9393986758230034,0.9541102457951902,-0.006758828409232864
148,0.7540439931952043,0.7494633685959823,0.0033029959154644256,0.13046562650643018,0.8953562115768321,0.9078225374398384,-0.014335659905932899,0.1214464828426886,0.9572246370606158,1.0782888104095258,-0.01760125303363303,0.0749484501311198,0.8752861005641606,0.8307049556179036,0.0170161014803047,0.6896311278599428,0.6991639191856465,0.0006476175248557954,0.8109726620625816,0.7549242868523593,0.009226909522518256,0.9049001948712909,0.9255944624126436,-0.017103092187241993
149,0.7543278912097908,0.6753145168055178,0.007259108166513201,0.13185507040860933,0.894032511931369,0.7967617945956248,0.012190036860188071,0.12459084768105191,0.9643687432248452,0.9504346927436976,0.008486761580361685,0.062454065938516476,0.8643411455970521,0.7779997221157052,0.009919553787455489,0.6944172569377698,0.6196492830626545,0.006498921572345078,0.8707222008104935,0.7293717773532203,-0.0030133967630401096,0.8973948821993776,0.807000729183673,0.01560871095946713
150,0.776218866194536,0.7989529253367549,0.011201943892571304,0.12396546288975302,0.922615547210701,0.9701324867547996,0.006905550608505269,0.10425742661326397,0.9716321724078827,1.059649954216647,0.018082356851184495,0.061169036706587944,0.8886159201338045,0.9098450526180462,0.014356219167737565,0.7154979192026152,0.7379957409723324,0.010248727810641135,0.8653495536121256,0.846638688876113,-0.00439793858844842,0.9298349355531177,0.9878758890012821,0.010172016970589278
151,0.772194179601532,0.6657677469102252,0.01892634675468135,0.12760770909133495,0.9166501071300894,0.8035168704604514,0.022498186318258843,0.11286493854250769,0.9675506920644918,0.9089224348856688,0.036817378555262764,0.07184593068701806,0.8867893642477543,0.7732784428095935,0.02726757533882174,0.7101040243223845,0.6068191044553007,0.016833788763644938,0.8316668625106084,0.8494470076350685,0.013746451908710624,0.9276390552971477,0.7995878589347349,0.023526407620014546
152,0.7473658252445301,0.6647171863494554,0.017231168758524526,0.1343940666956118,0.9115858426806552,0.8204693357181084,0.02412597092798931,0.11498868268871114,0.9602965407195025,0.7602628350466978,0.025094414518632764,0.08812783471468384,0.8831881202046287,0.8159992567232927,0.014242631496417666,0.675446845696743,0.5896891287102,0.01703915708534219,0.9782856506443909,0.9911735492995183,0.019874429663732648,0.9049795652798793,0.8039243150718411,0.02327224239079443
153,0.7732326468608189,0.8174797281664874,-0.0022962002891185633,0.1254764424000187,0.9146751483752886,0.9806449804980502,-0.035994028985180206,0.11631551821695414,0.9770772229271261,1.0612679856284215,-0.030676189007077876,0.06075940955786969,0.886403638287399,0.8956500674622109,0.002822681685290873,0.7127603097257559,0.7707473176146126,-0.003218954342146351,0.8641898718041922,0.7696199057239255,-0.02198200612490183,0.9219787562127371,1.0096784854545193,-0.0364484067658503
154,0.76599565451375,0.6915276896090558,0.012153855522147905,0.1282609146709181,0.8964380957371342,0.7790351221835596,0.01178891606864741,0.1252389676898694,0.9732188359885913,0.9363399726471472,-0.00250959506515974,0.05425379349183188,0.8965983904960845,0.8537062412584419,0.016165856979192133,0.6971480652749084,0.6109036845945193,0.010801971591822439,0.8346214124721469,0.8617909335960522,0.04121766516547828,0.9063855140168072,0.7698049326511931,0.006057644536550616
155,0.7484514270042123,0.84122413607946,0.007829165122340715,0.1339173697225875,0.907678900842476,1.0349734796997054,0.005701825907966822,0.11775164064243636,0.9672182774016203,0.9626546067275583,-0.01403767176308881,0.061140056284406746,0.8661380565542971,0.9722084170099533,0.00492995031905172,0.6848633983907891,0.7715347522068261,0.008049607141912782,0.8558627395060782,1.0224895266608791,0.04371069526396281,0.9147279235057595,1.0344421311033127,-0.0008674465894808569
156,0.7764969627895655,0.6877524754021336,0.012681201284206066,0.1256069605958132,0.9200340740886999,0.8180246310192105,0.030394716511226896,0.1120483734719671,0.9878392257994484,0.9345041625638711,0.027934333767975952,0.047806710607392194,0.8801347889013081,0.7742881979845486,0.020628810761936595,0.7200689964239694,0.6384852862910525,0.010854903718636975,0.8693142631748512,0.7765079889483097,0.02770282509800203,0.9255408176860455,0.823238294008406,0.031275888004961866
157,0.7719583007524281,0.7207048437570049,0.015205615450600082,0.1258846272198725,0.9064240267031649,0.8145871870760563,0.03148517075324886,0.11994521273394414,0.9523547977673608,0.8228269845268441,0.021573099621558733,0.08255260273886518,0.8903942380148127,0.8879466673596182,0.016189028105875244,0.7091917528732211,0.6390804861588927,0.014298877451331278,0.8801384993559452,0.9476848923608043,0.046365076445126864,0.9114468184805165,0.8011859206909995,0.027880875841882324
158,0.766683255422643,0.7033525991082522,0.009031489538488703,0.12751253594547332,0.9034146952787896,0.8302416493282538,0.021901879893885038,0.11844862794545816,0.9401090862921145,0.9026129351299425,0.012591759598804085,0.08219189638193392,0.887572595965452,0.8349274201344288,0.008546559512917601,0.7016075998998178,0.6353615846991199,0.008708400005958926,0.8821818189678383,0.9289795621204182,0.03674667992932601,0.9069975058164637,0.8194833024060534,0.01854468150920593
159,0.7531105801568775,0.804880978146935,0.004367447368707997,0.1310467238041954,0.8782891554562308,0.8799250301272907,0.024614470846408887,0.13218112469886661,0.9517320139402259,1.038812521060757,0.002297576206685443,0.07443306749022656,0.8637357502691777,0.9278971393387059,0.0018845416641848469,0.6931507684764172,0.7398653599781293,0.004599971682208663,0.812197066760658,0.7310883990611965,0.03421228469803579,0.885918438492781,0.898662702368391,0.024243042248559
160,0.7430269843578143,0.8670205229271495,0.0160292947042405,0.1364069621740712,0.8962010669526176,0.9693829045689182,0.020567188563520356,0.12327562651864253,0.9551685926018778,1.2462967996588097,0.020315458607160525,0.09332110547383221,0.8702459252197643,0.9977633558238661,0.017771330438332546,0.6748459653193339,0.7948651553141356,0.015220977438357756,0.8924838839997121,0.8794704438577451,0.043410496427857215,0.8969781958378986,0.9786250896013124,0.017205223662634432
161,0.7552020692270814,0.7456246360806764,0.012848036948574023,0.12941662676494436,0.8797652134334601,0.8583835701393606,0.04225384157411535,0.13439147792801626,0.9290097618088188,0.8799243334421404,0.012266528896709192,0.0892099086478933,0.871231172324486,0.8798931409893085,0.002144907273946103,0.6923172207470678,0.6785137095729501,0.014212719962798333,0.8898161337067135,0.893335059487559,0.06343240686397751,0.8788672907764059,0.8531810787925292,0.03831822809525458
162,0.7442914657808296,0.6769253142753576,0.0035202524304184684,0.13392556070269232,0.8847035178630975,0.805623506660747,-0.021386833837232,0.13252328638370453,0.9476654296468752,0.9322415832622467,-0.034025409807671686,0.08227224288271813,0.870343268305231,0.7922154608446448,-0.0004475268089182335,0.6770595665734509,0.6166434627367039,0.004031469172962346,0.8711305033022144,0.7361128470309461,-0.013007481527126965,0.8861173707465881,0.8136973348308024,-0.02212392357611181
163,0.7636526949868678,0.6767241451071949,0.014695197271723965,0.12908484719696428,0.9032383692423638,0.8018427293952166,0.02159692029044864,0.12047452744664339,0.9733920526175361,0.8262456804314793,0.024359399685434685,0.0695269981500041,0.8837979444186558,0.8478319337240371,0.015385503702955496,0.700297977323183,0.5947535933326685,0.013787351818572859,0.857807720575986,1.015522723969513,0.021976616248674932,0.912852884136544,0.7837576184387063,0.019684092983898345
164,0.7594172224714251,0.7935746255937612,0.009057598502393913,0.12944799842472585,0.8805732014838974,0.9163372812295079,0.015184591649772929,0.13045516172766317,0.9369184014014709,0.9807125048718467,0.024956330159761612,0.08750073374808588,0.8778987134286027,0.9045339302414487,0.00969944992194772,0.6956623335788163,0.7326045485915392,0.008640778610637662,0.8330968059881698,0.9202874104075245,-0.013911681509785603,0.8872013526200924,0.9200066544025366,0.020158596507758846
165,0.7645836448873469,0.7442563094763487,0.016698850345019355,0.1275291978074919,0.8901594766718164,0.9178947787041019,0.029921490826962816,0.12696253540741148,0.9366730744603691,0.8289263754889341,0.017875701004080848,0.08911464857635261,0.8748673253085345,0.8688074948808514,0.01577877149344101,0.7046468219576794,0.6793504865271536,0.016303696230675162,0.8341057380394612,1.0516956200770005,0.051998904365039775,0.8989520167487302,0.9045722587708752,0.025167100121430395
166,0.7383911168743766,0.7332849486541573,0.014036884128117186,0.1345271854703667,0.8723895775692381,0.9030249384509355,0.011865369670837267,0.13380650693801907,0.9690820900289453,0.9919002340656995,0.026568594422760643,0.06319396301121984,0.8904330198606483,0.8789639381247603,0.01628581920506638,0.6585847645538357,0.6555753602151742,0.013106987772855891,0.8582439904442898,0.8448264715009269,0.027517634826854466,0.8737536005466793,0.9088290490388367,0.00960904003767438
167,0.7385840317933199,0.7589250102446913,0.0077019300092618335,0.13528065318187055,0.8654966564943116,0.9271898146477235,0.012842919757318121,0.13927059578315099,0.9208702494462414,0.892782527898444,-0.015274275967479312,0.09528898040384559,0.8631350369580955,0.8883166433720695,0.004821707797008823,0.6720025155164986,0.6910360194088586,0.007881216319246088,0.8232344692374687,0.8929988360420257,0.054053148404725346,0.871492735501252,0.9292908513961876,0.005803679333216857
168,0.7363216986464001,0.6081580980635042,0.011706600425160979,0.13903538782362668,0.8784855771656623,0.6834176447682483,0.024089606747539634,0.14440448341614634,0.9477983211429348,0.8120755290766066,0.0301204922409581,0.08898203776045627,0.8776862219651235,0.7909267553770409,0.008961912546200811,0.6622395923617964,0.5226753036329828,0.011433661246148271,0.7736823597028074,0.6781737909579596,0.012333312320547662,0.8916365581182825,0.6852801201217783,0.026189165192741153
169,0.7765189137457481,0.8531166788982336,0.005232202127312445,0.12471597233947081,0.9300832190187112,1.0417850383443412,-0.005098674744131125,0.10211873927997424,0.9788280554484036,1.066591216478423,0.0004252233241061407,0.051421568262378814,0.8770198734157549,0.9261163379665944,0.006846593620866605,0.7214883265101283,0.8099899562167908,0.004805825777011022,0.8876112770022164,1.1146550102450195,0.0013964943723996657,0.9354666035878014,1.0336683312767307,-0.006827059527742303
170,0.7451861930976964,0.6610014006577504,0.004384110057455739,0.13410923983605774,0.901649030854676,0.8357294643474555,-0.022559132095230507,0.12215625386575354,0.9662534366007116,0.9622734324883876,-0.04422551481482617,0.07508481194066909,0.866210008394211,0.790322081365697,0.011569285766339903,0.6799198260371343,0.5926124664685352,0.002781817272850137,0.9035224591432791,0.867442181439532,0.02297629435840741,0.9043587011905385,0.8308356800533568,-0.030718350318747895
171,0.7789969769449716,0.7713934653097643,0.013561836808502576,0.12308350552700836,0.9075508452217924,0.9024154163924916,0.014702736656133093,0.11346952900492632,0.9882088476926774,0.9779189428350753,0.01515704845094871,0.03869956233024853,0.8881780045728332,0.8697037976619175,0.01485800651896418,0.7197021456866436,0.7170127838456458,0.012953950119964969,0.9254114876117531,0.7906208789848168,0.012023608394956519,0.9069135072232561,0.9178065188909723,0.016306431045404773
172,0.7631049130925561,0.7630148374799919,0.01693509358171105,0.12835965035531277,0.9001525427648838,0.8962537788707572,0.021843561164333673,0.1190949855773714,0.9670476240343476,0.960764061905111,-6.51923061533009e-05,0.059426470972124064,0.8740559601822266,0.8488537276465273,0.010592681295250927,0.7037282189347326,0.7169474966212503,0.017769663868865283,0.8806573492826312,0.8639051220365369,0.04446188808305931,0.9023780626239369,0.8983079377489895,0.018130912746335097
173,0.771016708184402,0.7800859905201467,0.0011270500928951006,0.12557041283481363,0.9188101451996188,0.8889903007436418,-0.005825133990249958,0.1069728553203499,0.9633231604720489,1.149164871088569,-0.02640818467143945,0.07855903791804955,0.8908437278550617,0.8686678400511567,0.009444497259961089,0.7066059902830146,0.727070929748683,-0.0004532743859160631,0.8566711305088116,0.6784229939443275,0.014666292358230233,0.9277969690662153,0.9181996287084587,-0.0075509498673287665
174,0.7798429984557231,0.7856339848038074,0.0016611302599197281,0.12222802280693959,0.8917306929486475,0.9474892316930159,-0.01776301421388423,0.1251191786971227,0.967135978297533,1.0056189008781777,-0.009511382939002947,0.06076016286767366,0.8729915766250386,0.8739513927204882,-0.003201359617785404,0.7282636499240481,0.7380772170049306,0.0024559414541507995,0.8646456063278621,0.9356995608891058,-0.014240122416296432,0.8943793359832249,0.9485061668025154,-0.018255546380532832
175,0.8040274444710073,0.7973939607508438,0.013829710063150293,0.11516969959800513,0.9298579357355765,0.9086515954423802,0.009282958000815607,0.09820041921747295,0.9869337101071891,1.0221427792850377,0.020420489807811575,0.04310856039610916,0.9061217807417624,0.8828760285614725,0.012799434822791347,0.7484050245373058,0.7499542034386063,0.013707702111174228,0.9115420903872579,0.953013467596298,-0.027018725077012647,0.9336703562595097,0.9089046142637687,0.014961328015295846
176,0.7736445844242953,0.7585191435488577,0.0012538632322561798,0.1250493304427549,0.871116272452156,0.8982596048270055,-0.005955843776374025,0.13556564075327637,0.9739369009129808,1.0314968112363152,-0.007882481352871866,0.05516863348761145,0.8930865679543696,0.8668831830678221,0.009401313956298193,0.7096889971883499,0.6974552506504964,-0.0003750088274567016,0.8482621830828734,0.9301704181956075,0.001440670181103238,0.8733575325703559,0.8941243255953916,-0.0075411812612449424
177,0.7722519232502383,0.8046410090232726,-0.005433381155498632,0.1257025849610361,0.8883194994460499,0.967448825680781,-0.024521103916755407,0.12990695200389465,0.9679365336182065,0.9355448272275565,-0.03727211162608661,0.07059810289219876,0.8900655691742578,0.9418685921592834,-0.008983411164784086,0.7088058687818036,0.7333137771496454,-0.004825571594377106,0.8471506950596014,0.7596183543021363,0.03374269333787326,0.8966963542093604,0.9940891090767942,-0.033662599709525544
178,0.754963236034785,0.7273659689109787,0.008024697919302128,0.13063781571217153,0.8849324802267389,0.8695843454925579,0.009136561221184667,0.12712337790026776,0.9736140476058985,1.0900515077191768,-0.005153513767122283,0.05941140429808355,0.87834207114238,0.8470569559173037,0.0076836137030453925,0.6886599508042397,0.6634786468216933,0.007750708348216707,0.8610140439789777,0.9861184032450928,0.013075711987484835,0.8884706633330972,0.8579809605496184,0.007383783564789773
179,0.7615411070703767,0.8600941433963842,0.00503468168267888,0.1291045849417187,0.9293924634934014,1.0570115496481542,0.028196371304704083,0.10751143553926537,0.9772276581261189,1.0469426756627844,0.020191495055079473,0.05541977880491219,0.8865075595247872,0.9863771973764919,0.001430222100121306,0.6943652809952304,0.7916750170517873,0.005487983524272407,0.9603910281030346,1.2050869955616443,-0.01221081681398408,0.9277177240848643,1.0476348645087135,0.03352194636151053
180,0.7525077410721315,0.7977138251753599,-0.008111644110425779,0.13212737046064954,0.8952086908211928,0.976155739007409,-0.03638728062308737,0.12769415928067923,0.9626602073351959,1.1439572715373627,-0.05590414812207752,0.09075750267139214,0.8665904937966051,0.8857551728655264,-0.0036556618849521005,0.6911981160459219,0.7461495522778051,-0.008808126096184879,0.7636314784211174,0.7324074456979397,-0.016359794850232305,0.9108336085522503,1.008541431023877,-0.037525759356923837
181,0.7538629110318121,0.6963185771091234,0.012210841920253167,0.13134262575320063,0.8923534117674812,0.7919335946486665,0.008075836689727804,0.12620525321753814,0.9609375084510516,0.9448275704372718,-0.002953340841260068,0.0651549797250745,0.8748568859619499,0.8449113533154952,0.02082016970432401,0.6897386642398586,0.6204271886523628,0.010101286017362258,0.889047743158014,0.9435186902480082,0.05072380801316905,0.897931714817242,0.7771622523319072,-0.00024232669808328642
182,0.7577192114037875,0.8451175767871955,0.005225188064196562,0.1305766319734074,0.914801333429767,1.0214233661632253,0.013804102553613954,0.11329207722511586,0.9482127736058965,1.1920360529823328,0.007069054219869135,0.09067330817787675,0.8915068037585581,0.9272053578549824,0.0015557266722031567,0.6877208292478804,0.7973660278479423,0.005814779232070533,0.8868208922354924,0.9400273078033847,-0.01307542707045581,0.9196754431600144,1.0365201303048128,0.019354222986225116
183,0.7704582209784208,0.8403512714624299,0.0006696573886505984,0.12509560463309163,0.9082157112527922,0.9953110250667593,-0.004884481425240168,0.11425437305156623,0.9662025108581307,1.032659557294505,-0.009030272832971496,0.0622997035162826,0.8938635351240194,0.9921724276540392,-0.0022982130877296776,0.7040341787884498,0.7614742796687143,0.0010318201303544394,0.8675286869793638,0.9552952416615134,0.03143439661410231,0.9136143748366532,0.9975588898176229,-0.010936238864647257
184,0.7475018361840879,0.7141966843726483,0.006638609705949647,0.13278830291016383,0.8846276337927672,0.8566853840783458,-0.0042363371835491565,0.12797484991820024,0.9486273122614036,0.8706838980252878,-0.006254848833510502,0.07728259632318184,0.8839003867311174,0.8678171122860008,0.00804278175999472,0.6753345705987444,0.6357718095945218,0.005957007694216134,0.903267852982282,0.8290811500130839,0.004219413964989185,0.8823912584915103,0.8591990656915464,-0.005431888190865358
185,0.7569493053239943,0.8190714933884424,0.01187989426165785,0.13041218779675126,0.9037942212992951,1.0049023404878836,0.02188510771525922,0.12081462868047561,0.9610982330517066,1.133631032051277,0.02280477128247953,0.07828842779464618,0.8809009204689682,0.9090676724607076,0.015370236029663635,0.6911601723018344,0.7663180700156139,0.010983047923648822,0.8139394295201083,1.0270930123162314,0.039974318432526426,0.9146220576396676,1.0015044981523056,0.01857901920698394
186,0.7846352230451631,0.7657894215400458,0.008071756239781175,0.12124804483287882,0.9218212409269115,0.913380106581737,-0.017177202025926402,0.10594415950123061,0.9613082912163589,0.9274427979246844,-0.006834155450569149,0.06558502322596718,0.895071028336782,0.8729743985712444,0.015822896680585008,0.7248792688344236,0.7058555200820549,0.006359354524677005,0.8951052380064837,0.7964386778732806,-0.007415319756072294,0.9251945190179499,0.9279896277733332,-0.017759780904256547
187,0.7565763230555312,0.7457845459286601,-0.0009824626389318648,0.1301874309943474,0.9083324626439802,0.9148578981936344,-0.020043005315001246,0.11528119867608867,0.9537228435227195,0.7856136405825,-0.014188935751236111,0.08481185120978349,0.8725672168092767,0.8670928194261727,0.005864793365765209,0.6937631332274683,0.6793506554721447,-0.002324788929369424,0.8645794033079983,0.8901576075063217,-0.01856771394543294,0.9129978510098008,0.917690698176477,-0.02002973209485501
188,0.7709515831890357,0.8257640416908426,0.0050749517532406585,0.12584101338265466,0.9060436052812773,0.9799499860760158,0.013179566058875844,0.11616606752852786,0.9860893811826549,1.004207321997025,0.000477612610509498,0.038613243218183685,0.8782556208541775,0.9259853237363969,0.009203549467021283,0.7124351513494649,0.7688261351258202,0.0041356245031198445,0.8386362733066774,0.8767075890835644,0.04748467287238364,0.9142527260910386,0.9901342338264283,0.007843928891820624
189,0.7643678009569872,0.7227872317136408,0.013031088859798133,0.1280913000648017,0.9157870456833076,0.8019391851859512,0.01262287704214131,0.11331222048192613,0.9664703083158819,1.00887964303556,0.015640921236167723,0.06305319157932167,0.8693882941004126,0.8576366427327639,0.002780637264395006,0.7080583020681472,0.6575751097304813,0.014324912913706404,0.8702698167150054,0.6849858316742,-0.006266645900070522,0.9229152220531425,0.8203685098498035,0.017357616685841952
190,0.7573359978299606,0.7808633861724951,0.0031694479143783913,0.12926107840328452,0.8916562697723751,0.8869671553194207,0.004961631389134533,0.12235999441900246,0.9449463229471986,1.1092095941695734,-0.0004982521228947847,0.08555287537125637,0.8829892659310498,0.8900999088053144,0.00721811441385464,0.6906144541685997,0.7196471074286098,0.002278627435165211,0.889847768407886,0.8931037884497034,-0.011395285711799366,0.892127390682818,0.8881094233629142,0.007718552452356564
191,0.7369880089555833,0.8771721834288237,0.0003563033975888553,0.13827142922752683,0.8700411982060818,1.0566620280073173,-0.012599241547743247,0.14372274819913314,0.962381358501032,1.109689515917882,0.000267452378038837,0.07123021428688509,0.8619754189969501,0.9448704490967123,0.01871259827754867,0.6714617504286451,0.8304742856059663,-0.003087743297311815,0.7877073592020764,0.9072848914057169,0.010142384331124462,0.879212667280086,1.0735702675401393,-0.015392389061463119
192,0.7706702810286363,0.8359526016000255,-1.1387698523198576e-05,0.12645754603948023,0.8905005188723538,0.971113405897004,-0.019766259002676284,0.12786322159687374,0.9780603243850878,1.108314454044101,-0.033099389979867395,0.06459538469539135,0.8809126419931558,0.9260455394507121,0.0017580739986525532,0.7112363427274374,0.7843185874029205,-0.00038894567353093347,0.7515715568210856,0.7946067593461383,0.007743292174206166,0.9070189133465811,0.9919131965920155,-0.02315973797093941
193,0.7387559616553135,0.803260862142374,0.012227348680306201,0.13603585921992103,0.842042797559231,0.9322825456913324,0.03128445736735199,0.15508089254625146,0.939217436141548,1.0746411559245483,0.04095031141108139,0.09541133932309004,0.8774604176907521,0.900934165579796,0.010478276997098962,0.6662731998066371,0.7473713987588444,0.01228493927064778,0.7836375724003047,0.780578330676595,-0.00739302281429356,0.853305060835706,0.9619212038791312,0.04007716376641889
194,0.7833931969786898,0.7939103129031168,0.0025124170043287182,0.12131386481135907,0.9241582467488478,0.9391258158531274,-0.012543883206540311,0.10274671316630181,0.9739525050088147,0.954210671440991,-0.014101256263781607,0.05478447426367953,0.8972559324386203,0.9091509467626945,6.953228863904541e-06,0.7215746419253105,0.7320815754963003,0.0028021270800127223,0.9375568032954362,0.9414366403228875,-0.0314249278266011,0.923134006597007,0.9413641142021231,-0.009346262476368194
195,0.7536558272771041,0.6808377555356838,0.014250549893361532,0.13149757549591623,0.9123618484496986,0.8147693867233184,0.01857319291337404,0.11400158393264084,0.9532771836766176,0.811251053999547,-0.0009243791021699569,0.07938171321821925,0.8879394036126111,0.8276760393236418,0.012904626587819464,0.6825436505051513,0.6069633980388782,0.013860931366019647,0.883859501363319,0.7444899789397129,0.03456542320226212,0.9155041681915495,0.8220968461259553,0.016363682259104586
196,0.7628596460882296,0.6967297483352453,0.009289927320929632,0.12893967010006904,0.8930292866564014,0.7989640891051524,-0.006477463110179943,0.12666749404313007,0.9627211491289631,0.7731474730356841,0.01743453185295532,0.08321998303386456,0.8825925927983592,0.83706280921341,-0.004327132144066604,0.6995031948299713,0.6295821651713343,0.011262952991861697,0.8642254061597203,0.712881775326486,-0.038859921131529716,0.8995811620069608,0.8155457664599438,0.00026671140826169603
197,0.7507006345066161,0.7556607787517049,0.009308006625751129,0.13153309414409436,0.9020219971919781,0.8783606413736117,0.0010548071447506035,0.11686645602162289,0.9508951949752742,0.8457815224028078,-0.008638240384864855,0.07812992533343684,0.8804266627793902,0.9341376658191468,-0.008052963054389206,0.6830060906521698,0.6728460134070074,0.011807905559280643,0.8451235294473426,0.9822279920211977,-0.026650221934624182,0.910503248692286,0.8710652501162229,0.004575808260635952
198,0.73478140123734,0.7037147099039922,0.025914708160732634,0.1377461880079376,0.8567676483011251,0.7863546919524879,0.058292349092208026,0.15411216003035783,0.9273805467160818,0.9159841615347859,0.04336846663530442,0.0995494192375225,0.8737498507864497,0.8676629114095026,0.03063025438224515,0.6617928042180157,0.6213129677021222,0.024053429089212656,0.786100801585716,0.8829584884539515,0.061128881334707175,0.8666058802366181,0.777036033782168,0.05709299505830389
199,0.7790042469222053,0.7926492177754093,-0.005146675115313143,0.12368112231365468,0.9237314760288027,0.992908775079711,-0.009118773271530975,0.10467021984604823,0.9730420199780123,0.956008399925072,-0.02950467408475624,0.061766981201108746,0.8910551962321425,0.884007547734462,-0.014565878600862697,0.7193020466563638,0.7445721604732943,-0.003390085415740175,0.8477061198127005,0.810205532737478,-0.0014460512425895804,0.9329607686403038,1.0171365121780473,-0.008743096332311802
200,0.7657787258157872,0.7305243497032738,-0.003969779563701977,0.12790948862373436,0.9122528925775012,0.9777450953956619,-0.05409730789786663,0.12467223492181038,0.944918683675703,0.8536350384752349,-0.048156928771703425,0.0958191785354951,0.888620204638743,0.8551416079238502,0.0002534393762681222,0.6999373264081071,0.6634862242147753,-0.004786614056086664,0.9373901673612927,1.0532446705642602,-0.03623315893297291,0.9100545423816487,0.9683745640311506,-0.05787764810975597
201,0.7720534195901844,0.7638220365497843,0.008673002365198619,0.125240609333545,0.9140552666304718,0.8721982735281107,0.00833455694979136,0.10953298356642746,0.9664321347610453,0.9836992584242515,-0.00881655243663568,0.06077529635855748,0.8862639679522183,0.8756203663553749,0.021872420669846744,0.7109714998884283,0.7006659280985342,0.0059399020515229954,0.8511652266903321,0.7935725021384056,0.05159478149237825,0.9227765842022126,0.8793607710278476,0.0012438941552580503
202,0.7397768252328211,0.7351112834267133,0.005576818813835259,0.1346616599282651,0.889519623399099,0.8415634041914526,0.030155516165060355,0.12749342713404377,0.9564630447343208,0.9761370805548572,-4.675985200792304e-05,0.0685105052097588,0.8784167489583551,0.9102738936991621,-0.0036422428775581585,0.6670829397149185,0.6505273408315584,0.006800485113139158,0.9031803591249633,0.7695925540179888,0.032007576447507485,0.8883813694173728,0.8504726470202908,0.03047936083376677
203,0.7430478435111444,0.6898548329946453,0.016343817017939296,0.1342683841971217,0.8863083955076105,0.8202007205579309,0.03455384002077343,0.13015793028560174,0.9514794216727718,0.8598810866621182,0.012422973031197939,0.07666175828426207,0.864387904638408,0.8384839524575746,0.030987001162977174,0.6788841023355853,0.6126811603802521,0.013032567943148153,0.7957861485485186,0.8824451813038641,0.07591426867977952,0.9005080901054218,0.813393623519217,0.027008678479250644
204,0.7757520366310813,0.7416497331345587,0.007617008587939194,0.12447590202613361,0.9287898289953976,0.8860645023109421,0.0006891446325797165,0.10015936303084921,0.9637282228944692,0.9409825515878564,-0.0021066654464452447,0.06315270783883767,0.874572349479403,0.8538771167092775,0.006966989237634929,0.7220087690471787,0.6831658498566282,0.007407558344223722,0.8893629282937575,0.8861732376941621,-0.0024445264581193712,0.9330043504529212,0.8863632323946938,0.0012292133887353421
205,0.7531107880240241,0.813907290347564,-0.0035235615692437677,0.1314907295418102,0.8935381665740089,1.0098501643811097,-0.010514263667366349,0.12587899802485075,0.9636089842933981,0.974829872648057,-0.0046761344271694085,0.06282317732726596,0.8841662817930066,0.9052892776751065,-0.008041278797826724,0.6843223981973319,0.7623318660013131,-0.0026336609153982445,0.8701493802546874,0.8665945746189868,-0.01644959386086253,0.8973904167489806,1.0310633638959013,-0.00797214030147767
206,0.7488932236962961,0.6936315751367933,0.006352512421980677,0.13242450601111896,0.8934986298390197,0.7907714165888713,-0.005313815889174791,0.12642665953354085,0.9425968871869699,0.7764762225310399,-0.016675793750704434,0.09256433311437673,0.8722126715960858,0.8739466475743063,0.0021113460447371906,0.6838152443973247,0.6082801221343235,0.0065800413941793385,0.8537259012443786,0.8938670904491509,0.013831951380593108,0.9000904043501671,0.7797514337876003,-0.009519478624851013
207,0.7767372229757201,0.7328193434057843,0.002842327648050235,0.12417018294591455,0.9292039171570412,0.8931377731546604,-0.0061455131725763595,0.09979509648765958,0.985002835502761,0.9942593114686329,-0.011853708080019546,0.041720980675141545,0.8856718973499562,0.8598614794062058,0.010096719634002252,0.71805404617016,0.6654210067558001,0.0012915767595866557,0.810789449309743,0.856388517324559,0.03029651480274836,0.9449656925868234,0.8952322865500666,-0.012230989093684344
208,0.7537552332027838,0.7076290430165635,0.018477895343189846,0.1318764185026124,0.8951469211420087,0.8233166143790955,0.044852294372355446,0.12959541800011526,0.939914883142225,0.8975968639725695,0.023849959703396324,0.08521224329773434,0.8790591197493379,0.8422305502748306,0.022716314255016717,0.6868727241273989,0.6372919895368011,0.017038549497183163,0.8971678548823471,0.8785433137412503,0.047956970101185895,0.8948231087187958,0.8172785186102456,0.04385838035834897
209,0.7671348212118868,0.7354494586217838,0.010168536913505666,0.12664535904963806,0.9027996134029184,0.8951944595416059,-0.00010642820451450744,0.11617580634015533,0.9683730842055872,0.838290188681621,0.005128580372545124,0.06714370740383549,0.8869609342302878,0.8678785077148906,0.007860616538399002,0.702704760758154,0.6671598604579025,0.010159847355880151,0.9307297010017433,1.000726758715061,0.036424932054165,0.9022376638096836,0.8833887857040212,-0.007151721985343856
210,0.7409398618110526,0.7788854978960186,-0.0020680817060171716,0.13491380868877573,0.8820750354616057,0.8879004368074177,-0.01451432799967743,0.13019480722325535,0.940476555733634,0.8551634410397652,-0.03483457190319281,0.09172301341087459,0.8641146207319971,0.9205656825999168,-0.00022200945736065364,0.6748783211261736,0.7041487106581349,-0.002505305299210987,0.8571649769681376,0.9678834642573519,0.004989904308767931,0.8858259648981113,0.8787779143679681,-0.018560133349128715
211,0.7528713139626281,0.7254336488256863,0.008038359416581424,0.13078937979288005,0.8896567236970749,0.8580151523113647,-0.002395136107056835,0.12458840589331575,0.9504093985550552,0.8374248632601102,0.007991145921706933,0.07922201248968588,0.8782712236801937,0.9024911486847448,-0.0007069364193188969,0.6865307315991599,0.6413679179736383,0.009012156837036843,0.8735953575378979,0.9565070450443541,-0.01693114866270875,0.8920376230267275,0.8493563279396937,-0.0009941164970209927
212,0.743115907494289,0.8109004527053764,0.007224150483291003,0.13403701176048022,0.8998432291349816,0.8982652327576639,0.014521862770985038,0.11856328896078455,0.947136229820119,1.0389489053112817,-0.0027640828334497772,0.07802780328238706,0.8642397474044515,0.9518783304858622,0.005052445447043036,0.678001127905374,0.7371604487450765,0.007289252632103046,0.8134711887866907,0.8550479046178581,0.023284296056902597,0.9093576487854325,0.9023114657274154,0.013387094782025842
213,0.7774279992369693,0.7612714224427751,0.010165128519804424,0.12318980054582347,0.9070087870425474,0.8478147684814781,-0.0035023919554677636,0.11521988429386001,0.9653363463758419,0.8612652612227978,-0.008738330476628796,0.06689013292489471,0.8934957593154071,0.8879586407149963,0.00852238108136011,0.7146832256320129,0.6949117192103478,0.010080790936634136,0.8614299642110725,0.7215535191773264,0.0008068198219579845,0.9126799242224496,0.8646361921123855,-0.002962479741955142
214,0.7720405281768052,0.6978835055358455,0.008845696419808152,0.12604248601856882,0.8977181730038406,0.8664751684142681,0.00615600825917715,0.11955374769669916,0.9632284850301449,0.9455304772745887,0.012894230618930714,0.0645100710162722,0.8904221513158224,0.7927011790403735,0.006406680166374707,0.7085597515944397,0.6465447500151652,0.009027342591976682,0.8983000370348819,0.9007577454120643,-0.010111844350952382,0.8978342363029147,0.8645058310357405,0.008576071206546897
215,0.7695995594478544,0.7259721814443324,-0.0028688520676172532,0.12716768606724438,0.9034555121202142,0.830503102413257,-0.016257140928352534,0.12061100393731118,0.946269948954039,0.8951576018820233,-0.01642742838120165,0.07960880728461095,0.8787314558174866,0.8180935753981005,0.0007977985458811108,0.7102435099056877,0.6739782278791019,-0.0035520542093107122,0.8949766889686542,0.6651927290284834,-0.018694273845102378,0.9072830457023467,0.8548953136742712,-0.01398120470867222
216,0.7604923983759659,0.7382384228411254,0.007769259146063922,0.12826773070402284,0.9216017201747211,0.866711690148787,0.002457122790336252,0.10465141299246697,0.955932265208676,0.844029370478827,-0.0025915633727449684,0.07417629766557189,0.8734126224921592,0.898142776820843,0.008410168525288102,0.6999198734264598,0.6588256955487903,0.007180240765414609,0.8898942445384307,0.9558132977871707,0.009531566959091195,0.9260579180479416,0.8572165671805793,0.0004424368545193183
217,0.7612423205893676,0.7856327833778243,-0.003222861790948516,0.12888518925847425,0.894416344395401,0.9035473778631402,-0.023737918066595632,0.12459421789292774,0.9437981543481707,1.0848327074684492,-0.04758823527818391,0.09528004113553745,0.8831622826951864,0.8811561900169833,-0.0057050812478969554,0.6958000650635418,0.7320008320289185,-0.0027579566782836478,0.8734213719671282,0.6669037613028621,0.0055731093937455714,0.9005150874477621,0.9372129792090124,-0.026968283174946598
218,0.7413225522774679,0.8384738404349534,0.010134105209471332,0.13569756486254977,0.8552182075341009,1.039904065956037,0.02768780768254991,0.15321576920476174,0.941094962502226,0.9961496542084266,0.025845556908960222,0.08529016277990277,0.8612635482651051,0.9213833386507898,0.00921178636825684,0.6768295265573039,0.7897117242069421,0.010121547513841584,0.7231109950126723,0.8187316757429175,0.05983881418805707,0.870877793894345,1.0663091879811193,0.023369059508458825
219,0.7474921664439094,0.8684896089896774,0.007738061916362363,0.1348018010779272,0.8879993060386038,1.065713704642939,-0.012453565772404892,0.13323846379983043,0.9569391256499995,1.2316882937123828,-0.016686426827372848,0.08974116808297761,0.8792262595711005,0.914918888491123,0.010234405843718578,0.6798231668110744,0.8377154886605813,0.007189271123850091,0.8025590333932843,0.7936563783877718,0.006794182966453515,0.8999591195709562,1.1059517355436213,-0.013543556477331449
220,0.7803116570410815,0.7204724709213147,0.005918581501200065,0.1231994524137556,0.9226896923721599,0.8814085178308438,0.0036946619227182565,0.10336005139327878,0.981800887466417,0.9346049019513174,-0.005613832303668482,0.04576190025526627,0.8923552137803711,0.8557946261210042,0.008045406633901698,0.7198701005617318,0.6507965676975664,0.005188026043018405,0.8909611417814783,0.7999538889109945,0.045044806234449605,0.9279217153450139,0.8893223947024976,-0.0030717657468046474
221,0.7524141938363597,0.7760374866767716,0.0070312061627512586,0.13113749830884947,0.8727170028423393,0.9230611485357366,0.010091453514825929,0.1346662754989656,0.9559739868167613,0.8291183639143618,-0.010027954981343375,0.07697921369626691,0.8713975039814809,0.946696286040587,0.0021425249446194216,0.6889894470141247,0.6927013057241036,0.0074043440375079605,0.8576455579263094,1.1857140227885576,0.0325058187947294,0.8790028993079172,0.9011562991256832,0.004319768157826128
222,0.7432763870425091,0.7585165840717685,-0.006063924697295444,0.1348124682959379,0.8582549967103053,0.9241415523705997,-0.04716788637214521,0.15268463204990593,0.9429917605733759,0.9444364191192808,-0.04935313939185281,0.09361869479783624,0.8830494094320488,0.8795906295706281,-0.00576209396243527,0.6697041828355508,0.691934110277892,-0.006045293905821914,0.8384694613533425,0.8813029850483747,-0.01438445332121344,0.860713072201223,0.9269899194503322,-0.05245471281594797
223,0.7841848192776175,0.7874910999074528,-0.0003124584104840185,0.12145982832285744,0.910393117112667,0.9109568365994528,-0.021755068120159784,0.11435929626883368,0.9572284043806594,1.100798304441321,-0.021499742511110635,0.07726870119381077,0.8986889078738137,0.9164234788235686,0.0028328352165953585,0.7224290550735759,0.7186437931004793,-0.0010088482820896246,0.8117231855027027,0.8837251896357228,0.014461008372531475,0.9232364873703707,0.9120477151015179,-0.02784523131437553
224,0.7859154958082268,0.8352619422126409,0.010954466980499232,0.12154048296035605,0.9321734315434105,0.9887014884004819,-0.0002850382725781487,0.09783602301867915,0.9869325304737144,0.9492857183873901,0.010424048028515308,0.03979081804101082,0.8887174484436124,0.9130392781173551,0.012341822914381953,0.730092887272622,0.7902890472460212,0.01048009458897641,0.8729073727790672,0.8251628298397127,0.004418150583901801,0.9394757955669667,1.0105015437626383,0.00051342248630704
225,0.7693699821068435,0.6841208185097604,0.004258574771486187,0.1276023226237582,0.896668867211986,0.7935918294776173,-0.0038548185510435154,0.12494238752054566,0.9641510263446017,0.8910186917016713,0.019846274067745303,0.06829551371267757,0.891034823294955,0.8221140832548771,0.007003279812075677,0.7046340710398934,0.6137471837895505,0.0034095511106660543,0.7861531088330089,0.7284410493541436,0.004117747695155615,0.9090860670616887,0.8004737861434551,-0.004541519042309244
226,0.7731464473984208,0.7382297924058369,0.0061402556687822785,0.12477407524080049,0.9274807486308139,0.886535039908119,-0.008648438384384576,0.10125309510100337,0.9716905150517453,1.0277132137561862,-0.0008049090242344008,0.05648873207422051,0.8880950289226072,0.8155532053081251,0.013608999463395293,0.7116046983302394,0.6920047333175173,0.004586061256635734,0.9073528481768327,0.7800156040738059,-0.027815656307133285,0.9317593617238411,0.9040969573954062,-0.004038286720946469
227,0.7806132077682081,0.8273295443755012,-0.007121389338446129,0.12346939344727013,0.9247695493886763,1.010463489603944,-0.014947262582592841,0.10490725693173304,0.9632116573649402,1.0101060245030842,0.011037439035196758,0.06514460506905687,0.8858072998227619,0.9163130113147411,-0.01232003997847681,0.7235431151176622,0.7786530407112956,-0.0060901869198854396,0.9096334948151736,0.9944881349865455,-0.051850649684066545,0.9284809959849152,1.018813237971622,-0.008483146077802725
228,0.76560986191381,0.8926206074333319,0.002927382959556118,0.129238179840516,0.9211300463671064,1.0967478888539648,-0.001181487875269677,0.11250526135265831,0.9767898415857178,1.0517066323368858,-0.02318106357127011,0.05698157015488576,0.8802295620162085,0.9659879223373675,0.01461899213055338,0.7041229884114764,0.8450957820723772,0.0006857681952385215,0.8681122855719319,1.0050162467099386,0.052589203124772915,0.9294960072449965,1.1056422890697817,-0.010222581583156193
229,0.7371056809299558,0.850371299252862,0.0021503007493544005,0.13758433720675636,0.8840784618816908,1.017473511905164,0.0014165999387117443,0.13191798197431465,0.9570858434865956,1.1674770053111214,-0.01709038190311262,0.08299433535162964,0.8620929685005105,0.9350800013723504,0.004055237777598664,0.6706641391313005,0.7995008339565092,0.001770293272027273,0.8100015508408979,0.8002177782254479,-0.000232779413697894,0.8945030081459768,1.0506967177822122,0.003910669454974057
230,0.7749331333415704,0.7855663288330264,0.00736538213684175,0.12435587937108313,0.9175325228933746,0.9351007148664809,0.010470455521858048,0.10742364641031399,0.96574901190041,1.0882343843230338,0.01738423177283562,0.06877708171347606,0.8929504797459602,0.8675968302744642,-0.0026053965351293964,0.7132465912897717,0.7424247519953685,0.009067214930072238,0.8910954170614573,0.8621513893381001,-0.02933010013492792,0.9239170275707218,0.9515597562507707,0.018274512698877345
231,0.7458262970204677,0.7224950061983316,0.018015426497329106,0.13343464004284233,0.9004967901044013,0.8196603267017456,0.02567441449779846,0.12146450753486601,0.9595454572924482,1.0822118455351708,0.022140851837966834,0.07483958412489336,0.8714257354443249,0.8287626581268169,0.023783386123724166,0.6793302876185335,0.663457945943426,0.016477816365857406,0.8398737607483501,0.6201089546932783,0.033688280156526265,0.9092198272427533,0.8471836838389384,0.025979253023348272
232,0.7570798571182393,0.7917943296132578,0.003294871275878889,0.13007405782658019,0.8795048594578371,0.9942213844461201,-0.019621544745996228,0.13544442639060805,0.9731173356796969,0.9623028582173073,-0.014067908885850607,0.055663504468231345,0.8719077014849512,0.8574329483826771,0.014369138969530324,0.6963054084749916,0.749837532018771,0.0011321477115400248,0.7797896266516575,0.7985886799020867,0.01879850613880828,0.891555332592231,1.017445972486154,-0.024953971376634368
233,0.7627026310527416,0.7579805241800963,0.004761214090067652,0.1279519123819972,0.9083220485048196,0.952963859258029,-0.007379050224604978,0.11390217551297455,0.9726714083073191,0.9677135864611499,-0.007111791435091016,0.05459557942729179,0.8812115948468112,0.8498969310229085,0.008713338142304412,0.6993862001748652,0.7053989775714443,0.0038745986376684154,0.8822081050779924,0.9194801623655973,-0.00043617241395331056,0.9108735954452025,0.9562554772012892,-0.008255162834816856
234,0.7532579245187648,0.8585432794683882,0.003412868956542926,0.13245919658323055,0.905398771931478,1.0142656787131048,-0.006573960788751858,0.11785964818882622,0.9746470475588249,1.0151904122609736,0.002409519547847018,0.05280184142827842,0.8720258011876663,0.9406638719042062,-0.00013397870466337944,0.6898418094397893,0.811349825928587,0.004003226995700272,0.8652140960755994,0.807129639263064,0.004652249766802681,0.9116023358936378,1.0436983874878527,-0.006552001584062151
235,0.7613721146264767,0.8478510123452697,0.01618690764803198,0.13019561529664794,0.910046300061504,0.964417115749119,0.03072602689091781,0.11629671899241294,0.9604728300263573,1.0122419838937136,0.020705113107013312,0.06948439305559756,0.8580127626543768,0.9609059221429911,0.0045617942775441605,0.7085687937678822,0.7908263456969891,0.01787089318141506,0.8207812314566078,0.999761463600427,-0.012229780558521744,0.9232638832528027,0.9676121759506565,0.03774585631680716
236,0.7627678642676834,0.773539155641624,0.007762791383392981,0.12756400668827445,0.878000271666246,0.9148906158449047,-0.0005037525975489517,0.13106133090562616,0.9601500476611365,1.0150322679095194,-0.015533382580356752,0.06874165616089443,0.8759608988604023,0.8497462277486891,0.021584177464414503,0.7021252737571949,0.725817777288136,0.004988520381600596,0.8557329858011385,0.9765370198812633,0.03712342601796497,0.8824932134274486,0.9072478146579865,-0.007455568416828294
237,0.7588690886411168,0.8255364315927308,0.0070214074134401965,0.12995576552387347,0.9007046911931568,0.9208223394283145,0.010856030235823173,0.11792792288584779,0.9309616357443311,1.1590217711989064,-0.02269139941913061,0.10192905786546304,0.8890145943043974,0.9286412819975973,0.00981472478714716,0.6899347735255394,0.7662119381336067,0.006308698529861812,0.8215357145121559,0.8152895118458949,0.033637908733954634,0.9095020482300986,0.931756621552237,0.007681197425475609
238,0.7799906121316057,0.8662023390904429,-0.00965892456148385,0.12481171342665355,0.9060265526806001,1.0289741611508618,-0.02365807276451011,0.1207521644129008,0.9777833257295564,1.0192608463079436,-0.022323049708008365,0.05434686318268548,0.8917242295950583,0.9600627326210134,-0.010795966301862914,0.7193957534628106,0.8127667792186902,-0.009312532690324749,0.8057111749893894,0.8778181967571236,0.040589140785600525,0.9208186716595402,1.0454829707136541,-0.03417291363290436
239,0.7672208279894465,0.7936072467603782,-0.0020835660226422707,0.12709708072243717,0.8798935364704983,0.9033780262186051,-0.019941835506778235,0.13234800097025684,0.9356463993193367,0.9360835325265322,-0.020122562999958675,0.08629375555260634,0.8882233151234857,0.9302763312555813,0.003207975700076815,0.7025828525712549,0.7205285274972736,-0.003121070079437537,0.9176381941285131,1.044250155163114,0.02446479703344064,0.87969252080832,0.8891321746349582,-0.028588867487465173
240,0.7636241465525043,0.7365200095921036,-0.0007603925803577484,0.1282487535552328,0.9110421262132264,0.9109691052318238,-0.006209085059200557,0.1114042931172562,0.9683380329278206,1.078476494162811,0.0025817064702465353,0.06355879141329171,0.873376718616796,0.8483130753231483,-0.007932100861139525,0.7042847356909165,0.6788600617125533,0.00041296608845958115,0.7519939327543738,0.7990527183770418,-0.034922606315282635,0.9325078345817857,0.9300054732567322,0.0002233811056712732
241,0.7621582203490445,0.7934101485729429,0.0019344927087650498,0.12839282565959828,0.8871259637617647,0.8845374973409174,-0.0044097195038616584,0.12646771400899004,0.9585670686660149,0.924791492263443,-0.004564680922046391,0.06750937796609595,0.8680294486998364,0.9263244399594293,-0.011846283486850077,0.705170132195795,0.7283042666731516,0.004205477973763213,0.7949003621478336,0.7825669559550978,-0.022388287553902816,0.8986359754433083,0.9001078442355983,-8.027528222573143e-05
242,0.7676159658315992,0.7476415873176344,0.005144496349800491,0.12659759510703092,0.8838580381616599,0.8904776934578823,-0.007511507629966472,0.12808244160850102,0.9601333050690163,0.8216154381371008,-0.023730510279532796,0.07871496327638626,0.8906117864882056,0.8722634029047922,0.002545510264958511,0.7016895995458688,0.6821542840251498,0.005354277573172798,0.8780933889836838,0.8652552861955684,0.0071612707655090025,0.8842214643863231,0.8921919072035488,-0.00982337660789423
243,0.7699660020797499,0.8009772652705501,0.005819427650794799,0.12620291490305385,0.8848613033768882,0.8928913086393605,0.002932601943658783,0.12726662079203502,0.9548636484512402,1.0395715249472948,0.000699741140945965,0.07313609040993405,0.8808835592571378,0.891368611809202,0.011520681228503441,0.7103057610117781,0.7486643942448985,0.004575370849041165,0.8250486052930448,0.813745493036598,-0.029156311941316806,0.8941392804542826,0.9084666700256302,0.009458672196672728
244,0.7835154735737059,0.8216315819914761,0.013368731107080705,0.12177720695503237,0.9295149172286061,0.9807922180356209,0.02244382943966333,0.10157831421862325,0.9702761948657258,0.9666759745975638,0.024140260668986304,0.06131172662473453,0.8971835086795815,0.9533073612151339,0.014304922283703597,0.7221018863719508,0.7519195400808337,0.012690657392068858,0.9171353355896409,1.1061163368362523,0.042740954531749704,0.9324459803131775,0.9677482823969016,0.018081540136783668
245,0.7629013936324056,0.7629476885962497,-0.0011271553455167581,0.12806327105558457,0.9042789255434811,1.013610045150122,-0.018117920592240877,0.12080573786865642,0.9844003044259427,0.9175123509288535,-0.016339625688349967,0.04702884112025855,0.8786982790372106,0.790500551722704,0.007492951208475603,0.7038703926426334,0.7425931875561734,-0.0027830559412547516,0.8530766322342737,0.7589599373568879,6.218759721434344e-05,0.912676774356441,1.0504358050027922,-0.019063302210690535
246,0.7649769047835943,0.7516531560302795,0.014244563533529448,0.12710308901255665,0.8930839766800478,0.8655327691713431,0.011512907790426553,0.12232930704814547,0.9727127229552429,1.021762039879041,-0.006388467096659102,0.05526926180545954,0.8992940711617533,0.8567305059516449,0.01896133357212269,0.694186346532011,0.6921486258126893,0.013007866161121486,0.8991745219657874,0.845025513900694,0.020121324459364955,0.8921233140084588,0.867158788837553,0.010205454440182239
247,0.7663218262292939,0.8072109058551381,0.00041768703508821123,0.12739527549940133,0.8966236308338177,0.9870745437551438,-0.022423588342910056,0.12462012102391672,0.9483384988821167,0.9872564011189787,-0.028384494416017952,0.08089933844188033,0.8740967513905459,0.8935974881827763,0.005084726338805574,0.7075559290735695,0.7565195461683563,-0.0005015550196841161,0.8366546722211604,0.9648300122908688,-0.029438686934503792,0.9033040084155586,0.9905817059443055,-0.0209800561903707
248,0.7668339292988713,0.7525756896726759,0.008101097895507552,0.12687567946927888,0.9102479048070515,0.8814314491482031,-0.004802095012071604,0.11267416550135571,0.9392714301534824,0.8629356382784358,-0.022167150349764523,0.08718899902558859,0.8796946120699258,0.8502521227394588,0.01854090251676272,0.7062839166421873,0.6964100294307101,0.0059161137515620745,0.911298386988759,0.8533041048038901,0.04783766698758351,0.9133963620060049,0.883243759554168,-0.013891240851540289
249,0.7461328292937462,0.7217504631225975,0.005294221516611258,0.13329573732071923,0.8645983122847367,0.8175261987185426,-0.020848116949394764,0.1425680951491698,0.9476180610441081,1.0530857279760215,-0.021435121768392525,0.08189614939107999,0.869910677698132,0.8239904235432067,0.02162556563329222,0.680655204120202,0.661941446915563,0.0020714036324184877,0.8228083127788165,0.7563278518886699,0.0018125289518327611,0.8690486217069147,0.8231769994039339,-0.024210999954698487
250,0.7651571524230151,0.8062813782558946,-0.0035566731300851005,0.12773442344688948,0.8966132083024588,0.9016729380542633,-0.021699938524866992,0.12295919349365676,0.9604579716799111,1.09561955590872,-0.013896492469840711,0.07239261844483584,0.8751917970883584,0.8716343834056656,-0.0019473857770659917,0.7056518447532589,0.7666066822040656,-0.0038157715369194767,0.9048858020428175,0.6954331530887242,-0.0409545513324446,0.9025705694242135,0.9389002699383434,-0.01581614119904474
251,0.7720765622122985,0.8313722110767436,0.006358141100627033,0.12540199764429769,0.9168128313285022,0.9501855761118713,0.003359723092891307,0.10707626096546206,0.9677209293471686,1.1398615514072843,-0.001476210713078872,0.06916645251674162,0.8923362340802019,0.9660931385398835,0.007141029275685756,0.7073934918043985,0.7594083488498914,0.005942725963297854,0.9047668838485077,0.8680515414113948,0.016812978151958237,0.9181866811605593,0.9590399698500824,0.0017051002450776689
252,0.7381305134420556,0.6200359016830014,0.009984029663219587,0.13872568441039346,0.8820559186898678,0.7312827024010105,0.0010854864627842182,0.13734170081932376,0.9489843595617556,0.796142138019631,-0.003783570547517699,0.08503065613746358,0.8714926555561965,0.7767158007606952,0.007175503030897271,0.6681491106258409,0.5447706861453179,0.009887319920450294,0.9104425162395378,0.6930016156939359,-0.012037629099413529,0.8799351084005321,0.7374868030697775,0.003798132680531886
253,0.7403892556472462,0.7650409643111665,0.005179961520074491,0.13494932844260496,0.8918272250251487,0.9300822831299095,0.014692717591622795,0.12422306717447251,0.9659565176787349,0.8961327258534931,0.004770023303494464,0.06306778574557387,0.8750884394845578,0.9338209799037437,0.013384142311648356,0.6698262959797118,0.6786251323741052,0.003343869428869923,0.853506455407005,0.994949914627909,0.00684531897376321,0.896372233999102,0.9241464067635239,0.015404420129022704
254,0.7305810699478977,0.6629485142554105,0.0014110191698973953,0.1392278712632735,0.8639740717644337,0.8505471767378083,-0.0036546408589795184,0.13931216090090523,0.920393750137192,0.7228601120300981,-0.009029139297298828,0.10905727273110864,0.8760840178851362,0.8238685243754972,-0.010052884297889903,0.6550314541242714,0.5858683345069514,0.003108572237419771,0.8165314138668471,0.9256621183687959,0.002036511295235634,0.8698475771140848,0.8425211702923422,-0.005375376547158572
255,0.7709077873125654,0.772299678104027,0.011413011562273753,0.12539261349037847,0.9102569610289448,0.8680797950409758,0.009403950030785164,0.11229755054495837,0.9815922996445365,1.03466062544265,0.00996920081944001,0.046992056014777094,0.8967426560726391,0.9126329821703679,0.014755333900040087,0.704149949292767,0.698820965805717,0.010329120782416403,0.8699713992155427,0.8277340889787873,0.024064207782030615,0.9144711304808524,0.8715158266992239,0.007204474530852543
256,0.7540805857992866,0.7497835833888133,-0.0029552545856388335,0.13121063696909677,0.8894076000688539,0.8947217721708318,-0.04152449615570099,0.13382668818208762,0.9663541021678904,1.0457659577311904,-0.04245790448355556,0.07535557804114684,0.8667395671227252,0.8385098182127,-0.0001664459093570223,0.6929894056649164,0.6988204051674883,-0.003464046596173958,0.7196329871871319,0.643933941980155,-0.013005431102162573,0.9099131505258276,0.9282575755880181,-0.04404789755513081
257,0.7684320673749666,0.7773158296328156,0.008936280167351315,0.12595786379082757,0.8718872143380427,0.8737653887506993,0.003947489980880798,0.13434612509891997,0.970864250771827,1.0311101931054485,0.005956842990075429,0.057951933185387654,0.895746966762149,0.9092606030621025,0.009211703271338304,0.7007173871392182,0.7074959019643876,0.00854007872314437,0.8503863488612058,0.8759026302323847,0.007024972516863797,0.8738745038127089,0.8732277864182127,0.003395209392582401
258,0.7595582549530563,0.6405180064612884,0.01270719417414639,0.13157475129745794,0.9018152078245463,0.759884722931883,0.013803115697573542,0.12343371786598926,0.9754721435564268,0.8108985440442991,0.004758847902581936,0.06606387315860775,0.8866969417939579,0.7854003744688894,0.013156510181959593,0.6914305090944781,0.5679070648936687,0.012077396163090915,0.8339274725843239,0.7983315639754778,0.02446173019978965,0.9103608774572904,0.7549874066469466,0.011592010512940152
259,0.7691394659251091,0.8174516321543137,0.010818029635674055,0.12660371652759184,0.894156957157369,0.9239594026604643,0.0054273593456348026,0.12177270930007224,0.9649489848048683,1.047554726028765,-0.010343969552670928,0.06513351779102636,0.8856579261791028,0.9692767456283022,0.006272837988163103,0.7066474670556078,0.7408984344620079,0.011124659773753575,0.855690167630486,0.7708461077667672,0.03330716409268063,0.8992692589949164,0.9419883602779896,0.0016928034101422165
260,0.7643390415660027,0.7141550557604849,0.00084101175853931,0.12703555692623492,0.8823837795903083,0.8464718330632823,-0.004834270951304425,0.12846466595694028,0.9791489401834701,0.9798354947138657,-0.021976596960895135,0.05184037065801631,0.8756680289995571,0.7913866770011986,0.01386901309318183,0.7042311375402893,0.6667073770457255,-0.0016725479736492243,0.8669405512202755,0.7530566097463388,0.0021145086348242333,0.8842974122079752,0.8579858674309578,-0.0051730325346941095
261,0.7729524638538556,0.830506523601761,0.0016770364402797333,0.12528929518240303,0.9113947198139405,0.9967186650226167,-0.012478963751227893,0.1135230511541983,0.9663388358955918,0.9247611674037686,-0.01619033024814059,0.0634931890601797,0.8920889521392923,0.964539998862662,0.001026342735098203,0.7087700886222756,0.7591887575063805,0.0016472074707225572,0.9039466894715963,0.8760974099492088,0.015813431110024184,0.9130533604792216,1.0101773419063915,-0.01649566889735866
262,0.7704091505392598,0.7254765310857038,-0.003692647708036149,0.12633159677095934,0.9213331833415059,0.8944359529165626,-0.029508390497944056,0.11009485441794724,0.9629071140428879,0.8647390990579982,-0.020841590600421712,0.07115931564077074,0.8848919682351548,0.8529126163044163,-0.0027939897077006704,0.7083800544166945,0.6585642083600853,-0.00394114427525018,0.9439892260339993,0.9224320722996235,-0.03187119129875041,0.9185878204285975,0.891382518233778,-0.02941375897784156
263,0.7664915383546794,0.8575569080131903,0.00545745651540271,0.12780351819177227,0.8938270971256358,0.9650664514691817,0.02030405581498986,0.12414612666833233,0.9459759865727099,1.1494726126607737,-0.02283244064539248,0.09047572404602071,0.8858085673584913,0.9707610887013872,-0.004604164680593006,0.7028075898370106,0.7982040440538267,0.007099104253246861,0.8632820249375684,0.8024061639017961,0.04834137736716734,0.898438633831071,0.9850744000302836,0.016456512390488127
264,0.7627903804441433,0.8492179195244118,-0.0018915035799381794,0.12898444034247405,0.897054883572155,1.0929217197558552,-0.017568741082234315,0.1296537867104495,0.9657765039298702,1.0414006707832582,-0.010037729922192859,0.06353927135940513,0.881074201981883,0.9299485848444198,-0.005271588165064183,0.6994194786969005,0.8026385896237683,-0.0012278574946195922,0.8750730512723741,1.1491526111783603,-0.03263264532415986,0.8996320927784415,1.0886152509191753,-0.015590632959822165
265,0.7731594769473266,0.7534225174575282,-0.0015080306325077402,0.12503333811837794,0.8912313916904155,0.9070885188111846,-0.02187808069524205,0.12611831481890634,0.9556889260562679,0.8756522182539019,-0.031137718816289885,0.07913991448021888,0.8865029914573302,0.8696000654889662,-0.0004926752353344203,0.7115443346146973,0.690734240829901,-0.0017739542685087748,0.842335616757846,0.741665374643415,-0.0005582912480406831,0.897522750610726,0.9282456402190057,-0.024105842734285336
266,0.766616391550669,0.8219442393553017,0.00023453214298155826,0.12771205721175002,0.8965279924419449,1.039119695752765,-0.027788749995309295,0.12894402668449453,0.9536081252058851,0.985437401863613,-0.019515074890953495,0.07397325495647064,0.8824640450249094,0.9350171954892333,0.006568094121205884,0.7042160144245935,0.7582756218114312,-0.001034296701500019,0.8584550448163226,1.0786825153584836,0.017830207520063573,0.9033277072087499,1.0336698093226562,-0.0360020834189929
267,0.7611620275348625,0.8454123075169137,0.002932510690101447,0.1292323621045594,0.8868059932231561,0.9984688529811669,0.005185736389701622,0.12893185359564377,0.964327992165948,1.2986430223941265,0.006239832817759647,0.09159574299062817,0.8883816277810644,0.9053141746910773,0.005439123743262647,0.6943801905403013,0.8073309780539069,0.002434668383626446,0.8744602922286323,0.9109633916469225,-0.008839218053236881,0.8889701406268409,1.0122575948533223,0.008573662513442652
268,0.7605952009556032,0.7103029461344769,0.009648794974107967,0.1293949234223463,0.9314927876342018,0.8626639416527851,0.023719292006054597,0.10059350490266158,0.9651640689364201,0.8497167076856703,0.004098288866928354,0.06781848974335625,0.8856530902176051,0.8177895669805845,0.00832098596699964,0.6937084702274242,0.6522748998804312,0.00956081023188448,0.902783460394442,0.7094699942181065,0.03010463070419315,0.9359811473246947,0.883126833594446,0.024023929792261912
269,0.7536760349991408,0.7298016027016013,0.008519176941477963,0.13041485533378325,0.9072887463797634,0.8174731470580129,-0.004362432663441988,0.11686883574559288,0.9681136022369172,1.0404700586000106,-0.001858455330425842,0.06044592652062243,0.872676122266736,0.8348672085477424,0.0208388553714093,0.689909330050585,0.6695645377386702,0.005943336053134061,0.8542045512768656,0.7446871890738384,0.018477445759224605,0.9132114407121704,0.8245169624016507,-0.00771629727990672
270,0.7687362987392637,0.7905250702129396,-0.0026190361977782737,0.12642891004168594,0.8849594482921139,0.9633399110842387,-0.002833998999990428,0.12885429299042517,0.9502207407652861,0.954922342953669,-0.0028290266421158125,0.07327803576054065,0.8859249646356252,0.9200171774456306,-0.0017735123503986876,0.7054093569877188,0.7213947867080396,-0.002830147948265595,0.8563465584762107,1.1571236991026304,0.03480551937719883,0.8928964936125258,0.9458705141489836,-0.010564477973302906
271,0.7734994862588285,0.821656639432248,-0.002401081389655426,0.12543452309837905,0.8991796457650268,1.0409081263689448,-0.02595163905916062,0.1262912515472032,0.9461840400564501,1.0684521606504733,-0.021970160793099807,0.08386323412505466,0.8930523580281304,0.870412432325124,0.004652356347625059,0.7110672401800682,0.7891425627311837,-0.003711422814771159,0.9031113692255771,0.9443771486603593,0.04179119442738237,0.9034116536305785,1.051911856654799,-0.0375022460038145
272,0.7604349822909607,0.7073764188096423,0.007703838139591223,0.12936883749286698,0.8742229214898275,0.843257390805519,0.002309904713413818,0.13373493021450686,0.9755647029002138,0.8613303699193908,0.00048202170234959153,0.05814508011673355,0.8838617938040905,0.7956238410393539,0.014160317766245156,0.6945691732751601,0.6560770547006135,0.0062447333274450526,0.842941651238385,0.7665508160021542,-0.025442996101844917,0.8798455406652237,0.8576063703715777,0.00807710681073086
273,0.7780045623841098,0.786182909413054,0.010988645536408114,0.12328072887372736,0.9026763115557066,0.9164590445852913,0.02134027118157862,0.11765979632444734,0.9793474753439224,1.1135434100685444,0.01918457837810733,0.05846591727021015,0.8945073814303126,0.8733774905194291,0.012492058785279467,0.7153933932051171,0.736173376432972,0.010459651677228206,0.9361299644319654,0.8243412387837726,0.028972693216244415,0.8998890665064694,0.9277444155502284,0.020808693791112873
274,0.7207617069376445,0.6764629059120816,-0.0008507007347203446,0.14147379562602158,0.8217660612793372,0.795296013654958,-0.009369670267312377,0.16197834050336468,0.9474684911253166,0.9666213384997148,0.01427048331676392,0.07717205634290907,0.8664559115760065,0.7868661420722907,-0.0016827333198095448,0.6449704316567318,0.6160054632559144,-0.000801461729708841,0.7600401867508348,0.6570166615333435,-0.027690025179136452,0.8309776725348134,0.8172430860292491,-0.004485104634354817
275,0.7625523217775068,0.8185877898846632,-0.003853820415888971,0.12904855053551198,0.9106404989825319,1.029512732160737,-0.035623468968040466,0.12000729450583357,0.9658499099481097,1.2075102931704804,-0.026227466962985956,0.08228090072888546,0.894483795898503,0.931458311221055,0.0022097421620412335,0.6926981145098038,0.7538690278609977,-0.004911568409582858,0.9248683083002358,0.9004538460756061,-0.041041352224518914,0.9106913019915157,1.0486420754208248,-0.033328931401889125
276,0.7513789561132489,0.659079564707501,0.014734450241055968,0.13319368905116752,0.8806103614665168,0.7345708425136981,0.012786752810953553,0.13669027578853749,0.9635630503301461,0.8616742237997971,-0.0022899688772348367,0.06754748452285156,0.8606815980168956,0.7968319035610397,0.025498848163339874,0.6926592114154032,0.5880712297630172,0.012177402718743393,0.8266847625067905,0.7145086351802701,0.054164797923005804,0.8886331918677861,0.7350331179468564,0.005678938211533301
277,0.7632731079089649,0.8565274546226112,0.010067330575822606,0.12921996294401822,0.9114955281151882,0.9890465352406307,-0.0038741721749287563,0.112493443524937,0.9437094234047564,1.0474263378557682,-0.0030325020646243413,0.08187366435402492,0.8921953793170915,0.9480159335370522,0.0139049465810056,0.6948913953272414,0.8019031396975618,0.00915728931045881,0.8787931233016559,0.8147715487179338,-0.0013415581185820663,0.9165999247119553,1.0139783282323818,-0.0025541585330720686
278,0.7367856362230726,0.8080572908335228,0.00861619565170714,0.13654875909038705,0.8952318499413043,0.9693392486212863,0.0379084675435873,0.12768610599674177,0.9310196406354436,0.9863166907031156,0.013999888485583176,0.08902692415225305,0.8781700029166514,0.9767307967129638,-0.008900344874763915,0.6633349262653583,0.7267524141255479,0.011240619260962762,0.8662069107394943,0.8841364968007184,0.04139396527337836,0.8983285671341362,0.9795901489697727,0.03800525569427774
279,0.7543770823030435,0.7504839694372912,0.004202051357107545,0.13006084317313032,0.9136350254697749,0.8206630880371614,-0.015044992196154126,0.11508577695112306,0.9716360882626844,1.0271202755546511,-0.0029489947421812036,0.05642634431941369,0.8598947875176476,0.8637037293647245,0.0011710722163341362,0.6965311938841261,0.690624641134394,0.004558348572736132,0.8285389971523311,0.6059443592445597,-0.02718009670585133,0.9281348869541874,0.8568362908472787,-0.010345401396973338
280,0.7686044603698993,0.7744113017757646,0.007913881338769647,0.12611981918338705,0.9115781494856252,0.8898495275877202,0.0028531006707615764,0.11068568352671955,0.9382343561208198,0.9522779403949607,-0.022814545750372586,0.08500825603817709,0.8808632041517641,0.8559962967739605,0.015798730062645476,0.707985251141103,0.7255426935900792,0.006244241191494761,0.8634386087239011,0.7010562804739394,0.002368095451721541,0.9191795769958082,0.9177150257636162,0.004891735893825578
281,0.7741710963674018,0.8538195489561794,-0.0019087341759700003,0.12507749901165988,0.8913525701651739,0.9929071802020993,-0.017436914187029782,0.1267518461672876,0.9710917718894156,1.0248208897707547,-0.020280106195372367,0.060591694442790715,0.8846117440474714,0.982766449410286,-0.010059186168058384,0.7143727318375944,0.78721968615428,-0.0005110442459499433,0.8847876763827772,0.9694760048119366,-0.03443187477332732,0.8924189280673136,0.9982915215945828,-0.014271576902636068
282,0.7322421861725821,0.6789522260821425,0.013323663910714281,0.13760651171036992,0.852908832093555,0.7970701160787315,0.029772127884095476,0.14696116168158188,0.922567973181532,0.781040012245711,0.021515815599110838,0.10200887526141411,0.8739957862373867,0.8740402598397883,0.008991052087636378,0.6588337775994103,0.5882225881535821,0.013242909562597991,0.864909497218642,1.1438614048935387,0.04060960488921025,0.8580697393775014,0.7714768188721712,0.025360009362726515
283,0.7538994606089261,0.663317010300897,0.01883797266685194,0.13125420244826155,0.889579345716467,0.7141747935667946,0.028764156282188227,0.13572091367685887,0.9748475231530265,0.9246877100900002,0.00856621018442947,0.05382448552329839,0.8769455923314016,0.8381152000055255,0.028883307823967135,0.6893867574516822,0.5780158224333197,0.01617344075262697,0.7970133694565292,0.7466840633624804,0.049133982671575385,0.9021868165815928,0.7096741988067148,0.0249621200423235
284,0.7586818779371975,0.6986899146350702,0.005051513356401189,0.1301007862584194,0.9032000616939562,0.846521382931238,-0.02205234933170784,0.12126425983450047,0.9443044489420618,0.8361510537733413,-0.011616689135935937,0.08371200532568512,0.878264054797069,0.8419039148734214,-0.00409531937601319,0.6948788776786738,0.6287166822086816,0.0063211672003218805,0.7885773652546985,0.7711929776303641,-0.006530368581554307,0.916218750503809,0.8540429936775156,-0.023982836032675703
285,0.7679807395319334,0.8418049722071246,-0.002310519861431197,0.12707493894955818,0.9057945756168577,1.0461441288811726,-0.01246723666749539,0.12015928472177029,0.9705254092506748,1.0079667727084027,-0.004486975891289533,0.05706451566576052,0.8850915741732123,0.9188019139383848,0.0053573316712852695,0.7053024897816117,0.794007243782701,-0.003714539721581919,0.8272065096878993,0.8754475655290999,0.017745754336149232,0.9147844431868392,1.0652690282704074,-0.016452884480655634
286,0.7321023545338836,0.7496239902951362,0.0064954457866623376,0.13751748371664274,0.8621553694626527,0.9417629267066143,-0.02950161503064229,0.14622720533769443,0.9540988803040079,0.9114293559262898,-0.023857564869490328,0.07572431408653733,0.8768995661085242,0.8814428603604768,0.003060547657548595,0.6567525400155986,0.6798075359510072,0.006864957923632397,0.8804008392188662,0.9299898561657813,-0.0439103643169248,0.8603904569961762,0.9451011159957252,-0.026915315696629295
287,0.7811909815890125,0.7661509167484357,0.004449952578682989,0.12239926988650161,0.9202417353686466,0.9104571844654553,-0.009153020312751423,0.10591771131159239,0.98110816019739,0.9073442984445893,-0.016172093629198362,0.05110525401871452,0.8955565321014967,0.905687735332945,0.008725483209636125,0.7197415972718443,0.6933067232420277,0.0033787355415951887,0.901928700290654,0.8671658199415158,0.015911788182757014,0.9225451880576944,0.913765322024689,-0.013148114084676126
288,0.7607749856692194,0.6520755469424948,0.0068666537525324915,0.13118154190868914,0.928766305113216,0.8150706187510808,-0.011663063313075272,0.10618423717421616,0.958069476249063,0.9081892704305473,0.00919709010010225,0.0689469243267716,0.872736186449157,0.7388582769853617,0.012631328478929836,0.7002781628153405,0.6031249416934521,0.005554911367327747,0.880357102986059,0.7997274368165197,-0.04350867502541528,0.9360257172358966,0.8211948957002303,-0.006024110180809652
289,0.7495823702756076,0.6681455301153107,0.0025774320348666262,0.13367369971528478,0.9173555264515537,0.7731122233136093,-0.00643246924900025,0.11663830389768308,0.9463453595166363,0.7817467678149637,-0.013314672667990442,0.0894559955304659,0.8758150132402089,0.7960025406584986,0.014462547512808581,0.6829651444595578,0.599835654208417,0.00015355967275398617,0.8330980380797749,0.6597367674517317,0.017307161282772338,0.9268187533019718,0.7854114296949255,-0.009561942085573292
290,0.7729894256056212,0.8039216241250812,0.0056176739559393426,0.12504704164511912,0.9208912738546953,0.9713823439642247,0.018887625918339184,0.10685091922434821,0.9823366253425859,0.9906413604232948,0.03164886181594916,0.053881712873822915,0.8829579181269253,0.9361004696223039,0.011474584488571728,0.7135807158974287,0.733234611942884,0.004253528700123912,0.8553251071518192,1.0154425255707216,0.030412936249711683,0.9289326689993679,0.9659559258070022,0.016540416579965776
291,0.777880015700735,0.784228015790617,-0.001802121627605417,0.12372311423193198,0.8998491719939878,0.9309523183910174,-0.02506305466634968,0.12184208595774906,0.9362535868317683,0.9824736806223245,-0.004330212204043886,0.0847160672470823,0.880309989602953,0.906028833722436,-0.00973256476380764,0.722547528823572,0.7227675404006546,-0.0004996187748547638,0.8625238839707032,0.8899418539555386,-0.014896098700302557,0.9035825179061125,0.9348059757207059,-0.026407959733286177
292,0.7355951284550583,0.8077024039420279,0.010647497315590511,0.13671876599051438,0.8676422734938989,1.0300912883683873,-0.004222803199750117,0.1425337645780374,0.9805250020106268,1.0974204053421739,-0.0033368521731170627,0.0522946561645995,0.8631317140607935,0.8759143693705956,0.019696475704305116,0.668341843857494,0.7634074530335672,0.008776859203291902,0.7672670931028208,0.7067077195270101,0.029612696602640882,0.8823982614241483,1.0786015886086324,-0.007834375838869936
293,0.7575274535778106,0.73410110592242,-0.0005550095201173523,0.12990183703606245,0.8923054011049304,0.8740104810663244,-0.004919443988040731,0.1232494930166909,0.9654195954850412,0.9019881420703347,-0.014324052212313056,0.06473682872163954,0.8729601078260896,0.8481684812977289,-0.011717514002283136,0.695948384705421,0.6765856927337284,0.0013168659173895328,0.8682700759866464,0.8027214432110109,-0.011133042807906274,0.8951322724653619,0.8837618100865429,-0.003065157363700457
294,0.7574753259462639,0.7695408601871908,-0.0007467189545090638,0.12991599145205432,0.910024519856737,0.886651481217546,-0.0202026793703561,0.11511103654200203,0.9793351271643522,1.1031644064805406,-0.05014386072182466,0.07202801131561455,0.8745752529047667,0.9071018885466627,0.006523497320210235,0.69477703724056,0.696384287775148,-0.00220655298968443,0.8521977407806633,0.9295008558807097,-0.0005768519222222179,0.9174753869225971,0.8809284634903188,-0.0239794817133318
295,0.7688605091346635,0.7257152500802468,0.013098552577558039,0.1264027771116058,0.9003010886035997,0.7744640484522867,0.03319944827623946,0.12653174596761957,0.972103874901853,0.9316975074729542,0.03009565361427782,0.06368832333707819,0.8862368731068102,0.8807612455624427,0.015578927904191601,0.7065756023111747,0.6485004250013481,0.01204503786300709,0.8129933748141555,0.7754004752645861,0.021788162431700505,0.9107610807288408,0.77565352988127,0.03517501433078854
296,0.7251167591800891,0.7954982185463653,0.009055238795707299,0.1396132702071955,0.8153119117923902,0.870894636889475,0.020566026017265985,0.16417812038327403,0.9490787185073151,1.1420617966500561,-0.0013472644095065256,0.08539937136251753,0.8695263360753672,0.9125159262912107,0.01352505832811283,0.6489644431361679,0.7278474575903308,0.007964052342059002,0.6978456401946852,0.5885495726207712,0.06426400210684635,0.8316882421935958,0.9110573611338811,0.014448674404436583
297,0.7610097765047356,0.7938468787855381,0.02156792350513508,0.12978848805328247,0.8989828290711653,0.8507279903392934,0.07184038913921156,0.1392422311138055,0.9710272733014135,1.086466382693328,0.06133171044812872,0.08459961292072335,0.8639645526551241,0.9334070536544837,0.022651766853102457,0.7051086992121851,0.7224207152777874,0.02054120703979241,0.8647959660884039,0.9533323863988624,0.05542363122664517,0.9039022214351059,0.8427758799663813,0.07388825142585906
298,0.7579285802822823,0.825453607275074,0.011560722416698917,0.13048984398999935,0.900013315212408,0.9298691225514748,0.012391551371041509,0.118440325526304,0.9840073222251707,1.1859860841248364,-0.0044513402860393275,0.05946472405126725,0.874059548447927,0.9243709880200797,0.02157314271628928,0.6955439182055981,0.7671343266804941,0.009390307890421732,0.8186857692960323,0.7710585140506829,0.04711117407179969,0.9100017369630797,0.9480065015639875,0.0073672039281727705
299,0.7507060737819707,0.8041812529067908,0.008291329226581328,0.13223776298299939,0.863069102449959,0.9026311572468477,0.007561685509894115,0.14009608336928733,0.956818208171624,0.9769047914388734,-0.011493298372197846,0.069465306929636,0.8879137677659794,0.9352356138845674,0.007348614587123082,0.6784625863778863,0.7335544420471308,0.008158542791858995,0.7958450914029973,0.6770000725524425,0.005589657997705331,0.8736899085560985,0.9382213319405949,0.010314007180753192
300,0.7531655645410187,0.7200394502703118,0.002119840331907849,0.13096891429936378,0.8579877354619769,0.8761554188565166,-0.017301860163614215,0.1443310651272471,0.9188294063927495,0.6942044735794897,-0.021311385069133257,0.11542851398717728,0.8896040512022335,0.880832639645096,-0.007581978285710452,0.6814360438735565,0.6416980461057424,0.0035200308976548874,0.8468810530178293,0.889806916346804,-0.006282558716456337,0.8588718865899223,0.8737108714988391,-0.019328480766275156
301,0.7633277653112025,0.6807925268477584,0.008798786327747598,0.12893034340075551,0.919061523096901,0.8235503992049464,0.007684745455170939,0.10881436305552877,0.973099493651836,0.9429034205625687,-0.00878877437898442,0.05476932384619176,0.8787456866612161,0.7964594573391817,0.011578796164768155,0.7007884890773511,0.6192374495399032,0.007939040039738918,0.9019826452472697,0.9317946477877854,0.030647566097755888,0.9230301659704095,0.8118752338326869,0.0028451181123881324
302,0.757400858958561,0.7354577421357053,0.015485617585282486,0.1303379849418868,0.8867363818477041,0.8142663767749125,0.005527272025217067,0.1281976058101873,0.9560956548299813,0.9151820919149799,0.003823211472629109,0.07033765151106765,0.8902147762500893,0.867027277234839,0.008757851675257295,0.6877398548437414,0.6685680731363456,0.016179386424506722,0.8397642856981405,0.7296591089228518,0.004256497666156621,0.8919291327561256,0.8250045159849541,0.006631211612522386
303,0.7333736082689116,0.7123748885534991,0.01752026517385661,0.1359809612276907,0.8673908024683072,0.8619139532152776,0.04321378262399516,0.14126395577169668,0.9439018551045056,0.8552088254255445,0.023262045635881592,0.08379205485453273,0.855777622985379,0.8339070431545792,0.011913578185054586,0.667004694491672,0.6487468298506287,0.018001982280117824,0.749656233478052,1.0178744577590562,0.08027541658864529,0.8878307002202174,0.8483865618123373,0.036054246449891574
304,0.7830697565178023,0.834797308643156,0.004490058340887059,0.12176109900634653,0.9151792684870195,1.0691315262414423,0.020929485323170516,0.11703029802598201,0.9805643102707344,1.208770989556513,-0.011402937125126687,0.06622659607338807,0.8758224226764941,0.8857039618585046,0.01458928089622279,0.7321036360940785,0.8009656867248961,0.0024746065901276,0.7640075718928923,0.8702483149746777,0.06790529859597738,0.934264923872297,1.0911712989100035,0.013573902154361257
305,0.7588468539881607,0.7897002004812099,0.021589843604873763,0.13038011276198946,0.881921396148406,0.8998096148972252,0.03383072431613788,0.13250130035910215,0.9360615505292886,0.9744544263856035,0.043055213021167694,0.09471285908816271,0.8817171434595518,0.8844639219605569,0.029300694028514145,0.6935215769138886,0.7342884411474941,0.01964694690434893,0.8626402097376749,0.7215692297082128,0.021005782976228994,0.8871365789319359,0.9277637004221947,0.03796850820464884
306,0.772532302934556,0.8167605698877781,-0.009925253971514525,0.12625672958398068,0.888539626591897,0.9993367653252709,-0.03200446135138466,0.13256226903554877,0.9615629854914952,0.8645093070096287,-0.016001340467239382,0.07103300572871653,0.8829093112707854,0.9304531507564474,-0.024309575611622353,0.713760260924382,0.7600283965886905,-0.007277151322184358,0.7556222115927741,0.6537552912914512,-0.03140341324430891,0.9092147847880317,1.057502999585199,-0.028435366813365632
307,0.76385315953734,0.7909333211346085,-0.001750581476419041,0.127981820619037,0.921179800315557,0.9932198992793623,-0.03564431852201326,0.11167682887289329,0.9749041794712461,1.1231968544536817,-0.03641033308293585,0.07028838647464787,0.8756774623766047,0.8564690151668682,-0.00020172008891803565,0.7039229762610337,0.7515023718180178,-0.002021773068717052,0.934567163882369,0.9104661196192266,-0.013722407136226916,0.920224845022341,1.0018331550098587,-0.03870697011116541
308,0.7694878434257632,0.7461534515114122,0.0034102073492865304,0.12615079111577573,0.8976855308808303,0.883550083047375,-0.02619548816789583,0.12404154051843264,0.9283340737091522,0.9013705753909019,-0.020617513648478587,0.091657125664272,0.8981566307127961,0.8848661031444183,0.009024948346193275,0.7014053740194849,0.6729519160959819,0.0021553095974789285,0.8878020750875886,0.8843678504632552,-0.02805162901605563,0.8984446736555537,0.8836484106150393,-0.02588703632613547
309,0.7743476388344354,0.7548299183384946,0.009882283015008408,0.12456644295716557,0.9298208366956402,0.8505905268559,0.007792909233138357,0.10081568054784,0.9672107699968446,1.005358965127397,0.013949150638008867,0.06156770255409218,0.8877235368671658,0.8700882839368819,0.013551535226998063,0.7130229497528537,0.6923300977292259,0.008856319650430008,0.9044406424913641,0.8271015360281948,0.017926984523177005,0.9324068273100946,0.852430352242755,0.006249127002039254
310,0.7639226642140247,0.7589690892941964,0.0158901309336079,0.1279615824850377,0.8972811738163615,0.8405233265352787,0.01722544898259706,0.12169112363751866,0.9355061035690545,0.9232111670314097,0.04196463031026798,0.09456345560156058,0.8861613283620203,0.8975832376112526,0.016912713209168744,0.6986031885535383,0.6870553616088457,0.01511359774334654,0.9071581771083012,0.8461098529287595,0.005276475292539157,0.8962319972069048,0.8412243024380889,0.019234681492643034
311,0.7537698293621675,0.7483219443801395,-7.985275100860668e-05,0.1309066778375383,0.8756226539236939,0.8518282011621218,-0.016950949124310714,0.1355337165598506,0.9658135341263797,1.0045993883711861,-0.00892115826015848,0.06191592421570582,0.8659545276729698,0.8582500009408832,0.003624244554668191,0.6930995523285833,0.68811548564909,-0.0009261315305977619,0.8521027426487301,0.752735291066528,-0.02247448068697327,0.8788157841221367,0.8654568073357062,-0.014879329500229138
312,0.7482857654341851,0.6778698314236073,0.013747245564723091,0.1335277016676769,0.8738281314516756,0.7113868317861463,0.03049573666022323,0.14459014576779194,0.9518620533294945,0.9177180901621681,0.011031604708650108,0.07353425261964566,0.8639369359400982,0.8368875893546774,0.015231234988026924,0.686703984690559,0.6001877520961113,0.012829586889229996,0.7852872523720433,0.5870404213569417,0.041833464425101025,0.883701642401704,0.7264240097615948,0.029663298843809867
313,0.70897022116318,0.7003066359281436,0.010015303000928288,0.14398860475700456,0.806231903285076,0.8078758341429072,0.018685357624943083,0.1686571816501427,0.8726916287947314,0.7424956857323723,-0.0013195233805090429,0.12580745319912032,0.8677643103647851,0.9178287575180216,0.0035527589315093974,0.6282372975136077,0.6005664599371244,0.010339779259187453,0.802336715098027,1.0443947432857883,0.06890945675761899,0.8136377726171022,0.788746419742229,0.008780639432634489
314,0.7669185313543848,0.7101584197200008,0.005133284650650077,0.12703096766403826,0.9080837047094373,0.8504997386277253,-0.004123984392345923,0.11432506556464618,0.9844887331963362,0.9153873645291308,-0.010586690570996399,0.045278680650049835,0.8867937136610962,0.8516835222547183,0.0066170572515410865,0.7028603515435979,0.6380361496188477,0.004513292921649608,0.8833679777146458,0.895281749250541,-9.01195842081567e-05,0.9108530753034427,0.8454323141151011,-0.005249246982903593
315,0.7515434114198669,0.6853507922246926,0.004707370286675135,0.13205391252718263,0.8755624031813483,0.7988754463379786,-0.014060157767281879,0.13659159376677343,0.9564040507247682,0.8523530676165809,0.001866402654282535,0.07327735012689934,0.8787442916419415,0.8215437843113659,0.004421255867070419,0.6837253160217909,0.6155074267155525,0.004455332578573847,0.8333970513788044,0.7447513151951756,-0.024650952287941993,0.8804264269572598,0.8067492834096236,-0.011600326463079449
316,0.7768193724703211,0.8236723524165387,0.00883700872709366,0.12437686050726283,0.9082903905189402,0.9709127523379065,-0.001633130102388888,0.11424832476107155,0.9697200199652017,0.9731469787771571,-0.0038068669621264314,0.05716206084555778,0.8768139642634842,0.9320323535988242,0.01019213541420048,0.7218438347065586,0.7644681364386726,0.008301742866232286,0.7831061462685635,0.8144201293679987,0.004964336490019881,0.9225490831316628,0.9901908343976904,-0.0012625922175709871
317,0.7800840615276998,0.7444615680175761,-0.0024855494123879078,0.12333539628858886,0.9194546586608466,0.8664356078657964,0.0014632434026993235,0.10650168862851436,0.968874216029222,0.927571596685663,-0.016949765744345122,0.061291405162801016,0.8841455577253998,0.8561362567256477,-0.0012574929601755788,0.7230961867766829,0.6845125137487054,-0.0027973016376644172,0.9162751563446614,0.7846800129908491,-0.00212063716627314,0.9203367034642249,0.8774825179111777,0.002931028772994956
318,0.7874191102911569,0.7479491115995814,0.013905404615118478,0.12103635294625349,0.8747064967353877,0.7813512172777115,0.014037676533485699,0.13654650862749193,0.975943333023471,1.0017406982248107,0.021864072167725422,0.05544372287756626,0.8848355928811015,0.8516001973269294,0.010847580345073207,0.7338844059596127,0.6934641436971035,0.014037147599392518,0.6683414673431125,0.576235590397248,0.001064893382024903,0.9014934516834966,0.8120805815876928,0.01902208218736783
319,0.7872531039987796,0.8301699605942751,-0.0022943381888172413,0.12082722398854875,0.9298660976244686,0.9994497992151453,-0.026336855578324513,0.10316234744384331,0.9857648306879973,1.0452523130591147,-0.034579578965044384,0.05321559716563763,0.8785955312338545,0.8982907514484506,-0.0011380510165398415,0.7364969499217383,0.790111021151097,-0.002517080839052354,0.8353507518526676,0.9283023481576064,-0.0021422919477762465,0.9408219391524082,1.0057814646188061,-0.029902284246246275
320,0.7531301927892228,0.7174402176167383,0.008470233849118327,0.13093052648647108,0.9044576325732597,0.8072151962727061,-0.012563734990885539,0.12059724962727374,0.9713105272087695,0.890066251728307,-0.008798048894262311,0.05959428449762382,0.8649793180981239,0.80082809244851,0.019551335678116115,0.6928620280618235,0.6677601892096038,0.006170074669380421,0.8590062364616468,0.6994775052089249,-0.017551305605220384,0.9100435347351521,0.8217446180233993,-0.010466688843291485
321,0.7751457332641681,0.8183268017645795,0.005093315117511993,0.12434786408613746,0.9215357878089308,0.9884828513116461,0.013359758719486853,0.10612772882184021,0.9753301747352043,1.1956336818829099,-0.0027496545142662253,0.06897161116933931,0.8794795468414702,0.9184379706791802,0.012626539291515635,0.7181147108294066,0.7608603320664586,0.0035206864916944524,0.8558156221065105,0.871334816700559,0.03754670733444606,0.9289817509855763,1.0008593303632565,0.00997499070540527
322,0.7713440721770811,0.7357062522005515,0.006823670481356388,0.1256670698352858,0.9310255129894189,0.8781927643788506,0.003232974128483677,0.09843412504831531,0.9745284744257525,0.8138631214324636,0.012921667793579285,0.06786808081012657,0.8905527358456048,0.8627181959604528,0.008305665199209887,0.7072849638267261,0.6687854244452394,0.006228710231688062,0.9314522649020227,1.0231199421164099,-0.0295839884505675,0.9327717626098909,0.8674158938364448,0.007090567145430299
323,0.7705962018198597,0.7105357632428063,0.007724737503237788,0.1263069912322928,0.8887070905434087,0.7719115862893748,0.010384780879043742,0.12993413233178988,0.9585393713717322,0.9243305024159238,-0.017471874370278112,0.06990771958092248,0.8841996871863574,0.8624200203416542,0.01122585148871726,0.7099659552560076,0.6344773804088717,0.006637115443781815,0.7508621156284491,0.792812227940503,0.030356081357888722,0.9075113714740493,0.768551191798593,0.006732750814240345
324,0.7731569852139004,0.8119779294150417,0.005741675375734068,0.12500471502930868,0.8985791643818186,0.8948623826598554,0.01129856623425756,0.11916084197435786,0.9517647689497247,1.0814174959612717,0.016949530132617806,0.0793639279483466,0.8815378092218935,0.920108001081844,0.0038328625253830784,0.7141145844125605,0.753338974384159,0.0058674077320741294,0.8683385743949943,0.9271775296475244,-0.009335235465405585,0.9024316201784257,0.8939617727676308,0.014477952400036378
325,0.7731269724729775,0.7132208366144965,0.014034930726371377,0.1254904341928356,0.8973233828484717,0.7820463196986059,0.02111710661248519,0.12497109608315829,0.9768375909705995,0.8716455067177865,0.011326886641227503,0.057420788162133106,0.8807741411877429,0.8540591682832749,0.013863593447037801,0.7148308591263136,0.6423103309585811,0.013488350285620085,0.8475012458546602,0.9306221117270491,0.002022098815352293,0.9056603597127355,0.770015629897045,0.02274427872837259
326,0.7417861520403998,0.75537396462728,0.005992845113516941,0.1344968592867474,0.876009508686757,0.9357295714032143,-0.012525623680435792,0.13423597931759815,0.9360838015023613,0.8871872193025002,0.0007273110555411698,0.0847340757891575,0.8783799076155259,0.8963162606546812,-0.0013379616265687545,0.6700676915566246,0.6835072319294916,0.006992421750817009,0.8478861066288418,0.9172570605487205,-0.06554388804539125,0.8836754404185088,0.948665323628557,-0.003303777953286372
327,0.7768095976265943,0.7365008703850376,0.009389963733293823,0.12356438018709598,0.919465132199514,0.9312241142726774,0.0004478177294431018,0.10551182907429506,0.9699162751796007,0.9024046917724629,-0.00034138148627997606,0.059052510988746365,0.8847194916426611,0.8020810036959094,0.011971736885062059,0.7189503759581185,0.6978484330687638,0.008719451515231345,0.8904580759028928,0.8941244483431074,-0.022520646734997332,0.9236039360359567,0.938962705359598,0.004828698621296589
328,0.7574827039433092,0.7600342881846994,0.005189956368869263,0.12910558323633525,0.907237788116753,0.9434608238297152,0.00046628811545594193,0.11370589791617844,0.9501539610137691,0.8013522149315413,-8.316704885064614e-05,0.08245422704477126,0.871580586261974,0.8971905596169243,-0.006743040311988513,0.6962936683776633,0.6925129803115047,0.006992758095239124,0.8622836859988374,0.821039778471105,0.01919472855834654,0.9123369586917442,0.9573491196478832,-0.0017833873583876175
329,0.7706295541706342,0.8024153434653538,0.004778141872709278,0.12524278051228133,0.9198516734353416,0.9931117799063803,-0.006153618575919521,0.10691378013403588,0.95043399429096,1.0419195551800302,-0.007823744476632694,0.07613419224097702,0.8781372973086556,0.9260533292669617,-0.0019449083731104106,0.7125292687465802,0.7390027804078678,0.005769631963388144,0.9336143621483921,1.1211379844540357,-0.01789726075684042,0.9187484056298721,0.9812773627306033,-0.005471314512283177
330,0.7507609946102156,0.650708401365157,0.021124507592465997,0.1339091118979516,0.9161794497110223,0.8053007150658753,0.024202895816784586,0.11341516893406642,0.9711914224906776,0.9666001165340663,0.015504950330291149,0.057454758342957796,0.8581127290404045,0.7881367754383868,0.019334961122292642,0.6925264223024753,0.5827390764644426,0.0206747267857729,0.864882654782712,0.8380156963333988,0.047275209834083426,0.9230043881266161,0.8005670054991885,0.01993926813428947
331,0.765318463100516,0.8073922562189166,0.001342585618274806,0.12774861240481847,0.8576362980227965,0.9460508379292074,-0.014727139992466845,0.1460856131980673,0.9495821750030577,1.018945771162802,-0.008936489119393154,0.07645634986568509,0.8926335019211937,0.9371572941932539,-0.005123659361432535,0.6977866083644204,0.7397307118527878,0.0023425378030827865,0.9051929938824077,1.2729786889414887,-0.02154852053930892,0.8554365446699584,0.9189585847634681,-0.016727161245800024
332,0.7690985743658301,0.7298627922798282,0.0001253460422110343,0.12697927055401337,0.8993107952051858,0.8474980501847368,0.0003567863509357442,0.12000312059624406,0.9427201576335934,0.8134868601142321,-0.005245113164341913,0.08657266611992842,0.895426475119667,0.8860111933404637,-0.005485540970480603,0.7024991335488242,0.6532993862580948,0.0008865039297431341,0.8824534787990623,0.7881198973080557,0.014093774885465926,0.9010289768220017,0.8535825985677349,-0.0014982624126778834
333,0.7800456226511198,0.7848277997775444,0.007574420376726855,0.12240589082953343,0.9279798387853386,0.9515806626911095,0.032870158045240565,0.10436821120550756,0.9818297011338519,0.9932005987841254,0.013782886920689885,0.04643421246859949,0.8889664548882142,0.894393768931884,0.011200109118331936,0.7208847687929302,0.7245976670341752,0.00663879534018483,0.8865093677281863,0.9602215141746065,0.05136236482569211,0.9328781861586073,0.9492653706273941,0.029578378702040706
334,0.7392518990793551,0.6967458212281826,0.019287223228404947,0.13615506625025736,0.8658418345134955,0.7944269909662254,0.02369463082987418,0.14139775671689694,0.9468800147779969,0.914458641017065,0.019618747186544144,0.07919208550840996,0.8610593143970069,0.835548885034075,0.033783903747899934,0.6751681141710827,0.6237894723716317,0.015931656239506396,0.8068408410112893,0.8737198012984937,0.04261482324082478,0.873937983778582,0.7858576493150906,0.019805281436753742
335,0.7591399255733846,0.8161588504601933,0.017312739413602615,0.12997222477452272,0.9160132421097973,0.9835412869907745,0.02099567072080795,0.11067201550459436,0.9715216706027859,1.0098266049494733,0.01807257647489552,0.05868179414510979,0.8623577653874356,0.9104972680783815,0.014894817734475636,0.7021997591940337,0.7639065379208834,0.017352483497874785,0.7921560554837926,0.8301432860575233,0.04915864802598338,0.9306034187939551,1.0004051386974542,0.0170851403581757
336,0.742534086442647,0.7534932945095575,0.0032667380302233108,0.1340387286336402,0.8780465477839925,0.8508675315379363,0.03265182107505189,0.1343542672885116,0.9362308244228168,1.0187169570935122,-0.011398865820770094,0.08630132283542098,0.871434562249647,0.8970084996562098,-0.002874809580501552,0.6738194531794613,0.6802880760089194,0.004110546696168593,0.8853390094893955,0.8306503422996928,0.029196811212188065,0.8770674666479868,0.8536234678268356,0.033441828354916756
337,0.7567775725701552,0.7749296680680613,0.008450452920882175,0.12997199617454003,0.8619105320678966,0.8780003974524268,0.020348363495214322,0.14104674951803428,0.9749118698653428,0.9011324179003538,0.01411028302484052,0.05679139662080665,0.8805847289832298,0.8865353273450951,0.005072929693012737,0.6904074528096675,0.7145319377326167,0.008789875711886894,0.8111912687007996,0.7984171603457489,-0.01986908666361134,0.8712518850473965,0.8959026322750903,0.028401454006538738
338,0.769335627540188,0.7450985297795195,0.0061631528432451906,0.12607367388963578,0.903558389259594,0.8697836918188692,-0.00016396688229981,0.11625013113146826,0.9899706728575624,0.9036135711214178,-0.001060423490202287,0.03866686742617556,0.8796715070752081,0.8528552275137128,0.0003392817422794249,0.7094219758303683,0.6885010638660005,0.006987748793709605,0.8324988052880786,0.7615167404710875,-0.020089081436402156,0.9131637756948899,0.8871587851905219,0.004603579666473647
339,0.7825587996886343,0.7820490928359873,0.004698230445355665,0.12084479151861344,0.9421768847086938,0.9108466414290469,0.004116666362913497,0.0884898192253529,0.9717114191054608,0.990801685708535,0.018211550280622577,0.058158367451167016,0.8688914541720546,0.8918444756786781,0.00540559801654319,0.7340741061089866,0.723260656968888,0.004353743651526633,0.9013680292952942,1.0292161733051206,0.008292575282510943,0.9483178158684652,0.8989399066591175,0.002327617508238879
340,0.7864206655342775,0.8423549398148256,0.007542841633761322,0.12122532691054587,0.9354784777587364,1.0570142470108344,0.01024770255539517,0.09953396274669123,0.9787195085828138,1.0204757931453,0.0030130461335895766,0.04868624950834021,0.8916909388790357,0.9443800451681738,0.017626571250009968,0.7292421866355464,0.7833243344934137,0.005459593120166954,0.8798625437835387,1.0119689208662237,0.03677844269082401,0.9421365282282651,1.0602894208279972,0.005917067366983136
341,0.7747655921066507,0.7779312092670272,0.010627252306585004,0.1244175933920782,0.9127682357119025,0.9109870774719677,-0.0021347777457182853,0.11022252048131363,0.9643500650959838,0.8939480722448822,-0.019526210065792835,0.06721053247863802,0.8887693826066334,0.8753765652078388,0.014999770498496047,0.7133593995096013,0.7227848823679132,0.009519647888806658,0.8239785942063514,0.8456148603077578,-0.0030984877534523452,0.9228893519631436,0.9190629026910466,-0.001283158094567328
342,0.7608353681543357,0.806436501476795,0.0004208372283183597,0.12903092503703859,0.8996334860831592,1.0510884581711837,-0.018060260148499895,0.12573153158443082,0.9741751281565575,1.0198656611221333,-0.02124597024063643,0.05783263215796144,0.8925847203246057,0.8739979563673874,-0.0022581885144638963,0.6927264735645609,0.7665839511843877,0.0009325278697831694,0.8672534856414905,0.8955560952213605,-0.007989250452709217,0.9038061999032041,1.0713412516429783,-0.018368056599866726
343,0.7590453826988051,0.7914921826058875,-0.0050303024749778335,0.12986923289528374,0.9021241381427565,0.9944669615477894,-0.02499680170135643,0.12189004908542103,0.9880839352448995,1.1849697506359067,-0.038837690304846316,0.06509415915307137,0.8652323292749395,0.8574851376172923,-0.015280331802709452,0.7027712174337251,0.7565389283169923,-0.003067094817502343,0.7871247124760808,0.6322639649923698,0.007498313742951553,0.9205918304259321,1.052702384593352,-0.027980906205882745
344,0.7727991856612776,0.7148580943911005,0.010392602338196838,0.1250972469516823,0.9006774041283073,0.7794715894865958,0.02713222320351943,0.1242988135632668,0.9494361269060808,0.8431303412855371,0.019545735903180234,0.08124364547262675,0.8937876160354044,0.8623865428886671,0.015632012113875337,0.7085060996754519,0.6396338847845896,0.008931684334614576,0.8829981847154031,0.764710264436861,0.036953404479331674,0.9022899278029098,0.7803168698347192,0.025550612252299675
345,0.7696115238242135,0.7437514630613529,0.005447976436021716,0.12616372879939444,0.9132164724484891,0.9320722756231318,-0.007410321431970031,0.11044919346433162,0.9708816075401225,0.8986636244297973,-0.0032580587589408757,0.05884367802253173,0.8784497454164167,0.8708661277264275,-0.0021905318327999712,0.7107131070952946,0.6796810113536315,0.006536670308719641,0.846915280551889,0.8031517069277055,0.008857279607340863,0.9206863780807767,0.9472186494303638,-0.009085189939573904
346,0.7582174580390034,0.7370926269851951,0.005886703298624775,0.12974746360934913,0.9216990148206208,0.9026343161488307,0.010647174580781227,0.10436401993624475,0.9069318717381072,0.8024870005839566,-0.012183022339273252,0.10668397444422736,0.8683493269046886,0.8680232005979732,0.007825340502911783,0.6986999751212689,0.6690683014619053,0.005209441950839164,0.9145659772845663,0.8131415475450546,0.05109754048861889,0.9243280670837088,0.91168275372186,0.004065089979958947
347,0.7975273140271039,0.8694876033372713,0.003475045459723265,0.11795486515862216,0.9344913582416903,1.044185772650405,-0.012049876413489069,0.0991782281662802,0.9756457928622595,1.065544022373656,-0.012531470794229655,0.05606376681954161,0.8941051205347748,0.9441161455688007,0.008398495663450713,0.7447263805746924,0.8249963058719336,0.002459237165201866,0.856479220101199,0.9339558433636918,0.0006553730429046052,0.9429711195824351,1.056373920907612,-0.013249244058116482
348,0.7779002378358003,0.8048828431314435,0.002850036144529598,0.12338956738312726,0.8889298379544233,0.9420353810637636,-0.0027126681491443203,0.12555638825915283,0.9684539662365638,0.9986703612665255,0.008508614733285281,0.05928272301897615,0.8810807859461498,0.8942043801329963,0.007257532049232419,0.7212614398531465,0.7532579950252055,0.0019351636670033206,0.8093417250733165,0.8491404326654336,0.004359196798121437,0.8974396173900464,0.9525603163555543,-0.0030262144955407726
349,0.7587438342129795,0.7787924932972983,0.008614678258095488,0.1292230108014996,0.9087610576749762,0.9064500025429411,0.004031429175269507,0.11239962249109642,0.9568118603268742,0.9578300601783419,0.005528917209776304,0.06864426171612906,0.8748732801271674,0.8916666406057332,0.0017871899659199742,0.6963848101126634,0.7196946729441474,0.00954438923284429,0.8831078357780796,0.8037590331771949,-0.018361652301623076,0.9135879906670352,0.9236378995227671,0.009131986819881453
350,0.7749329806914008,0.7717154082556035,0.008660173342618574,0.12432976311111382,0.9205349687753894,0.9152378587584576,0.02124437217536493,0.10640821758982606,0.9629342517237046,0.9200335374044779,0.02334361816057619,0.06852131731989186,0.8849607884022304,0.9105866632528171,0.01432348996063525,0.7158422503887574,0.6993026470120203,0.007227137499185046,0.9088182434282166,1.2527186354938775,0.03869523951222976,0.9289687066920381,0.8888031627004706,0.015925763721130658
351,0.745484002842949,0.6854565350085343,0.009764412062992462,0.1338314039853774,0.8273943098861727,0.7329069703638854,0.020013060036968514,0.1607830000174938,0.9117600391569557,0.8612780032773597,-0.01903920885552791,0.10186627668742838,0.8880208182466077,0.8506096041751071,0.011205680519600107,0.6709526904693405,0.6035030597452646,0.008990140032422083,0.7825337757995545,0.7530032529733968,0.030861511742303557,0.8322026421535671,0.7299551248907806,0.01794578751831924
352,0.7570291038800788,0.7438829051157643,0.011895592982334039,0.12942186953180937,0.8938718679555597,0.8753079593649926,0.03326985974795571,0.12510467271230566,0.9506275332935893,0.9607652052219386,-0.0018128269374604992,0.07346452506018099,0.8849010808736745,0.8534505551233954,0.016913632893962152,0.6894751653856271,0.6830949087123203,0.010612608648053438,0.8638998908291218,0.8743005383565513,0.03740990186546136,0.8968627672506652,0.8750407127135507,0.03255679950897112
353,0.7625167699350571,0.755315213723116,0.02004743228146138,0.12796479606205183,0.9233716327479334,0.8789481257530584,0.042968319816923554,0.11071668836170909,0.9699495179859411,0.9625038298212875,0.04262147447424714,0.07091200067464822,0.8859939392984427,0.9143583561551838,0.014230351090104227,0.6963558054062419,0.6765792708485191,0.020332400260917306,0.9540144275372795,0.9229603935415054,-0.00627743452120171,0.9234674395831088,0.8818400203968594,0.0509793458717939
354,0.7632418901009588,0.7831520253910363,0.0026921584756155487,0.12806163188649197,0.9024866842860074,0.9367027604588068,0.011731526148116074,0.1171490510027757,0.9793417418933973,1.1343556049071155,0.008846732505461202,0.058344749764131114,0.8776053041756297,0.8930741836729219,-0.0034283319287747626,0.7016800468806887,0.7250907126426731,0.0036411185254726563,0.8093049556768476,0.9734148208802239,0.02047080006260002,0.9136117440772485,0.9323542590083496,0.0098937810921822
355,0.7777013767445513,0.7900587252485914,0.0015645025905866754,0.12345385768223906,0.9147670500838909,0.9186635813891458,-0.008490767562681622,0.10929198871199795,0.9809934404090103,1.0014105432131992,-0.020266791436720256,0.049567259822028274,0.8973631143521522,0.9150432904005641,0.0031195481752392183,0.7134972614269404,0.7229505164828748,0.0011205295831781,0.9289898095614616,1.0223637601269444,0.028474056755996166,0.9158862718236523,0.9071910569649457,-0.015597674423010606
356,0.7671354062918565,0.721187154318189,0.010025505774559955,0.1267728166512028,0.8931203590891432,0.7937654523224094,0.016811146666724935,0.12605875519342127,0.9758121810859527,0.8431336389960338,0.00862010774416784,0.061549588666909516,0.888572853944259,0.9227094279787265,0.011604354937116179,0.7047955400944795,0.6279429159907105,0.00899060890326257,0.8794354782835158,1.0167591962701188,0.05336570425812468,0.9014175812126626,0.7744314895112916,0.009194031691762392
357,0.7460428432957164,0.8045103305902622,0.001368065799914683,0.13340186112135685,0.8943647231374674,0.9326858847428723,-0.03829243050970076,0.12869541370399984,0.9208035549678449,0.9729694603901058,-0.021979862826889494,0.09648864022041505,0.8672135152749474,0.9161614884060827,0.007145174660977783,0.6807874575923273,0.7409791172119998,0.00019728680417266156,0.887663552120837,0.7256749908055935,-0.04109973391099606,0.8991159163562488,0.9648395971262002,-0.03551631046046931
358,0.7633252244543146,0.7964557901930482,0.017070131688807968,0.12840251674512662,0.8719273491285033,0.8808955963316566,0.009774865265214582,0.13484815042580814,0.9671769298855085,1.043173620269207,0.0114645874417985,0.06284754233839879,0.8847946645907395,0.9422661499561904,0.01750469793843381,0.6986550400002537,0.7214116131240778,0.01634280479785881,0.7768692706501539,0.7830641741824999,0.031659979592160895,0.882676305957321,0.8910266956668446,0.006711279141387986
359,0.7799330065334948,0.7260165225280083,0.0064135016636926254,0.12274057573914204,0.933836039826079,0.859916836467667,-0.005751333168109595,0.09825316077304574,0.966916415557942,1.0729225662025417,-0.005906291724422191,0.0650772294773551,0.880759739265856,0.8611364825911301,0.00863571431967641,0.7256732201036779,0.657629992968776,0.0056402184790882645,0.8970855102728903,0.7819106338449351,-0.006378344683845109,0.937904112264747,0.8696388623357773,-0.004825625359659001
360,0.7805750014857578,0.740906860786994,0.0034224715370082073,0.12267655263438224,0.9330836900009499,0.9034224749036693,-0.020236421535942992,0.09913843713104926,0.9760516844499023,0.84880163531225,-0.005522824817207177,0.059872199004749986,0.898826945244073,0.901962002296813,0.007281705816917758,0.7176567713967157,0.6600526257460814,0.002363221635158961,0.9305282172614454,1.1557658335807646,-0.035260618532736786,0.9366469626278873,0.8821583333637225,-0.02045913740381254
361,0.7490767716433325,0.7019577820804553,-0.004065294742891565,0.13297829672019248,0.8762392443387707,0.8558507972181445,-0.015512944848611774,0.13383344413265538,0.9360477233278719,0.7688354904048557,-0.0273425153319446,0.09951621603204464,0.8796527604329271,0.9023247383740836,-0.009206927122955953,0.6819607869707376,0.6101746458981393,-0.0034432894975148635,0.8905029339169397,1.0048612852450216,0.009067906881799533,0.8769322695854552,0.8408001287264572,-0.020923664164872183
362,0.7553695508771191,0.6842755566426323,0.02359065651542405,0.13195680690826536,0.9008102692514748,0.8101751253173503,0.03304898968722095,0.1230066532663373,0.9516291958960273,0.8963590773888955,0.011133292728604444,0.07396175996548439,0.8653847358493661,0.8067114027442356,0.023248832699473594,0.6952838135575963,0.6209616459758442,0.022902201451500088,0.8463736437442536,0.810812783955487,0.05019732486029591,0.9071170356653259,0.8088573675634159,0.030048670798592015
363,0.7770273832285564,0.8724754741962715,-0.00915186054635697,0.12557235437108383,0.9309569525112339,1.1411649180809929,-0.04563077726719443,0.11581043780385049,0.981751079641985,1.1133787492183098,-0.03433778898876387,0.06172790101873903,0.880539311559349,0.9153889988517109,-0.016291754335512464,0.7222541548257266,0.8487174341322036,-0.007704683710432228,0.9092366780361859,0.9183238564067108,-0.04590270052868574,0.9362760315357308,1.1762462948191035,-0.043338079122274706
364,0.7460040586894134,0.7301792780315302,0.006909409024465062,0.13311867037109126,0.886701444044657,0.9354502041584996,0.0032413439925959605,0.12626811429738993,0.950720270782587,0.8215581968493818,0.005080068779936385,0.08043655931844926,0.8831494157440127,0.8848138733036939,0.004898183919513518,0.6736669209004125,0.6518524220673596,0.0068836241700889495,0.8891951831143451,0.9786158806498473,0.06485858374583606,0.8912552257486054,0.930638350655965,-0.007776302198651276
365,0.7642967623089055,0.857481567149309,0.0024027788868227345,0.12884971984250035,0.8954407993696666,1.0810248900538746,-0.02050601263403102,0.1313537671152034,0.9355760090621985,1.1000010100391757,-0.03914957409582725,0.09848771294735079,0.8795754017157046,0.9117992774563065,0.01032483425502291,0.7034697985828847,0.8215234834335842,0.0008615859682030212,0.8935986570226047,0.8960145073772873,-0.00015415598464724439,0.8972088242462377,1.1053688048450774,-0.022617521331372164
366,0.7700383191286047,0.6778257590678688,0.008568930773905761,0.12744995419083893,0.8979462821069137,0.766882461006059,0.02363928698070935,0.12604110887783235,0.9634054238844639,0.8334487001798416,0.005283456380971033,0.07086941451251477,0.884036938665165,0.8050400029996561,0.0069026436658977414,0.7080809707186085,0.6125713962592135,0.008484188670781838,0.7901034566027159,0.7752768043417575,0.02195844818328027,0.9111325584195327,0.7661574309170431,0.023844612773932832
367,0.7577890555351425,0.7357535973767462,0.005526343439211547,0.12965127398914927,0.8821435725624429,0.8508797852910137,0.0022318761260801353,0.12897374400148576,0.975097476184304,0.9523511806645552,-0.008376030272495573,0.05281865499658764,0.8832746456035058,0.854241644544617,0.012411395846603113,0.6907785826395526,0.6704885678974554,0.004026578586864223,0.8724280195441897,0.7770254778871098,0.039994080371771136,0.8843651442479489,0.8577433714899476,-0.00386107310600652
368,0.7753698928699323,0.7566977352848588,0.0175578483205611,0.1246913778840553,0.8930715838623903,0.8190315323187123,0.01952264501082528,0.12488168436229705,0.9650982694632219,0.9979417438648034,0.019898209031979093,0.06490066556557918,0.8902989777363447,0.8620373719603105,0.011496415466465364,0.7134314776313353,0.7012062560228027,0.018194871243095576,0.9086396391710966,0.8269209405599255,-0.04553114700885702,0.8985097100117377,0.8303848760654847,0.030590776161166924
369,0.7680738945609196,0.8221731214829184,0.01057705669474576,0.12689758389550868,0.8991019743864634,0.946977619951205,0.01918950318929115,0.12061402078174716,0.9674757039082443,0.9741892339337616,0.017071569760600872,0.0616900360826914,0.8772875405768563,0.9553791672020603,0.013128969941139912,0.709018020884273,0.7517394294310048,0.009710174822638765,0.8622904789608996,1.0334745413021524,0.03969183030552365,0.9043887344090459,0.9373530707709883,0.01502890815006969
370,0.7490679359000125,0.7905926640362799,-0.003057244765481613,0.1328855079382421,0.8835342844074822,0.9359265084238136,-0.017874272861001045,0.13028269666015865,0.9386927775283177,0.969616809947358,-0.0025653261647041424,0.08195568430175204,0.8775196773367235,0.9133199761296458,-0.017298267339662766,0.6813808576030742,0.7283041274448147,-0.0005331146235405965,0.8002437657152742,0.787643415120079,-0.04578352987924296,0.8961258178567979,0.9618041497882839,-0.011149176245368672
371,0.7752650415683275,0.7502958054931994,0.014046948032628617,0.12418959402185384,0.9304791336056613,0.89477940662528,-0.004313515790365582,0.09864634627363518,0.9780559458219541,0.9537513746695738,-0.007940862802631498,0.04921677090047489,0.8824795310949218,0.8412363018194323,0.021637149203679595,0.7172903307614265,0.6982346866554484,0.012281738060297741,0.869411941904367,0.7783138637857443,0.017561408506234357,0.9374079605283668,0.907552620150673,-0.007150462035394703
372,0.7627545167137331,0.777044666666264,0.0008152272069960931,0.1278319519303828,0.917769877876823,0.9864765202475773,-0.002752758380808356,0.10770950661908435,0.9426247286775805,0.8918576940583872,-0.007428636025451612,0.08054586581207936,0.8767313664344583,0.8968223562598062,0.011804620913223127,0.7017117291329673,0.710618908486761,-0.0013133689249362863,0.7975988835885853,0.8786494990562034,0.04599544641824721,0.9334255842780085,0.9966988236513825,-0.010702632285936847
373,0.7401922028039325,0.6543174550176445,-0.0030350627111434022,0.1371301874318998,0.8731285044849784,0.7864975496405985,-0.040162755964101744,0.14674830209986237,0.9486998714392626,0.7973234322182564,-0.03751225447260962,0.09408865314784165,0.8555248114046968,0.7471331300815973,-0.005632711072597649,0.6777503471502827,0.6039759006751068,-0.002592067227962676,0.8074198931273175,0.6627173355591538,-0.056820502402988485,0.8829249766653078,0.8070057917832583,-0.035648984121503156
374,0.7549635508276749,0.7366809498397625,0.0015653970742030988,0.13024655255223364,0.8945826514184797,0.903079602678817,-0.020945229031798216,0.1236194439881808,0.9594228768872858,1.0505228464897154,-0.028903633895969262,0.0745514493622346,0.8876844255803602,0.8573928312990892,0.013819924526535876,0.6845739748002307,0.6685031939188278,-0.00078216690161259,0.8739601644304428,0.7914363589874239,0.0064258673444001395,0.897367694144443,0.9153231068568615,-0.0247378050008025
375,0.7470182011607719,0.6872472609241127,0.014704361226029255,0.13323920077427068,0.8600660871621333,0.8029006909189019,0.003563755232931086,0.14189311382452965,0.9730884845014592,0.8705490170593665,-0.002837511969162486,0.059004280093781676,0.874688250675376,0.8260651267659066,0.01530805987251344,0.6789657378480816,0.6162222502150496,0.01400668801234987,0.8517777955992677,0.9161468528250268,0.0011165267765718104,0.8615421202836757,0.791599557670942,0.00280785504441889
376,0.7595525594343386,0.870082111022116,0.003526609393560257,0.1307420515962933,0.8941109522779412,1.0270734983234808,-0.005547920787548778,0.12616875443064252,0.9408879256724331,1.1702788563936255,-0.021295219584560623,0.09622653756573679,0.8781632290610478,0.9313857895155758,0.009777995040934758,0.6964871129256741,0.8302768836325768,0.0023099354194403778,0.8320188360718002,0.7721452585276114,0.02188089677351745,0.9032798521319324,1.0624472032110883,-0.008426224013170938
377,0.7690211274324278,0.7518250946093701,0.0005514917048416577,0.12572084982559134,0.9222924357944235,0.9210144813721659,0.0018699742746770974,0.10293073327024982,0.9572015534623504,0.9544696180484975,-0.018544529800012765,0.07078604516558838,0.8975496849345663,0.8664438329478954,-0.005302555349520816,0.7005422055399769,0.6909436787691986,0.001512128041099608,0.9130900932107274,0.8183322280728322,-0.016840519696676434,0.9251693204124923,0.9379153964827828,0.006318031394874799
378,0.7552727977604214,0.9004847833728479,-0.00462625179478876,0.13311457510393054,0.8644416469587801,1.121453004307535,-0.01842698342177336,0.15284166420840717,0.9565850695821052,1.171565595431535,0.0008911621270956513,0.08270288937230244,0.8868074158111329,0.962385626170801,-0.015089921908893363,0.6877542334814658,0.8662061789682232,-0.002580709985481663,0.8165503091255802,0.9218103781693276,-0.03503397356209125,0.872519541714958,1.1547438300592572,-0.01333861943707956
379,0.7670954606867522,0.705607514199708,0.006802212507002036,0.12761909503466132,0.8947011863310361,0.8361968849523437,-0.01388441397302509,0.12452022188601096,0.9828137726657334,0.7747533400045005,-0.012076429262010777,0.07081080808357405,0.8837711526753769,0.8106718585348917,0.007662064325393811,0.7043670451564407,0.6488846761668696,0.006361128990778649,0.8708336060353814,0.7276257905880058,-0.023470171092600342,0.8984894865291346,0.8519838968032217,-0.010914143578258957
380,0.7793721987345635,0.8290299618136178,0.0024490584455222567,0.12332800055658526,0.9075644527690477,0.9300132267310136,-0.002299159892844646,0.1136462416692776,0.9589566324270797,1.0351378811038396,0.008165095184178305,0.06940594412425134,0.8989529900357779,0.971924321823047,0.0098344368196737,0.715759252421672,0.7527605789161806,0.0009062861328378066,0.9079307498969044,1.08909290281253,0.006779678427904243,0.9090070626325456,0.9143315128508364,-0.005246371072841472
381,0.7576612760441077,0.6731268991490494,0.00938658299973746,0.12980903294124047,0.8796194177548988,0.7624775270417523,0.01043057285613833,0.133221553382174,0.966220925594816,0.9769180496310435,0.0071377869394253675,0.06068772777948788,0.8815991276041927,0.7731827662205819,0.010886746363545037,0.6907732235529784,0.6178080601660977,0.008824484923594845,0.7824668533690198,0.7345881909701446,-0.0003406326174534735,0.8912719561605923,0.7670023539249688,0.012619933416270183
382,0.7375116700895705,0.7612972503208594,0.01231728369818219,0.13578099175419314,0.8537756125708396,0.876066581999861,0.003993489857973446,0.14409331614883178,0.936113805677249,0.8230036287449576,-0.018058069768549272,0.09067585881415137,0.8677469129728167,0.9394073462767069,0.005901081985040311,0.6689386707702943,0.6753052149982594,0.012776755602542609,0.7815555964153267,0.8768038009591738,0.036869788784779596,0.8628321058576793,0.8743100995566565,-0.0017459501567340919
383,0.7577317289155824,0.7742386575251894,0.018371044833749805,0.12961514517876288,0.9089281403632448,0.9158813072366638,0.007604523717186673,0.11193126949952248,0.9478867653885839,0.8162975212534535,0.03135633896980863,0.08927112738351026,0.8687046253976419,0.8952124218173699,0.017484667709243704,0.697341954995553,0.7101255111925187,0.01799474052424265,0.8626396345261489,0.901474994573038,-0.018742823122519868,0.9151928685844526,0.9214611793621024,0.012308485767207408
384,0.7542018744444686,0.7274378137422828,0.012710969129110537,0.13096699919599625,0.8926057361093924,0.8757830367634745,0.022898324048761506,0.12410179248883192,0.9531347426009504,0.8880568570972976,0.012773090237732326,0.0741223531658167,0.8664975453509081,0.8187613843004053,0.0149778469569245,0.6937453564616844,0.67641024961126,0.011948236311306837,0.8979822465524692,0.920974143897926,-0.007232464506421345,0.8931088813155386,0.8749895401063073,0.027557083673657886
385,0.776524591413387,0.753718691472589,0.007442357631323987,0.12296048504317941,0.9025134986987552,0.8674145190009259,-0.0025823291555077273,0.11626992145738514,0.973738810722511,0.8724318189984798,-0.004491467242670016,0.05813758850999167,0.8797888571707368,0.873334379932751,0.006373386582558396,0.7192140364433164,0.6902266862106563,0.007313625251481581,0.8884783593567571,0.7764037716207215,-0.006474086066616672,0.9045714458641685,0.8797496473549808,-0.0009403974728368391
386,0.7908721327684242,0.8765826378979532,0.004761300564531237,0.12067304804331697,0.9205091266687855,1.0216675869170702,-0.0013432678032714725,0.10811999994277399,0.9717595410138699,1.0959195318756925,0.011779785166761873,0.0625598066996349,0.8924588906218476,0.9805958425217522,0.005926166494318117,0.7353558539016387,0.8188531770625095,0.004363303352174457,0.8359357905100729,1.04032907235264,0.010388304206233842,0.9306223000257634,1.018767712189346,-0.0035298444574028086
387,0.7521838628003668,0.7121809803716221,0.012951053615324046,0.1314837885297226,0.894850503442864,0.8391187068671754,0.00016753293990453668,0.12223894092889863,0.969775681784587,1.0050723188934743,0.0025379501775720935,0.05755224070801821,0.866308466838296,0.8444189943587967,0.009232514825656344,0.6904610939323167,0.6450220485203563,0.013107584161055645,0.8630392735489397,0.8093240882834495,0.021943710451528715,0.8983671381704683,0.8409394264951291,-0.0033579945887366723
388,0.7485796930613325,0.7775786516284929,-0.000673784512410148,0.1324740064674533,0.8559731965066977,0.9089600122908919,-0.029900742876741066,0.14799648925046055,0.9575203229742147,0.8797547209761977,-0.042459012896697436,0.08380905095336091,0.8744180630768098,0.9571010710697493,-0.006264395942817262,0.6819903216999563,0.6904008577691996,4.109025578203906e-05,0.8108580445746458,1.1911197596563536,0.0032697056705798147,0.8689404762214192,0.8869573866081485,-0.03790442120618485
389,0.7685391490560383,0.7954320655675086,0.0068942858905050985,0.12631704729094054,0.9303110254608018,1.0322637556930208,0.014269870861471716,0.10256180843533018,0.9739846356575399,1.0784858838717266,0.0032172970300226224,0.057986746948688495,0.8719399700348431,0.8836654734047903,0.01963397113646945,0.7122128815061434,0.7425143129048623,0.004305521738057172,0.885679195877001,1.1885988600117054,0.025518183091293365,0.9375085873116547,1.0168451951594994,0.01112357483830817
390,0.7597519993771747,0.7028399444984659,0.012696716896228376,0.12955202249088904,0.8831377434668377,0.8056379170290093,0.0036450389712439878,0.13005823473646005,0.9658089691371288,0.8811792694915381,0.015150551942600936,0.06592307225523077,0.8910867243305978,0.8682086443133663,0.004347038823989583,0.6905105509212524,0.6234848410549698,0.01352029893853641,0.8621505791162813,0.8700063177231243,-0.03948656788983314,0.8882484228176032,0.8047176222186423,0.010122762428029258
391,0.7627863467106822,0.7315426085342727,0.012828369231469995,0.1278483194560986,0.9065571721807575,0.8400557604027843,0.006398224361921937,0.1153930172468567,0.9658522263050087,0.9947902744782212,-0.006683600992284268,0.061399381000796026,0.8722295694554186,0.8336080622201608,0.02546509888173818,0.7034829534815178,0.6731119565304905,0.01011183325814598,0.7805769899927117,0.6954260162155548,0.01828973908292032,0.9208368389103255,0.8574627089166283,0.005757581299026144
392,0.7986706583065317,0.8122709470503109,0.0020353954162630862,0.11671775031195776,0.9308235387939455,0.9475152953766899,0.009879622332281499,0.09777105729612047,0.9751846347857879,0.8844863280310665,-0.0004940317731686148,0.05626487035128274,0.9072618860037638,0.9373669753929866,0.00018631537496831144,0.7397991394900706,0.7465232373100348,0.002171535410858404,0.9191630213569738,0.8804323076876477,0.044978442931720285,0.9332500308612878,0.953463155821671,0.004166167483800341
393,0.7536755665852056,0.7441456964233613,0.00549088889242705,0.13029886229290952,0.9039111309038477,0.8780326337545584,-0.01196616600898105,0.11665030523787284,0.932925475918823,0.8908766815419783,-0.004850949388431256,0.08602923176857795,0.8704260964570714,0.8625635371216863,0.009943731397231955,0.6902774852708086,0.679389141752611,0.004444106547430883,0.8785899119328879,0.9949228796236078,-0.052272689311787794,0.9092203697913677,0.8710161591249697,-0.0066364332235239855
394,0.763852486894548,0.7530276166890224,0.014585494199613787,0.12794472111964134,0.9079338790446232,0.904335951823497,0.02753716548270666,0.11555776749088813,0.9632438018731079,1.12779790578712,0.004328398694531667,0.07275038119851004,0.8862962893275255,0.8673374141185748,0.023671832681655645,0.6984295624673541,0.6891752312336729,0.012469622622904521,0.8748820016633984,0.894039871827518,0.033495570005173815,0.9113366003856412,0.9049433242558975,0.026587714388321308
395,0.7637384717438185,0.7663772982677792,0.007930331160499527,0.12739371544900047,0.9083375916342088,0.8931186471763066,-0.011319229152295303,0.11383042397744413,0.9654505104901343,0.8910289770034469,-0.015054398824269701,0.06581136057619999,0.887452575874063,0.9019927617358361,0.012706912548434894,0.6977223702586723,0.6943137327497925,0.006702234403521566,0.8974024248383606,1.0064116086268227,-0.006604381408698346,0.9103094305279595,0.8816044431223289,-0.013228854220627154
396,0.7636774475478257,0.7055346407679292,0.002317411501487946,0.12761851635962015,0.9160804522169175,0.8348772973375062,-0.020906930899928684,0.11434986823041554,0.965802175267584,0.8253948075468878,-0.02832216790861755,0.07571309940717567,0.8802579216340234,0.8522678803231452,0.0009218748680960006,0.7011437219565221,0.6321798819272249,0.002221494876982012,0.8743070943830022,0.7837368744478173,0.00722430262636948,0.9211677257008205,0.8391033436159847,-0.025379881188072734
397,0.7679697965642672,0.7861134863765861,-0.0015764265175269093,0.1264440916016332,0.9162058153511929,0.8696337093074404,-0.014435130252816114,0.11039117085076244,0.9666796955101751,1.0452225163699083,-0.017526039051084297,0.06450688693004837,0.876783286963378,0.8926397036029856,0.01096091943690973,0.7092246619640064,0.7249691405326221,-0.003930250616956373,0.8735139666783691,0.6726881500828554,0.0013145098722520943,0.9230449012060876,0.8970048522834341,-0.01525056354445412
398,0.7807150725307812,0.7964657914003066,0.003744843185416519,0.122089077438823,0.9132093041593838,0.88892044767442,-0.0056930093362210785,0.10993626927966964,0.9755897537684229,1.0248698545404447,-0.01077733685038386,0.05326534620075235,0.8848489656048165,0.8928876929476741,-0.0010689910195965883,0.7234934366589096,0.7442075224678413,0.004476548448622253,0.8693635545083198,0.6924785708480689,-0.020015583202705547,0.9224015340475111,0.9221374356409865,-0.0007495416135012394
399,0.7665912948577217,0.7839969212538443,0.0010085512613304916,0.1270747028065441,0.920102540018299,0.9295976682311817,-0.02365530349835391,0.10827829783353264,0.9695103699805683,0.9588306220463384,-0.018396785414314682,0.060311369321698165,0.8780615747206422,0.8989511808520684,0.007111400805997859,0.7061399157204964,0.7203867933123649,-0.0002532995514297087,0.9220282587890509,0.8175393865791377,-0.008147205375237401,0.9205621308834245,0.9427610737913714,-0.02530211562917419
400,0.7465525941968707,0.673880485375152,0.007760836773904421,0.1329503561276157,0.8824215636721473,0.8756707303134889,-0.002929801407761474,0.12789682243119552,0.9763787931456707,0.8584619969935537,-0.013774677517712816,0.05967657643860195,0.8795147917300437,0.780355999406041,0.007602074237147573,0.6755299578679076,0.6155507603593509,0.007532887559048885,0.8724069428029047,0.670910280765145,-0.001661360602058509,0.8872731019689194,0.9069008037395955,-0.0010425696119455616
401,0.7492582877078033,0.785676406811191,-0.002601412112789188,0.13255142966146474,0.8925853539767453,0.8800103935029691,-0.0013759972817164615,0.1227290170915973,0.9480990445159391,1.0051336954516046,-0.02005119232822402,0.07847153191262193,0.8719630719808964,0.9320960197316491,-0.012677641046682474,0.6841339844247666,0.7128093159363014,-0.0009191297390471131,0.8521315742488355,0.902126723367279,-0.009859726936156159,0.8970785958967906,0.8784981714005652,-0.0001558413535832937
402,0.7490502130719898,0.828056406900688,0.006715780457133937,0.1330854193828694,0.8749188096194465,0.9588867777635685,0.018800542904477933,0.13552894984595115,0.9595048355777592,1.177505829656509,0.02167425498190695,0.0827546589855265,0.8713509434060386,0.9122152621845399,0.0010436152773192061,0.6841154862641045,0.7807138774646732,0.007633275804189073,0.7756490469269158,0.8236518529775256,-0.01856675216929477,0.8900658130489953,0.9845481563490084,0.027056853169715
403,0.7683588147868539,0.7411514151181811,0.004834370155811139,0.12640333644061794,0.9125726298029124,0.8400618911424296,-0.014765318787253434,0.11412507614174273,0.9771253294755228,0.8900822081431304,-0.0012377757845031968,0.05391324088575438,0.8779313937509018,0.838890765684696,0.0056616085025707275,0.7089181929834744,0.6873818478753021,0.004494870524535001,0.8916994349296101,0.665412708269851,-0.03234020312200769,0.9194754066644932,0.8689197770024218,-0.009530369048640736
404,0.761475041240995,0.7306838665524648,-0.0006480469999849052,0.12866973949177982,0.8951436173850393,0.8923975870529575,0.008504414451645709,0.12093118228210065,0.9759785720888348,0.8528933452443511,0.007225735798089244,0.05957524247005073,0.8891716496603944,0.8935086485571926,-0.00936729597973314,0.6937702280791457,0.6515292427257925,0.0006513277656021871,0.8493488545565686,0.8178743673266007,0.0005085803518521127,0.9003801799681497,0.9027296724264904,0.010694400306119048
405,0.7582276701743215,0.875018072191671,-0.0072349818067397815,0.13181424492328828,0.8885831333995897,1.1073359903067876,-0.022491040704518944,0.13707741962897485,0.9574960798704004,0.9690685309915337,-0.021727464513064086,0.07134252685001001,0.8800190768781402,0.9786181228255081,-0.008969523631582559,0.6931026928201606,0.8164148824151617,-0.006802184255097074,0.83694240264681,1.0607296534289157,-0.002848817813738892,0.8941177358296892,1.1110266227625039,-0.025530338979906378
406,0.7581474796824386,0.804226815607096,0.007474100903457685,0.1290783756033113,0.9023869810528877,0.9714949715836576,0.023245450062837396,0.11921297071600725,0.9439353880187815,0.8750479338311459,0.0011938710498466522,0.0797905200564877,0.8738148215283462,0.9464500903274131,-0.005800474323201983,0.6959927141721683,0.7339929601350583,0.00948478708717399,0.8673374355653998,1.0151061593249533,0.05341997022073239,0.907523318430437,0.9657794010435243,0.017732469799504342
407,0.7489296684143295,0.7584631738283907,0.007892038168330189,0.13228219172103461,0.9038668712569727,0.8825993060096393,0.007404108837560527,0.11585317115972853,0.9224303743448036,1.046941214323227,-0.01545689193713829,0.09762951853200412,0.8756816779214316,0.886176129779656,0.0034888207317255618,0.681421767488913,0.6917240534337575,0.008347411197019532,0.847151251208195,0.7323623968560028,0.030519549124852097,0.9108199844322775,0.9007165648254694,0.004547949661379033
408,0.7855433829802136,0.7716618145085113,0.001277299810354026,0.12113779393876445,0.9331536108631561,0.8302191865938687,-0.0032096427365256525,0.10108230486638155,0.9642862543621064,0.9142145987686539,-0.009614371457148677,0.0641941488658335,0.8890892128240476,0.9211531241012479,0.0061361743116617054,0.7301699003052268,0.6958214320394441,0.00011455480611206756,0.8343082658205944,0.7455731759913746,0.03619515058114631,0.9459698985444902,0.8383154167013478,-0.009542579678842143
409,0.7628749900138736,0.8245413856588077,0.005970479242526898,0.12852880656868018,0.8986172837450883,1.015693166107529,0.01201936425010813,0.12323878972158529,0.988009251016705,1.1173576204782818,-0.00023600672184136238,0.04542821826573662,0.8698219519972293,0.8786019445220089,0.01299399236655725,0.705451645186035,0.7894590166019836,0.004535228655531744,0.8272635659451846,1.0359539210231266,0.04657456548411818,0.9081735193917909,1.011778516199743,0.005861328138804436
410,0.7536584962773433,0.7691637895724724,0.005708797253037433,0.1307625953089882,0.869275201415378,0.910147370265396,-0.016807594037396536,0.1379372774198417,0.9410899868685241,0.9926790905417235,0.002153017529776738,0.08069167103984888,0.8680954771154524,0.875487782465272,0.002330153358827025,0.6918532659578283,0.7118844416951985,0.006109186690560738,0.7438520747567898,0.7406397536324812,-0.030471216863618956,0.8856261722282405,0.9361283381721615,-0.012407660945478826
411,0.7584754367476253,0.7157918639920815,0.011683480070803385,0.1297836382878743,0.9146937307941498,0.8267189095648764,0.027210027321346544,0.11349037314976836,0.9554086419624426,0.83013940035354,0.03145679403927859,0.08391683853328909,0.8879823621771905,0.8734700255784956,0.006871952850758775,0.68970353235881,0.6380304995213474,0.011927842385942102,0.8918150855509552,0.7826521243395844,0.045849964948442096,0.9171979864016244,0.8304285098952899,0.02430610730834554
412,0.7283650013040174,0.7688447774587968,0.00330800389589715,0.1371847599263432,0.8709890099813069,0.9480733047459038,-0.020523357361888008,0.13747854685148816,0.9372466401751808,0.9640831951160741,-0.004555132959945721,0.08186199655860112,0.8650744022287472,0.8618476093755694,0.0033866382587608283,0.6563781355420303,0.7145984374220273,0.0032259565933914665,0.8647615244496563,0.7945148712153595,-0.03344430456166773,0.8743651754646551,0.9728866633448575,-0.01650982691537087
413,0.7729078470123758,0.8453535050801457,0.0025426067520568562,0.1258353550262901,0.9254486558748332,1.0158874995214313,0.0112800077689493,0.1047814406266729,0.9790225856137525,1.002393772204072,-0.001571150231501744,0.04763790296212873,0.8726429625836643,0.9154929786294737,0.014683617680276746,0.7188305314075858,0.8010751057682952,0.00017728879239794652,0.8771863762778968,0.9848775984293211,0.041480180765386634,0.9314950502540169,1.0173833246525412,0.0062215077020804175
414,0.7715592930746921,0.7663641022499508,0.015606204344900445,0.12569568553125585,0.8957010794175959,0.848103150917674,0.015241243577655566,0.12186102271406338,0.9675734783465917,1.0221063020698713,0.012648437552321772,0.061616380366230405,0.8807047492933897,0.8523239265960038,0.018560360746066054,0.7124108156204486,0.7172340327149958,0.014707769297436708,0.8530704732442714,0.8323616834104731,0.018222359716845854,0.900080011283607,0.8495937508942216,0.014870343484581224
415,0.7587019949702668,0.8096799657603675,0.004436877823857893,0.12958706362016387,0.8963087051916527,1.004523034481824,0.002447863247327495,0.12389231068990217,0.9498090286595459,1.3432680820003782,-0.024153228399440497,0.10966840265440662,0.8863039841568461,0.8605077997575159,0.013467847557584633,0.6927202761958398,0.7751326684522298,0.002669727994224301,0.8450160886463944,0.8493986154230473,0.020766605427356945,0.9025730606802408,1.0239155740704564,0.0004423459534356494
416,0.7567365841435554,0.7927906262048053,0.01021465027339515,0.13022555132357355,0.8822250920955286,0.9341643983635142,0.005410477328898829,0.1295133988186984,0.9634852989435804,1.1030111704009278,-0.005873796025774084,0.0701794849269951,0.8748585270200199,0.8838922836949492,0.012248954144062314,0.6932881117461187,0.7403745094954688,0.009602215917415054,0.7479546796734042,0.8979806516469983,0.024797830669066104,0.8983375678691997,0.936380551003875,0.002354464158985517
417,0.763440255895077,0.7994595472653252,0.01547123507801065,0.12854384131328098,0.8807283969150183,0.8688636255319864,0.03228664668257212,0.13275522670373133,0.9611453966425545,0.9582584650402299,0.01227598126182196,0.0659286138311967,0.8687077432466783,0.9581747676147442,0.015082328388442258,0.7070086930943685,0.7207834480607865,0.014875314808984944,0.7483742272600221,0.9931843177110289,0.07249190272773254,0.9026765167317771,0.8577470399573788,0.024654930561369613
418,0.7649046471171078,0.8806382332963673,0.005735752478013215,0.1289776529791877,0.8970251868397434,1.0466178636860684,-0.014841667333180935,0.12543327516684147,0.9731244724996293,0.973090553848629,0.000226358114586696,0.053521551656219475,0.8849697199648087,0.978884890347698,-0.003824166376816704,0.7004491719188938,0.8272768412982909,0.007362537332205022,0.9040254259733407,1.1736518894606356,-0.03305115655741721,0.8966295380715783,1.0354933555958346,-0.013136710229184848
419,0.7536332798683332,0.7439829316520015,0.014003820919636605,0.13057887800166132,0.8635633106780521,0.773236232732069,0.04760890955253325,0.1477764384976393,0.9482358676473421,0.9278468349712514,0.0309765156174703,0.08179350050213335,0.8725189165567163,0.8959707140794233,0.009075305382346332,0.6903088054087722,0.6690085151103355,0.01426195119487235,0.7510181192044058,0.848501333150473,0.027322565310784502,0.8793252308306404,0.7683493873082311,0.05041784007685644
420,0.7414523535460403,0.745199332427496,0.013277980552318757,0.1343705914801275,0.9055149330433024,0.879340297761257,0.0048333707718196325,0.11484137101194736,0.9495951769805143,0.8862278340507429,-0.0029345169631125145,0.07518921722167006,0.8750104497885153,0.8767962609675419,0.020343738776022812,0.6706695103122977,0.6736580299261021,0.011529131727375158,0.8884654493644295,0.9501982836369844,-0.009419585252548058,0.9077342607322711,0.8733517152793078,0.006496616196495417
421,0.7725363097888158,0.7585956529001938,0.004346156863450679,0.1247992010062608,0.9161408872602456,0.8946369519334598,-0.0012192164813776673,0.10761488718446038,0.9311212879550991,0.8294252750638391,-0.009492753318765623,0.0913401483446977,0.8950903489317689,0.9058211022453764,-0.0010857304647798826,0.7072540541912132,0.6847879887673606,0.005021993650894637,0.8508872437527724,0.8960829236369944,-0.010277663473795684,0.9236701967621493,0.8954740071233592,0.00032405354896901286
422,0.7355010134324192,0.7974624504615985,0.004691260777582445,0.13664610476202896,0.8840897517751354,0.9266417018981672,-0.0031561547983185727,0.1276924338065139,0.9206153690907978,1.1953213911959868,-0.017333248664843346,0.11217830330681523,0.8607043123156983,0.8775565703304101,0.00651076625221863,0.6696467349992035,0.749968686389315,0.004254192050624357,0.8407127248640878,0.7250986215189484,-0.015213686144671668,0.8923832167091407,0.9588673940465968,0.001190146898606432
423,0.7581055971749661,0.7145689067789878,0.015836536460199627,0.13007820700060685,0.8921805567357124,0.8238052069063133,0.024234145473752106,0.1258181936619609,0.950482806034355,0.8896897486328884,0.025700682787557824,0.07965927974076255,0.858079617725447,0.8309654778670539,0.028755190975306665,0.703943467976488,0.6513903591605357,0.012929386287444068,0.7255840763306852,0.5703172088652521,0.06218734815993292,0.9133356220255373,0.8575452040122223,0.01907070686815726
424,0.764935845584684,0.752648066652376,0.012640301761114471,0.1276019131794791,0.8974962668054489,0.8708328439891003,0.008241317625451923,0.11980016290145772,0.9587705725613946,0.9498492879986636,-0.021277575145767648,0.07053033689094015,0.8828259397080234,0.8796244758084238,0.014604157473735323,0.7017445903697883,0.6857050242647549,0.01181055341175267,0.7526232257831328,0.7402463419476151,0.012163514022229106,0.9140432614648174,0.8865446192822465,0.00895564501987015
425,0.7525108565355362,0.6913862761461266,0.0008295647769984744,0.13074080911683134,0.9127583190199178,0.8364522684098266,-0.031173788466884327,0.11812284567270236,0.9389929157641151,0.8260497855110939,-0.02164824128427269,0.08879545287602043,0.864968207929935,0.8015128314133058,0.007938617357421537,0.6906908297634663,0.6301752693673418,-0.00060005263013453,0.8372855496988185,0.659629473919564,-0.01733215211742811,0.9219334868151113,0.8593699792645167,-0.03175713339941797
426,0.7630918930720596,0.775970880562749,0.011374206446763901,0.1274865318456848,0.8969284446276711,0.906302037612509,-0.018848498937855552,0.12151219890512047,0.954537734692744,0.8820737091830925,-0.0006928007811688074,0.07227285070962555,0.8861189173671027,0.8925054902542898,0.006021520326410901,0.6968802439230731,0.7139708545907725,0.011982609989801638,0.8657982740105088,0.8287676457292382,-0.030726503088923784,0.90102333033953,0.9181402324811405,-0.015915960739653498
427,0.7529975077138551,0.719390750108796,0.009919700283994706,0.1316047809222549,0.891433145639992,0.8335278952464864,0.011825288801127572,0.12444860444983487,0.946346855454794,0.9379483812016082,0.008924144508106562,0.0769189831695914,0.8689752610940022,0.8779409659133459,0.01398350417381132,0.6913867327770256,0.6405002805126643,0.008652299354679543,0.8200698298400054,0.9952356130110693,0.017442807682253474,0.9029850177356715,0.8189988055855533,0.009387603635215886
428,0.7549107599471491,0.7871247460004509,0.007389025730718591,0.13053186369522277,0.8775152400238373,0.9350532720456806,-0.003832541391595316,0.13230191488682178,0.9255748717599515,1.0761972405978537,0.029468398358005986,0.10052361463026216,0.8760953450486569,0.8750303184511962,0.01816205261970081,0.6903433149915994,0.7338717078817646,0.005189111558993814,0.8710283304917424,1.0350656558774234,-0.022686888210300064,0.878699964225352,0.9267133137460828,-0.0017220850577853103
429,0.7800548742718256,0.7435482150667717,0.01060782906307781,0.1228475844437602,0.9223913038862547,0.8935160272148203,-0.0071655246905440355,0.10431076153360498,0.9671850883044691,0.8628303998538549,0.0031685436473505536,0.06504340476008284,0.8878487243375764,0.8619907055195238,0.010309904496338548,0.7215224163816827,0.6813844168697695,0.010261537923610438,0.9005243337212165,0.8375534956312929,0.004460836773156167,0.9246304142536694,0.8992648682014129,-0.008653915594673746
430,0.7551098315291577,0.8369907511106376,0.010363512124077458,0.131149891776883,0.9174191640705556,1.0566251613832371,0.002822407379540936,0.11228477037458463,0.9571097373374944,1.0956187053758597,-0.013037960074953989,0.07592978549483506,0.8790023383108155,0.9343478178700159,0.011900502237948437,0.6888567763618929,0.7807308304537237,0.00982555353139858,0.9363765597401404,0.9820147088313307,0.030926277027320207,0.9160954981220083,1.0637358436222237,-0.001561676987600606
431,0.7686347096733444,0.6945250229117239,0.024026231688790232,0.12844616306485374,0.908215237516024,0.8057742594648343,0.03558907883298171,0.1202908777261946,0.9808072459720867,0.8086778666595841,0.048169999119119566,0.0817938251831249,0.8744087187316595,0.8369492252436496,0.02331460535458507,0.7114648072165501,0.6239424705926087,0.02327775791465245,0.8168367172465055,0.9068147618497143,0.023421693537746834,0.9214458930614778,0.7972605271902122,0.036698868852678625
432,0.7617827928442951,0.8237079126305055,0.013864285813933253,0.1279409477742731,0.9102478618098504,1.0000978188856005,0.02084055225901133,0.11413274461869259,0.9699698350888308,0.8738341270196526,0.02847603726618826,0.06823814729602555,0.8786701010446877,0.9542645527957435,-0.0019826395054120013,0.698952430496376,0.7588990598838569,0.016265889955960212,0.8739077378111584,0.9517012725872888,-0.0005936086818383977,0.9150577467462885,1.009354956865136,0.02508194168179354
433,0.7837000050732743,0.7863114801989396,0.008019942345393419,0.12117633037808077,0.919407212272173,0.944463449408323,-0.0009980458144925868,0.10553019193737147,0.9796911514060013,0.9646776220945098,-3.0551176469615335e-05,0.046722167537492955,0.8991360378571613,0.901437721183994,0.0015525486837925904,0.7214857427938716,0.7260850750891195,0.008901415541360745,0.921093848611142,0.9107532296833449,-0.010094685381637462,0.9193538413693538,0.9497050244204687,0.0009277524137528885
434,0.7497134116719778,0.7728463493555612,0.005804314368108726,0.1318568995446229,0.9091353809303925,0.9355103790437582,-0.004648122927618645,0.11283559988549252,0.942942851148737,0.8973379837311,-0.0055381688778859415,0.07966693432469513,0.8651132562716323,0.9306637489752518,0.010966432658030795,0.6882351206355456,0.6926227817655695,0.00449470891171258,0.8951323480729731,1.0114597823021714,0.006806471720507319,0.911108724222574,0.9267774152438312,-0.007297215762059219
435,0.7780796410886766,0.7644931636668219,-0.005058003444504371,0.12429498289302993,0.9154907151903586,0.95783318696805,-0.0011269226938490338,0.10907388452214771,0.951608029773996,1.038562043753424,-0.017253058277985935,0.07716518761847636,0.875899686070562,0.8113194563130337,-0.007981188534052653,0.7257151192623071,0.7374600018627289,-0.004459569834254237,0.9311828157169266,0.9581303424960148,-0.017996748168601806,0.9141230248184947,0.9599474642357965,0.0017681174035861506
436,0.7609694969252219,0.8548785303501509,0.0020823680280390566,0.12975962238433503,0.8836061326335309,1.0116570273188015,0.0037891880102527927,0.13178450507611944,0.9594773708611656,1.1634013496625417,0.006353661183284886,0.07914937150835431,0.8829102190136446,0.924230204248195,0.008650552499975183,0.6963007356024604,0.810816004418703,0.000830146721188662,0.856041169994554,0.8181853667522837,0.004074595747263012,0.8886274892751578,1.0402409202250031,0.00560923890954235
437,0.733414572839639,0.6795799499770029,0.014736038150723328,0.13732066986568991,0.8650649541380444,0.7951430439296989,0.03979852636997718,0.14428608095505233,0.9477899275879402,0.962773207595964,0.031040446187104682,0.08143655007650796,0.8653779205233313,0.8484042797428512,0.010736910227147371,0.6640159484776671,0.5985330028891747,0.014617282969867026,0.7498034798868359,0.7800737184799992,0.06595101897954354,0.8796903912859709,0.7953428963373397,0.035290557986884255
438,0.7573096076126177,0.7499434599883327,0.0130697639458286,0.12965617252167505,0.9095312171608834,0.8408606033657269,9.814488374742252e-05,0.11355471322182363,0.9447799087709359,0.9899799501029043,-0.01684676284145726,0.08006758154928866,0.8885247700311318,0.8493890484257447,0.0280452056479107,0.6885253145765879,0.6909099814591165,0.009935226200906944,0.9180644445230911,0.8013543936614229,0.042085605724221334,0.9106058429181673,0.843672488345286,-0.0069982185619373695
439,0.7681085703303863,0.7545513360525271,-0.004273521024444602,0.12703571139187908,0.8892119829103471,0.9627533046048953,-0.027690291528483037,0.12934921915749895,0.9757539492210707,0.8622761635121975,-0.03001468488418495,0.06674353515219669,0.875300224391769,0.842339714007557,-0.015861584902028016,0.7108080088712199,0.7094223985681944,-0.0021319010676946306,0.8129185687376049,0.9155245496909443,-0.03402523083003512,0.8977686574566696,0.9691934614304508,-0.026075758902327793
440,0.758782754827667,0.7553952611173098,0.0113149899712258,0.1291663212387326,0.8890666229917508,0.8470946961052778,0.011924779121676556,0.1254076738875181,0.9583259760924779,1.0359541028325276,0.0009544860963110608,0.0695535907404552,0.88786157269037,0.9136395464164592,-0.004495931598648766,0.6912334706429154,0.6802443055550955,0.01357498157837865,0.8772956516792818,0.8580889027631265,0.013117038609939789,0.8900262820776259,0.8457074981805796,0.011610744742519797
441,0.7591460174070161,0.768829312861646,0.01262329636261739,0.129224795748911,0.9008791770987863,0.9013103356070913,0.016432398857714206,0.11825169496245688,0.9662000504180647,0.9986056591947577,0.00757181622456606,0.06160321352260291,0.8745641968196616,0.8987550176649018,0.008894963103083674,0.697196373233839,0.7019971800378743,0.012836885144780506,0.8452627522915799,0.7757198631596679,0.024408984400986728,0.9072894102641121,0.9169723089974033,0.01613165125197514
442,0.7825965235325486,0.8180139065067064,0.006403011698004698,0.12190092582035601,0.9126051622727247,0.955095755197329,0.0009117716524190562,0.11000344279974078,0.9673174165091267,1.0179403172829056,0.021884515730049885,0.0636501605406713,0.8899006395080423,0.9008003414759501,0.004295070694542108,0.7241586045542555,0.7711898974941406,0.006615449474347189,0.8500897178761848,0.8283002798527035,-0.014784704829605592,0.9209194542504973,0.974477972702047,0.005061001321366328
443,0.7587039173642517,0.7289206568622385,0.0037385848379629795,0.12934973999503707,0.8890142591295205,0.8330580190333864,-0.011765536692279921,0.12730480163264732,0.9649821232746087,0.8958917906459622,0.004994915118053424,0.06373836143288109,0.8749796091132939,0.8576024563487461,0.004190445482043669,0.6958933049403583,0.6615705392799813,0.003413500918271614,0.8338432350784756,0.7536905354621105,-0.03258155434373931,0.8965449534974352,0.8461573845502554,-0.0072087130851738596
444,0.744789807613597,0.804227719911472,-0.0011926914951498214,0.13471731985708682,0.8695594903800047,0.9934247601594872,-0.03697257719565439,0.14510142577216983,0.944884680862829,0.9820552830961937,-0.017388252858506082,0.08004377128015137,0.8691373898089118,0.9074691723760597,-0.0013814816447526987,0.6788356518776221,0.7464005120460223,-0.0011935480517817527,0.8061293259771037,0.8761378758842696,-0.027176966132304598,0.8763692669153462,1.0073334182039666,-0.037493745891975745
445,0.7375102649134142,0.7754990785306326,0.0004873816455041042,0.13621811933989575,0.8834981938372547,0.9109605519421947,0.018476408188859962,0.12915791814016353,0.9445385966269734,1.1059360845932857,-0.010952658467069647,0.08624033294927425,0.874441462401824,0.8441027483103599,0.006899737925458356,0.6667624192486992,0.731899060031049,-0.0007075793372161674,0.7921334121024539,0.6526328213703838,0.051480048575009804,0.8965489217692535,0.9471794311429772,0.01431923774946551
446,0.7608380897666974,0.7662360253119509,0.004263885768280445,0.1288298389569711,0.9209154787630442,0.8924151242617916,0.009210933749721916,0.1047891783050416,0.9726219781365403,1.0458166796327553,-0.0064168542096149014,0.057055305077096725,0.8836413362945308,0.875910543121403,0.003104014829096444,0.6952497668303423,0.7065536909107228,0.004287733356215436,0.8526333244524262,0.6947443160434561,0.021231735100231693,0.9297646933004047,0.9185291701175217,0.00881400553378044
447,0.7814429180964849,0.7573840993862204,-0.0034585394178359135,0.12310448137002537,0.9273689869960877,0.8787466626392915,-0.019399802557263996,0.1044298180788048,0.9688690326833459,0.9068872298103553,-0.029274054615079495,0.06737352770859706,0.895790141744337,0.8714745602922248,-0.0034936194515326957,0.7198346824206638,0.6962439619873954,-0.0034976842805695537,0.9086987351267809,0.9270289580809251,-0.0013510033827495392,0.9301488394366071,0.8725244218322133,-0.022928932113434403
448,0.7671826626075359,0.7192760113378455,0.001553878918684712,0.12727950204871133,0.888529198264423,0.8856355470371671,-0.00022922033673347347,0.1249373909726696,0.950865287048198,0.8519997949724424,-0.018583476078100517,0.07923514544068395,0.8902814459548427,0.852648401962862,0.0010144529413635595,0.7011241392392017,0.6500590909935356,0.0014172714535138884,0.8166599201807989,0.8307861536701511,0.04805910239296051,0.8987665745425946,0.8899687572735935,-0.008373850265242674
449,0.7485308604355806,0.894490668244762,0.00883818987697838,0.1352377470120779,0.8708474732394632,1.10399915913325,0.0060439756617710364,0.14646516730959852,0.9725970510777154,1.1332629823424754,-0.011061975811215912,0.06500299353167324,0.8653977274398206,0.9933667641378807,0.0025071192689098644,0.6855128090481449,0.8396839414168324,0.009795083736011019,0.8008468086729346,1.0416856824420808,0.040283078864051164,0.8790895765286436,1.1088829913940381,0.00040794438167678613
450,0.757670311150803,0.7848241644253391,0.001516307915001576,0.1296981732540939,0.8817405331658364,0.978802761677551,-0.029043410005782897,0.13524784411660415,0.9656254288763869,1.0296874890105459,-0.02685832625786141,0.06794510415854765,0.8748237148639368,0.8614440565414236,0.003459517096204466,0.6950998193773196,0.7395359554209376,0.0011113009179311057,0.8622976850092423,1.0476690317714399,6.406510284872773e-05,0.8851556280419715,0.9702469030153319,-0.0346236534860827
451,0.7751539752207743,0.7488895714313628,0.008773336725126025,0.12438762964161904,0.9278719803981685,0.8795294337660949,0.011050654353575738,0.10067467637767041,0.9862409102758316,1.065647563893192,-0.0006675932866330855,0.04219538877652228,0.8910847287050443,0.8505889975056071,0.019502425694948113,0.7129177420853846,0.690597390743691,0.006512866574279276,0.8922613794404128,0.7852215915561184,0.04217487121420917,0.9326083294097416,0.8890702070499714,0.006262394209196993
452,0.7707880053312135,0.7249179378943319,0.003022885681210143,0.12586792076571998,0.9138271170130665,0.838048117053944,-0.005904594870474889,0.11210357715175437,0.9618747634633319,0.9569237990657794,-0.015467885032641036,0.06607804017523447,0.8835467502319576,0.8503403260220329,0.0026090683033782474,0.7098405716238857,0.659682109275455,0.0028438482661025653,0.9120396572504791,0.8539620970260186,0.004566497437804459,0.9138793010124187,0.8354446191931082,-0.007863584577040767
453,0.7604305998950831,0.7606830181598407,0.0014712390721082127,0.12838740373898963,0.897297144879339,0.9012951203227754,0.009402310034743578,0.11980460181503538,0.9633036042395936,1.1020436684882209,0.006158051504091484,0.07037783465227469,0.8687526914813769,0.8630706854773365,0.0053230629024297454,0.7010602809795816,0.7032530008857536,0.0006559242082206276,0.8454732329189055,0.9157951086721913,0.013792731956421996,0.9031602105315818,0.8992582896632784,0.008507441203495074
454,0.7512988284763881,0.7157250627160081,0.005177102413337485,0.13166365210532538,0.8922726016640135,0.8460611623112623,-0.002699706078382167,0.12379341896087256,0.9557687431540666,0.992274001806543,-0.012061616824323329,0.07038940619735903,0.8735107151314264,0.8335863665196607,0.014689396044285388,0.6860728355257206,0.6508533210413505,0.003190278902187254,0.8264317561362954,0.7434087720388692,0.015459080990827231,0.8993810233233349,0.8571740963042636,-0.004953726363915142
455,0.7524249762257791,0.8209207401730555,0.01134710052838262,0.13189282722500004,0.8799912113772785,0.8861677154899165,0.039636318278501066,0.13474842785127222,0.9625167127217954,1.101321086099994,0.02749901510954933,0.07480137153758794,0.8669145902881045,1.0205936757437315,-0.0019118046186034645,0.6927903808559058,0.7297865194242935,0.012903540063060612,0.6577380580393748,0.7812305948250868,0.03732074711112691,0.9084661891715438,0.897680731129058,0.040978784269247594
456,0.7753092374951333,0.7726736745587243,0.007249404398092867,0.12428063480737615,0.9378189544350601,0.9817605613315881,-0.0036799369361234994,0.09324623967966734,0.9768065640131454,1.0355409373901394,-0.004958765834571229,0.051820165669866844,0.8815224623100975,0.9032128795767561,-0.0011486335073811714,0.717999400109674,0.7074914402301717,0.008410735526696226,0.8893237673878053,1.0381566299246185,-0.013068097173012567,0.943704786279072,0.9767637739019689,-0.0026478039740082827
457,0.7548912880291513,0.6374849298801506,0.024292591781190826,0.13434088988820977,0.8900340875178345,0.7055671860927879,0.041250869235246866,0.14125753262964197,0.9365758700640272,0.7454560897830519,0.026561647270329274,0.10226703241584985,0.8800287043587401,0.7798018000939572,0.03118555125180877,0.6880313607075478,0.5651094074047652,0.022132337215260336,0.8697284193660033,0.7163946491288891,0.037057938839300364,0.8920855503776578,0.7047497595873549,0.041876316381971285
458,0.759547507450037,0.7994976397423311,-0.003118928843238425,0.12931779058629472,0.8963255077350673,0.978909479549518,-0.023440571157030958,0.12481477535669407,0.9554753455391587,1.1246465225398017,-0.010681986758753828,0.07922464134715032,0.8690554829856377,0.824368539595459,-0.007473283161761519,0.7031640468516398,0.785275031453961,-0.002246693673554019,0.831586061445362,0.7260720910671706,-0.056592565826488854,0.9125540059164451,1.0294210052903332,-0.014288139245087155
459,0.7717264309636815,0.7489813358428431,0.015187630571084656,0.1258124498446538,0.9098757146733374,0.8932325880754609,0.02336151572996934,0.11373595316739842,0.9614834743157918,0.8756949732702624,0.034351787140577704,0.07721243485705351,0.8808994169968991,0.9002748897784562,0.016416127856749684,0.7132734991390954,0.6734488801189579,0.014308221413606395,0.8963894186979326,0.925875273453314,0.047935568334832236,0.9120349346604189,0.8883578444888801,0.018856017606839342
460,0.7722401771932961,0.7686441977371828,0.007069034563855782,0.12460986378435857,0.8916811668937038,0.8460011469259211,0.0006484869578534589,0.12328981745100709,0.9776402964381645,1.0520128332718526,0.0005324653018648346,0.05135877144179113,0.8733850197838372,0.8177322821480391,0.00690319071336796,0.7177092221492234,0.7391369525846391,0.007011401585955909,0.8071690068504971,0.5994973969150112,-0.0019208894616665633,0.9051663316711404,0.8846032967209805,0.0037456262107010835
461,0.7744377495721216,0.6735407426924669,0.012458394723675185,0.12645302587655818,0.9071117617039335,0.7802730702669782,0.0124789981687873,0.1195875510569248,0.9412504684420752,0.784349409324787,-0.0028341097161218107,0.09031449324145156,0.8938207003710842,0.822356340905067,0.01981321992201707,0.7112672110350484,0.5985880859107342,0.010566989460205215,0.9214139351246736,0.84895417174133,0.025587545935050734,0.9058768820182627,0.7720745162900097,0.009600383958732384
462,0.7769991195166154,0.7355802674092394,0.009605711809444339,0.12395993026304099,0.9219001033594669,0.9086792854993974,0.016793552132006784,0.10491229113638398,0.9726943707660877,0.8647031855377952,-0.002000648524156422,0.06027747011358576,0.8954042060089948,0.8428072999847939,0.01494682919191434,0.7135614002900253,0.6763664742932602,0.008293539977678972,0.8793330683452686,0.8857680224644202,0.05103441765482775,0.9277558253351795,0.9093096298177551,0.010958021349095366
463,0.7834745008251539,0.8024619363877941,0.013859403098947985,0.12161217750586814,0.9236276814435206,0.953484951595856,0.007752664539981739,0.10306090377173344,0.9398375635482001,0.8323573272616971,0.019186864542648688,0.08822558339478268,0.8931043270263297,0.9603889401313103,0.006440674604602674,0.7247827434210357,0.7254703511973163,0.014541643618659438,0.9255120317052169,1.082250294453949,0.009204967638816846,0.9240894527827812,0.9406166029174925,0.0063138076626269
464,0.7727099660142367,0.7509038839770108,0.0061925227438761705,0.1251170833365163,0.9240215013850885,0.9443452699110837,0.013680351096908265,0.10286545080509057,0.9762335877086925,1.0517210804429045,-0.007124559849133779,0.053753225144898525,0.8848269206746217,0.8443591859745134,0.011989659972679596,0.7121728579705584,0.6975745654600746,0.004918340944417811,0.9254613350573998,1.0671871645253503,0.02528129824008058,0.9248449667104757,0.9315276502408669,0.010727719704628092
465,0.7687832385141354,0.7327093228979775,0.006419783639475672,0.12636012346677594,0.8916305891781504,0.844560138373986,0.0018608044953775627,0.12363645006500282,0.9506732283492838,0.9364539251865868,-0.021406589789469934,0.07633894551988413,0.8910279179019562,0.8510510646009901,0.0009493918927186044,0.702944582997783,0.6706955952875818,0.00713348538669347,0.8666903398053231,0.8727462548244659,0.02064444902144399,0.8946878029592258,0.8402999048230346,-0.001630951722743256
466,0.7502606019490371,0.8495414428061698,0.009154918116435231,0.13333515326592058,0.886720008603971,1.0467776218891969,0.0011697964771859306,0.13229086321048888,0.9285782904867838,1.05754321922773,0.006085055684349201,0.09368194474853675,0.8732752625770042,0.9011798271208726,0.021160776152305157,0.6860708434077992,0.8134599849453606,0.006754255066958912,0.8542589947091351,0.91728623771175,-0.01515040637075152,0.8917320220446748,1.0673472682684824,0.005439553396786315
467,0.7799399132654733,0.7766775648650289,0.021687929454132483,0.1238275811020517,0.9177362539762842,0.8670469518141474,0.02168984897548687,0.10890250622232629,0.9722565971851019,0.9217251463148729,0.022816156082311103,0.06079510987473992,0.8971133947745252,0.9013171235829299,0.015973904280476566,0.717110378434404,0.7125945939466694,0.022089566447865014,0.8798426235582015,0.8016744770087177,0.010195661059915375,0.9222876412581819,0.8765359214853552,0.024384962268276567
468,0.7602797193576266,0.8118342247506469,0.014903140340345504,0.12910787913125119,0.9019036769545241,0.9125941790829183,0.041143520910270834,0.12274682640332434,0.9573716450576155,1.0505583715936804,0.019964607841682292,0.073490373763152,0.8807868650936737,0.9230019971700696,0.013099519112031497,0.6952782281759143,0.7508449339037414,0.014816994496572372,0.949337454742596,0.8796274036319396,0.02734686924538592,0.897456768830163,0.9186702746557681,0.04389244102994293
469,0.7606654193700871,0.6917637941419829,0.004003686001658448,0.12972491315078788,0.9190195002369683,0.852658073993181,-0.015665015631020355,0.1095636429686051,0.9750144939184289,0.9121034066054873,-0.027715503021719448,0.06111046031886669,0.8815520456906732,0.8141652120352123,0.008738245646168461,0.6959096392682327,0.6266790825524635,0.002900183708865387,0.8647372308769206,0.836307107905051,0.019141707554629267,0.9264485845361594,0.8526921943051885,-0.021597692812560354
470,0.7505882289669801,0.775780942180941,-0.0027240902008492354,0.1322815880537372,0.8688839689473351,0.9029774916154076,-0.004483487027953489,0.13689601887227712,0.930100586889371,1.0361916010814878,-0.007778760894797236,0.0910115294102289,0.8786343585972879,0.8833528725299855,-0.004256804768769505,0.6825493454363367,0.7163239654863164,-0.002459825697411144,0.9332062045909896,0.8920867549840188,-0.036812147776304385,0.8641817852963785,0.9096042456142718,0.0011727181996521012
471,0.7743332217800357,0.7333266790500569,0.008413419226841818,0.12449933895002312,0.9086740630057699,0.8174428088178672,0.012661180354192067,0.11550796296878736,0.9575871858295975,0.9192859982535949,-0.004053765790614667,0.0683606490905891,0.8906285335007686,0.8709392442607451,-0.00024959010260031973,0.7119537546549126,0.6650795844034552,0.00956699502131813,0.8090141329176579,0.75528923742671,-0.018842608575223397,0.9225510529711938,0.8300013818069009,0.018934397648156992
472,0.7737390002448672,0.7432263402762126,0.003807167367139164,0.12477959848399224,0.9285098933060205,0.9272972265025324,0.013014748414103423,0.09965244781176853,0.9643489907554968,0.8813489511234296,-0.004576446999911231,0.0651428886252391,0.8934275967989224,0.8666389026118753,0.006867524804503457,0.7094884975356351,0.6772267252571388,0.003014578619657737,0.9118793366345975,0.9693535319149051,0.042051985685309434,0.9315492242329002,0.9211721886083052,0.007664786273150023
473,0.7482824359574645,0.8135267166451201,0.004843616471878914,0.13265436580700193,0.8801470425795036,0.9105410869233105,0.00019161621391497306,0.12936975012112734,0.9722203736309674,0.9714108805197533,-0.008418399412161824,0.05528639033895608,0.8674288251380584,1.0041647418139295,-0.010320857883290702,0.6859428751803932,0.7254674106731608,0.007004804324399314,0.7541853462108589,1.035528410384863,-0.004249295337526327,0.8981253210845428,0.8999757204942156,-0.0002921651093810037
474,0.7404140644607575,0.8312363020988116,0.004023771543977156,0.13546547839389186,0.8981483719562824,1.0452259967674384,-0.006100561079361013,0.1240735939011784,0.9633133072559659,0.955289461499113,0.0017652863707580619,0.06329328261349881,0.8674495014918956,0.950121508072115,-0.005675905606091876,0.6727475401887586,0.7683142053757693,0.005602380284010835,0.7958072659229684,0.8119263378095517,-0.016873856621180832,0.912706630535688,1.0833722487311257,-0.0014756307783792056
475,0.7786895861186903,0.8381999640864491,0.004846320826000657,0.123554884743337,0.9055187289354338,1.0222395902270187,0.025710305688899593,0.12118432720531194,0.9650235756904895,1.0423899018875062,0.013759945692442438,0.06512582644465194,0.8977043287805784,0.9606749781928952,-0.004685279493170903,0.7149990335424892,0.7747792142527676,0.006371019312602193,0.8389606075352511,1.0062865218332613,0.007044427987211909,0.9134543225206955,1.026775104596959,0.02911788985993118
476,0.7354946013841808,0.7185472226158348,0.0006936081152636465,0.13663375208080417,0.8863888951865988,0.8632538511956294,-0.004931651288160376,0.12687691011918656,0.9522804002681948,0.9441367417674181,-0.011351038248246624,0.07295260199988907,0.8798677499808588,0.8663322500428096,-0.005067864241689403,0.6596846343272234,0.6431065077498331,0.0015404477486114013,0.8766212858581026,0.8723722373590934,-0.000678838684599803,0.8871480925618503,0.8618445205508843,-0.00575171396991845
477,0.7511432093712137,0.7767825711815085,0.015146365353208688,0.131766666169789,0.8852759022809262,0.8739158053075777,0.03491196765779312,0.1301227957477373,0.9453626573762874,0.9946302667763822,0.016771310665808867,0.07975344804736748,0.8782036760657405,0.899546439816691,0.01223255223582798,0.6835290426292683,0.7115464794396253,0.015208845553597005,0.9108341121497429,0.7461603184305338,0.04738508404079862,0.8840709407320569,0.8894635201854232,0.033709551369696215
478,0.7427866469044988,0.7298491964207342,0.015397421122424355,0.13394721319136907,0.8838365495758072,0.8254717190262912,0.008468187669600356,0.12861206739240974,0.9723382748570639,0.9329069386150077,0.012814074792135128,0.056821274908924864,0.8770464023538406,0.853465941856137,0.02546145681584403,0.6718669768316227,0.6613352103204239,0.013063787623300207,0.8805351397115239,0.8730293941847466,0.0061796784963127245,0.8839927180362203,0.8204023624161049,0.008379140505446258
479,0.7238965157842658,0.7791822479730637,0.01095991320622316,0.1395950022929432,0.8485744411028482,0.8507936480530063,0.016035087159825143,0.14618334354920795,0.9110406933795145,1.1506218478461046,0.008439686525738344,0.11146654307732755,0.8709634744256679,0.926212055551675,0.01732010137524132,0.6463721614984638,0.6987599802395895,0.009374571730281634,0.8233438735172467,0.8865839302458528,0.04069298465122881,0.8517773041619171,0.8453347817157925,0.01147477123179229
480,0.758501339079814,0.7282286024362921,0.0047650653406875665,0.12928518942191827,0.9020924006915227,0.8389097878108728,-0.02932978003199847,0.12393362779499832,0.9517959193645987,0.8251230711739249,-0.02539785635211507,0.08373956282584206,0.8899617368942082,0.8655718077811437,0.00523226767868811,0.6888264821897887,0.6567314261426577,0.00437012626885291,0.8832861914889863,0.7795225479273948,-0.014790748325986912,0.9039384915852864,0.8447662461611671,-0.03124240177246167
481,0.7824636921465681,0.7542706218381915,0.00029650066980606326,0.12221158984353755,0.9328662076340946,0.9250171607206332,-0.013395380030822343,0.09742446552398677,0.9844773400770712,0.9595637131703919,-0.009971242232808814,0.042353715735269394,0.8786003785810067,0.85054072987144,0.011977336814594014,0.7297696301654721,0.6990483090430464,-0.001994834164399624,0.9064939555349114,0.9077244563051617,-0.02727365343514086,0.9360053909460182,0.9287681346638379,-0.01082332649851442
482,0.7706971370287352,0.750616217047676,0.008947356737345948,0.12495831487809579,0.9034314711270186,0.8913573866071838,-0.0005426312761386425,0.1155599009958885,0.9707370200197273,0.9235209621493841,0.022289441053195625,0.06212818801926107,0.8872647586372512,0.8826892517412374,-0.001668885491065558,0.7085980948903292,0.6852952761904675,0.01047418237724825,0.8602854383560409,0.8207257719840828,-0.022258967842208974,0.9093837501056484,0.9031557860726281,0.004022082171010167
483,0.7866823398103433,0.7640844394473577,0.00930186174189543,0.12045927423683679,0.9282294669944888,0.8748513968069559,0.019512739713828386,0.10124294425976649,0.9751366453303372,0.9965437685248316,-0.007022588840354306,0.05259901241283254,0.8919233174211961,0.8987601608304837,0.017184751557682437,0.730157981843741,0.6934572864226146,0.007435121782394664,0.9186275540691112,0.9149310212092376,0.060879609762981006,0.9318840155671264,0.8693138082792007,0.012056825842146953
484,0.7854466032661735,0.7548015519192924,0.007990718259708157,0.12138352437475815,0.9191562465395615,0.8944378202378506,0.002940430813570835,0.10627998765214622,0.9734213194596666,0.9498159046928523,0.01469959140176511,0.05566924924350477,0.8929319423193273,0.872380374897304,0.021180425816201363,0.7281094554553422,0.6903235818159308,0.005257471446392237,0.8737032357633692,0.9689799072212271,0.005873282163221221,0.9250337063088481,0.8865475897064244,0.00175908052628501
485,0.7646317571529295,0.8216723697016756,-0.0038037836940183517,0.12847478339672078,0.8803823762864333,0.9569925931580917,-0.011059848550204754,0.13190357692041604,0.9737068951958481,1.0489475495417573,-0.01118894338025333,0.05678863783725151,0.8820125981995381,0.9180576418533595,0.008937909258354962,0.7019748898761725,0.7639239764527427,-0.006134706061801766,0.7472819385529569,0.6892509754288716,0.00371730796554411,0.8974970557728539,0.9960723160417436,-0.011115995040129903
486,0.7651247273833149,0.7885053298501669,0.0053694961579457984,0.12671131872467745,0.8794268381716617,0.9294985168988888,-0.018829814364271488,0.13179489557155072,0.9652997956572357,0.9890931400056644,-0.005622987320158068,0.0615320450414801,0.8870353329366786,0.9175020713665365,0.005889186030677611,0.6995718489745251,0.7195342341245295,0.005012176983250887,0.7986351481621534,0.8061862164470457,-0.008414372068746827,0.8883361658465238,0.9442818363692662,-0.01942424318368693
487,0.7643094834951742,0.7310546004195859,0.011084732197766818,0.1275158670984965,0.8894527407219647,0.8596120513911514,-0.010263856959921274,0.1257136690957339,0.9580998604170089,0.9845996387684638,-0.008412340309458685,0.06793211047600024,0.8888519442858542,0.8313119976248297,0.021369613310420057,0.6978572210017417,0.6730662171002126,0.008875632271779673,0.9049194805724717,0.8647674559254718,0.022006342806584832,0.8886895644263486,0.857219763870566,-0.015909403922449963
488,0.7470099394822853,0.7004637171386978,0.013674722195220371,0.13318178849204185,0.8963483147101181,0.8116105519749482,0.03218815710197587,0.12551860706545012,0.9618147936220648,0.8406959343949613,0.010026370629791106,0.07162201994165061,0.8639844274792599,0.8637180063162946,0.009124104628912515,0.6845322241980409,0.6217386143725432,0.01376615352071309,0.8191983555733229,0.8873297504265003,0.030291653765864433,0.9065515278616957,0.8043089396023368,0.03181490711244942
489,0.778268314872272,0.8454418018093796,0.004957267771490053,0.12387409325452262,0.9240658912966049,0.958290587509183,0.01622968686422685,0.10364345711009733,0.9721887757832272,1.049726698033637,0.0017122580163090434,0.057394300520791676,0.8976465419181539,0.9818255050328117,0.012248343210451932,0.7145567070171025,0.7714456774852319,0.00338709073392157,0.8747811443233863,0.905814825131382,0.025003558510948376,0.9293412961944079,0.9636794789130331,0.015153236956511652
490,0.7610494430138157,0.7010738025687107,0.012794833217454296,0.1292672730569764,0.9066814832447573,0.7859628959844898,0.016268590681743075,0.11935088207304438,0.9442948896823535,0.8438217837555357,0.0018839000916055812,0.08175136420120835,0.8874979397746333,0.8589657890882482,0.017372730378615416,0.6940921754307232,0.6218736119976901,0.01137374783378009,0.847048397269936,0.7959497718517006,0.03681059050742819,0.9140677186714037,0.7835862731764991,0.01261131788005907
491,0.7350453968103939,0.7469954399663834,0.0034767154604096523,0.13603161900005198,0.8712692804139457,0.9261213250153206,-0.03005813543583813,0.1400192464533779,0.9427030407264958,0.9759129524061648,-0.026213725277275904,0.08420926437328895,0.8663695642767043,0.8347665855462169,0.015508657821682002,0.6668961809288797,0.6939730668870824,0.0011229619273544855,0.7836822790779596,0.8032194983556086,-0.012849904779221403,0.8805937766021787,0.939667709443588,-0.031838832171884
492,0.7606322927864859,0.7430289822995558,0.0045071152105201585,0.12875354355146917,0.9234057692336108,0.9193175863788625,0.0005242969950053164,0.10291868533300584,0.971723376535771,0.9682122231084664,0.0005468618849466096,0.05499696954521087,0.8681404140533728,0.8379965008789909,0.00939722986170308,0.7022588132439719,0.6895358184891979,0.003448834147161955,0.9120132453070706,1.1156331300723143,-0.024175638199464798,0.9268289865077279,0.9034837330349753,0.002517672001552154
493,0.760237028266708,0.7482652796011188,0.008571113556772465,0.12852665468968702,0.9108834696475033,0.798394690374445,0.0167515143001699,0.11631163340868422,0.985581030813386,1.1144847552623163,-0.002724797387408795,0.04790734159904281,0.885909055460865,0.9099154622900124,0.021631315819602932,0.6945915029028985,0.6653011156446947,0.005727679746877474,0.848626559079195,0.7326038410226108,0.061240863530365446,0.9198464623842451,0.8039093659346302,0.009357959470392176
494,0.7449075859313702,0.8737052712124215,0.00449060671100024,0.13559116263604154,0.8662198345597406,1.0328626483017092,0.018685303577342532,0.1449387340653794,0.9473326354219525,1.111130314554658,0.009283815387922983,0.08386098718807868,0.874941511855329,0.9645478046451917,0.015821439680727693,0.67592654099504,0.8165480963338904,0.002312804352737894,0.7742088489302233,0.8122452292598656,0.01242775950905732,0.8784071598971195,1.066219970916766,0.022044809766560102
495,0.7752290541354312,0.8172461846167722,0.004459070243208698,0.12380666969263503,0.9142801634674453,1.0050972438247316,-0.0038619712091174456,0.11047924822704568,0.9838786828710087,1.046370186877883,0.012290568489487449,0.04545777580386435,0.8780359515267533,0.9211727027040074,0.006596800136842084,0.7185650587386765,0.7592951254396513,0.003899008894111258,0.8028935277645021,1.0775218192642082,-0.010017992082020685,0.9286578047293599,0.9986830203440328,-0.00353670664371139
496,0.7417187084641046,0.6725247753251579,0.008102688267649073,0.13480790508315835,0.8747612488952508,0.8282379895785869,-0.0007830537486622625,0.13260243393725957,0.9622221478989827,0.801125382688303,-0.005305651112447817,0.07613947347057307,0.8773465720851186,0.7923452476109519,0.007319937881061081,0.6693533257768198,0.6085337208965391,0.007904511194528976,0.8451115279961121,0.8112928844657604,-0.026956636002741525,0.8792515422295993,0.8341765669289958,0.003912853629229975
497,0.7573045799362337,0.8259813784080517,-0.007335747732137068,0.13120514501145694,0.8855661861761499,0.9856660396394651,-0.016006817345503417,0.13043091061087597,0.9497403510930116,0.9395982385382248,-0.028016652701079277,0.07927586080497603,0.8834323035668646,0.9792262055762995,-0.019535955433894202,0.6906614552100112,0.7500084389259061,-0.0051743393642532266,0.8698958978721447,0.9898326472813145,-0.0011147398398519822,0.8870675461447401,0.9839134198872814,-0.01861190479666839
498,0.7603329568339051,0.6953575595539417,0.01923245300367483,0.130041620177732,0.871939830096305,0.7609822162655334,0.03878015705215964,0.14231988469978255,0.9563541104606214,0.9021112671716525,0.026629241812759098,0.07513763803073216,0.8848385136632043,0.8066922492972288,0.02509312838539709,0.6936231818944745,0.6343098500038973,0.017588275492296527,0.7769895201508416,0.7646317300499151,0.04804997211743568,0.8832850967110246,0.7598367162482738,0.03712935480914348
499,0.7514577237433964,0.7314103499693974,0.004692867397203913,0.13153166267293126,0.9025466984160432,0.884741632288169,0.000262188698029697,0.1164885053255817,0.9695962399820939,1.0075513144107417,-0.0040015556487798705,0.0579316251079552,0.8844933954354393,0.8999453592127928,0.008129013591639374,0.6819464100947463,0.647658723687129,0.003689576927876002,0.8854094419548214,0.9399430035564892,0.0030452525328522454,0.9044434654538384,0.8786618416436079,-0.0007460298987893815
500,0.7620802316591652,0.7227483024204103,0.02056349634618786,0.1292944313035749,0.880661733407768,0.7755262555562631,0.028354314062768414,0.1354326121019976,0.9593648754564983,0.765030762625525,0.023469798798648,0.08794168125083279,0.8890990155199244,0.9332302864009075,0.024616263410410795,0.6973981526915735,0.6260271431694374,0.01873223650824428,0.8227219837218052,0.834496151308474,0.05710007109075772,0.8891775362337817,0.7683460729601261,0.022939999233529663
501,0.7343109835154935,0.5846993151480459,0.00016626357128973204,0.14189446463752914,0.8629439194901098,0.7349089843661207,0.005162842356222869,0.14433198027911626,0.9692348484690128,0.688264480571792,-0.009790461678660335,0.09526568821414805,0.8626298704178433,0.7359140378801342,0.002146103226749718,0.6657220373586586,0.5103864931784847,-0.0005072214144029248,0.7360566495828854,0.7383694672623089,0.0010307933266317853,0.8793751002176063,0.734950442037008,0.005836354727035746
502,0.7767852444713389,0.8422172578078191,0.000861339886595217,0.12427672255758328,0.9361433134712609,0.9791131163333203,-0.01775255478162994,0.09591105431454802,0.9699501705716094,0.9877770026748758,-0.016626539561746794,0.059284691290103365,0.8861633754069527,0.9576108736282798,0.0005942814440428982,0.7172162101104516,0.7792920706123126,0.0008053625528610493,0.8540938106521727,0.8309823355238602,0.0015526686515727054,0.9456344323793809,0.9967768955668717,-0.019809713977835697
503,0.7579683232908662,0.7384421635320491,-0.0024027950138126018,0.1295820943330762,0.8897727394336552,0.8602267050516477,-0.0002606171586304006,0.12372161702459425,0.9605118218400148,0.8223099629120229,-0.006932306149247646,0.0747367765710897,0.8730877521446243,0.9236477542837409,-0.00450628519144192,0.6976151753987588,0.6507987031632158,-0.002293290525705638,0.8447642475224338,0.9986655006449185,0.026041225808838383,0.8980313702432619,0.846708097145408,-0.005865718530985787
504,0.7760790858549116,0.7299260942374269,0.0055836822873025094,0.1244018080922526,0.9015436622886396,0.7969763650149192,0.003895364111128395,0.12139591431061166,0.9585632919815686,0.8642052143949887,0.0030748808881028307,0.07115842337873661,0.8918394353399238,0.8580260662255845,0.007172343827085201,0.7135950212635319,0.6627656417265299,0.004978601979856511,0.8841344928391804,0.8231036450671402,0.02256077184204147,0.9037538355357233,0.7928148111147195,0.0004299814435433275
505,0.778130001662847,0.7618107519799011,0.006029432253568673,0.12339057036799941,0.8933651580840087,0.8558507515787205,0.0033751724912097453,0.12298147109356065,0.9575829514947547,0.9848686935948229,-0.013017626640106781,0.0692801837316621,0.8881904395814565,0.9049795144888659,0.0010750660235624055,0.7189847285232492,0.6904247259989555,0.006556661981930222,0.8650814289435608,0.7399537300633942,0.04678726680037077,0.8984549481361634,0.8686676806222575,-0.003541377360821869
506,0.7585070664674816,0.795418007884823,0.004270388542671258,0.12967324280064652,0.909120059838934,1.0387284747752994,0.005329369017642254,0.11743052266491102,0.9699395507909414,1.0209884409822823,-0.01031630398533063,0.058910119775069096,0.8703593770313024,0.8816673410108349,0.0028687213280919,0.6983329784862713,0.7468249854456636,0.004392671753256779,0.8514489811924032,0.9092094215018773,0.031345144620560386,0.9156548301305659,1.0525183169890409,0.0016899796932582267
507,0.7609412198940577,0.8819245506223047,-0.0011896516309637824,0.13020233540059112,0.9099636160321333,1.1010755224661497,-0.03108697739567075,0.12324996195996404,0.9597385775072792,1.0553500330233263,-0.012392033576850594,0.07022585969192238,0.8711100414817032,0.9770065270935214,-0.005493015606055997,0.7015796019223122,0.8292567474504978,-0.00040901058219200794,0.8470427829005547,1.1901115066083667,-0.04354403010372729,0.9173398774986583,1.0938646157661818,-0.029918740518939026
508,0.7573153096783847,0.839811691636109,0.003000529975830864,0.1310085077993235,0.9086849834544825,0.9813454531309821,0.006019700068619639,0.11437496237098774,0.965108038327984,1.1449392760680417,-0.007195097887458201,0.07302528989149505,0.8813591379969565,0.9457776355072431,0.007551365239307825,0.6911451079697455,0.7788641265369272,0.0020134887762553785,0.8954633375221683,0.773709835921727,-0.004920341799972243,0.9141763515309977,1.0155102495948032,0.010216504850947824
509,0.7535538969476975,0.7364368749556035,0.016487757658547333,0.13109001586364563,0.88949336405781,0.9100708927596364,0.015606802529476839,0.12554853186898876,0.9634121162532433,0.9788376079361523,0.032872225074077444,0.07139921475146617,0.8879170214548319,0.8472749513553129,0.007505976220893155,0.6833002678382569,0.6786898403907166,0.017683780470215196,0.8662454390842674,0.8567829385818477,-0.022344496311038842,0.8949638610829039,0.9232873199315351,0.022831086935363357
510,0.7671759580630378,0.7897230651005167,-0.002113914017932931,0.12689586602123856,0.9092198773367122,0.9518277942805811,-0.006721594715446855,0.11298370080044925,0.973132012745041,0.978712679633018,-0.011596742420663025,0.0549978262891921,0.8846899953694047,0.8912724780252259,0.0013201827857604452,0.7040439361277734,0.732282584312593,-0.0027534961092170263,0.8971098330580339,0.8468389837329497,0.01971778124817511,0.9111286046190945,0.9630575297283247,-0.010505123725879946
511,0.7662776700718674,0.7098670043809948,0.014329061278141108,0.12761998035250924,0.8997714947367951,0.820154479403906,0.028121472218733262,0.12238745131946811,0.9500901740893448,1.0402195775861278,0.019326379402399098,0.07870962520287036,0.8860053595059487,0.8050128589316071,0.02741066119053279,0.7026668989649462,0.6546276180180025,0.011496590193741052,0.879995128417269,0.8709352396423398,0.023195908680272444,0.9020688977198419,0.8151080088792978,0.028491743951554623
512,0.7646487313563032,0.7524204711659206,0.0007187116249320764,0.12780408222725678,0.8973150964863069,0.8913141010973057,-0.0054942912768973905,0.12015906069390032,0.9607033884244125,0.9618758279501699,-0.01404862353370954,0.06664509304751687,0.8805930576276745,0.8846087519144427,0.001276144430434058,0.7021701970198382,0.6833355130314696,0.0004385805620858191,0.8323479100397498,0.759734087414631,0.044368703101070085,0.9067893481159149,0.905777683971776,-0.013523762223699998
513,0.7729083587606068,0.9045303736177566,0.0028172905621548622,0.12748528280571506,0.9168753727827985,1.0833586900413905,0.008330741208738852,0.11519076160355302,0.9733786523070468,1.1109652898006561,-0.010364852155564269,0.0622615956672599,0.8791570647255224,0.9784838690326075,-0.0017229882315234286,0.7155603736238939,0.862493159606746,0.0036061335802372763,0.8183762530652399,1.0102298713064535,0.004693253556966906,0.9278194931483894,1.092174398758841,0.009637041844919864
514,0.7551869374305636,0.7022147835165,0.009370077521965987,0.13095345843032036,0.9116165335618599,0.8238940008221596,-0.01412561490420674,0.11585605428157177,0.9827628748888353,0.8750552975360909,-0.017340640758763737,0.05364438748631187,0.8705490307422021,0.8223362340678316,0.009996216710933818,0.6927491730965878,0.6389824884937881,0.008861726520272442,0.8364679113853885,0.7522054570666653,-0.01092721674575354,0.9198347475183268,0.8323500690174536,-0.013909180338819768
515,0.7621216833118444,0.7327084331258751,0.010271550788036822,0.12798322849306015,0.8712032206715509,0.8156394129487907,0.013993639561370388,0.13535207813791902,0.9546924134661116,0.8385857787623239,0.002672953520880476,0.07592367808496053,0.8769903633198575,0.873205174617828,0.004539104271652764,0.699975275792547,0.6621306038701773,0.010843839215848873,0.7850672300266998,0.7099886387089702,0.03900310521789437,0.8808742686206608,0.8267267622237011,0.010478360004079134
516,0.7780666836797704,0.8577643819119767,0.009045200447278122,0.12461930885079973,0.9274166567890003,1.0805740369298016,0.0011141821716632405,0.1074265628396795,0.9723591248367218,1.1241447048141948,0.01673229013538949,0.06578541635399479,0.8902952778367672,0.9685541711666451,0.013551888495608962,0.7175233368511261,0.7956569916294486,0.007924730767833664,0.8650728793812354,0.9734705985996552,0.01770842385398876,0.9342053601044878,1.0920014621130105,-0.0009335255816250094
517,0.7766195102086348,0.7943443162598357,0.010753904798639038,0.12345063362838692,0.9161958100664379,0.9015549727665984,0.013261836337533214,0.10767391062837413,0.9685158761988525,1.0231595230499202,-0.007788677821825879,0.05994266859115831,0.8903209288835396,0.9215750866353271,0.016027033670470966,0.7151041381209778,0.7255970253387879,0.009385801599140958,0.887469148250715,0.8956676586153748,0.04481629309117235,0.9203323841607286,0.900438394660621,0.007792394358779735
518,0.761015361348031,0.8529381837673903,0.0011128596708291079,0.12929971100067358,0.8876814188964246,1.078703002938947,-0.02413790218404852,0.1349970531106306,0.9684934659741542,1.1100861585657642,-0.04918041996829027,0.0805816336476668,0.868256651968174,0.9008069051061255,0.0031769582943780104,0.7033714643394695,0.8223239902388457,0.0007222848827923635,0.7176382920760213,0.7813904683014035,0.05747180832613341,0.9134972740525482,1.119204979253233,-0.03796615652353812
519,0.7753713803510635,0.7490179958292088,0.014959062125231305,0.12443360846562648,0.8947872027519161,0.8798207747183562,0.014459208366403886,0.12153337732893876,0.9610715398393196,0.9677993728738207,0.022179635918961434,0.0684351980234702,0.89114462168309,0.8363754173002221,0.020246437211033922,0.713050182594611,0.6984337147061469,0.01362651045736163,0.8799490750206752,0.8425021662184473,0.005561550621281433,0.8964435014451034,0.8853991837476333,0.01639305760558094
520,0.763967918851816,0.7339419078389336,0.014743394169852077,0.12797447800846445,0.8897687431918067,0.8846991539550783,0.018355216017742666,0.1250747356054819,0.9445106635480643,0.8662289452133197,0.018641423471292353,0.08244416314506711,0.8956127071176111,0.8534465453531047,0.014883534842138517,0.6940433737106021,0.6697517918043073,0.014234428788483413,0.9284351580011502,1.0296375182173725,-0.02200925239971865,0.8874124275996207,0.8751231939202495,0.023500854185605987
521,0.7636440320554969,0.7485571045572816,0.016685741931041033,0.1269985686605453,0.9092018866039684,0.8970500417964226,0.024690340653408187,0.11337653962847204,0.952031713830597,0.8737571577641756,0.01894875446069376,0.07659383336640284,0.8821355825465906,0.8834302080865312,0.012635045678968315,0.6992225055564284,0.6789725533234683,0.016836738342665282,0.8747162025636889,0.7862292517897503,0.03480140992097239,0.9130629720085183,0.9100899388650511,0.023926095744512405
522,0.74614780146861,0.7563451910914216,0.001437210298663171,0.13331772026294916,0.8903395092953492,0.9270996095219295,0.0026799251799725595,0.12405407969160472,0.9823002879937821,1.0688558191195614,-0.0100394444355771,0.04855515047778204,0.8696430180898981,0.8350535863457904,0.0051725088090535725,0.6807392131300135,0.7094519565700622,0.0006898142795799424,0.850162890751514,0.8700996584213709,0.03173748595473688,0.8950811250857291,0.9318337667552751,-0.0019775168920307296
523,0.7521864485360737,0.7727059639241017,0.0016775692273445838,0.13106607090986788,0.9018199800102469,0.8810446281886989,0.00552918652377729,0.11685107248578167,0.9638074883935637,1.0894836253138185,-0.012642900602131775,0.06895719418328947,0.8725540529837353,0.874723682421636,0.0014330416577932334,0.687675806577879,0.7159998763514408,0.0016063395389928584,0.9186228287567078,0.7675817099910461,-0.008837065638516627,0.9022648283514875,0.8984725485604559,0.009338312958976235
524,0.7757080893703843,0.7796907334031464,0.010591880843040441,0.12406042267105914,0.9164736754601224,0.9477238471186319,0.005374370759482272,0.10785983201259185,0.9696671567864144,0.9400952522743347,0.007448201964306719,0.05792123586248688,0.881624123595964,0.8668024231379864,0.012503605042037281,0.7180441426182347,0.7302827499781918,0.009960698151823983,0.8458157397884714,0.9066426287484415,0.022564212051085455,0.924460673179231,0.9509792044825579,0.0027308385678210946
525,0.7810476200204967,0.8301860854664092,0.0065102151402435466,0.12250808783789394,0.932647654103762,0.9653894313797764,-0.0015520226165927613,0.09658694399274181,0.96247930294372,0.8706858596152056,-0.00930981566364797,0.06862768222651114,0.8968547420799746,0.979019782361722,0.002150839662587248,0.7191042707142062,0.7548134994426547,0.006948167034008259,0.9462462722178997,1.1189721262968289,0.046690829715200825,0.9361806701379976,0.9506681628869597,-0.01081585088976236
526,0.760176491724031,0.8067101007721148,0.008818841976492901,0.12890534941680779,0.8997101985549589,0.9132817531305623,0.016785873777837603,0.11885864427015734,0.9536759121469509,1.1022384140474797,0.019765181713399957,0.07955829800851921,0.8759433585029528,0.9400161500820325,-0.0010145685614651695,0.6979485456359444,0.7392960586248004,0.010192136041767835,0.8854655052971476,0.9021637046829337,-0.008714543414917892,0.9022401199384898,0.918334416610496,0.021323355480994254
527,0.7586789034715986,0.7528568653292393,0.0016632317245082768,0.12931161187367912,0.8865255137711205,0.827254895534643,-0.021768285243411525,0.13147335898643472,0.9443212752135635,0.8383826641090608,-0.021687486845150206,0.08638193319958508,0.8807870798810663,0.9108098971597535,0.006703960951213417,0.6938178345254474,0.6723343323204846,0.0005348865495878375,0.7851871784674357,0.7849969139540315,-0.002758770023391884,0.8982452393997351,0.8305965103030649,-0.024650496229847017
528,0.7699385544177046,0.8274696747110081,0.0027856451031896584,0.12636969533951092,0.8841479036022134,0.9500383623927514,-0.003765001574913145,0.1285832332607855,0.9558900632098132,0.9708989387015927,0.007513829592256298,0.06949471400970313,0.8859527066064472,0.9666479432974685,-0.007789121330887971,0.7077109298920846,0.7575090819149818,0.004446479002497677,0.7417294067191292,0.9492286330772356,-0.060056029074931405,0.9067760920309863,0.9614238046486013,0.005789738232599306
529,0.7788292168676042,0.7450813324115929,0.0205452721675642,0.12410486172872139,0.9110694209943648,0.8812755215023181,0.03672341935739297,0.11635473081229172,0.9882627704585599,1.0646153309790574,0.03878382026702756,0.05447145122119556,0.8872710291935921,0.83345072521155,0.02663416335689224,0.7200556470505982,0.694497264535623,0.018917111268528956,0.8942013842800587,0.9428485568006046,0.02582319475659028,0.9131404811016005,0.8759579516169987,0.03802394689869488
530,0.7566751661092717,0.7783974027437786,0.011851147007922577,0.12992390841309864,0.9038284629327309,0.9561360898541879,0.02950734290475951,0.11970901757690658,0.9712510938533967,1.1018886907091618,0.011334351432168968,0.06353928219090432,0.8764045065547026,0.9057102412307331,0.01593489875997845,0.6925001153010938,0.7099575841584302,0.010673351276045911,0.8632509525881522,1.0820342720416167,0.04358591626831474,0.9098466938380252,0.9436304068059226,0.02617982798055544
531,0.7706256827396377,0.8374152644654743,0.010486384493268414,0.1263853955584244,0.897763993650599,0.9681290781484958,0.0029677861905661007,0.12042632025546862,0.9877633153926371,1.067370945833052,0.0094102457545824,0.04122673033032862,0.8890886046544443,0.9229577689150891,0.01329556267379979,0.707015423768604,0.7868982994752853,0.0097358162463088,0.9227898137081408,0.9304134204625195,0.0038040002184634406,0.8950243868085084,0.9727107454736912,0.0031817604664995396
532,0.7671413958515467,0.7803570122456486,0.012567175352464734,0.12652032710825067,0.90132049887918,0.9880956360720776,0.02151574292488564,0.12094981353694526,0.9634682971082973,0.9098954398872227,-0.0027218344478946222,0.06397689245668371,0.8847296902034156,0.9269023020049918,0.016768504587980352,0.7036305527284046,0.7037077378023557,0.011283520832709414,0.853956961350426,1.0032493157355538,0.06491308857143566,0.9088292329534154,0.9847020242566172,0.013837106549223268
533,0.7530367573728286,0.7459329444760644,0.009339044897006413,0.13088249671274185,0.8819615029961463,0.8163778059167028,-0.004181057756992784,0.13104214368892045,0.9689194235518351,0.9915830967052616,-0.01372720560071713,0.05936269527744659,0.8902261861044356,0.8820405822769977,0.011539936104607277,0.6805780814502211,0.6735758044079035,0.008554035722000523,0.8971181557722694,0.7623161017547104,-0.002541137757812412,0.8804448969018359,0.8230124719675839,-0.0039156239263613115
534,0.7669157515950838,0.7877605121715765,0.005424478958803996,0.12641872410063545,0.9008240679191294,0.9157035991563355,-0.00079985685720299,0.1172563100005479,0.9342059855172865,0.9374618292910268,-0.006676369022394836,0.08491477619438545,0.8898985419156586,0.9294899964988443,0.01436543471274556,0.7012064007366674,0.7116021227714623,0.003525928527153122,0.8986959160982662,0.90300979835688,0.04249238503281973,0.9030188622750704,0.9155432427648784,-0.008302035815912929
535,0.7451044631722916,0.6855145995658022,0.01500134448075481,0.13423727174457645,0.8785878925930171,0.7657520187153054,-0.004648443883020329,0.13568259484142792,0.9432399516619793,0.8438715688547724,0.00015322951194459284,0.08268020437499211,0.8781087580781397,0.8321326959975327,0.013641675623183946,0.6746792843524146,0.6117132489887144,0.014599097567949136,0.8662585285426623,0.6531148406298133,-0.005857352915185263,0.8810199241294273,0.7809809591048463,-0.00316891734071721
536,0.7594652754429284,0.6569630081893609,-0.004402842614917563,0.13185416870895525,0.8752135860939405,0.7935212316923544,-0.020271822611030842,0.1380064400248424,0.9006963176015487,0.7778663253800983,-0.03526613615189566,0.11613822739692897,0.8880119889568342,0.7940195018797965,-0.009464458282565456,0.6907097631745971,0.5880200914502806,-0.0035769699149309137,0.80542719999358,0.6850717443802252,0.0339489310279848,0.8857068321066806,0.8048242267337927,-0.02909038936841592
537,0.7672979818009258,0.7908754840553772,0.0035478191153253333,0.12674287554662772,0.8889481998578048,0.9155435547051344,0.03594065734995433,0.12931866441152315,0.9405253548094645,0.9087604207755386,0.009586369006669232,0.08153927423142206,0.8791118809962775,0.9066977857449874,0.010197454830744489,0.7066256391049626,0.7265793800275447,0.0021520715730454104,0.8913785746128544,0.9420899167309771,0.05557302746531247,0.8888055810226485,0.9113495963783288,0.032332254766719186
538,0.7652298614869838,0.7657012013746539,0.006845112445405986,0.1274471706886511,0.8859108605482373,0.8571047847460739,0.0029830382052078762,0.1272706198150621,0.9411740130938966,0.9067085240346724,0.004644661628550825,0.08086891126832885,0.8771044723129904,0.8802766744537877,0.00463807039868407,0.7047175660418528,0.7049559695155259,0.006950979570866718,0.7600699624009686,0.7798714223862722,0.010488429072442138,0.8998278351459419,0.865100039213335,0.0024684092440747448
539,0.7639889105156503,0.7332716996016436,0.014985350361108362,0.12729842398869923,0.9283772408999476,0.8875151668324306,0.03468507076990879,0.10428176048317979,0.9451325445937718,0.9320160695114632,0.01566049071731609,0.07867208681845465,0.8818907520092948,0.8527448480119861,0.01724470909546439,0.7000891768363973,0.6690505879123123,0.014095966067453137,0.9073590710083633,0.880143847258728,0.04280404317955443,0.9304829738449752,0.8876452751862611,0.033326033259590694
540,0.7683351804283605,0.7607068229420131,0.00011109284951755144,0.125947000687489,0.8799090414503317,0.9117471175888465,-0.012356194966283441,0.13143545673200457,0.9628858422168808,0.8178690673949737,-0.019071909225468742,0.0762330329365587,0.8829178351170087,0.8758195421377225,0.006441181443351957,0.7069961113774054,0.697750098784092,-0.001200538563582518,0.7548755214133499,0.8466631405549017,0.010041549933317835,0.8948822380653876,0.9174278213928275,-0.01568112592753786
541,0.7662723360150738,0.788954842512482,0.007441263028185416,0.126832257082982,0.8901046987285011,0.9114735863322722,0.015475017190100145,0.12451213602675175,0.973099078452941,1.0284801379355044,-0.020254942909491154,0.058619915826517696,0.8782589191828828,0.9033908933602532,0.012303473021409765,0.7052726555249409,0.7255588117773709,0.0062934976221920794,0.8449431002040343,0.8499874319432812,0.08401027467671886,0.9003282275312356,0.9177144612528088,0.0035873601805182466
542,0.7793677078194106,0.8228872200061633,0.00976425313251519,0.1226013323083123,0.9022252289024302,0.9660787735396705,0.01849056082140499,0.11866629761768785,0.9706754308004425,1.049664196092658,0.020196158334258637,0.061865038236338314,0.892189545500637,0.9226911448567335,0.015004851111593812,0.7183555571065073,0.7657418330443527,0.008509460156645767,0.8632326694438903,0.8704053525570044,0.024596741426606873,0.9064804759055013,0.9775608992750455,0.01825885256227849
543,0.7684561391434013,0.8149391915447288,-0.007018794146744692,0.127058608160977,0.9249228745415565,1.0299171493608517,-0.02984513539788552,0.10856115844114314,0.9794461234143206,0.9452179263020817,-0.028636786094135485,0.05615967249941504,0.8850196360678916,0.9077128410169353,-0.01149622860652173,0.7061313336291853,0.7636749602151701,-0.006106753115673572,0.8696305757883656,0.9734247315186493,-0.0264317693857836,0.9307328773171735,1.036235846242953,-0.02986094368705961
544,0.7556636782682052,0.7298133527530214,-0.007158039453675862,0.13134391999331302,0.9001513936429579,0.9413568028554744,-0.02802062648266215,0.12257341044342451,0.9447926691073917,0.952360089083699,-0.021507474627279508,0.08063709717457103,0.8912072499610061,0.8368662706310855,-0.005108507198483573,0.6844572535408141,0.6701471498649324,-0.007428640260677159,0.8921422258557676,0.8309009915422223,0.029282893727761935,0.9045008053278825,0.9535676520517021,-0.03753968685554618
545,0.7535055736003587,0.806953865114006,0.004024873386000469,0.13080627083635465,0.884722617146195,0.9011223341879891,0.004217666052215248,0.12659004160163465,0.9315600568260056,1.0327893860091413,-0.013704949015605518,0.09011510186858109,0.8804548903165172,0.9255067023847309,-0.0009353351459240071,0.6856228803176938,0.743075707219925,0.004755213231652906,0.8848937815771464,0.8635109093675207,-0.02767587280149745,0.8867448123335393,0.9110933844142802,0.010165808714547466
546,0.7532925443254435,0.7814096048152257,0.0029788562835269925,0.1303453499612319,0.904691886992286,0.9274623204582354,-0.0037005827315834757,0.11470009229736068,0.9697356077369484,0.9857995664742887,-0.015800362173295893,0.05916619225204018,0.8787525837284301,0.8890820067987931,-0.0011802213972269867,0.6862060704413347,0.7226410717264912,0.0036054825165249553,0.905669738225823,0.8021218786749722,-0.0033158803601762363,0.9057221636610796,0.9443912795852408,-0.00253544634852237
547,0.7537408313802124,0.8959753811852682,0.006122766363284803,0.13362491839819055,0.8981038885431616,1.0373398833985537,0.0036566486280823567,0.12368640402286538,0.9566701519758699,1.1014582603867031,0.002345770411864383,0.07522075128874377,0.8741961475187818,1.025288232796826,-0.0015901295976581853,0.688772481476522,0.8272935884582536,0.0072788745782243385,0.8761763385111899,1.0085544246491995,-0.016692442857301218,0.9010575166582264,1.0440656068196519,0.007471869089681103
548,0.7591976398859897,0.6810169831319846,0.0035360521953733135,0.12954637322646448,0.911679172514409,0.8515982117653866,-0.008814806609910323,0.11199044631564446,0.9770411742448193,0.9000361172022223,-0.019769246630192503,0.056495012935920824,0.8943344064133795,0.8104453818320847,0.004344221713976028,0.686395542739133,0.6121046370951084,0.0031308546580894876,0.8922356247655446,0.7748046434260566,0.0011174341668963444,0.9138387791062695,0.860653166636581,-0.009772661235925148
549,0.7624489283042897,0.7034608991671004,0.004495930799022261,0.1281728858316186,0.9001171303774895,0.8853427364771139,-0.011455461204192384,0.11864657459526279,0.976513146643667,0.9010082635001493,0.0011934132676894805,0.053275129564940724,0.8796076738435806,0.8003962709675645,0.0018160561467094418,0.699186856109687,0.6508068729535127,0.0048124346475134526,0.9079240613527217,0.836167421101935,-0.03419095203728927,0.9006903285970282,0.8949610718310281,-0.006958496195974528
550,0.7824076529170166,0.7896886733873477,0.016818351230379447,0.12228019477762633,0.8901506077918813,0.8580194760689024,0.03635885153127977,0.12800888334402258,0.9700354334431964,1.1198893473056242,0.028124358922734842,0.0709424580329215,0.9007554690532593,0.9155710889262831,0.013861243379767775,0.719230506457169,0.7242126487418521,0.016838039899987254,0.8331992205984099,0.75866533926125,0.049647757247130726,0.8962235358171406,0.8689056378026401,0.034795129180210396
551,0.7538573264463945,0.6955090417384996,0.008449188253221246,0.13135800470116918,0.8871168055992532,0.747114323532417,-0.0013322369431835095,0.13342371755232496,0.9698269543288834,0.8480643791924052,-0.011521676115769654,0.06574066019965931,0.874662333961607,0.8312980463126163,0.01686026164558294,0.6895088540017241,0.6244181376689736,0.006492427157128371,0.8466438220715546,0.7877011589680851,-0.030350255042768465,0.8932179386652148,0.7462257406203545,0.0030931051784040885
552,0.761738432768122,0.8975286047125327,0.004190255384433267,0.1296841186147264,0.8877002196291927,1.1219779627032653,-0.022449780607925754,0.13692030173711955,0.9565070127494798,1.0796181595517882,-0.009815623143638486,0.07386113365175474,0.8819623881346745,0.9975362689651138,0.0039124120330945615,0.6963617380826163,0.839280035242231,0.004160395632586729,0.8569610419614263,1.04985342035748,0.016052378160784763,0.8918801890202674,1.1281800407962244,-0.02868875638897491
553,0.7542401852537325,0.6944981184981358,0.0035148514762871805,0.13140751014592936,0.8959784731120901,0.8135066609475258,0.005249066697059838,0.12318650181407871,0.9602983200636871,0.8166668340378264,0.006684112085627409,0.07555565203186886,0.8810456683475164,0.8428866006897028,0.007339515694228974,0.68687656252612,0.6188978046049964,0.0025215422443457206,0.8212403287007384,0.8946150307746698,0.017852571413869915,0.9062507968716634,0.8047298923308103,0.002318035239863696
554,0.782313843332315,0.7711580904302664,0.001568504012866154,0.12202021390773964,0.9012326315109953,0.8435170978693606,-0.010087997105419971,0.11984561087444744,0.9778431433981704,0.9839430129847474,-0.017855835611890927,0.05181601309640749,0.8855387932947554,0.907454793337516,-0.007959595145812251,0.7264122936618802,0.7038656146902706,0.0030329528581256493,0.7811258993213183,0.6611425417132969,-0.018698415749213146,0.9169304701197056,0.8711688489316922,-0.006346772456752927
555,0.7468782071393193,0.8081648974891739,0.006941789471825344,0.1336941867436315,0.874074630691525,0.962779398750712,0.018618392983061595,0.13668923354660756,0.948763072992305,0.9095162880714848,-0.0027387640083036337,0.07535175220885003,0.883439188300097,0.946947551563628,0.006610146951683053,0.6746519919176481,0.7338123327087298,0.00669434788999316,0.8413179442400002,0.9019919242970175,0.045408399030683215,0.8777774835857209,0.9679616855360735,0.014359755754396802
556,0.7484624054402358,0.7347628280754028,0.0031710908417590237,0.13253066152613738,0.8813108670195207,0.9395297229645944,-0.028837961753418746,0.13433830738927766,0.959690494164261,0.9897928756455902,-0.02017139042908461,0.06931321500653444,0.8874706042631498,0.8198626136277111,0.006173167030427264,0.6766760559181634,0.6849112268825949,0.0025171147298814855,0.8413353722193637,0.7401429150154049,-0.03659384328002629,0.8888686806669065,0.9709693302774514,-0.025199846054198723
557,0.7782318099346572,0.7929022808693396,0.0004087646731631063,0.12337241787375378,0.9242030707901392,0.9870519203760335,-0.004304653086153027,0.10339695755018355,0.9617642873004342,0.9514736417144901,0.006097823427312096,0.06436374170551681,0.8792332883134997,0.8806871459683909,-0.001712078087437407,0.7227475321465657,0.7441788144307098,0.0007288862246852517,0.8487685205727805,0.9548519274769924,-0.018804473547497938,0.9331495674095036,0.992781387268416,-0.0014582161019715298
558,0.764084991064118,0.7109269936791972,0.014391649792878885,0.1279332851153843,0.9084895401575476,0.8528927796919031,0.002488792790783351,0.1135564493562512,0.9640254159579688,0.8997606682457249,0.007618141812974231,0.0646094926404609,0.8833477457038805,0.8745140725464691,0.009521461192659444,0.7005313979035602,0.6318930342696715,0.014544799089926348,0.8759424438023699,0.7312817155896695,0.030226825535757538,0.9129131062543893,0.8666455243239662,-0.001468823258928435
559,0.7783524255691854,0.7743141729680454,0.005094402868919355,0.12311915153901729,0.9294685577015749,0.9408341070568703,-0.0031202046949484878,0.09879899273727563,0.9734044662544059,0.9890364093900802,0.009387810542227886,0.05453497161592322,0.8862469082659328,0.8930365264501974,0.00039249467176627863,0.7199093696519022,0.7127498640609491,0.00569822663136471,0.8531220333834515,0.8643445693688645,-0.036194774273714106,0.9405186663232084,0.9565253279486733,0.0035816876536593155
560,0.7726758490621296,0.7818129534950736,-0.008499079624578272,0.12602708070653254,0.9087874463181085,0.9479429866834969,-0.03654044557145561,0.11976716757093107,0.9568540842927016,0.8707534012633087,-0.03610486434068072,0.08143704985533266,0.8833930003251189,0.9194694351608854,-0.006205103955929378,0.7129481227143915,0.7098751913912933,-0.008858954268441273,0.842683158240316,0.7893137162624845,-0.007916971635957178,0.9166729483696238,0.9666838502786529,-0.04011372107161708
561,0.7676125428583376,0.7480942378149746,0.007656855752732671,0.12646696311073627,0.8852965537313772,0.8435372185167974,0.003302718846166369,0.12717120130803464,0.965487311200653,0.9934937235477498,0.0013053968183432622,0.06133410167726272,0.8880187721886631,0.8492110367018625,0.02288812561564288,0.7035512484512124,0.6887899853920973,0.004585823854096979,0.8878743949512844,0.868067728377667,-0.006682140280278769,0.8848863418342131,0.8418602223433411,0.004753436702535663
562,0.7248441934417862,0.6265268233439435,0.00337141169670866,0.14110743259511183,0.8972204834255868,0.7622590122773151,-0.02151141537141234,0.13071244042065744,0.9439962915761569,0.7331448029239955,-0.02271603476071414,0.09980424670127469,0.8600114477233886,0.7853031868289033,0.015243536360615068,0.6538947047995008,0.5464583151812001,0.0008990230870039518,0.8606062758980089,0.8537919160197619,-0.006006843557790275,0.9030016867423326,0.7521105015338923,-0.025104703568721975
563,0.7535675987045369,0.729438620726128,0.007706404416395051,0.12980084699600833,0.9049364791734613,0.889653145503086,0.019139840812434562,0.11525757112150319,0.935675323055878,0.859088220880086,0.0024957949211055048,0.08480868076624129,0.888913965582192,0.8991523100156903,0.0012850272348814613,0.6816355609393111,0.6460659694335179,0.008358370478852241,0.8696792662141151,0.9624493115833589,-0.004139577754418141,0.9099456446891047,0.8847450971547871,0.022364550496339487
564,0.7382875852095216,0.6790439426824728,0.007490480558664287,0.13603045053916357,0.8657755352750807,0.7610022790969014,0.018543239036852847,0.14193666119041937,0.9510860265819633,0.8840418775311135,-0.017496916814255033,0.07723053362899024,0.8861244993863315,0.8393618377799228,0.00911787054711147,0.6610976182427268,0.5983637204846837,0.006740795472271568,0.8693844721019423,0.7809888964863037,0.04895706360178636,0.8661777335657944,0.7571970964429277,0.01309415452614901
565,0.7623243808168086,0.7261989878252414,0.0057642915345688045,0.1279181763601866,0.9130080521701215,0.8674509970953971,0.002571716096588051,0.10940681559213802,0.974089960565965,0.8980599285337265,0.0048177011682453965,0.056082745945502326,0.8785232478855302,0.833663386622395,0.004884883435857325,0.6993140487658167,0.6680411705076614,0.005701966868009354,0.9051256680704147,0.883369211435914,-0.008637236260755469,0.9138494547524397,0.8669335687909687,0.0043229209240010944
566,0.7541315893066443,0.676481455472202,0.01773240181891993,0.13190072321031257,0.9034147021761808,0.7371943172694684,0.04052146957233898,0.13053654559266353,0.952210285556083,1.0330433733642885,0.004971799751472065,0.07495486174200904,0.868817510159199,0.8107830288979248,0.023174297112122145,0.6923291297580763,0.6072241121478512,0.01608137627590204,0.8658318391122622,0.6802916177438204,0.05938579605020558,0.9075269390499839,0.7425152619786841,0.03766571591181639
567,0.7733640062589417,0.7072728439135361,0.012065307230622739,0.12534087656607548,0.9150439196641014,0.8564783925043981,0.025637176502064273,0.11135321022893986,0.9683987522327531,0.8922533190471652,0.009979264006611525,0.06180788475568221,0.8884064919327425,0.8031335972111041,0.012734658192512422,0.7112448206586135,0.6545961671156293,0.011626074247978109,0.7953997053795216,0.6834715203278752,0.01928633156493589,0.9297523958959591,0.8808710053149135,0.02859782495678958
568,0.753746428859141,0.7975160038512911,0.020858005561251374,0.1316564226502728,0.9087524809313409,0.9166127284198269,0.048663294239304294,0.12202447883492665,0.971284848710867,0.9566995473432501,0.0420101168221058,0.06990817042824367,0.8607736154025543,0.9640366926621654,0.0237966132343515,0.6967969853448578,0.7153558832860735,0.01944001851709658,0.8703704756285684,1.0781650985448028,0.08411832417900965,0.9166525449216457,0.9022927308883918,0.041813496511571076
569,0.7413254640381503,0.8224531232149191,0.01302432488010097,0.13592432752591968,0.8644451852639659,1.0043276716146161,0.016985296629112714,0.14451944589460314,0.9624970249175457,1.1660534631547168,0.03503625679776149,0.0835846699183888,0.8847186689224732,0.941301079256233,0.007525272502699876,0.6665479193416021,0.7575477471198314,0.013656048784859154,0.7932601514662548,0.8331448825212349,0.017285418044815558,0.8730798481302801,1.0280179218335879,0.01858704083915535
570,0.7657079993914594,0.7830188525626335,-0.0036224536450610227,0.1275858873996044,0.8875590704929341,0.9993346666243733,-0.030133264416768998,0.13239127780820656,0.986893778102648,0.9113519817758563,-0.023316311816638124,0.04812902196569656,0.8761079784634218,0.8615343727524956,-0.010758963979773405,0.7063366454187066,0.7400346900111854,-0.00227729264301192,0.80489332779724,0.7483800906115885,-0.03925717670646922,0.9009421324859721,1.0409986457006721,-0.025702492481977073
571,0.7602349847106307,0.7215828623381231,0.017757234910907294,0.12929401298864757,0.8858619726972694,0.8123510753326327,0.023229761936817115,0.12936786656412544,0.9495344338297034,0.9185393306111352,0.0011550863051121055,0.07421951045880701,0.8721986233850142,0.8504506983676235,0.023079463164464402,0.6995863698573288,0.6536861558139002,0.016178555966037088,0.8022854560110388,0.7701699121205046,0.00302177883462198,0.8961467727279415,0.8197977589589825,0.027222339897367036
572,0.7602278085659336,0.794250011377738,0.012509372308731037,0.12908561504290314,0.882983839387089,0.8815305801561726,0.018684730079920147,0.1287555173972191,0.9740179256424908,0.9305891705011573,0.03170869991060024,0.0627439629194827,0.8760829148609668,0.9270622039550377,0.009471760264753822,0.6973250375005992,0.7247916248089155,0.01258014772201692,0.7175865218481305,0.750217784637363,0.003664896138444695,0.9037952718333014,0.9003239534107335,0.02286862632021303
573,0.754668415852844,0.8637670370874486,-0.006262767611527657,0.13256403837954808,0.8928816192205072,1.0086230822135394,-0.030877266483490314,0.12918281998251258,0.9302462563212247,1.1732118712770834,-0.04023207061883897,0.10761242976624334,0.882832839113833,0.9337701792491893,0.004470590298487857,0.6871856753365188,0.817547659767903,-0.00819420017327227,0.8331789069360268,0.8054405116615679,0.0012569005330191469,0.9007193487211361,1.0344366454146101,-0.03483529455566153
574,0.7605787909814941,0.8254756943368888,0.01568332609791019,0.13001467481632475,0.8897454542858991,0.9090808863465082,0.006150480778616794,0.1247293007276083,0.9791971486668256,1.0542874925758627,0.023737692661418095,0.05540151707809858,0.8820911285290223,0.9384081619601318,0.022537968266589357,0.6957837707602097,0.7617133695802817,0.01400531745494813,0.7806737672292936,0.8214415219266995,-0.03698040209299713,0.9066422617484436,0.9283684937009736,0.014779237110020363
575,0.7496449628114823,0.8097036892183291,-0.0003503073527832037,0.13253824531061276,0.8985225494085594,1.0308493604871853,-0.00495612800878945,0.12354016051854824,0.9401070520817196,0.9988461891887512,-0.0021252505710269466,0.08201505731296542,0.8672824694076052,0.898494188619117,-0.004439484363283385,0.6867502754831873,0.7600189491145937,0.00036767252588646956,0.8826459269933472,1.0008111519259932,-0.032822884662772014,0.9014602712239438,1.038981965288013,0.00015543250189435046
576,0.7362882245858499,0.6573043886504388,0.01335719721239307,0.1375671195238371,0.878960934819512,0.745471008804917,0.004389668003375017,0.13753663994660315,0.9505546057085454,0.8391874899215631,-0.007379883250710813,0.07892752361899219,0.8658652304243548,0.8315472097145189,0.013649480748201057,0.6682045434540459,0.5740747062064583,0.012540063467533249,0.8578885564645603,0.7277105722509035,0.024411954350777018,0.8812515896368939,0.7461473892986882,0.001065016923055987
577,0.759789309603094,0.6934078333923933,0.0115253820864751,0.12969229042231434,0.8844018000206908,0.8054941425984683,0.024897622611748826,0.1302611488169955,0.9790626679183072,0.8189108010275515,0.025258149089144602,0.06841619659416372,0.8788425090241333,0.8447721926943101,0.012887872687111815,0.6960769308775554,0.6178145423757594,0.01066769897371626,0.83348153841942,0.9961455781107458,0.005927566555242129,0.8937858443889032,0.7904155639318831,0.026160117727312398
578,0.771085959679089,0.7872164165840705,0.007395419447170711,0.12578351687285558,0.9157298957253236,0.9297311166638965,0.0024842618060895976,0.1081062242943871,0.96481016358336,0.9793488931331532,-0.012213262201996049,0.06313580577921143,0.8785736695811233,0.8967992015894671,0.008923769148532877,0.7128293987694515,0.7277666470582665,0.006853078631801258,0.9056147864778848,1.1103004483274266,0.00992620293809056,0.9188892291303191,0.9128302753717631,-0.0003486448054015801
579,0.773453900523569,0.7981001542598645,0.005166548530988706,0.12490742220409422,0.9406434968649209,1.0055403234223952,-0.0003408245699644979,0.09160356665785635,0.9706745995272597,0.9817163540262371,-0.018366261719000875,0.059091482911265036,0.8823184360089777,0.8865505467706734,0.014121934457350143,0.714403257556573,0.745658275525284,0.0033497568273896413,0.9325896137113469,0.8684416419534471,0.04233619950962088,0.9437982638059031,1.0208879549703045,-0.007021463869267027
580,0.7693400428343956,0.8268904886541653,0.009470822090778614,0.12680205357896304,0.8900947938079992,1.0011146325939848,0.016508161185805354,0.1288168413399245,0.9321765332113543,1.0489572576551067,-0.009266636403350792,0.09081246614950346,0.8979716808831681,0.8934801726962928,0.00677900340985434,0.7027300556146652,0.7878323642477895,0.009839225147774907,0.810699424405015,0.814147620353162,0.020910140464913334,0.8996291750204807,1.0261967310223048,0.017467715121883838
581,0.7554900964008632,0.8781552636626317,0.009890091098885006,0.13237514589332555,0.8954097741052878,1.0218253814826204,0.01741548094324814,0.12576393550095546,0.9527300402035405,1.0645580975654758,0.022468136450056225,0.07851536356301157,0.8960165585361324,1.0180022698342226,0.009359139993401868,0.681027330632106,0.8013637050578233,0.009632069515073276,0.8736350301358015,0.8511107879876176,0.02220441654379384,0.8990471022115469,1.045656586175902,0.018136557162852843
582,0.775900430983435,0.8616377700542937,-0.004192101599120219,0.12553490655717953,0.9089748968768245,1.0474324922788025,-0.025739659797798343,0.11991365625725213,0.9680347335019556,1.1435722359787284,-0.041250271985286906,0.07956889118675006,0.9029444152365513,0.926848990285181,-0.005503853722867051,0.7094472595758604,0.8222039469120636,-0.003870151471816415,0.9101554296295203,0.925677040208086,-0.03916776844170423,0.9105360534126639,1.066826829992352,-0.022088762916529038
583,0.7421599332740287,0.758383371579396,-0.002525878784388161,0.13440333465158777,0.8562245880160118,0.9751992208660487,-0.03284985344789235,0.1506182649646226,0.950696400609781,0.9389161377471478,-0.01351912613322253,0.07456717755109052,0.8533197996723689,0.7939316011444152,0.004011458020927509,0.684148660896057,0.7339041591275696,-0.003746351361443322,0.7732087123852913,0.7697745436600705,-0.04542036441786095,0.8683785198229846,1.00799214006431,-0.028369230711425435
584,0.7461259103300689,0.8036380279033505,0.010201940438373015,0.13332131471429312,0.897521878345364,0.967010557484093,-0.0006629772988809053,0.12069718435414545,0.9539158641088225,1.2187702353943404,-0.021785808965806973,0.09138951701778955,0.8731809347537761,0.9189938051029796,-0.0024112834120226007,0.6790864063510484,0.7442855333242808,0.012169782129453272,0.8883583013876982,0.8702631084170709,0.005266696316930585,0.8986840047954875,0.9788030877202505,-0.000785582373735248
585,0.7728593193143583,0.8435148719377947,0.0032606993834337974,0.12557704429475136,0.9035900918577853,1.0250595791456114,-0.004133777063349338,0.12011034266469077,0.9579690474117515,1.2216515994409236,-0.012089136587504481,0.0878166168081045,0.8737544034824384,0.8866835385640169,0.013634711351356073,0.7187981194476352,0.8135877396623813,0.0012241145652125065,0.79167159540631,0.8889697301109137,0.02231905493076605,0.9163342608282898,1.039404832635849,-0.007719581747880215
586,0.7656262053627824,0.7940857551022564,0.00013760822047045228,0.12570690835448375,0.8896074845776474,0.8942502097858452,0.0004313512827667814,0.12301392856826555,0.9446427485593646,1.1275039544878216,-0.0052025961109535565,0.08539382724265322,0.8914200452931663,0.9003370518285827,0.003377708128825319,0.697380710527895,0.732849779054822,-0.00047594769510533034,0.878092133858669,0.8403808607027785,0.0009814474186612355,0.8907235597432694,0.9009393845983116,0.0008728830757547731
587,0.7753732472025318,0.7256064377692794,0.002220748962473424,0.12430438288364902,0.9253380772311712,0.9365428019347828,-0.008630556502125412,0.10200800906497014,0.9737031288559298,0.921486428401673,-0.025242151999077204,0.06070297846451784,0.8863884297860527,0.869083191617176,0.004614728455404351,0.7158152680776537,0.6527941311008453,0.0015040907550951607,0.9358932190235308,0.9849040043191192,0.06027660851337957,0.9309910222591502,0.9316789855468046,-0.02097122184480755
588,0.7639609264460724,0.8422266229552191,0.005786790372637143,0.1284449435001069,0.8906691674614562,0.9594736074017753,-0.008617528819454176,0.12508756206925387,0.9663645224700717,1.241258211331616,-0.0034337164030759657,0.08187892879764963,0.8804929921628886,0.9046153885629381,0.013118638378222953,0.7019028880393579,0.802023592257108,0.0042939989653217525,0.8002061319947512,0.7198209279874557,0.04255417317437847,0.9039279149517797,0.9911169189347202,-0.01632702219157479
589,0.7393964617260247,0.9203821968704905,-0.008569806216808423,0.14022610819271614,0.8799233632720787,1.2079162542490123,-0.03615517851217026,0.15324470539554702,0.9578314317437565,1.1781607050115797,-0.031220109701209565,0.0869664028920294,0.8707719209540972,0.9476954740924364,-0.0036967700027896594,0.6729531912176666,0.8998632122340449,-0.00940808690739877,0.8331562008323085,0.9115517967830471,-0.04714316697629328,0.8903986521538348,1.2606503135692395,-0.031173318633459464
590,0.7667573372227707,0.770158248252192,0.00234646028823784,0.12656282867276855,0.922161620477177,0.942224991796339,-0.008972662979965601,0.10410063824891193,0.9527855335277207,0.885609589717156,-0.003346454661081122,0.07336477737553652,0.8764654783358982,0.8982901037976467,-0.0005315324348627129,0.7071456147929386,0.7036448105211692,0.0026488477179396107,0.9083156528434997,1.0586812560224814,0.001841843701474889,0.924808492891612,0.9298782453274191,-0.011848773292649922
591,0.7583968213182274,0.8535123949090253,-0.010015885389246186,0.1315290260974357,0.8970788037339704,1.0859681803993861,-0.051693612693991316,0.13706864194074966,0.9686010826485155,0.9896607511323865,-0.04901578526067581,0.07628600055987668,0.8803378020825483,0.9793209650893359,-0.006258099879978138,0.6931764394227964,0.7838010353506105,-0.010500283605386013,0.8585032492473682,1.054769271097608,-0.009335501292564665,0.9026247940810048,1.0875249727153058,-0.0588289792332117
592,0.773895693017347,0.7011303197484545,0.010409980007018592,0.12595273383285507,0.8780336185984423,0.8034815912251112,0.002798871983527819,0.13340658544204048,0.9596282660313025,0.8901652914414715,0.007837788905680447,0.06867095496508217,0.8731383539338753,0.7911877708983253,0.008692938045720022,0.7193882533814182,0.6526479622335034,0.010413848002024988,0.8530539504198913,0.7010305467547737,-0.011549682439175835,0.8823293100555342,0.8194064379577626,0.006515814421640712
593,0.7511969451673473,0.7707560024095048,0.004116639599166026,0.13137984094233873,0.8694493994129875,0.8754435833450014,0.018076947980947115,0.13652686757614713,0.9698905998122124,0.9642475120604931,-0.011162970877277294,0.057861645329088815,0.8715979578566886,0.9243162092334323,0.002538938781841392,0.6865341329701643,0.6927447482604477,0.004062660669346836,0.9170341616021277,1.3580036153950965,-0.0029567566044001003,0.871624877240302,0.84270210131674,0.01716721943410985
594,0.7814336960538111,0.7289310852698275,0.011497003762360774,0.1229180150437749,0.9300594902158401,0.8742066666557522,-0.0032177014813822014,0.09951594367122779,0.9707763715122159,0.8715635552104247,-0.005287257148251676,0.061386520866711994,0.892610797452152,0.8172586697792991,0.018243593916997723,0.7212064941239543,0.6780252191377923,0.009943085735880208,0.8830744800586261,0.7841059302543708,-0.035847831953621574,0.9384912828884182,0.8920784301495573,0.0036043997651607758
595,0.7479893897174594,0.8338706523984621,-0.008006350633575621,0.13461364022453953,0.8511825619241269,1.0166831800036593,-0.0458260544405008,0.1590811831554319,0.9172263624750646,1.0053858877874313,-0.018357662241678636,0.0994633176659684,0.8789118583598782,0.9128370012693642,-0.004093132235685366,0.6793238533240712,0.7853106961064363,-0.00858457194480629,0.7808298256008401,0.7256923686774162,-0.04871351476575686,0.8642095632898933,1.0661677241935372,-0.0420552554918313
596,0.7809946505437848,0.7328388472246122,0.017946828543136454,0.12292367163631862,0.9149715074533792,0.867290814507918,0.005680505598896252,0.10940592504050654,0.9687726606152136,0.8727176823584867,0.013729091537142716,0.06422025759621636,0.8850486772054421,0.8503149068610374,0.015865902334797954,0.7241579402983099,0.6719317316362206,0.017747163994134108,0.9039823516729585,0.9662153446723546,-0.006317819088375882,0.9167223581332663,0.8583423556546373,0.006686963688895099
597,0.7487620904360734,0.6987671980243574,0.017485670376690368,0.13289006451682892,0.9036036049974272,0.8125368011133333,0.0189406720819626,0.11880089211969949,0.969713315252796,0.9225351990399208,0.013758368613045392,0.059766111602176715,0.8612953491639246,0.8235361103464742,0.012860279300126088,0.6877899796156471,0.6352855222910311,0.017735673087693065,0.8580071156228847,0.7226252145768673,0.030432171989014427,0.9085216240845235,0.8226944592330602,0.01774914474881742
598,0.7760208488012991,0.7519003518317321,0.00352862854733354,0.12384417076211048,0.911301066016085,0.8656662985845812,-0.0178444918254603,0.11425415220761703,0.9710056739502082,0.9046918243191215,-0.035260671594036674,0.06891734307839843,0.88311330415218,0.8921318433163548,0.00996317193846773,0.7181554442212148,0.6788511707441897,0.0020553893841025687,0.8331374851668218,0.7563881311974646,-0.0034630381816119936,0.9198977077747519,0.8781430342154473,-0.019260266484778084
599,0.7684308122421976,0.7992101661412591,0.0024081777606931314,0.12602150570624576,0.8978260756443592,0.9141779819170799,-0.0003815441233562258,0.11907935293596905,0.9642407204800417,0.975825258374594,0.0012563168580606977,0.06181091917103903,0.8860044371138812,0.9526626893522535,-0.0018497588552625188,0.7053526253010468,0.7218556506563922,0.002913757083844731,0.8379257562697613,0.7717773195416598,0.027073000154584415,0.9048812241902364,0.9303462735377753,-0.004033972805369921
600,0.7874707472232961,0.8194386751861648,0.008480273060837552,0.12055368114144997,0.9343967027079907,1.0105289176104528,0.013472273593361637,0.09808292756165891,0.9745812910560848,1.0157511576663811,-0.0033701434078356345,0.053146498260011846,0.8978571969961189,0.9057911170558297,0.012334091537531122,0.7281452603889743,0.7695050900064452,0.007550969154030218,0.9022394086359964,0.9831526660029238,0.03372247527509576,0.9380416988539497,1.0119861433956538,0.010153211024536988
601,0.753357307348763,0.8320149768995082,-0.002535764917977097,0.13115618111079674,0.8815923287884966,0.9798199336764455,-0.023063656073924816,0.13309676754501076,0.9099067455856544,1.1479314589666287,-0.011090000294978048,0.112006889614241,0.8795246215292011,0.916766273076904,-0.002995778530844727,0.6856539497950368,0.7815764320631796,-0.0023853403418478327,0.9298961097025124,0.9257909171621376,-0.05860280676974217,0.8794723391203568,0.9941559641534378,-0.01637465324111573
602,0.754569746750528,0.7021862929069103,6.051046665952769e-05,0.1311266535556871,0.8777264288216859,0.8137017669084722,0.004616996076759162,0.13214678583270636,0.9578457833849547,0.8512025957914817,-0.0025929114370760844,0.07250879733406544,0.8659492760996664,0.8614676423083483,-0.0016409112640215675,0.6948517101728733,0.6242968904585544,9.270098088257951e-05,0.7559236972505458,0.929601694428931,0.042945778999407956,0.8987634026176687,0.80265044013066,-0.002829367313871207
603,0.7416414225181824,0.7920668531044578,0.007399153391241205,0.133524356563924,0.8782547761083357,0.9420485431739297,-0.021225590074383478,0.1335046843377466,0.8966077513360143,1.0825602072477556,-2.810423487962758e-05,0.11336724549225417,0.8874701028249813,0.8950473943105978,0.010554870053179162,0.6654493904754925,0.7316182867918434,0.006629779804881307,0.8911701033550177,0.978120062339507,-0.053011259154018824,0.877958393030574,0.9424952685662585,-0.01630042568367133
604,0.7219142180671362,0.6896451547036804,0.016833629482017293,0.13987662064140285,0.8703776588590401,0.7771527472371191,0.04813630167661339,0.14405880799244672,0.9050070109194511,0.8405224447008414,0.0034697143946933007,0.10313422235346591,0.8546558854218368,0.8792033506072678,0.01624714891501201,0.6519960140909044,0.5994469565375409,0.01601745593338736,0.8496642210913585,0.8617271234573378,0.05752562732184881,0.8732565736923689,0.7679893531639661,0.045853419371187816
605,0.7546780777964529,0.8105219074995623,0.009917499895779086,0.13122061992068298,0.9027771398827757,0.9768234113450747,0.013392701279242037,0.11875412126135088,0.9455921755019013,0.8919077957957497,0.00858198350335233,0.07876603687701829,0.8823468421061833,0.9214186161376415,0.009332649355377634,0.6868499128846256,0.7491061001760673,0.009731667209089946,0.9113208439521991,0.9653909442014601,0.014734025133041638,0.9015676967096886,0.9780320280999171,0.013262736644888943
606,0.7722843584518556,0.7835488096935166,0.0014723257375551095,0.1251363659047432,0.912093781056823,0.9584113280531991,0.005854737644549375,0.11117265234090777,0.966773857323413,1.1114896087402195,-0.002802437726146225,0.0676542506295152,0.880155943001221,0.8674307953692915,0.004609886614422737,0.7137807329031665,0.7350438077143324,0.0007980233334978532,0.8660907969287092,0.9220116860020133,0.017163547459799432,0.9168652951255938,0.96152555694306,0.004204232850372076
607,0.742537509182242,0.6612968372838344,0.01450768657207552,0.1338221169715827,0.8679502536939188,0.7760447661974483,0.009693629087864352,0.13753725822433632,0.9202731580913005,0.7573591255175379,0.006440263838757134,0.10250924730385269,0.8843944055244854,0.853209065242054,0.010772255876832561,0.6674326193028608,0.5702593954091919,0.01433151200357722,0.8777912982791164,0.9239801512343506,0.016133815576438452,0.8680591945702734,0.7609397570797269,0.007155569922945412
608,0.762857482331084,0.653960094691941,0.013004587093214918,0.1302560058927148,0.9139009637908483,0.7457201548442303,0.015554604137826571,0.11955069525699509,0.9667700667810821,0.8327595676511325,0.004111665569699882,0.06845065466751477,0.8807249366426723,0.7646117264257699,0.01943791239808325,0.6991030738475553,0.5940084343156176,0.011385835528236707,0.8341670650842322,0.7191954274902956,0.04158342281287105,0.9237737664778158,0.7470414157308795,0.011228176363456369
609,0.7584146288160472,0.6476183617302256,0.011278583358297152,0.1316506262628546,0.8832794267835202,0.7226631344685224,-0.001956960314256271,0.1383137093652139,0.9408357910093575,0.8942372815342102,-0.006698213912032195,0.08117080248666375,0.8832646628070252,0.8001861803075624,0.010025134947063436,0.6921919802939431,0.5731587906330913,0.010895512450372324,0.8037055041727551,0.6919802269192694,0.0016115099021792249,0.89184690300769,0.7257931500943129,-0.0022384341359834043
610,0.7624534668075195,0.7956167474591684,0.008670508653557434,0.12824621564129396,0.879479731365846,0.9289835588445947,0.008100911911117037,0.13142737155080114,0.9721226192315569,0.9380794874874054,-0.010803097639985108,0.05633564335543905,0.8805849492066526,0.9237196503980611,0.004477092071092371,0.6987982009556746,0.7285686526671932,0.009070060995073865,0.8469811153944214,0.8942002591478222,0.010600083015749304,0.8827033186229007,0.932856722226603,0.007994464140897401
611,0.771203879097042,0.8870683473754775,0.0051217349513680965,0.12716886852488676,0.9261768149679006,1.0745061624306538,0.030035079644251634,0.11178518105610856,0.9852012003065567,1.0708669450506951,0.024148706149134565,0.049831394856563176,0.8790326873110125,0.9462211999437112,0.011927506281977548,0.7133658728946689,0.8489297940759521,0.0037592305472306784,0.8619027189225275,0.8908386889523245,0.04566433711452065,0.9339900704260287,1.0977102785008417,0.028708149569694457
612,0.7552871433446968,0.7923277123277299,0.0030946748936610882,0.12995018333073816,0.8918353213220134,0.9131318724482238,-0.002419286714836314,0.12292219695873724,0.9684808669193173,1.0422334640594886,-0.030177912669877086,0.06712481279775319,0.8848858980624432,0.9010634836935587,0.005540105478833372,0.6862981077468878,0.7308530811443589,0.0024827552533653037,0.7928702600546733,0.8055385955006105,0.02362943307078321,0.9030952109705299,0.9241117442132882,-0.006112446386280075
613,0.7770725729053014,0.7687594951069374,0.0030295501823415375,0.1238650453739469,0.8898779346349173,0.8933218493790965,-0.008296442459186952,0.12502519874029314,0.9487916214840577,0.9593688326131433,-0.011507633086455827,0.07528171406033424,0.9012894711005729,0.8708927815882191,0.0067042513953544675,0.7108992322862766,0.7111417163894342,0.002198182730008451,0.8357939317187257,0.6593072731738281,0.014516578047978852,0.8984094582815015,0.925814105123422,-0.0102558409198106
614,0.7503021772502941,0.6817249977302143,0.005934998158477316,0.13279101345103894,0.8937398150294327,0.8067246797694655,0.004577600302851504,0.12446743354039179,0.9281162071462981,0.7957654394152258,0.0020965409901173735,0.09539576226109209,0.8683724643492176,0.8245324603650609,-0.00779550308727968,0.6877572823590642,0.6138450059924703,0.007975973634854373,0.8433832710399694,0.9145676694201752,-0.05424588954793377,0.9051466629057898,0.8044261541737341,0.012943607221775047
615,0.7656920340663015,0.8721393988063907,0.005223734267121945,0.12878197467240374,0.9045965899956492,0.9786040215104114,0.018102514744313805,0.11816467394143662,0.9688228260156966,1.1065250899270718,0.006572262578654729,0.06549234794270278,0.8740231427421908,0.9761558881207004,0.008041716609347034,0.7065809349076452,0.8130118876668704,0.004538948233381617,0.8860998675166154,0.9830516713497376,0.041453554979391814,0.9068583917174871,0.9763756572196477,0.014002084376181993
616,0.7590358005941952,0.7963952490365013,0.008198063680742964,0.1289755723179859,0.8991072061332319,0.9195704474823504,-0.015244960938689833,0.12005533674155577,0.9556379096236197,0.9445774105111997,0.005459763102273051,0.06955475097571562,0.8766405513915736,0.9036144653865074,0.016395119200102164,0.6955598396941062,0.7348755334754153,0.006434248932424183,0.9204635450500911,0.8561085709113361,-0.03207318680211671,0.8980529932565056,0.9303725917440868,-0.011611157884771513
617,0.7639534902088203,0.77348684641127,0.015004900617567084,0.1279632502839987,0.8983077106509856,0.9520892758903391,0.0027168450327559224,0.11996541786837746,0.9727822793744528,1.0363704827592195,0.020281067103915335,0.059289501123835214,0.8773520495937123,0.8610374769074873,0.025134585546402292,0.70315741226867,0.7215956724139122,0.012771785477856554,0.8287236352060203,0.8338964616235977,-0.020706994150074074,0.9079283579569308,0.9716074338901853,0.008194697528184202
618,0.7713226863068987,0.7726129441369846,0.008123631976543446,0.12558833007402445,0.9014571679243558,0.973087614473901,0.01344300225758863,0.11954724883626536,0.9509082469150261,0.923980627781122,0.004630882423864613,0.07399521838306147,0.8932494837055038,0.8953491903017594,0.007359318209608971,0.7064248754516909,0.7076708587931708,0.00793721789563964,0.8496338041555183,1.05076266758131,0.028112909766694626,0.9081672577683159,0.9642777756119848,0.01027736278664381
619,0.7589484707271535,0.6810463952344922,0.007558458695773332,0.13016791927848778,0.8934844463061535,0.7794049331664339,0.009433742773852623,0.1266291709805195,0.910985746682659,0.8347053683189919,-0.00702376823489891,0.10141345409592233,0.8786312213929968,0.8313923637912686,0.00959332922930031,0.6953464218093457,0.6062689880967611,0.006740946809823209,0.8236558397686489,0.738900352142568,0.031924279488737786,0.9013692198936577,0.7824111854766886,0.005858294473909587
620,0.7464222231409713,0.7666711719746456,0.0111461355518221,0.13241483580213664,0.8885437649605079,0.892711483101533,0.022361349407572707,0.12615290149551653,0.9654811806936585,1.0562716293117806,0.022183411146486177,0.06787770287230908,0.8644800134056303,0.8425939420582813,0.017912029906578482,0.6831463854965409,0.7203134360772362,0.009660865644562845,0.9057032171288197,0.7420152035573413,-0.002525427906096958,0.891325803501762,0.9198203050487221,0.02859975798723943
621,0.7532430435657951,0.8825197327073087,0.007952783748979668,0.13302108866180312,0.8966680066982992,1.1279877393449504,0.014060583106906494,0.1339777479414466,0.9649840792882625,1.3806101863951468,-0.02555565634396741,0.1027310808375439,0.8785112861732771,0.935853217443629,0.014686986427738151,0.6871887752890831,0.8462457653839197,0.006597946460135244,0.8234227844594274,1.029288628116569,0.07053884202402545,0.9077769755277059,1.1382749730287718,0.004436709519249714
622,0.7510901150529178,0.6296335238139414,0.01255131675505546,0.13443744659256596,0.892322231234385,0.7273947897141324,0.01998909735569876,0.132525852751704,0.9634537002979575,0.8137618692795044,0.019516150698770114,0.07622341429602965,0.8845169380164462,0.7926884163251704,0.01392641689702724,0.6807811599534261,0.5505452311042252,0.01162907268732645,0.8451905426507091,0.8214291326674852,0.004572344100253844,0.8992488321982043,0.7194570772621754,0.021626758650660723
623,0.752513105815696,0.7912329470440553,0.014481640604672778,0.13139056201033486,0.8817198968889579,0.9233982209633235,0.019958458428265775,0.13005745156875967,0.9534649327399312,0.9518520716438594,0.030750220326890832,0.07729946629401185,0.871014668962341,0.9048158580578873,0.010793784129988057,0.6884069046785599,0.7300320813040703,0.01473769182859374,0.7514089755046843,0.7588475559490707,0.017472895448050904,0.8971217530330472,0.9454806060448663,0.022109562790082957
624,0.7484959395247011,0.770916131926114,0.007658909379338116,0.13203295303881105,0.8739481681212435,0.9871672264143508,-0.011437074372464823,0.13654443092119337,0.9600101943429988,1.0479937433498283,-0.0064868100248091235,0.06845813582390047,0.8663822817709176,0.8705186348476758,0.014135341326293117,0.684797933580946,0.7134189316696096,0.006229258030948395,0.7440949566926379,0.7927578750853813,0.03266689961829558,0.8899368288503938,1.0095638717181248,-0.01791129202222319
625,0.7252741995130685,0.7540303739250721,0.005602066607969518,0.13922736510500844,0.8063727208830554,0.9368205539698692,-0.007165428372742565,0.17240804380530564,0.9584358865348455,0.9063313128058677,-0.013440904490382877,0.06972762856990601,0.864474062866874,0.9166418960214002,-0.014669063900691177,0.6531990715860797,0.6772155292501,0.00877774049970074,0.7124098080976929,1.0107043120860741,0.010540230693341224,0.8183019418367556,0.9287655713081406,-0.010864542318599823
626,0.7638356505495293,0.7528238087443375,0.008771160979880009,0.12651631302849922,0.9179246169624844,0.8774651298023655,0.005152543674004814,0.10597014590282561,0.9629039856093464,0.8754016265676313,-0.005444160237690634,0.06626687997317622,0.8817359824963187,0.8961046334548974,0.006206585721252686,0.6997446898172209,0.6792266043750078,0.008813067328369058,0.9253027541672054,0.9279255309202494,-0.01425445380467438,0.917453792086227,0.8741792480729046,0.007902687040412696
627,0.7707744115133158,0.822755729925464,0.00713001771042325,0.1262850190177382,0.8929624715708053,0.9896665304399829,0.027865992038186564,0.12842243330926748,0.9804035417627941,0.928433543343018,0.01220622704791667,0.0489727358717987,0.8774574649179704,0.9043521690831456,0.017618795930265312,0.7131603462757605,0.7732082139436968,0.004986594689099479,0.7164407332772823,0.7475497538744102,0.09827661753706307,0.9182172261047138,1.0189210268186333,0.01621020515119281
628,0.7580861322929482,0.7785872288603991,-0.0005183069045482481,0.12941081579694955,0.899315783571371,0.8664868010483626,0.0013849304236220644,0.11839999998513012,0.9474976450705128,1.0081164431618161,-0.002397580968282668,0.07639928695576768,0.8739238743282979,0.9095415885454471,0.004404800443247577,0.6953521035909596,0.7079907489029491,-0.0015219184862292187,0.8752730941415666,0.7340596226809069,-0.02897777991328015,0.9062894312253957,0.8910019654722025,0.008373558429374938
629,0.7857784640009864,0.7877816650930816,0.004947020948015492,0.12083721631878563,0.9269034449554701,0.946740893065689,-0.00312755937691487,0.10052416223789777,0.972120370497108,0.9865075202742992,-0.008264012865807118,0.05533462451868227,0.8853294557512194,0.8799746380703819,0.009780005155533634,0.7311437866332771,0.7354484530117789,0.0038765242038941564,0.9248657332243532,0.8681405662629935,0.038517036754154854,0.9289175943026537,0.9540670627287285,-0.009911981996494542
630,0.7304400645130333,0.7064513031369428,0.009082901409933323,0.1375965215158722,0.8900109864664332,0.859169743948228,0.0014542645782985352,0.1234774638511654,0.9442630562870433,0.9450356559563349,-0.01987863096630584,0.08025795612017184,0.8595181575745613,0.8515328793210133,0.014456185640511389,0.661630864725516,0.6308979093725644,0.0076704725066774814,0.8874641574755455,0.9718816283660638,0.0332505601428367,0.8927066992712813,0.8465550043048632,-0.004885528632571914
631,0.7909003493134246,0.7659352970362594,-0.004937511310158924,0.11989969474593876,0.9207414081852945,0.8822483226757468,-0.011003085619103462,0.10637885144430403,0.9775266611544067,0.979298496810879,-0.015445507538046261,0.05142012120953604,0.8835016309701413,0.864374687462084,-0.0035517859629710163,0.7395047557260729,0.712069863279724,-0.005199602523543583,0.879699351627786,0.8752022451067841,-0.017036830086698675,0.9252285119202202,0.8837412207030536,-0.009889623731954077
632,0.7729314592575285,0.7627821492888323,0.0020280808722165913,0.12502906634791935,0.8844731326717008,0.8865733871184004,-0.0031217500198708827,0.1273792144436326,0.9723521310757816,0.8595151019248309,0.008273333882167548,0.062372859791817975,0.8701462467525797,0.8659193946408763,-0.008503792662081908,0.7200132684949095,0.7106428857474887,0.003801207703842404,0.7274898418438662,0.6998085492692735,-0.024281439268017867,0.9058817396823745,0.9166830997905964,0.002958429390669427
633,0.7767084301014209,0.8531260735453876,-0.0038645463567956216,0.12486163091843468,0.9175474468919376,1.0221130512304883,-0.026914823210718173,0.11331784602466419,0.9680542943522157,1.0202840561429727,-0.014069924102192984,0.0613984486244321,0.8863420149103705,0.9155598700343994,0.00048599248443153615,0.7178728961931323,0.8141072619813956,-0.004631959946238616,0.9042632676492733,0.8825437579058444,-0.028036143043756116,0.9201882580936137,1.0421329605215288,-0.025309527356017908
634,0.7701545930719196,0.7836081296075685,0.00018582798128593923,0.12586872782652275,0.903350500631596,0.956175160127781,-0.013327681942161152,0.11784867862538058,0.9573107020160003,0.8557855581422839,-0.012644060246719933,0.07361244064657799,0.8892200981227506,0.8931970897910662,-0.00014967685104728926,0.7061150609563939,0.7235620058241813,0.00014650927413848745,0.8775249641802142,0.9741582646342276,0.0031386160135502906,0.9062875120099659,0.9529803615131558,-0.016326788144277793
635,0.7675146566363623,0.6941956238488166,0.012659388944447073,0.1279888635967802,0.9056513535668929,0.814659948927805,0.008228894621581202,0.11766500116075027,0.940371819816991,0.9344533703417662,0.0019450677133420575,0.08061247274092492,0.8910874836603773,0.8407496059820322,0.02205857991101594,0.7022086608660549,0.6188977460332835,0.010389917378955688,0.794818654323869,0.7439165838207035,0.041126998901257115,0.919276068893637,0.8207710629612653,0.0030205518249122533
636,0.7458855841584001,0.675435472313168,0.01641336584636443,0.1339640744636983,0.8508132762739367,0.7804922363701765,0.03397171728236475,0.14968003709811614,0.8779573147019423,0.7005888472872847,0.0002751338211814416,0.12628266873417537,0.8842170911928476,0.8513904619049355,0.013320971062751217,0.6733790758279179,0.5911913200619106,0.016140757199163386,0.9163307916722347,0.8555375738816028,0.061105792964697175,0.8445188095790598,0.7711157975834484,0.02875954268949674
637,0.7607151856355479,0.820042112413151,0.006915826693825441,0.1292859432303215,0.8903559825601317,0.9438274020831692,0.005256176188035998,0.12456643345902814,0.9263750723962652,0.8655959953865323,-0.021260025589191663,0.09438916546579466,0.8753825040015025,1.0097937323610822,0.002865542197477203,0.700431977849561,0.7296953918810203,0.00706411958323279,0.8032126459862977,1.1000246767316213,0.05865855518480784,0.9073203164669038,0.931324841519492,-0.00481550101488494
638,0.7715483604508679,0.761957524872071,0.012190536247391089,0.12504716728042362,0.8976345947323625,0.8774264516627985,0.019527881791787903,0.11986101258871748,0.9563617520165407,0.9412118792123593,0.01293447461400994,0.06956809921606233,0.8830956749196225,0.9056146085301279,0.00019663849434328154,0.7116610628228266,0.6920921440352407,0.013824452326654517,0.8213682114325589,0.9659850688111753,0.04305749736383297,0.9089455971931342,0.8677128196614406,0.014816827431943042
639,0.7452182671663823,0.7655342569329816,0.006773312500085143,0.13356941976566133,0.8916713455712262,0.9240185029686424,-0.0006290868882996651,0.12357425794800714,0.9664795821107389,1.0773973541511213,0.00960496785284156,0.06589820371004185,0.8632095087880336,0.8497550065617826,0.01673395714090859,0.6822610353765792,0.7147212113445437,0.004750201142986978,0.7679479358706112,0.5915223383542001,0.015786943773008422,0.9108802515757481,0.9784468007074442,-0.0004949938368670983
640,0.766426351641988,0.7722576393678164,0.004102993502174971,0.1260228331506267,0.8764904343640219,0.9340935753848997,-0.0066354088745182544,0.13116012463221255,0.9813948475357008,0.8509223608821607,-0.01215280158060949,0.056581649989089294,0.8737128344544806,0.9082753338007676,-0.0002808189361926948,0.7081716472858424,0.7031081956346956,0.004634736831307748,0.7424430721078903,1.0313644666666772,0.032315114244084994,0.8971532291181363,0.9249382233045301,-0.014068948166759573
641,0.7735524540973332,0.7635678462803247,0.015154632407687411,0.1250274337694333,0.9219525775954015,0.8991243749619535,0.019365503845839526,0.10524671506845029,0.9653455017615903,0.9147507908860478,0.016668385193108596,0.06503042246562024,0.8864093723433247,0.8757090204442126,0.013833863938691416,0.7126794451542543,0.7039020479747913,0.014930333429021562,0.9047350609273473,0.8375175694610862,-0.00035170463233636935,0.9248715894838427,0.9097755433003532,0.02350237497840792
642,0.7408824580988335,0.7392859438238119,0.005184789740133847,0.13432299618114046,0.8970196892693804,0.8545858158641996,-0.024793257382250154,0.12488452957378075,0.9715700926939272,1.0127783637508494,-0.03180011961602618,0.06414745979260067,0.8771028600619826,0.9002757313240788,0.005841021533173504,0.6692517704419253,0.6579291325127449,0.004669817314478984,0.8496457503099406,0.828416847514991,-0.0069288820305857075,0.9021460544050334,0.856184596601166,-0.027625856092684777
643,0.7724969828806284,0.865117179524709,0.005364259918247904,0.1262377911642628,0.923266503021722,1.0178466237294035,0.00930924597342849,0.10573213744067674,0.9590764686257955,1.122825077166223,0.0019031826363651882,0.07562684767881722,0.8808376185852824,0.9666093692888696,3.6227865313784728e-06,0.7135986435849734,0.8099280823728704,0.0061871633169046595,0.8623055133205287,1.0645592689804244,0.002224799361436894,0.9304256017271012,1.0137600954416477,0.010092563929019957
644,0.7674604394554134,0.8245968655997736,-0.0048345985827829745,0.12675224238197794,0.8918351786868477,0.9676726737166294,-0.01661787345288458,0.12490301695398075,0.9601865624512723,0.8796077205908499,-0.02720789688384719,0.07464777215216913,0.8896898199035641,0.9619865999630898,-0.01144546042918444,0.7014864855105348,0.7528704414500019,-0.0036429248351301123,0.8605638162258659,0.9441891210425466,0.007847758691602232,0.8954518938649353,0.9686088283169388,-0.02066606842880961
645,0.7634375649330614,0.7801446340797992,0.005803705443352648,0.12786259292974975,0.9133482557447826,0.9272000477592646,-0.006391625962814137,0.10986403857434206,0.9724315307473612,1.1216202239156163,-0.017307673223971545,0.0651256030632215,0.8937990934041486,0.9056007165287884,0.0057216483458492175,0.6939891483408651,0.7124215142055188,0.005568446387813347,0.8120574472270224,0.7807429555992299,0.005818686350753919,0.924890292770318,0.9451061604968205,-0.007127006361308166
646,0.7576798841145694,0.8431974883980293,-0.002154366566795923,0.13067861008436688,0.896631333927888,0.9949528723263994,-0.010921913194022269,0.12308503758126654,0.9602891503375885,1.1271870018407733,-0.01137241420848036,0.07515793709735377,0.8786140064648263,0.940220924665782,-0.004747590620332547,0.6928638987818853,0.7883370726837963,-0.0016660357276996457,0.7927648955768343,0.7513074287633862,-0.014448183666786551,0.9112758733198998,1.0332912046489926,-0.007734407547039799
647,0.7593722964249627,0.7811099707566108,-0.0013549952732405802,0.12974616819124654,0.890871867436109,0.9909161001815078,-0.029987001099360113,0.13034445807205008,0.928236825269523,0.820304211438325,-0.011965436049484296,0.0946841112726049,0.8849200205058552,0.8847320569316385,-0.012942407392804643,0.6937250326676261,0.727537762091007,0.000699265937393431,0.8929475612400669,0.8991831341911342,-0.046169013457919045,0.8920114452237907,1.0054863089943968,-0.026163908933940487
648,0.7356742228623865,0.7579248497085578,0.005788410637371181,0.13584468664230404,0.8684507601544158,0.9408711281004748,0.010852184579826974,0.1377186408406411,0.936019349636784,0.9736984188410877,-0.0070108645797475845,0.08397334556441653,0.8588854738012427,0.8671522249631418,0.011497019756121992,0.6698534616779369,0.6964575793546878,0.004514217552485891,0.8232029522078755,0.872274389972936,0.05092960313245438,0.874485776331122,0.946904404298537,0.004211798614511855
649,0.763818106779788,0.7452901903287498,0.00527351592218381,0.12778440829319992,0.89654535665317,0.8691091177619842,0.021715757396078172,0.12155743119665688,0.9483879789007303,0.8085673958957986,0.019187153616000218,0.08611083630203653,0.8841738712217494,0.8826092601092602,-0.002559210613538386,0.6993571942485494,0.6762566576492532,0.0063659676372619005,0.8381469263749926,0.9093558615593773,0.039177688873356924,0.9038077485162289,0.8637292138780075,0.01835982365480797
650,0.7624170039197493,0.6836716896763286,0.0047219283663377356,0.12971607674397098,0.868470557550568,0.7583863794046573,0.018179197445414838,0.1410353964236972,0.9296357599307582,0.7903822046682762,-0.013597693121095294,0.09643066126856042,0.8902566863676327,0.8545097411155024,-0.0023953726470027407,0.6955118676124917,0.6031597700400653,0.005485299530476136,0.8564811851080393,0.886571746387962,0.04589265886816351,0.8724562085331667,0.7452395177578368,0.012428160515693702
651,0.7693924738155754,0.7571711128033836,0.0023692653977648204,0.1258472018232455,0.8801374105662172,0.9232411908128632,-0.029116388097396164,0.1343883978070065,0.949964641291651,0.9657180768058873,-0.015467934728513816,0.07538201404611891,0.8893478134005216,0.89231226514194,-0.0016157707032434332,0.7051965447694992,0.6879315102267481,0.0028748089266005185,0.750354543895752,0.7005793978253362,0.009006923904120303,0.8959847884500813,0.9512696939045552,-0.0341278615998536
652,0.7692289371539484,0.7804191280252072,-0.0036149449098897973,0.12657696291178647,0.9052572944045254,0.922857384486076,0.012488600368314248,0.11537211222783013,0.9736403480333125,0.9346630545918143,-0.010556893665298016,0.05515581433176712,0.8769791727917337,0.8672846882949989,0.0008320911635366813,0.7107868307185286,0.7301408984872193,-0.0044312490221605815,0.821308181673771,0.8318530781066572,0.04027161963461536,0.9150847378696667,0.9318678760499881,0.008238120383349862
653,0.7827982998613268,0.8079366900585327,0.004199976159393921,0.12192353570426315,0.9187967322973181,0.950688114273356,0.0009940255468271098,0.1062638734478714,0.9760238825951901,1.0399042555677083,-0.013414439347260004,0.05440732522726237,0.8782564416297168,0.9059570781130472,0.019768281441365144,0.730993668284087,0.7507776624558091,0.0011183493076881866,0.8568387737486324,0.884917730637633,0.06583529974810816,0.9303760400530693,0.9573467189909316,-0.010196354392588857
654,0.757449838393444,0.7818717276193838,0.005301856745434221,0.12977726994975228,0.8764389589564481,0.8935210249900718,0.015276539871903997,0.13308284291259737,0.9611484563493549,1.1270758297017216,0.00928433977496569,0.07476856977190194,0.8702900413820073,0.8857194828371264,0.005482249135451587,0.69667767792293,0.7249283428323304,0.005057886550846039,0.7701071427813276,0.7889661371147816,-0.002156558905557941,0.8895558896046184,0.90938670858276,0.01955529090416905
655,0.7463510648457059,0.6860528666926896,0.0146010214971803,0.13381832202806554,0.8555771144051874,0.7356229071020898,0.01995154309760907,0.14854207028680674,0.9632506411093579,0.9569074555151972,-0.010376684194713555,0.06364028819983121,0.8676823928853229,0.8565743462398051,0.01766265618995472,0.6821746379669101,0.6032519001202943,0.01329902765862415,0.8098566318477306,0.8426343522840622,0.04436539717066443,0.8633529073629395,0.7244051365565369,0.014896805413063943
656,0.7597196724038168,0.78562507406747,0.008810594228465193,0.12887710278272846,0.9067953679676766,0.9340793850980568,0.003802464568452915,0.11359907492916264,0.9636925067725977,1.0403584053664108,0.007048482402512733,0.06527567135514124,0.8783893767992564,0.9089209855386078,0.011071454086130566,0.695577566377613,0.7187548356722849,0.008078001107700449,0.884999663378583,0.9093415076174923,0.011386110972937607,0.9088695274821367,0.936234547518669,0.0027101521937686365
657,0.7365672437776835,0.7906983712304233,0.013911054811494955,0.13670339531755293,0.8783115836407878,1.0015257261466133,0.017315777504607215,0.13597691564707293,0.9583048907027486,0.952884627638669,0.022346111255199596,0.07099521099663444,0.8639584099784557,0.974411199058431,0.005376123956918476,0.6696074030422262,0.7029005080840974,0.014695448122564236,0.8680866506293561,1.2832060536982746,0.06408670393698271,0.8862729676654726,0.9791437729237199,0.007884407518747796
658,0.7603800051619299,0.826996997939703,0.014649088993586546,0.12924142947145584,0.9319996213925141,1.0577933378929858,0.018810596832148634,0.10320898715026201,0.9583811243605016,1.082380367404465,0.013719439605857926,0.07273948988995843,0.894165813072726,0.9714251466982834,0.007610582878422221,0.6894095035092066,0.7523779470178914,0.015324939024879325,0.917393602441675,0.9896683260787908,0.023664770312392266,0.9335185893467792,1.0656778027902556,0.01853150696903373
659,0.7561382295915232,0.8229876426507241,0.013240468196068778,0.12995800377721362,0.9007414292518638,0.9812388844255193,-0.0021630820013835597,0.11843892816531726,0.9724757278489063,1.0463686647626416,0.00313402034835733,0.056941368820147845,0.8727773892164972,0.917559215453591,0.004890800141365568,0.6934429817237218,0.7720069033143753,0.014460792046746855,0.8345798419466433,0.8153530612416888,-0.015459511165663572,0.9100594471596478,1.0073789382978566,0.002102415424106089
660,0.760581403445113,0.751688699971889,0.01448503420122644,0.12837664260790835,0.8977410089830026,0.8794842415296171,0.02895608201439298,0.12183823697828694,0.9554772387813518,0.8839477037363819,-0.0026641759552004573,0.0710174492446203,0.886954458453575,0.8754436423010551,0.024112243312912927,0.693216524242988,0.6833467107022484,0.012245512581446343,0.8841136262386521,0.8334039275296599,0.058855926029938596,0.8998024115451857,0.882952185122076,0.02402201307671138
661,0.778143635130172,0.7970529760409064,0.006339506629729979,0.12333188321114447,0.9331258261303398,0.9597906473924753,-0.013993882887173242,0.0973157254283685,0.9632544710298501,0.9070443521461273,-0.00033703592547059167,0.06429358333220936,0.8903069702494282,0.9429060058317632,0.0033084707197833865,0.7176286117578801,0.7229772263515557,0.006511796419564091,0.8808479467808161,1.0682711214849112,0.004455814962304076,0.9411071922456324,0.9481293925011107,-0.01810308605123637
662,0.7323723603417811,0.6917964455819311,0.010895999390901771,0.1374210309414602,0.8221992613375684,0.7825955472428242,0.0014128078874172212,0.16136379611438664,0.8707834868152656,0.674739835577278,-0.020764220221613665,0.13527588073248026,0.882279061977589,0.8760663340578193,0.00952049634269455,0.6543794565547068,0.602542122322283,0.01047228565664581,0.8381741753429409,0.8168438144777141,0.03497161298936741,0.821218722579546,0.7771073757507646,-0.004680504820650477
663,0.7809204906538693,0.8894144526264869,-0.0012545234045002092,0.12467042725889584,0.9185941112801634,1.1156683304721167,-0.019754843144039736,0.11738150181877617,0.982242489024753,1.1621494027249513,-0.0336978819361763,0.06562379498549228,0.8900628829243107,0.9686807168011481,0.0032676009483834528,0.7217012794189772,0.8413722243261927,-0.0021087258270663027,0.8641997833677845,1.073874753530835,0.03316791395567059,0.9272790511368487,1.118680927127502,-0.02880631820569717
664,0.7694895241046743,0.8441786207118638,0.008099629502170046,0.12705038643469377,0.9126433321960237,1.0452442824285437,-0.0004525801213584464,0.11529105308525403,0.9443685299496354,1.044362925636269,-0.007636076466548761,0.08165999633336846,0.8786806494155968,0.892498421788533,0.022026629603985153,0.7118035092883873,0.8103660791451033,0.005328011729092103,0.9058008603498954,1.017388717287965,0.02443474871443043,0.9136225306186372,1.046577723048409,-0.004577260359127949
665,0.7718936906225095,0.7080349575599422,0.0030975557811596614,0.12623301439932164,0.9141527138412078,0.8237922605366915,0.006165384473248605,0.112071720493022,0.9773046724635402,0.854361241111203,0.016181890822169285,0.060814954741466185,0.8747778632142444,0.833448299692541,0.00792361337936815,0.7161360682546637,0.6426750402152435,0.001955891832007714,0.7802876108143822,0.7196466509353845,0.03309483307796591,0.9297708824269542,0.8340993753437136,0.00230902823733429
666,0.7767863944446204,0.7323524129962546,0.009199111274623839,0.1240872920370063,0.9363542564663041,0.8376692233167337,0.010591456548286624,0.09755327391964082,0.9746609659776502,0.8548129957842061,0.013922484343426026,0.06195123155137082,0.8946856411730023,0.8557894040781782,0.0038222923466498626,0.7135050114616663,0.6690113821535597,0.009811685139908875,0.9181634487596546,0.7641186037241889,0.013399051040720658,0.9384567158641712,0.8466392770811659,0.0108316954560775
667,0.7662484541774397,0.7306781787299783,0.0045293356401698666,0.12707786985927988,0.9132295270729115,0.836690144855636,-0.0056603175181301835,0.11251274144144953,0.9433471168188817,0.946592884128294,-0.0006560549930026758,0.07837835628122831,0.8857573967869493,0.8364786285408453,0.0029856459508568124,0.7020713094953964,0.6735056381170688,0.00461554130889369,0.8996427931350172,0.7433192687623198,-0.027442199460213135,0.9168937310290209,0.8521167344281331,-0.0007580196546207066
668,0.7526121889364125,0.7920479618281543,-0.0026454165156650344,0.1313873480109538,0.872375254668643,0.9451157693322364,-0.023506664533790664,0.1376308247066634,0.9484804610584989,1.0042262431154418,0.004951640615366585,0.07611397740896501,0.8574773408737963,0.862474238959035,-0.004732676426583144,0.6957070519256904,0.7514684590642369,-0.002239784703250351,0.7495873906215733,0.7894760460022976,-0.04869759469178492,0.8890382641654377,0.9709828371366008,-0.01713355729026229
669,0.7447058724260572,0.8459440540825475,0.014825859273099663,0.13469947874271215,0.9000349230872738,1.053745156038538,-0.001792520041923462,0.12343871369174872,0.9582960912781936,1.0857709440964147,0.01081916951041803,0.07305768696260756,0.8800406538054855,0.9763812613549054,0.006407467171386913,0.6726759806706497,0.7764953093517099,0.01587706457804256,0.891256942185183,1.041269966258768,-0.0037344658862441316,0.9007188557436009,1.055429890870457,-0.0013436011958554586
670,0.7747472869851292,0.7660067919621656,0.014892302472305104,0.12443818226486864,0.8941585205226588,0.8639706072074529,0.031874397514902196,0.12482279790104082,0.9354541125700016,0.8810252726025813,0.0033498273309461443,0.08521468827721304,0.8884768614939722,0.9082704019203544,0.02883709373750088,0.7144298411257377,0.6905415485161284,0.011792707591709979,0.8916828698865618,0.8075021528327193,0.04100913309754047,0.8943460524631252,0.8700355283606873,0.030729977817820598
671,0.7737895169212298,0.8222410283748962,-0.003956022882358633,0.1248143998126698,0.8988055021274046,0.9740757519621326,-0.01523039882619923,0.12057068309060881,0.9478330503945135,0.9664270247562814,0.0008775831812080298,0.07498772478028762,0.8821268063857727,0.9129774373605332,-0.008805373645119668,0.714559942370159,0.771909052034428,-0.0030274184907057708,0.8403248203708938,0.7740680979266213,-0.022171698446817812,0.9078431195833458,1.0051829298160309,-0.011798298015070324
672,0.773474875561416,0.7498673043112942,0.005062860083462816,0.12483353186856035,0.9102748572839057,0.9233039394905851,0.0020558822505600746,0.11170653583700917,0.9475884310337866,1.0145809762621003,0.007645030032481831,0.07766741560277249,0.8847378217087603,0.8559319581609515,-0.000654482283219177,0.7134331039213099,0.6941769003512269,0.005894965005114867,0.8877758875643967,1.014470519002111,-0.030190609971597355,0.9142155115759771,0.9179223157456899,0.006454443814377468
673,0.7626749789511841,0.687866404230788,0.0027478395946799673,0.12969133673335675,0.8902554542173096,0.7594701607216761,0.008172737839764962,0.13045956077947243,0.9650988178285637,0.9345927776051883,-0.022510822958631462,0.0662319259908133,0.8847163816184425,0.867075620466743,0.007811885530847594,0.6995852921029849,0.6024060413397467,0.0014464253750498136,0.8300012860439658,0.7832091145573365,0.04374980758583361,0.8991794225074543,0.7555825342664098,0.0017965883329837235
674,0.7523742423413702,0.6846115191463557,0.018825341078241596,0.13264797345991686,0.8803591491503548,0.7797350029793605,0.0307958331137126,0.13524532411196155,0.949143004775685,0.7830362785469945,0.018703488509153373,0.08847790595436154,0.8793424156804157,0.8750260226810553,0.022065047458228595,0.6869923941291353,0.5957909300401182,0.017246014155869606,0.8650950089880801,0.959612571367231,0.08745032708151354,0.8902439400988195,0.7645098593179617,0.020233954847180158
675,0.7543072567374102,0.8269129598166325,-0.009873157909786849,0.1324769243897821,0.8962787578357567,0.9844540062318706,-0.03505270510523983,0.12735131727720994,0.957864014815247,1.0916097055954537,-0.03164255546536719,0.07928882693268648,0.8713049820090601,0.9285237306013169,-0.019276244979230223,0.6916536239816997,0.7726043990706791,-0.008011713939330749,0.8827048224164522,0.9352151889521164,-0.053156068848688086,0.8984811562891786,0.9933071656542549,-0.03140503687189687
676,0.7647571955084012,0.7710198255074148,0.011446747222713239,0.12741829549242473,0.8892114410111392,0.9028524691523545,0.012276101437594297,0.12496246664201552,0.9530003429846263,0.932593300677416,-0.0001724193215462566,0.07157212160899068,0.8777913177302692,0.9267993979238616,0.00866032785466425,0.7038862645639627,0.6933177873380402,0.01139521944236864,0.8251701411885489,0.9697354950381454,0.017092348373108596,0.8972729286838993,0.8956415780890584,0.010841194033574308
677,0.7575310453514172,0.722940704780221,0.0003228054110926969,0.1300236749318836,0.9022472180334152,0.8360910847039155,-0.0178580105807926,0.12116999159022769,0.9639208563112021,0.8481013586144572,-0.006817926303451022,0.0692311293832054,0.8813566964733186,0.8813776386344601,-0.005927957949110549,0.6917529233648059,0.6454365133041803,0.0011626993262863572,0.9353041325007251,0.8729837299949511,-0.05736354365956444,0.9008675865915674,0.8375091980792565,-0.011683260847326635
678,0.7470066920412836,0.6790709313075709,0.009763974527639194,0.13227062374449278,0.8894074361418837,0.808262361630425,-0.0005479654645134811,0.12527696532710883,0.981283647434635,0.9734121428316115,-0.0041900273453855585,0.044929854159359316,0.8441940030894785,0.7772456816797833,0.012372740859804832,0.6928310026076576,0.6255416326056554,0.008986878732409552,0.8194105959006173,0.6369059621702996,-0.009309698905014433,0.8991602157753181,0.8330085819327714,0.0029142277176583504
679,0.7689560509722472,0.7336373786194713,0.007676093313413229,0.12632207067454776,0.9037385117762035,0.7641868415940358,0.019454145061593445,0.12393219433028506,0.9759408077868211,0.9201641531991017,0.0031684151524032154,0.05253966914234321,0.8823585299246812,0.8935824275056563,0.01858390462391161,0.7092945770782066,0.6529287987225025,0.005205848200057848,0.878390060767832,0.6592103632340622,0.03449003126669785,0.9069441781279085,0.7764206575143122,0.01773539832842061
680,0.7730821240782971,0.7842394304137854,0.009392704864387893,0.12489407712120472,0.9064143370078384,0.9156745067494502,0.004137320444892773,0.1139542500426665,0.9668215029795942,1.2200234914864154,0.00763320684762387,0.07932322289213617,0.8891402971278677,0.8625376499607824,0.019629482504423906,0.711157010387216,0.7363186986902265,0.0072519963231889965,0.8590490140822167,0.7680928921285984,0.044021164177715476,0.913241197922469,0.9324661663253436,-0.0019597084697817457
681,0.7617058715582166,0.6983847951658164,0.013380458923770149,0.12900967950654904,0.9188753038004593,0.8432301907665226,0.0127469003515504,0.10810081284432456,0.9609218942719713,0.9558274750972763,0.007946042954189991,0.0653334062656093,0.8820248452075201,0.8409095418140686,0.011442909395419082,0.6969996946849908,0.6265641239784147,0.013163525864971368,0.912633992253315,0.9360283388771994,0.033924802817633784,0.920956469777137,0.832641227969374,0.008362952956568687
682,0.7706897943924282,0.8025325291927734,0.001319144466343467,0.12589606277551554,0.9176929148314269,0.8802387387467447,-0.012901824879779512,0.1086620667380555,0.9636647451575768,1.0915165808661773,-0.006974346557248621,0.0688812614386324,0.8858389082266345,0.9243311469610044,0.01014717637800543,0.7087270021191022,0.7349475486375499,-0.00045249870227428437,0.8478142212637935,0.7639241109909839,0.019625052403133177,0.9261583045508927,0.89264455199862,-0.017638394764613593
683,0.7730405760253429,0.816679690997416,0.0020810693693741186,0.12553714907702207,0.9048772079537655,0.9857729109722835,-0.007841109549353607,0.11757754674114082,0.9573688761543727,1.0993540284096437,-0.024984368711980266,0.07887922675347558,0.888749801420753,0.9056142643247844,0.009220098638166096,0.7109825293266834,0.7639622614783588,0.0006391854673708082,0.8587182840385594,0.8536168590984666,0.022777584983441627,0.910582083964677,1.0004036590164476,-0.012213849369757503
684,0.7641983062926739,0.786910765231174,0.0032900499021928957,0.12790312300356205,0.9137273613198145,0.9498813203975985,-0.014151716253798022,0.11118906162009265,0.952981710714905,0.9618914123040165,-0.017309234871477768,0.07358005581952974,0.8685923014314166,0.871356752684659,-0.004270452848528733,0.7078718360347632,0.7418156189145109,0.004570427083681208,0.8213577147887575,0.8348142924910971,-0.0323215885589911,0.9254319745403227,0.9675563006932348,-0.00966086461356484
685,0.7528441895065241,0.6907680129528829,0.013493005012262417,0.131846334512547,0.9061945675184568,0.8312329178893877,0.01738517703178536,0.11648465489185537,0.941148612627304,0.9048042534129747,0.019045242065143464,0.08299499240189881,0.8678343117423062,0.8127387065443213,0.01820275838363332,0.6905005632844977,0.6259555127401204,0.012163630332674964,0.858344696169439,0.7692597136079881,0.03897206370199931,0.9115147697222269,0.8369519646117494,0.014108244433692525
686,0.7387787244849553,0.6263538784050794,0.010021913287321655,0.1372109425068927,0.8623277021889159,0.7155146271120154,0.0015142537918903614,0.1460844929279843,0.9622503464900561,0.7440986515274967,0.002302093972987818,0.0855620551627597,0.8648933230608746,0.787186342250798,0.017513738689208896,0.6717628282972703,0.5466986556493404,0.008142550706955028,0.7507844113671825,0.7548038803688315,0.020028878598656742,0.8774268578656652,0.7104175024294084,-0.002064338651800948
687,0.7372600339398577,0.7652792782418734,0.014866328812213848,0.13582864065692887,0.8622836394289259,0.8677754469541912,0.041397694250759634,0.14462199403093612,0.9321434687489759,1.0675386187539067,0.021729571227583885,0.09396641742493438,0.8793413787217745,0.9228063224037218,0.017401611720658454,0.662795679639432,0.6836464832712272,0.013845455876157412,0.8719461802178636,0.9054099952487039,0.05279054463511484,0.8610090465685472,0.8628506721584858,0.03913489227516156
688,0.7551774737103314,0.6409624192838225,0.01312303974370468,0.13276069580557054,0.8854861422284861,0.7311167593007564,0.02560689745021406,0.13597455043779305,0.9651702654812226,0.7579482753789932,0.017003925414751844,0.08404022941906204,0.8836631113525678,0.7975074690988365,0.010868328195220597,0.6870374598446806,0.5649823109147966,0.012867265975120923,0.8806892648902733,0.8649500495206636,0.0186381198682675,0.88725982424376,0.7187907394276647,0.025462973376508723
689,0.7672245327462294,0.7576539869314155,0.01494458463750399,0.1269349752713965,0.881519873298536,0.8783590094958024,0.005387453051719488,0.12879831593717309,0.9671876485231333,0.9026604749318834,0.03225668201766093,0.07014684769800031,0.884296719598865,0.8510418921547168,0.016070664165358958,0.7042128274703424,0.7051464385526087,0.014375123752098654,0.8838572483846483,0.8074419231969735,-0.04330847441874592,0.8868252530416523,0.8974804554784219,0.01475789666554915
690,0.714865384982756,0.6047025014694639,0.021476087744900094,0.14529768193096032,0.8091588048701548,0.6271737526563405,0.038550577776418515,0.17947894457475339,0.9415874259749547,0.9096213539595407,0.011017603210678554,0.08096128273661767,0.8599073527893807,0.7864696014695455,0.03480725652943971,0.6401539382033433,0.5172399895875676,0.018074691700879802,0.6643076235216369,0.6327071226903137,0.04559918457390694,0.8284376245896293,0.6260102707298704,0.037265632838125506
691,0.7598122362297763,0.6951822803820757,0.014502104025934177,0.13003269064382694,0.8857467307795903,0.7879275187912205,0.004190694042783938,0.13065938019663353,0.9483887024377666,0.8577186244293977,0.0024468545855819797,0.07810333607088035,0.888397650867996,0.8273023800468463,0.016909285007003505,0.6913332790847435,0.626265773070232,0.013536607284027608,0.860019952949838,0.8675170320351666,-0.003111158216598474,0.8890652320323845,0.7803822017805384,0.0045790575947489065
692,0.7411426915535525,0.7588430928624335,0.00362230935261981,0.1341698571714163,0.8877105316669613,0.8795918026682978,-0.028614486524779013,0.12971072880274068,0.9533047390157505,1.0704276005898705,-0.033903343287699304,0.08224933894300983,0.85779239522745,0.8624275336040683,0.014985210954476727,0.6782104755242617,0.6986744071684013,0.0013778351799692942,0.753583392891731,0.6542428229340113,-0.021683414743753265,0.9046293115944389,0.9121013984840164,-0.02742882935176891
693,0.7467781696039569,0.7261861087211203,-0.003594554835155467,0.1334059058739517,0.8883571536084535,0.9548948525947409,-0.021829085035647726,0.1286381694998853,0.8951695973179844,0.8582267508692175,-0.021028962397352812,0.11087435235546303,0.8813627397355912,0.8449225815085771,0.008378528001473222,0.6759509134766645,0.6592263458366626,-0.005786942503859112,0.8450031834988037,0.751859530124689,0.0348500328201833,0.896701594920067,0.9804326574078165,-0.030693169708847137
694,0.7570652933851065,0.8499211606937284,0.008621425176397713,0.13085808881615832,0.8979949723270036,0.9714452187073476,-0.0036917456416206865,0.12042454969655211,0.9451862917431676,1.0807885443355076,0.003197383453694896,0.08246095296180975,0.8780307946127786,0.9296719450141412,0.02138381456022235,0.6925284664108224,0.7990386599499598,0.006063275795533764,0.8327143887734199,0.8255566190398697,-0.008244248838181945,0.906041812607723,0.9918593615442135,-0.0013856061944563889
695,0.7413836225732677,0.6370326619482625,0.003243561965010029,0.13754729324006243,0.8826249556653024,0.7550814399646283,-0.02557838959706216,0.1403252799103988,0.9386901000053507,0.7782748626883269,-0.02599300123635565,0.09674220593816392,0.8771503043037934,0.7954697447094395,-0.01138302962801556,0.6706028708663355,0.5631982779650673,0.005402776501418329,0.7988798855589802,0.6735143255279089,-0.032171285550965906,0.8924973207520526,0.7664195862575293,-0.02343188064831351
696,0.7748647631917229,0.7534924362030784,0.013736832692875943,0.12449462726071493,0.9098677884593696,0.8577644596143033,0.020402649025547944,0.11379120771609919,0.9438193571156185,0.945836750136919,2.90452584036072e-05,0.07824477112957971,0.884533640054359,0.8726497524226846,0.021848860531744264,0.7155126641140519,0.6886687771111087,0.011777239327046291,0.8816007992823071,0.7868557749688027,0.031698079502530785,0.9128554321584226,0.8655478495387753,0.019074431311153276
697,0.7561396161620598,0.7864862501635231,0.005758303957170088,0.13033920541347183,0.8761298356195849,0.8824801264904447,-0.018373840512041134,0.1349910080164852,0.9716724296387479,0.932910753632265,-0.01613301818447613,0.05856569548827886,0.8695974754620204,0.9183944316372664,-0.0022985929502002413,0.6952436738861771,0.7197137980485319,0.006930516308198015,0.8318588134328427,0.7746290746261383,-0.024379572827651064,0.8816518927826552,0.8976877946384492,-0.016130863433623268
698,0.7572327495507287,0.6500043361379415,0.006517056095024467,0.13207260159135806,0.9023030035905082,0.7168116924123884,-0.009544475902246247,0.132373645563533,0.9663594891457018,0.87194114645003,-0.017723407041302625,0.0671834055025322,0.8844439206115398,0.8097771899774568,0.012754198292481833,0.6902605935752955,0.5710326439049549,0.004949658352628565,0.8124012846339187,0.8099300012625295,-0.010539795498212065,0.9152714239666341,0.7078949224438421,-0.010457381665490796
699,0.7590661922858747,0.7066923031498226,0.01150107345805686,0.12984951134463196,0.8856485671536691,0.8022061747906483,0.016079607889067354,0.1292382578435348,0.9663087932555403,0.9617388598576715,-0.00596367698269205,0.06051285003041058,0.8730800386084473,0.8246034294129317,0.017390755395480965,0.6974763298455633,0.6433236282811292,0.009997302258850408,0.7775464895269862,0.910632358555739,0.04489599661183533,0.9032010246675259,0.7910750285800766,0.010257860286029872
700,0.7693601124884325,0.7172220888432705,0.006510832141737601,0.12665617231172516,0.9060014880542158,0.8098100923534937,0.01728578920281035,0.11836019958201287,0.9706475111334483,0.9176398906819774,0.0044410120700671225,0.0579511757422996,0.8781425518906564,0.8658694272678537,0.005054728216544465,0.7109555322547262,0.6436762364515607,0.006331688720843542,0.8594722757156043,0.864705079805459,0.031247542518405908,0.9119987486395371,0.8032105950443676,0.014393676972240024
701,0.7842753889102247,0.7369822116309942,0.016520404484423563,0.1217613576918684,0.920375039968762,0.8862639920128834,0.02467246962807854,0.10699932844258883,0.9748903832932602,0.9499541993046245,0.028756413915188697,0.059947871051495946,0.8988087079919469,0.8488655745857432,0.015763664198620575,0.7226363646433441,0.6777007218403422,0.016165937355914588,0.882552005765928,0.9517781181943662,-0.01039807750774967,0.9265509646765862,0.8839766260128452,0.029971234634261275
702,0.7501614059310161,0.7970587593869755,-0.003708784430408396,0.13250387250012696,0.8677564259463617,0.9993420722215084,-0.02787773011574358,0.14366777480344695,0.968310003904396,0.9313713090726289,-0.02600562886207936,0.06499624511047276,0.8788853939728274,0.8520432926173862,2.1815611759734906e-06,0.6834102825506817,0.7616616812213308,-0.0043410113797285165,0.8087812379754076,0.7482908511094651,-0.03328237826799568,0.8786854752789848,1.0420054904996365,-0.02409686817361095
703,0.7507026342599431,0.6603887292413552,0.024327263330375697,0.13408432795844938,0.8795820161597492,0.707415647182859,0.06320960611228525,0.1521828503193319,0.9215951018932913,0.9058463841451092,0.0378450437110875,0.100762767278543,0.879441051642747,0.8074832564152513,0.023637737215752287,0.6820778568396085,0.5871142572219216,0.02352856649415966,0.8450334970523233,0.6856106688819513,0.04994080013669211,0.8835459826419714,0.7113059855573601,0.06576311769411673
704,0.7606682875045915,0.7907251176285701,0.010394842739911921,0.12881146740711538,0.8657021129144279,0.8300071039731821,-0.004154605830357467,0.13879414966493034,0.9613556310865458,1.0429610554001267,-0.02858617167111912,0.07281427018622334,0.8847462023322575,0.9107592127641904,0.015904169423908543,0.6942885341402418,0.7242536190145012,0.009058044817496584,0.7827698299791133,0.7580770523035092,0.05462998149877313,0.8785850446038668,0.8369512722605965,-0.014145017452750208
705,0.7731785444785569,0.8006899004562805,0.011148882889005528,0.1250780317119601,0.920327815152232,0.9823784899625189,0.017206161368193914,0.10744528652407201,0.9790882229963883,0.9447078719320038,0.00734579824052749,0.04844311231886259,0.8883597453066849,0.9466071152621301,0.0015719709111575925,0.7118304348018669,0.7288575883036181,0.012335999314074579,0.8737139471959388,1.1284793443421217,0.027178034685856015,0.927474763826869,0.9684122174897294,0.01438633726056201
706,0.7392762811770077,0.7973002667039095,-0.002728155892644327,0.1354940127212516,0.9002718490741661,1.0087927895164641,-0.02449832752901882,0.12281246066734411,0.9379780325466556,1.0439429591311278,-0.008465283642291616,0.08608128436703952,0.8772543747807269,0.9240092564012979,-0.011898957402419313,0.6665008521500254,0.7302469343101767,-0.001085716130260388,0.8400851012224467,0.9520432468230404,-0.030592410756961105,0.906901201482,1.0165152272692426,-0.02283429912165344
707,0.7728250418256984,0.7600863116546057,0.006772183858959986,0.124488284536424,0.9141839912303422,0.9936549327994285,-0.008841268721733497,0.11117062124330603,0.9769163839645523,0.9557004702414491,0.004473507800499912,0.05008629877993167,0.8973417178197697,0.8765578760301065,-0.0009637373186613423,0.7069080745183619,0.6998283448719718,0.007916997298918439,0.8530071227542338,0.9528574679527296,0.00870129850277423,0.9207686098261052,0.9967127945077353,-0.011524659201583796
708,0.7554582583475247,0.7653739716091661,0.0052702521069351565,0.1298059206945019,0.8724779543977925,0.9013589296786993,0.0007731974666160543,0.13414345251784712,0.9476990669195405,0.9448116665992976,0.00403160120513919,0.07519603275382232,0.8758301413276056,0.8582921666117501,0.013200762272260998,0.6910288349143358,0.7107842599632515,0.003647182204187275,0.731678878385291,0.5652955810490801,0.025793744648968605,0.8931310386179571,0.9552097458536094,-0.0008290952992086937
709,0.7614304934793985,0.7277665979359821,0.01064619777503177,0.12876463615394132,0.8657502406539765,0.8488072223424856,0.00561381231523743,0.1371798053093205,0.984944903641563,0.9593714658454565,0.014115357577811015,0.04291023258504361,0.8769864456036083,0.8391472629168363,0.01583639850060625,0.6988814546729163,0.6666556160226415,0.00928700281766114,0.7052647384297381,0.7306844369484702,0.025017237510548126,0.8845971745950957,0.8610563115739963,0.003309369509215301
710,0.7764587847621042,0.7827370682064362,-0.0009678859821222444,0.12405553960638765,0.9136186394415697,0.9477790493811648,-0.0340399500983935,0.11560387728870493,0.9502585367460665,0.9529050371779959,-0.016378890062191148,0.07560088930664928,0.8890529428968488,0.8901452761668455,-0.0022262224353535535,0.7155317670343417,0.7244177038163853,-0.00082693193090166,0.8871895622421908,0.8818703478299217,-0.0188353120862638,0.9163030038230316,0.9543469209040836,-0.03601230430128411
711,0.7526025608720417,0.7103089053244969,0.012771795494482905,0.13152400134054204,0.8835597466918115,0.8574485733737772,0.030794277856834026,0.131113753107061,0.9616092893894979,1.056543113158691,0.039027588930507603,0.0779266074815059,0.8773769850896533,0.8019356736498535,0.025448031892313004,0.6866244218420002,0.6562496089430424,0.010080868239274645,0.8543425734172547,0.701587537560702,0.04256345517444572,0.8878663819627396,0.8776686146298363,0.03002860701978663
712,0.7684310607251599,0.8976326359938009,0.003818207984396941,0.12754762552038992,0.9010136430865681,1.0885632417177211,-0.02211878258178195,0.12643397897654268,0.9799749186146502,1.1942408791073018,-0.021279337492321998,0.06651375542537068,0.8850191852006292,0.9587374116124447,0.006937001872121357,0.7053365708697872,0.8582674543649784,0.003192371191275375,0.8661008237520271,0.9841218942094049,-0.030136724799748184,0.9054116689039962,1.1039510167677724,-0.019644246625935047
713,0.7675873329172638,0.7828399614719389,0.004995212125586465,0.12601679147594655,0.8705385228328497,0.865464774818663,0.018506305112508652,0.1353714218370296,0.9537046976133748,0.9723399792119052,-0.008212836791442687,0.07112763371829695,0.8841746132583452,0.9315968958049109,0.004127499508032337,0.7046714213007175,0.7065687629282503,0.004856925352135831,0.7955487449202442,0.9271000870818825,0.056964898148946286,0.8821077187546827,0.857827298785468,0.011405785694214887
714,0.7332050465500359,0.7395373482230964,0.0016028196108228625,0.13719923745446239,0.8760228121709884,0.8679970063359829,-0.01956499913912565,0.1340294459279191,0.9546991135906391,0.954784385518315,-0.003177963091894368,0.06981743352095492,0.8597486190999398,0.8676225470720895,-0.01510992926360281,0.6670927083119585,0.6769787892857221,0.004442139083566457,0.8152788356692476,0.862720017980678,-0.07120123627811673,0.8873934759117283,0.8778091225067346,-0.010769557299308643
715,0.738511842536533,0.7104910889185762,0.008240381897893742,0.1354269077623771,0.8714308090155556,0.837282465683914,0.01753242463006209,0.13545704940684744,0.9638488053970993,1.0454514504743126,0.007572010659620556,0.0658460931466529,0.8750168668795204,0.7882014485827703,0.0083354985993928,0.6679486189092292,0.6652903323309466,0.008037795588049243,0.8681585386823606,0.6653393722779095,-0.007167591940239942,0.8772953634511916,0.8673221534665871,0.02401906763827693
716,0.7733997359576814,0.8018337751813848,0.0009960796424550887,0.12500071273155405,0.9054825021927704,0.9835550215769105,-0.003793116484221833,0.11653860180345632,0.9693099223725224,0.9941374251008208,-0.0032843885261498226,0.057832348333362184,0.8791977413218336,0.891511236849187,0.006639404052204433,0.7159496893187641,0.7499330804403416,-0.0001427800972902133,0.8174431259187556,0.6942421396201208,0.0445028961616501,0.9194584377102719,1.0245115872313362,-0.010752803346337358
717,0.7577449495410652,0.8094720692703029,0.022245087073331914,0.1313517455140417,0.8804458228533123,0.8787867196165551,0.02483131873694182,0.13127668982636645,0.9713891621444224,1.130514072309329,0.012231136180013874,0.06628851875478396,0.8789652572725837,0.9268867302122271,0.024988378247065807,0.692557157217275,0.744749678435793,0.021126678348129074,0.7882483819642774,0.8698576793162485,0.04968287646591807,0.891736786520807,0.8780548692263906,0.02055600233962418
718,0.7696611731734384,0.7500541220606101,0.02511104991518716,0.12762077191131233,0.8957346549943186,0.8405101834731338,0.04928101614699061,0.13034734114935165,0.9730966593928045,1.087753842392195,0.03399294429933796,0.06774580750462568,0.8812702512400348,0.8660453732789085,0.023267907738619323,0.7089872824810954,0.6889017133386242,0.024741153978064975,0.8884197039772057,0.7796759176669186,0.07992751933481614,0.8973854921058615,0.84603038998591,0.04422295067560334
719,0.7529147357381312,0.8301466062404791,-0.00029198464267224064,0.13173389287318557,0.8824657415844397,1.0086947883287236,-0.012436054563002922,0.13298106314058264,0.9552951647853571,1.0083851650275968,-0.0029733840397813223,0.07039445190244814,0.8717304300646187,0.9011362017628668,-0.009813217993596537,0.6899201762881095,0.7910432149435177,0.0014872515889295342,0.757559543830488,0.7461428367504616,0.003272283179909126,0.898032725084417,1.045772644905004,-0.012664803774319467
720,0.7469889452299826,0.7274588609313059,0.01358146710500102,0.13244260271103497,0.8812684080490751,0.9185450320651477,0.003812488214806352,0.12927588260758455,0.959940995818897,0.8570579584369166,0.011437380522718026,0.07131073337585891,0.8803188569208803,0.8377975305438046,0.007861329971777055,0.676740122675632,0.668758512457282,0.014241046961531743,0.8507211535948821,0.7577340033889892,0.009942260055196859,0.8857919000062019,0.9406349496721989,0.004292436405054883
721,0.7374769716614331,0.6740372943539225,0.007526492402637385,0.13595336176805217,0.8353140430891353,0.7687685125177832,0.015009921268531769,0.15459901495549477,0.9110474457132203,0.6988017443780922,-0.015186942207501173,0.11551249556926628,0.8640539888183532,0.860295221137562,-9.082087651147371e-05,0.6711131342723535,0.5877941222638349,0.008249004355188447,0.743136900360041,0.9944498733008151,0.08181479925999982,0.8604550626562196,0.7532791435728925,0.0024611912718587314
722,0.7707629557103,0.730710541962761,0.005813715550291183,0.1257124815543441,0.8905798192615264,0.8766065164404934,0.0007773030549509318,0.12366930124812507,0.9797436163630228,0.8860730436258971,0.003544976737634572,0.05193470280527684,0.8814131842428833,0.8792978677124272,-0.012686440904006382,0.7122957566400601,0.6617373061655784,0.008689826858305907,0.7736892100671613,0.9775120825310282,-0.00948021201855243,0.9071132159722096,0.8681097844717041,0.0014582750850120937
723,0.7628473290634072,0.8360343146334801,0.012629264422129641,0.1289572721978109,0.876907332016709,0.9364514082126523,0.03574639706302579,0.13687858427693886,0.9590744909784698,1.0623513204204942,0.01044227868364073,0.07092853231297516,0.8810046145305119,0.9596883406692543,0.011480687634093021,0.699033400657585,0.7693023736570324,0.012418092333064717,0.8456606530738189,0.9703864740586429,0.054076830641551304,0.8804510951679714,0.9315503485502468,0.03230586006665731
724,0.7703884397072627,0.7651629871676628,-0.013473187922892507,0.12770807281916738,0.9106721688730769,0.9975286395247955,-0.049847798132831043,0.1242672414895069,0.972658379688473,0.9301105850650203,-0.045120189420774226,0.07220528849757597,0.878971018217903,0.8382999021922354,-0.007629838926362012,0.7117941024436509,0.7210925714962835,-0.014375780258304681,0.8724234627412304,0.8098002646090087,-0.046957889628900996,0.9166920142971933,1.0246274304433105,-0.04830999531157422
725,0.7701564735943781,0.7206134160890428,0.017771167911203,0.12692733104392823,0.9233767639406467,0.8923261116068272,0.03456590087914736,0.10760249159886442,0.9785891686998703,0.9029688728973586,0.039926628471302295,0.06607067419999339,0.8750669127501435,0.8388975982559383,0.016826280096132983,0.713015527137516,0.6592660703501446,0.017380931603024966,0.8515867128577034,0.9823213871655866,0.00357392446573152,0.9340672557188748,0.8871998356623537,0.03895734879956639
726,0.7755356188932837,0.79137624126584,0.005119649596540623,0.1239794242035061,0.9119447057588761,0.9524517713859459,0.015790979338509616,0.11170382204628163,0.9667926741587052,1.1011911376522068,-0.016556652256064917,0.06877729935217994,0.8952081988103335,0.907193870364294,0.009399043358623769,0.7111183815443263,0.7272599857969846,0.004118718373531091,0.8714672586137608,0.8800046105464824,0.040750332973258446,0.9166185474812909,0.9592278720692198,0.01196175968945071
727,0.7346775008635323,0.7544501636116366,0.020120051584418354,0.137407333043606,0.8911710653980427,0.9486494798815989,-0.006659186770812382,0.1242168403041508,0.9514554455581795,0.8616973537327078,0.00814833376516232,0.07670092774638365,0.8729695464259766,0.8696665449944673,0.02943731623992976,0.6623991559042096,0.6891315584058006,0.01784159758072244,0.8451594230549015,0.9158178835720981,-0.023004282193016562,0.8966415645970554,0.9548190048846589,-0.003484684149322949
728,0.7400830431114809,0.8709364318035325,-0.010508655963843394,0.13716530241096533,0.8768948345293542,0.9807741193736949,1.8885889728588916e-05,0.1331684353220041,0.9170888926396213,1.0103252736007549,-0.046639837058001586,0.10790145931216176,0.8782388804199657,1.0405238047259326,-0.006509143257413419,0.6672544974306658,0.7810101125220796,-0.010939037391061586,0.8549862117703791,0.9645398509168683,0.05784319846932205,0.8828597639342886,0.9822355263297878,-0.010120083373229498
729,0.7403863605572775,0.8273821634065823,0.00420424070776503,0.1359804639847494,0.8698842591459043,1.0389941604154478,-0.0023823500561316116,0.14264617188984718,0.9867199172845569,0.9398612958152016,0.009126513702404873,0.040430358503884115,0.8588988651120556,0.924230692971778,0.002469085327184475,0.6767441453320046,0.7726551540459248,0.0044007414756125195,0.734918556857094,0.9137099696232914,0.019590437323000465,0.8851307420633021,1.0515305280944003,-0.005208733065771024
730,0.7813552499614826,0.8120739072153339,0.004081176500724187,0.12216712657239419,0.9288675099791338,0.963263937497612,-0.005782103939170703,0.09935118068254853,0.9812427437243388,1.073920508660139,-0.017305359374024692,0.051757238162152795,0.8891184821639395,0.9240660274660284,0.004616937685403234,0.7226679101274212,0.7511753892899184,0.003771460207697547,0.9070802507331084,0.8986714570969186,0.0276142712646484,0.9321246546176633,0.9688863477721588,-0.011159313102562211
731,0.7539645921165271,0.7743403165876929,0.012874251696730194,0.12911164540215414,0.8845536970481198,0.9124138840394015,0.02316641691448811,0.12802666487871753,0.9369343346185903,0.9405199666099899,0.01236643740352425,0.08214230510915022,0.8865047832002857,0.8901569609294525,0.011277774627953015,0.6828081711767563,0.7103889519033475,0.012811677630068689,0.8862383350704603,0.9284988370493479,0.009466133702359965,0.8843691265651543,0.9122781497422998,0.02537285708648076
732,0.7714129000666826,0.817140016043236,0.007041679387934803,0.1256076665360402,0.9032809384055901,0.9959952597251619,-0.020313502534292406,0.12021549791538115,0.9449149707992343,0.980288421080289,-0.005337148502300384,0.07822811181646772,0.8786874997093318,0.913724358757043,0.006265331613203447,0.7130947335940935,0.7635661299073448,0.006960145331196523,0.8914806676064263,0.9750806841536767,-0.07410643321008792,0.9091122998640911,1.0099687792895404,-0.010972456735806975
733,0.7660345056805736,0.8004257320023174,0.01927244434237746,0.1281458312861976,0.876365434970523,0.905349845594062,0.03667842464850556,0.13678393384316484,0.9416076302784624,0.9562022335877916,0.018274918115232814,0.08182568188887854,0.8832494597377426,0.924127020342089,0.029056106688336414,0.7031422362540739,0.7320298333671329,0.016893630217178005,0.7834634676016606,0.7925287093520399,0.06834964346149362,0.8870837008189187,0.9165590871970578,0.03181671328626354
734,0.7540355296556408,0.719228963978133,0.006776012205384241,0.12815137778142838,0.8909070310238136,0.8213694622824949,0.004733700318838464,0.12225710839075243,0.9568219068555169,0.9398658977647333,0.004455157831144872,0.06748809948965048,0.8641614939340045,0.8492686657882605,0.006024631902876879,0.692744298166123,0.6505888268460908,0.006637720599653218,0.8338927826532757,0.8114623467415112,0.028344731553395407,0.8977977730990361,0.8209360805071575,0.0007080890624496893
735,0.76523704239416,0.8357262388013447,0.0030699121187896194,0.12779545028179107,0.8973456577005059,1.0747378194666168,-0.0033155105551896415,0.12784569190901113,0.974271655160136,1.0759495270856687,-0.001968530464181495,0.05716511727364785,0.8732639515471614,0.900261580748089,-0.0022740165692238744,0.7072486652646464,0.7990794342842286,0.0040355091401192075,0.805180889881757,0.8339499091032901,0.0171138974072224,0.909074428831125,1.1077546310318802,-0.004962957806480002
736,0.7787294840245671,0.7803705178566859,0.014602250107623196,0.12336048461120298,0.903269188205313,0.787004690507883,0.03717393996538352,0.12528196226482505,0.9544376860071853,1.0548456137171007,0.02654539198672513,0.0780009780425967,0.888221766557505,0.9223101013216786,0.017822515709405958,0.7197886110510308,0.7072076516968686,0.013437091965305679,0.8726587031885392,0.7561984152761317,0.030374341112828197,0.9065089023291325,0.79136978270614,0.03868140395903786
737,0.7480182338528164,0.7866366186224367,-0.0006128705637906757,0.13269354480667223,0.8684326518633956,0.9778903768544647,-0.03753843165475688,0.14445417821123763,0.9424237424412195,0.9950720860213841,-0.021178224640765898,0.08266212913170413,0.8698108690265375,0.8541406963395342,-0.0021641150630941786,0.683680690785177,0.7466399177921131,-0.0003305791080347777,0.8340059384108799,0.7432196735487747,-0.02187961268999398,0.8748846541319458,1.0120513532332311,-0.03804758570395692
738,0.7309599679025262,0.7529331797238452,-0.0038460924269176837,0.138262470424994,0.8809469913825565,0.9402025607727919,-0.023678639455944724,0.13304845020786518,0.9451712338952716,0.9316944851996573,-0.032567961499726905,0.08450317493580485,0.8592147668560947,0.8859489244453557,-0.0065820453093200625,0.6626497832711491,0.6830070275781052,-0.003366913044196356,0.8101462616084019,0.6837161735723308,0.014276461042669808,0.8916845579000263,0.9760675896248706,-0.02842108057016323
739,0.7805741665754107,0.7744941839759554,0.01994115706941129,0.12318965377532977,0.9192842443149492,0.8412991740579562,0.05811274779451559,0.12167715721887175,0.9649720141083339,1.036310365807432,0.04107328094546678,0.07531136492076981,0.8814979547652615,0.877751523633516,0.02801257406365345,0.7252941960403635,0.7166678347108073,0.017938263668159427,0.8942265442106928,0.8635520452326516,0.06664306708669038,0.9220183414781207,0.8381945482770945,0.056452215497979394
740,0.7734423854694986,0.7120841397423876,0.01316166987696926,0.12561620966837997,0.8919195194403864,0.7547893977577048,0.010702942664225064,0.13064817007159377,0.9765672734722065,0.8451749570526257,0.0014576698578466659,0.06005041502376023,0.8889058713509179,0.8519577841974092,0.021256809024951365,0.7119166245884597,0.639765974919032,0.011143535983326782,0.8473600426065006,0.732243545478201,0.008781852636257066,0.8966976616864838,0.7576162508731604,0.011268214071788483
741,0.7665811782776649,0.7359045976848168,0.009889297923769172,0.12697559220485982,0.9069644854953933,0.8541788225781106,0.015044881959336951,0.11493578278445556,0.950622038496259,0.8089021361098889,0.00552463882127661,0.08167365743729711,0.883872087098214,0.9016896853233171,0.00535354690625267,0.7042423685100899,0.6557120622809228,0.010130038850736597,0.9150728987000702,1.0315380219918147,0.04027737055627843,0.9091942473077081,0.8373748967243331,0.009442267072000602
742,0.7631456383563588,0.7968809012448786,0.004042986452088281,0.1279210599739484,0.9093515929800904,0.9677642878984352,-0.023898538816613017,0.11611716962806239,0.9443438400363979,0.9708698301565091,-0.01784868809726291,0.08018676147495932,0.8824519361583334,0.8773778801904805,0.0062314502330025326,0.6994408537454382,0.7494033272573712,0.0035411000155943116,0.8964004677066729,0.839403736752388,-0.030550655110170195,0.9120725886784412,0.9863250227644215,-0.02133218640604537
743,0.7608746197621086,0.7135465660773924,0.016396485418526327,0.12922108988796221,0.9097840526899352,0.8333822578165999,0.02265280271990098,0.11536843394018552,0.9551074530940443,1.0693915664114846,0.019616957221188478,0.07683560114573132,0.8746955172492721,0.7836370216343962,0.02015088953681148,0.6999275505916737,0.6721002907558594,0.015379815803838856,0.831308025778769,0.6917041663120194,0.01777879060453721,0.9192200993535145,0.8526519046840988,0.02501428171056546
744,0.7561268657957836,0.8016233101411533,-0.0025289243225429577,0.1307647867112961,0.8933755156508969,0.9844524876047129,-0.012293568130087962,0.12499106987784614,0.9543770222319031,1.054449362559868,-0.025267717627696126,0.07784847009273675,0.8716847167790872,0.8779959298477507,-0.006688651983023276,0.6944330904026682,0.7582494168881025,-0.0017291769862160062,0.8083691101788658,0.7076551176410238,0.028469763082651294,0.9060951164209197,1.02364265951056,-0.017652632140891706
745,0.7663247869388407,0.7537895905638337,0.008458122207924846,0.126730216165323,0.9166815248113842,0.9250423650903159,-0.00260593365264466,0.107263693257514,0.9780687768189065,0.9688998669888285,0.010965295486049078,0.049611449460157865,0.8753873451833654,0.8413435136028645,0.008511831062500082,0.7069530670939281,0.7045341296880643,0.008233128266990011,0.8263949753477418,0.8096025424255556,-0.03571790277683107,0.930211578134403,0.9466689766016998,0.004633301729609347
746,0.7658341739626712,0.7354395610277654,0.011743504632427891,0.12678407260539867,0.9152376173628123,0.8813003231072928,0.031019394729935836,0.11133044370936875,0.981572781464157,0.9352578757791841,0.03419203296822153,0.057636353514656895,0.8725799569258261,0.8560059238201173,0.014097639738814742,0.7070914253825734,0.671084896714467,0.010884704212847568,0.859100265572012,0.8719995116790017,0.03424512107799433,0.9213883350077523,0.8820260797420181,0.030539682887303438
747,0.767780039259164,0.7856773623750551,0.010840089555423664,0.12653804403371058,0.9083270007562806,1.0066014216635957,-0.021815745332866593,0.11737134760474253,0.9532647183421042,1.002653264963104,0.005399079786746516,0.07234476228247733,0.8792760808741665,0.841553464671419,0.012496485627858031,0.7085976462868684,0.7516327430202094,0.010368226385521732,0.9482767034005953,1.052920427955876,-0.04103755546679959,0.9042577440080537,1.0036557947063436,-0.0190624216495367
748,0.7587350276574548,0.6943328441461606,0.02227864186777352,0.1309706097875982,0.9066401758958056,0.8300971474893263,0.027831858455094387,0.11781923594980401,0.9669343659918416,0.9262334426125625,0.01984403826860928,0.06390460822091361,0.8846457313475448,0.815502112810867,0.02565636553201274,0.6914584218976837,0.6298845210199958,0.02097927856126946,0.8347216335274701,0.7425031214269183,0.023432775005678814,0.9147745045430359,0.8415105184607008,0.029494472142584226
749,0.7408100905979537,0.6597726577790459,0.004572589789149285,0.13582036557839908,0.8828904470340819,0.786441470435879,-0.01591162192985206,0.13392708266782832,0.9189900665152989,0.7410533478177117,-0.015478102299592938,0.10702996333926472,0.8922858418054376,0.814883261025312,0.0011808711062171286,0.6617800886279945,0.5823046159132752,0.004806967484094283,0.9108504642892122,0.8486397514166242,-0.007061173649771154,0.8798147524530567,0.7790804774142577,-0.018048788344073696
750,0.7767525725862924,0.7641758147068365,0.012409727629771591,0.1238352766389561,0.9104731651661253,0.8931571341909668,0.0020808712462719223,0.11141930028012795,0.9726424519491949,0.8634780439871861,-0.019671001234789008,0.06420259567202334,0.8834587582928168,0.887193235150085,0.00864696911214824,0.7189034068665014,0.7009246005128227,0.012620854012718974,0.8278474717653603,0.918753055676625,0.0028173469395031546,0.9201733370458325,0.8904337498748548,0.001702260271360503
751,0.7583123389072279,0.7566854856921069,-0.002391818679656077,0.12986282364990234,0.8715904377043673,0.9378893674223091,-0.025628598507734947,0.13925837220215348,0.9412516057856235,0.9526662544025565,-0.04844821596890124,0.09427103252167877,0.8806774536559762,0.891472152917996,-0.002893152165516852,0.6927615567067419,0.6861888210421467,-0.0024107398131408206,0.7963024140025314,0.8841063027788785,0.018534345211434457,0.881524417632142,0.941992121718258,-0.03296910821596598
752,0.7761241086472213,0.7115476257184188,0.019180503109734497,0.12512367979791458,0.9105547034529514,0.830422352898703,0.028501986638458154,0.11584951630528503,0.9626920693838688,0.8815033536043847,0.03836711438786018,0.07802805036359664,0.8905539972261344,0.8325362271479224,0.017031913560748718,0.7144845292753961,0.6491277033994187,0.018978669609478666,0.851351945362073,0.8009053431391282,0.009964369601546291,0.9178818402856898,0.8363102254480071,0.03205887388308708
753,0.7703656351441303,0.6935950482151056,0.0022645477050444673,0.12724845338028568,0.8740672367941549,0.7612129261914203,-0.012217888928806351,0.14013270287189844,0.9521639062296322,0.8897023029971716,-0.010898816054322245,0.07498769348996985,0.9015321561705076,0.8818725726120338,-0.0038610654599379743,0.7025291970139386,0.6064132577075059,0.00289444009014722,0.8020561302136322,0.728136578442805,0.004383831917481856,0.8820539112295392,0.7637226374416497,-0.014758146680120786
754,0.7644345607258475,0.7135107183239212,0.013790498361268659,0.1279982349253031,0.8824042488981827,0.8293485631767056,0.014377457141425928,0.1293888149836468,0.9524663501586812,0.9175058227688201,0.002595761218564925,0.0722418111883451,0.8892907082859524,0.843240852895561,0.007744151038369888,0.6978895455085917,0.6476733094627263,0.014371692471350058,0.867865239859949,0.8943830387527145,0.0029835391351899438,0.884209161235658,0.8235788132362214,0.015646700099502007
755,0.7719569966587937,0.7366072278366836,0.01049418702532005,0.12532327092485707,0.9215631207558996,0.854421871702282,0.020910790486403253,0.10655497714585059,0.9580770421985507,0.9905116583392831,0.01656961064006409,0.0696706162944982,0.8908008872020862,0.9004854365028457,0.013010567829196048,0.7085788091192989,0.6549922809273417,0.009478277718813214,0.9206650772291723,1.197227321557307,0.0027386177440892924,0.9277414377594292,0.8287809638505357,0.02070839202983888
756,0.7547589719938756,0.7460240846138725,0.007728881675591303,0.1307238093658635,0.8966991409024463,0.9175364930193723,-0.004839827849573091,0.12050230055884752,0.9345060408595778,0.7834672672092601,-0.014262773809858244,0.09525059759411061,0.8885668411991974,0.9029149735686266,0.01805874916093508,0.6845464159299448,0.6643465920425671,0.005472152733364287,0.9419665056586809,1.1129894124528144,0.04425053748000208,0.8973503873541395,0.899638029610368,-0.014472774617853406
757,0.7766884964929124,0.6886468684555302,0.012122681946536458,0.12505698873576485,0.9246864215587238,0.8152065557737553,0.007729679823556104,0.10657435704348364,0.9373945988393472,0.8525834435634134,0.00842599993542196,0.08561382837991978,0.8942579351597241,0.8554343651486627,0.009327725959233384,0.7142603659518443,0.6085899172648712,0.011938001843944295,0.9174919802672785,0.8921759713468608,0.01825066674862584,0.9260721682245023,0.8065230455844019,0.005218329862728543
758,0.7599495583294079,0.8491275536289569,-0.0002438470259675881,0.1300955014535903,0.8970128399443267,0.9936495462190615,0.00170193917924761,0.12194973854161632,0.9722389690726628,1.037652416481176,-0.007052491399744036,0.05685628788879772,0.8868157657471781,0.9800805282989362,0.0017262871571678334,0.6920083301243356,0.7771769316413832,-0.0006648180998787781,0.8335560698299727,0.9081842604038302,0.0009358109197182377,0.9039168551005307,1.0043281770528727,0.002688495775165896
759,0.746016702191367,0.8561985190333911,-0.005186665770469311,0.13511636313583378,0.9102138974072418,1.0669824472489613,0.0008375667490630363,0.11827520188563033,0.9635534496159716,1.1025310903751055,-0.027982791547915952,0.074323768102582,0.8720518808400792,0.9857851945745585,-0.006806072578639241,0.6783652054597578,0.7853763058131822,-0.004832241079902506,0.919811996144287,1.169728820095098,0.008087216953530043,0.9094552510608148,1.0560653538209177,-0.001242153136655755
760,0.7607718896773161,0.7449459634979204,0.003435835201428147,0.12841006028890092,0.8982402527635468,0.8855079179117498,-0.009737224919430128,0.12007839038767551,0.9579343913570791,1.0756357726620493,-0.02177251095285537,0.07531633210203938,0.8765130664300815,0.8387500959985317,0.024410967257182,0.7001013435396298,0.6886994897060631,-0.00062625504036799,0.8997468806640694,0.7463101159487846,0.05146268583384911,0.902910987441163,0.9018424665521226,-0.01988416784915893
761,0.7737909274930371,0.8187703227317672,0.010143516068279212,0.1246846467546697,0.9217982154093833,0.9940942964521191,0.005702232466650055,0.10516023548722454,0.9793322234017371,1.044167909179267,0.0035626506815509443,0.04933316435135949,0.8599028252622948,0.8568824535987647,0.021793862112273136,0.7264511638334018,0.7918344714982057,0.007784462196392676,0.8024791171163458,0.7239929293169814,0.061006547025121594,0.9388932555542194,1.0295584298839484,-0.0027538802288349287
762,0.7838958680392423,0.7893248647275989,0.004885323549583339,0.12133284627024442,0.9323022446351348,0.9552964883508275,0.007438031175642039,0.09648968698234885,0.9865913400176191,1.0597736304469123,-0.0075776587354087965,0.04182724629037481,0.8838974355850674,0.8791180950862535,0.006154390880037461,0.7287291418039977,0.7387368492910107,0.004495316040538539,0.8962765348085624,0.9281592517657556,0.033366616222753186,0.9367444690161997,0.956560924377913,0.00312339113435229
763,0.7533159716187412,0.8577446256229387,0.019362848913255806,0.13357917785912782,0.8899950079870002,0.9970860662259828,0.023713931518793484,0.12899930192872205,0.9725491522322766,1.1507189272881648,0.01800877006081085,0.06860260457834319,0.8788984396736701,1.001435835517653,0.018711344406051104,0.6861220616794843,0.7816131731964832,0.018825901636748667,0.8129679645224602,0.9122278793734101,0.05635044963019941,0.8990316864519453,1.0047691785814399,0.018474250320171685
764,0.7563163621858394,0.701241824318263,0.007709884202375445,0.13009325569823207,0.871278922912873,0.8396157094739666,-0.03347160656561878,0.1416982639252764,0.939318325536958,0.9573623567912729,-0.03034983826376888,0.08702964283960453,0.8791636694809866,0.7916676124225678,0.018388430646877056,0.6909843909453389,0.6482358884832776,0.005511927790428167,0.883199959000013,0.8015162681936115,-0.01783597997031965,0.8699002925747066,0.8429044480842219,-0.03579930868916358
765,0.7548633991377531,0.7750968352107321,-0.0011923316109148712,0.1305501194981266,0.8852137209252666,0.9221160161356956,0.012653105262119478,0.12741103461583625,0.9674418545483645,1.107232448673401,0.008827424988863358,0.06704882843314106,0.8862563472791776,0.8829995061164159,-0.000697892955639205,0.6850285538812712,0.7145563432546626,-0.0012991884083161835,0.8342003626055302,0.7325202016650072,0.030352461013448285,0.8921666156912732,0.9474476081926314,0.01113344403390455
766,0.7538488732982531,0.7513159172825893,0.008216945214784107,0.13035679826252614,0.9023677566406759,0.9118666477574309,0.003926986763185209,0.11613189230825054,0.9719035916643854,0.882550327091018,-0.0013783430332993903,0.05901879471908314,0.8697625646050103,0.8721002413297977,0.01179300584524678,0.6911604775949727,0.6860869596050029,0.007230315583470939,0.8751247815459157,0.9349299807955898,0.00404715374556819,0.9051541091635917,0.9093285369552837,0.003682137580804068
767,0.7521600127400256,0.8453691000166863,0.005853337090690953,0.13224141525898406,0.882762623067805,1.017641543053139,0.026959561577913956,0.13529336981795023,0.9634702837085389,1.0145638788426423,0.02014706352558697,0.0665157795139201,0.8652489575827995,0.9937692999256987,0.0038831929630269457,0.6909578470455657,0.7685875655840189,0.005895538047553044,0.7794969952633705,1.0522501752209616,0.0613999557872548,0.8965466424916976,1.0129352221398933,0.020750729330789246
768,0.7541871932611549,0.8029410224216731,-0.0023340820631769757,0.13112619626036615,0.8756389257721158,0.9326841444492164,-0.011984668317990103,0.13378217361445183,0.9615161313807393,1.1446997992121426,-0.02119270133887048,0.07801810351633179,0.8922826993797598,0.9393910759603856,-0.0017392389484777418,0.681122614411375,0.7290740928291279,-0.0024674714382041853,0.9271872343115811,0.866513587618944,-0.03707822632197031,0.8725890112644366,0.946050435440312,-0.0068783113656108764
769,0.7547672554670389,0.7848472305390386,0.0009950762438718605,0.1306060136715835,0.903748602177672,0.9459248607009042,-0.004345428710726412,0.11646150540370982,0.9390900603125717,1.0366832699972806,-0.01923770904099603,0.0863358546290202,0.8764536757242012,0.8970859511624719,-0.004027604662003612,0.6893821591745427,0.7244830321724351,0.001786731578345392,0.8599682662465644,0.7568635690983905,-0.05116692581513951,0.9177438140185532,0.9871703890456968,0.006481820144631356
770,0.7392930998964494,0.7220161857772388,0.0077954197514795475,0.13507881063944202,0.8725505123954158,0.8969281920503279,0.002565107840324648,0.13435621894633953,0.9242962148610812,1.0108063502210507,0.023453292371883518,0.09643798681997226,0.8824596701379387,0.8228909720314365,0.007816228825504843,0.6647513764067313,0.6651675613414912,0.0075525910426068234,0.913832610555394,0.8641038102539738,-0.011513508186581563,0.8688488744385587,0.902898812239581,0.0053507669801315105
771,0.7512673665396097,0.7865120828905187,0.018280184376129268,0.13214901721476421,0.8686583967283246,0.8645584097403245,0.03385871029682478,0.1395052233941393,0.9750423960640829,1.2150627834366698,0.023980710476899054,0.07438802623077458,0.8749968179711081,0.9060210279662831,0.014969946016023016,0.684946514106727,0.7226605925980552,0.018326793577487732,0.8135996837765396,0.7269632643261223,0.016609019118189936,0.8766132277630366,0.8861697335336273,0.038483755480926675
772,0.7632954612224788,0.7255345737537624,0.017155732073496723,0.12843498498173503,0.9007282059116667,0.9226125243777833,0.018285040420855485,0.11809608195350466,0.9691853017875458,0.9225803445506803,0.03151854544296045,0.06710861315532911,0.8923475297285873,0.8179561432086513,0.015303937310162273,0.6953231006670137,0.6744111727071479,0.01709713464313622,0.894150254894794,0.934181233097949,0.0141711137760189,0.9011967749899236,0.921736832669436,0.018887043309238283
773,0.7510450224674087,0.8272715607050902,0.008174490537633595,0.1322122010128537,0.8779421319360964,0.9808495252944284,-0.029052167331353136,0.13647961035220357,0.9474796364642862,1.0326403391665633,-0.006166379902932144,0.07837700601800918,0.8740406638337704,0.9181875900755816,0.0062676973374845004,0.6853275403017515,0.7751913690877336,0.008355219449120925,0.8475201645829036,0.8422292278229302,-0.0480072117054529,0.8837243681170761,1.004233154154324,-0.02415048630392394
774,0.7724144394222142,0.8210586346116642,0.0010824920161042117,0.12459489584368265,0.9025393254556302,0.9597946641652019,-0.00714507855019456,0.11679926561244552,0.945492061004444,1.030909369150923,-0.0010101733376216406,0.07909504393337141,0.8976801916216604,0.9308731462681761,-0.00042423017195063515,0.7052375062735451,0.7600159019506489,0.0012964341913901884,0.9002284030295932,0.994154879056526,-0.03378157284464368,0.9035522017445443,0.959555550971856,-0.0030095914165168347
775,0.7425198900150966,0.678759453955091,0.019188261304310773,0.13453398362290458,0.8945288022526032,0.8075043073190789,0.020273962943044944,0.12377094047132924,0.9619265551433566,0.8566165877140867,0.024368569090281688,0.07327012270205743,0.8568339930932166,0.8231195435456662,0.015920684182486194,0.6806392334329053,0.6071121161719019,0.019060392917972253,0.8735123398480494,0.8579411042333994,0.02072615609150868,0.8969196588253358,0.8020508059041633,0.019728209944642174
776,0.7648642056400624,0.7622929938316222,-0.0005283886213974908,0.12673590211985625,0.9171775535289566,0.9304678741845445,-0.03020358812493354,0.11154792809861587,0.9816176273144173,1.0134873446596906,-0.022601345445545196,0.049727575734359444,0.8736138514545225,0.810807218269137,0.00882692220626447,0.7065021088734119,0.7296536986455612,-0.002307655294228933,0.8861461704453699,0.651514221626582,-0.0013983612891089235,0.9260308034817641,0.9735939218702784,-0.032850971138749956
777,0.765173411346961,0.7731863788767388,0.011207355966485876,0.12703066978669003,0.9003953562892937,0.9087705940131772,0.055842698902484264,0.12916005136058636,0.9612534820680982,1.0263849728523524,0.022282851253283217,0.07012905002573905,0.8775993307098806,0.8810479287344444,0.020710861103667662,0.7044237595026509,0.712144016567167,0.009102062524855816,0.8281282078416606,0.7709384275339174,0.11472845824418204,0.912710898028534,0.9249121136286379,0.04566312222404002
778,0.7601963477378295,0.7767392889293308,0.0031058063158820076,0.12889905048296801,0.9000256413448953,0.9555210381529797,-0.002407127151054155,0.11930018355457526,0.958820766921283,1.0134808322358841,-0.018694795551551905,0.07054272379547184,0.891362196402113,0.8582439356159783,0.002723928810008768,0.69194195882958,0.7295897135960194,0.0030936670763831355,0.8136268459661755,0.699654048485972,0.0026498384870414626,0.9124638636948015,0.9938126965453297,-0.000813488551518638
779,0.7775375506160543,0.7971580786066798,0.0019117382453068376,0.12359660758394851,0.8936656281874782,1.038731106831774,0.004074683446799823,0.12808162701836873,0.9619614293173029,0.9219805652587152,0.009293358014061745,0.06524728734143594,0.892353128346932,0.8988101313984002,-0.00276186291078267,0.7158830478661048,0.7423267171092537,0.002661809212264586,0.7726516006195298,1.0081497478267933,0.03465724254216679,0.9087003884645795,1.04006977279607,-0.0010570874890474822
780,0.7829504581298004,0.7738758288257321,0.0009120063279076039,0.12145299729103505,0.898386149015385,0.9333661556486633,0.0033050961817995238,0.11866137713841016,0.9675154388308898,0.9179059933111218,-0.011175761075607376,0.06101007778393364,0.885909596659359,0.8819661424077756,0.0076163690291810365,0.7265597530503248,0.7137473156792659,-0.00044463195889060344,0.8858188002924726,1.0701759796768524,0.02897890865000062,0.9019707496489108,0.9197345436642315,-0.0020679655144941952
781,0.7531179965582144,0.7381979848768496,0.014097893630143079,0.13131456902201588,0.8999330934384944,0.8596639359460135,-0.0016833441040913486,0.11915403123998852,0.9462942896949108,0.7879992880339313,0.008435270164105776,0.0875759068182423,0.8749067056793233,0.8828192619650391,0.016070751864375937,0.6879252334713847,0.6638627479832405,0.013169122564765693,0.8953673832893528,0.9055448696440832,-0.020334521734178122,0.9008139227343946,0.8565332419882059,0.00101272192343349
782,0.7227990826671,0.694307204899399,0.021651996910220378,0.13970773270123063,0.8570392048387405,0.8640818940981789,0.03460289743925699,0.1451037078233787,0.9507242003996293,0.7456502037757539,0.01893806926305622,0.09155504059567746,0.8493895169685632,0.8244234027638117,0.019003557187528875,0.6554771155797103,0.6275073934330768,0.02142129939703846,0.8001024645861394,0.8607566173620956,0.09271555305762792,0.8674036595041094,0.8639159905951794,0.024368950280434336
783,0.768653031674504,0.7439584378501989,0.0035538440271066737,0.12578907551780766,0.9341530430534595,0.875064667730408,-0.026781444552327307,0.10152565466743639,0.9670677166445153,0.9837549976229021,-0.019762620016189943,0.06291270477073913,0.877541566650307,0.8335760988445646,0.01580222885443957,0.7094615055457635,0.6906883830712555,0.001137777682965119,0.9216531735782995,0.6516465438124123,-0.02384274259695932,0.9403648704841562,0.9092063062705218,-0.024813273102775743
784,0.7893876866550171,0.7504771927804815,0.010381459591920036,0.1201388796070106,0.9079386050523068,0.793497307612777,0.017204866017660064,0.11874164241206919,0.9756287120491685,1.0178919008670297,0.0007870196431650156,0.05170015975730715,0.8925075530281633,0.8716275745189985,0.009416547222527116,0.7331058022683579,0.6874480838424578,0.010151313359649984,0.7584039631206402,0.6746160202362902,0.0435882572274894,0.925899236042248,0.8060715221190025,0.01353634231854298
785,0.7718226340533701,0.7524753983350937,0.009924596074840647,0.12430658265992449,0.9081284937933796,0.8341039323247015,0.025910446300643313,0.11515584512896672,0.9286276805476862,1.0228918845750223,0.0147834756293572,0.0917321873198151,0.8852729493449193,0.8822294813720456,0.018623324962012494,0.7102054314216047,0.682215656636607,0.007967824823140504,0.901907067902608,0.9800812531200019,0.012354090753304335,0.9100989392085578,0.8211395222204493,0.026764355102211028
786,0.7544473564395763,0.7741268694398221,0.0018337888133268994,0.13046723750313477,0.8910146792460774,0.9664208975162553,0.006006249299295891,0.12482116721384759,0.9816733489586247,0.9976003551844567,0.006522587512279817,0.04486895349365212,0.8774829430061939,0.8653624516565128,0.006117136691615952,0.6886294508814836,0.7207645006316277,0.0009476575655902862,0.7860288351953509,0.8171969630023526,0.021123795585778884,0.9026666899836261,0.9837443048504131,0.004667688475510738
787,0.7685377245046916,0.8967241572946196,0.002172238540779353,0.1293973748131538,0.8987200147259258,1.040994686225816,0.0029141965534278964,0.12489982570653774,0.9762201496684694,1.1099845815492633,-0.0064274751481981215,0.058559858178414935,0.8802265960989841,0.9489318184515652,0.004792097184578459,0.7097451813007384,0.8637393219166202,0.0016531242427286744,0.8500298727978037,0.855516306300631,0.04559781243049591,0.9057407173524779,1.062568591387967,-0.0034859961973863762
788,0.7799018271240842,0.776946187641019,0.0023541687940140115,0.12289310017749948,0.8985296425722207,0.9277862177199419,-0.004371769944602171,0.11918462263974242,0.9377646368363457,0.8849058887803386,-0.017518227188328413,0.08548659245854463,0.8946823861125666,0.8630128346115937,0.00812314621729267,0.7185202633724699,0.7267480352678725,0.0011898814983567641,0.9178746555810682,0.7689527285548774,0.030995649070425246,0.8990838629164692,0.9476315256522114,-0.009541084851064504
789,0.7390446807828055,0.7150502629983699,0.02047085625100122,0.135798658329576,0.8615264812262298,0.8647390429957539,0.013372135959724335,0.14054794832726827,0.9787943478509884,0.9798222933373935,0.012803679874960932,0.049387069989422695,0.8811718542476155,0.8515061912570979,0.020761011491613197,0.6644332353537805,0.6434969994939107,0.01972631573602776,0.8642291396670924,0.90674260696429,0.0012030325855736537,0.8611599938849137,0.8614563245178434,0.015030129889740848
790,0.7633767253944017,0.7665093727378217,0.010592097290862109,0.12816217527536455,0.8890813003667754,0.9156318955390857,-0.01730275645029281,0.12683336507254567,0.94281275992862,1.0259349179383708,-0.0004925283766835331,0.08159037570019546,0.8765584974452574,0.8563646148544021,0.008135706697803865,0.7024691243497563,0.7168731277386623,0.010759562542362823,0.7763980287992709,0.9282539172331022,-0.0420077268999296,0.9036407568604191,0.9176975354399554,-0.01326627942903799
791,0.762742288532485,0.7590706544038941,-0.0063738565588716215,0.12911853492842762,0.9190836969694336,0.8984635601232255,-0.021743315361625527,0.10935923772990287,0.9580520776979903,0.9302925189601876,-0.025033501067986245,0.07252614469931001,0.8791262362617167,0.8782148647150487,-0.0002271101178922107,0.7000170367100603,0.6936875302777611,-0.007445680462513882,0.8266435911058386,0.7157519624749601,-0.009434300831911364,0.9303211221257526,0.9229385493016771,-0.022029768707057272
792,0.7742457541104836,0.7486758886478644,0.01003977826397528,0.124690292882425,0.8993949169614884,0.8743018686637348,0.02144588053667436,0.11989522742336174,0.9631251852339956,0.8604003569592502,0.030447666482080776,0.07564514023577808,0.8974335895361831,0.8830777991250676,0.012509011254729115,0.70871698305597,0.6784560174278969,0.009189986871833934,0.8914851810513715,0.7798193087840282,0.00982010264718738,0.9012966026609275,0.887969270450412,0.024485656434018985
793,0.7542697653439525,0.7976771772766422,0.005117994159510593,0.13065843546942746,0.9102710290007112,0.8829470043363348,0.007129688215662565,0.11183970822939462,0.9701842680367917,1.0131546047149664,-0.001934917850947942,0.057704104968200394,0.8567759532040115,0.9274658167501264,0.0007716971450772541,0.6985336894286608,0.7312744699196654,0.005626861953891674,0.8431632176688152,0.9425262608020015,-0.0006810554512412972,0.9184392508609802,0.8777423409794062,0.007893185470829565
794,0.744348283954985,0.768347894449542,0.01005402702857638,0.13312109024209376,0.9027831930028951,0.8970573804743867,0.0011760960611362017,0.11618014611831388,0.9729283400835775,1.1250193713841783,0.0005451811995291722,0.06318125649032776,0.8641559057223834,0.8617939585457686,0.017235183891319273,0.6802026054307836,0.7136777292710326,0.008453023258126954,0.7990372658785236,0.6603879888147234,0.002131771734037408,0.9173753263242245,0.9334706399180643,0.003400862721305828
795,0.7543564635987776,0.7353672658570253,0.01838934331472503,0.13112950189987438,0.8669734288029056,0.79901888350682,0.03904356379241843,0.14315956674077948,0.9312024787086832,0.8427952298933541,0.04264771284443388,0.10059044439729799,0.8747744344656063,0.9222638904993389,0.012130374246840256,0.6912402594291137,0.6481696518255345,0.018571991299696056,0.7224021226853738,0.9430445846172792,0.03198689845288358,0.8900123923336691,0.7877205372005159,0.039033917048783555
796,0.7756606019342382,0.6968447563585761,0.010701815817341765,0.12525685536099032,0.9154457584249187,0.8247938897608668,-0.011604220194182136,0.11285546938256354,0.9332435448936433,0.8055109064539872,-0.00915205227338569,0.09230649518305875,0.8920691351003974,0.817100995375494,0.011657699363287257,0.7132490017996643,0.6341528581718913,0.010111258075142559,0.9297468520278414,0.8005842473918837,0.011470306905739832,0.9143405755984136,0.8260982002339078,-0.015408777785941774
797,0.777082454085788,0.7561744509173335,-0.0073251816241811565,0.1250607621792617,0.9097510006016688,0.9556618018556539,-0.030569451660126853,0.1171903191048974,0.9508538663615642,0.9080211923772782,-0.02262773517440841,0.07775266114401742,0.8802855158655956,0.8399481393022661,-0.0026865403366868024,0.7207429341708514,0.7077676183319033,-0.008113747131390818,0.8288024021356611,0.9028805783357948,-0.013405958352533536,0.918762837627377,0.9602980594355282,-0.03302826763409878
798,0.7395744070057472,0.6517991547310472,0.01802344386475543,0.13655539182111442,0.8864078006949698,0.7407553636854847,0.034625939522695035,0.1364595583315802,0.9248402251264585,0.7936002747257632,0.025152048821904385,0.1003112926000825,0.8888692214704331,0.7973783188602223,0.02326341196898386,0.6613265365952073,0.5764152188145943,0.016389461652750292,0.8701857720013143,0.7241724633371276,0.04711142339027634,0.887892879722798,0.7416587654404707,0.03258827737350931
799,0.759762658676686,0.7456951260708958,0.0008981534847563642,0.12912370548548766,0.923113667988374,0.9423305202947787,-0.016500889277660934,0.1050678480661675,0.967047854113605,0.939113982270955,-0.032703620616371866,0.06877051830719158,0.8816337142479403,0.8536689880434676,0.010898653061635902,0.6950760020592361,0.684643976165494,-0.0010616451699038555,0.8920473982699219,0.8544401472832093,0.01725189686950584,0.9273310201579732,0.9508705855255947,-0.02174586873989109
800,0.7597623200036856,0.7523425875155222,0.008481813099942458,0.1290389186220711,0.9150546365736582,0.8727073826556654,0.006088137143005751,0.10875910751557688,0.9861005162687224,1.0008010400259666,-0.008574354480425088,0.03947214603523658,0.8827649366371376,0.8863119589438869,0.018855706178931196,0.6940698427757335,0.6798135865493133,0.006228685205805715,0.8784593637380015,0.8450104602054265,0.014514247897975214,0.9187405621406609,0.875090500576045,0.004890077887419233
801,0.7555051946149077,0.8551862941385047,-0.00127454137211044,0.1312642470605073,0.891620704413607,1.0351887729142235,-0.0063603175657872225,0.12795605884160505,0.9781962168906527,0.9895113138270768,0.004018072178197502,0.04830533913403804,0.8515169595045358,0.928212837951259,-0.012227866105702288,0.7029466958714089,0.8166371327157811,0.0007511686913741991,0.7604915966179996,0.8612815205995517,-0.04566070966329358,0.9117779729403147,1.0687577788238376,0.0027562339070316597
802,0.7631350345076131,0.77852339405772,-0.0007813475082591296,0.12750381054274731,0.919662040404079,0.9913442738338097,0.00937775745227147,0.10737370676857248,0.9721480478075165,1.085443504786376,-0.0009003323036137492,0.05974860900879298,0.8825904925712525,0.8230875339321175,0.0007922106889478078,0.7011019748652949,0.7502885329212354,-0.0010637727405293173,0.8980649938803564,0.7211377699371815,0.03020736528531548,0.9266855161666986,1.032638407802124,0.007937546472655004
803,0.7562562082277307,0.7258739620099838,0.00775362170603452,0.13009014427587834,0.9124780056958768,0.85538702283023,0.023993959905369743,0.11285296314696731,0.9701729606887279,1.0227635592543944,-0.0015563443549767725,0.05781591412114033,0.8838855705432571,0.8781172834885212,0.006903850938607436,0.68841473407312,0.6491384656736939,0.007446602649614462,0.9062054697999407,0.9012038074671299,0.024680109855448457,0.9130633128051073,0.8503465129588141,0.023458596123750612
804,0.7642918245035664,0.7935355539693566,0.009202600675373481,0.1278315470326333,0.9187370772013489,0.9012400082691145,0.013156657226527703,0.10644021310101216,0.9681708901564737,1.0462515920909619,-0.0013176258402007417,0.06093127503189581,0.8734408301363662,0.9014406050875359,0.014389562486478926,0.7049173563818026,0.733302180107999,0.00795728697786607,0.8401802128259523,0.8145432246920186,0.05335674608567084,0.9288699529470629,0.9093224550738118,0.006626468035438759
805,0.77867905031921,0.7664818065316643,0.008468826584406855,0.12298532985097461,0.9173738248042949,0.8611208348384899,0.022324713719075195,0.10952876408262921,0.9691731472344556,1.0234120272322362,0.017192689129193382,0.06123084897189084,0.8880402372714397,0.9104545877591612,0.008761341844334091,0.7197525711473346,0.6933049699229312,0.007980089458571314,0.9293819867625316,0.7568719981684047,0.03980509154405749,0.9169808431096981,0.8733954221253029,0.020104552460660643
806,0.7619196810427687,0.741853368584499,0.013685780896040204,0.12789070419315665,0.9050755106280459,0.8475066264842133,0.00043399756312431577,0.11612115772360154,0.9797012850115494,1.0155129278019162,-0.008251792616783197,0.047997197555144436,0.8687296244751005,0.8490964264016194,0.017598853759405092,0.7031370774858726,0.6827270862919838,0.012570159853386238,0.8301960323160141,0.705327499805011,0.010852864548240068,0.9136051396452938,0.8651646446265605,-4.767021897775248e-06
807,0.7630094271462449,0.7997029628471455,0.0017352364917379332,0.12831615636865726,0.8843921109572305,1.014148714388462,-0.024033145418592704,0.1344623768238132,0.9522901441501752,0.9318784574200228,-0.024458318015342675,0.07640833830864138,0.8915542329196104,0.8937513518799373,0.00444832403319641,0.6950376459398518,0.7451443998367232,0.0011595515180366286,0.8697180423576226,0.9312505134836567,-0.011438937210732686,0.8858570464410501,1.023303318982525,-0.025450515508749032
808,0.7645267443020802,0.7808377068293674,-0.002439403311814901,0.12777628836567023,0.9063688930691165,0.97852562487722,-0.003050402417202091,0.11553143010794123,0.9195888475088801,0.9378107842127582,-0.013877255458674723,0.09481064810886453,0.8793274388183833,0.8990291740550562,-0.01113588424947262,0.7026290206291466,0.7196787193540817,-0.000935792899075233,0.8130262162096613,0.8569290583461359,-0.0008070236518452722,0.9168886189021954,0.9936099145170887,-0.002271746668696367
809,0.7675824975686792,0.7483298046862483,0.0014881417899629905,0.12632566786161734,0.9080632064264376,0.9379347903675086,-0.01566925450340103,0.11435763612396806,0.9854509204564283,0.9218351878080484,-0.006839659332785805,0.04258922548765333,0.8794400175510906,0.8392468247811551,-0.0006713367280562797,0.7069682334513033,0.6980331964696606,0.001794751446753072,0.802228566417531,0.9294855080804404,-0.04652287844231571,0.9222267295738151,0.9433885251036063,-0.01030700507415305
810,0.7634441525831305,0.7712638989892575,0.0037547246971501914,0.12798819381808166,0.8879081403955966,0.9285601399553033,-0.01224722452106522,0.1272415765024235,0.9643470967853633,0.8486699287819143,-0.009508319015842474,0.06944998962349985,0.8824385134634568,0.8877345504784713,-0.0013824298876830335,0.6996647770356534,0.7099477118757801,0.004480761614109426,0.8948221192960784,0.913027128152448,-0.020913978338678363,0.8871118234218284,0.931476582638151,-0.010595266195090079
811,0.7761230089952198,0.7712668280488483,0.003700095417509508,0.1241365742045,0.9202227947572892,0.8846725523198663,0.0044790457500010795,0.10578269321722884,0.9835514980027233,0.9265471007092386,0.01598825058929631,0.047180589154048075,0.883339121049641,0.902998552291094,-0.0002968134259785688,0.7184121526903395,0.7045094856930177,0.004115238087392704,0.8549399214494189,0.9882876804160007,-0.02262318547574388,0.9297562336072535,0.8774909166605537,0.00786814498160844
812,0.7696238777722689,0.72162966349699,0.01960108220104067,0.12665279506289975,0.8934025025257113,0.863019463842522,0.021662297746365237,0.12321078528347057,0.9800112378564868,1.0441850046833778,0.007600127900476265,0.048970344833306055,0.8892450783304424,0.8308813496363443,0.022728420462050567,0.7051563685093721,0.6619678512414253,0.01848803339109175,0.8503619489111288,0.8118155668797901,0.04283507345834444,0.898106066485037,0.8673615302526113,0.01837611632618625
813,0.750881485969053,0.773413665933176,0.01353734838151554,0.13189339054038823,0.8984482265092524,0.9869836447604438,0.0033081902536940327,0.12145819588888467,0.9637676831796188,0.8708759013164009,0.0037282222258241287,0.06683109600615514,0.8633766124494104,0.8651275940816896,0.016726030480034355,0.6900169295486867,0.7209960975219831,0.012632760901219144,0.8529509199831108,0.9785130298879885,0.04431820694863249,0.9051272475750137,0.9862065428787604,-0.003814973092179476
814,0.747372669357886,0.7031289763948081,0.003687537505421068,0.13325616201063462,0.8708129803367552,0.8412587283909938,0.004850083999160021,0.13561149674890088,0.9589268209282954,0.8557674221626564,0.002067219413670186,0.07156378110390552,0.8720141132127591,0.8673755923018139,0.0040292051396244285,0.6814141781706954,0.6224672387269888,0.003206605884568831,0.8084502099421226,1.051655431829502,0.019517608496674832,0.882879766936626,0.8231577363854485,0.0005675111789145743
815,0.760506455996749,0.7409521034143123,0.009651887892948432,0.12846981769068513,0.8952466989851284,0.9156877209111977,0.014164894739453874,0.12168082620355587,0.9442616951615586,0.8318822741446114,0.01668351980825541,0.08466803921371066,0.8875483513266806,0.8920421346361634,-0.005818590176956763,0.6939277628216985,0.6689416741895489,0.011942033589123926,0.9036381893278626,1.0149470114705763,-0.030674769406803002,0.8966627676226085,0.9115564726896919,0.020565353307918633
816,0.7304478653441514,0.7317065333197612,0.00671680975305997,0.13741437179912705,0.8717229278986853,0.9593391844167003,0.001609035732020075,0.13678591832713866,0.9176784488671026,0.7493831760456576,0.0036180479312232583,0.10464166532656381,0.8775064994202584,0.8509170194777305,0.002730909437985075,0.6538245893388255,0.6671831269923761,0.0071884417238579105,0.7464991960985154,0.629481301680477,0.01686396024349768,0.8902277041605038,1.0123657078437758,0.0018957777675809384
817,0.7712271255839594,0.780996712515299,0.008148302759664574,0.12550379949443466,0.885753334312581,0.8563358397236607,0.02906450572078411,0.12944780758924118,0.9656810979174242,1.0301264567766737,0.014414125917064702,0.06438464047550341,0.8967621777759768,0.9116007613880517,0.004692169481379508,0.7042982539900612,0.7127168504496595,0.00844812767714743,0.846917957756167,0.9306562747507406,-0.012208553481060617,0.892755695436447,0.8544482841259289,0.035256975438596946
818,0.7606049860595916,0.7433048110739188,0.006185272877447422,0.1289129691441888,0.9150043746747551,0.8370293511194681,0.01658176702798132,0.11140655523135164,0.9594502073424982,0.9544540256772617,0.012857577683318395,0.06761027428233932,0.8801013859079997,0.8619152801011722,0.014132299075771008,0.6966540907899726,0.6782425411058404,0.004462919526619718,0.8745634515935894,0.7569960171754047,0.030447957156847665,0.9193420642399227,0.8456070859624234,0.014865389873285563
819,0.7753684550332586,0.8491054383224304,0.012271475359269144,0.12523696098065973,0.9061219349518068,0.9745603321985427,0.005742437096440829,0.1154250139344711,0.9684167961505108,1.0124756960474035,0.01653986770634064,0.061307930170355865,0.8886934508276032,0.9709327716464067,-0.0015339578848817435,0.714949884551261,0.7881812790982483,0.014405281306404023,0.9064413944028213,0.8191300679257327,-0.0016019771121269216,0.9082451243736946,0.9978014277543474,0.008646297862488949
820,0.7785617652285207,0.7937698815622122,0.0014979382003856576,0.12279841319698462,0.9059768244130632,0.8968967549574248,-0.013919776794227219,0.1155641765475258,0.9544728925481569,0.8954403356231699,-0.0029165237408542224,0.07169835710324293,0.8892836376913043,0.9058748889395722,-0.006436166093259709,0.7186166467645246,0.7353395297147167,0.002800477159227514,0.819663433924397,0.7547961488120157,-0.023022206562636458,0.9167548467984311,0.9175832285590876,-0.010659933838937258
821,0.7526930299410862,0.7559962151754841,0.005037159839211468,0.13077363395722408,0.8810226996242461,0.8823424536465868,-0.017475951515641103,0.131211872250885,0.9706459148469074,1.0404222059533796,-0.011161186090392577,0.05895563548163466,0.8537923875982101,0.818011739390897,0.0017714737095853223,0.6983073278925161,0.7209598351038597,0.00556270376606403,0.7666648357068984,0.4970307781063424,-0.044800936603154165,0.9114573472978171,0.9621585787646713,-0.007489357060112818
822,0.7451303776655318,0.718300667871733,0.00458553831114943,0.1325222522144394,0.8769132999387992,0.8416132936856181,-0.016570778574244223,0.1332864642751065,0.9666902224246303,0.9629047531982762,-0.023222642106049105,0.06428470852704707,0.8720915003796703,0.8665801406537087,0.0028585546529395515,0.6765797854676613,0.642254951954608,0.0046070918979391655,0.8431353934279735,0.9348418043038962,-0.02406064182536572,0.881385556515371,0.8326215676887306,-0.016352541978123324
823,0.7707855308193645,0.8353576723797098,0.002681804643311955,0.12608417163594046,0.9081721982337263,1.015471097220681,-0.008345084017306914,0.11631550801547515,0.969096764122946,1.0235022821570696,0.007073019393910477,0.05928613078852322,0.8915602532357657,0.8962251642350864,0.011835466531794328,0.7070612717651058,0.7954249437155105,0.0009144156751541713,0.8869074073381091,0.9418064062761083,-0.010841764601518427,0.9105419926428466,1.0251325906121804,-0.007179838614602679
824,0.7654778365261219,0.829689663677781,0.005495456203371994,0.12789507480168077,0.9109234137562217,1.0402478843164469,-0.004915664226746025,0.11620758020293219,0.976143867545063,0.9666289015103907,-0.003220893946976831,0.05084194427655422,0.8779791853839758,0.9254213973460313,0.005434219842372267,0.7047859832341671,0.7757936006775633,0.005344705727260795,0.8599357344433545,0.9862618329120696,-0.00045585517805616624,0.9162892059039166,1.0462085287391076,-0.00517551940933949
825,0.7804305522886863,0.8479972253790092,0.010623559935006991,0.1230476092609729,0.9182232932115901,0.9534614146003437,0.014058133353024459,0.10712941326956273,0.9702046214904557,1.169833416134099,-0.000211848279598565,0.07026959349056267,0.8947268548773123,0.9511490376680481,0.0272464087503737,0.7196119579421659,0.7866586083906091,0.0072266498122587125,0.8536764300794104,0.7527361657362858,0.03725549940991639,0.9268229002598006,0.9797030458539285,0.011531561057216989
826,0.7550425264202715,0.7080003710957559,0.016066601914318867,0.13064267469590352,0.8902284939268246,0.8337951155460566,0.029743873261782423,0.12694718328649865,0.9809387790745605,0.9064750997579422,0.011941144713710383,0.04988577844771315,0.8631215469852583,0.8501560893356106,0.01656402689684843,0.6964551810148822,0.6364352266817975,0.015321241459724477,0.8195274172911223,0.966137825515897,0.061531355726744424,0.9025705681218775,0.8209246952095599,0.023408584554621616
827,0.7454029650181672,0.6935801274107126,0.002966620805282896,0.13398630110157767,0.8381213043951701,0.7788684237689707,0.01259046989761956,0.15367200453407906,0.9565656897502628,0.7958242528278205,0.0017679126838228256,0.08032812688420173,0.8869765916907819,0.9062666595439967,0.00239344853902348,0.6732945752330638,0.5963529650934969,0.0025029254495037632,0.800745494310283,1.0031763631182378,0.02665183441334109,0.8469468280957796,0.7600935228717212,0.008258374518386645
828,0.7634956235227515,0.7691569641519383,0.008146722917567475,0.1276370690928842,0.9148359813086604,0.9326077133805151,0.0064312279871863096,0.10891732285929116,0.9676346151837589,0.9233790158222794,0.01768781743084901,0.06311376124155885,0.8842411662037635,0.8714993995507954,0.0008181644894098601,0.6997396131924563,0.7153158803200663,0.00923856217590257,0.8812732636666892,0.9157382717383536,-0.027472625391323988,0.9203557031838736,0.9399353782071533,0.012465062541739782
829,0.7593118241860487,0.824465214372144,-0.0003406109625341373,0.12973834597423659,0.8949862798051733,0.9503010341005345,-0.024565858366764483,0.12455431960476306,0.967751868275899,0.9754683200371311,-0.022329285777913446,0.0627956655078722,0.8692878044416684,0.8899490636725479,0.0026804338706331384,0.6999669031433979,0.7842192348961745,-0.0009103776516845175,0.874866359591113,0.6691725045101203,-0.02404372266513004,0.9042082774750388,0.9983036890808572,-0.021679310571104136
830,0.7591036161721719,0.754012671864528,0.0009373577220924236,0.12913824986615227,0.8727696208212914,0.9018127853607772,-0.013258706612479345,0.1354336950270634,0.9493990180563626,0.9745164001901979,-0.012971894292541308,0.07553052080862124,0.8792570104914305,0.8736872510064886,0.005787643951745559,0.6945356050335804,0.6886391138856052,-8.812512083055452e-05,0.8597749256014932,0.8774326431226536,-0.013112836733260923,0.8738258881133835,0.9047248429729828,-0.013031440772169485
831,0.7691471671756429,0.6787645163648219,0.013038614931681411,0.12786082659470024,0.8927426796540985,0.7993787809799383,0.006637677518930861,0.12534413857205678,0.968504739040079,0.8531527364017845,0.0065509943202977285,0.06510590371336818,0.8941099292332536,0.800392362280906,0.006185596909209312,0.7024903868028909,0.6170404210467493,0.013815013709426463,0.8466943130477027,0.8158858501528086,0.013639203638992273,0.8977943697869134,0.7969996356422999,0.005266301253941183
832,0.7642602610318312,0.7548556884985842,0.012157879087147192,0.1273086338021525,0.8911855432242121,0.8977901152149891,0.014567737148072612,0.12349022697958376,0.9502402263437559,0.816723927842063,0.00635669364784561,0.08105337510603838,0.888959677756075,0.8780939075371297,0.01178460099654535,0.6978077956997735,0.6894868962201138,0.011811150801029088,0.8932240084937286,0.999130261578301,-0.002774986528933149,0.891444350260461,0.889138969833608,0.01649601656197307
833,0.7738459877672524,0.8133535639694012,0.011511555445573867,0.12493282564683603,0.903032891756352,0.8899695665794615,0.030027062363718222,0.11885039656009619,0.9624908679616319,1.1159106115105786,0.014422207375923944,0.07300922551384793,0.8776024972041797,0.9106248086596812,0.015365127049558109,0.7168212622915808,0.7581199359605792,0.010495572014601263,0.8106207016262823,0.7790242362150048,0.030556149819300358,0.9136070728615244,0.9039947781812905,0.03097836593470329
834,0.7378372586866119,0.8149798903062321,-0.002380822746162053,0.1363080527398487,0.8397870153121845,0.9263289703643001,-0.00808877054544081,0.153117055826552,0.9235459009668502,1.0143570199971925,-0.030361911929583017,0.09854632193327184,0.8781777619592086,0.9381428851622169,0.0010450109064721743,0.6638957721135388,0.7453272739878516,-0.00298067579345067,0.7820197535295276,0.8442838635880946,-0.0008286420662871782,0.8457219413921497,0.935669436384457,-0.008521290143798802
835,0.7741483165309454,0.6878920149038541,0.011721845208190782,0.12617448082050878,0.9308315761619144,0.7869752894898759,0.004205057485140917,0.10646610477195667,0.9689414924232654,0.8316839406336918,0.019011782609331066,0.07053732962319322,0.8907205544187141,0.8491090646834268,0.007939110703183669,0.7122987287923406,0.6104967949575162,0.011748864958335496,0.9131840626332316,0.7124346312391336,-0.02118625936386075,0.9351939179225308,0.8009157325253735,0.009568054236769163
836,0.7431209605174294,0.7133026809171708,0.014776820526241408,0.1337321215043208,0.8777861211962228,0.8844950671821352,0.0272664333421795,0.13231355590926142,0.9502402113605081,0.9041214165298432,0.02360278131775591,0.07804815823869624,0.85144051531425,0.8484772715091099,0.012858981476032637,0.6840757553598619,0.6446337154271845,0.014558299355457584,0.7116440506993804,0.8896717633949662,0.0516554824319446,0.8998150741742985,0.8826562310040157,0.022966404342260112
837,0.7740722321150814,0.76255548110527,0.008232801229057863,0.12443292819661819,0.9129253294870399,0.8917657743602467,-0.005182155921332591,0.1101350413586959,0.9692309373621497,1.0039679614123158,-0.004011873517492937,0.05809032424905429,0.880594632010164,0.8401607277079869,0.02545983569004414,0.7171250325349173,0.7143738147126043,0.004776189685218175,0.9278672402510761,0.7548633866828186,0.016483221188568837,0.9129353431617308,0.9082959243367391,-0.00783050656968915
838,0.752822332278963,0.7427169931721277,0.017288222427850504,0.1314504407773462,0.9043138333024601,0.903085170988377,0.028184452735191205,0.11800705956143676,0.9432142386163,0.9081737656173948,0.02108777699418599,0.08206652405350759,0.8817070379748477,0.8895515774064273,0.01727751585855821,0.68421673887764,0.6674350304571687,0.016610966170314066,0.9278031378139185,1.088273424194572,0.06973905340390411,0.9060701046940741,0.8851131456472363,0.020007038796123575
839,0.7548086777883937,0.6665878382580309,0.018276690789575716,0.13187163230373036,0.8668128950845673,0.739923593338919,0.026917864358657808,0.14349160451733572,0.9429258744428385,0.744317302585472,0.009398284732444296,0.094686762189022,0.8821945374297614,0.8456609489186644,0.020517521321643865,0.6874567400964886,0.5805773409027725,0.0169590627932315,0.7425698066977229,0.7015171454231465,0.06794976224619254,0.8836730664518183,0.7422407547804606,0.019961027054098173
840,0.756500957425417,0.8911058905722942,0.016129888876432324,0.13373209381840565,0.8900609096224553,1.0833546631712574,0.03390571010934916,0.13877779157506828,0.9306069525160964,1.0602700470524076,0.04167357962553394,0.10091369679183936,0.8824769521612318,0.9753129702033599,0.017075978236417516,0.690027769677817,0.8410272081537828,0.01566658191020991,0.8250022289263361,1.0815044096479676,0.028798343668049474,0.8974321923268183,1.0841984944427103,0.03481093227355365
841,0.7556656474184243,0.8768543507476442,0.010235390421624321,0.13244187291860743,0.9179969956676949,1.1097775740318845,0.007946654595743743,0.11721608784221885,0.9680448501165471,1.1343122732832718,-0.0032441218705955145,0.06923489853379207,0.875505699105729,1.0151564407700047,0.0009805968919897072,0.6917868102946284,0.8060955566263404,0.011505028825662792,0.9136024625399344,1.1809343077648295,0.008304735146371494,0.9184280931667052,1.1022974259044775,0.007275577477632806
842,0.740882982954802,0.8530754790339014,0.008420667091814481,0.13721654586942864,0.8836379551462867,0.9918282445248715,0.004341820094572384,0.13136442337147136,0.9437041284374454,1.1567056952366612,0.011426570067939075,0.09199700614318858,0.8706942700323145,0.9619909149364875,0.001953823556126131,0.672578778362437,0.7936282058953346,0.009393226076370085,0.8386585115394772,0.879833464018678,-0.003953875791126262,0.8891384626639748,1.0076081358878173,0.006927059229512574
843,0.7596241290481248,0.6949745001070864,0.021462856563436408,0.13047581377688575,0.904814774180066,0.827540220571721,0.03605823436878326,0.12119580657471951,0.9595627612336338,0.7705654883034652,0.029552942737985338,0.08938165937658386,0.8662123386595195,0.8166220376161227,0.020674991791465674,0.7015466867817415,0.6324215426357419,0.02091480153682753,0.8091672661728807,0.789391176072916,0.04186563297351545,0.9156216569286401,0.8312680293547762,0.03538565875768972
844,0.7577649489038414,0.8162062619129186,0.00961678176926019,0.13054753170692746,0.9147079047974287,1.0181101972823177,-0.0026665239111564477,0.11208593128563199,0.9429217885069893,0.9350313847207631,0.025356906923930073,0.08288193504770901,0.8844399835509096,0.9278435947392362,0.0020023635267932736,0.6908550692828366,0.7568821307664294,0.010725362012192263,0.884379496160371,0.986053784058757,-0.039269463385066775,0.9201462350157239,1.0282310236130667,0.003990075472321514
845,0.7836080946162449,0.7885069749017338,-0.0012350903837519234,0.12148585356690514,0.9075400347178987,0.9305374686926041,-0.029559217784674127,0.11793911925735473,0.9747440271356844,0.9595634466673213,-0.04147602336013112,0.06704245662264546,0.8906936898988709,0.8812439875745833,-0.007226678807503174,0.7256521960388533,0.73873871482484,-0.00019963653529408198,0.7964286657636774,0.8005841984749189,-0.010494664332416406,0.919863014825158,0.9448719830550489,-0.031646734320116957
846,0.7703554689966102,0.7712294217218921,0.0034470757938924257,0.12587025667449755,0.9193920143923817,0.8892245915622338,-0.00020313651293568294,0.10620593380816425,0.9866419317325744,0.9774942890410119,-0.01574946001882743,0.04101314601555332,0.8721801994333752,0.9078073845181764,0.008424547631146632,0.7153754372552079,0.7004554443268984,0.0022509741974515835,0.8046961660744137,0.86446854877442,0.013752042053051895,0.9328126456124355,0.8907826991026357,-0.0024081609185537855
847,0.7610399438961515,0.7130318012035306,0.0023865082436223977,0.1289171445415801,0.8908038996420931,0.8725023488006021,-0.026807496865534023,0.12835897744565886,0.9665260603483096,0.89597765049992,-0.006918138817750578,0.06269235641097898,0.8784910502172391,0.8275645312504829,-0.0010479033091875122,0.6976276051375978,0.6527461613075138,0.0028369868892925676,0.8087355972918228,0.7599712400844413,-0.05378147696525824,0.9027415902947127,0.8924420470562832,-0.020674247889407242
848,0.7515054445867542,0.8894902531026561,0.0014264023119030592,0.1341131343010288,0.882506978566562,1.0703833148768989,-0.010703706543670335,0.13657354706356428,0.94382988712577,1.2087611974853043,-0.017186051115872434,0.09686338288375991,0.8867633609899656,0.9823473340547352,0.005182820115610806,0.6799874818711383,0.8328053223554541,0.0007393795479471066,0.8855496963263289,1.028129352270019,0.006920705868950359,0.8820456496896244,1.0738943096244564,-0.013425189767327188
849,0.7906175136129387,0.7334543394567999,0.005721156000603238,0.11956756163381699,0.926930054892805,0.8824949292315698,0.008608823482255668,0.10064636422731671,0.9733829071332081,0.8392235594799837,0.001707646458337668,0.06276295017707896,0.9018723214188386,0.8639782394956513,0.015588203344595292,0.7307492055465693,0.6636702208543123,0.003581963415830386,0.957746185424755,0.9180294056777497,0.01915816969396199,0.9235524034303739,0.877631143841906,0.0064697670673699
850,0.7623571895269216,0.7423789311719438,0.009599450183060682,0.12747232051446553,0.9014831757339412,0.892817205453412,-0.0017424073677188225,0.11634441375264547,0.9728360282208336,0.8392494248347603,0.011271448806196514,0.06452735459975781,0.8743851275280063,0.8581576803024539,0.011552945999248995,0.7013956766719169,0.6800299930455049,0.008906271590258221,0.7933304244051558,0.8233520699791929,0.007922151098689564,0.9136129942946339,0.8999511640434472,-0.002743397655446128
851,0.7713942363966787,0.7691313660811492,0.00874798789499491,0.12529067191477353,0.9106187274367605,0.8954036489232616,0.016533104856118457,0.1119602537912523,0.9501443466621008,1.0172034126602267,-0.026928769764711237,0.07973826118713674,0.8758143865306088,0.8975304996713694,0.023171699855183095,0.7154892549842481,0.6995623124022106,0.005748972764835977,0.9019569570479339,1.0281431763457813,0.04898991133181745,0.9144571385925641,0.8820525353371642,0.010076527842936542
852,0.773712922054999,0.7147442351260618,0.011186529599933498,0.1248442504916413,0.9172480629934487,0.8179851332585508,0.011727708732409452,0.11058333411051394,0.9569927600526125,0.8865725947668224,0.0030603408424854832,0.07017022254661062,0.8927332416285261,0.8692978811447589,0.011726886322750997,0.7098093273353551,0.6373436690472459,0.010537154432415863,0.8988961820479677,0.7659594661659561,0.03296900713564991,0.9194744490780891,0.8227187681723545,0.008422503045337615
853,0.7549785373285339,0.6973392493879854,0.021676848203593082,0.13192055659327484,0.8801248767188512,0.783247230825637,0.02784219074168066,0.13488999224361403,0.939426173606279,0.7538469649280536,0.03263201825734468,0.10191904324789915,0.8924000641794266,0.8814136666913381,0.014875096858128318,0.6833078935980516,0.6109782633176559,0.021831785468361547,0.8629670969820117,0.8901316681952425,0.03308062682996656,0.8829620700902411,0.7723174693287395,0.026026863775289174
854,0.7729128540100906,0.7616283627288957,0.007557725893500733,0.12411581605581479,0.9270204283734453,0.9581647746976901,0.007757563164663186,0.09970904886564268,0.9741817508222587,0.9166822423323974,0.0020587871489787875,0.05387121175243183,0.8715524288839795,0.8662568972995075,0.00813887086381924,0.718110684053035,0.70467249314841,0.007180395707811054,0.8661385218791084,0.9581156720462475,0.03656016878018466,0.9348660120407358,0.9564934549869352,0.0027366663581499355
855,0.7701670519062169,0.7540978674332345,0.013378954757446717,0.12596314426480124,0.9032399864499475,0.8122425689884171,0.04708289194454598,0.1272706384600618,0.9443255957213672,0.9358125990595031,0.02813346208780073,0.08339392985581108,0.8818721171316553,0.8734171553274911,0.012367139526842721,0.7096293917322593,0.6912157606413402,0.013117062661059022,0.8397155871964656,0.7552477563338695,0.029880871989505075,0.9111219055463877,0.8213996968937647,0.05071557665421023
856,0.7423811008626794,0.7070815881256741,0.009859140922575416,0.13420927552863762,0.8978492341274995,0.8399156774435212,0.005654391368767663,0.12016229868938663,0.9293417340137806,0.824123171059599,0.003011095585200101,0.09199956858293208,0.8888454027996187,0.8931111047349825,-0.00987820861340431,0.6673389358110121,0.6224519415441867,0.012644167334861445,0.9089525537438359,1.045103169060992,-0.05010450964759252,0.900831329166347,0.827854956175221,0.012213550006644444
857,0.7704423547419473,0.8630404160476253,-0.005261578365062286,0.12769903020914983,0.8676881634446695,0.9778085688086631,-0.01133546550038559,0.14123806944118766,0.959389000753448,1.043525736970094,-0.019348958501655796,0.07146265651282234,0.8915688266887947,0.9424567953963465,-0.0038247163226869446,0.7062146199871855,0.8156737425369962,-0.005481608215314823,0.7498476398131783,0.6938559854882845,0.04286519654843761,0.884484122965833,1.0170730818904403,-0.019398605351731508
858,0.7664927511598537,0.6572685580430673,0.0050180680669502185,0.12984650080251828,0.9203162186059373,0.7714088338820354,-0.006514719014971481,0.11531577758010088,0.9701464449589445,0.865278587772611,-0.004671086311565301,0.062564997916914,0.8792237732894721,0.8032690897444839,0.0011794047722570222,0.7060358587437073,0.5860829497575154,0.005298398166178673,0.879859599674678,0.788360499471265,-0.015461989689778818,0.9249647351856354,0.7704232526046161,-0.005177136968262478
859,0.752566750019101,0.7742361696112021,0.011312466464496069,0.13090442331304383,0.9073905551322644,0.9645076005290643,-0.005189036739622709,0.11457681151371357,0.9684966277186914,1.0078459213900504,-0.0012097817057244943,0.05882110413310367,0.858906455767119,0.8772734068915378,0.004091250028934141,0.6950646819204737,0.7204432892752246,0.01231217245726564,0.8624926367476988,0.9506367584423364,-0.025833357990179925,0.9130464366525176,0.9689295595230966,-0.0014941445826825953
860,0.7565510552730643,0.7579503643405379,0.021249691064931034,0.1307679573347452,0.9041508999928458,0.8291683577392207,0.04474426414249028,0.12443287108943657,0.9305812957241855,0.931568946435735,0.03501250184129412,0.09441032442712378,0.8769425250039384,0.9045632656317146,0.024173300889494837,0.6921083897127908,0.6824932069661225,0.019968485599077195,0.8643727584514571,0.8750170383837371,0.022947494834227002,0.9095019565139142,0.8269022055293879,0.04805595449754249
861,0.7563091694420203,0.7884975289357531,0.015681118498755153,0.13018013876051315,0.904504112687705,0.9071383647410155,0.018892071093389955,0.1158226362347413,0.9656650721366362,1.0062229188428913,0.023567649372643322,0.06575382384272252,0.8794832154138883,0.9472472230922859,0.0044591140976246585,0.6911408357214683,0.7115015073220271,0.017011757648552794,0.8415951279223437,0.9592381181353193,-0.023402616272835828,0.9144177840567055,0.9080433018465812,0.025508996406379058
862,0.7429545673461194,0.7564402709695718,0.00951427057648569,0.13391808201555483,0.8799142716882586,0.931689455293905,0.01133238619244999,0.13110685563608074,0.9308744322920941,1.0882623663740336,-0.014538928751059037,0.09515044069096043,0.87431490841274,0.861428888381593,0.013888205274315918,0.6734602622029112,0.6967807739235324,0.008427602373596124,0.8789228129997345,0.9557419537629086,0.0019283436576340866,0.8798477377633259,0.9300618700259802,0.01270996425381151
863,0.7717802841014786,0.71150170805021,0.004147877526830962,0.12597322627167523,0.8979652352631742,0.83382602933689,0.0026006832884057614,0.12063389141916087,0.9729354876293803,0.9375968443604995,0.01578551934866736,0.05710709929019361,0.8768110083994222,0.8176016189179852,0.0003762566123469143,0.7149646125549428,0.6564000893944876,0.004608654470477606,0.8204311048612,0.7529902623421105,0.004897486618548333,0.9063358896002633,0.8433257790668904,0.0030123374476292977
864,0.7618481039054954,0.7983962719267681,0.0058901786577925585,0.12866479807342898,0.9202007117691816,1.0107888601326784,-0.019114791896918854,0.10915155145688188,0.9561959106787915,1.0311242337231836,-0.002410714072613741,0.07105632512522635,0.8741395780984186,0.8730964822804845,0.012758422398553314,0.7015748902564983,0.7529043278810913,0.0044761464768137615,0.9431899022413954,1.0134222864052485,-0.023106271706719108,0.9176011174294239,1.0109298232598278,-0.018458136692569845
865,0.7397154799606107,0.7259262542409333,-0.000778385358950061,0.13465159431205295,0.8687397275702302,0.8683556461899179,-0.03835640779162145,0.14418621844014323,0.9273544600618383,0.8199384369223277,-0.031111596625846227,0.09935091090416677,0.8805985384461135,0.882682635966331,-0.008469371277960581,0.6657849717873935,0.6478966248043574,0.00034719644535876704,0.8733203079246198,0.9608043868969885,-0.05174499799905685,0.8683874836227496,0.859786577292753,-0.037187106563517876
866,0.7419344568294144,0.8384853992103479,-0.00298970409602417,0.13609286022238884,0.8796246828756253,1.0287493184399952,-0.023341298341523993,0.13771174761370747,0.9315881823783464,1.0708247248807976,0.003997233328355448,0.09180185872300432,0.8740549916272571,0.9368148694818453,0.008274273196111742,0.6724094586830794,0.778528806519445,-0.005016347873871057,0.8477822363554209,0.9666946591637895,0.002776600637343115,0.8831505681157349,1.0341260939489076,-0.027366831059503324
867,0.759263340064125,0.6558433858895006,0.0011015105605234232,0.13147713967818717,0.9249752827054106,0.8079780663258455,0.008063723612123538,0.10671850884810587,0.9641666394311482,0.9210535498848935,-0.015580656756228575,0.06487060176807996,0.8695629625809941,0.7558251738091345,0.004612663671694846,0.6988849547989844,0.6010783329094728,0.0003262798081376204,0.8673841436333776,0.6715238391081093,0.01870092620587611,0.9318092047406643,0.8249721231187371,0.0075229963179398
868,0.7835569810397518,0.7260766913528716,0.012504133627900014,0.12182794174083002,0.9254442406947769,0.8782996587337303,0.010000241593686695,0.10188701240730019,0.9741896384526371,0.9296222674811139,0.014125614741817573,0.0554279171076381,0.8856728885110408,0.805765999193487,0.006905046297701634,0.728011677461556,0.6832381706478206,0.013286610663255838,0.8635562733129172,0.7219765493670924,-6.317001831066499e-05,0.9338540077960472,0.9006975082836213,0.013440019316684747
869,0.7813173090125488,0.7850504719688162,0.01057567927667074,0.12221728773519161,0.9014842632861608,0.9373497766158269,0.008428183041335508,0.11723501352128725,0.9882113801334463,0.9399368106059681,0.0035383284466422053,0.03727141693766435,0.8798161498897586,0.9064154819929143,0.012398171871005864,0.7275576564620537,0.7212216717260657,0.00984216615755115,0.7942898948107869,0.7701552559804441,0.03492726840181958,0.9139737688950902,0.9568686798842041,0.005004897184790413
870,0.7719233530257891,0.7586824521420671,0.0096931594786045,0.12530944774040628,0.9083503665771313,0.9044833686697946,-0.0117051711944447,0.11426532833015868,0.980692714208533,0.9407356523105946,-0.003286238166532529,0.04685577273270983,0.8862291714590879,0.8743312693608096,-0.0048297668959502915,0.711850915742252,0.70231370766099,0.01198245694498637,0.8486147402897266,0.8410006425806736,-0.019833455205395544,0.9151614663601935,0.9134491158330211,-0.009579427193687127
871,0.7911021846509312,0.7454588046558394,0.010713245969425017,0.11847517698760078,0.9211123089620943,0.8896279819925782,0.014782252252226118,0.10428093992900227,0.9580273826342061,0.841715900968468,0.017151554916980612,0.07498239921072787,0.8935497689270837,0.8559991522822658,0.010552289218219144,0.7345859214111671,0.6863627695705615,0.010372123427356005,0.9528544287971923,0.9499980943223596,0.013289750572395204,0.9174206373696101,0.882989283876983,0.01446454007745575
872,0.7687688253903302,0.7974519291849832,-7.241771622388322e-05,0.12642359562450328,0.9134631314471724,0.9841590472552154,0.010161393074371819,0.11141220745649273,0.986460946582688,0.985903303178694,0.009270045049426943,0.03911150282693478,0.8901025529939878,0.9293330236701993,-0.012999037883258818,0.7042060526229327,0.7313875567379408,0.0021174574036752027,0.8789573344115466,1.159844098920384,-0.003948067212061084,0.9191648241401573,0.9691614026963166,0.01086463454472173
873,0.7399378962567454,0.6178392789205341,0.01680229846060592,0.13811687237394965,0.8805307310982929,0.714213155097241,0.04527740043096596,0.1443900657842426,0.9297024622825942,0.7797619736423002,0.04483097725951151,0.10800242520829623,0.8816801099735528,0.7830299958693533,0.019519887695846307,0.6658376227880128,0.5377566407440101,0.015518346069881566,0.891929280707597,0.8960940996969969,0.03287361413748756,0.8814145189120524,0.6983858077453217,0.045690677048838356
874,0.7687100911130199,0.718108833097555,-0.0004936039419338917,0.12675233210953216,0.9246122064833169,0.836280389624711,-0.018238848969413256,0.10822917885356043,0.9651846391186931,0.9517823225119095,-0.011160883513714335,0.062256221585510065,0.8810030825856948,0.8173176401280701,0.00043866156798739667,0.7076112111849454,0.6634522732786339,-0.0007569359787852482,0.832049158807872,0.6745308092522834,-0.015425289818335127,0.9357550942224212,0.8583242402752873,-0.016836273166795698
875,0.7493155453350144,0.6851107355909374,0.015148449077065137,0.1331056515438823,0.9119467376321281,0.7921703848899204,0.003698808128372932,0.1161426314603321,0.9761263122972701,0.9765788167437631,0.013696661435212037,0.0524586283593719,0.8825006248165601,0.834544105657158,0.022535817944244904,0.6788606585438832,0.6082165481185803,0.013184248602350826,0.8732274322201656,0.8457202721806537,-0.012285799240559715,0.9169450484065141,0.7881202600205494,0.005809485087024887
876,0.7691911543802391,0.8096734068342829,0.0024410448746011453,0.12634510234833743,0.9037003348951258,0.9977107578268046,-0.008934601346735939,0.11856409526035298,0.9455759660479163,1.0651103431305746,-0.015412852226029268,0.08264043643799315,0.8851073991692631,0.9028886165820407,0.0009131492725352699,0.7068081602030106,0.7572760790671573,0.0026318644817224564,0.8700963430676009,1.0496616075912875,0.02039712440859952,0.9086655415271733,0.9908585111916872,-0.014400513770615228
877,0.7818752729099595,0.7584635598127215,0.010368219168676715,0.12212615054677639,0.9038766105052098,0.8791690490826513,-0.0010166672117923395,0.11595881439412947,0.9495143692406864,0.9705175391751434,0.011932953944789932,0.07520347556772547,0.893388114506255,0.8647260495578596,0.010973518882905348,0.7215129321965228,0.7008222846474724,0.009926487276032708,0.864398329567521,0.7698482924613479,0.025404755869085104,0.9086375622998392,0.8909642634756605,-0.004765303242178281
878,0.7836243222236676,0.7246439670478919,0.011073262987514492,0.1221191378011458,0.9243090851782678,0.8397191019409301,-0.004468854635113923,0.1053775480697028,0.9723000915291047,0.9394483884057263,0.005078403732686451,0.055228731204637733,0.8752132858789021,0.8256848050407033,0.01384699728760666,0.7328254628009717,0.6701310413575566,0.01021532763365267,0.8836772843200422,0.7992084272250765,0.013244465043748717,0.9287446520259157,0.8430539441711478,-0.007175295543549509
879,0.7567197454710883,0.8714141404019126,-0.012032983260207707,0.13294057176835478,0.9072641464114592,1.0826101222530673,-0.030317300535095883,0.12405968645789789,0.9701161767007485,1.0731184787469497,-0.043172247658641714,0.07370913517357423,0.8880464816603441,0.9595320288589455,-0.005012802879755602,0.687461827186675,0.816845284532173,-0.013084055196288236,0.8388050726686558,0.7734223185209698,0.02175401626227912,0.9197138507378,1.1287470147035799,-0.037879933871445746
880,0.7738434574514166,0.7306886632044026,0.010549957263848553,0.1250449405547381,0.9358541212678444,0.821884282481903,0.009212353367261004,0.09941160038314857,0.9727886993525205,0.8492135917173114,0.010569889230375917,0.06328999985305876,0.8893122900966118,0.8941241751983688,0.008563091842178815,0.7124613196727013,0.6510960155095661,0.0103233806638972,0.9234201309905726,0.7586974304148006,0.013277537148052085,0.9372436605359808,0.8293444007995502,0.009134304803540931
881,0.7920979264146727,0.7583321452775987,0.003551544048745809,0.11929327298019667,0.935996032546528,0.8943790328188597,0.011960772540420642,0.09481011776595606,0.9718520174131379,0.9153331153546359,-0.0029506776860199666,0.05689615294503598,0.894872175227412,0.8943288374175585,0.006191660528314997,0.7367546970690028,0.6886407421516317,0.002770737277141747,0.8742202356212883,0.9797863649692804,0.04698767708483131,0.9463904163428614,0.88472173812137,0.005296614750689512
882,0.7737906279860999,0.7259504576552996,0.0186167350066411,0.1258601758372384,0.9190330101085908,0.7770992058234493,0.04191651976582328,0.12032897352889645,0.9722581052983928,0.9004432505501978,0.024223244630134536,0.06258272128613517,0.8820373887068272,0.8847230463151063,0.016651159986531962,0.7164810972698462,0.6495751525032949,0.018105724551186798,0.8637401696245169,0.7951561579907029,0.07264215975389099,0.9266738129587826,0.7738388018408847,0.03642177459180964
883,0.7746192191215517,0.8234262778222367,0.012294024871022609,0.12488542230920587,0.9180399995445048,0.9761565459592415,0.024747114680891864,0.10982300384894837,0.9759892808246375,1.0176259230625186,0.02770256358995904,0.058491417583819,0.8883254960944481,0.9436999153011244,0.014592404265611607,0.7131014899124389,0.7579897669734367,0.011467245177677029,0.9235874473603061,0.9227176632063402,0.029924076607312243,0.9173918012001397,0.9821392226784804,0.024286278876404558
884,0.7413191023446516,0.7724936945339188,-0.003051830196605211,0.13493128885021477,0.863547779781215,0.914261816792688,0.00885113591091166,0.1394929130668346,0.9246951385096243,0.8742822693807601,0.0022509845321275006,0.09206862487306687,0.8701856716201017,0.9156786734645544,-0.002009869521516165,0.6726561284726484,0.6971131806217014,-0.0032943697822663143,0.8323818931715182,0.8281311778961113,0.028514214709048056,0.866734948625345,0.9229565969151593,0.00612523546535653
885,0.7636232778316429,0.7041179028588431,0.010395377082931548,0.12873539803240905,0.9049055129535617,0.7895417348097125,0.011511434483835434,0.12006979793916045,0.9572917783739108,0.9411744121198915,0.02104340676199438,0.07133326893398409,0.8799577901499172,0.84287706006739,0.01522625314275849,0.7014501011972253,0.6328991297485842,0.009030351896237913,0.9271856803222172,0.7882130569149493,-0.00939619617685064,0.9033115586450099,0.79230526598642,0.015133278249138973
886,0.7625014659565411,0.7976437699388166,5.9786755052687996e-05,0.12834955414259977,0.8743690110335303,1.0046399632948266,-0.0072922029045265745,0.1381094383946698,0.9653388078831676,1.0761275419829603,-0.024069202316267756,0.06944787626187018,0.8839868862854142,0.9072037696735288,0.00887418579034751,0.6975602378414492,0.734909899490853,-0.0016506477425354499,0.7791591052569368,0.8843676352357307,0.04940196335170018,0.8876086256368064,1.016949743285721,-0.016635292449763667
887,0.7757319504280191,0.7652806190946824,0.005471318798539969,0.1240305472744677,0.9044052017780708,0.9274623412238249,0.007691087185931336,0.11552770245174843,0.9640472430891387,1.0846879602562516,0.007730124567882865,0.06819676905824298,0.8908806774213692,0.8851569754737747,-0.002934607302449902,0.7140954247359773,0.7041399804882119,0.0067413331886818275,0.9121637783678174,1.0608452595166173,-0.03275234168500155,0.9055794701481396,0.9190034410403755,0.013026186854582785
888,0.7669771655030007,0.7870069710572302,0.01422537280863138,0.1270200723036856,0.9082223848146074,0.9612803428638719,0.047361075828093804,0.12268505519878897,0.9426257064719958,0.9040454333175393,0.023265476053814016,0.083246584662222,0.8873965510406774,0.9082551743737751,0.014246304720868231,0.7022094472049816,0.7218298988911555,0.013764286431881084,0.9147636245893029,1.045413508348567,0.03911162355204586,0.9075555030170533,0.9533973020578771,0.04805279468464181
889,0.7732283498189115,0.7871622905727375,0.01576547640460743,0.12526972466511782,0.9020796378875596,0.8716265992434603,0.029893878292099756,0.1199448095146145,0.968794418739944,1.011242479889534,0.00856264136348355,0.05964608312783824,0.8825212356675722,0.9384211665288048,0.020011641945927684,0.7148379556120478,0.7103283739446428,0.014358709833631385,0.8104376717170182,0.8183363441759578,0.05571951389818442,0.9127535156474809,0.8757619053272083,0.025748117752843823
890,0.7657650199900621,0.7754220018082153,0.011672774151240656,0.12711236307003967,0.9032545451787564,0.9494555812202861,0.008311763378715146,0.11671242810171127,0.9693107430699335,0.8727112929015519,0.012074236783571808,0.06372459601450976,0.8886906753641336,0.917195061509099,0.0076307877074475025,0.7001323013721974,0.7030924870629599,0.011907360623370906,0.8894522445715008,0.8571563317388403,0.013657474515773997,0.9049050538195014,0.9607256089750131,0.008210671418181728
891,0.755502165267747,0.7088406180023292,0.014807274479709415,0.13081016568552006,0.8878650828639876,0.850609120640724,0.015039393378450922,0.12612092135302966,0.978114527899415,0.8302732670846142,0.038809398094988866,0.07411342961853305,0.8752532242874822,0.8240570304234575,0.016123218037297854,0.6909386564638312,0.647130255732667,0.014096350420249369,0.8140219954124295,0.7941311782550065,-0.022075175843596126,0.899229155688856,0.8637868119441783,0.022198473305782854
892,0.7582510647580621,0.7318244149120198,0.001163293776732383,0.12940465415525082,0.8798747142337393,0.8751280845855736,-0.008133696128190497,0.1308860728654198,0.9391457972784333,0.9226312595958345,-0.0034466427905377925,0.08156298854081608,0.8848074366171788,0.8183393329973266,-0.00014715064025562326,0.6912035477676298,0.6828132839899268,0.001347185166703455,0.8163941101828579,0.7514209888255429,-0.029424766740870134,0.8891004664379951,0.8955007594108625,-0.0029002478377504787
893,0.7662627087475796,0.7891276254053763,0.012169511669072977,0.12701808115748286,0.8717779186028518,0.9025408644735022,0.01850437793930068,0.1355223482888475,0.9490395292136583,0.915219799641068,0.020602036388875204,0.07777249895548222,0.8976638109121737,0.9110902228102427,-0.0025874373553953518,0.6976553250322668,0.7280902085884511,0.014441382070643405,0.8391767134196091,0.8596581078765191,-0.017281507787247786,0.8778098037485074,0.9141192646317557,0.025237325805684586
894,0.7776391885423392,0.7064345265527311,0.0025143372009967164,0.12471849422853912,0.93869857080697,0.8614413202607614,-0.004994440204355172,0.09469566061264806,0.9781155694673073,0.9612921255897311,-0.014667614587809906,0.05078577189536089,0.8917868830900652,0.797446906058442,-0.0006409546526467397,0.7164668950771058,0.6573051289743909,0.002947636670198334,0.935784977098898,0.9046048069268363,-0.002523031669452363,0.9389647961781785,0.856547191864166,-0.0058574185050492686
895,0.7808551073592418,0.8238028886428084,0.0038160479701062977,0.12269683268271125,0.9208455145103576,1.0033873824324175,-0.029214282796667337,0.11095672985508755,0.9583717956935356,1.1563815646218434,-0.026441635396133745,0.08309464108099565,0.8863540400039412,0.8818413489904924,0.018643763897302247,0.7247571062587511,0.7851550116218853,0.0009060314183525865,0.8643883853672615,0.9180600072596304,0.0005318461754030353,0.92750269981311,1.0115370112875544,-0.033661811572612214
896,0.7537087193651258,0.6400297563043247,0.007772352692204823,0.13320308946884743,0.8905143582789061,0.7363889074504183,0.01102690247159832,0.13194043929612098,0.9214204304857845,0.7561671229409705,0.0031713096614123253,0.10254671389482391,0.8967505445441312,0.8256370633357636,0.012746791841343877,0.679616250166796,0.5515269159930122,0.006292928690153027,0.8616233125075382,0.7486225661681802,0.05898352356756355,0.8971551641503934,0.7334522355904565,0.0025590105772126605
897,0.7518808908270671,0.7859459389092802,0.002264746722680884,0.13150950694371355,0.912391533165605,0.9971657447586854,-0.004921538079932395,0.11199907359831214,0.9561016893645838,0.9668692601770776,0.00720554297780594,0.06936548065100528,0.8961086634500608,0.9315499802754544,-0.006893688705598695,0.6763227983905057,0.711160341105876,0.0036988090262331853,0.8938014164045817,0.8403407684074391,-0.005594100770851053,0.9158517720824028,1.019561580852082,-0.0032319268273840076
898,0.7391482358516358,0.6909283582618944,0.0019881565859417704,0.13583192323686094,0.8604566527458879,0.842214759948792,-0.015743405217300808,0.1430150932889292,0.9214630500234477,0.7865992545304443,-0.027298059105626382,0.10421451654039407,0.8764486762217999,0.8349601928973253,0.007513189947603188,0.6666460647759096,0.6156897353840759,0.0007574859325211618,0.7767806717341835,0.7017945568441091,0.02179555760886423,0.8706225116629341,0.8580604982649164,-0.021245475497924892
899,0.7546948650644577,0.68372978735362,0.006479227541121765,0.13120568281542125,0.927609726801277,0.8272569373926465,-0.008128101001463021,0.10516380816333762,0.9809059268157814,0.8360434986235854,-0.007404126689548817,0.05862357726145858,0.858301970643168,0.7933841227951072,0.010447652021179707,0.6980525336411645,0.6251373423785295,0.005465843564928755,0.842599487215547,0.5528437905562081,0.006026386515161246,0.9416855361198011,0.8686814135727494,-0.008005308717033725
900,0.7701106106024237,0.8609874671799224,0.01268528913608636,0.1266167235649382,0.8914961682089946,0.947174979367044,0.018255800319469745,0.1243464043697967,0.9782255539516174,1.060522346010503,0.022839406549382383,0.05610356733619056,0.888818786781275,1.0336909253036366,0.011692385566977204,0.7065329404286584,0.7739835817761962,0.012247909536544909,0.8429634849672918,0.9372041503527975,0.011351947995168685,0.8966908364950507,0.9491410450782677,0.01955212183296617
901,0.7674097223375552,0.7899976752808634,0.0010274857287285127,0.1269834233748275,0.9131634035949694,0.9332951076662187,-0.004205318906225368,0.1101318818969785,0.984053457936283,0.995437204904504,0.0033360442712474696,0.041668436768800055,0.8828982272940253,0.925083638458293,-0.0018933787751339946,0.7054264466186245,0.7202824791197038,0.001366121578934259,0.9032937012802918,0.9566216908435472,-0.007897771270605133,0.9140374024087539,0.9310657413807666,-0.00380572476706138
902,0.76845586025671,0.7489357552669379,0.0045569703617446234,0.12604757831989344,0.9055015821942576,0.8821315208581223,-0.011496525283631362,0.11569537430721104,0.9517622894801275,0.8933014018767942,-0.013295018768786455,0.07474690119118942,0.8876978915352901,0.8805121574345146,0.0027387504325255647,0.7044031075142919,0.680664639043714,0.00461065770425689,0.9043091238425792,0.7945790156745589,-0.03930540242144876,0.9084069096617846,0.8980384521735998,-0.005644969500516738
903,0.7670731144626852,0.7119936353622941,0.007074906322940306,0.1274511976487947,0.9385468355158082,0.8741352445041478,0.0032935947024183235,0.09346606997603069,0.96950401625478,0.9318506585006249,-0.008107721329386955,0.05869808223336956,0.8710246579221562,0.7984425009841607,0.007525746797037876,0.7105789045541286,0.6643261868631157,0.0067679786466623764,0.8821188604281509,0.6786596693441677,0.030489630257862846,0.9468709165757677,0.8997594336285356,-3.8700779780783366e-05
904,0.770958836510257,0.772372817577481,0.006312855997756193,0.12552423188391565,0.9225202782091868,0.9642081370822253,-0.0034875302678816296,0.10402590235532815,0.9862087572190414,0.9335761887348398,0.012434857266351566,0.04235946742928771,0.879293444074559,0.8449200086139269,0.002205213447778958,0.7127357971366736,0.7318210361771785,0.006947593512676785,0.877399651691714,0.8705784465461688,-0.008187906264280401,0.9277425014473021,0.9768272507146534,-0.001685440447464232
905,0.7562846752653961,0.7759391805035539,0.008506751677808474,0.1292505191364661,0.8864028675954816,0.9039431153178411,-0.015854787131315697,0.12672234573866636,0.9621500309116379,1.0862175345193665,-0.020279092248216887,0.07172594518880099,0.8895981306728152,0.8933275802712146,0.01822767968104172,0.6855321027914268,0.7089315347783836,0.006468594753612542,0.8504962946737009,0.7588064389002454,0.02541936785457295,0.8919531399850549,0.9204857031598072,-0.02210184290273213
906,0.7596670487519221,0.8309915549351876,-0.005712165726269835,0.12973064743277868,0.8790075527898856,0.9401285852581985,-0.040412798731093706,0.13752196084645124,0.9385275245601575,0.9387897731551785,-0.03902822942246525,0.09085777022602809,0.8744451662788423,0.9531987864659379,-0.019881863276403615,0.6978778640700833,0.7689736032205122,-0.0031160519266523806,0.7805937429876697,0.7454119085197268,-0.04758401067077643,0.8927425373604302,0.9713179001720503,-0.03687964723727904
907,0.7396351620390001,0.6921437867236119,0.005608105755223192,0.13512721533200964,0.8735486080376572,0.7229248449998253,0.011160135396898448,0.14105769283086503,0.9394466353195834,0.9658463034609588,-0.015119465944826894,0.08237556302955228,0.8556839274605784,0.8359614209258253,0.007900659641431121,0.6771014017959621,0.6190160096510624,0.0048530496205398494,0.7675845883398321,0.6307015094459762,0.01186403270544931,0.8852718590291719,0.7340553275032202,0.012020666872711397
908,0.7814951569631248,0.8662821509626356,0.007270865185409904,0.12359579538666193,0.9217668377051556,1.0490896814556994,0.020698375759627942,0.11109913309095241,0.9812415236051576,1.1155092061013152,0.0018930598158322612,0.05337943877944975,0.8891401651691075,0.9535889883351304,0.012223112709409047,0.723045865608911,0.8147946082573838,0.006182966622190682,0.8796452309810152,1.0424270461716585,0.04628372209007405,0.9268138655329853,1.048109163488143,0.016272357112569157
909,0.7514252790873037,0.7328025309914212,0.0164484177222032,0.13154311863611778,0.8693902313077891,0.8052933069826494,0.043208398992090065,0.14223174434505,0.9529769966636762,1.0442094791695944,0.020447440886095913,0.0768110551132968,0.8815524212585402,0.8808769633019583,0.02466310177060717,0.6823568718850685,0.6552260440993476,0.014334890720478149,0.9227859112715485,0.8596475357020577,0.06516487782900861,0.8641057078793329,0.7982563626059961,0.03902810054479647
910,0.7656169455945213,0.6806143255451538,0.021287268100470838,0.1293091879498023,0.9383222534819503,0.7735697544537156,0.03665662009640771,0.10826424801364977,0.9738370547286047,0.8196870979750547,0.03159793682494924,0.0743403408071043,0.8801025683942411,0.8240385526005737,0.01854692721800688,0.7040992193152824,0.6098586163231486,0.020938529670414232,0.8938285432152349,0.8947511270772236,0.033080074636990475,0.945307206678337,0.7622444187279058,0.03613114714829093
911,0.7542460900023067,0.690716381134585,0.007772805519642838,0.13078482114522957,0.8904444412411037,0.8118679295264934,-0.005741082988214114,0.12632330793811222,0.9600968295252029,0.7906376982723243,-0.0038905902025608793,0.07932442952166516,0.8811366555617414,0.846748965409313,0.0024892901868555075,0.6867127591119931,0.6142654997127829,0.008249747038068526,0.8910486397336657,0.9924800871854624,-0.0007214812224296768,0.8926043486755606,0.7945462113175739,-0.008354391428778321
912,0.7906831681859342,0.8356628066260471,0.002754077692553546,0.11970306497813342,0.9473999410400471,1.0022833935049278,-0.014929953794975533,0.08725492406034284,0.9780847558365163,1.118940589918991,-0.011946549011972406,0.05831862460804878,0.8949438995142026,0.9178378439807171,-0.004710058521773816,0.7343810709506289,0.791328870951944,0.004063746553922232,0.9301039557066827,0.9809066026870028,-0.035526169604447946,0.9499578617372376,1.007704885626521,-0.011168361433736004
913,0.7861620070607127,0.7440776152755633,0.006138201420158857,0.12105347092366664,0.9269741443311783,0.8580705773455225,-0.0010477283414726335,0.10234733241462622,0.9543974251726665,0.9295276285827937,0.004869133375818202,0.07102578407408261,0.8892908810740984,0.8744247647636255,0.011724733021069033,0.7303263809642736,0.6758778598382188,0.004788862650949051,0.8721574209948996,0.7777645614703476,-0.00020023115997113135,0.9329452091070244,0.8678977138723954,-0.00036273207797950604
914,0.7636546204421535,0.79185675576159,0.0004912346150759049,0.12789486334496586,0.8927028194387967,0.9418690516465563,0.013167114389133972,0.1236618560266371,0.9635329988173408,1.0265562018557945,-0.017562577910607533,0.06643348491659352,0.8811431944982204,0.9182188140334188,-0.007249062525782459,0.7005657582766961,0.7267257074905121,0.0017389235912115511,0.8585571494457791,1.0779489790410495,0.055500582615547245,0.9006203584289662,0.9282474740139338,0.005020128573872326
915,0.7535196551112836,0.7253557597336657,0.02114432865374351,0.1315762444923227,0.8910278521514132,0.7988028271698293,0.03314855584144548,0.1293648362586516,0.9472217283677524,0.922670718085949,0.01801930997988502,0.0780772370591962,0.8724473893471114,0.8778898329587147,0.02145435480312099,0.6900744013970196,0.6492905913615374,0.020254797542992233,0.8376948941917398,0.7054004692794335,0.05215599056016672,0.8969098156497974,0.80878496696167,0.03054560527740102
916,0.7730377396175575,0.8076129557485037,0.004144177593856779,0.12471035739060066,0.9085720268010892,0.8896960122719725,-0.00663227536488872,0.11297125547157455,0.9624879422709676,1.0996824004889463,-0.005119492128495833,0.0701903968429158,0.8788178945749965,0.8745143775129799,0.01859419952380593,0.7159981789133054,0.7642742329100367,0.0013150272154209138,0.8407575880342388,0.6474327733864736,-0.006018393445005556,0.9200661054933532,0.9278725381122765,-0.004089392927346008
917,0.7776418702492882,0.7298663424599601,0.005274353986598974,0.12378625101209376,0.8969383093898862,0.8252883193899695,-0.005318195856750727,0.12228765476847604,0.9650686569268673,0.8310817904180887,-0.018371051499020616,0.07296314406367722,0.8953314887958512,0.8910159031138739,0.003945490854540381,0.7148863590045597,0.6504677906583637,0.005105933821736634,0.8936710648861624,0.836275613458583,0.003752295845874474,0.8970442612453471,0.8233256015274532,-0.006989285128005124
918,0.7634816517722103,0.8693574489768444,0.005620603611015482,0.1297040742018423,0.90294558956303,0.9969505742646185,-0.004111521893637261,0.11853920884490471,0.9638181940867875,1.0252276552458377,0.010248550301953329,0.06480286946650868,0.8847302082524416,1.0195443215796673,0.0012251002625685923,0.6985674381010797,0.7917874678973363,0.00609448572302757,0.9341247631218865,1.193446329693495,-0.014019643717905029,0.9004939486699409,0.9790388896888668,-0.004316560277310934
919,0.7518883923323025,0.7642828930142237,0.012781472682126205,0.13145019338517122,0.8883833728687494,0.8978858487137302,0.009381645591200687,0.12547183224872221,0.93202422355341,1.0806379992333786,0.0215525238359497,0.0953469678940503,0.8860993791887843,0.8668388828796141,0.004849683659942175,0.6817251486449041,0.7093684640408106,0.013910971283229177,0.9292732057440539,0.8733407963834896,-0.053557836930233096,0.8911033875340595,0.9142294250406665,0.020522393382660438
920,0.7658312840579544,0.7082072126732886,0.007927517251612151,0.12687304187536244,0.900592008703218,0.8193381567760764,0.003198057471630888,0.11976513912875991,0.9774087626623865,0.8644210433062239,0.009471990970541008,0.056950853830159895,0.8773481622691042,0.817742271518073,0.013354795486222176,0.7049836357940968,0.6481191709332349,0.006632001543016759,0.8301055944884304,0.693662266819447,-0.005183425784332878,0.9094597852825256,0.8373717119317189,0.006104623170590613
921,0.7352311288055621,0.7127810595267142,0.0011578071533179409,0.13649384407136494,0.8757647783077782,0.8662922285712525,-0.0313759487088126,0.1379674518783424,0.9340506035972727,0.8733072950154565,-0.026147935614734,0.09094934950114937,0.8756901683205643,0.8075534560582015,0.0007014237676539771,0.6617238624485446,0.658770209254342,0.0011680193193516462,0.8146332893486194,0.7882827427772139,-0.026218100074268457,0.8823166940750198,0.8755809630454057,-0.031406768303158875
922,0.7630527769404876,0.8062861649467025,0.009462659865774782,0.12825431771366583,0.9181495418881882,0.9708214615249606,0.023179645821666088,0.10936380152616329,0.9666433482991867,0.9895993848582123,0.008331082256258998,0.06069605602820762,0.8822635001712973,0.9268276762867914,0.012209695574215229,0.6988036827086893,0.7402471907330649,0.008631517063658911,0.924968233904534,1.1463448758077135,0.024911939801450997,0.9186484995591812,0.9540358154470736,0.021423920797688883
923,0.7640665881693769,0.6480017525609028,0.013565223222907482,0.1301225805255147,0.8781954741046829,0.7627259447089025,0.010993856482960494,0.13520100132789004,0.9253369404891053,0.7349010257946015,0.014583853150528446,0.10551411295802605,0.8871726314637769,0.7908510763596455,0.011261125196779992,0.6980202449598639,0.5770915881108503,0.013349519906425964,0.9015333293374701,1.0784474164380113,0.01139935374982595,0.8813780589753037,0.7370518092184821,0.007964829819998636
924,0.7853011665694697,0.8307987202842065,0.0011785491857489515,0.12145687499114387,0.8979480664572846,0.9805084283855118,-0.010136947219620789,0.12189103528715134,0.9647225841697167,1.0102387643166375,-0.009864573784587674,0.0633158576371584,0.8846199263788033,0.8939493324429012,0.0020201294272254983,0.7312655130016189,0.7933142724187314,0.0009844415344259583,0.7646598566878543,0.9190482566002796,0.013441889028087442,0.9140414237299211,0.9853860858566889,-0.013689674952557
925,0.7674086848066746,0.7278164708664261,0.021515824549510995,0.1279826506616477,0.918887957368798,0.8764276944521739,0.03009948407444765,0.10952963980017286,0.9766656510211635,0.9488623167262599,0.03309942519014708,0.06064076845793381,0.8849925924906795,0.8289128026499575,0.024092748691195466,0.7043752655855241,0.6722609254189789,0.020480648775133788,0.8985098827585137,0.9209360269035567,0.010760486475260036,0.9216724758794314,0.8738830053531307,0.03297963335200937
926,0.7637210504672898,0.7256346247954175,0.012353343039078035,0.12819451177105856,0.8916838679016398,0.831672322816191,0.011835063956632674,0.1243979856881704,0.9471163488724447,0.8826584512837542,0.003891655840328536,0.07766674663781974,0.8884145689544828,0.8894094706417761,0.00855108110004597,0.6976566923354128,0.6457837385724886,0.012382023780761916,0.9189274422361824,0.9489545622860763,0.050958668101973116,0.8917296158114154,0.8187997694272079,0.004289332150496091
927,0.7463415128786851,0.6503566007463605,0.011786344015407365,0.13537683290093358,0.8566781276979151,0.6916572346615395,0.015206093399317456,0.15299216763175022,0.9441984837851324,0.7670247042624369,0.016247487381049266,0.09335055823044557,0.8880576529558497,0.8374750074566764,0.004796835841560517,0.6732464621172157,0.5643198537488707,0.012206833310448542,0.7872438565092619,0.8038496392975658,0.010326814852874405,0.867107616005982,0.6814291144816264,0.014806346328805729
928,0.7662107368136498,0.7785414039006607,0.004233341501485362,0.12704672443248285,0.8801009122655596,0.8218462830763629,0.019131839724027388,0.13189898053634433,0.9459281987270433,1.0245228080005804,0.007826963086081657,0.07903174546291816,0.8858910452847925,0.9294484994875964,0.0017360922355256696,0.7024278232812002,0.7024156460382965,0.004371818131839543,0.8695433269695988,0.7546729474907924,0.017029235980290155,0.8813367373995876,0.8304614405047793,0.02017918484314754
929,0.773884231908505,0.792297806011514,0.006233693880197144,0.12422691567137972,0.9244004784247699,0.9421223163165161,0.025363393426743857,0.10476712399521067,0.9643527793937477,1.0475007804615355,0.023084969368258237,0.06884937687622676,0.8871735936299672,0.9257687524418476,0.01267816689147844,0.7134910360460281,0.7216038972463257,0.004751961382249535,0.855296869753203,0.9757695793781345,0.04557395428622792,0.9331561646457569,0.9373475525899684,0.02160221034488489
930,0.7926993682884375,0.8171454800736943,0.0011672867793918137,0.11888807351842536,0.9186532381224906,0.9882124159378736,-0.009434898856418867,0.10793742194871729,0.9571953585879137,0.9762225949427131,-0.00043101462365075036,0.06809136590711229,0.8950329838038208,0.9034431722281975,0.010002575594095798,0.7368610069488796,0.7659795753143485,-0.0005614093877626061,0.8640640254995572,0.9492114550301017,-0.013785794147280418,0.9246951683968598,0.993396560988122,-0.008289799069901661
931,0.7242873967115498,0.6536881569603743,0.01856396194051465,0.14045893287252106,0.8846071390582315,0.7411019523925397,0.030945351226687904,0.13582155225550666,0.9410849295688095,0.7766113076250394,0.01484690209660726,0.09202792007202538,0.8673504842352024,0.8473913729287547,0.024235437871789868,0.6498870676798584,0.5615119105953864,0.01659642935488865,0.8016750265603156,0.8650006883744519,0.03394658700371238,0.8976236044109396,0.7294208540596915,0.029292559334738195
932,0.7792786997676044,0.762055682828671,0.01254052431822484,0.1228679592814511,0.9236911637016176,0.9252073102368734,-0.0010579997314177345,0.10240667130964168,0.9612358454878608,0.966307072834399,0.004939923046185006,0.06463770090906518,0.8945958901190608,0.9035112484608059,0.012535666385244957,0.7170122673616678,0.689303759979284,0.012038289419323304,0.86254825547486,1.020918249947437,0.001309224266891936,0.9319305124007975,0.9154820374759425,-0.0023867614732205828
933,0.7400089644247688,0.6982037724777729,-0.0038541785001029627,0.13595947003665199,0.8556035074864452,0.832272675609712,-0.009222322778535658,0.1444233423326733,0.9415077999066174,0.8863096015883412,-0.0147566437867815,0.08181662924001756,0.8627583376722929,0.8123953877992482,0.004286825997408284,0.6744385755745704,0.635205012559521,-0.005376353778124092,0.7115006792333001,0.5808580638652201,0.03816937759174804,0.8744770378160821,0.8660841960015873,-0.015850315570137243
934,0.7533115866203197,0.7337444886446995,0.009911458080948404,0.13107091094266107,0.8849537501231438,0.834978465422492,0.008566984380008368,0.12804810885426704,0.9319610627605129,0.81435680179063,0.004268179287553201,0.09193066962682964,0.890101099668931,0.9124797366444388,-0.001340986382295673,0.6819122894173424,0.6492537178788238,0.011251007083820097,0.8236335250263558,0.8244184600880671,0.014484092632307162,0.8915584201025002,0.8356047035134766,0.007644600154886855
935,0.7589265934436726,0.8222230514553658,-0.0064532046423063805,0.1301314479243134,0.8696243434180347,1.0041669915671754,-0.028388868039400366,0.14344726719684325,0.9677989899636249,1.028950890737744,-0.02263576649764222,0.0642472113253571,0.8873121058094571,0.910873264779307,-0.012044566242929494,0.6910780868246226,0.7722001637208923,-0.005332255249594272,0.6783478287458956,0.6648653338425289,0.02949085572214037,0.895201652544574,1.0519314993428739,-0.03669516111716009
936,0.7843604060921265,0.7519219196911865,0.0034765755979725465,0.12176113881157091,0.9084401280048591,0.8753919308685184,-0.013708298212607847,0.11492012034831255,0.9547777094104454,0.908115423683913,-0.012377587570349489,0.07244357643393372,0.8841486450818471,0.8707177068437203,-0.0017490195908204428,0.7299328725772667,0.6912829780197489,0.004176648343433829,0.7761811090878894,0.91950914196598,-0.0466866682541366,0.9272380695822221,0.8754120027372736,-0.008718476565384433
937,0.7796809768362063,0.8174944178258878,0.00983753368192586,0.12292698418686929,0.9215295182710465,0.9188442092976855,0.017625334413116873,0.10511477313213063,0.9762314304187958,0.9766771251861864,0.016281494916945798,0.05311590173102836,0.891901464351454,0.9166517011776928,0.003804191439175285,0.7190930706337503,0.7641228755105526,0.010688016403596798,0.8859261913077633,0.8332354139413473,0.04553865526202759,0.926081224128454,0.9275853341333716,0.01327517150175759
938,0.760930981541474,0.7187289713380427,0.0046544648035590375,0.1292083974207541,0.8793115005067066,0.8283114819859698,-0.022235217574820353,0.13535712171458256,0.9507892765138085,0.8157867522807949,0.000697924568961173,0.08091504203795154,0.8789631546897086,0.8566460240010823,-0.0014592525340170878,0.6976077531371622,0.6496635150299167,0.00542194403390005,0.8672361837351974,0.7771788046980284,-0.010618805282533433,0.8804022175348931,0.8335989446457562,-0.023742244844432842
939,0.7472255302119469,0.8494064482784396,-0.01035467157787615,0.13478615103151986,0.8885124493642913,1.0151966172047582,-0.05170804165646455,0.13853451028232344,0.949878060097232,1.0102300155028443,-0.0267546161809406,0.07883035950158725,0.8714619857198962,0.935536234783361,-0.018423901134684614,0.6814062645757695,0.8013017549046244,-0.0086872835933737,0.8667736932023141,0.8672189444823489,-0.08177125178648473,0.8952600498174791,1.0436096530913312,-0.04476239372718877
940,0.7803971019478826,0.8012831310763363,0.0015119934162330794,0.12266122948063159,0.903221073167179,0.938169333004912,-0.021762226179531063,0.11902482271802677,0.9561217065586394,1.178375260434927,-0.02237740291103474,0.08614442079521828,0.8858271811212922,0.8579303655873803,0.014996148618739175,0.7241811160228695,0.763804055709597,-0.0011158999701579692,0.8543393330436135,0.7923724041945279,-0.01473376400854664,0.9090442373880182,0.9567865903101974,-0.021524287666921292
941,0.7297985025314601,0.756015514102365,0.011020067156734165,0.13792439289960334,0.8774763006302586,0.9060902830010684,0.016505520839758814,0.1315598932824509,0.9204313930256841,0.8378717958565953,-0.007229162339576545,0.09641433213361578,0.8733072173749448,0.9401620103107095,0.00264633848281278,0.6553847865100378,0.6676359105887982,0.011850727030024657,0.7882272670719017,0.8220448078560678,0.03969755063482561,0.8872327019243286,0.9139298101905576,0.013068734390690399
942,0.7584716742284661,0.842784286041785,0.012828126998384724,0.13064686081462573,0.8695110219591691,0.9062077782018622,0.03020889597115904,0.13910595691099145,0.9864969565558482,1.1125368212770748,0.042004401175918055,0.06119994394500761,0.8892026163704099,0.9517394172617083,0.00978083427046665,0.6891836455129448,0.7822439816209484,0.013053037063797445,0.8363702817525629,0.8028377368053469,-0.014127638825132993,0.8781270071199149,0.9296917005416206,0.039401392665956804
943,0.7673007650893715,0.7355498659003515,0.012765541548046017,0.12600937470272783,0.9333633023705875,0.9387299534002119,0.021143518676958236,0.09651761780860879,0.9832967114592508,0.879601801239218,0.008244329840256514,0.049789193202387456,0.8843965242058813,0.8067967155976953,0.016894494720717742,0.7043783810164264,0.6927056357013165,0.011765485661709242,0.8643544600184723,0.8665905104727576,0.028863474918532663,0.9408522514303532,0.9465290367397501,0.0204099044523522
944,0.7795410198204188,0.7707118804777621,0.012717736301398736,0.1225677685070497,0.934907630918693,0.9604604111031739,0.021945276033760733,0.09667633705722353,0.986867263845232,0.9999756793219237,0.026548362543236174,0.04589427817186874,0.8898780580986655,0.8802503348716788,0.015982204107604238,0.7196785810016503,0.7107742396736066,0.011740572669906508,0.9002069402432221,0.9910284905498719,-0.004314109163028083,0.9396834344779222,0.9606304194052471,0.026157805482149722
945,0.7777195291081064,0.660316972146835,0.011758554221763006,0.1255622940751607,0.9012240791555928,0.7492820488505687,0.002905059549542727,0.1252148969083308,0.9605937887886502,0.744104409141168,0.00842296573894801,0.08702145051199811,0.897602527833592,0.7990298612121478,0.013864194074930699,0.7131179604516719,0.5898022629577505,0.010796597819105788,0.8298245059513889,0.5724922089922778,0.028614285637367533,0.9104510604829376,0.7713450853845014,-0.0001120345357046994
946,0.7898137513108692,0.8209708963538322,0.005316742019624619,0.11992744793132472,0.9261435214564286,1.0235465587481516,-0.00811142396221274,0.10428709465005048,0.9710721747914721,1.049120819871535,-0.0031121090699503247,0.0585925654516864,0.8949312161337536,0.8902705640144678,0.004280448157948668,0.7333321765261464,0.7811031946248465,0.005394368360192419,0.8960433277926577,0.9414054770990826,0.008254879170876939,0.9293746158198655,1.0320285424081543,-0.01025245502806954
947,0.7746227439474216,0.6959152446571357,0.01387870054064504,0.1251101032116479,0.9339360358902746,0.8599282482786709,0.017295587404561632,0.09749040979396605,0.972276462549729,0.9445279444138913,0.022801597296949465,0.059525392423455434,0.8840983011887529,0.7846026947310708,0.02133191296146087,0.7151562249361217,0.6451694497648879,0.012133488576145896,0.9155620234398575,0.7870507419935522,-0.0111239410134471,0.938265392942795,0.8735442740907562,0.023104077536859068
948,0.7722376574521804,0.8211877122859802,0.002843897842774695,0.12531932003761254,0.92555679054118,0.9645067900078141,0.014528806675731793,0.10245232675245997,0.9670951067841554,1.0739395862566654,-0.003999471866250524,0.06406927651698342,0.8760978359815186,0.9029700779144464,-0.00031569162921238483,0.7154857952954986,0.7752106397477045,0.0033551967464984776,0.9145480445247958,0.9609239991692015,0.034283904927500664,0.9268992946798048,0.9633962628845364,0.011116942514143179
949,0.7623181217761937,0.7503395356127587,0.001997282937153269,0.12814494010263827,0.9206569605191799,0.9343172311151622,0.006334891370756316,0.10463280575679888,0.9728939530007942,1.029949921424259,0.005077112659364836,0.05549126352654062,0.8842506728458502,0.8533107447576854,0.00989329232093855,0.6969631849211498,0.6913292076762071,0.00041924711686750784,0.9413123980806161,0.826475956827192,0.0015220466055455033,0.9197560741788792,0.949519594869918,0.008272815303178638
950,0.7766337854478496,0.7600335732794695,0.015405345350764502,0.12382366103434615,0.9018059896990727,0.8567166526061629,0.015899831840469503,0.11771408223554454,0.9782295990431242,0.9347301357501863,0.013620678429322354,0.05145099312601271,0.890339203687389,0.9007187353559494,0.01086293600612464,0.7152890439442414,0.6891515574646643,0.015604028023573297,0.8038243469624685,0.7992097247324423,0.022463158689294455,0.9126250137844563,0.8626574963806624,0.015316524619335144
951,0.7515469857707062,0.8891996604103145,-0.000645626020982722,0.13375868191415236,0.8857073113283072,1.0834678486690386,-0.0042987608049984295,0.13516230094090897,0.9364588631841517,1.1561540900297862,-0.01558664057337708,0.09665602923689169,0.8932652690136638,0.9932642716554101,-0.009895069993362725,0.6775037193824616,0.8312460573451574,0.0010582270630630432,0.9072971246700589,1.0806793836329323,0.022396596801171103,0.8837734634025325,1.0820294951662885,-0.008921173352072168
952,0.7617163420783303,0.7618985557026716,0.014744088422749248,0.12852465603592791,0.9253934772230092,0.9124892040737822,0.0005561153662188487,0.10148502630284241,0.9714276074239158,0.9261957969925894,-0.007159132908988174,0.05688084170401646,0.8873745112469504,0.8902557556191874,0.021033856212267818,0.6947811372815563,0.692495869563016,0.013102093347306174,0.9607527444675116,0.8077244275127105,0.01581921562316499,0.9228423072932346,0.9249486365557645,-0.001226415647945428
953,0.7639559115784932,0.7460417748745048,0.0072146735351873255,0.12745483500009042,0.9199184035915449,0.9034549173202121,-0.006835859629252698,0.1056005465478643,0.9656479177286559,0.8975308980696437,-0.013825205630285964,0.06482488841871166,0.8765413657205952,0.8402468497088025,0.017029556377331376,0.7030650033405882,0.6912143375462451,0.005182106397780623,0.8649610066180654,0.8884366521996244,-0.006959645691689333,0.9259638178303933,0.9052151805475888,-0.006658866090917451
954,0.7608519205260323,0.7150813153737006,0.006601022556731289,0.12911103263198184,0.9087882044175398,0.8325692463468445,-0.0173276671713793,0.1176719318941779,0.957861953147227,0.9180435894621471,-0.035582751448400646,0.07757220560390853,0.8748596599270486,0.8344101142546203,0.018477926146895755,0.6997343784955705,0.6498390131265779,0.00411062576077822,0.8142698075349937,0.707646957698062,0.02494463982373964,0.9207410182326358,0.8458183143257552,-0.023837838468152187
955,0.759776988940676,0.7070653065075913,0.0017201959265554605,0.13006268228572834,0.870876263900503,0.7881357356324393,-0.015062803126578136,0.14024922559485714,0.9543942190479687,0.898175267030748,-0.028030832264871824,0.07763028487779149,0.8781867971864855,0.821189942310322,0.006941620802473178,0.6960856293038187,0.6449984563340916,0.0006068334326842004,0.8160280946586059,0.6742804842240825,-0.005360000607823549,0.8770356764898162,0.8022591022230682,-0.015540955150236282
956,0.7508887639463951,0.8240679376166791,0.006655424270636486,0.1320735147558712,0.8986266753732823,0.985365105316156,-0.005334064659235783,0.12006051687372844,0.9711988359163479,0.9369783367152784,0.00430752384208743,0.05611640348524396,0.8665311486472134,0.9291825981764558,0.005034108581361269,0.6879614628357862,0.7654346928675942,0.006742145007173556,0.8912904609911567,0.95956647058029,-0.06865187199867219,0.9059246159193821,1.0028610870059254,0.005767858394506729
957,0.7582015552434491,0.7841284356273402,-0.0029489125114419037,0.129967455476324,0.8965013631014107,0.9685307592827722,-0.031552547880307355,0.12594493775438892,0.9583311828807188,0.8523080009135514,-0.027707564274662016,0.07821998192397923,0.8839230569873654,0.9089001393609712,0.0010162827567982828,0.6909458685438904,0.7157031918118018,-0.003673065128127169,0.8627261583772994,0.8265671114435378,-0.020664989508950658,0.9007630513805687,0.9867744593100285,-0.03206307374198385
958,0.7645768080428854,0.7954589829791474,0.015336078528704606,0.12808816270121573,0.9236514067927692,0.9568055573970946,0.016349510653242638,0.10398005746346715,0.9600608144279197,1.002948057333611,0.02830170563350557,0.07228660676785564,0.8809020870639644,0.922667518062938,0.010261288131477031,0.7022969554996288,0.7298333633498016,0.01573680340547861,0.9061479733300353,1.0040404001204544,0.001298646514370924,0.9258025711853966,0.9534528386573995,0.018459454853047383
959,0.7546421250020137,0.7176913484242025,0.0025819057310782116,0.13086341173776772,0.8628563110775974,0.8383474072370717,-0.008250569508078752,0.14068089804288098,0.943339956311717,0.8270574243182265,-0.007318121571174329,0.08428269570111065,0.877917677339482,0.8437125270285819,0.004281798646009522,0.6887191828760222,0.6511026804760698,0.0020392352412123213,0.7630270289598889,0.6293969077077438,0.022040109613626895,0.8749615885649275,0.8648830439948018,-0.011828317404036517
960,0.7799077262266336,0.742360442133866,0.012644917525027862,0.1217650452314394,0.914331096117454,0.8530493455873315,0.021888386445213695,0.11024637508353718,0.9751137269119016,0.903899829064663,0.018364670724617484,0.05657996109730309,0.8842587633064143,0.8809041601853661,0.02370104523636375,0.7232516907547054,0.6689504714874941,0.010101463566905701,0.8523303455685542,0.9248994410652387,0.013445211997059543,0.9224339709777993,0.846498450409664,0.022633229077040212
961,0.7719973408110183,0.7100555679244474,0.010987659269680905,0.12552996897475815,0.9080702948887319,0.8560901583090305,-0.002656048761244078,0.11414127664101614,0.9572495157691969,0.69132859323039,0.005230800947081114,0.10003890635363721,0.8979641968419415,0.8639517720720549,0.008971532898479224,0.7049667620767384,0.633547636155203,0.010805485670498948,0.897287229285421,0.8762201654663526,0.0034742353946014943,0.9090567050167635,0.8533141039153461,-0.003904648128092286
962,0.7690293454652306,0.6810917530189528,0.012011209267191288,0.12785028800755777,0.8955460353386259,0.73118175175521,0.010738167312165958,0.13123424562107955,0.9413791433911831,0.8348645179768566,0.0034782604017619227,0.08485705930469077,0.8909850688180542,0.8376838193060474,0.019182095382091577,0.7046706512659493,0.6028862175864079,0.010103416929893078,0.8886991617345629,0.7555468680980488,0.010623102322536214,0.89602102555619,0.7284737324456593,0.010500334167206379
963,0.7439037387778803,0.6526688719854726,0.010027690948602948,0.1347379527424343,0.8702504991799777,0.7059974583996392,0.039255700033353984,0.1472553524327417,0.8988551111940435,0.7265258852654438,0.016918068145894027,0.11797877519668297,0.8683537617631032,0.8312090210791209,0.009993067891753126,0.678121514528105,0.5678102829622532,0.009382789014306055,0.8356815722728328,0.6410399247248214,0.05059100020188881,0.8737996820915187,0.7129671677176281,0.037829270680229975
964,0.7761804505573847,0.7561072851383024,0.002625507183998874,0.12317521512292857,0.8892638386327126,0.881053743522175,0.0017706110926705794,0.12374762495969432,0.9694432216534807,1.0288384583879453,-0.025458114852033177,0.06348093772500862,0.8956887096830071,0.850577018321804,0.00969446522410341,0.7116379705822213,0.7009532587353788,0.001225926437886359,0.7901660992342397,0.7247408803398161,0.04162048882546415,0.9017446472700585,0.8990400507543124,-0.004194791532316828
965,0.745388165662763,0.6648162972010941,0.010753269150651373,0.1343480803545486,0.8719154184261932,0.7813756242230887,0.00039968168988057995,0.1372838190618534,0.9470209857953504,0.9497546080434379,0.003671228309958575,0.0758827524752898,0.8647818395084552,0.7520148570735684,0.018018177214156265,0.6814436650314989,0.6146373100840966,0.009117796052653705,0.743450539111703,0.6530216692838522,-0.02742713882290923,0.8896614267023584,0.8026988271041648,0.00695520090482297
966,0.7543200925992429,0.6701816893465814,0.00300071680468989,0.13263675330093705,0.8900130184091052,0.7871732649154181,-0.01062380962302489,0.13027170464086565,0.9607552882559742,0.9147417839811267,-0.016712506741188474,0.06837080071621797,0.8687696429577162,0.8120125800599974,0.003934927987110643,0.6936625121241061,0.5999840853942554,0.002474806535638544,0.8485887713353902,0.7692849853508229,-0.0036403603180119436,0.8942352806621903,0.7886114001716228,-0.01164142439677144
967,0.7550068748627516,0.7461087563191829,0.021120042855483183,0.13013219737014092,0.886797648673192,0.8433670199904876,0.03340488225158642,0.12948388519737522,0.9655273724624955,0.9771415666157097,0.01565384282312252,0.06257396901165384,0.8791265274027029,0.9078911715916383,0.015292869482024277,0.6894850980092071,0.6676312705242471,0.021282409657131036,0.8801910257843389,0.9047570575136847,0.04605765619310676,0.8877174493163192,0.8361856890862369,0.030740039828685933
968,0.7619228763922532,0.8268487494101175,0.016712111340349608,0.12910452026154268,0.8975478019284473,1.002534662864947,0.020649512100952044,0.12398513725949421,0.9606575933178976,1.1382621745458699,0.03289724529514526,0.08124212651903283,0.891438602440873,0.9262259913916484,0.0110187617177959,0.6934687753118652,0.7720839916771747,0.017379164442397007,0.8490548517907104,0.8707854543557639,0.03776301126424455,0.9030357752366773,1.017759722421846,0.01865291691819812
969,0.7607939335100473,0.7929605241175646,0.012597795060257587,0.1287412310050526,0.9227039495192505,0.9329008752550564,0.011347461917397992,0.10359914625464363,0.9806827495711057,0.9433661140416476,0.022532513156959626,0.05191288669352608,0.886640737217879,0.909972633026464,0.007978901697065879,0.693707244244438,0.7304671173441976,0.013053799679242441,0.919929359835687,0.8430382021251533,-0.010075139098752808,0.924799255888869,0.948077334214728,0.016124900910363154
970,0.7430434765162707,0.7128652511035085,0.012841987385206543,0.13404792942880897,0.8696879833635314,0.8645638054430306,0.019784693472758658,0.1366653665134557,0.981716851264033,0.9468163592810481,0.015726377515863907,0.047848849111776094,0.8793839476937321,0.8313770525338345,0.015119510335938844,0.6708848819245824,0.6483014631620958,0.011974616533425944,0.7936313675186454,0.7917724794378209,0.03672705863375107,0.8779301520530687,0.8717132797214855,0.01740616304479531
971,0.7772661568400092,0.7489612583378094,0.00701246591416697,0.12356184996721524,0.917384673437116,0.9921354139225238,-0.00046482905803217335,0.10896537224672251,0.9620337158463488,0.9153712324140559,0.002873812652202882,0.06480322306633904,0.8820753996501761,0.8017880037860439,0.010201417585640369,0.7210228847439943,0.7165126335524715,0.00628864512780498,0.8832991874304702,0.7793415479605335,0.0088890586968881,0.9233745050810576,1.022408308977147,-0.00021479976249921291
972,0.766214890888256,0.7621911046379451,0.009991908443951725,0.1269126945864629,0.9254419025269862,0.9210990348470217,0.01927858290599777,0.10284401287321783,0.9903172136591847,0.971258087760334,0.015449452057028183,0.03594259896288805,0.8849676341450672,0.8787311708152022,0.01578507728891662,0.7028869906219728,0.698628466942527,0.008577281440866715,0.9131227988633556,0.8854701499337196,0.03152211012727261,0.9266753727919026,0.924278993106378,0.017425801474872615
973,0.7836003322388324,0.8110083585324426,0.001137333174929611,0.1204816701653113,0.9262394712856343,0.9793184753743166,-0.011873244533705696,0.10110733054539395,0.9744868522052591,1.093034361863057,-0.01957335295131473,0.060772628310320126,0.8867775753888024,0.9006732698100851,0.007059824424406937,0.7265544261790436,0.7583541374924425,-3.6511767519618956e-05,0.8700162622767397,0.9583845262886737,0.01533628525040968,0.9332124803443624,0.9798151849089235,-0.016436829021968517
974,0.7612178767634107,0.6740981422430288,0.00915251403875722,0.12984111445831287,0.9104193509314984,0.781326945206268,-0.0027717295701955736,0.11855111818430743,0.9595553161398255,0.8371919656577217,-0.003860673842449144,0.0727424443869791,0.8724628047144221,0.7841615599046744,0.011188171265829477,0.7011899698287414,0.6159289602732959,0.008413373183667684,0.8719137974895445,0.7430294788597639,0.028099614356038808,0.9154735296900066,0.7840386190221559,-0.00786407703410003
975,0.7569658344004215,0.7444737291196976,0.017295864519219866,0.13031490817358019,0.9149072858294538,0.8582566208641349,0.028145819981247454,0.1118776724017923,0.9718560831800392,0.9491346168637496,0.02245173565099562,0.05976917473542994,0.882084940760442,0.906757026775299,0.01608272567104921,0.6905009052739862,0.664012094450012,0.016736582177552972,0.8808236754779563,0.9091954166292968,0.0081953295705268,0.9193911027150964,0.8552256339746559,0.031043084431695442
976,0.7467595823245305,0.7825052813875358,0.010341603180621734,0.13253267643336786,0.8941832300765854,0.9133635845872272,0.028964096041031624,0.12410066769273465,0.9285736488147431,1.055607880864736,-0.006952848641632427,0.09266736710490443,0.8712569823238806,0.9305927810377363,0.010387493661616795,0.6797727424100569,0.7054093591584872,0.009888802546242635,0.8700000593528069,1.0000811894119417,0.03922277627957071,0.897384043621237,0.9040026721507928,0.026506763380248637
977,0.7586026437659251,0.7476472713653323,0.004748242208106592,0.12881437627672815,0.8985341715918154,0.8270982253311439,0.003680302522541684,0.12010270167060391,0.9741378751649207,0.9181721226844268,-0.009153590049059706,0.055180967724163914,0.8824178669155227,0.8967525240615594,0.007247692076375045,0.6921300612517246,0.6705224132165202,0.0039746839470882,0.8872605957447316,0.8844195855045448,0.05502621547963573,0.904028482071256,0.8200989151641028,-0.005625917472888491
978,0.7689325128896395,0.8166978556484428,-0.0005284914631603808,0.12637574625066988,0.9091940799580855,1.0293604878681974,-0.014361851651301546,0.11659125534715999,0.9520659466984842,1.07876874281845,-0.0022157611289202587,0.07730894491816687,0.8821908701495924,0.8962565264786175,-0.004180733701171589,0.7081930975622637,0.7716794177697817,0.00015376877558761443,0.8162682846724827,0.8401072814400529,0.021935943521263743,0.9207304139776422,1.0521379622947793,-0.01940221067600081
979,0.7708740763128116,0.7617649557422587,0.010420092285730922,0.12526761080947335,0.8969906775722544,0.9047312907300159,0.004333042954666707,0.11980346901167686,0.9641768578379546,0.9051557781819841,0.021828514170960756,0.0675084145048464,0.8849076112668867,0.8642802234015665,-0.0018057512933108357,0.7101840433382468,0.7098244926498474,0.01234587101221183,0.8443824107375745,0.99002613891347,-0.040071723301490246,0.9058942547872987,0.9023313674069153,0.010796097563664798
980,0.7733131745455788,0.7543512092489779,0.008860039036959696,0.12497606301569689,0.9203255853200242,0.8737737697385405,0.022037446339570003,0.1068630174534038,0.961613027334316,0.895478691896934,0.007580849080414896,0.06687800612985155,0.8866632943314412,0.8623587458667893,0.020400310472963055,0.7122393366180831,0.6931347156840303,0.006444357510109158,0.8582031000545552,0.7944460195437115,0.05135022491926723,0.9277990779640127,0.8813211087343686,0.017432340892870827
981,0.7672627068553942,0.7268112611928477,0.0030039230156860114,0.1268094117274912,0.8919215029854404,0.8851237752332559,0.010597527951643548,0.12288190077290244,0.9791123076442378,0.8236754266202357,-0.006863655704366854,0.06142723430246579,0.8910991669491797,0.8915901012063593,-0.012618486920458307,0.7019689853103691,0.6494442154853249,0.0053928964167652485,0.7534943460293748,0.7479558839640622,0.03113081756011661,0.9082583760344557,0.9006535793942051,0.008222130272680917
982,0.784919056639837,0.7429862528779941,0.005843177777734424,0.12134525189430312,0.9340548665887666,0.8959731190384653,-0.01745639403533547,0.09817960712965304,0.9653494532324448,0.867457430557883,-0.0023445820599505107,0.06572758635270425,0.8839252013321146,0.8275904779601889,-0.0005347783016295439,0.7307049953607303,0.6978765915865164,0.006862267357229882,0.929734642191942,0.8215576100124868,-0.058630151458645544,0.9389298305120554,0.9133698778454993,-0.00942824875070775
983,0.7267522109683857,0.8925411535074047,-0.0019254075378120046,0.1418835842799782,0.8748415840167032,1.040115611854755,-0.03672067328000142,0.1423468341485692,0.9203765608088473,1.1541631835584423,-0.013731018491876232,0.10552740114591845,0.870927509439795,0.9949253113007952,0.00388271867335725,0.6505667772562015,0.828885407703636,-0.0028792037514096466,0.8104212208501004,0.8790951574797465,-0.03120740120202118,0.8825639900385652,1.0621922432949387,-0.03598031673809097
984,0.7506265007490892,0.9063412420042017,-0.022267511412515848,0.1370588942655684,0.8788486495751571,1.1681593205077372,-0.07806066278596437,0.16117756892514398,0.9478621191906896,1.0555540129969196,-0.05347870586924455,0.09393415918209254,0.8795158444159403,0.9954512329063446,-0.029660479394894582,0.6820503453521035,0.8550275264170973,-0.020448213225941925,0.786188137218678,0.9867792826308472,-0.060864786449793644,0.8893736700025724,1.1908101892272,-0.07920469489683438
985,0.7723017128813308,0.7815591918400281,0.005440385347999128,0.12503085587600568,0.889375700211235,0.8573223717039463,0.002199213411084174,0.12469456788071427,0.9743038377589969,1.0453554214626084,0.0022088585526624065,0.054893982740094015,0.8832474925358844,0.9175905903770064,-0.0026539341921827026,0.7123411625136786,0.7131638701593487,0.006576949600779744,0.8349887224899075,0.7588385180369385,-0.006687588034478769,0.895944544584292,0.8712729073035131,0.004852272622906891
986,0.7537500837986439,0.7607757149852854,0.017759322336636404,0.13126926285448504,0.9072591418187366,0.9489890641907686,0.022267709549905527,0.11590455476673667,0.9573577071887941,0.9719517422132435,0.012007417684943587,0.0689334349353902,0.8824550250506863,0.8662758551243198,0.013998251762030393,0.6856535528410782,0.7036233102455085,0.017975008155905407,0.8365599673325209,0.9338043024758818,0.04080865566736278,0.9154719159860765,0.949166488611273,0.019152874859259424
987,0.7571879128508798,0.6925962102309247,0.010719485588157933,0.13054858195457358,0.8906480647729702,0.8124562085550897,0.027954894691268568,0.12768790188370485,0.9422335954044676,0.8466651222898145,0.03616593330942245,0.09146599449524893,0.8750770409015575,0.7924989326315137,0.016095560633565945,0.6939522279672145,0.6371205696489222,0.009414159654278782,0.8573120450252614,0.7953035907071899,0.04069433662719428,0.8940587327966014,0.8133465112777258,0.025878994771443457
988,0.7455650294703076,0.6762950527735923,0.016511887157734922,0.13456974823615073,0.8907203402962922,0.7813578131333277,0.02827870356492079,0.12991197154265052,0.9508720405271547,0.7311535710798308,0.018304842295259284,0.09653727772616376,0.8783389742039985,0.8589846428330004,0.013224191016272771,0.676241501063784,0.5904794215582355,0.016157757140133688,0.8660164359726141,0.9702788870849438,0.03414851327640031,0.896660680532515,0.7643838793567401,0.02566405913546884
989,0.7617559013272616,0.6964089688949573,0.017535846813687687,0.1297028133009009,0.895670909250035,0.8471188127474955,0.026196421802340636,0.12344778017162719,0.9667775233683229,0.8548806995853656,0.02771456902160216,0.07243963595760897,0.8788961626500834,0.8017493037974318,0.016156466570713658,0.6992094251205399,0.6406967612307031,0.017308292393692557,0.8651922761945027,0.7662531470120018,0.044377941397327675,0.8989648571335057,0.8554195844888883,0.023667068359234867
990,0.7403018742495037,0.7256104335524914,0.008760733849505271,0.1347649400491012,0.8606794738830099,0.8169303882280058,0.005489942122114588,0.14125048529403278,0.9602132586501847,0.9886009286255553,0.005123232436840539,0.06609989763947346,0.8698302574113616,0.8672759001700279,0.010335713700640962,0.6713572790889187,0.6520013382881554,0.008063845384263961,0.8273149846698739,0.732671492403765,0.007940839099442161,0.8642284052062607,0.8273070420316436,0.005935090079201514
991,0.7599517195009775,0.7914123172541825,0.0002938005366307129,0.12924608047715289,0.9314032071516497,0.9744330598583337,-0.022687792939734178,0.10051280868799767,0.9769324278739109,0.965877609001471,-0.013523228212471115,0.051480446148667494,0.8807325662471386,0.9240294281456735,-0.002696099615715846,0.6953153626113494,0.7221390488019189,0.0006800557177727847,0.9295027807395855,0.9466045695841923,-0.05470322479546927,0.9334234920476255,0.9832140174529035,-0.016910214012732475
992,0.7407470670725161,0.8045958900679511,-0.0065731776456053916,0.13588128713955522,0.9134059092810074,0.9998372821494637,-0.027350507087046626,0.11474938338420354,0.9639886398735316,1.156485762982089,-0.01548632670712625,0.07570087662734372,0.8655287982624611,0.89385567785519,-0.00760548913836614,0.6742939139987981,0.7528893641801714,-0.006261202934835378,0.9035978646835889,0.8267629618152527,-0.01727435761793305,0.9160228991456598,1.0228782085270176,-0.027477531223576723
993,0.7635761255601279,0.8416329120062739,0.0048914900049159046,0.12816774449607174,0.8582120603417407,0.9424047250256261,-0.004227673970447034,0.143433636600838,0.9706739923459479,1.0332032725791007,-0.026861781932915538,0.06317404935957888,0.876748082864751,0.978389327264951,-0.0042153915542575094,0.7024140061940153,0.771948241119752,0.00626118410732603,0.7279987123747139,0.9315932385441479,0.027270646760578873,0.8749487044440607,0.9419879626641809,-0.009650876782271297
994,0.7638453803565884,0.7320079194005243,0.014261135041455233,0.12799180474472768,0.9434363867620562,0.8847420416060431,0.014936377445800892,0.08984744741327157,0.9782746613665091,0.9971908495133742,0.011370418842077538,0.049718240613451016,0.8769904675508575,0.862102486971168,0.01779481036570078,0.7023185710557835,0.66341175513469,0.013092514885169718,0.8560750142625115,0.83835186062954,0.03404407874498746,0.9536616343848936,0.8885231871411815,0.01199177955554726
995,0.756858207381464,0.821219873324136,-0.00938586629088792,0.13139032027762204,0.8742876389118593,0.9606156234587295,-0.023864210605269727,0.13713207333498928,0.9688773650931245,1.0949561175693416,-0.049899382316804436,0.07974716569735639,0.8645625147923942,0.9180944346353903,-0.0005601893575865818,0.6982621728378854,0.7643272621945617,-0.010874416838515585,0.8665111715550766,0.7878622598096846,-0.004409183456972552,0.8766396983782816,0.983745300729333,-0.02571700448323983
996,0.7655571029270333,0.8560162529187806,0.0005411934988121752,0.1281615977595307,0.9077540101877262,1.1080279846636816,-0.006500820523729793,0.12393453939791624,0.9769504003576207,1.195989800035723,-0.028182853654840887,0.07274463691366485,0.8725088576342455,0.899251986495949,0.000619689898673414,0.7089873506477836,0.8291214920325065,0.0005309418956575138,0.7357228441168104,0.9031726467053769,0.048106481439807794,0.9298321663314665,1.130486569969734,-0.015189792377528656
997,0.7213142745199103,0.6395834951502098,0.01912963213790279,0.14152850570947126,0.8298051128238058,0.703168657111348,0.058954236511785246,0.1697857879436305,0.9285699766100296,0.8463759846181261,0.018783474609955036,0.0930852592922213,0.8568586887292373,0.806492086808692,0.019082084712114717,0.6496027993445161,0.5585308202755737,0.01826900846091339,0.7499965972855086,0.7258291221152497,0.10287170341010597,0.8421601941432159,0.6990981585677389,0.051124161447132256
998,0.7630234488356032,0.6801648192829928,0.011883045909104481,0.12944018933265808,0.8972961342585855,0.7761851168861684,0.020554794920598224,0.12606129361527468,0.981661451234161,0.9063162175879279,0.01152470365650731,0.049250617681241754,0.8742899011916281,0.7988293099662424,0.018094723920562182,0.7030157904274146,0.6173254190498044,0.01031087675801961,0.8798441630478397,0.6498955425348428,0.02785419966388837,0.9002028933401278,0.7925615249967402,0.02053338056245133
999,0.757688084981103,0.7974371329523696,0.01140101481293205,0.12998832640281668,0.8943378438492269,0.9459877149703502,0.022022050294906267,0.12430888882585739,0.958804423219162,1.0541409230248056,0.010787694789176544,0.07137709492100965,0.8814630985333014,0.9176417611658241,0.01049911399731795,0.6920131396788982,0.7330170958028271,0.011205364015824776,0.7908964600131584,0.7866588146374907,0.04998207657394024,0.9063112938647823,0.9640112035799069,0.018252133121794314
1000,0.7455727614287067,0.8627655750681641,0.002171113509819412,0.13537196920971212,0.8534092363389632,1.044775136913191,-0.004677056603217988,0.152740775247276,0.9613305306839779,0.9819468607755057,-0.01558968068498489,0.06663429585556967,0.8728483402958221,0.9573490543828084,0.008930336515215262,0.6779141208833946,0.8055397256548555,0.0008755280104010612,0.8087838104861801,1.0445676121374785,0.01700343693226384,0.8583307358060699,1.0431335994348712,-0.008435214845781325
1001,0.7764335317640366,0.7927439437519724,0.0020533390345195014,0.12392478763135692,0.9185319604579651,0.8993749715265491,0.014956034430379402,0.10678489589457585,0.9621303615323402,1.1198149115813685,-0.012714725649712637,0.07362814118012576,0.8921767391509172,0.8932397957853376,0.0031384113986685546,0.7141316727042758,0.7366401492922604,0.0017239909866503332,0.9301280681354946,0.852126355330149,0.031931693383068276,0.917426825216231,0.9036265296384302,0.012384629305183817
1002,0.7533065183115395,0.642039791661834,0.018470540593844276,0.13273540374152484,0.8844739011969179,0.6892516955292716,0.025510412851135904,0.14086295730401768,0.9287975643815802,0.7762417507953093,0.01711693377788745,0.09814895854722892,0.8707292546378805,0.8100528595220905,0.013540477062172328,0.6908193835354026,0.5628254205404974,0.01850906730961691,0.7907545490261261,0.7094938686727211,0.010843354896887427,0.8967102751137331,0.6886303043313216,0.027813941842078086
1003,0.7509024450212238,0.7840486627842826,0.00888525738818426,0.13170582186733903,0.8802298058179747,0.8767163510620137,0.014096712597898381,0.1300030784094808,0.9677554786860364,0.9623701168528176,0.01177169917943352,0.060093415207351016,0.8704244029165461,0.8863807269893039,0.007806553302989301,0.6862800815620086,0.7269514461433936,0.008836812208890845,0.8220289334242917,0.8670535944301047,-0.007314317918082427,0.8875747091112453,0.8807113575045235,0.0179028572402065
1004,0.7767330595013195,0.8217480008317055,0.01358076251836311,0.12429914137009372,0.9110413004185383,0.965250988343223,0.0030184281865988927,0.1117346804894554,0.9639154029347241,1.08618557779535,0.017605909350618343,0.0700705891837913,0.8848437492099779,0.9265398922061033,0.007608086922171143,0.7181996859027792,0.7661660364855797,0.014316044895579878,0.8974042557830626,0.8583695755143158,-0.0028165232695146736,0.9132703292513149,0.9803776322066462,0.005148842169893936
1005,0.7563871273520425,0.7625557225057062,0.0014057821689802436,0.1301770928920786,0.8912410223687925,0.8800657274870138,-0.012470416959695437,0.12478146483050298,0.9601312134207252,0.9692007244925543,-0.034239204790453566,0.07418638744336896,0.8854076834074645,0.9022359869896003,-0.007734905604184478,0.6878578258500164,0.6918541881042145,0.002841634614252325,0.8463291414229028,0.8095925121837761,-0.01958121529511705,0.8964152949669101,0.8899683575933104,-0.010450286527037257
1006,0.7382596988280201,0.6952970179483924,0.01225776683435887,0.13534221089508522,0.8613115963531102,0.7937747014225052,0.017314214144483753,0.14139371680160642,0.9291581156514085,0.9815182788290518,0.0011562888051368254,0.08886289264334675,0.8593670404947626,0.8224008301718994,0.008714394528721605,0.6731222022405521,0.629900428422944,0.012432081304097767,0.814674810235294,0.8530904712508094,-0.008999009347172918,0.8680170743967092,0.790651170818627,0.021134546576898346
1007,0.7788397096357514,0.7462224458814176,0.004968727873517947,0.12313545263048808,0.9103973975719826,0.9250034603173909,-0.01376199679481655,0.11286075578834502,0.9574614962486174,0.8840237343372795,0.0026020103986508997,0.07020976922675205,0.891969538435467,0.8667585913939215,-0.00650127943930113,0.7181543457994586,0.6860069423951344,0.006772832583698816,0.8746336726052951,0.8264243211055203,0.0008397691629940159,0.9143428177204563,0.9361785765340841,-0.0153881057593043
1008,0.7758258283551102,0.793630753592779,0.011971895299395846,0.1238701184476105,0.9189731129983645,0.8900755460486004,0.014862908559641641,0.10640139450412722,0.9690614818583517,0.985994753501118,-0.00793368207636795,0.058053048797937934,0.8790496393527724,0.9099637536887797,0.017099133352822943,0.7195200308908852,0.7304410111899832,0.010617134175063974,0.8293530482749202,0.9015076333217427,0.050123927479997665,0.9311965937374873,0.8874057356141807,0.008624567029172792
1009,0.7689676377147229,0.8139842394157679,0.0020865741718341766,0.12660532461368734,0.8918322411454572,0.9579119698815387,-0.014804673120940953,0.12530201426166165,0.9439289286254471,0.8988075614680903,-0.017730264215185775,0.08113213563057128,0.8896926870610649,0.9359956470325312,0.0032842226262695708,0.7041482802156422,0.7475568394030548,0.0017252669477084042,0.8350295334373167,0.9399649442647173,0.015492064557185218,0.8987809680071328,0.9580290704061506,-0.019930742951033885
1010,0.7719263223380548,0.7554990992782359,0.007857351510351258,0.12538141677417883,0.8943855325441631,0.8366965603710536,-0.00023744473560467487,0.12294246095400392,0.9583428967382849,0.9933546142879335,-0.017984713238597485,0.06984138588700022,0.8858969101078604,0.8834913945094223,-0.00638917780733958,0.7110955353950724,0.6928727740148581,0.010080482834976012,0.8261060727195894,0.7867031916690953,-0.009351689455570132,0.9021955380622945,0.8438821747518988,0.0019099118310931134
1011,0.7552931562297742,0.7435626136108824,0.015524898557034598,0.13037265878734586,0.8660411590244093,0.8399632716539465,0.040295128511688795,0.14274145756871334,0.9609767467240057,1.173189647054207,0.021810734298780252,0.08137175408913562,0.8872244588102755,0.8588458668314154,0.023747372952723184,0.6855547677969193,0.6790968943407522,0.013524935093862852,0.6827231971796415,0.6242397392655357,0.08188249356985092,0.8891597746878562,0.8660402871661305,0.03395171204219684
1012,0.7632752763375518,0.7994694510269373,0.01757051831960027,0.1287311462716003,0.9086525919926928,1.0451594605309094,0.014892437120889938,0.11943004441970656,0.9590449343148417,0.9998668628741604,0.029158952629386375,0.07318004369477983,0.8905951786550509,0.9060442563600608,0.0177772736881739,0.6958619829458955,0.7404258401536823,0.01702588584870733,0.8720144671477088,1.0302937385781878,0.00457467749456242,0.9125365415659696,1.0481551811693668,0.016825241256473406
1013,0.788523194404999,0.8856469363320112,0.006334691223281681,0.12141264204316868,0.9284427074478491,1.0815262520168116,-0.00129647655777589,0.1061296333027042,0.9564101581975277,1.204544098821475,0.0010401120118862072,0.08617436347842995,0.889009899901392,0.9297437795207664,0.011647509626855512,0.7343271207027809,0.8564847128304282,0.005250113115341845,0.8840070094850027,0.9842885914275571,0.018919094877595823,0.9333388354568563,1.0914874048273857,-0.00407204765828506
1014,0.7241252196932333,0.7482339879398685,0.004637051451301806,0.13923253007995282,0.845852640908176,0.8532438205067626,0.016428237588116474,0.14868828199591647,0.9241101453703394,1.2257562832213247,-0.006732027822176337,0.1108144536621946,0.8828420828863592,0.8949764452650516,0.004208461825202829,0.6416692868582252,0.6695881251249584,0.0044794390484716624,0.9018495425990769,0.8860992317710032,0.01964218228874145,0.839549817091533,0.8491932629572587,0.015580573164693372
1015,0.7307500263911222,0.8196972506000397,0.0017830930599354487,0.13670960939012874,0.8668438407411272,1.0047820362449393,-0.012070058169155034,0.13926039414308547,0.9594979944557472,1.0257932485150607,-0.011452134443153194,0.06810381312409071,0.871966602272798,0.9305867268756145,-0.006803873148971604,0.6556581297097208,0.7579302948562238,0.003329547600089542,0.7791520631714834,0.8569763910733101,0.01565594710040389,0.8768940216060772,1.0214449641396062,-0.015785229590628877
1016,0.7709823439416899,0.7538272415358487,0.007833009389942757,0.12518458891957207,0.9076527511624058,0.8381500793140512,0.012141111721996866,0.11459355342060952,0.9787918206224097,0.8838214998300064,-0.0011184939798816694,0.05315906817052426,0.8673542652133853,0.9065789525228022,0.015533984824467323,0.7192013722701264,0.6765658304535898,0.005997150863364779,0.8232359426152938,0.9235306668908171,0.0354623104008666,0.9202256177747956,0.8286620672175993,0.007416333503662067
1017,0.7790172869223351,0.7357251626436319,0.00752136336691787,0.12302196071450766,0.9304792014544943,0.8678651740023486,-0.004199188858104244,0.09935796590837602,0.9884230906568089,0.9209352475637143,-0.0035304978751568876,0.038692703528015154,0.9024204920520839,0.8614176989839348,0.01121912957301014,0.7126937117563119,0.6683149863630176,0.006514749248082165,0.9054960448304402,0.8565227001576665,0.013521959224911484,0.9333171002533759,0.8677831679756595,-0.007170024874212017
1018,0.7622296993090792,0.8037440380975122,0.00472435691238628,0.1281202341853285,0.9210392202849977,0.9995003373522335,-0.0023958294862932734,0.1063832652906566,0.9821099263293313,1.0005930143057353,0.009716150742692985,0.044977337301993894,0.875535347187944,0.9209198300554864,-0.0033696912470872905,0.7014044418789958,0.7431270255597272,0.0059747788962868555,0.897704974236952,1.195959580720965,-0.04349654759971267,0.9264662539758846,0.9859322747826644,0.002193203107846026
1019,0.7697754033899933,0.7922217758329382,0.018905213424276354,0.12672103951439348,0.9075349355281379,0.9391533001985202,0.02657965176911507,0.11625559973675634,0.9575358155845937,0.9205434469359455,0.01943554955889263,0.07103273301896428,0.8967297752858515,0.9221893851520725,0.012121538432015579,0.7024424850254144,0.7252367645407477,0.019556313193478836,0.9346531519032817,0.8510528707911923,0.02371049555371173,0.9054518890238495,0.9510269038491037,0.02791271899618941
1020,0.7327604708900356,0.7714517532425283,-0.003594032459471559,0.13718674514475107,0.8719280063372523,0.9605967137409158,-0.026360072396864435,0.1389447074985256,0.9265063780816983,0.9139266134364882,-0.023006136955904814,0.09267414558429977,0.875741358818312,0.8900325597681242,0.005465867930031122,0.6577471391900678,0.7030186558055487,-0.005224883252551341,0.813227758384703,0.7825364302213885,0.004826735089288221,0.8793708078660322,0.9825873046317705,-0.030466555940481744
1021,0.757044659582954,0.725339059069055,0.01914850403398449,0.13035371612546082,0.9118702753080334,0.8570222334830618,0.04709717111635915,0.11981523799270456,0.9385113215000167,0.9444102564302033,0.02056483333876433,0.0844727646814927,0.8857380362580434,0.8539696236849543,0.02378360596544046,0.6883179521811539,0.656491377176132,0.01766557234706699,0.9036939812073457,0.8856995108920092,0.07524419970771253,0.9136795120949615,0.8524861780166337,0.04200028586867038
1022,0.7721003416749618,0.8381840568120439,0.00017141614133146823,0.1259895232126735,0.9083357662632641,1.0403565907739847,-0.0024772507697654934,0.11792166586864578,0.9665208599480637,1.0350420571622585,-0.007435877497362922,0.06244998966332942,0.8855720246165107,0.9264086938555239,-0.0012326065320096438,0.7110548209061855,0.7880344492070378,0.0004042562659654261,0.8596276888839743,0.9470391665484788,-0.002641539378296689,0.9137890090876674,1.052454731220988,-0.0015311826464473493
1023,0.7775037607318106,0.8473098625120817,0.006986106787009534,0.12415423001169275,0.901151170574052,0.9789241004854787,0.00591829469675688,0.11895277856367194,0.9702889122184216,1.0664379293657258,-0.006852369216166921,0.060661015478841875,0.8936334987324255,0.9502503512951053,0.007426328261389362,0.7148795509089805,0.7894661782966583,0.006686721314789445,0.8910465338370163,0.8493831011030305,0.024067411513477816,0.9028678175178548,0.9942710104823383,0.0037994702916393213
1024,0.7575262775938064,0.8508999259005391,-0.0015863042199135134,0.1317529179797511,0.8996219111155672,1.0350145787954343,-0.022567147653374958,0.12575952915956526,0.9718391398192899,1.11812325300549,-0.026775992712214664,0.06856480583757839,0.8818179903124838,0.9551004663416554,0.005042002434532655,0.6914307953114862,0.7900769550492811,-0.002847276295768377,0.8914323104934543,0.8873648552463129,-0.0019047185260326663,0.9013459717086966,1.053232440716323,-0.024907394708119857
1025,0.7360598898349853,0.7500614132213471,0.008829841032589035,0.13572792000641978,0.8736798102669423,0.8968043045048811,-0.0017878841760122013,0.13366124100808036,0.9454819771027189,0.9651849486070176,0.003968757078008377,0.07685358962788809,0.8788985926596689,0.8886700543431961,0.011044961553180832,0.6608688793263063,0.6757371941831174,0.00808268879457169,0.840383905528058,0.847299318703112,0.007488197443295718,0.8770165125960669,0.9019460898309697,-0.0029414412300290795
1026,0.7648952367605941,0.6865429253633895,0.004641811476707638,0.12868229662438183,0.9334814377042782,0.7999570214753603,-0.002169762701066571,0.103461264383764,0.9742031473893377,0.8999195328448483,-0.00045027903685298626,0.055551724172476946,0.8787631786402628,0.8245805686718484,0.009619698671014611,0.7035594797738144,0.6155376308554961,0.0033934573148822777,0.9159858003894217,0.7606652851853807,0.004927788380460947,0.9351590794110968,0.8039075176730655,-0.003003315593401396
1027,0.7682627394112163,0.7739559406226305,0.014352893545341899,0.1263970276464588,0.9058208231067224,0.8937227462986046,0.025914148721689786,0.11654970526317665,0.9552268738072089,0.9525104759443854,-0.005236484590704135,0.06986465866269802,0.8639463576495564,0.8391467882608525,0.03031827943239958,0.71618118652635,0.732161376841379,0.011052515705814572,0.774760483983081,0.8620214338543042,0.05858830287989464,0.9223277293660167,0.895350232427496,0.020369009302126005
1028,0.7786720184893055,0.8196058344651542,0.013190363919033237,0.12389161546491824,0.888824777404652,0.933624532259385,0.011239276055543711,0.12590329224694216,0.9525878431391533,1.12094726722503,-0.0008053601835695424,0.08113569875930038,0.882029855546352,0.9024707626912841,0.017421281555613947,0.7224887721902338,0.7714459546539523,0.012139688789953426,0.8153462078756258,0.8958907417814832,0.03552340423290964,0.8973484308240084,0.9361548401137919,0.007278881799020369
1029,0.7450293519075879,0.8689760306914678,-0.0020211132070670082,0.13572412198852535,0.8775647215330475,1.076328395992819,-0.021314060775197805,0.1415523924754758,0.957997569449318,1.1302022791364206,-0.006391094383515055,0.07680471454688362,0.8806707939795073,0.9367180789949048,-0.004620884129375989,0.6746838107201704,0.8277282295817929,-0.0014658810542044734,0.9081321566030823,0.9215346503491672,-0.024436118467817656,0.8763803615986057,1.0995879829378248,-0.019249520352709666
1030,0.7217988732287011,0.7874709309888945,-0.002991836938339699,0.14130182699058833,0.8666226921924107,1.0012567457118684,-0.037245316775040525,0.147273046040792,0.9193427782727466,1.0151195355801972,-0.04093717832939718,0.10487608568296766,0.8692184004917498,0.9499522674474952,-0.009456379945176917,0.6445956116013621,0.70409757720816,-0.0019334087863915415,0.8330578543842762,1.0042875593393563,-0.009761459510380053,0.8706265126540106,0.9990683480698989,-0.04201398277919517
1031,0.7564013109479094,0.775685828307648,0.006732200413555216,0.12908085862326923,0.9050593307836082,0.9274722926740638,-0.002576593723600295,0.11481508119378736,0.9617687136695222,0.8477247417772408,-0.009984210548773326,0.07029072687539535,0.8898300802598041,0.9215354508999988,0.0007431279213570216,0.6851913317966498,0.7005175682461852,0.007502240606332331,0.8706331056750822,0.9485976687504536,0.023558522711677573,0.9096347225506751,0.9235127977221357,-0.007276301475155146
1032,0.7515021710799398,0.730404060937379,0.006450489977106602,0.13087789657759483,0.8911106025670412,0.8762184065046721,-0.013405672234029484,0.12425591759115585,0.9272097631601615,0.8633494049746945,-0.00995693245959415,0.09087211677827657,0.8761764508165403,0.8600533360324079,0.016005168396475394,0.6845288046561946,0.6596105602817774,0.004433527620227865,0.8640569779808561,1.097346548059843,0.01002946906876281,0.8993555805047208,0.8562873131979998,-0.019192530542461974
1033,0.7883576055712209,0.7965100430872756,0.012836390593240925,0.12015617057754567,0.9166193742339266,0.8907042208962241,0.014974821471979944,0.10812671601570492,0.9352732820153565,1.07280048773497,0.025834273324564373,0.09275542959077317,0.902336702979916,0.9036403634125643,0.018252968820738232,0.7267741554815647,0.7364964902299815,0.011475041706236852,0.8535025507559323,0.7506293423676296,0.007758515788165568,0.9246751228450351,0.9106701477957166,0.017747945527544662
1034,0.7619560402618764,0.8511169887078739,0.002825284942677269,0.12872105514183993,0.8877327654728202,0.9467258115827263,0.001437412693054089,0.12559305212265756,0.9412236193170106,1.1614525429031213,0.007977329700159764,0.09153547014767824,0.8790790661924915,0.9650410251310266,0.01225985122554516,0.6987190374654968,0.7853550224013525,0.0009732829472981004,0.8159107633270258,0.7680254881041303,0.015204516785013915,0.8964509858449439,0.9701714898970153,0.0006187493786104579
1035,0.7717010798042259,0.7055108181196771,0.008010085579903297,0.12583956281860642,0.8997436215078599,0.7992231670293816,0.017979192994969237,0.12167090168368266,0.9558887034124912,0.8179711248247582,0.0018197703579691106,0.07720712682081586,0.8792646126476943,0.8480658646176672,0.015759535716221604,0.7137082473248741,0.6321292002050939,0.006163022480925087,0.8136146357790894,0.8178561066677206,0.06793925209335892,0.9141323615031165,0.7959391060648717,0.009119754669678938
1036,0.7743766244643735,0.7330555250254742,0.009012970041485527,0.12405443052514523,0.9223537635511352,0.8603959703500352,-0.006639731111777205,0.10517017709466034,0.9680070265263696,0.9834766294486672,0.0022647617642351566,0.058453078589964645,0.889370892987431,0.8575171965199082,0.012559387534655698,0.71168910553547,0.6663348419866786,0.008019232352725832,0.9183318934893167,0.8875214095349545,-0.015606914033981577,0.9227071823450312,0.8583030315251464,-0.0054057106912974995
1037,0.7761876043591569,0.7753619558999415,0.011356046234466994,0.12288545654292132,0.9175246501687798,0.9294122908659082,0.017081167502674972,0.10696069016577205,0.9736499313119945,0.9087791753396571,-0.003899514675589266,0.05513763027510766,0.896159728723816,0.894417139107168,0.01189500124274936,0.7112032004133985,0.7108110125352772,0.01088318454405418,0.938456108785397,1.0305152156753297,0.052391573311327565,0.917479421532986,0.9177005015803703,0.010315896898979547
1038,0.7656033339254981,0.7980061577260931,0.002577536074506777,0.12738217390594594,0.8977356764034627,0.9938461754117109,-0.005030015603709021,0.12242237751064775,0.9745836888007867,1.1447428056656936,-0.01838788672211053,0.06611735974607102,0.8806742386686095,0.8996884084643627,0.009379012998747938,0.7034901540455633,0.739581571418583,0.0012068736764722936,0.7864061926714919,0.9506183981801064,0.024110941688599043,0.9113559457591487,0.9966094147180837,-0.009776448455054338
1039,0.7523337266571749,0.7290878248016373,0.015539628536665889,0.1310987776212525,0.9187017949918408,0.8683573137149171,0.02525966155311469,0.10827712078260501,0.9689861295189593,0.8991877689346878,0.010154494750692487,0.06086573067996872,0.8734048476293145,0.8528710900271206,0.017565272437779687,0.6869768828771172,0.6629922057828448,0.014628957382031524,0.8934722858098433,0.9462718360153998,0.03023330070896993,0.9220829603081987,0.8597367372077711,0.02371163315174826
1040,0.7525129245639919,0.8373801317547784,0.011398731157491362,0.13241478007311086,0.8642860631592993,0.9452215410712737,0.019119314999597754,0.14149318473886846,0.9320677532157023,1.0736716250922365,0.007437878091820815,0.09190004340324086,0.8849781072320574,0.97155148315499,0.020496766300886118,0.6823629344820081,0.7625266534138179,0.009367826030172504,0.7981645365889584,0.9014592520617927,0.052011895937312334,0.8723470746348708,0.9481999489739944,0.013642676016232027
1041,0.7775984303287133,0.7842189766140386,-0.001921168205300882,0.12357180292015471,0.9174056516449478,0.9161085479450078,-0.021684148999239112,0.1099702618158777,0.955874850421814,0.9451391375928734,-0.00608962097276399,0.06944954244797086,0.8727504882517539,0.8885668796435967,-0.0012503479039710978,0.7248226008616755,0.7274134741927332,-0.002088906308206574,0.9194729161953219,1.0112376031476453,-0.048659586314326854,0.9179991516551977,0.9090578487859795,-0.018288770299859654
1042,0.7591130920391167,0.7743455206687461,0.0041969751344763774,0.12925257715088745,0.8804449962007355,0.9052307088748973,0.013254731728247288,0.1304346250505141,0.9610391725123633,0.9543983253793176,-0.00857476011057936,0.06548226814391876,0.8794007983071372,0.8429130356359498,0.008277288038399442,0.6954054788009072,0.7324813824016212,0.0033580716089995923,0.8251358873251947,0.7740462559414211,0.015920018328452606,0.8869572961815156,0.9225242828792651,0.014063547193444234
1043,0.7923262337525817,0.8088139556095595,-0.005514459829541348,0.1191612129194032,0.9307650633956128,1.0295686871964262,-0.024274870200394514,0.10339849930383258,0.9919085538981713,1.0762414705252,-0.03635822723645919,0.04924449351863679,0.8845892430977232,0.855763068871262,0.0010000435930182835,0.7421237329432289,0.7785577868935938,-0.00671757381724528,0.8252959056838954,0.8058342006053486,0.017051351183701418,0.9441387048216208,1.057148603999579,-0.02995622594745437
1044,0.7622847519156616,0.6866553603363392,0.005510717500303504,0.12822553304551268,0.9248137671857943,0.8389068814678996,0.002280675216765515,0.10368161221256635,0.967127426701358,0.9163955261394466,-0.004300445667355903,0.06035025779501276,0.8867920194725794,0.8048797176525101,0.0034056800862498093,0.6950851007249564,0.6242075723619,0.005631873397553992,0.7911017246487714,0.8034222560408183,-0.02311123722900101,0.9427266639365037,0.8466342675371119,0.007100619998919509
1045,0.7478772702904873,0.6749050091790301,0.004485590655386357,0.13326913420933692,0.8723602565317594,0.7781213842381329,-0.00861247122660437,0.1382693592266667,0.9606105179709338,0.7566356710054242,-0.0022738377834208585,0.08440062849617126,0.8758069594953728,0.8417700463559671,-0.0029232864856488625,0.6800509269208671,0.5950849789623471,0.005365629994003614,0.8471392661268424,0.7467411067082497,0.00042595936451347583,0.8746792153325177,0.7810061099184543,-0.009856439012396866
1046,0.7804531775053892,0.7565106844915582,0.009860676632984507,0.1226077011767307,0.9255404420116451,0.8947995750035854,0.012911802723891265,0.10190479890355617,0.9695932627587415,1.00054830987619,0.0056921733481252925,0.05810941498146185,0.897594172644602,0.8734711807812724,0.0039022510408436486,0.7175724372495804,0.6957797526159208,0.010618056233251157,0.9561638523189949,0.9909003159378943,-0.008880926897880361,0.9227211634149641,0.8869146946211173,0.015636670546193516
1047,0.7705545504100529,0.7627005509349987,0.005544986605237172,0.12484576291841766,0.9191745295197156,0.907998459338955,-0.0002851809030832084,0.10479938106443369,0.9588897841160299,1.1072383229047076,0.004067511308865311,0.0739613169609378,0.8835944839520281,0.8493875950370137,0.0074375470630390446,0.7089387779442488,0.7126774394485689,0.005041307499910042,0.917264726860554,0.7373992764295378,-0.006801264793434505,0.9224952743100767,0.9344639553790602,0.002699277106486707
1048,0.7634882620702161,0.7894300660325312,0.0041254075034390875,0.12783682694745585,0.9139372768834948,0.9638862575653858,-0.0032871541078221787,0.10989933854892087,0.9826097209446917,0.9912964816789892,-0.00421480299087115,0.04327812125003374,0.8755644160121597,0.8938756328367631,0.014128508014026653,0.7026658908401558,0.7291532447879676,0.0020655136815268603,0.8705177580497027,0.8350546162067516,0.02007961269242495,0.9190796206069095,0.9785197898875831,-0.006258465241362788
1049,0.7762883697051798,0.7513250657743824,0.014221694022159127,0.12438512035278323,0.9198497684267665,0.8528779908516394,0.015063627702010989,0.10734767579568248,0.9599814505222797,0.8776818467412588,0.009435926762124824,0.06961228119009774,0.8961797908671656,0.8835131885992747,0.02117294372226958,0.7121136172952751,0.6808831350731077,0.01242602074321273,0.8600225320470367,0.7559786158945325,-0.00102438837558466,0.92753774668607,0.86757724151829,0.01899881014639013
1050,0.7610378914456785,0.6871760922725871,0.007806346556282706,0.1291804421668956,0.8948650197086008,0.7453230978755633,0.01483875483358902,0.12884996795736833,0.9470994969907667,0.8583881287747707,0.00034014399394787404,0.07903864074795469,0.8952217851548173,0.8521969572824062,0.014818666103551583,0.6906079654268318,0.6046040785336195,0.006069326618791984,0.8920599857549044,0.843225126142786,0.015616902283065703,0.8957492243918338,0.7352169398555357,0.01374215474882169
1051,0.7589340957902224,0.7948412828965299,0.004274856675380904,0.12937819063036599,0.9045866443247955,0.922913476017033,0.014420870728969816,0.11568107279734562,0.9641826233866538,1.1436357517540745,0.0012727203519030178,0.07326772679926292,0.8802678064347081,0.886131884168127,0.004374932569460803,0.6942842763777545,0.742822448863864,0.004125621289847957,0.9224151317134447,0.8284851806587481,-0.002313897815194613,0.9044160072493543,0.9380470451703377,0.01834488482741715
1052,0.7619664670357762,0.7783013590059171,0.0025276047387094557,0.12842130556387094,0.90176323246936,0.9219577160028573,0.010418895719928052,0.11720459014587971,0.9341470184761792,0.9573252530712945,0.006567597246160714,0.08566701193184555,0.8852004836428233,0.8608926985219876,0.009581479207709102,0.6968045106453129,0.7287589831474464,0.0011474555399680572,0.8943523900989766,0.747565826265416,0.004829623242189681,0.9052792704574978,0.9479726867248851,0.013173820258755752
1053,0.7699834820164935,0.6919179210044836,0.00643998954917496,0.12698135794014398,0.9037039923539473,0.780686316469514,0.0013009159522739105,0.12154308196693724,0.9736493790160738,0.9537324787328292,-0.020591688711005737,0.05742564285726555,0.8793100509062285,0.8119577254381344,0.010189549958045422,0.710576340881562,0.6285795510343107,0.005444536390853581,0.870536841700755,0.6759013399847404,0.03277262899122622,0.9083304800346592,0.7920114015263251,-0.003402015996208882
1054,0.7716344493959244,0.7828346400700944,0.012025967730737984,0.12548173327856216,0.912997910663619,0.9686183952968851,-0.0043433707637212295,0.11112350361693703,0.9700937554023406,0.9322873455865159,-0.0013402395369999016,0.05728887349745905,0.8926257932718623,0.9063478428551929,0.008448129422721423,0.706888532266975,0.7179885799442133,0.012254362426069074,0.9098059266434939,0.9881424321949035,-0.0005756912303757041,0.9130640794263557,0.9660337042002681,-0.005178790671063206
1055,0.7837088273594072,0.8009603784322576,0.008146425917506903,0.12159395530244275,0.9192907534638366,0.9300170783601422,-0.0034735200543018104,0.1055205708871166,0.9742779982861979,0.9205947941122716,-0.0015177467425685378,0.05406909056081784,0.8868147074654732,0.9420294315826304,0.00405874619580586,0.7276938906269738,0.7297328181707556,0.008484808767521603,0.822149469441247,0.9588877288877853,0.004546180277070989,0.9311525052350562,0.9263949732924941,-0.005127325608718333
1056,0.7276228441800063,0.9466873888529067,-0.01068304950102095,0.14416846462458754,0.8293321552839017,1.1972840469104573,-0.024762760134661173,0.1782846681035764,0.9496818298910653,1.1545320253997637,-0.04338075903206428,0.09479747526420147,0.8436427986607307,1.0010614464948475,-0.009351989472180956,0.6655034649799088,0.9111239233985823,-0.010735362532188987,0.6732740423537518,0.9961924688141027,0.05623661476766947,0.8521123005813923,1.2224330845619258,-0.03895815878203364
1057,0.7725128441765086,0.7601989158245531,-0.00029329210120222283,0.12511150352393235,0.9004765950880806,0.9304666398188032,-0.002518303797662896,0.11765973844181292,0.9563713484531776,1.0315595822509938,-0.00333068416738539,0.07100858773488487,0.8888638147496201,0.8572096636905511,0.0010259932694498383,0.7097142202760137,0.7057468920224912,-0.000594080080570724,0.8209864701051146,0.7967071895716434,0.014265806944244482,0.9092579095365468,0.9458086247104261,-0.004328070585176335
1058,0.7658009126606917,0.7281078208177384,0.020618194124468116,0.12812672075086096,0.8869333814553717,0.8189817696384892,0.03903015863440057,0.1315212601411581,0.9430809558430039,0.9316028543001544,0.03552669597279268,0.08695554380012634,0.8820432433613667,0.8559903344794093,0.01979515454631311,0.7032353234141596,0.6620356034833813,0.020085105421565264,0.7924330309536286,0.8102593103826659,0.0345512579418662,0.8978749411477824,0.8203827693872644,0.03989561722558012
1059,0.7551017048264793,0.8059751881729201,0.005322017279354964,0.13056814031393002,0.8952169973805058,0.9313868867038181,0.008118448061083378,0.12130421273899136,0.9597274273928861,1.1707658991059091,0.02615233542950449,0.08226972266916775,0.8804687486403672,0.9135299473043919,0.004507696567937248,0.6883351373253873,0.7462455554811659,0.005298845268515374,0.9006317876018933,0.8372835586310171,-0.016275878607782186,0.8969336344564663,0.9481422523847025,0.013434945552254933
1060,0.7574048903638757,0.7961791897683829,0.011329332148672565,0.1296226065096436,0.9223015676596438,0.9447140814885095,0.01787036987478055,0.10450374141189496,0.9527505172056927,1.0087178745717424,0.0008799995021482827,0.07232004555704726,0.8956091450447257,0.9288094494766109,0.012243262886705816,0.6843383930235454,0.7243065625798236,0.010779639838102489,0.9306425661149972,0.8955800088389501,0.026054628727868536,0.9213588562692866,0.9499084749269563,0.016863788027803316
1061,0.7438398494866602,0.6963901747005227,0.005596699203823283,0.1338324856668727,0.8600360121541135,0.8755129085280176,-0.005096117259834609,0.14115203481765323,0.9255123831279224,0.9401382936402866,-0.004122789864089114,0.09073773639452914,0.8688688307515985,0.8156905049107144,-0.0007512733780700277,0.6771303801507607,0.6348033147855802,0.006465557489673873,0.7604406510154249,0.6975881043398596,-0.016574353020458215,0.873273615079091,0.9024822801407663,-0.0010755387284913686
1062,0.7569765696971581,0.6904238319689936,0.011305311228902026,0.13061542233724255,0.8721701449608111,0.7414318527290636,0.013419149063212671,0.14038332692995437,0.9683748728290034,0.8381408741589412,-0.0024414088301913254,0.06694056690868533,0.8843516996455714,0.855475293518567,0.01373982170379504,0.6896349137311498,0.6091693147698284,0.010257247423985707,0.766341249272435,0.6978181328859966,0.03596358090199101,0.8847416853609593,0.7448260525148424,0.009848167398019317
1063,0.7085189158796111,0.6230422585855783,0.02141718897470035,0.1454878603314687,0.8282279104966539,0.7211160087555543,0.04721391708738932,0.16448607733547488,0.9187378188708188,0.7972660983471708,0.012851044497032123,0.10003737665127861,0.8550294027255156,0.8038176224696515,0.02430035284033413,0.631968969660937,0.5364180412886186,0.01986087856330864,0.6702177835571261,0.7596365353063451,0.09917512555332811,0.854018263865307,0.7167198149637828,0.037924875899060816
1064,0.7635621549851876,0.693138031502484,0.0036592826196117315,0.12925649643006742,0.9007632440203286,0.800253042806018,0.009783320757004913,0.12160245099857926,0.9891582348088123,0.9009210293642971,0.020025610099606985,0.04545085291862945,0.876643810863471,0.8322679003238149,0.007636725428383781,0.7030813678280372,0.6223782130275811,0.0025997072470433404,0.8160540596189205,0.7974702854780812,0.0059583850437083166,0.9105276631274635,0.8009467019961998,0.0104752093851389
1065,0.7631799099450225,0.7068288251748207,0.008315354022821516,0.1280907834521452,0.8830878930042836,0.8776085740216868,-0.009976485793835648,0.12906470169538758,0.9458478354930784,0.9111395557326112,0.013426145412109566,0.07835775376739218,0.8860854353782256,0.8225147810880441,0.006346888509756648,0.6969527632351358,0.6453640995498015,0.00837105283617792,0.7198651065022152,0.6561858478412796,0.02465794764057444,0.902711926653323,0.9050839997999389,-0.014304019946744548
1066,0.7777839387869686,0.8171664267365263,0.004880260895853508,0.12367698606626967,0.9185589437690838,0.9638915530635145,-0.014972305451394129,0.10829521440076906,0.9786430528744624,1.1049584150490106,-0.01900428078816459,0.058206124892097116,0.8889942129712021,0.9369459473858618,-0.0037065795900072733,0.7180917113178911,0.7557985953229049,0.006182456848819728,0.9141057847808345,1.047462312066596,-0.0422860449191072,0.9198628135593852,0.9582336890563183,-0.011325796644690139
1067,0.7789846926930775,0.7801735839662326,0.007322494600176403,0.12266361823816245,0.9151388449060582,0.9313807270497819,-0.004163641166121023,0.10828424957149883,0.9570881720547982,1.1165955093085813,0.011024348874837173,0.07713017505902425,0.9061566947365776,0.8872900809393062,0.006571043811648103,0.7109786163234193,0.7208648837825556,0.007230119400298902,0.9169368291631393,0.8325009535768773,0.01868255134566517,0.9155859648701841,0.9422491572801202,-0.007344873601395508
1068,0.753248578609976,0.7649455093710744,0.007567691971894237,0.1306858870847294,0.898152953247207,0.9390549038892663,-0.006297381929019101,0.12017863305909078,0.9297432346098687,0.8681027483839768,-0.03261480562003438,0.09575473445273357,0.8623729661016157,0.8598264650828219,0.008076973450139118,0.6942512720079613,0.7123719767744531,0.007241230294086998,0.8198810736407011,0.9450561083210832,0.050334825267850984,0.9110703826273557,0.9373804408333843,-0.016271159372152715
1069,0.7520170177205526,0.6984188204994063,0.0018075234590389914,0.13230435508756605,0.8752126789879577,0.8363562883763077,0.0006555140848192432,0.13348352541188166,0.8634642161299194,0.695151255287695,-0.010218111285911985,0.1344885872688867,0.8946338848961395,0.8852649620535192,0.005661206916573988,0.6786106437793469,0.6085313849716368,0.0007711329390540448,0.8802625350855096,0.9592747733815146,0.03149897149844932,0.8770400045359837,0.8232776133017351,-0.005584421664842154
1070,0.769929395302167,0.7480610973575496,-0.0010023730455288294,0.1259740228150876,0.9047998131972645,0.8717195321911239,-0.02763424560389084,0.1204191050666515,0.9861567099003792,0.8834274766136704,-0.026617961823000077,0.05393462270873819,0.8759206794537864,0.8715548646857512,9.174944205152515e-05,0.7119289587203104,0.6827970028620176,-0.0013307878882636115,0.8128614816186948,0.7634588251668428,-0.04362973411650093,0.9161909685835024,0.8880154644028281,-0.02351335092435864
1071,0.7360158913437463,0.816291462443782,0.005067161753961864,0.13701285822388715,0.8668477110719457,1.0077602205808915,0.013642037751566844,0.14265315866546327,0.9655482971593733,1.14922727517558,-0.023696785289437593,0.07632994275361354,0.8669808964480651,0.9250378337724682,0.010469420574073582,0.6667062104341653,0.7535018962705305,0.00390043103043946,0.858821586567526,1.1224664636364137,0.06870411515390974,0.8720128889906577,0.9969043565687653,0.00354563696781843
1072,0.7645541252312651,0.6983182635956988,0.016834128626118893,0.12837528225426517,0.91071332153875,0.8177702159406187,0.027373009878000842,0.11628415455310855,0.9579280042948051,0.7563556299346894,0.021166019558738935,0.08865840839025418,0.8783539278896989,0.8772850234390167,0.014908521555212294,0.7046570364172698,0.6140448755138878,0.016317271411059337,0.8697067684669805,0.9502460702574559,0.06606887446629912,0.9200980597307451,0.8047263944630789,0.0199049017945535
1073,0.7880153287175196,0.8098908578897751,0.004083267659719924,0.12017763272424972,0.9203867072383707,0.8787731634936754,0.013744068054673743,0.10574448317335097,0.953957555125997,1.0634558315417215,0.0036849873398547605,0.07483579730720834,0.8943323600847327,0.9254316456496464,-0.0001253858705205537,0.7299916702237669,0.74885784832231,0.004640628191488444,0.9056744473381197,0.7786026779468446,0.0013859486843162579,0.9232500681936417,0.8940088396395902,0.017025699682537095
1074,0.745157214714986,0.6813902370807443,0.0043782645400046675,0.1342225958774944,0.878847103610966,0.797972652630177,0.0012430354869477443,0.13306384771029411,0.965191524702737,0.7785399797382062,-0.00881911047660634,0.07880023781631766,0.8602468373952062,0.8075969475218364,0.00704506264188661,0.6827385961467664,0.6152758062144619,0.003630835547876911,0.7528938315759706,0.5652674528126511,-0.004598807266375307,0.8965186983394733,0.8344027666458455,0.004941009522476569
1075,0.7855830132031035,0.7559272810349098,0.01884217793683551,0.12100062323128541,0.9241299319401022,0.8308244231711426,0.022680112351999293,0.10681586391579365,0.9724452216671462,0.9531089011060477,0.02903935532506977,0.06169573660016655,0.8855437910196415,0.8845751904651908,0.015104381409898225,0.7309145025128219,0.6906334579064137,0.018931888021946598,0.8688623134512384,0.8220974384108162,0.017813975928017485,0.930439712956489,0.8323205736190723,0.023610908866463793
1076,0.7498361254710464,0.7184326683603036,0.01301839370220172,0.13261662588725442,0.8836362441667955,0.8628460600170469,0.01012540558252948,0.12853710044433034,0.9508712180677268,0.8765454014402672,0.0043378387546866345,0.07639930953661514,0.8820094362940217,0.8708500126251603,0.013962627541199908,0.6807211225622722,0.6420867904531293,0.012217328803290175,0.8179946386864406,0.9067896354392971,0.019090930566358372,0.8914106710639017,0.8576413987314601,0.008168178963893644
1077,0.7591910974859808,0.8630682509823226,-0.0014103323594876025,0.13060866534019486,0.8996807125864501,0.9886509158346973,-0.004120904644174254,0.12016613365420939,0.9773422056921706,1.0288324560803175,-0.004829655387103464,0.050823777675029345,0.8643236362281492,0.9721592464459745,0.007051568526176688,0.7017514149877664,0.800412515358476,-0.0029929307034216395,0.7653338147596067,0.9530715196539108,0.009897626554442478,0.9156315056077239,0.9911765278936014,-0.006237137951740439
1078,0.7500600867367483,0.8574542029148927,0.006898396022905682,0.13321296052448003,0.8517281674295005,1.1197456482925938,-0.027075681309861533,0.1605355203919283,0.9195724046157979,1.0308645761704418,-0.004999644606730344,0.097749586971698,0.8795851888404798,0.9196955242271043,0.004416645915137757,0.6828660924949559,0.8199248223730583,0.00728668656747388,0.7878698648014357,1.0315605064028055,-0.015346967315660851,0.8582842437708519,1.1290087726443327,-0.02829596638852345
1079,0.7449492202079451,0.7918331789888787,0.01739898164044517,0.13417253543718702,0.8872765010780473,1.004129974266017,0.0032571862046706984,0.12957527322954554,0.9288673735648625,0.9266020682674085,0.014864260001429994,0.09001298391265272,0.88750997611087,0.8915016849541404,0.012291603098499375,0.6710436355240521,0.7363923965820682,0.01791830213933151,0.870430199683413,1.012889432122074,0.011919068489305773,0.8887878310087989,1.0023559000271647,0.0016831278004761506
1080,0.7816498374168357,0.772581239232579,0.019608578381024828,0.1227153035346496,0.9114211004036432,0.8723524126213618,0.041358268280846724,0.11727215540263529,0.9670018993891387,0.9981163080331822,0.0037492487470338213,0.060106932050721415,0.8893257979053927,0.8860118612439929,0.023820721852583736,0.7229298002436289,0.7108175111580133,0.018278401293647998,0.8798305859145776,0.7151778903768968,0.10502011865133476,0.9209201187116394,0.8919958166128237,0.030409908887581702
1081,0.738364993845809,0.9555477592264929,-0.010245079119649931,0.14205083883167183,0.867397871227305,1.1224811533886032,-0.03895949695752009,0.15301930407068595,0.9272783006165252,1.145592567633036,-0.02397905467883888,0.10236478159539196,0.8629245154440578,1.0601436007486478,-0.03220354710835049,0.6732060433542146,0.9036862047979972,-0.006073892715384485,0.6764953488445622,0.7674752728118195,-0.011758626349680472,0.8919701203660532,1.1749824646130753,-0.04045751783093255
1082,0.7591100368221929,0.6815718229239875,0.00714431458605425,0.1298888667853881,0.9084599417941965,0.8703397313962528,-0.0013233537861826942,0.11303647792623302,0.9769312294518055,0.8938412229094438,-0.011102324352695933,0.054763252060247875,0.8832969991835149,0.7884872981758296,0.00654274052020502,0.692695646938447,0.6241763240510692,0.00697514301200384,0.8456243650074259,0.6811959251688307,0.03496423661569252,0.9171577967423055,0.8935430007947198,-0.006302350463177887
1083,0.7696215058586506,0.8186450474150968,0.0010902391401589723,0.12625665438251626,0.9045566526265227,0.9396365331928033,-0.025906395241487648,0.11888025709654276,0.9429851839726502,1.1036732155431002,-0.013596205430313498,0.08748246663824125,0.8856648819005057,0.9168600888777679,0.0015438438575903787,0.7072730316941146,0.7633494672024552,0.0009383232065284857,0.9345465477743848,0.7552814048899148,0.026968755926360836,0.9062621569499986,0.9633837738561025,-0.03421136989288633
1084,0.7741182646045057,0.7374590073789694,0.012834467769626323,0.12482902224842643,0.881115275859176,0.7653742879274518,0.013843249142723384,0.13438316041657047,0.9780958648128046,1.0420347925714868,-0.015330786913944672,0.052851937790253926,0.8827174075294537,0.9016563321911224,0.016063187315913875,0.716574680684857,0.6570197568479744,0.011607168478919745,0.777696121597778,0.6535772260969938,0.045980872984632624,0.893235240408688,0.7769771086742628,0.009074239197065235
1085,0.7617584440723534,0.7299668987706986,-0.002452082620779338,0.12880954438756526,0.9099606360204321,0.8884873737820876,-0.022969735307560902,0.11579336683380906,0.9638627219637724,0.8934016521960517,-0.029610713521794365,0.07172992096313065,0.8848590355715943,0.8357135647541326,0.0007862399464809132,0.6957086001607381,0.6710724167152421,-0.003126618173944455,0.9305160916002788,0.9096232859186919,-0.019846912016188784,0.9075395599956914,0.8858331555908732,-0.023717325020558525
1086,0.7747547741656676,0.7548631965260094,0.009080529195743174,0.1246562062074116,0.9215991868788738,0.9167046708992368,0.01407944151246689,0.10473823616488327,0.9708380112908375,0.8478128649849724,0.013368423974749152,0.06589370834053285,0.8838482057405692,0.8682504950389408,0.014324768212133606,0.7157243234441101,0.6932568992917424,0.007766028168800636,0.8808072804843791,0.91169912003691,0.014798184374468086,0.9257865120713725,0.9171792556834742,0.01400084297866781
1087,0.7491155627509326,0.7693725906230795,0.012509090045538646,0.13238202283165254,0.8365406960473192,0.8541934057248524,0.04506306982551773,0.15900780576904056,0.9220465557885413,1.0205431514819858,0.04330614038024117,0.10452735344293221,0.8890483948192791,0.8837679803703027,0.02053950987272955,0.6757939867567464,0.7040890359892054,0.010664818002959766,0.8270140305891008,0.940290967357709,0.03620399952001087,0.8377282399990388,0.8462014102924418,0.04580265659040198
1088,0.7534089162204775,0.8583640523051255,0.010046732857003034,0.1323361683643297,0.8995584526047544,1.0536499587429888,0.025597756761591976,0.12711330431322995,0.944094069657527,1.0741758132900867,0.0037645847206774696,0.08307602587750545,0.8686364440925248,0.9489115209511235,0.014830314423847343,0.6913158246875808,0.8047358975565284,0.008920168013832209,0.8420427687531871,0.9848296157393455,0.07372938640739579,0.9078546413739861,1.0597242198397065,0.017390441219881474
1089,0.74623751631592,0.696584918379957,0.007815452203008048,0.1335103783289455,0.9110793820030998,0.8606878161053964,0.007738510074377818,0.11190740124860143,0.9216625492704555,0.7511430412283128,0.015267642986390512,0.10487495069875333,0.8870834400601292,0.8860107219820904,0.004009281765223448,0.6727819028628054,0.6067877520246461,0.007883408009918515,0.9198568126412545,0.975144861986393,0.026492485979755613,0.9114260204875357,0.8482515947811621,0.0035791952577459442
1090,0.771524949876336,0.835481923059657,-0.008657225936772598,0.12693725281094373,0.9154980183630108,1.0017197312519124,-0.024195031386480142,0.11299967742900673,0.9773651790003882,1.1317972822160411,-0.03224772228744049,0.06672048507461573,0.8738250871669255,0.9231743834671683,-0.012380325720315775,0.7155690668510594,0.7867238969568116,-0.007860110337677945,0.8986564687727769,0.8510240801809585,0.011258138285144798,0.9187942208677916,1.0193738380407367,-0.029294859240690963
1091,0.77274860476196,0.8465215711324667,-0.00036245177688319,0.12577216878797265,0.9170754981453753,1.030195160887257,-0.003609613536614747,0.11063399409582998,0.9674262788383798,0.9801999233373078,-0.009759389032526692,0.06013338980752777,0.8853512019980417,0.9702534798662891,-0.0029844265079969224,0.7115548022155291,0.7801941445425642,2.420217615657068e-05,0.8565078930721609,0.8990256466675057,0.005623975600603875,0.923863929974722,1.046155762675079,-0.004033564806084753
1092,0.764855977233512,0.7056122986099,0.009666402956499785,0.12792645349357012,0.8937429916092039,0.871931577347879,-0.008984233718161094,0.12274773263475154,0.9627028447735854,0.8256216224891871,-0.018310328699436343,0.07485060330737367,0.8868182300664547,0.8280563715228872,0.012528192562825667,0.6992825935389432,0.6404544649838672,0.008772134824744478,0.8160345432582835,0.9602304704091944,-0.0010457167602982511,0.9043481011901227,0.8626726321936119,-0.011204841798086422
1093,0.7628062916484385,0.7435022250364918,-0.001360278975079464,0.12841208209818444,0.9078821282150031,0.8940194662435156,-0.030147090914371476,0.11902655803480061,0.9657781320006417,0.8706203029825099,-0.030123700632111276,0.07261106102914607,0.8794768317302574,0.8850590536106546,0.004690374039330731,0.7004916944882916,0.6697761479682595,-0.002588720187832761,0.8537324578781204,1.051817572034607,-0.004187340693440668,0.9183405783702314,0.8788304867130472,-0.035979636312193544
1094,0.7662215981983912,0.7067123668176376,-0.004056714811868016,0.12826436561081306,0.900336402260216,0.8619453965419375,-0.01944520252719935,0.12132431318763327,0.9809645615688612,0.8482821859281636,-0.02201784411301604,0.060694297765716936,0.8843125070421317,0.8336448428977926,-0.009777958078757237,0.7027695164121379,0.6420620791640238,-0.0031134705907462715,0.8334885563904777,0.879759107386151,-0.01845059381491473,0.9080164551164864,0.8599349603305604,-0.019799903305286477
1095,0.7511178100873216,0.6379326289732374,0.01471801605470863,0.1342027818778995,0.878443132038969,0.7280279638589358,0.01101526403902045,0.13855594786013858,0.9469260765249876,0.8807295054538878,0.010647010736891884,0.07814220634866041,0.8921489340195656,0.7780203457382944,0.01091897965900652,0.6771059437730909,0.5680789522161646,0.014799511372010767,0.8180740351105981,0.6950839880363617,-0.023240156700637688,0.888041539754894,0.7370327127198912,0.017368097807573292
1096,0.7778169050201619,0.8656415632370201,0.004420494072634801,0.12442584737163633,0.9230990848232948,1.0365981085800207,0.025143751487030318,0.10983375712996409,0.9782221737833343,1.1595562541005486,0.016804129327750016,0.06364287070279698,0.8887393998684602,0.9513328911450628,0.007408193514109792,0.7178103569663725,0.8152163340360252,0.003738982226059111,0.8891813912024572,0.8759188403425272,0.012763329101504527,0.9285876307927984,1.0610126023683393,0.028963351645907687
1097,0.7744406853228804,0.7267585230344318,0.012991699128148213,0.12515663728810314,0.9203317930155613,0.861086898636549,0.0025129458070084552,0.10608644307750549,0.9808851279955144,1.0758114144168636,0.011041831948203098,0.05115390939994611,0.8883541074691866,0.8315030876515569,0.011269570247074145,0.7129288086514143,0.6706996694266776,0.012922837424273003,0.8853689064814766,0.8057244254388783,-0.005012101201839352,0.9242540264534415,0.8686544983171606,0.00440857269363732
1098,0.7583294209527747,0.734712339894643,0.00998598212890947,0.12893334851710866,0.9030722970337364,0.8087590715089928,0.011806585909278642,0.11899489995371423,0.9695335613816992,0.8290935795256203,0.021514377564482427,0.07063903662980821,0.872615241531329,0.8956201933607321,0.020971911514767384,0.6975878395325195,0.6527987809300474,0.007468846385553929,0.8574577894643998,0.8491624906626701,-0.008837339132378639,0.9090949926346463,0.8067532643257319,0.014893461256130794
1099,0.7521479523290707,0.7628461070192251,0.0027366331148576117,0.13145215988533104,0.8976309566562712,0.9416623286108166,-0.015686818452876373,0.12156732249183239,0.980511447025966,0.8711280516864888,-0.010071968487552546,0.05419169017497568,0.8723897467177041,0.8844672399118856,-0.004393336691641341,0.6876250235349698,0.6996449581849727,0.0038244836801248384,0.8427399423053217,0.9006947774251924,-0.016792014587115933,0.9035403394510689,0.9466718842207683,-0.01507220739133522
1100,0.7568107790850868,0.8687982152465924,-0.007342282571594283,0.1316853848785392,0.9066221339945943,1.0234092357789264,-0.03753022364670558,0.12241272821171076,0.9473004287678772,1.1240688507842396,-0.0335383265248009,0.09032774975781366,0.8654233958679672,0.93811038568059,-0.006048135674347081,0.6976252622815399,0.8264178262593658,-0.007460130888004392,0.866920245112681,0.9029090946497577,-0.04146493164645894,0.9117065059256647,1.0406645417524505,-0.035556414193040925
1101,0.7824780091539476,0.8421818098499965,0.005503977353493097,0.12253810849455436,0.9207206595054604,0.965736929692944,0.0019077626440095659,0.10520781202404804,0.9681453256416757,1.1367850477894383,-0.037235271086622446,0.07706490045964184,0.8919045044120206,0.9549921525288827,0.009432594005721178,0.7230761264850698,0.7795262687067764,0.004564791909549234,0.8739619094843856,0.8533539800793072,0.037302515010268135,0.9269212502648859,0.9776894332772549,-0.003581674759750831
1102,0.7142340284066845,0.6108457402725113,0.015057187193354443,0.1445546200000305,0.836791543461531,0.6685611247013362,0.03181239943367027,0.16312458223801693,0.8825732927553838,0.7785769521147506,0.009448582233121476,0.11848198129890541,0.889831338290897,0.8085550763448124,0.01643079686250729,0.6248266965547021,0.5176140745242288,0.013931176186251231,0.877803299669711,0.804273856236868,0.06357703130835164,0.8348811730592501,0.6543703988093681,0.025359447715329973
1103,0.7509210599840814,0.7831042041850763,0.010923771428517123,0.13170421479677372,0.8772216810547555,0.9271316091966784,0.02537226428212615,0.13406254990106087,0.9681611492721944,1.1142051855059987,0.015004800241639154,0.06808181829131442,0.8835256126982449,0.8991951452474901,0.01086442328586256,0.680356736433126,0.7189461035786311,0.010610348807480794,0.8138806447154301,0.8825242639574598,0.05830048893102443,0.8849810153888229,0.9300584948539049,0.01989972802425169
1104,0.7626658542201993,0.6976130100004453,0.001287642499222423,0.12907327650881786,0.8908256169637243,0.8407223325746308,-0.0020343407887634065,0.12449562163976514,0.9592286113940472,0.8659335342187785,-0.004378324969891655,0.07048725680507938,0.8806131508771877,0.8057759437610589,0.004982558290108972,0.699183089434538,0.6386671283669864,0.0004430416606287231,0.8297778030157325,0.6699605279267113,-0.014301692456834365,0.9000466508616659,0.8666070145340945,0.002128092261139756
1105,0.7436296906622883,0.8151816750071094,0.018351997695671283,0.13464886527927503,0.8631977648425404,0.9740987176878487,0.02252207944297292,0.14341059347577495,0.9493901315544916,0.9995731128128124,0.04649196504304288,0.08810312907283731,0.8713846566512482,0.8833828228861966,0.031586759455493725,0.6761242308911927,0.7697720768843396,0.015546725377491289,0.851087589089512,0.9947128725733582,-0.0006756675982044479,0.8650735740838212,0.9749991458526353,0.026320549682231086
1106,0.7509154729873362,0.7576745645835437,0.012726482356651312,0.13148869948012465,0.9025444602035035,0.9074681984163333,0.012358338577793934,0.11713196612015414,0.9572581876694184,1.0095880733397056,0.02107058332728836,0.072101646018608,0.872461913248375,0.8485066707209227,0.01766938999005454,0.6862651864613444,0.7051576971318262,0.011497064345200666,0.9210323139350507,0.8069492539904648,-0.0174042342502915,0.904004351135151,0.9262910339663576,0.01875764220516496
1107,0.7542148431269536,0.7384256362803799,0.005004752388490543,0.13052299938332806,0.9090523041224234,0.8987542329280298,-0.012887399042690177,0.11340001190114082,0.9522396751321284,0.9918696532083394,-0.02090005335470632,0.07565543188755051,0.8716859804389965,0.8455678089460688,0.013395136716963164,0.6909177541939433,0.6779638339652994,0.003264971234851115,0.8979286639543544,0.9379496540621909,0.01393143912352457,0.9111861845691258,0.8929101428459958,-0.017849101124959455
1108,0.7602218195699832,0.8488582639591505,0.0009665845027121857,0.1297596408626011,0.8864746570229787,0.9515057577073599,2.7754444978122257e-05,0.1265541773504641,0.9651637211803357,1.0955538702153753,0.01998139253858342,0.06985243433516779,0.8870099896544329,0.9504548895334896,-0.006545935309979841,0.6928114168501069,0.793090368032045,0.0022900034326000817,0.8424054651786149,0.8799072894723817,-0.01742425596505267,0.8920409723587411,0.9629390496668465,0.003834977934216501
1109,0.7489068795160061,0.732152658699971,0.02080652207589474,0.1329473609428292,0.8890681180529757,0.8693324469053733,0.043644493350582424,0.13103296051226837,0.9431974497021929,0.8746707848100562,0.009066924652582726,0.08065272691830623,0.8746394758076498,0.8739063314827931,0.029293665157008795,0.6822310027188299,0.6577529421463169,0.01849918638019394,0.8800138728911351,0.9901249336048548,0.09937650687585131,0.8953858158929071,0.8577066097551861,0.0334830977518503
1110,0.765101558299358,0.7860448975276453,0.01299748258777898,0.1273992985516066,0.9170652361266853,0.8775610688760964,0.025171775468450844,0.10958597886831749,0.9771261348391522,1.0993703138163606,0.012056816896993932,0.05729824041444513,0.8832131547182959,0.8792574372009762,0.01190645853417675,0.7017826216181109,0.7338917301914353,0.012880467778347659,0.9193273968790957,0.8619034213060288,-0.005780006796616453,0.91849418001721,0.8840486463147492,0.030723547053327145
1111,0.7462368560962938,0.7005334287356073,0.001861880535092412,0.13366043463029656,0.9056063030004845,0.8417375663756161,-0.006950918715987858,0.11667182568037598,0.9634268587344996,1.05149242975969,0.0018802590536139859,0.06579927852040425,0.8724338442575574,0.798002627588901,0.009450375288442612,0.6790054929852003,0.6445540833407994,0.0003369057473980069,0.8923684714253105,0.822584839205007,-0.005506532058461796,0.9067350872468628,0.8438322084098767,-0.007001909479035365
1112,0.7864458168501502,0.7549570311233238,0.0028180273535069423,0.12093247544519878,0.9331484977444514,0.8756684651795417,-0.014626279908985976,0.09956254272215474,0.9636369193584482,0.8024449332240624,-0.011516691022273163,0.07670448776063771,0.8777789547460407,0.8821145401762133,0.005994391422576425,0.7367655838012636,0.6894530060434386,0.001985585645190038,0.8253631084272679,0.898974243530063,-0.004537305164150206,0.9466475069276412,0.8724852084726403,-0.016595115260205913
1113,0.7538706901787317,0.8396082986861458,0.002911485750581791,0.13135082539182705,0.8961043422399224,1.008252934983067,0.016230366517541957,0.12443426525024885,0.9586446232870928,0.8685461229754627,0.005315597674816955,0.07058002688814001,0.8840951861363696,0.9887973745016617,-0.018094719099695688,0.6854545511686694,0.7674844593671255,0.006441157088928956,0.9033714088422455,1.3261567244436596,-0.01493502023089662,0.8987932980618558,0.9846698220789308,0.01828752882941938
1114,0.7592916832409661,0.8029593409083672,0.004736178479711123,0.1293260112652306,0.8937403194521212,1.0152317502722332,0.006486010287696958,0.12604958317150933,0.9286383447861815,0.9668652199046929,-0.004153626334499385,0.08891817335347095,0.886846317793415,0.888488212341953,0.004046932331683039,0.6921192102882573,0.7535907879072414,0.004707670769714348,0.8305051178426824,1.1179393974624448,-0.000630977967303815,0.9016538898085109,1.0061524764041836,0.0067390581698179835
1115,0.7946025734100669,0.7660795766045008,0.009565457558963503,0.11814527910822616,0.9129226761903373,0.8942669528176092,0.024010341057413377,0.11154467451537539,0.9632826135163415,0.9425701726101509,-0.0025540306065650257,0.0630736513293013,0.8935950933804429,0.8650357555598186,0.009369586322548603,0.740138682387986,0.7123597826030915,0.009326150280114654,0.9147597789401644,0.9285677068753704,0.0608294469003416,0.91447594917832,0.8893217752132081,0.017380505159822927
1116,0.7372133892507309,0.8030546478377362,0.006040022672518033,0.13565434005783283,0.888886742735094,0.9353790693114272,0.02234345421679236,0.12626719549095472,0.9417313908758663,1.0241439674170403,0.0015719743148371846,0.08129591811181983,0.8784935828101255,0.9670266675564632,0.005456605436807395,0.6626421183156839,0.718038403282237,0.005821927110528676,0.8499898531693318,0.8654649671020341,0.07659231428895823,0.8961209682966,0.9420320917332617,0.013065219243715594
1117,0.7665559402503243,0.7601838187345622,0.010185699221211882,0.12660922617677722,0.8943421395734967,0.866387670415959,0.017196632802424516,0.12183646610352779,0.9774687120323101,0.8956571323324183,0.03011072070491375,0.06189044543113762,0.8834455574299441,0.8662063144291086,0.010382936446151807,0.7034056008669227,0.7020571854073013,0.009840745288693878,0.7887696539734441,0.7287221847682802,-0.0010952499740256136,0.9078952099114739,0.8872734269023075,0.022003330770280702
1118,0.7611862849117792,0.7323768568908587,0.005556059249400041,0.12884885894614684,0.8834260466194042,0.8584093424911232,0.007816964752407713,0.12822198594434198,0.9647636576705289,0.9095148853558606,-0.014452311753267968,0.06484696182985392,0.8766712500746843,0.8845748670430021,0.010591729500637442,0.699525240818086,0.6551109964937549,0.0042640077771896,0.7636363405597796,0.931281341238582,0.018673552675554626,0.9000109846068717,0.8506040428004896,0.005261732015159528
1119,0.7735503308036746,0.8265955867851205,0.008933514386562806,0.12483962380971501,0.8903862600006205,0.9654318569518501,0.03182111460055598,0.12880256951068625,0.9692050650757775,1.0756117149831992,0.02822175927487777,0.06794233774594034,0.893069155544854,0.9257867758414973,0.006682682714123718,0.7092532876882234,0.7711781791217613,0.009123322274351958,0.7646374016427586,0.7609482430997345,0.0578426949191186,0.9054445859580942,0.990628522354195,0.028556619498165733
1120,0.7573087134836508,0.6853459760411883,-0.0011917026151354588,0.1308823245845986,0.8912266386325141,0.8086471215165916,-0.015169558936883692,0.12824678640771595,0.9400009494560697,0.8211794857459015,-0.020106409876232887,0.08916799387279228,0.8832071237663887,0.8235214726041208,0.004731864284687152,0.6902057667476607,0.6133071413180177,-0.002426345811874736,0.8888557952683118,0.9022444827592129,0.021205212468273227,0.8943750331541122,0.7978783520104722,-0.022192380026959252
1121,0.774119185027498,0.8209720000656875,0.001115245793714824,0.12414465623185353,0.9036564634736077,0.9461517486228345,-0.00992469146500628,0.11628032566642879,0.9668157156372623,0.9347191131987884,-0.015717316292826845,0.06220475162176728,0.8950806678577786,0.9454170115049031,0.0004960573435318791,0.7088285944604324,0.7535244092582286,0.001104649786245171,0.8466495702878972,0.8107933070543176,0.03546780160092105,0.911648749263299,0.9608694726110261,-0.01716436045988558
1122,0.7863540413678353,0.6807971382125909,0.021210431509452083,0.12340905370863799,0.9036187787907184,0.8112692521015442,0.015023157720454577,0.11840354891659384,0.957854399325494,0.7717338943642745,0.025267305817522366,0.08711146921983842,0.888846204935032,0.8137317178790363,0.01770514716804579,0.7303417908703549,0.6145300534692529,0.021113000458894093,0.8250983620131827,0.9066876907828093,0.009004741961468037,0.9145062433989214,0.8025208621291195,0.015075645568253334
1123,0.7661501074441082,0.6976825942315664,0.00015107457455768795,0.1283462561477723,0.8906140041785339,0.8337288555144189,-0.008993289025833111,0.12597438282487633,0.9658135069358598,0.8328780384872941,0.010704055118206802,0.06992421615913116,0.8816431881739968,0.8397724270946326,-0.010993798822743784,0.7045792601881554,0.629040876328969,0.0019072088566195252,0.8834620828436577,0.7599941234624682,-0.015723066860409418,0.8919014446413108,0.8439138857079657,-0.007018638196894075
1124,0.7602973170181192,0.822398479419137,-0.0029303393176420217,0.12964970659853256,0.8710146741357631,0.9582342417868759,-0.003550687262854305,0.1368973994018177,0.9674748123604536,1.1132409233242078,0.0029093593854650074,0.06727127137171603,0.8852338444180741,0.9037643717058276,-0.00800461293257676,0.6944412147416442,0.7762708819448547,-0.0019494292096604456,0.8038752104319709,0.6849261298139776,0.010576577223070689,0.8820333569564276,1.000459240130852,-0.003510539152947064
1125,0.7315365911631264,0.8707066803004713,-0.009397058151647932,0.14033892546677276,0.8831561934077443,1.0858130767499188,-0.020213590091493976,0.1381548629283663,0.9402937527543456,1.1136072998835358,-0.016329682139461413,0.09020220512774008,0.877700270625154,1.0172983675095937,-0.022770603515918517,0.6551916834604058,0.7942394954261408,-0.006832044730124171,0.8495649353599185,0.9963161117001273,-0.0030189083772682096,0.886676364963135,1.0952801188803216,-0.022449121328576353
1126,0.7858917812704004,0.8142549184389705,0.008223746703024273,0.12087081258993519,0.945688627048946,1.0097036725688706,0.019670021031211897,0.08981074156266038,0.9753635558556274,1.1109055406557597,0.02353111246064548,0.06323823498117653,0.8950489320927972,0.9230683798467146,0.005827573965346279,0.7266145506918704,0.7556254416368614,0.00838425329269403,0.9225336810314576,0.9995967619230554,0.039430689984302256,0.9484462208557694,1.0092740840647754,0.016298031672355186
1127,0.7365946704090425,0.7085626371764071,0.002496953752030653,0.13584440317237828,0.8540504669774958,0.8417377881409268,0.008795920336952,0.14419542461637774,0.9337523880272836,0.8002674166161639,-0.03037321552868214,0.09739079559008632,0.8670268002036959,0.8700943293430177,0.003608389166180354,0.6672441141548427,0.6274698677716574,0.0019728825250846078,0.8082898757451901,0.9358799395215561,0.037469338228726244,0.861226990461394,0.8313600355643171,0.0031128528977164625
1128,0.7575323768276327,0.794849744327777,-0.007694502247260689,0.1303416060145616,0.8970403324560666,0.964854409866639,-0.012881977326300437,0.12168992405444,0.9675986229946477,0.9910937086408317,-0.02763906611721693,0.06524074076609145,0.879681614013008,0.9219956395974678,-0.01292778195941894,0.6919580862538114,0.7278235729853695,-0.006670157517970649,0.8634128964558342,0.987237761345926,0.02562969432091061,0.9024491715965822,0.960826617259871,-0.01974190721360265
1129,0.7504552536987253,0.7538993794505238,0.009206009378464747,0.13153675822594638,0.8978267033665275,0.955916293603412,0.014730665611068347,0.12129624425765631,0.9637649437761949,0.8707004692615286,-0.0014555524748684832,0.06662192933946205,0.881014084124065,0.9043837547495477,0.005186147547636019,0.6814085157253859,0.6779954719659377,0.009425614450511434,0.8733245515721632,0.943534418227189,0.037542155830599694,0.9005496185971424,0.9555087237895584,0.010849973703334013
1130,0.7852299622452453,0.8322141768014779,0.00810708889335332,0.12150731561334578,0.933534601515298,1.0359290246084676,0.011247624020313835,0.0996248024920317,0.9748937212657345,1.0716803697423256,0.001997280317234955,0.05624026577144852,0.8909179492559887,0.8807805673784239,0.027371413704431025,0.7296716748339324,0.797660693663891,0.004286833737150145,0.8934905537932245,1.0294872405687099,0.04606324014248574,0.939232673089663,1.0348947414897638,0.005197446237960283
1131,0.7783624704150733,0.8304204048149592,-0.005363274366026596,0.12378243717653634,0.9208036588590587,1.0026411265843422,-0.017677659921536245,0.10751069735951889,0.9619633405291748,1.0948020042694475,-0.024765219449329905,0.07409433831232227,0.8791512703435465,0.9158176956514242,-0.0017176622053166632,0.7226914285541808,0.7803944675439655,-0.005979882502718187,0.8605917331916975,0.8472571982076301,0.018142930948801247,0.9284568180137441,1.0202864266693064,-0.02281169820398885
1132,0.7405824282714372,0.7377280412758994,0.01832023965863886,0.13534657679669762,0.8895265271472725,0.8544305739437378,0.0229459760028997,0.1264674388215175,0.9267022241357794,0.9944710583220572,0.015112178133611483,0.09228970997192905,0.8764204873270677,0.8665579079579426,0.01854943483798659,0.6689704314622567,0.669286841660331,0.017674594044535148,0.8517391985297668,0.6838251690826193,0.006983294123715917,0.896914506272815,0.8817860679679017,0.027771307710073388
1133,0.76224605806118,0.7064844030891997,0.008823915370381222,0.12788023620143402,0.8931074065736715,0.8389696596462979,0.00029176482126007874,0.12280045197098126,0.9676891593698628,0.9311100365783509,-0.0005688272574194041,0.059495631998560845,0.8809719047482004,0.8180132128755773,0.014396313044351726,0.698227637942217,0.6453747454991768,0.007481345837100885,0.8448028038318459,0.7119981231893273,0.05403150951730329,0.901430390446587,0.8527564580611167,-0.008463960914044038
1134,0.7671806029819326,0.7746990115695402,0.009531943852599468,0.12669892705727856,0.898284626783024,0.8488961924238883,0.016635190809997896,0.12067470432856324,0.9581670780560954,0.9453859484441015,0.005495056967188372,0.06776467896753591,0.8854328808357731,0.854286592511903,0.016580554545235365,0.7045161879717919,0.7271917853006378,0.008004034490210265,0.8338400691005298,0.6412478032768224,0.016341772998804766,0.907924972321748,0.8792924835329492,0.018857189571545002
1135,0.7400728531047422,0.8627708000184493,0.017716541075104144,0.13780880405960677,0.9124228313401473,1.1026502630826494,0.010984085198352698,0.12085979894397789,0.9567807427667453,1.0478416267115847,0.01877908317842749,0.07393032458687877,0.8747911818968593,0.9702609706535883,0.018803329470258225,0.6695873943416777,0.8013715056114646,0.01708529535805471,0.8579999241086531,1.1916128601733205,-0.022823141509157555,0.9202602443916436,1.0983264120567526,0.015827683235873864
1136,0.756294273557972,0.7330511462808743,-0.0020614271940122718,0.1305776945069479,0.9025581588882579,0.8396011898551695,-0.03938807498256545,0.12845113933842586,0.9516973218891114,0.8643727522654288,-0.03879605174399923,0.08631679303997558,0.8851179671670916,0.9035087116255726,-0.005910108293380454,0.6885607011963776,0.6501624971020307,-0.0015886864425350307,0.8801149182836832,0.7271825833283748,-0.011083527032483031,0.9057210313622888,0.8522205873842681,-0.0432513934988171
1137,0.783340293116029,0.7169509806931029,0.005406702042539499,0.12284969119632672,0.9094299081218019,0.8478067856976377,0.006362997747282541,0.11372866457407481,0.9517852650070229,0.8506402917085849,-0.01276104368592826,0.07803459363236959,0.8891700011367687,0.8456680392608963,0.009510086943907068,0.7263038445329307,0.6503043528292164,0.004330995345196503,0.8415150354486673,0.7668351242199655,0.047111040818593,0.9184682221675144,0.855382494990203,-0.00025586447554631783
1138,0.7582382717419435,0.8368313101556241,0.010760055874297837,0.13033400039034293,0.9136018407495813,0.9857207222344782,0.014350058853398701,0.11184146055272647,0.9763325583375648,0.9919563105909983,-0.006082173791300228,0.050759797914937295,0.8680957103976294,0.9712635520802098,0.019263829111715543,0.6990820071205285,0.7641841378537465,0.008793614449898299,0.8668741495487209,1.1718112497658897,0.0541750033908827,0.9238350648087843,0.9695461727562249,0.0064746402014073876
1139,0.7482839724435804,0.7200249418832732,0.01518871217212999,0.1326560816344097,0.8903839825596389,0.9019359574794462,0.032099082511207536,0.12763823344757985,0.9126717779673107,0.7816032259135092,0.027444719926194676,0.1079898579249624,0.8768971571272257,0.829301673524436,0.0059213053587477875,0.6807609202788065,0.6637137433403372,0.016433352792628093,0.8975097588147403,0.923325276170414,0.034300193704967175,0.8892619972305138,0.8993282112430165,0.03153057359576318
1140,0.7779115295319153,0.8024241065891139,0.007592929769792676,0.12316578422486717,0.911012388434123,0.9121578091751814,0.02279201859340085,0.1126051121275084,0.9580182576529118,1.0072251725565886,0.00716043496732419,0.06860584120105827,0.8858474275202836,0.8932800494816999,0.019576604552748542,0.7197067699560672,0.7484840498031572,0.005159748175588812,0.9118216915135625,0.948199075359985,0.029837539338419757,0.9107797848324791,0.9076237029066851,0.021271804223090725
1141,0.766915001155683,0.6983109054006177,0.01634173285052356,0.12770998151561935,0.9012071703392097,0.7418201321308754,0.01860982931022106,0.12737889691389245,0.9613521180285861,0.9895967639385059,0.0009090814875016877,0.06537078599136838,0.873287356785265,0.8360681874822624,0.024486655609001633,0.7098513770488751,0.6276124978108455,0.014242414508777466,0.781949141558632,0.6521043369639953,0.04201418622603579,0.9148350933598278,0.7507209329825134,0.015227876722033845
1142,0.7505816515589503,0.6548609807383842,0.013435468550788638,0.1337003228568296,0.8972483301592133,0.8168849453210242,0.011558659859345115,0.12187499853533945,0.9653423718894218,0.9542504996100871,0.005400931285589075,0.06120160985048776,0.8695080920110037,0.8009487314136997,0.01294134716880539,0.6870163495640973,0.582755434073014,0.0128584947870165,0.8163635313907163,0.8473814951341432,0.03127467443524634,0.9075460780101027,0.812524429943615,0.007882406885782909
1143,0.744505969233733,0.7779600363487081,0.010972292431612931,0.13327961566443872,0.8702867108248589,0.8666161010273967,0.025385380107221044,0.13702566819769285,0.931184614005435,1.075985485270856,0.03773170353086919,0.0989625167208782,0.8886130378014219,0.9031268715690874,0.013663366584441144,0.6688719734166789,0.7085413130543573,0.010099386691539034,0.8430231140051916,0.8279780820546618,0.006275731966543082,0.8738371218731645,0.8737612674744956,0.029137597079054518
1144,0.7469763053233719,0.7725416555297704,0.005123093901903039,0.13275839069113682,0.8717111099769281,0.9335885975512336,-0.007150013351785616,0.13644120737692741,0.9232843027381742,1.0605263046942304,0.007679264522352115,0.09719224139131613,0.8722875812546287,0.8716120099819412,0.01675651656087337,0.6803022832862343,0.7137538342083248,0.0028108623511404144,0.9134009291611581,0.9622577070489192,0.013735008613332602,0.8673459822750633,0.9288416268573503,-0.010994842440989276
1145,0.7519937617527305,0.7252558556374575,0.005551819438965353,0.13122322018483354,0.8897394506374884,0.8959960133513462,-0.0034150145253041496,0.12431735097978314,0.9326567945068697,0.9667127175570985,-0.026343627752404394,0.09048146272037391,0.8847258491858233,0.8646536759550396,0.014208766595034712,0.6819054534416454,0.6510120741209507,0.0036802392108411133,0.8979437762180356,0.8898406046120518,0.05776728384611294,0.8933695825444068,0.8961551666230057,-0.014164606606523448
1146,0.7760397813401599,0.721832448164897,0.00924502582108137,0.12409341308853407,0.9128672907250305,0.8109674090935223,0.008733223750045468,0.11356244752593322,0.9616020554587643,0.883406865148727,0.008195680051837677,0.06744671762060915,0.8878905064527441,0.8422620948091696,0.003458946851130747,0.7157845513116966,0.6605507233552947,0.009912911522553582,0.8585441063648488,0.7191022694523012,-0.00398534159405047,0.9198107079386764,0.8245599889357914,0.01199999221032467
1147,0.7764713433441446,0.7884698470481942,0.004076977555583793,0.1238772453373094,0.9236885225934732,1.0062458082036205,-0.0034257738990990474,0.10500941679480728,0.9835807236255435,1.041292304512631,-0.005268322553289582,0.04420684036311437,0.8805566151418716,0.8543351271060599,0.0021620930665816854,0.7203710094603641,0.7506741340520123,0.0043544961669828965,0.829963147748267,0.9059082955851713,0.0011224396551341935,0.9341191417177395,1.0180172028769792,-0.0032481596216779314
1148,0.7740451252615634,0.8033018450677105,0.006401853407311695,0.12477209995550222,0.9041451609271527,0.9292431550427734,-0.005065448176539536,0.1159818286719862,0.9665716955380568,1.0506274916414993,-0.010167250477447556,0.06355883234685279,0.8885353717770381,0.92475297915585,-0.002679286533399982,0.7126713291270035,0.7411362645950222,0.007776126882691174,0.8484731415792975,0.7886428008407944,0.02578733739098744,0.9111553447333359,0.9455072536450069,-0.009481909592110965
1149,0.7735489661457113,0.8480885256418653,0.00981694157068056,0.1250418239043189,0.912411331569807,0.9414816973657419,0.010546940739005823,0.11013886994404495,0.9796722756517872,1.016926504958021,0.011167128905556666,0.048407952367129685,0.8864943417357201,0.9704555736047338,0.01721966238992036,0.7119793563282973,0.7794473401780855,0.00814397636152574,0.8515132222498404,0.8833112626923834,0.004170810583084832,0.9192442265262843,0.9493999489716346,0.012257646408834238
1150,0.7814553727431621,0.8061415114470971,0.013177389917140733,0.12209708899314219,0.9067035872732432,0.8905455253330713,0.02967105449819446,0.1161811958254743,0.9692834694599675,1.047920374250086,0.018670133259585886,0.0628410845930855,0.8973461426670932,0.9187187851485866,0.015071838097945876,0.7186845172016089,0.74412296054816,0.012434483605214753,0.8596841010636278,0.7982604698412415,0.04872166636809764,0.9119288110940309,0.900259234351189,0.027013700951333174
1151,0.7716266906903257,0.7065778566172529,-0.00169121275917146,0.12625469991755292,0.9261792116237466,0.8659513354432006,-0.022005530836773014,0.1060510730459831,0.9587301318318817,0.8061197091016029,-0.025573834461707075,0.08209550139429317,0.892375704960181,0.8106225439679174,-0.0001493631979961523,0.7069116504910471,0.6496986659734105,-0.0020677833679567464,0.8796515596716479,0.800882945975271,-0.014202988137478398,0.9310708503335319,0.8731200725042413,-0.022686136972523273
1152,0.7692569783465049,0.7018607110204558,0.011017257997856855,0.12713679251667998,0.9045492082105422,0.7747571586883275,0.011396849585655636,0.12191658133836952,0.9870653848531146,0.9767477583092214,-0.007127457772651393,0.038052364821748674,0.8792771661352932,0.8430578274374474,0.012842584696321062,0.7105004164170713,0.6311793026396331,0.010155299405172473,0.8560014510120336,0.69900928338112,0.03982108822206574,0.9102988415649694,0.7819437622893168,0.007016943370407053
1153,0.7616206786409323,0.7983917684009065,0.0016263132105898421,0.12861626469847137,0.9011445460033745,0.9070280381238404,-0.004437820009980062,0.11763361062301886,0.957252691337352,0.8529746441543489,-0.017292883737736617,0.07548306239500856,0.8856644879975398,0.9253094041897073,0.0009350438346819192,0.6952465331013198,0.7303745789283294,0.0015758938777389222,0.8537329065931138,0.8126398423515067,0.011929670539774798,0.9062411229038235,0.9172376913512207,-0.006460500390009146
1154,0.7586376694035233,0.77238280736505,-0.0013388798904979647,0.1292791358219591,0.8917778751594595,0.9434147238965337,-0.013711959366111467,0.12475832592982165,0.978574772932118,0.9747194921585589,-0.0003812128430405063,0.04752303035777976,0.8707846243077866,0.8298224923237958,0.0014955454860543448,0.6988952439138434,0.7369121678811879,-0.0018642284123023673,0.8153963634920094,0.6757331015998358,-0.04379954678820891,0.9098394821190466,0.9967490861380729,-0.004901807385273255
1155,0.772093620976382,0.7774922855232677,-0.005666669113021257,0.1258266872107065,0.9262552420279447,0.9749193586084279,-0.020441185810590175,0.10375329393003649,0.9696404106451801,1.0064647019868707,-0.021116054979414663,0.061442094607536454,0.8807496489358286,0.8744552854239879,-0.005678623513113263,0.7129942914902105,0.7236237566412391,-0.005616324868034896,0.9236452578305959,0.8879133019314145,-0.006198962784214888,0.9267607925746567,0.9847231017509442,-0.022106804326355325
1156,0.7608264204550632,0.6522734001375127,0.008537128723739839,0.13081017911934006,0.8954664169311155,0.7649473646027288,0.0022028899540047255,0.12724629100990473,0.955956974216758,0.7503602357283858,0.002757613871880686,0.08761638352887899,0.8828161888256538,0.7871546057665995,0.01207754494441287,0.6956863229120014,0.5834067545129529,0.0074624495144088076,0.8808050040508884,0.7959488222867998,0.001784054745491523,0.8968934403911631,0.7615167451519239,0.0019445961732855602
1157,0.7404328512800988,0.8669454201999591,-0.001971248828820434,0.1372827211464314,0.8762511382828502,1.0649937466032224,-0.0024584327627116,0.14016495319611474,0.9653701904918426,1.0621960526534828,-0.01747709098936625,0.06675610651680569,0.8841749386498747,0.9840417620649944,-0.004434218999429149,0.6649620752923928,0.800309272296287,-0.0014830335322137558,0.8949686408515944,0.8605768240471895,0.0026209691521319805,0.8770693300325799,1.0951107063989394,-0.001520155260661272
1158,0.741197631917507,0.6982249067923081,0.003854326464546009,0.1346967727189878,0.8732907983836331,0.7946599290916949,0.00132428715864654,0.1353625321218574,0.9467370074022765,1.0923779929036204,-0.013852208464503179,0.08401694866851298,0.8698565554404035,0.8039168321254729,0.010979360749565101,0.6726416322661725,0.6385505905891885,0.002371620137223115,0.8371628836594359,0.6143035424711765,0.025759342050165453,0.8790814756712014,0.8176130763981029,-0.0015152758931111195
1159,0.7546293792628967,0.7859163739258075,-0.009456055848545565,0.13173899587322266,0.8850826653234785,0.9224470020790583,-0.042689756978130884,0.13591192731690738,0.9237051558340056,0.9150217746929212,-0.03396866230727217,0.09794447525712599,0.8813677143075307,0.9293298422910935,-0.006785306349722354,0.6869904564947746,0.709930268935712,-0.009811035243862995,0.8739541555570643,0.9843632470342756,-0.03432347642450173,0.8863969510720942,0.9151295348585663,-0.044747799617338574
1160,0.7660269625156032,0.811343231686199,0.008570423316828786,0.12746894956057786,0.9251576605613495,1.059065581030885,0.00043336269916668843,0.10733370289507244,0.9645601854802744,1.1075746475921715,0.0015045936044392348,0.06986768063727278,0.8790990293359643,0.8574747242489039,0.007927765741071497,0.7071363553527895,0.7833709221877655,0.008604087547789267,0.8889640843208962,1.1943900468008606,-0.025814086278325297,0.9304795619771203,1.0490877182246288,0.003435993146826106
1161,0.757260859906447,0.7425344593380988,-0.0030762213653987847,0.13011841310664848,0.9089558371880908,0.8747768810554716,-0.00899744696972107,0.1136864896706154,0.955455317385635,0.8726373933462508,-0.01617678524465534,0.07460554553931902,0.8769147598241339,0.8599182587681341,-0.0030530709871235,0.6930408111857496,0.6796140097347491,-0.003113360617975194,0.8357829781854563,0.8107587392111996,-0.03076945417364321,0.9185372318809724,0.8860188124557079,-0.0044732464429911925
1162,0.7451153286263036,0.7345307204112864,0.009278633939453492,0.13270199457341325,0.8923712533641114,0.9004783865468752,0.022093329235025265,0.12324229441504464,0.9176840291668245,0.8111089509686424,-0.026874202375776507,0.10276642072041402,0.8664123850285544,0.8686455475713751,0.006204726119816943,0.6798408012344304,0.6653263275408603,0.009427352357862047,0.8628120843829599,1.0445692528734698,0.04348162260076538,0.8979320645722626,0.8862737663042828,0.01736080355432724
1163,0.7621578364218684,0.7692632098263299,0.004906325595854458,0.12794138632382066,0.86540523224178,0.8461871304251898,-0.0006477907908750267,0.13813450384822507,0.9779627407378865,1.0195841888203736,-0.01132769947652595,0.05033993861458838,0.8788502315239108,0.9117930180978677,0.009188447688043064,0.699474406024358,0.6947934961622219,0.0038436030932464415,0.7208248106555548,0.7199144746715324,0.06743622269799117,0.8873560281268859,0.8605506164717317,-0.012260107142639655
1164,0.7723745860221555,0.8173658925874768,0.004731765616141674,0.125324483658935,0.9030343485207473,0.9588273016306343,-0.031758475161632396,0.12174297769711755,0.9660428634122096,1.0692860550492902,-0.038219055890415514,0.07438399334573403,0.886466193089232,0.8777025493904309,0.012637606546866137,0.7117219514903349,0.778640859211383,0.0031520444967790082,0.8664255958652863,0.7352310235515715,-0.002390995065256302,0.9095169719854036,0.9892576192720578,-0.035066257945898203
1165,0.7796782422574757,0.7267908879158655,0.012293946462042448,0.12275521734122048,0.8977392108955391,0.8636916497114552,0.011646523253224956,0.11910255310121866,0.9571330803343071,0.7937955990751615,-0.00695560395125941,0.08020387054193767,0.8973405306920321,0.878560984127495,0.01704390377976343,0.7164271371842849,0.6492557430577276,0.010882877373038733,0.9010710065035274,1.0728697880824873,0.027237675342824178,0.9005168491238358,0.8439768274152449,0.007293194027011279
1166,0.7638571528043214,0.8133049583542141,6.273511629128236e-05,0.12820801081153985,0.9080950836597939,0.9144514023816795,-0.006285984421285482,0.1137068911290787,0.9761333778851454,1.2070887101036825,-0.023794993239273133,0.07303128152604081,0.8891046000418921,0.9092269847020338,0.0037736788176261373,0.6971890401141715,0.7574660224326174,-0.000666099898945322,0.9301330559625427,0.9491135741642931,-0.01309311156653286,0.9055312781937058,0.9112290559811524,-0.005476936954016286
1167,0.7593506525957237,0.787162941550575,0.007028082602148733,0.12930461711882638,0.896317939858774,0.9752445969587037,0.009140971396590564,0.12245999041650019,0.9602606956796368,1.1081502991176864,-0.0008251448880298023,0.07313517927735497,0.8771111050555014,0.8996637537575444,0.015362769700578812,0.6961338781479283,0.7238183033259274,0.005224228027005011,0.8794157483328437,1.1002829145677198,0.02256174209659074,0.8992707494586839,0.9624538302398121,0.005856693702588899
1168,0.7613864764641235,0.8328668326320957,-0.0004638646926434369,0.12922409370338797,0.8653140175585327,0.9959048720165551,-0.016877127202904574,0.14335454411211349,0.9324261276591601,0.9679524799234002,-0.019790934893364802,0.08855271359282671,0.8819343035214919,0.9400917653464504,0.0021951868924887656,0.6967775824797866,0.7721640000953601,-0.001001049863575065,0.8145097121617407,1.1043197297558653,0.03438860237130151,0.875538794189117,0.9859327834601966,-0.026429930751714365
1169,0.7525443276177285,0.7448823935362687,0.008950431226673312,0.12979007860808434,0.8735841361758141,0.935097977132639,-0.007081000699448125,0.13405930727247028,0.961673317989304,0.8569766320922935,0.030717020250959154,0.07603259755353978,0.8756949267569811,0.853760960552306,-0.0011882431043229382,0.6866778689892398,0.6882036423740197,0.01050555395833547,0.8580756971121554,1.1008911653225764,-0.07573311581591863,0.8806385428461614,0.9300698715738812,0.001965404289261744
1170,0.7609894060961718,0.6939788953674819,0.009116342791337339,0.12896324233248843,0.9028142798185856,0.8054265742629403,0.02037531605206037,0.11978439265489965,0.9608955074480043,0.7968786455774418,0.005596060325118927,0.07770164393082499,0.8792340544286527,0.8401511776375752,0.01824629297758283,0.6982407791775708,0.6190671895463558,0.006998373509294035,0.8535558896369991,0.7247647735216077,0.04722641413175455,0.9085655745448009,0.8132658638491519,0.0162689916888597
1171,0.7478482343803277,0.747310601147497,0.0038272550301546074,0.1326063075328483,0.893608393683724,0.9357050552400632,-0.004652640241792116,0.12266840255274294,0.9581749118746312,1.049106032121449,-0.019705375593705117,0.07271244478772892,0.8831811441364916,0.8647671190481581,0.004552698147848856,0.6763581135560114,0.6829926030862078,0.0035292427110187076,0.8259518825173757,0.7431753658385765,0.01502871786549967,0.901940865929591,0.9602556332640328,-0.006439588250202015
1172,0.7448589491764752,0.6695901084090363,0.007931233122747149,0.134174439284515,0.9128520396959885,0.8457334270892453,-0.015005714918522754,0.1135545266938521,0.9585867821854936,0.8364994333048785,0.00487818443626077,0.07370975577974151,0.8653460825656962,0.7928566279448511,0.016062911129237894,0.680231559686088,0.6037308652950275,0.006090119037208229,0.8739626969515419,0.6673389582707543,-0.016571131241237907,0.9195016665632796,0.8714227570022471,-0.012768488367524698
1173,0.7625556066567662,0.7758478334436496,0.0005288510797372819,0.12788456746083557,0.9225042604925451,0.9584324817243337,0.006861077297273167,0.10373980875109247,0.9257843822678016,1.1013958449901262,-0.0098523265656402,0.09930562958673467,0.8890264621741121,0.8491306926436327,0.002374579337479314,0.6959010015918744,0.7318690827801624,0.00017312189114363107,0.9571664133940445,1.1290838298545518,-0.04488219339075464,0.9215741447005538,0.9484313444489842,0.013497728196428282
1174,0.7597225300586316,0.8082357098908923,-0.01125001073039439,0.13051882145179572,0.8535040463168213,0.971793161560538,-0.03040381152054629,0.15103482415771374,0.9073208284223193,0.9112429844499309,-0.02614213235551149,0.1048527244395074,0.8956090904563322,0.9099379663207126,-0.0017314014754695514,0.6881532731939755,0.7473238549520467,-0.012732837199488471,0.7971904509693174,0.9392931833990231,-0.0437722642872468,0.8599212129829852,0.9776328152548716,-0.027749984685703787
1175,0.7602810188252779,0.7188137713106555,0.015280060979841614,0.12894905920481634,0.8763522709192311,0.7804245290557037,0.02837488518976287,0.1369536241183511,0.9575655985225342,0.9318204856019348,0.013969669597536954,0.0688990159544106,0.8816351134403824,0.8708310428441921,0.015977326573851904,0.6950994457274936,0.6420899303621657,0.014508936028295399,0.7894557384166745,0.6786093799325073,0.02346267482741847,0.8864538039373929,0.7940585114010208,0.030316513215911556
1176,0.7673486024294855,0.6991593739462201,0.010208305353376744,0.12734428530587744,0.894162644121566,0.7961181717297223,0.012542500856148579,0.12505171762706813,0.9784878919101422,0.8245358013303541,0.004808337571488972,0.06165476755005762,0.8696747804524846,0.8028954702437001,0.02025291533681231,0.7115348644026802,0.6416559219551354,0.008014721703549147,0.7465965779194468,0.6700665255095292,0.030108552002969306,0.9109884846665672,0.8098991970363005,0.010539675197149392
1177,0.7742240902565406,0.7984513003951251,0.008231099883209223,0.1240400964791319,0.8985167966265082,0.9449701354350616,0.024368231715555726,0.12120840378914151,0.9758278330743266,1.0555116486175329,0.008761948267100497,0.054264030123881354,0.8780750631877764,0.9071691304272186,0.017922019664190374,0.7175031750269933,0.7370162650275209,0.006152252531154842,0.7608048046541721,0.7331795630467807,0.023874212929587718,0.9155350814153742,0.974973014784217,0.026590738322534526
1178,0.7714184000450173,0.7453343208698634,0.007311939684855181,0.12521403219657312,0.8919598450221187,0.8119280690920819,0.006298310101547517,0.12477343451396189,0.9666688309698641,1.0250169122430663,-0.003106595395333048,0.061381006193242826,0.8810049809556663,0.869722973052364,0.003243601203061258,0.7120188779206004,0.6814041109698303,0.007691600351939072,0.8183944090686991,0.8053458530364449,-0.04476764241221431,0.9052385336780171,0.8215315719773184,0.015136315507614096
1179,0.7748637818901812,0.8284552830566796,-0.007186964388036769,0.12586687050819773,0.8825394503485924,0.985859779282342,-0.011571528076529525,0.13267415922877457,0.9796428778107747,0.9275167196878414,-0.019398379933346144,0.05256261891078511,0.8842360874987856,0.9432156106911048,-0.01627037926653147,0.7163186899756888,0.7694479129603056,-0.0055428853651074625,0.6813055699603261,0.6620490396664074,0.008121514369865739,0.9082152320061595,1.0333950973359987,-0.01200689948123736
1180,0.7496100641057497,0.719956821191311,0.018845445393748064,0.13191328115811302,0.901401012504653,0.8739609839170885,0.025783376248866296,0.11861182122222658,0.9587959877643122,0.916976233239155,0.015005984824328637,0.06868091520405718,0.8759097031819892,0.8757577530185233,0.01384894086509633,0.682257182028207,0.6430285869754366,0.01896888817117372,0.85055532935042,0.9204584387324045,0.04600787405744457,0.9079851109036482,0.8679371469912879,0.021924304578923352
1181,0.7857771032123974,0.7497667363239946,-0.00032417485120079024,0.12108064787864906,0.9185945857466774,0.9234474379312507,0.008885580494501229,0.10574195334302812,0.974454221575093,0.92244477355275,-0.007358300104332594,0.054102878018038945,0.8815266384334968,0.8630518013901003,0.0035259037976575034,0.7328138638963596,0.6887185680075874,-0.0011742433745245407,0.7833201460793385,0.7840652150470961,0.0746576320664416,0.9389704646332407,0.9388141135272093,-0.0022024556724989154
1182,0.7789261658262161,0.7515890870236787,0.008395930546303831,0.12300771679384452,0.9230688320643969,0.799498371148977,0.03059250729372805,0.1121517842426859,0.9752298551568908,1.039018131045328,0.00858674645289407,0.05413283225152485,0.8961531063884257,0.8646809420040156,0.017886721951796844,0.7161447015622815,0.6886640173798289,0.00635441683959077,0.9370228127783257,0.6623140476107339,0.05317892715993,0.9238030900454507,0.8159469247764923,0.027586353320499114
1183,0.762894863056212,0.7769522506780084,0.003386992801029998,0.12806349730587124,0.8958118231621739,0.8833348136441297,-0.01582133910518325,0.12232197756818718,0.9658735915199878,1.0270105343906895,-0.011957652485427194,0.06294748461596211,0.8729551452413639,0.8788571452501127,0.0004682528901732388,0.7030847404661398,0.7216390805777717,0.0037652530233292965,0.8243889478111602,0.7102696824542669,-0.02557863290417633,0.9059585088210225,0.9096907599119632,-0.012136854387249419
1184,0.7493455244850774,0.6730998934445276,0.00812215832500019,0.1331604352134895,0.8587904644797317,0.76899476427281,-0.00676356374445737,0.14575922310781847,0.9716904522722553,0.8619084405378468,-0.005611039341072262,0.062125158665555444,0.8632317080867268,0.7761194197334012,0.010570352595992375,0.687804038270346,0.6173295927794492,0.007386822695453947,0.6329609259090724,0.5107684948998754,-0.021978615540304947,0.8902564272503986,0.8110049496178583,-0.0006654546205867593
1185,0.7419418451202983,0.8060020722860768,0.012069091779500133,0.13506914188449862,0.8729162811796456,0.9196169615514429,0.02724313449369238,0.13636227255358055,0.953618622199351,1.2357238910221724,-0.0031634259249707767,0.0924779723116944,0.8714092506111151,0.8728445242331039,0.033405246009437894,0.6753861690147823,0.7603525854824094,0.007814468887262213,0.7498585397159924,0.7369993727964921,0.07566574476307561,0.888641753725872,0.9403322521622237,0.019593953230965747
1186,0.7660407025846135,0.7074447773392086,0.01422589605441311,0.1276933425918065,0.9159369893773703,0.8753614760644567,0.0167761250709419,0.10901159541940515,0.969038773696671,0.7980308935440725,0.030559145035272614,0.0794374227958825,0.8789885142896012,0.8121887073204361,0.010895629169394776,0.7047644776007751,0.6519043640558444,0.014431984305149328,0.8717815026079535,0.8652406993435698,0.009896034355817082,0.9208726358962741,0.8773000856676416,0.018070991128820522
1187,0.7660121067350139,0.8272812737093734,0.004214220484255532,0.12727267799281258,0.8869061022200994,0.9714878596632952,0.011324442646466636,0.12799490236738373,0.9571952139024703,0.9995571488173894,0.008005187077795163,0.06910990097028859,0.8724254273243197,0.9082932587188672,-0.0006354560756556828,0.708154663890543,0.7820741127261668,0.005017894648721249,0.7756670651568889,0.8727215168973491,-0.01178839605125683,0.9009549990764072,0.9876400459925612,0.016514581252490803
1188,0.7648318800458748,0.7379636556857656,0.012756870373144593,0.12714923636821926,0.9371347029001444,0.9454400439248141,0.0017538968349609231,0.09272260042140497,0.9705817226417152,0.913656655508928,0.021063726908933357,0.06170654089444773,0.8749970696312774,0.8354621663565122,0.003968344176624612,0.7053759609077319,0.6872700133153474,0.014018720622010846,0.9360911482132303,0.9026079225528316,-0.022945218141210175,0.9385688548994849,0.9547522007866233,0.0065154064198396835
1189,0.7540049711090985,0.6660160945449982,0.008640170514330529,0.1321661756505741,0.8958608396143506,0.7438504622887949,0.003223120054585667,0.12928270491201582,0.959275991649883,0.811237699243269,0.0038713211835030496,0.07659922758915658,0.879598022977392,0.8004894292984548,0.0127753199418811,0.6867933497746269,0.5962748315723148,0.0074971106519944215,0.856666668220103,0.5865725553754944,-0.027619747887265216,0.9065905425599857,0.7722219936508874,0.01077818351400844
1190,0.7675170883366448,0.6963304547375369,0.016375910662030153,0.12774337685011247,0.9033717496033701,0.8138546703801819,0.02975067355977149,0.12097895099239797,0.9405353422577091,0.8118412753881183,0.025297639718681937,0.09112243983016106,0.8981346194907849,0.8287495001744077,0.024197624137519594,0.6985218897558666,0.6263298242242882,0.014365462482702335,0.8732230961419924,0.7221080102459657,0.03926345716508321,0.9066890630829674,0.8243787474926791,0.02889046614430227
1191,0.7727903121251312,0.7190624503795191,0.0051407997430839725,0.12549530512632143,0.9171237769489051,0.8700327492635695,-0.00019742046644965924,0.10771990085684223,0.9870100011235108,1.0445479142658496,-0.015591849260495049,0.042240879126152896,0.8857741487277934,0.7889568172160675,0.013026119686587592,0.7123535781185258,0.6766485483109947,0.0035331262785986933,0.8543273551059904,0.6162360007878551,0.029752392411716917,0.9277333633111413,0.905795511434063,-0.003533708280552941
1192,0.7576214692915597,0.8572218041797939,-0.0033913841911925313,0.13117817030705403,0.8842578075840468,1.0034484971253275,-0.02432692315307347,0.13288905329475809,0.9629861345131667,1.1000273288108429,-0.01284514292346089,0.07064730950996624,0.8756233665618414,0.9655764626848674,-0.005129224888798199,0.6943886340135154,0.7971733855606226,-0.0030450324834799328,0.8544235354951172,0.8050522690982389,-0.04532998425500757,0.8921478513043379,1.0387152305159955,-0.018285645325365123
1193,0.7926967381931271,0.8282514194102196,0.010616643791119212,0.11920805527085154,0.9264381745343461,0.9467299351421928,0.02689439193074495,0.10385852112444727,0.9782737305136905,1.0941449100793514,0.022139062271126043,0.05865651874626493,0.8879705882462962,0.9487077628064312,0.006276909352406426,0.7404498934205836,0.7660185118378038,0.011034942395091365,0.8901688119278582,0.9663558473811689,0.053733012056171016,0.9312167348765209,0.9430657802172725,0.022077233574024142
1194,0.7803778968521085,0.7758350619863409,0.0036934035290290823,0.12251202580541573,0.9272892056090505,0.946754035167778,-0.01201232373945212,0.10116008963512194,0.9568263689017634,0.8686756325818318,-0.010066761224189459,0.07228338859684799,0.8954038435149793,0.8622035135430446,0.012153818914635416,0.7189772606679627,0.7248642222589551,0.0019687719373642073,0.8647360902693996,0.8501309520113823,0.0065774272646394434,0.9342324007577867,0.9570967421496214,-0.014357408360878695
1195,0.7344090847209984,0.8943517269946485,0.004477428863266297,0.13955657407662195,0.8679082275825062,1.1220973945639316,-0.0331624555728455,0.15184243255258836,0.9550476775003376,1.1023135941357038,-0.0036011171031925166,0.07631065183575116,0.8683293411320219,0.9759358152038027,0.0017794866308553775,0.6637483985076211,0.8452164268734437,0.00493863674578836,0.8724158999669023,0.8674820135631657,-0.03115257881287437,0.8716259764228237,1.1630642064507015,-0.031033043417818415
1196,0.7459312631307348,0.8246795531283863,0.009540842824043733,0.13367614661980184,0.8892053965717803,0.9871623714893898,0.009730061142523672,0.12708840945209313,0.9755040219572306,1.0843428158472854,0.0038481564088046483,0.05639391060416506,0.8642030717134231,0.9596956150754338,0.013270516462279303,0.6822794921224915,0.7519966867985124,0.008507805893669567,0.7663040229424867,0.9530973323727356,0.05652953522660207,0.9059296163374038,0.9892692738965844,0.0016694331834167288
1197,0.7428304900811327,0.6968429027280881,0.008753522962355221,0.1339403099255094,0.8758781213675625,0.7918018281907409,0.01403541350905186,0.13455457993335104,0.9729710948213942,0.9601719993952722,0.002067118619183913,0.05384780609061933,0.8783234062004102,0.8448431720890442,0.0010681462576181604,0.6715918897554919,0.6237326608348435,0.009642759786316702,0.9282806472945627,0.8909506604999041,-0.016408752162265047,0.8712228795288277,0.7844959739269809,0.01810445264545573
1198,0.7830037421968561,0.7800027853167116,0.010255445117337551,0.12184704779234386,0.9055940398891295,0.897756076004476,0.00065817114747966,0.11466102697383053,0.9690017053035085,0.9346113729123257,0.012691718189888509,0.0597563751372757,0.8903200873097866,0.9074299918592973,0.008984998526115033,0.7248007087928425,0.7138244854382059,0.010076826407756635,0.9157275295776529,1.000145253566965,-0.025412761757254557,0.9052637509459998,0.8900412223830743,0.0038969743370133834
1199,0.752303475032154,0.7322627483962204,0.012886666778451364,0.131230451661817,0.8967946761611234,0.8564490912856103,0.014596294249232571,0.1204299819165255,0.9350919607032671,0.8681003451959306,-0.00038203132373298884,0.08561843971759985,0.8635327013420203,0.8742113424660992,0.01719907092657537,0.6922132331932057,0.659173413242868,0.011565832142785344,0.8144444690009521,0.8788241414347154,0.04261446338425233,0.9076028641930722,0.8526748793509389,0.009551592433524386
1200,0.7636726680544004,0.6363346954588216,0.006129252299542891,0.1314491327154567,0.9030955021183705,0.7662989763609295,-0.006386385009053367,0.12438351625354926,0.9482243737234765,0.7009114194159678,-0.011049515956373074,0.10212617796024222,0.8883055548102214,0.8172333965253458,-0.0010762352846857418,0.6987400759083233,0.5534191093344841,0.006795697064567801,0.9192768392469817,0.7708176312778158,0.013686240723899784,0.9015928726276833,0.7644819861011142,-0.009905650482481324
1201,0.7759580478817562,0.7708043480991051,0.016993744653855117,0.12444623699688373,0.8899953810838551,0.8779806541968542,0.024301634708567946,0.12558862955527775,0.9426011003104605,0.9817297036609116,-0.003429561642871423,0.07982119492267228,0.8887595022277123,0.8882165100646634,0.0179343158201593,0.7149053804614167,0.708006358149171,0.01629460570891138,0.8869663181114863,0.9338137409667914,0.04603585469055161,0.8908952525927669,0.8709219033481024,0.020133392561102192
1202,0.7808522988332259,0.788311827473836,0.02062211439685238,0.12334187495261133,0.9155741072333461,0.9118525127610555,0.03683968810296871,0.11326829903393497,0.9466912179981853,0.9191762582424863,0.03741366452307776,0.08567989034132016,0.8940138229401227,0.8985638153724989,0.021588582801952298,0.7196315225204706,0.7283781534905152,0.019888465447383468,0.8445559955722055,0.9248036524293185,0.018531445994114507,0.9243430640922266,0.9128622722246359,0.03988459755084893
1203,0.7717458645552356,0.8023784479376971,0.0009329782012837582,0.1255569438285725,0.9049298014701694,1.0281628808342183,-0.007732462323430316,0.11953053918755747,0.9751832967903453,1.0386540278267833,-0.0018438941938103688,0.053501702736217696,0.8842491239518068,0.9135711412291389,0.0031972235549136935,0.7107736796793335,0.7410572674554494,0.0003972929753016798,0.8178571963879467,1.00211705303756,0.004234666432398199,0.9147262831473016,1.029905845423592,-0.009570140920978458
1204,0.7743199416204558,0.7667764779669491,0.011580471266325458,0.1243950761911363,0.9155932822126118,0.890163532918101,0.00689641879787322,0.1079976711916922,0.9596387845847009,0.961049185339993,0.002033977801559003,0.06581851675406535,0.8940638624195345,0.8920295570844003,0.0126561903145566,0.7099073407434474,0.7000863419534128,0.010964561262246209,0.9337162665895495,0.8150503202420192,-0.007573974587566881,0.9149218752667578,0.9020723293523902,0.010244970805863033
1205,0.7702654121357606,0.7574143648841863,0.01294067071309982,0.12584006711195153,0.8965120590587169,0.8560882480710514,0.027876383615264927,0.12272155142170181,0.9530106836859709,0.9325828673029113,0.0012128566829399609,0.07147424708982965,0.879770301628773,0.9002769698807924,0.014362845113875068,0.7113056756419948,0.6846903081820999,0.012132838022418472,0.8960036970042988,1.0099806064368486,0.043371759296206215,0.8983517438782356,0.8409234318767375,0.02406277713162198
1206,0.7728483237579316,0.8222265799277102,0.003166187572576547,0.1250207273488095,0.9018857948919612,0.899275713892436,0.012284784995848307,0.11666072452437842,0.951970623806723,1.0734524602298632,0.006310900829682414,0.07721893079238006,0.8939281646512153,0.9568368547009213,0.0033242827224534565,0.7077729725316978,0.7505473584584786,0.0029142520397864836,0.8447424563716855,0.9226378693378826,-0.013900278444256986,0.9094747270946357,0.9002284247725274,0.016522329380103357
1207,0.7661981170202153,0.7292732933172414,0.007157805473127875,0.12709590751468244,0.8911391460957917,0.8633201786046167,0.01682022334495766,0.12381040166186154,0.9609228847694892,0.8357499696478731,0.014208215398112126,0.07348857831990274,0.878565282167079,0.9041139281874299,-0.0011459771168052064,0.7066621534126232,0.6470125875510375,0.008096436047459724,0.8469339764947197,1.0567685424531643,0.020053532808459923,0.8992390791128294,0.8464624106666326,0.014590878053011779
1208,0.737658719154332,0.758507834671719,0.005145161261098224,0.1356964806925967,0.8536827954860124,0.895301500899535,-0.02004229661617747,0.14732664537431375,0.9325222910796597,0.9127490921267186,-0.01769605048994226,0.08790694021488722,0.8816544176311574,0.9398952120240247,-0.0016293641697243102,0.6625927343632899,0.6701614659033702,0.005908138620775288,0.8704451668011692,1.1596522574345218,0.008262188343505363,0.8567884260485567,0.8726993334644224,-0.026975403620175305
1209,0.7716968335574258,0.753181066765245,0.013715057155150959,0.12485945393000802,0.9191461787251081,0.8807668937541099,0.03058734482687179,0.10855554117396247,0.979062494400016,0.8747390727172699,0.020651621642552274,0.05808816375136338,0.8789435109504219,0.9043025791263726,0.011467012441877065,0.714089312714644,0.678459788261993,0.013517007238187353,0.8596179455147346,1.0053342437981159,0.0531069015336432,0.9286457265276603,0.8686179724975376,0.02589064275581797
1210,0.7697558384242134,0.7579143265890065,0.0132239001889329,0.1260104152094373,0.9063731279274758,0.8802858854279415,0.03187046632140829,0.1173318609707628,0.9751362957025727,1.0850804201926079,0.007016143783771849,0.05748103922729236,0.8769267901787523,0.8648559457002197,0.0232939258547238,0.7114220766802577,0.697664732365683,0.010967723440267621,0.8460854383365427,0.8893195181605693,0.05360786233593931,0.9136030529385446,0.8778451130614799,0.028007740341120104
1211,0.7618819610430625,0.7599755068426977,0.011162198230752842,0.12796389987196657,0.9124660687685329,0.9032798610045717,0.020379451065614545,0.11088104907551358,0.9639604898062113,1.0104169386305561,0.010382752714670011,0.06372715542051212,0.8717757648014774,0.8401465266590123,0.012473557599198425,0.7020814578481717,0.713618593850054,0.010683576699137613,0.9316088651255738,0.8297420075997388,0.014228639208801934,0.9110952370429508,0.9134351001902321,0.02217907781710491
1212,0.7663602749202684,0.8072235911451897,0.0139439502594723,0.127131921900688,0.9273421971373531,0.9498453466991948,0.02366427241901248,0.10257346460714782,0.9737077798052465,1.0411892001433205,0.023582031911623492,0.05958316207277772,0.8862234732796689,0.908321906757915,0.014369622736739147,0.7017696230130943,0.7503082911915007,0.013521011149693191,0.9047027218475286,0.9438609871023473,-0.002607881663322274,0.9308229174003586,0.9543074800683391,0.028283310256290224
1213,0.765653113302366,0.7397987333150989,0.015800084471845673,0.12711227560281066,0.9161246160983195,0.8521578108847492,0.009439117296346387,0.10889722228297707,0.9839836150773281,0.9585890554861728,0.006202120350316343,0.042023803556126484,0.8844713479770561,0.9023200015885978,0.0101624399445597,0.7024098585679788,0.6609569839202203,0.016083452398744574,0.8490673443806396,0.8582754644910399,0.012255769542334472,0.9237877611907349,0.851228037161274,0.008892756636310364
1214,0.7817911075297534,0.8082381922282306,0.015216508347844592,0.12258928850608995,0.9092656285202618,0.9153356560351251,0.008906609289896748,0.11238172175162522,0.9831275985498646,1.023445284971002,-0.0017920490082254435,0.043411317276375844,0.8915940849839221,0.9189488741519852,0.017586259280858094,0.7221196492096731,0.7475023642626744,0.01433060997176067,0.8180442574662805,0.9125890768743875,0.031101649907707595,0.9204374063916352,0.9140687410994047,0.005067015258070834
1215,0.7657791642704677,0.7035102652850177,0.0049549903970619496,0.1277333250241486,0.9147572815673508,0.894414959993463,-0.0114320627092925,0.1098282643997384,0.9696458445656612,0.9212609988914618,-0.010131662501049167,0.05913309592194981,0.884750154616063,0.7966226985408391,0.00832173344190265,0.7020907409531507,0.6512596074522824,0.004136597673386894,0.8905943508024574,0.8036586470186239,-0.03333975882071031,0.9191804610867002,0.9094172187525139,-0.006567294350163744
1216,0.7698264075868059,0.7912267306779937,0.01750149036773809,0.12664182252034226,0.9029004223140145,0.9369889177943773,0.02934419827963679,0.11964193238804814,0.9649494144432165,0.9898772056813462,0.017923321981746624,0.06425388604476805,0.8967699353294915,0.9154646486931646,0.02221759022252516,0.702236662642522,0.7233352741586152,0.01609380916502019,0.9274375263842426,1.0345871128140123,0.02828997327985863,0.9003204032834616,0.927144410384357,0.028715001797330254
1217,0.7761390532985312,0.8638994095658277,0.0037240021815367385,0.12503795228457296,0.8850499195853256,0.9612189251269867,0.023103403848980644,0.1302387693030122,0.9715243951022808,1.090428446715671,-0.0045530306841201846,0.06116777605088054,0.8884309794068335,0.9682805918920026,0.004828825843635468,0.7153193420189314,0.8051744307518863,0.0033794683758857323,0.7815282083518882,1.0086411474617443,0.0007400028657519839,0.8985295422299672,0.9594027766738168,0.026450715278387705
1218,0.7578245801060026,0.7697889283816947,0.014328458364181802,0.1293632025381333,0.8920304243731093,0.8912141604855173,0.040236771058214764,0.12814723660458477,0.9371475283766445,1.0370203488578502,0.025993629159194686,0.08924453883371165,0.8745745928717151,0.8672439378679577,0.009270082665595994,0.6947909827326897,0.7168225247415875,0.014890128031665983,0.8207206886654851,0.8361680103533079,0.03400029743119658,0.90004378277605,0.8985192384267149,0.04185959450228687
1219,0.7646699524148515,0.8412094915535843,0.011125427495619785,0.1283405124161179,0.8964405805914462,1.0039295802359804,0.005808775513036388,0.12342016364937355,0.9783633056069755,1.1815489480016026,0.006873832507914984,0.06467438147219072,0.874863588484737,0.9409441516098108,0.013602312634650214,0.7048020977973419,0.784626536381051,0.01036187201309628,0.8435967513798857,1.1315484215882583,0.02100369468839366,0.9040047887372603,0.9912298477312819,0.002190606133732634
1220,0.7946138287198121,0.8133008582204734,0.008076573534963898,0.11828632743148684,0.9174648511969266,0.9671599903824916,0.01932309431277167,0.10936735118240498,0.977239811625307,1.0125728259955002,0.0051449237535228474,0.05027277111132412,0.8987533505195997,0.8917783465702686,0.01751112389412905,0.73828323470407,0.7659470592766932,0.006099783173267373,0.9466558822271058,0.9181631269915932,0.0176232282668256,0.9145697980446054,0.9734413666251908,0.02007623413724209
1221,0.7792736087020464,0.7247263228697981,0.014436351346153837,0.1237618013435637,0.9071642770102502,0.8236057637822638,0.035917788666361986,0.12050528617524355,0.9356352743555231,0.8877838135901085,0.01824958932184791,0.08694936651202619,0.8952109906511833,0.8469453400410932,0.01691638018989387,0.7169948585012323,0.6603535612898055,0.013466822105391671,0.8757939231537261,0.7859747939888745,0.05102191985868869,0.9104934821647526,0.8268094660758284,0.03357014249552245
1222,0.766369133766877,0.7736555490641355,0.008440766810712378,0.12501888655267063,0.9469823749056769,0.9510466795438087,0.012844954020587048,0.08441872928266748,0.9793516589383756,1.027857677082892,0.00852192348898587,0.04804360638249959,0.8816917041771176,0.8921766730256316,0.0037842823305322057,0.7028110967804538,0.7101035469328526,0.009034001990179284,0.96117697405006,0.9382030122115886,0.027219388834302,0.9454828626638733,0.9512985468861629,0.010453977346108758
1223,0.7441133883544935,0.7549868350294574,-0.003710096704248444,0.13433238591186575,0.8711857276358874,0.947226815410487,-0.040313389688397296,0.14316965812570948,0.9316480803257815,0.82398942130941,-0.045346898429090024,0.10408057183293855,0.8754045833045264,0.8836213488329703,0.0023360242720014,0.6744255314747972,0.6846106686612436,-0.0048199363776045365,0.8624773556551877,0.9966691014575123,0.007384471507974637,0.8749965210403043,0.9409149305550829,-0.048971157390129666
1224,0.7404112459596577,0.804984664759687,0.002630751678556837,0.13534587604212714,0.8869193985100401,0.9895833765157845,-0.0060920156375572155,0.12891452623921731,0.9520714027295476,0.96500328599423,0.009713457452030028,0.07272642229198058,0.8723035475715549,0.9363260554918164,-0.001790930065269098,0.6705099508667465,0.7352540246966106,0.0032303025992762462,0.8447657622263377,1.0130155817751028,0.015981341853057798,0.8919668468054796,0.9854132899171987,-0.010103748158424963
1225,0.7768123457854341,0.7725538439156072,0.003875313541985116,0.12355304399261177,0.9226863206615455,0.9073934799835569,0.0036829495456985944,0.10303404971235386,0.9663544939629759,1.1019851622729822,0.0021947672685520424,0.06721776490470749,0.8969561323731896,0.8549105265354686,0.010019182503094,0.7129579290755597,0.7236880470183675,0.002637992326444336,0.9145183240841754,0.8616625016128654,-0.0007436496008409686,0.9236348987472323,0.9135518909632364,0.004892704286704422
1226,0.7705154442332709,0.7468089009435246,0.01743261849342024,0.12621686152217787,0.8895730888290931,0.847375653927729,0.039622804818162397,0.13006777337424458,0.9295446952460469,0.944294451507784,0.02152505926133917,0.09084676258432343,0.8886308172818354,0.8633855656839909,0.009728981957761002,0.7072044540602298,0.6868939624812417,0.01832186061583837,0.897524353777876,1.0281282077471579,0.006358007152778113,0.8909615440749222,0.834282578742793,0.04334672659013909
1227,0.7544593644399818,0.728301381037945,0.01604085076181011,0.1307374425964578,0.8539595623076919,0.7800765779954268,0.014724085006551372,0.14593059098811134,0.9610899897555566,0.9619827739546559,-0.014958900552668835,0.06655145066641024,0.8727351761167339,0.8769232366223342,0.02530281517750672,0.6912570606073584,0.6512870143061052,0.013745010445702336,0.8244616786416601,0.8220534375836539,0.03928899130447326,0.8580254829695014,0.7743929234266692,0.010137833302934517
1228,0.7404131380729314,0.6122506752222473,0.015021217694615504,0.13710536125127595,0.8758634232610089,0.7178315337181917,0.030445292432854543,0.14171762727475562,0.9240261061300936,0.7682165534679295,0.00894962173474082,0.09923404629650902,0.884502133751899,0.778413903071988,0.01733455246586794,0.6643999758539594,0.5310661562974784,0.013865390245685104,0.8108892474039155,0.7555438465241492,0.0264745866665896,0.8836734551462317,0.7142897621165253,0.03075612282527959
1229,0.7587383165058631,0.753792392972348,0.009943445385590605,0.12863201065763405,0.9133879737211126,1.0169099019512804,0.009599742925138646,0.11325303712210105,0.9530718771085848,0.8799439169602998,0.006129108708047983,0.07275462077949747,0.8865089315718387,0.8749167873188033,0.006832417059009262,0.6906640829331981,0.6895886668826516,0.010112129999874231,0.8953954191261208,1.0167820753772907,-0.013898436370959786,0.9160153122529497,1.020266830096414,0.013648662497601159
1230,0.768197252013739,0.7580321063153359,0.011514092391333748,0.12649574094063612,0.913991640103466,0.8241696409918733,0.013067048209374555,0.11239242604655558,0.9437109775099384,0.8363454554108044,0.013506033303800796,0.08475728200843137,0.8907578830327826,0.9233358368318314,0.009446442884559333,0.7034655460311997,0.6769683716683081,0.011265107231531379,0.9145549206450826,0.8593341133529419,0.0015591433874976213,0.913984357337671,0.8214215215571579,0.014693142483339496
1231,0.7400581753362999,0.838230421291348,-0.0023190812688527007,0.13646637412030196,0.9093746538036103,1.1585390530263187,-0.0384246564025667,0.13067027599779235,0.9747144193015949,1.1030660774046042,-0.01609144800083994,0.06133955323265445,0.8619533839096549,0.9372293166940353,-0.013105812233670676,0.6757689747815141,0.7857051624515262,-0.00036420886720331353,0.8268891495303989,0.8022450831880007,-0.038278746817630056,0.9249323046673322,1.2207664387959045,-0.034905918600996
1232,0.7654693190874978,0.8246099403828735,0.007599086423796164,0.12779073178899789,0.8860342952598432,0.9681959508203081,0.02148352507615273,0.13014411473869317,0.9877734257984218,0.9380894879708466,0.01647264918430561,0.041664775874267757,0.8747672098524009,0.9826685185097054,0.006840200826119058,0.7065641019831967,0.7448208984964162,0.007300004925247338,0.901998583615288,1.126939545310486,0.023531853990932695,0.8850017472542966,0.9526351667114654,0.0198290819556723
1233,0.7622635936776636,0.7182824789542929,0.009518710610802835,0.1284372146424775,0.8860069567286522,0.8317730771757624,0.015738777499000264,0.12751822158374873,0.9541779193772679,1.036606801702368,0.01990087816266851,0.07581220763951582,0.8720118412499007,0.7639665041896615,0.018970001279429917,0.7043929563015112,0.6879894707702161,0.007582067786544144,0.8402940965504118,0.6852679661541042,-0.027528400678934868,0.8979039280516521,0.8609277645458097,0.025328044312308843
1234,0.7452378882528465,0.6760016475786705,0.008692689700282799,0.13377364301796968,0.8790988598195533,0.8444578111284746,0.016485846593564807,0.1307867544452699,0.9268420836164096,0.8314153874535893,-0.01246162902769944,0.09350064384274277,0.8756555253322595,0.8193635428887599,0.014716702220296994,0.6759002518274153,0.6018830182036655,0.007127868864283685,0.8485049500219156,0.9421463758898395,0.067477722036829,0.887443962728495,0.8337605928931306,0.007067412902796252
1235,0.7458379875124728,0.8085009534673059,0.0024636564492267437,0.13383842500684778,0.9093169099226707,1.0459893201826376,0.01981679040553521,0.119605701562568,0.9452104909125405,0.8572431045000822,0.004147935175557015,0.08024842301351098,0.8794484244393199,0.9619585481342146,-0.008161821534080438,0.6755404024203447,0.7315991027698364,0.0041194798899517274,0.9293839838105545,1.1194056027551897,-0.004033155165820578,0.9076105401627852,1.0411597925232874,0.023176447762604666
1236,0.7752956447802171,0.8717623271939021,0.0037467239112003404,0.12551716724665107,0.8824511801442692,1.0123320334206691,-0.011622293080813648,0.1336378888703883,0.9587615581087477,1.1371781279779716,-0.0006748431861979411,0.07709671342725315,0.8905779831994809,0.9682469297740476,0.0107112173117767,0.7132258753061448,0.8147444153174053,0.00234620960822744,0.7987411929643318,0.8832139896326832,-0.02322554670607539,0.8926691167865883,1.031291527260063,-0.008165275207453368
1237,0.7581573913408989,0.7103993215489979,0.01770188468143715,0.1299912186905995,0.8827781808749956,0.7755480231891,0.042618550106120416,0.13726084656693816,0.9602742241459992,0.9014928372545903,0.028606005730984197,0.07319908561460771,0.8764895972247008,0.8484315034352433,0.027715531657777164,0.6946943270984344,0.637655877005944,0.015232146704215636,0.8405206221343298,0.8536868265601709,0.027811080312107318,0.8884783727131782,0.7692416674425067,0.044418414500931876
1238,0.7619236159108964,0.8250004997034623,0.008993975884940454,0.12907843444663009,0.8925336296397801,0.9475006524485997,0.0159912538641327,0.1243135726255401,0.9691298826070048,1.1209793248738082,-0.0035646498634426967,0.06636785203157072,0.8912026865732009,0.9685952308698651,0.01322004416892146,0.693416368028787,0.7483258008246001,0.007829743077076005,0.7734865948483496,0.9268573825691983,0.06588633451283635,0.9095016634031899,0.9481932406146045,0.007325658444941991
1239,0.7532201502805771,0.7504314828367477,-3.9105240607449294e-05,0.13049593183101316,0.9064148285475185,0.9225841070143096,0.0005471689142508847,0.11335915274818249,0.9608534214660891,0.8964123776681784,-0.00929006917460843,0.06715780746035513,0.8735329576283437,0.906255507337825,0.0006459873624559322,0.6885167680536309,0.6711496932817621,-0.0003426285558152136,0.7931794159661,0.8993644309870201,0.054871624273834615,0.9234291893691418,0.9238257735737413,-0.008883454408389137
1240,0.7656914024552325,0.7824397528051403,0.009367838865436434,0.1269929627503762,0.9249475171120336,0.956166099036922,-0.002834258178890175,0.10187013596884636,0.9594153996189954,1.1448189975246426,-0.009440524181156727,0.07810820554513352,0.880863842888658,0.8521286774321943,0.016256783121956803,0.7043023086798377,0.7395578739810432,0.007883892800494974,0.8927748656600059,0.8158388726242967,0.03131303517658538,0.9297804256013712,0.9721675058602184,-0.007855174865426025
1241,0.7568006932202176,0.7330789143266313,0.020818667881532225,0.13014219049659842,0.8709561383691075,0.8781453350004425,0.015949198674587536,0.13510943864822642,0.9419127586152947,1.1480102141533428,0.03767500964675359,0.09813130562972991,0.8783834047470412,0.7978872774251112,0.02328392330948839,0.6931281654729281,0.6943956050193575,0.02000956094528023,0.8342934286778327,0.8021387623057467,-0.01921234727279704,0.8778456261329417,0.8937455759752668,0.023014338655033332
1242,0.7771191751482184,0.7389010282735066,0.003593697326060698,0.12392993051557903,0.9218980898809992,0.8508396236343108,-0.001268023240401099,0.105770670996258,0.9579572041731389,0.9297178284623143,-0.007047550644711499,0.06832566073301204,0.8792182202702712,0.8247743426946827,0.007904718544754068,0.7212735181214077,0.6900237463736865,0.0026500590526731516,0.915669378185194,0.8539754765711528,-0.0010912635498416666,0.922327292231135,0.8504606086033598,-0.0013301560661775147
1243,0.7533485396440651,0.72169314082103,0.001429310702230033,0.1311987464752822,0.8939191441596073,0.8935345232069997,-0.03435319438947796,0.12854298010271065,0.9433986543270745,0.9495177613670087,-0.017366503567640242,0.08066963598753443,0.8715083794069275,0.8092216032306745,0.010447974741162276,0.6901731107602095,0.6701876721350829,-0.00034437811344515513,0.9126350900677686,0.7794097604001757,-0.054664467392164386,0.8950183235868387,0.9127752729120359,-0.029457826021874155
1244,0.7700647072122562,0.7973110289349378,0.017384826741781635,0.12617772078718212,0.9025561219241149,0.9220262545860832,0.010591695064068192,0.11658767869805464,0.9665979204417049,1.053787930730672,0.010089263963618963,0.06374721898797507,0.8874866451161916,0.9006406894797443,0.018945284170435513,0.7066820343643788,0.7395569068519482,0.016651139368125286,0.807598603444034,0.8825920765375883,0.037042502959970684,0.9140319249386383,0.9246751384856755,0.006256340117366677
1245,0.7580882271398248,0.7808626068518173,0.004506945615950442,0.12962176814559837,0.8934660845034418,0.9648901307390173,0.010419929367321282,0.12361338575726155,0.928343466563349,0.8401633457183708,-0.017212425400060495,0.09331487275216144,0.8848675849685949,0.9194747998655572,-0.0010571606539243256,0.6904470863145001,0.7093992283647046,0.005242020419050408,0.8715267319391478,0.8493556846936894,0.05276232942131029,0.897450189038015,0.9770052330541303,0.003673362346533838
1246,0.7586349340701146,0.807441781930254,0.005121276285158656,0.12989377036162386,0.8850365215282108,0.9308343100484507,-0.0021822661466938007,0.12735238225443604,0.9514764661668308,1.0607731106016496,0.021737467822545476,0.07932210816798149,0.8826233935453444,0.9180397829786666,0.005337008554881864,0.6924064518695338,0.74613549197436,0.004891627434257011,0.892443619696655,0.8373640518538936,-0.02085817013862368,0.8859938208066136,0.9467162378033371,0.0021417745617422555
1247,0.7673915412952508,0.8057109550717148,0.0012379204400421661,0.12677085046749584,0.919984878109738,1.0473251014075136,-0.010791382625008878,0.11047088252150886,0.9412550310950648,0.9991406686403415,-0.00890117512686207,0.08194208662579568,0.8828915279402277,0.901882033699387,0.003792849829404167,0.7052109574856996,0.7508730104426448,0.0006777387074802833,0.8906696333828937,1.0587396290220785,-0.03625173364517804,0.9239589915904697,1.049785608506248,-0.006583561914214488
1248,0.7696929352728449,0.7582646942984136,0.0032082439702087497,0.12590928101834623,0.9275908287288057,0.9058282948607579,0.00908270644041909,0.10018198531802433,0.977804432386341,0.9912348041154432,0.01390847942271752,0.050870333098923,0.883690146767931,0.8671802968745194,-0.0016534484095110159,0.7082030856073461,0.7006152812941132,0.00392875110972055,0.8960962628989839,0.8796999666835562,0.005623697778140953,0.9309154999567611,0.909298283410469,0.009943764958171961
1249,0.7561098985901757,0.7925401249860214,-0.011652389052105808,0.13182568966413874,0.8737484560948323,1.0149356225370048,-0.05508004123855797,0.14898504476879956,0.9435391565270443,0.9846006045905823,-0.03398777559346875,0.08571921007478762,0.8823903068755814,0.864061736100639,-0.003181360055032715,0.689920643175843,0.747448756191235,-0.013057204221302857,0.7927665903934744,0.8079106372057473,-0.04114794848241078,0.8835279443753526,1.0427597378132012,-0.055353597041475446
1250,0.7688275463122073,0.7503069993749886,0.002940673623085943,0.1259633187521274,0.8955114899632286,0.8515527959435596,-0.028143565518195374,0.12635429111528015,0.951791801502591,0.8322008347481461,-0.01788113964102681,0.08067899683511216,0.8798418181646873,0.8687058880300229,0.007606030049569702,0.7082528535724808,0.6858822279774968,0.0018967661855651822,0.9039392899231851,0.9107685628161117,-0.05938414479143366,0.8956876411745595,0.8488589608817341,-0.023647386844375323
1251,0.7485286550081991,0.7502894589430966,0.00687389512272736,0.1322899195528669,0.8676602205746483,0.8579396061445292,0.005504710577786165,0.13680627718327065,0.942858879331679,0.7680064434744467,-0.014395776633687109,0.093274168981015,0.8529397581093325,0.9059141503996979,-0.0014407092126307469,0.6921585088204948,0.6749792463773651,0.00793103654173686,0.7437404019150051,0.8405258892493205,0.014519600546714558,0.8827776137770244,0.85904756568272,0.0040980335705722015
1252,0.7635091629854758,0.7603584767226494,0.002290710610166856,0.1277395796415787,0.9154577754670188,0.8733504881947131,0.011914377387939856,0.1088400157795897,0.9637369822213327,0.8969240604056029,-0.007073570978302706,0.0649641154302172,0.8842702577096683,0.9160078421268294,-0.00045880089528835326,0.6990807909947517,0.6824859315456465,0.0024872335772449863,0.8985299828402146,0.8784090424074038,0.03133009473086516,0.9175049916846943,0.8714952624484187,0.008495541586271404
1253,0.7778230664182587,0.7815650085120444,0.012628629819886543,0.1235783029795713,0.909701120774491,0.9404003179707515,0.014030042961901155,0.11284690892197453,0.9617012187482366,0.8913368784559558,0.013813721061630667,0.06800897969582445,0.8963309704725921,0.9082387465178839,0.004599714492480155,0.7142633128809045,0.7168042343896776,0.013643641302938422,0.8901756862676585,0.9663417785623598,-0.002366575861560658,0.9121175120761096,0.9394574009671162,0.016593950711057966
1254,0.7631525221507155,0.9312975905906571,-0.003762186363931968,0.13145319018001433,0.9182996196063333,1.1560365229883067,-0.03425429219961215,0.12202484099456266,0.9901503529871798,1.1300330068208941,-0.0334914676673559,0.05388958292898803,0.8937894347494325,1.039463594779922,-0.007034604678329109,0.6935036572045471,0.8693351443815974,-0.0030613237744137275,0.8492473837766104,1.0242576645322305,0.007360384490588804,0.9270343464513865,1.1698430888188789,-0.04069825191327872
1255,0.779092105009774,0.7516465087461365,0.013904687625301967,0.12324777181252577,0.8907292552160688,0.8261309376585236,0.00720921601602651,0.12480118340237442,0.9465433339281099,0.9244431469188354,-0.010101387956595414,0.07705891098836688,0.9055260591412493,0.8795416755027019,0.007954963887934104,0.7119415244668256,0.6859879630906718,0.014513774084015536,0.9169208443000014,0.8758762716642168,0.01421589504521207,0.8876786920036145,0.8200764782943952,0.0055351615325150375
1256,0.7753413833873847,0.8028059269017963,0.01464732908587359,0.12470116228038433,0.9178282678908125,0.9110444338093839,0.0370431617982675,0.11211977632575533,0.9487683230094616,1.1312981453454427,0.0436927340870029,0.09463859899635038,0.8898022789286831,0.9242062493409556,0.0015978297061098458,0.7145336567206307,0.7425135466777015,0.016557798961836557,0.8723305049495459,0.8939341271090222,0.0335963209083206,0.9228176739170865,0.9134028423395201,0.03780044467804187
1257,0.7397836354472095,0.6538619538469496,0.01199996330931001,0.13530068942198048,0.8819013597361789,0.7396873406257481,0.008777820316194682,0.13581416280514602,0.9401279378318793,0.8396928962093372,0.01862804447019517,0.08707808904831557,0.8819752349323645,0.8299115674373037,0.01619589969938434,0.6652307615643703,0.5679254216307842,0.010549984501569798,0.9299621257287757,0.8511756055783377,0.041640039339896504,0.8790040131338177,0.7270805203481883,0.0022488431276857066
1258,0.7613105295409486,0.7312473012315046,0.01894217486486684,0.1290002322713367,0.9057504083408177,0.8593992720703278,0.029171776320699925,0.11801501848307776,0.9598519257135553,0.9352993681523195,0.018459347828600023,0.06876272698348489,0.890699698411391,0.8733013606082825,0.015674492387000832,0.6927425938390178,0.6592922267632207,0.018823119672682673,0.8613917840521959,0.9360155361807263,-0.007194538206766952,0.9129592677863645,0.8564111771205822,0.03453319130916744
1259,0.7475345671446043,0.693784811916684,0.005209456955294052,0.13320234252482552,0.8771779569775007,0.8494137182784959,0.00031155831915752536,0.1318976792371403,0.9433663707798866,0.7704061700226438,-0.009790816143187294,0.09133758738679354,0.8765694322237598,0.8744735151678861,-0.003405118444906274,0.679938807131856,0.6092846290308324,0.006209592587376454,0.867816341125488,1.2004432923024382,0.04731786913955301,0.8901386025256355,0.8240306009262136,-0.009887791412664548
1260,0.7828895265140918,0.7401049862802617,0.0063492447000655485,0.12228573064443823,0.9358598355599472,0.850111943207931,0.0020329223530506702,0.09719233042061333,0.9873334062905609,0.9195976142855973,-0.01022761017069438,0.04168288578089497,0.889890555351266,0.8728596498496953,0.009154974872657201,0.7251352550794943,0.6715292826897312,0.005463602578653597,0.9036330577704969,0.9084655775803396,0.004700554441675216,0.9398661714203896,0.8436801949780246,0.0010023175114210181
1261,0.772502625289835,0.7740254379018295,0.012432457699198013,0.12497979580937318,0.8859729830933225,0.8463684593884616,0.01752203867297802,0.1274352354804489,0.9715250657195117,1.0732462041987343,0.016180031536912276,0.06140472140007688,0.88285632101107,0.847409328430924,0.019418790237479052,0.7131030764867455,0.729644446037065,0.0108722062098994,0.859665498217338,0.6515402677212051,0.011639197302848115,0.8922839557476309,0.875869449908756,0.020634284213729703
1262,0.7624205289982877,0.7509710044317754,0.010975069794220926,0.12750888047916314,0.9022138094731869,0.8850527586426902,0.007283658232801281,0.11579011109608878,0.9823551213894544,0.9154590176133878,-0.004627215378600497,0.04606544468172991,0.8873101644303856,0.884447922392546,0.013072947929860015,0.6947524700540437,0.679598165917322,0.010194901302205676,0.867344836204242,0.8132556644955484,0.03892660866435827,0.9066478151175787,0.8915449837740438,0.002282090243538405
1263,0.7723028718029364,0.8088400462347037,0.013579732409279354,0.12575103342822855,0.9174600128347629,0.91222556108932,0.018625177746477088,0.10811823419500396,0.9667704960396841,1.001474390209324,0.016203108404935728,0.06247063191881334,0.8871791720420449,0.9343258646763751,0.006301611686439202,0.7106341643264147,0.7443601049250883,0.014449316005332074,0.9356617470958645,1.130842305950784,-0.0157936214165581,0.9178679511553401,0.8955907437455094,0.02208666544699298
1264,0.7238805785212244,0.7373486226031886,-0.0008182967383122971,0.140000600399136,0.8683296139786971,0.864020976565503,-0.0011556135817780608,0.13627577624120718,0.9567620199485734,0.9735363623684689,-0.02889742954697774,0.07437423861853559,0.8676576250941572,0.9166502037794856,-0.0036842166461410085,0.6487117816586357,0.6489208256974915,-0.0005473099666381174,0.8437410903346269,1.0658378773179729,0.031243938164553123,0.876072422765008,0.8455372760696612,-0.0081884662058677
1265,0.7638456385676107,0.797281903928889,0.010742953951782177,0.127929830537723,0.9085963323698497,0.9632733089887889,0.04919206694144407,0.12333627909300074,0.9639018367861744,0.8856736434083861,0.019453344135685065,0.06844256387093078,0.8778073864863125,0.9104673634194385,0.007819974547906497,0.7023616077400527,0.7367562509082843,0.010946660102757433,0.9132844369356755,1.0352393610941335,0.08022543893347737,0.909382333665344,0.9546397600262586,0.04340148440874489
1266,0.7745146764169709,0.750271432887524,0.015461192337243967,0.12455404699778086,0.9035742250200415,0.8426465391365261,0.02499973728057986,0.11825835755196824,0.965183977732331,1.0244688440563114,0.0023210967952213392,0.06272912167239951,0.8920428435043447,0.8898229064836196,0.026251185601731498,0.7116976207374588,0.6761679379373338,0.01292839207844075,0.8320810772895497,0.9143935929681496,0.04799958008678799,0.9137693684676943,0.8343390616321937,0.020475985546368893
1267,0.7754686157066675,0.7264923158267743,0.011242032288681314,0.1243843489655794,0.9140598559283184,0.86404017874664,0.022031469982845487,0.11137628376763628,0.9843078593119772,0.862204842486637,0.011950216400683458,0.052308185947183554,0.8915789903416931,0.842442314371164,0.011387019259455696,0.7132064204163383,0.6653155427494204,0.010816122277370346,0.8700685223473633,0.9146294695786017,0.026079390724426093,0.9192121583435305,0.8585466113327399,0.020886253683566572
1268,0.7717093871852981,0.8647126873410212,-0.0074000661565465095,0.1265815760376289,0.9116096853248481,1.0473948622741531,-0.013052878676699188,0.11614500071150378,0.9716082506896988,1.014814790055194,-0.03786203896684967,0.06735007695899492,0.887007562384368,0.9561108465337411,-0.002174964381814864,0.7094673233514325,0.8102732937796218,-0.008224161268617834,0.8964780630053604,1.0450854323539607,0.05067971880975112,0.9179538809052266,1.0478124840125922,-0.024300689663647505
1269,0.7768889343513966,0.8155178780923762,-0.0036344583318375615,0.12436961134200121,0.9010171860395145,0.9672567753760354,-0.0058495294583126856,0.11894259540843029,0.9712728902926713,0.9096169354916035,-0.01696154817668975,0.060292528434319315,0.8822177635134326,0.9281619595683749,-0.0056805849982532845,0.7195376950121263,0.7551596062679872,-0.003290555484017952,0.869317964722217,0.9682552763524361,-0.01120989615530549,0.9042754284738759,0.9677805865003106,-0.004939691093997027
1270,0.7694876168230257,0.8578420612380144,0.02353962094492896,0.12876417878110316,0.9089540111502408,1.021901664545699,0.02475400732781732,0.11886851901502679,0.9464058940561857,1.001478235887876,0.04261924887001548,0.08782303718004038,0.8842812750133231,0.9614743963399436,0.023777421051736438,0.7076841253387343,0.8000683040982373,0.022940277412423417,0.8493589575676824,0.9922213398839751,0.021840551215874304,0.915343682645424,1.0255547627489543,0.025521175535637975
1271,0.7362835531188942,0.6248751127937088,0.009996071505841326,0.138865660886884,0.8586187355136528,0.7215618291597108,0.015125326436535656,0.1480211986883822,0.9568633648395011,0.7596628240143458,0.0012957183681682933,0.08556113229139427,0.8656206840687745,0.7776766805374374,0.0005976899095203675,0.6678194634423257,0.5520956635472123,0.011085861896754144,0.7684567528926293,0.6766551811434424,-0.00931585464244664,0.8707403870633915,0.7304869539673816,0.01994682749817108
1272,0.7708255940292932,0.836230264196306,-0.0075067745192529504,0.12688827613054285,0.9188436657011366,0.9991245178575875,-0.02751298467582437,0.11131527915713867,0.9649750172397284,1.0193257724121592,-0.01206771190979277,0.06370637714933028,0.8812593492004019,0.9232447085051608,0.0005203150712299256,0.7110288824250941,0.7838988549046444,-0.00890115431755144,0.8865201400373467,0.9450484079702731,-0.029160071145813843,0.9222746646357165,1.0059504379357473,-0.026674973145442597
1273,0.7655375542394942,0.7883192800345492,-0.002618907819348757,0.1265265418634221,0.9178087049630828,0.9721742468884806,-0.021560225996406238,0.1092009412868509,0.9744903860912237,1.0989394726880188,-0.05071247943350417,0.07606326464166258,0.8816586466439557,0.8756997648401101,0.0031897670406591788,0.7024642309063923,0.7362007356900505,-0.0037045444273088525,0.8770786110606161,1.0563411468358823,0.013000776547801064,0.925137368750085,0.9621347823240827,-0.028163358084700323
1274,0.7532923862187012,0.7376499845762928,0.013277665718564247,0.13040834938812282,0.917725314322378,0.8784837077858229,0.021121815942035393,0.107906099045779,0.9776763389379302,1.0610986855992197,0.016962583959740422,0.05492531218670688,0.8569672980391451,0.8452210409851738,0.014892341989506619,0.6964036709666639,0.6795770111352358,0.01257240349600291,0.8391572081754706,0.7057812536309445,0.020678352665568493,0.9275439144206951,0.9022607534333317,0.022943480644423767
1275,0.7658158005811477,0.7490153239748485,-0.005551240442138103,0.12801101768877124,0.8968826932213445,0.9187951438650517,-0.013590953889573943,0.1219050247420504,0.9594020880145349,1.0361498839363827,-0.04028794201039256,0.07940055247081408,0.880062387014811,0.8225267236929302,-0.0015243800815155674,0.7047794604628901,0.7053324492448737,-0.006255822251217902,0.8964495622218865,0.8235379898852595,-0.019505723006956716,0.8977374026330661,0.9323565575303656,-0.01153504054489804
1276,0.7520998365929591,0.7996065607272961,0.006194768460681081,0.1312161675710464,0.9206350615876593,1.054859418234947,-0.002357040491656023,0.1095973872478424,0.9740531934896995,0.9941865501566362,0.008064514850097846,0.05341773259511822,0.8785031585950182,0.9282842658703389,0.0041102371783988765,0.6844026684783044,0.7307552701449811,0.00631276789910022,0.8657396286139657,1.2670671857252074,-0.0018151410835559238,0.92962780607785,1.036573484191326,-0.00431871839627122
1277,0.7673144906796825,0.8684423458802756,0.0009389526538066054,0.12794976735241023,0.9003402827718314,1.0376039022407006,-0.01743617534635119,0.12356345315332856,0.9698679121946491,1.0682231318846116,-0.004359222970743792,0.061048421369808176,0.8720253905431508,0.9640465973423827,-0.0016899124238359737,0.710034718224021,0.8151412889414027,0.001355610854031062,0.7496061722519658,1.0635370331963871,-0.016743179165635304,0.918937284975201,1.0350286515786755,-0.017829224088562596
1278,0.7723580290034102,0.7256638755280906,0.0030001673954553536,0.12430736531553407,0.9218868603091622,0.8331493444467221,-0.012942565042731587,0.10765804375793607,0.9732956907827481,0.9826159844079924,-0.02266705840666559,0.05750258142936906,0.8805942000550776,0.8484493961146518,0.0094147371264871,0.7125137995075307,0.6587949425231295,0.0016276658204874633,0.8504699687220432,0.641297643662598,0.017994955691425195,0.9315279767523286,0.8575886794993353,-0.01679985085104076
1279,0.7830003802149201,0.8367563403076318,-0.0012988549484681362,0.1221133167777901,0.9251259082819425,1.062984041175888,-0.025793462462999225,0.10922584964035627,0.9696039579272804,1.1159508765145003,-0.02482530480062283,0.06938102096533337,0.8788501420518339,0.8986991320356794,0.005251138825339898,0.7304253981108078,0.7981088982030473,-0.002530700601600482,0.8726640004019252,1.1094297519596226,0.015060539229556818,0.9334684419403081,1.057152517633334,-0.03321833930191006
1280,0.7528079809342754,0.7882441951333249,0.012765220231124334,0.13106111818816496,0.9105127310156007,0.9728081871176856,0.022543463514558347,0.11463888173679308,0.97111642515801,0.9979528436263227,0.027638213585717438,0.062425600581187644,0.8601120173192671,0.9082432919149869,0.020001756071853102,0.6946440245103271,0.722814325681033,0.010994405455368991,0.7988087768771217,0.8597935105404172,0.06699163395006363,0.9247493603162127,0.9840536599434403,0.015214092622562575
1281,0.7683630895699327,0.7173381005299435,0.0014370422220152889,0.1266725431524349,0.9104731546058407,0.8985030167487718,-0.015553298487412532,0.11310944644481874,0.9759094529889388,0.8846367858058226,-0.007624178523948609,0.05612432969692004,0.8928805358599461,0.8301142936329082,0.003376942377413013,0.7016799966133139,0.6560376982170035,0.0009447605738299949,0.9202248946095428,1.005023188284327,-0.025155734907296782,0.9096910806173022,0.8883737890810108,-0.015068728624966166
1282,0.7727984978420305,0.8566975967487693,0.005784594548072008,0.1259855681710324,0.9154791534308376,0.9997972981636486,0.0175182207987683,0.1111211895460171,0.9625011108398666,1.2291402606153035,0.011687766590805707,0.08441592199636273,0.8937376113207052,0.9673528291086719,0.010762397528006038,0.7074213568993559,0.7931093264563698,0.004647479900311956,0.8891571788239175,0.9524136272084682,0.008754502266506745,0.9184571255873665,1.0067133232567615,0.019495468130733128
1283,0.7589645111277309,0.7924232186046534,-0.0017823320089456975,0.128747117055694,0.9031557111652327,0.8875511672227147,-0.010306049070918566,0.11625765011635984,0.9715518840692666,1.0129547400964347,-0.03023110097941807,0.06335959772385058,0.872831263119255,0.9070841938038019,-0.00029711097694180264,0.6966392707179502,0.7289987101869351,-0.0020808212113587713,0.8842621228432758,0.6990297531672097,-0.01963548552922911,0.9089953807393597,0.9173428888303526,-0.0065983150953643835
1284,0.7634592502232529,0.7303975652377714,0.01514217330281945,0.12819880205423645,0.9173453233539073,0.8499676845528711,0.028993497695351086,0.11115918354676999,0.9745864015907645,0.9681944031337232,0.030046775658944754,0.060583295583756414,0.863756912676604,0.8265331757563629,0.018778594174612136,0.708498813641676,0.6774513714402639,0.014063646851112574,0.8427523686506353,0.9808585582272393,0.053845173214672505,0.9294572441882193,0.8374303173542568,0.023800088507667995
1285,0.7679420885953734,0.7062474157329613,0.011843321626992554,0.12672653312349003,0.9017111594923557,0.7918763901708689,0.025887334043936328,0.12220375849873927,0.9511544403644238,0.8102451779994174,0.02366759794986477,0.08490032820682113,0.8788044166014845,0.8300599583652216,0.0066698247907000865,0.7075715244533889,0.6430783550595164,0.01231649376773255,0.8282871425903999,0.7656324287886164,-0.0076927664444944345,0.9124580871708932,0.7999451751755047,0.032045903814246796
1286,0.7603587870889241,0.7720691776497863,0.006741198517818892,0.12854640030691356,0.9295220705509226,0.9534568619210761,-0.009328653776203736,0.09901934123347982,0.9708764884699498,1.0077096275010815,-0.003024238825196311,0.05665686264252604,0.8750156448858187,0.8842471238318632,0.012757852697540078,0.6984104775577272,0.7097313827146967,0.005375326089015979,0.8604707496295879,0.8424401682910884,-0.021905475693313265,0.9380836252643839,0.9697209256059869,-0.0059097139435211055
1287,0.7619152744432756,0.9314562707402159,0.011926638532191874,0.13264904233543826,0.9197475039990204,1.1553547269659523,-0.003545308944685405,0.11873844546798305,0.9643162013090775,1.159460257213706,0.002897467048849658,0.07455892552248805,0.8712257064615723,1.0077803262730822,0.002192255885805686,0.7033089009934536,0.8900558760676648,0.013558850370785273,0.8926293275421302,1.2516662938138212,-0.005282218477930299,0.9229807103536604,1.1459714224259616,-0.004068361205359619
1288,0.7608700836376507,0.7702529548266743,0.010631121429800525,0.12790527543044292,0.8842018033389417,0.8410088325238101,0.006134847980692127,0.1278683233149265,0.9422482172731386,1.0825182614115951,0.0008004499455155521,0.08480103632982229,0.8758305645299918,0.8870261639011396,0.017583990494282165,0.6986753605750629,0.7056631016961105,0.009011359900186547,0.818848260930389,0.691832265551697,0.03893264318211457,0.8923680486916882,0.8583428665414782,0.0014586358590766768
1289,0.7547465127382488,0.7412593834624567,0.006294103298590041,0.13040351637983624,0.9184710215255887,0.8877610582954487,0.014667535001068998,0.10646880297127724,0.9754004097145459,0.9697751322206135,0.002570741956510587,0.05116861220350993,0.875543621863467,0.8816048664515148,0.0003094848195751369,0.6899878062195289,0.6704471292530054,0.007007903745387378,0.8805869565410896,0.8551892962652798,0.030364724056235054,0.9225256234992797,0.890199231952739,0.012205829771645537
1290,0.7774666900797337,0.7609691488939594,0.009269440233300456,0.12343408157923066,0.8943813888933104,0.8570444196734691,0.023066012033411222,0.12316613525269426,0.9801405805120273,0.9335471224228542,0.023229189031183296,0.05307613425280134,0.8787538918678205,0.8968285237054751,0.00538486092551227,0.722397619804823,0.6926776153251284,0.009532245268044451,0.8366290924577259,0.8825779043106984,0.051378396066545956,0.9019865455795433,0.8529176827724182,0.01795092948647394
1291,0.7642699804121874,0.7798441822289797,-0.0009568462008324065,0.12766150064806236,0.8820497528098605,0.9185238407864237,-0.01386384485853465,0.13066274842133516,0.983622827382991,0.9706739526828957,-0.021938553533265962,0.04733720001020508,0.8979796331328941,0.9162944116863534,-0.002225350477799186,0.6933329927155693,0.7075662927975424,-0.0008057874036561536,0.8706250633223709,0.8909979277519455,0.011499388947297618,0.8834669099382055,0.9200208989483486,-0.018048072380391494
1292,0.7517923100611661,0.6878896094732009,0.0027692942031027536,0.13199952467281595,0.879484190008549,0.7466863156210402,-0.00012681601791459713,0.13709327486303566,0.9271937368915976,0.88163362437183,-0.02848244172885459,0.09447283605119576,0.8794288214806716,0.8550710558416788,0.0009906167097376035,0.684407110852139,0.6067345121079941,0.0027249765346497516,0.833617821000242,0.6414620525595657,-0.023530601799792664,0.8874316127129726,0.7650047029260514,0.005349936982782823
1293,0.7633789376297766,0.7368891695884529,0.00435528899792891,0.12809742042303315,0.8961390439368562,0.8243761520418241,-0.002592149900460492,0.12288128236539597,0.9573793918404573,0.8523339386533709,-0.01565672603543749,0.07496623620790414,0.8863656037017419,0.8655173910069097,0.00916200791528335,0.697558068601647,0.6681266122944615,0.0032283629321116745,0.8902935960590644,0.7653803480490889,0.02075353681817714,0.8971015435439909,0.8300176678319838,-0.006200670538821714
1294,0.758404131377684,0.6981536415230745,0.01234069722273391,0.12991849229790003,0.9125040289821864,0.8725245781044052,-0.005157438211311555,0.11107746252874744,0.9732708544380259,0.8862159048281166,-0.007539119337548317,0.05786810167635658,0.8891005073774226,0.8119835947172166,0.02009723192278784,0.6892336495156525,0.6354101757777441,0.010494217323914345,0.9020395118438028,0.8166105645980527,-0.000258272664012702,0.9135142913470032,0.8789170102349236,-0.005452123898993121
1295,0.7278239346929272,0.5923932972950631,0.01392527869141071,0.14219241724788895,0.8625793372385422,0.7044961901967274,0.013832580167276544,0.14834136974107884,0.9078412779298872,0.6897729093772984,0.008500930487747863,0.11818085731090357,0.864587339076425,0.747246454565025,0.011352875837151968,0.6551768570601522,0.5172562238986756,0.013697335978046751,0.7070927657487815,0.5616346699733016,0.01686102447370164,0.8805290834318729,0.7225628772742213,0.014884727376914531
1296,0.7459299192283462,0.868945561312901,0.0026417970092602757,0.135177355007646,0.8642342885705283,0.9835131858355721,-0.0003771620761882789,0.14182711894313418,0.9548663543286482,1.1048504826712002,0.012620900676651576,0.07779444662446912,0.8779925226008042,0.9731028932091881,-0.004915313717745222,0.6761401716832615,0.811244328669756,0.00395039126190555,0.8903793550865219,0.9431666285740964,-0.05032726949227413,0.8659610324690018,0.9996463037796058,0.008686092333815648
1297,0.7597132094533036,0.8941857972181063,0.006911378242480157,0.1319677148514338,0.9285201951930718,1.0854827807412724,0.0035831895767141604,0.10678825968217164,0.9722637350395605,1.1022502398643035,0.0022368909866463484,0.06167502709776917,0.8801514277247895,1.0361752595718716,0.007087075801177782,0.695302360300104,0.8184972298135685,0.006566752695184224,0.8363436527231043,1.0142389511216203,0.04910190483219714,0.9409066940325599,1.0916200224761126,-0.004041192889076766
1298,0.7692567298406915,0.7857369461139668,0.005097615574345683,0.1259923532023003,0.8792814231002692,0.8815977213258251,0.018556586008375005,0.13060617218330295,0.966670990519385,1.056419276283,-0.017794828281317655,0.06523990179028172,0.8861407636966377,0.8838213343199479,0.008170564760006986,0.7060912538096714,0.7298733188029386,0.004366772260696952,0.8301936285555224,0.6804532555295919,0.04298607130438819,0.8865001866284777,0.9082243306875185,0.015818413497025684
1299,0.7469785999416483,0.8544801491510143,0.00917468604951607,0.134296647907476,0.8365040598481384,0.9573576665535518,0.013419225479926545,0.1573528801891848,0.9293819893701517,1.046135221879689,0.03228684151535098,0.096869856680953,0.891017907880729,0.9412001568015463,0.0043543954375166284,0.6727739800697802,0.8041895719484842,0.009918261293011666,0.6930246130775494,0.7112161441796793,0.0005493145783855024,0.8558373760570479,0.9965497482236204,0.01859471898366281
1300,0.7442376562479297,0.6864237928660635,0.00873833052651414,0.13434588362243313,0.8877257490564909,0.7771519396026346,0.018388165252455808,0.13003004845210156,0.9531443703679439,0.9802498565878891,0.016733173586428778,0.07327849955690441,0.8722232026726373,0.8291160382440403,0.006378648484346638,0.676363862027149,0.6147179270637965,0.008735326725085535,0.817542416138447,0.6982586414918724,0.008381913784077388,0.8958805619653541,0.7880506218220362,0.02100249918135618
1301,0.7404744618680452,0.7405477515887797,0.013467543513668417,0.13344324358624712,0.8812034483861078,0.8331896152611552,0.013566232195048572,0.12939302178711248,0.9696098369866878,1.0613525759954106,0.015507037445158495,0.061969592762630324,0.8819311276591688,0.9022162128267438,0.023856964773799057,0.6663308864087024,0.6561603547662215,0.011006370213446947,0.8706983187862025,0.9209416283883451,0.060624336602955,0.886238314019815,0.8236730329712394,0.004881534707763075
1302,0.7683174457015743,0.7678516691676074,0.0093619725086222,0.12630775277138487,0.9012839668062806,0.8694272625725605,0.02356225902772344,0.11902643944730103,0.9537239265007916,1.0021997786386332,0.004175550697737355,0.07173058034582652,0.8902320529839725,0.8907526331359309,0.013299594574254144,0.7030714185075106,0.7013485516310684,0.008290223855009389,0.848108818774983,0.9022574051743034,0.0301707129946286,0.9074643746497972,0.8653705179180661,0.022126007736733615
1303,0.7544450131722024,0.7424009808996328,0.013569800050971489,0.13096074750749845,0.9022310319242323,0.856955716164869,0.02491378740665768,0.11924767837972959,0.9449189861987746,0.9044675090143277,0.004486568553744603,0.07853104534314934,0.8767593220663215,0.846310474908742,0.01939894096676566,0.6888121262548926,0.6836614857712644,0.012112081269405396,0.8757742483287722,0.7749647890360576,0.029608866022939925,0.9050985247044314,0.8667685794186966,0.024854549249772134
1304,0.7470781703877171,0.7219693076473259,0.01445541352219652,0.13266896717005214,0.8719302813072486,0.812921674366567,0.013616792808213495,0.13541678015597874,0.9571563009985242,0.9743576458981552,0.024173775472493456,0.0722437765088823,0.8629384390217968,0.8349964092029876,0.029714678970796382,0.6849751000334291,0.6581936415864804,0.011181222824963713,0.8120483817740031,0.6930150156560174,-0.00581467157891943,0.8805552084563577,0.8318639975197172,0.01842238744154597
1305,0.7911173223536729,0.7682089961643699,0.002217371436731112,0.11954571143977336,0.9387406223457482,0.9002276547424404,-0.012494201033466889,0.0939221859633821,0.974928257709492,0.9616656165857217,-0.011626211946728708,0.05356609944361976,0.8962932435922392,0.8607743437040051,0.00831769885933434,0.73442455088005,0.7158757082270256,0.0009295749020503623,0.8725955736574793,0.8820331508250442,-0.05036391543279941,0.9487970486592978,0.9085956122844964,-0.005803995736168466
1306,0.7745674344867151,0.8516967090441483,0.011249069434646134,0.12518760493430411,0.915186907583386,0.9349917844509655,0.03707030000820647,0.11383016177037979,0.9832931295852412,1.1006566941258018,0.01769753001808996,0.05212567452636059,0.8738331469082944,0.95566069034059,0.017989460251139316,0.7197374937275194,0.7924098372495729,0.009681805455928146,0.8044894921573247,0.8873575670319753,0.06160841562328835,0.9281740410884558,0.93840646703765,0.03306304663356993
1307,0.7573760491143106,0.7884230648308245,0.013954323935350295,0.13004883877166612,0.8874854601110701,0.8834937093311068,0.04453227136535718,0.13234647530151014,0.9668552189635519,1.0190545682243666,0.01577814416681998,0.06287528758196617,0.863025665831302,0.9099803324924064,0.022560526415392374,0.7001113716840305,0.7222201429478534,0.011920056082533331,0.7968110270451448,0.9639137784198558,0.09733641189413947,0.9031928225157911,0.8759503023764984,0.03502356041478018
1308,0.7635805836326311,0.7638413897001283,0.011256926224142035,0.1277348105167063,0.920458207946786,0.9221422721049213,0.003497464893586608,0.10450170914737231,0.9615488698263279,1.0807553400816723,0.008289273597265733,0.07004282665651498,0.8805000486618378,0.8641289984260222,0.013330939643561095,0.7003661501984707,0.7076233391496012,0.010548286471221637,0.9352433764774671,0.8849832354277768,0.01865561432658123,0.9188990263188467,0.9253477236323825,0.0011793282677654562
1309,0.7554210971347409,0.870796011251249,-0.0040063172014592795,0.13187027522984893,0.8901711882599932,1.132861988262247,-0.03573813122177133,0.13973586194848728,0.9678222052960805,1.110723208235651,-0.013904053595758751,0.06743951536123945,0.8886448017929455,0.9789782379031361,-0.013637952822323985,0.6844740844949438,0.8112948155704878,-0.002174412531088688,0.8303491331406561,0.9066381026887732,-0.036008759468605635,0.8988524450043482,1.1673167672293676,-0.033352478520648716
1310,0.7649432747909084,0.8383762710587153,0.004443552254170315,0.12795752772112148,0.9348972446130464,0.9902793251404036,0.0056124973068638565,0.09587871776376032,0.9743222826398572,1.1663818804234365,0.0027886267913479245,0.06556315130817314,0.8787760989655062,0.9519408176798189,-0.00029965866187426466,0.7037706680576881,0.7778112955625817,0.00511253722671284,0.9022300416267719,0.9307736829028802,0.010704188655333676,0.9382558830927432,0.9968547966877468,0.005276581967751867
1311,0.7769043261728221,0.8353958456729822,0.006934467541627449,0.12426024904462186,0.902792963585764,0.9815966159093529,0.0038718711534663046,0.11806083947111944,0.973201739174551,0.9424292237364209,-0.0008267332793916413,0.054239877906130524,0.8888361774904086,0.9351748966700711,0.017367807563039583,0.716581932802115,0.7769016290953983,0.004787582877820842,0.7607560802906017,0.7276797652327218,0.019797575418679925,0.9200857686226053,1.016366495228791,0.0034345610023950924
1312,0.7824574017893824,0.7749569512900023,0.003908863178422593,0.12204926776292231,0.8902655098122495,0.9141255545616312,0.011793295453420644,0.12453673262591111,0.9539855067130264,1.0043553346232037,0.013422584095759773,0.07294292011962406,0.8959538984519626,0.8501778355486594,0.009448064427596775,0.7218244083344869,0.7300771729192812,0.0027625107544699576,0.8842593136468343,0.767981718360758,0.0011744925804917444,0.8931312536349164,0.9361225426431454,0.015205512970429779
1313,0.750668771448176,0.9264637875197963,-0.00013661013396555136,0.1351883016409304,0.9163739224767276,1.0486451424823338,-0.0007225010972739064,0.11172701944422535,0.9698668845505978,1.269451474653615,0.010358426685719829,0.08227096474958427,0.8593589103680015,0.9887087279354623,0.0004143312254493817,0.6915288830716961,0.8876248053283851,-0.00021872243001051913,0.8477833650009132,0.8462943888389843,-0.01382055363652592,0.9267415157674633,1.081260714838976,0.003771241902139063
1314,0.7481563696797386,0.8582247953274763,0.0070158089325963995,0.1338386509165062,0.8954429818093084,1.0497718605553263,0.0230856916911357,0.12943430789809438,0.9746705243357474,1.2407808258407635,0.016127712907805753,0.07677748375667179,0.8835630790762253,0.9660806670239394,0.007736689759408868,0.6765200263239893,0.7959934349305523,0.006701341232637209,0.8475432399556475,1.0052776111554278,0.04401790842840293,0.9006327241616019,1.0530338947702604,0.019743308058156894
1315,0.7726274742794365,0.8658956202353075,0.00749632969184807,0.1262385415918821,0.9146788308401563,1.0410493707908404,0.0048140549531334766,0.11359932542532418,0.9615029843964381,1.0868713623587147,0.0058144470835395845,0.07060547060381618,0.8875054959926607,0.9328660932288985,0.010374238997896855,0.7113222671926479,0.824726796019133,0.006845808193324884,0.905769352072079,0.8669691191956364,-0.017952296923047822,0.9194440970682645,1.0712881504942524,0.010809606588014208
1316,0.776551482048701,0.7895401974368518,0.005702269985070736,0.123790111545561,0.8973692916776933,0.9349483545085004,0.007323271838431081,0.12008726414019986,0.9786074407730728,0.9336236545435234,0.0027904431518579165,0.04913924280452787,0.8932284282841758,0.8961784625490034,0.008102435303379658,0.713793457217091,0.7303930413755885,0.005050434016463302,0.8398489625738645,0.8408492706986813,0.018153367409137405,0.9035472327024194,0.9455706733692636,0.006278670311501627
1317,0.7287711758224452,0.765608001376328,0.01302815658047548,0.1375470474503088,0.8330372653556068,0.8952236047809913,0.006565129515652976,0.15407822341478983,0.9468723644060599,0.897602748000325,-0.008077979187033015,0.07714570788088912,0.8735720052540424,0.953485195943114,0.0024290619669892943,0.6530973980818661,0.6752269799398634,0.014194338411497006,0.8247249328962414,0.9642637656262883,0.0387655951009223,0.8351362243208994,0.886882767650306,0.0005067971271569727
1318,0.7811722808345674,0.815409208589941,0.011540501919931005,0.12273029436729052,0.8929413205814856,0.90155570807977,0.0041280989174496,0.12220274250868127,0.9863058664511636,1.0601334366015571,0.0039373401559401585,0.04166049137010517,0.8888744009175591,0.8771161784039986,0.01303921883097033,0.7234040244072382,0.7783543892368139,0.011072001002159323,0.7588643268074643,0.5901779874506206,0.03131584722003291,0.9120421345694187,0.9493421073428415,0.0017449981315076205
1319,0.7587154223633484,0.91417602944001,0.0038346862931017693,0.13320069377327845,0.9118182935316528,1.152021288612456,-0.00594426325418017,0.12488626493500608,0.9533009925475483,1.186205289376848,-0.02167306339884493,0.08880974246956837,0.8767693477708903,0.9731454120750577,0.00614719039294521,0.6964910551106607,0.8768991892527079,0.003368478551172154,0.8454478070545726,1.0924366169664455,-0.012792398336321637,0.9192661727544655,1.1602404436627598,-0.004176122228111901
1320,0.7372066306144831,0.7875562922586565,0.0031649312001129615,0.13581576005445561,0.8623823590589115,0.9661866776347062,-0.01111833000932893,0.14293330944493618,0.9511231940198909,0.9522077198945674,-0.0011154864328652638,0.07283523476679066,0.8773353020152448,0.9076327851470865,-0.0018347077331588568,0.6634994757471897,0.7222703144837054,0.003924753522417062,0.7905536123897546,0.8447893026427338,-0.010088518078508421,0.870480810962618,0.9819679891195923,-0.010046722497394273
1321,0.7581024546946459,0.7579036313083887,0.006303908249446417,0.12935492575505925,0.9019979714289336,0.9690665970295211,-0.02801944746840866,0.12161930564613495,0.9504632191829249,0.9012469079472869,-0.018023891464401018,0.0767156002017359,0.8784575429364947,0.8672424924845796,0.00797223494740852,0.6931215176436141,0.697438451518098,0.005766211724847406,0.8134347863159574,0.8774747085650436,-0.031034201962614198,0.9120724119534306,0.9809566109768684,-0.026495621010616466
1322,0.7669821760641478,0.7795609590764713,-0.004862783147396218,0.12736431911717963,0.8938306640747815,0.9476854258672123,-0.011311648277472587,0.12310260697087574,0.9463276220678806,0.9734685588343227,-0.01840443518330116,0.07887942276466478,0.896313676832243,0.9065362033243757,-0.00048061391072967013,0.6984120987999334,0.7103601543473894,-0.005634117954789418,0.8432325067876895,0.9599046217082242,0.02113493191952531,0.9005964680948015,0.9445588953841382,-0.017040072587318916
1323,0.7566226809271331,0.7823398779119171,0.0017105547753421715,0.13003362728395348,0.9011448418156315,0.9860907094726871,-0.0018252082319948023,0.1196033351257694,0.942523049309194,0.8728874230179176,-0.00031082251499794743,0.08084729605384806,0.8820714180486273,0.892238586987828,0.006297907933260362,0.6895191940939531,0.7202326236662521,0.0007406091815072089,0.8328445183105281,0.8324675680913746,0.0343772157297428,0.9097365035911613,1.0036028656142353,-0.007152974189066796
1324,0.7668403965206293,0.7484750618091849,0.015600838273497385,0.12700264586452145,0.8854769094606836,0.8814542531132691,0.030679526850922845,0.129559955565565,0.9524698323753618,1.0519840169913166,0.0095447031967958,0.07586514331768597,0.8877152352899543,0.853764078330744,0.02036487246257971,0.7018529605345879,0.6895203609816235,0.014291070707795797,0.8223332497449345,1.0023889479908659,0.04188010928136118,0.894723966460347,0.8692374776395505,0.027752425048208955
1325,0.7558026754340342,0.6368930924541353,0.018111068739546956,0.13291719849062597,0.8972825909802138,0.7495704943029489,0.029502174229319326,0.1288426591182878,0.9826789368435824,0.7958571987817594,0.02745628112135506,0.07078355095977604,0.8780753026487403,0.7659175496605936,0.02275702414165596,0.6902001795458979,0.5702732303164287,0.016608713115503618,0.8076033507434147,0.7987362016816287,0.004968549353247603,0.91015810879153,0.7472820947339446,0.03315181086003147
1326,0.7377312847700971,0.6799724544675059,0.010375709408235723,0.13635407449171627,0.8488348931709508,0.7020560150736026,0.023345175136427802,0.15509982516626533,0.9078284062350715,0.8466938451062569,-0.008601181165264822,0.1027008674111688,0.8765918454786108,0.8395616040512722,0.008396063666576414,0.6646599853077954,0.6009717060836625,0.010186072691001977,0.7828166772034278,0.5913186657711026,0.005445559349856832,0.8581763309604006,0.7196040891585864,0.027891412130865583
1327,0.7605387107534904,0.7666493085489444,0.014279896106424775,0.12836664495456399,0.8734260807478542,0.8941226972846014,0.007113376350368606,0.13350141124524403,0.9769694378660349,1.0236096908087138,-0.004874333860012858,0.05104231227174571,0.882305683205796,0.869247525772824,0.017189561874717943,0.6953475087989949,0.7090807698897197,0.013369856096264282,0.7708686478921616,0.714766469716295,0.050543453349338456,0.8863455610704539,0.9150342564499064,0.0007105377044648798
1328,0.749730706873086,0.7799915892043626,0.010242679263624458,0.13214528063126518,0.8937880184521937,0.9481087986428549,0.015635595125114372,0.1233905908609021,0.95477167344113,0.9760796631013757,-6.112229990848734e-05,0.07013682397110373,0.8782130148013286,0.9235011737849584,0.014716218834147204,0.6812904860952684,0.7038962989861621,0.008990754330874085,0.8621530458329804,1.0770388313532226,0.039054706777512126,0.8993699664535738,0.9346622920067926,0.010670491552794748
1329,0.7615217420667959,0.8320333860039569,0.0035889627962184447,0.12816668608779797,0.8911168012261137,0.9946918914779499,-0.020162841293777236,0.1273382465711931,0.9681936948431368,1.0099634535909572,-0.025957540883942868,0.06457714770780165,0.8914234077340096,0.9353100273829579,0.005427643916953764,0.6930437430559502,0.773077155351382,0.0031575749487576963,0.8709741998329591,0.8832673647077431,0.025261362908199705,0.8950413219301984,1.0064403474404302,-0.027434266457877027
1330,0.7449957445866624,0.6341830350817713,0.012027851944643479,0.13560267848054508,0.9219392454723194,0.8192716248173336,-0.006847431810847161,0.10823112205417504,0.9643542760471882,0.8112906266554364,-0.009453048548339902,0.07389355701814411,0.8703824020587254,0.7452784635788826,0.016647355788003363,0.6779090448840744,0.5745276284618177,0.01077007228697838,0.8780329332031639,0.8246441015196492,0.0075979707546968665,0.9270287090168061,0.8176215127333669,-0.009396370509820694
1331,0.7793476903181227,0.7661589246262864,0.008838334273089384,0.12289644351826519,0.9103800906748366,0.8391145891760267,0.001347968777586137,0.11386581931203255,0.959243253605104,0.9507778151373683,-0.009621029562964544,0.06702504896184168,0.885302681814687,0.8826719663715958,0.0037587269199417326,0.721908114398348,0.7060295471413073,0.009420240395438885,0.8404536577575158,0.7780233766673671,-0.010780107074501142,0.918825518688289,0.8482056523036047,0.004125030537082051
1332,0.7581296389335328,0.759609006784701,-0.0018368850495074894,0.12987973121237095,0.8896930851228659,0.845170445748835,-0.009364221089896914,0.12560046038569658,0.9765525817969944,1.0980753315799343,-0.02027025713107015,0.059883252815136144,0.8697179062118988,0.8656597764044845,-0.003227694025710223,0.6975845521373615,0.7020801317736552,-0.0016481155105228854,0.8196825142627009,0.6594505930872837,0.006367237422778044,0.898580930143112,0.8697408739113228,-0.010403919684945811
1333,0.6928178290808893,0.6197440068643374,0.004038463157054971,0.14900117673118662,0.7907079565874141,0.7048047466756385,0.02220641892344815,0.17662748615458165,0.862163403111872,0.7159652057676125,-0.019965261485206935,0.13218504734076497,0.8460186793692359,0.851702982013798,-0.012576670575212856,0.6152504113779896,0.520222899349897,0.0061372368075517355,0.7199932865444033,0.9581988347740957,0.06221760620518273,0.8095425524434177,0.6857109817299726,0.013790511879530143
1334,0.747430972866998,0.7970338408768712,0.005484099199235095,0.132748361870678,0.9165329427853012,1.0258466928950776,-0.004928729833636142,0.11045071799327721,0.9858485035297528,1.0649860378065352,-0.0038619182261865233,0.042653832780510575,0.8843852139296339,0.8908757291057392,0.003374643115517036,0.675622136695679,0.743174554085087,0.005747004918990253,0.9029587826454573,0.7562461126045553,0.014752724895869398,0.9225220113930054,1.0669966456883189,-0.006179458607755248
1335,0.7578428329714701,0.8588418613706976,0.0007870807594435157,0.13138691194579982,0.8828349250599266,0.9965920750667254,0.006041315220652926,0.13179357950165485,0.9514365374662278,1.1635330060922915,-0.009347267665140789,0.08588178418163765,0.8739034924339076,0.982337480856475,-0.0002823409008001412,0.695194509811308,0.7918442764005105,0.0008649854445514855,0.8420963439766745,0.8048784273716975,0.019562686475221143,0.8885412689078156,1.0223644284359297,0.005300307934526817
1336,0.7792613757784872,0.7678454316386899,0.014994196425180576,0.12281336018090142,0.9016504067093787,0.8209888706934264,0.017234195615233903,0.11912086119935449,0.9780528833346872,1.028692265728942,0.02653389167946997,0.055902090565926404,0.8810137912451304,0.8924040131487225,0.020617970010611046,0.7235773514789638,0.7013832475774534,0.013455309179920017,0.7966127595533354,0.7125149805600938,-0.0023847791920046635,0.9149738230492837,0.8376770869493976,0.021975199164589454
1337,0.7382812927345666,0.7066547950599832,0.008605183889635673,0.13517599052012785,0.8630316541144116,0.8073076251881205,0.019108772242742145,0.14004757161697265,0.9747979424960959,1.0765312933422257,-0.0027743891053840894,0.05656604955687793,0.8786694861164811,0.859656308793346,0.004837911629198184,0.6642543133609379,0.6295181745530549,0.008809423170871095,0.8804292391141881,0.7393506593467438,0.042383812657309644,0.8616522277074521,0.8139756298885524,0.01556363776483729
1338,0.75386167750633,0.7674111231256437,0.005407311384301887,0.13068068744616718,0.9178183912884887,0.9211111619301203,-0.0019630469859708687,0.10669643924120961,0.9712755488604486,1.0382555402502796,-0.011859542216487816,0.05860111485131278,0.8853348954268356,0.8822353291372568,0.0033238105028172297,0.6843062014394957,0.7051072758036339,0.005566496473208294,0.8713900994575412,0.7633917380777343,0.0014220119995455708,0.9238394081192313,0.9421288215668239,-0.0009609931065925234
1339,0.7401198676645925,0.7450016253655819,0.00275897960059777,0.13489636821378884,0.8734970372011117,0.8299532743367498,0.006766978465406629,0.1343317736789777,0.9290453418341693,0.8272551354748131,-0.01469910183246847,0.09381546324512204,0.8742424524235404,0.9066124492990334,0.0033066373326752063,0.6697876850262069,0.6637071105410195,0.0023682774618025257,0.8583704931404653,0.7771966923525454,0.009055652958243952,0.8748981372061676,0.8361892652201321,0.00690109693616765
1340,0.7470319601836066,0.6660743456109776,0.019978904805785916,0.1347617492629449,0.8829154178053424,0.7105150195993409,0.02428160497188107,0.14020860130614402,0.9593349510161566,0.9433238797168241,0.024580985613147654,0.07070467519672188,0.8721003933701348,0.8215021489325537,0.017933380568986274,0.6807112724214545,0.5903902897971957,0.01947953153729488,0.7076090723738757,0.5768355827070071,0.012605730124812694,0.905146812425095,0.7295936781978334,0.028018646712015486
1341,0.7624274518361445,0.7830934829467723,0.0010780934479381766,0.1282212231834278,0.8913356292909187,0.9107147020391544,0.0018259328865112656,0.12345634351242317,0.9588507572718509,0.9355025810371416,0.0015211048049934436,0.06696178178379443,0.8886024165695101,0.8938260135563513,0.01018961456260856,0.6953631396126027,0.719776604348406,-0.0007084645163656079,0.8310799924989113,0.8490661550498688,0.032903399036295765,0.8984189622497403,0.9158332914478371,-0.0031572274450101484
1342,0.7600716093371926,0.7794664599354691,-0.002525197352911294,0.12882789157178093,0.9115788704332475,0.974772045748897,-0.010309787906014906,0.11221851929771544,0.9629065130623011,1.0670027429792641,-0.0028979743106779944,0.06718032989859833,0.8781808881601022,0.8612894186677416,0.00015262843823931265,0.696742449179641,0.7312690204235082,-0.0030070361042717304,0.8573551140202873,0.9818522123759924,-0.024290645261758472,0.917870055539771,0.9757916285518634,-0.007997845081932348
1343,0.7646373411079054,0.8657408469826934,-0.0042417033994132484,0.12879764983278055,0.890081990233264,1.003283693934559,-0.02060105014626752,0.1280870019392007,0.9650089865279887,1.1415683963159848,-0.04414659286927272,0.08267152432433238,0.895985824882026,0.9945290193689197,0.0009366840117767445,0.6948203268980091,0.7933363349331222,-0.005114841781076487,0.8128050611693572,0.8074671652251258,0.020170886097522538,0.9000898402651106,1.027063060460479,-0.026529601780146624
1344,0.7612945998533545,0.7573612852944183,0.006198393121901413,0.128172408687291,0.869678195004023,0.8289701149866803,0.017991626946417136,0.13657870355921087,0.9464842325978536,0.9085470038011924,0.004626036610687344,0.07668162742298297,0.8854175327753954,0.9011290182700505,0.009338532660342028,0.6948790631153142,0.6822792255511262,0.005290093483151172,0.7070450295906147,0.7026584869834421,0.04375602726923379,0.888881016698004,0.8418912145317783,0.014523332048598236
1345,0.7748677708837945,0.7805912932448638,0.0113591146644881,0.12455623420901311,0.8988483349155617,0.9296503175049696,-0.005601751313903811,0.11931550465268556,0.9462962076137001,0.9760448605289829,-0.004911834595060607,0.07696706606891103,0.8905700576389471,0.8921564288945886,0.016908254534190273,0.7126534600220793,0.7188332803858667,0.00999541341600702,0.8495476565716229,0.9093727548072604,0.01850698218184198,0.9045369014705902,0.9302518311772512,-0.009628505848401421
1346,0.7670316156430975,0.8212323433909305,0.0018196910217394727,0.12723018813726927,0.9039665909722187,0.9824226798324428,-0.020596642550052297,0.1193197563772674,0.9521869426852582,0.956471987103881,-0.007411227013410057,0.07262640542073442,0.8754223913571659,0.930373785308576,0.0035904562777441286,0.708112958263031,0.7610087764360287,0.0013640553530163302,0.8426411855439134,1.0203905096162098,-0.009436169038511908,0.911220191615603,0.9775484493127734,-0.022869223504236137
1347,0.7595552433427396,0.6929254451402149,0.0026932957487208154,0.1303916252647135,0.8767968982525027,0.8130872742072907,0.010824339222812075,0.13328431949751507,0.9444593173962599,0.8585685808141371,-0.009481365651969685,0.08165232138438429,0.8848992679371335,0.818497322949665,0.003471844615480932,0.6926828792497474,0.6271758733147846,0.002327201981937422,0.7649759470444293,0.6104526536968277,0.04117484017596954,0.8906359136799071,0.8391524031576009,0.006990000570265442
1348,0.7553229703489943,0.7295552227560479,0.0017042017779041623,0.13030491888995835,0.8974634979522573,0.888933300249638,0.013822156016977878,0.12009974378594565,0.9679594791397937,0.9957405811022843,-0.003620594604605016,0.058750647063267165,0.876248909721588,0.8420599687301741,0.00010541956988711134,0.69023137906577,0.669110629469034,0.0018149504929070857,0.8315404023554966,0.7625664250934143,0.0332136104757756,0.9049857624505717,0.903607210630301,0.011496702297438115
1349,0.7654158737120587,0.8554141791229024,0.013136116602384352,0.12881612357160158,0.8981212703927172,0.9551423480958274,0.02573760692984404,0.12221437807377923,0.970117772586718,1.0698889894765333,0.0065216990551627396,0.06095309293944318,0.8748098117473634,0.9780780870647784,0.022208985017928076,0.7058451676420072,0.7866440264207428,0.011054079333315746,0.827325178809057,0.9851667335947493,0.08455041971720126,0.9108865272125505,0.9515747011515842,0.015283255253268558
1350,0.7712949138315854,0.779948357363972,0.006740805267307949,0.12548916986129582,0.8971324123310336,0.9878343788082884,0.0056675617538279295,0.12238734849530361,0.9801718312738074,1.076114633550325,0.005439360110100803,0.051095730835044324,0.8829400039525337,0.8377008866563459,0.011818149490551233,0.7117889680802816,0.7438106274956354,0.005674956686239004,0.7781267687927195,0.8938206536145872,-5.044170912241424e-05,0.9109666308209412,0.9999106615653096,0.007637706106296031
1351,0.7502891871711369,0.8373342585820261,0.013568593594999774,0.13170512288911085,0.9097877251682384,0.9849529454401897,0.022834907291978443,0.1140469928901677,0.9827046687946042,0.9425123357208757,0.030963460135269946,0.054179381310439936,0.8773209665642449,0.9921575221352855,0.013909900378472357,0.6817220426172506,0.7556724312439516,0.013012362883371275,0.8679802686372202,1.1645044096965467,0.013381254098200472,0.916345546738773,0.9699149987538678,0.022915865585144746
1352,0.7562597723931131,0.6783368980727227,0.007629617061640556,0.1308273153936275,0.8980587391903804,0.7817857590856097,-0.0050066328936187515,0.12451972381579958,0.9856305372420592,0.9035400012845961,0.002313300507384448,0.04362222502904499,0.8764534090990377,0.8275616464274398,0.006778265193458701,0.691606181606172,0.6038255039861945,0.007338942029803,0.8089066193657926,0.7864790691133139,-0.007445869988111616,0.9087466272310217,0.7815031865732636,-0.004638341853655971
1353,0.7340581798933797,0.7667375014632561,0.006174451128636973,0.13626051932925223,0.8613726894682205,0.995383018913457,-0.008525884836283425,0.14403975248269887,0.9255657690719263,0.9559064781108937,0.006692466486580114,0.09050869422501287,0.8610240368696699,0.8382755910862298,0.015623474981325408,0.6670381429918613,0.7212022631134782,0.004290940030069318,0.7800216112331402,0.9143453810648353,0.02018896789357401,0.8707157129026425,1.0027644480561282,-0.012895087001937054
1354,0.7682763608470334,0.7864840983432393,0.012637935904908332,0.12663291766786564,0.9190330260969488,0.9682887261271071,0.0019490297499932469,0.10646710146372143,0.9725887371846388,0.9489896850745846,0.005968681973317724,0.05468556381095781,0.874872925894586,0.8970649771820169,0.030461932766122572,0.7112908317383784,0.7232340513111393,0.008941804561709758,0.8428661564341862,0.9022967871545231,0.021995641253036543,0.9276209851008554,0.9743589512498122,-0.00101193155413229
1355,0.7492338265499364,0.6868021220715408,0.010369610351569886,0.13285550616725805,0.9049605337254008,0.8222203025966774,-0.003343303794298714,0.11808829858937914,0.9696872113781609,0.8399526118245121,0.009867453581352369,0.0666247536817676,0.8623339309418223,0.7946381176891103,0.011504847861900484,0.687968830533874,0.6290686367946485,0.009806795386013397,0.8850396055983467,0.7286557006993625,-0.00784505652170595,0.9077899438056543,0.8350609216172022,-0.0015274090931082114
1356,0.7766536790696766,0.768538218423427,0.007069667724002041,0.12364628289643313,0.9043081320202477,0.9300496555734086,0.037345281764867004,0.12092537409053634,0.934284391637545,0.9682109990957717,0.019988023838971896,0.0875745530074952,0.8732704154785114,0.8366832278940682,0.01955146592593948,0.7241372712428161,0.726238557878559,0.004550736958273341,0.8495920416587909,0.7982908912572376,0.04346074996436665,0.9105682151180373,0.9465104715276458,0.037419066444349
1357,0.764875395764363,0.7071320734863284,0.007624313857887087,0.1282887745681353,0.9107376950261163,0.9221732295236702,-0.010692172034179437,0.1124141030256966,0.9705837289604756,0.9193383547827944,-0.012511801578229965,0.059021314351090724,0.8720988904001149,0.7967465987696054,0.008738326227660992,0.7065108166403951,0.6574816332478423,0.007187114316228028,0.8521900827696983,0.7930626259653145,0.02667522344898898,0.9184180948092003,0.9365484317797086,-0.016391438201906073
1358,0.7669193381979956,0.8141300764968243,-0.0009297757812371134,0.1267360428114457,0.9072602648264994,1.0033298131947042,0.0034566754553364215,0.11642151824715799,0.9720599266185025,0.929340378296482,-0.0024973321192559845,0.055459784238686485,0.8775340191061234,0.9087031995674997,0.00664833622189467,0.7067860419960605,0.7585497149239697,-0.00235762747576115,0.8924236786116095,0.9448131197189392,0.021691533758820065,0.9087909062461302,1.0087163079127772,0.000769097400107724
1359,0.7522298545725907,0.6274058774770873,0.008910056951387501,0.13420031540427685,0.902850513919987,0.7566792788962617,0.012073279601778968,0.12348311257541028,0.9698405722661768,0.7845351273185133,0.014782041329224324,0.07578770306967668,0.8800319878391181,0.8071063800725148,0.005066158010583388,0.6850448585062555,0.5435975126467535,0.008945868363157207,0.8993797563282343,0.8381405433582848,-0.014515058397872876,0.9044196933201909,0.7508571700854446,0.015627338570835002
1360,0.7654917259277391,0.8313548796660629,-0.003571953312016682,0.12774383780222998,0.9120038493370389,1.0498925297575703,-0.026513024363965316,0.11789763287789769,0.9725975062153699,0.9887986979384595,-0.03255570894543421,0.06333983059993513,0.8884590315478585,0.9044278382869108,-0.003813114211417376,0.6999074103683084,0.7873594849159643,-0.003450017715024155,0.8608547920228143,1.1499728983705158,-0.015315096482720116,0.9188823330428249,1.0392181555874083,-0.02933085734907791
1361,0.7378433715728655,0.7173243305033923,0.01571484887234472,0.13566656052014617,0.8714902548555177,0.8570404357402511,0.03243394425794638,0.1373671472275927,0.8994151094744521,0.7993815904804837,0.002774440798994631,0.10807584329725631,0.8515557618322555,0.8781933456050861,0.015397563273821876,0.6769655604323335,0.6383961870706972,0.015047258816783897,0.7546120183436136,0.7756362741519619,0.08499169072645396,0.8877412077263059,0.864874096622051,0.023444111605938466
1362,0.7644508479865826,0.7618693751315551,0.0014204311208369873,0.12753529131966387,0.9147311471527757,0.9869090578441608,-0.01915680934022159,0.11222060872853022,0.9468441448446012,0.9357652470766642,-0.031476654202852596,0.08259198002510346,0.8910901209854369,0.8574375062648708,0.00831695270195874,0.6972562768359367,0.706186179568012,6.151025251150294e-05,0.9103103567132959,0.9101656786356537,0.008885487261846221,0.9157448123753356,0.9943242982196258,-0.02343946112431708
1363,0.7377124645761111,0.6956431113468842,-0.00023121879234030927,0.1361529004123239,0.8839803958600037,0.911089253962049,-0.042418302557416,0.13706784780858186,0.9490065347004882,0.8596893998124662,-0.0238774958431595,0.08159937366187418,0.872431493325136,0.799907453124883,0.011503864536054158,0.666996967098155,0.6355187470697886,-0.0024687387614388307,0.8826854040726104,0.767804402053066,-0.03864187259918914,0.8855941502092324,0.9306712046020649,-0.041525592589222254
1364,0.7622423417350987,0.8102627937439797,0.0027590737954447967,0.1281486435317388,0.9050192161374815,0.9640053923995736,0.011027992638329244,0.11603599357795635,0.9601117258272839,1.1408893756523322,-0.01606875328243878,0.07727795817012845,0.8815004599893647,0.9128751183520618,-0.011146808558709979,0.6988984367883818,0.7576364067750408,0.005172851469922346,0.7474579415554277,0.7386837104139329,0.028682307778631098,0.9239001131121096,0.9932802502120972,0.009942973876565562
1365,0.769853624611931,0.8089625113879788,0.0017292014696148486,0.1261191733256,0.9132554802216779,0.9955238878447707,-0.014555041136597842,0.11265522440459577,0.9603950458156952,1.1135620410157019,-0.00693881707326514,0.0738124905528693,0.8809166303007462,0.8754888678047239,0.007478721388179319,0.7104098991204267,0.7678916736507619,0.0006095679039328852,0.8095959146551592,0.736324909698172,-0.026528650806128387,0.9294809885234807,1.039171075310581,-0.009528786767163967
1366,0.7693169937825463,0.7775712490201371,0.003645297170161782,0.12621904384484223,0.8970577099203396,0.9738700510640143,-0.005106888276928553,0.1222036980071306,0.9502071150472512,0.9581982926705583,0.005368905941560025,0.07385597856968099,0.8780456534635012,0.8486297171907736,0.01024254676257063,0.7110438572618147,0.7346127474504968,0.002304915342947853,0.8584614413381538,0.9216932800707339,0.016258054034095474,0.9012078934645615,0.9782204704037891,-0.00838414814937319
1367,0.7504613431152086,0.7804093976333729,0.007051239584196649,0.13183095202896078,0.8655348906740674,0.938226484137329,-0.007119259986756481,0.13973556430473388,0.9491073553286039,1.026512139337052,-0.01370289542225613,0.0777591938517816,0.8851919266954699,0.8906100161881562,-0.0022521648671243086,0.6798427765948094,0.7219930316615034,0.008523566460634825,0.8544710645417763,0.8871588076035972,0.009114782733731957,0.8664853445769695,0.9429564856732121,-0.009500824210487775
1368,0.7527588927436992,0.7720174008602191,0.005581580457046016,0.13075540629152477,0.9099157987859499,0.967532693136157,-0.0004246426618369509,0.11268604354698426,0.9429371584956772,1.0583902224382247,0.0003997442751697788,0.08278365865496214,0.8803635586200855,0.8731470624200869,0.004045739445603204,0.6847340972611311,0.7154548978457487,0.005710905492515181,0.8991775747276506,0.783716384101666,0.022598206939340858,0.912986464819439,0.9914365822848957,-0.0030103174133045596
1369,0.776402817271967,0.754441169583577,0.010109304939045816,0.12390766249972766,0.9197809589422161,0.9001689646628204,0.00042962705120895995,0.10529604056288015,0.9689476116506068,0.9868360287565973,0.010879503404465274,0.05887350296655875,0.8868096894296408,0.8651200773253169,0.003685427567470603,0.7168376449067538,0.6970695825217301,0.010951831305793856,0.858903090625397,0.8634915747877705,-0.006195792673122877,0.9264690522278687,0.9051682699559146,0.0019604896419397233
1370,0.7835300916520372,0.8139598101364739,0.004361397313280283,0.12179813038361746,0.9011909255656978,0.9165283509726782,0.006718638973432115,0.11732285516148426,0.9443329887481985,0.9982677508321742,0.024489408145234034,0.0826409674231902,0.8989603139844141,0.9097173058048662,0.0038945668024366925,0.7215674234837801,0.7604072322846336,0.004297228636399867,0.9042771984193287,1.0087983021731588,-0.03404736468538044,0.902809007398819,0.9121998083517466,0.012520654736257108
1371,0.7531499937051315,0.6833435286896129,0.008495969016735879,0.13178267587317546,0.9110520896772263,0.8092197370191577,0.0005634705079269073,0.1151895964305714,0.9533142275740525,1.0212789236283084,0.0036724554087454414,0.07299621834157284,0.8756216150326976,0.77617729588959,0.01798426896291204,0.6882764423911638,0.6301272462546024,0.006478218131288091,0.8814921894983325,0.6915771067668958,-0.0009636722795886163,0.9150786274425056,0.824652272857724,0.0020762962603840343
1372,0.7583952328080545,0.7264481608474979,0.01369016668725636,0.12911863944087676,0.9010296221025929,0.8624263993785917,0.03768881612719463,0.12194163509617222,0.9481881252691177,0.8500628549708801,0.023643859801822004,0.08250598981788192,0.891047582029875,0.8792876099738802,0.00016525002507523446,0.6886246695979903,0.6527589465236826,0.015484133275016595,0.8818053459343144,0.8918741102548974,0.04921255431274897,0.9030860852787481,0.8583499464350844,0.035448144494685696
1373,0.7680758868412249,0.7034850306271249,0.0025246653444947345,0.12757102502108353,0.9506619618164205,0.891611464581898,-0.0015111363144771725,0.08358991906138018,0.9920871527639016,0.8228493509584636,0.006715484858376807,0.05207950353102216,0.8862247931632667,0.8546391148881226,-0.007631171993026825,0.7053777300248517,0.6309215868920636,0.004019145327661942,0.9417623154419578,1.0066126109370268,0.0010473267619393485,0.9525931542860957,0.8799958516147632,-0.0030244700184498216
1374,0.7745744478052581,0.8522874135539077,0.0013095794166886072,0.125100275532371,0.8975259203537024,0.971379881212619,-0.0008435788894133556,0.12116697272893151,0.9702457594209655,1.112273091510338,-0.0030542012192095428,0.06422331208699605,0.8997160781485858,0.9684615747467256,-0.0017315103356159414,0.7077551489033542,0.788741035549813,0.0017602868858488186,0.9014120597294422,0.9003796599783339,0.012288807980459766,0.8971278889729974,0.9790871814423164,-0.0025108450578356493
1375,0.7702982933240177,0.750249346151449,0.0019277105688946645,0.12582200718730502,0.899966140299143,0.8899954563145765,0.011879259822420156,0.11826179418347464,0.948954247377264,0.9757774655382241,-0.0024482662513348875,0.0747132810002313,0.891296126214909,0.8419093336436431,0.019994848345257603,0.7068868088586011,0.6950296392921209,-0.0015528321083659485,0.8619573634169814,0.807506087849658,0.0189096980977135,0.9039666769130384,0.8995118839205732,0.011418585722674783
1376,0.7492985949257,0.6946838244281426,0.015453943156153194,0.1328124809960205,0.8713633617250778,0.7973464355244851,0.023801944180123533,0.13749959891484553,0.9270531020153516,0.7681454221408683,0.011726446513845676,0.10008698611258464,0.883251109520609,0.8677077450783047,-0.0012461740477344397,0.6799622742460968,0.6154669253943775,0.017579961579498284,0.8465605698035028,0.8171416468139481,-0.01450728831035011,0.8764966121301245,0.80078981141618,0.030151744350489368
1377,0.7584357946315334,0.6924630598436717,0.0016937378955554467,0.1304032174817396,0.8871000114277893,0.8405772109039558,-0.01523086412769959,0.1284232075389283,0.9767111170995749,0.8350901207085968,0.0018944022040026315,0.061507694055825075,0.862197854335283,0.7593715470606879,0.005916663437303899,0.7023357773443154,0.6530945863375861,0.0008192067712809824,0.8003706883811327,0.6045872015244509,-0.016785871887705094,0.8998646548295623,0.875602488259334,-0.012365989087269828
1378,0.750876419652223,0.7761823175164487,0.01901161517560688,0.13207815490567182,0.8624672023024644,0.8955891052923887,0.04316505875743353,0.14570034253717778,0.9311547793415069,0.8728500453103905,0.018840458770030714,0.09008562366617673,0.8723985510058773,0.9115300305844624,0.020525808277084896,0.6860876186169713,0.7053606087334241,0.018062724222664202,0.877777430928722,0.9050898094905753,0.12078877029061101,0.8682213727523046,0.8961005768681346,0.029432811936112014
1379,0.7484736794747333,0.6777497131997595,0.018572158250953503,0.1329909990074669,0.842204116280376,0.7175194412239297,0.03434625603395253,0.15714068147270793,0.9213271900994424,0.9231677179871466,0.023618087914974766,0.09518437341971307,0.8850137024840894,0.82791843182297,0.022187742331350072,0.6760918591055249,0.6011899363333728,0.017127167559446595,0.7520880347853023,0.6219283534838099,0.028488412275440935,0.8526154831751536,0.7303028501962253,0.03640800851706721
1380,0.7404994684225493,0.7737205774966768,-0.0001387263927236369,0.1348953351194485,0.8980400569937801,0.9658137621351923,-0.03122505720625793,0.12497662971554713,0.9289742144145947,1.031896408681037,-0.02151230203552066,0.09371713014170328,0.8727907605734642,0.8798206746481002,-0.004591302205311106,0.670525378149751,0.71530447000869,0.0006340996715895331,0.9140440810291502,0.8711151198283468,-0.040338200370093544,0.897488801039424,0.9802380176041087,-0.028626376793606172
1381,0.7699762104137302,0.7912262213674695,0.006709814863837965,0.1259869206837122,0.9167184075704877,1.0033341711545187,0.010367357861000025,0.11016603115246015,0.9728567741133934,1.009535734375301,0.015064213044766142,0.05680556927500032,0.8816107093886846,0.9098772737180417,0.0018633570872833263,0.7096056359750714,0.7290964421964824,0.00731706621126699,0.8424854116346735,0.9713103756360224,0.002860758402741796,0.9250183156276178,1.0078981219306749,0.01198629913702989
1382,0.7536976201665652,0.7390736072891767,0.010250914464113829,0.13074110834195174,0.8951857809559629,0.829432507055081,-0.003832508600595569,0.12330157953678367,0.9594438510134543,0.9625504488259228,0.0008775084357016314,0.06600605243300216,0.8698372626901805,0.8685049779566324,0.01956279176429556,0.6914360790861058,0.6695943985865787,0.008133566642500378,0.8383736457856571,0.8508840768519726,0.012985247533773708,0.9020790506308191,0.8259483411009616,-0.006935304863871214
1383,0.7608433107487598,0.696500529960916,0.005564181243266182,0.12936923446337287,0.9111170797435164,0.8145203963622664,0.0029253535894288108,0.11421313802417969,0.9566587519544651,0.9150007051148521,0.008661636756278606,0.06954251848610123,0.880847540143766,0.8151422511621613,0.009984105733839463,0.6961287900252626,0.6326720123568957,0.004498457368014925,0.9012755751103922,0.6894000814336047,-0.010957343795412428,0.9145815040858654,0.8335367000805926,0.0067976430909457005
1384,0.771121410144138,0.812210219684373,0.005857550763186169,0.12568646697354022,0.9034732985542713,0.9663755428240361,-0.0006454057746355273,0.11695240182680995,0.9798045190459144,0.9810277775653469,0.005662268236673916,0.04684472598587219,0.8849604213226674,0.9489557788009477,0.00048569316708834635,0.709806354851316,0.7421444482566328,0.006528791435369061,0.92012284141416,1.0224340174455602,-0.025415399697232253,0.9022015097039607,0.9633688274157698,0.0029513735765460676
1385,0.7641201700632,0.7756008701728454,-0.01110759288458654,0.1284164120521308,0.9200625531192468,0.9333811828571873,-0.02702476119370867,0.1093300308756219,0.9710512238978818,1.1451074995532253,-0.03460912315078273,0.07330449328302177,0.8780896434070149,0.9083096071573322,-0.006380774040223976,0.7022113467279587,0.7042402979069557,-0.011825074457427722,0.8862459523750982,0.9542761657116592,0.0027203093882037853,0.9249522972004534,0.9294447345258673,-0.032345862005127186
1386,0.7732021964960321,0.763609975984732,0.011106531577504753,0.12498213458434027,0.922663187117404,0.9079765326951392,0.024698756906212715,0.1055088360874246,0.9904626765737337,0.9750354079906042,0.01673611266404525,0.03622500807156607,0.8839483039187377,0.8654966553993113,0.007928076178542479,0.7132607403873529,0.7088875147627451,0.011367533477756287,0.8736810903677952,0.7507157027430256,0.04212674004891271,0.9288310619498389,0.9273485900335886,0.022907548070237115
1387,0.7479361855778223,0.7037830561511762,0.013485931252901774,0.1327597528832241,0.8675625215764224,0.8569070982878298,0.024371681658174126,0.13771354222876803,0.9724481965073261,0.8711649074738842,0.01613176243330587,0.062287174289779354,0.8661101296856543,0.8328069665810349,0.010239224884073493,0.6843176030962494,0.6377859352349999,0.013555307153455617,0.7461641119021027,0.9876507605095253,0.04317044956014503,0.8863727423992177,0.8448568588803003,0.02016944795912906
1388,0.7473098139201355,0.7054318443832343,0.013873981798220986,0.13303948564762766,0.878660025650942,0.8333665200328034,0.035138188804330894,0.13449680383774243,0.9355922828779709,0.8996096899483306,0.03805024720674654,0.09301121891122034,0.8717667328927484,0.8550372028201185,0.00817538744148156,0.6809075022475244,0.6314905280479302,0.014277074535250579,0.838776627490262,0.9622937133375056,-0.015939727306968614,0.8876760166675282,0.8278115397294358,0.042285495886317664
1389,0.7555966584497071,0.7412787173749691,0.008596165012450138,0.1295420899902506,0.8654642998794877,0.8150828031051727,0.0038204240136258893,0.13833560260789796,0.9640507366869357,0.8545428325058613,0.003339362525755355,0.06837336112714472,0.8643954189452284,0.8461520018452755,0.015450810789499395,0.6962365173195835,0.6825584950028014,0.0070391924095037596,0.7690458753535627,0.8430902022531814,0.012951627167528033,0.8773207802327831,0.8113800751027768,0.0019616712476657598
1390,0.7641556781769933,0.7861197039912855,0.008261463102069436,0.12758912089814606,0.9237952962124513,0.9274596450062953,0.00874964529124387,0.10232503764527298,0.9914694199164288,0.93964921703348,0.009840647495919848,0.034006271488801046,0.8855694054318556,0.8959936881102711,0.0016910844670259759,0.6992669254316206,0.7277663875624844,0.009196299881394103,0.8893308026342904,0.796888953841014,0.031843030261358006,0.9282296876458266,0.9425440653972957,0.005738723320736874
1391,0.7400081177190649,0.7453352878149578,0.0010358763121430484,0.13502745838737226,0.870445196973252,0.853308238659407,-0.022346266650157112,0.13852213054113316,0.9557651728208914,1.059059769705893,-0.014915416679589998,0.07387949509049693,0.8500043617723141,0.8306140856549602,0.010605361580747333,0.6802151279758957,0.6943731025036407,-0.000814068764281416,0.7296225779350476,0.5842291945437253,-0.020974265324667278,0.8896016607531559,0.8949200270231044,-0.01950007032256767
1392,0.7590400120535219,0.7516295965680425,0.014859079382693345,0.12953630687450918,0.8857774120233965,0.9008483039498687,0.04843252345354057,0.13481264422428296,0.9668045941207469,1.00215476353956,0.027011382823864383,0.06603964830323444,0.880832225885694,0.8833141127366612,0.012224144896368807,0.6937382747574901,0.6834009747420591,0.014786562010572761,0.8670352216005527,0.9847399414109689,0.06802639094294902,0.8886081969074306,0.8914977630639321,0.04450127390171178
1393,0.7569727209996585,0.8784103552541089,0.00526933878874177,0.13196897753507494,0.8862038845314631,1.0421120706265254,0.019765862223444123,0.1333408790686197,0.9476034542034345,1.089313091765387,-0.01621549184997227,0.08305959147338042,0.8815419521031481,0.987958896890455,0.005203486651006248,0.6901006580804073,0.8161275588151817,0.005119151246487553,0.9020250632096763,1.0007911577683064,0.05078519643469995,0.8851295141463473,1.0450346984478194,0.014576284725105932
1394,0.7526458656040648,0.8146060216093153,0.005548409862954294,0.1319346788826886,0.8801447298565163,1.0280751168592868,-0.01414881856288406,0.13636875911916144,0.949431443191147,1.0607260311076476,-0.008324247154189834,0.0787821666147503,0.8869324041924038,0.9075126059880121,0.01606595904617369,0.6826873386537647,0.7582505695568925,0.003450104122688174,0.851521374811697,0.946403741131688,0.020483819136037966,0.8837986127321779,1.0355985823978904,-0.019604029102324415
1395,0.7511054967587202,0.6944743268839711,0.011336374581982285,0.131701857662149,0.8871166552607577,0.7597075796587462,0.023945431024090667,0.1318088887257374,0.9065557965792391,0.8156783686427201,0.024009381407087485,0.107479659870433,0.8742745606463935,0.8521078311099245,0.0015082808927402915,0.685439041015436,0.6186737809337691,0.012492802833370726,0.8409882030926238,0.8318821294183026,-0.010237347853648502,0.8946924766326195,0.7565766915808659,0.028902318912609044
1396,0.7816495275946611,0.7755041400160058,0.01991092681860957,0.12328000582481083,0.902148988687711,0.8515340537713025,0.02343843059277273,0.11874705014127442,0.9768849106320792,0.9818730084722662,0.03173924187106061,0.05911354438558011,0.8891779846188359,0.9024407879572028,0.024319362525653893,0.7231394801777989,0.7080211804009383,0.018477044958174465,0.8236221716287319,0.7779579440788185,0.060246957516229674,0.9120932007804738,0.8581360508895799,0.017429035447605466
1397,0.7661846590401455,0.7259798994504577,0.007179321171931741,0.1268597891385166,0.9044644592680313,0.8248631955021846,-0.00925062234967834,0.11801541876946851,0.9421544312828556,0.9008397100325606,-0.023194255922168287,0.08313586889537773,0.887092514287743,0.8505845232512844,0.018860466007414648,0.7013736861055493,0.6575171160916685,0.004712210129809328,0.9126724148294957,0.7969725314103598,0.011662212587575379,0.9037275752320351,0.826632236714615,-0.012634489726938217
1398,0.7541878508678966,0.85593483130194,0.002428291228534056,0.13223969478905498,0.8788798482310957,1.031559397188317,0.007380575423088653,0.1363777615704656,0.9363704054407815,1.083114812151504,0.034041543497160036,0.09532612668943452,0.8790927536522933,0.9727558371362884,-0.003914473969113451,0.6871608141580424,0.7925050777652545,0.0034610718337638635,0.7986366257341142,0.9129369528655343,-0.007498211365294343,0.8887092257441602,1.0495257762766652,0.011281153946829584
1399,0.7480544448778562,0.8151562437398261,-0.008814919783983953,0.1338719379275602,0.9118113768957709,1.0048787382383964,-0.0416022912582138,0.11999094263858927,0.9637302756096222,1.2362670148473696,-0.06322797347021977,0.10085184097311674,0.8840302831294741,0.9262231232125003,0.005916982852818113,0.6767644129095272,0.748842402045116,-0.011318114632615452,0.9135393098615634,0.9393844849237987,-0.034951710617517,0.9116032203253286,1.012511516345224,-0.042085028486798716
1400,0.7636082843226298,0.8317660091021667,-0.0020494140988651694,0.12883649353463245,0.9137753577531337,1.019680202182646,0.0022805516636216342,0.11280519188427651,0.9384015043495567,1.0915051094337263,-0.013888556018508792,0.09012519364513058,0.8810856998300634,0.9081452404226705,0.009523117939585024,0.7012625024128736,0.7836822331665514,-0.004191175892497802,0.8828547983076538,1.0937756540215775,-0.022261279161534874,0.917971596719921,1.015100253043652,0.005648536331345083
1401,0.7694639486801801,0.7791650833362134,0.009041072347597637,0.12592416836765655,0.8934528436090764,0.8932543277611767,-0.009852050727533323,0.12279629122113823,0.9807289736083429,1.006761009530269,0.0047799403780812485,0.0460218188197167,0.8788425327655304,0.9023939673371636,0.008928106454908056,0.7100021071883681,0.7140080710531485,0.008699191407328376,0.858506317360378,0.826309293701311,-0.009030401185563206,0.8971584110820426,0.9015517944189327,-0.009300444508342165
1402,0.7439539001669784,0.7192077134962391,0.01681759279992859,0.13386045057845736,0.8956308754409632,0.8782904573694773,0.025137615632674006,0.12185257982012755,0.9615126689539958,0.855292317811505,0.005673414149682875,0.06958606358756582,0.8734885998336985,0.868051508473966,0.01449565620827965,0.674568783472411,0.6435605875374549,0.016570040218934698,0.8741515898776586,0.9805075526982207,0.06394512380522598,0.9011038227234821,0.86702894159195,0.017787843078061718
1403,0.779540425720685,0.8080032397420699,0.004678340146697545,0.12273491567726037,0.9043718313941413,0.9938737213158407,-0.008955269966320454,0.11783565089699788,0.9782426880797229,1.0278778918325084,-0.003172242040333047,0.049688596776020666,0.8851179085167912,0.873985945876779,0.013041451877359448,0.7224344425165896,0.7666800069047935,0.003002928389431058,0.8782792243658293,1.101942944500721,-0.002328334754414862,0.9079525644273359,0.9825458782146929,-0.011103307649814053
1404,0.722802176986064,0.6806363575315768,0.013734250656942433,0.14025931615716694,0.8478109378818137,0.7673829275309437,0.016453139754499753,0.14979668581229025,0.9361780564323584,0.7300346861185169,-0.004824844021859742,0.10077409715021841,0.8707531996257538,0.8911689616274685,0.009116664334138696,0.6468345835712849,0.5843140316827732,0.013615793536025753,0.8113624569946285,0.7707735936732348,0.04973469203814542,0.8527645703896597,0.765388545800613,0.010615632551993133
1405,0.7533555909347317,0.6867953068545395,-0.0034550646045082207,0.13252834514791623,0.8925142315129209,0.8044178201590647,-0.014935550517019293,0.12797275259035343,0.9598750726798484,0.8732277656613832,-0.018890851348274403,0.07222436723057085,0.8738404331741537,0.8549855417885117,-0.006150639664329913,0.6893277932433048,0.6055804477697415,-0.0032008040020996436,0.8641366788040684,0.7652595052043983,-0.012597925968715541,0.8953084646914667,0.8088936513049262,-0.014917831127770514
1406,0.7853595892831603,0.779093167141853,0.001056245719091833,0.1210539862049491,0.9180382131245721,0.91617036436716,0.007300896341712467,0.10662024748642115,0.9739238999704116,0.950399562099777,-0.003949153886837331,0.05357876860544166,0.8987854858481734,0.9129377143942529,-0.0049970257776242085,0.7246032466334998,0.7113822211970935,0.00193994728592344,0.8985417038459462,0.8375233621273379,0.024714112437530612,0.9202198417108918,0.9243168779945318,0.004943522595147954
1407,0.7629052782481751,0.7255897654394883,0.004061701346298259,0.12858405446221122,0.9176272374683369,0.853604740545987,0.01821800664749859,0.10926858468334268,0.9767578700606687,0.9628820033480666,0.009107739592302978,0.05099928602511966,0.8883199652142347,0.8328286639556739,0.006060828275234791,0.6960573896975161,0.6666332197695112,0.0035074068434157546,0.8929578989142347,0.7697496776013808,0.031000627070262177,0.9203961143329504,0.862969429717066,0.01671050391911757
1408,0.7623283278898539,0.7715478795537342,0.00019626981229222838,0.12841308833046242,0.9113850969174639,0.9033666679495894,-0.02515162189007814,0.11500437281111989,0.9637695239608431,0.9487236110467706,-0.021918655254230233,0.06649283378378128,0.8900753623843235,0.881811487912543,0.011470018906154133,0.6948100129257351,0.7082505805778866,-0.0019729469043717187,0.936203681176594,0.966746091879304,-0.037063578279729774,0.9086573949976964,0.8975883751593077,-0.023844484853723702
1409,0.7661601329362155,0.806033672912798,0.007180952785464173,0.12726505576681646,0.8869974034143353,0.9598729966164776,-0.013250421757151546,0.12866931936817166,0.9712982715103281,1.0899628664394292,-0.019501320033508004,0.06439449963372547,0.8948265542151697,0.9142034052152783,0.018382587932546796,0.6983051551088829,0.7431641905290142,0.004869070542430546,0.821920314930198,0.9013703504721718,0.040883541678437336,0.8970083031063592,0.9647272029842556,-0.022407190082357874
1410,0.7805911555786428,0.7478150052422493,0.012353588114609767,0.12307112967291435,0.9109141492498101,0.9021540147215348,0.026390923774254556,0.11380265032379709,0.9775373960463176,1.0973585803274428,0.021944636563518895,0.05966265971470145,0.8909888692547144,0.8298556568027572,0.014386634169284075,0.7210793709780301,0.7010914080864257,0.011685077371505889,0.9160524392845889,0.8749755132565892,-0.0019997478996147287,0.9118413943260674,0.9097798768101205,0.031642373107945876
1411,0.7643880219515142,0.7948316077539539,0.016242419469321215,0.12776241758816784,0.8895257096222071,0.8520338720383548,0.00020101706028003273,0.1251007569585971,0.9634143781910847,0.9899648903225972,0.012859452942529876,0.06420380244098092,0.8857707239529193,0.927341979524495,0.0209822109582533,0.6992613178844996,0.723589350141454,0.01482216155723042,0.8008102473875136,0.7171905230249183,-0.0008546453343899365,0.8999055680198166,0.870026619586702,0.0018216013382313298
1412,0.7752846082516363,0.8074560138381779,-0.0011499360139321933,0.12420619923323632,0.9303757102777984,1.0058123738076459,-0.0037177781171615527,0.09976412848933724,0.9790392585630815,1.0043305863841183,-0.018583610457656927,0.05098091930949614,0.8801691781776267,0.8932270185470825,-0.00010819598833049676,0.7180208154047104,0.7583859432898388,-0.0013600115473769085,0.9263901549893097,0.890510050973286,0.03532871629768395,0.9325305365314932,1.018200461657615,-0.009863764737513782
1413,0.7572473116346307,0.76176093746727,0.0074891808896378085,0.12988971486823875,0.8861161061228083,0.9081069855467283,0.002968458897305313,0.12678515051259184,0.9531594418450631,0.8932895115850609,-0.01012486153819344,0.07358800111779995,0.8815096181664464,0.8820634927911842,0.0060026545093883775,0.6911540597353377,0.697792017099982,0.007473493742093053,0.8549171940022822,0.7726932381928697,0.03697381805984141,0.8904672683742729,0.9230270395099313,-0.001961243707154708
1414,0.7739547395004827,0.7925637071371925,0.0117623879480521,0.12320285720301327,0.9003693739088812,0.9378486666799761,0.006777606813249439,0.11649323636006957,0.9756806544945054,1.0295421935485416,-0.0033350450265733867,0.051650243566983084,0.8894445710811453,0.8983213105128516,0.01756787229760717,0.710623500501297,0.7318721791714952,0.010400393923083628,0.7336472389655693,0.7481821150857745,0.012094358409567657,0.9204388792771518,0.9624904254620754,0.0076859209951336905
1415,0.7632503502297774,0.6931258951005571,0.00983113944500456,0.12876408932778452,0.9034768264381969,0.8107814531068472,0.018095222851047654,0.11937468892001094,0.9253364527266984,0.8181373513577707,-0.014729643746122737,0.09627880817141937,0.8919982427225761,0.8447420284232081,0.02174213530884067,0.695827694351108,0.615201534234188,0.007201488520370472,0.9018989535210282,0.7927766015439804,0.05801030046664152,0.9054179599398497,0.8110195799240294,0.011218385487900221
1416,0.761445042595093,0.6861800607268852,0.004967745511306548,0.12981813350086313,0.9030037351996645,0.7688693269749155,0.0053428634162674985,0.12360569027712014,0.961747747633958,0.8151227222780707,0.0013539181945976435,0.07495902584964388,0.8874543881664104,0.8586311858969045,0.002554286581186045,0.6954197758396868,0.6039807745360075,0.004909480159955314,0.8681141064082752,0.9191195901846209,0.014586787986164848,0.9097100862171569,0.7545549338747453,0.0023499790193019917
1417,0.7751283528349308,0.7557554084285317,0.01313647572538567,0.1245321580705272,0.9089328660793842,0.9073245917543076,0.010429867757172674,0.11260327652321353,0.9642802897855219,0.8277584286800802,0.020612852647020747,0.0745599176180875,0.894416078517702,0.8729173950703184,0.029565987592733725,0.7121727441834074,0.689934573896053,0.009682741144398117,0.8717423318916018,0.8304117864504547,0.025995776677476913,0.9128565152111648,0.9152442530701358,0.008378272249208566
1418,0.7688611544182168,0.7668569171357472,-0.0023702073934656356,0.1263545621550701,0.8996919257320741,0.9040918374209468,-0.023469410489112184,0.1216665918396494,0.9586670865713497,0.8250940090903,-0.010911559567783405,0.07644585456970873,0.8821427767087272,0.9249150014672133,-0.009483929864736843,0.708352451312089,0.689661784116827,-0.0012753665438885672,0.8977471703345017,1.0739218024371062,-0.007588904404996387,0.9022394322029322,0.8875040476754676,-0.027705691555925355
1419,0.779658183788351,0.7725298969446507,0.012062753143496264,0.12296871590284739,0.9273222477637701,0.8895502859335103,0.011603038045342339,0.10082787479021552,0.9532449127300215,0.9782289767170397,0.011536194012838674,0.07250859107216759,0.9002763604078577,0.8679341934300426,0.01496156611694025,0.715317597737815,0.7185529472122092,0.011204974135665225,0.9239972398348741,0.8333507471171346,-0.003840876515001389,0.9284575282278043,0.8985985906811551,0.014904314358113208
1420,0.7759023587749319,0.81054041269754,0.014217457008485508,0.12461754700799921,0.9311782641868167,0.901656651544037,0.0052416911475680235,0.0976508603703014,0.9803497770821038,1.171906862730987,-0.0015119203626518477,0.06140930159852385,0.8780234502426697,0.9129850172228168,0.019139892051469053,0.7199592704236354,0.7531801231850349,0.01291212496297209,0.8655207374368005,0.7286095208237027,0.0006518307845349835,0.9402703255842152,0.9269740222129328,0.007855638113584423
1421,0.7717473337563188,0.710245296384675,0.018536347337975923,0.12639303097813415,0.9187206930748986,0.8546861787976674,0.038459871123499245,0.11274718171490876,0.9677655069298916,0.8205701827845422,0.02185403442484086,0.07325537832026725,0.8868501347297066,0.7982003127177245,0.025011251053503058,0.7097182998636479,0.6596852346532167,0.01690386421401883,0.9037939551956544,0.8462560424149629,0.07867972257072084,0.922241863491839,0.8537282011007994,0.03145146262039912
1422,0.7788302765437364,0.7848838835880109,0.011748303188319058,0.12289813535906503,0.9325650657799949,0.9624241616553145,0.02106778634002918,0.09827451595981576,0.9640155010658449,0.9486019531827167,0.011156446488439949,0.06308073226893963,0.8967361861020432,0.907749429094423,0.010481990758931546,0.7153296656834947,0.7197089203314391,0.011559736531150892,0.9293945852204558,1.1517407619797042,0.024583972626073404,0.934774904934738,0.9450174833602305,0.01903055997135903
1423,0.7688903512620534,0.7698587943994424,0.0026299957355758147,0.1261510407469023,0.9112359689198584,0.9384238465731917,0.015466584103377179,0.11172136504586759,0.9599014220178491,0.9064051261457566,0.005639009400501444,0.06743051296663699,0.8857475871977005,0.9120498583927381,0.0006733578161958377,0.7059799092506256,0.6969353258993053,0.0027438830080820918,0.8810797667644547,1.1265886311307862,0.02122253211387166,0.9170243913738383,0.9213070038941921,0.012899893631876819
1424,0.7771291287329707,0.8572919893919582,0.010915826413515121,0.12471470093178107,0.9239884041504105,0.9871185829900261,0.014449339745364642,0.10446428471763246,0.976700528526043,0.9971836631636318,0.0168446667483845,0.05283441303905095,0.8858454369279242,0.9634434341646559,0.004721639847545902,0.718244514170634,0.8006254630453796,0.011755283658115987,0.8752895430231203,0.8991013142805604,0.01662889370182855,0.9292457398114802,0.9977149300252329,0.014877995692404099
1425,0.758538101795309,0.770592575703704,0.012022594764694234,0.12920973722749027,0.8764033701722926,0.8975799092145047,0.005741525090526997,0.13144759881941484,0.9672153644589393,0.8913027035737122,-0.004401514903420497,0.062310344306823695,0.8673988607017863,0.9005423509032047,0.017160813953631004,0.6990577243686129,0.7010850736764408,0.010625654121934421,0.7968997854235874,1.0897860760305609,0.043186292371091874,0.8920183839386032,0.8811133816067503,-0.0019806678445876296
1426,0.769988588179285,0.7716942744061939,-0.0009416598158202348,0.12613916960668117,0.8939369850692466,0.9103874435072721,-0.012544539606247993,0.12287643756444076,0.9435048917963303,0.9190813355389118,-0.0031501451005408426,0.07869940316008435,0.8919143783547936,0.8518585971499499,0.00043633993181369803,0.7053774436101422,0.7249782401559758,-0.0012305767677748465,0.8963599786315097,0.9232269598360364,-0.0454983981365581,0.8951546039385441,0.9137586048445059,-0.007106141424574227
1427,0.75402985204339,0.7035307263458092,0.006305353215528158,0.13093174189973208,0.913322361658339,0.815562978207582,0.009441698639155576,0.11286002833595812,0.9586752105012692,0.7428065128212779,-0.003208223956058772,0.0884601047399398,0.8746693074622892,0.8613266465359486,0.006426754462974278,0.6895201646914575,0.6251918176378555,0.0058178229520194765,0.8660181529804952,0.9152988789781701,0.02340390033314389,0.9205808183895002,0.8049032107297975,0.006189897016062787
1428,0.7750553651917466,0.7803127668373715,0.005406820785224571,0.1243258559690485,0.9185926576264776,0.8855850779546026,-0.019152555181952677,0.10928642886664058,0.9821342991999804,0.9398968897085239,-0.028973347656803553,0.05379273327377622,0.8981318138876911,0.9299272794371913,0.016201871194980202,0.7100611721481668,0.7015025818251532,0.0031216117695866945,0.922588933724439,1.0158093111395898,-0.003540672650588875,0.919702447287893,0.8718473943676758,-0.0230077110351326
1429,0.7620061887881104,0.7349826370709694,0.01971886663001468,0.12904980241814143,0.9203554459421541,0.902361387096733,0.026278831620057497,0.10785513899481097,0.9786439388979336,0.9389710301049247,0.029301729820850195,0.057188766744587956,0.8698868260061341,0.7999257931380295,0.024256430087309207,0.70417541883854,0.6961308752790311,0.018521164238514833,0.8860405531186578,0.7644030672880099,0.013250027892491818,0.925881958041397,0.9231500810536284,0.030058572203066417
1430,0.737243614310619,0.7812408105657014,0.012261661989238075,0.13473943022329193,0.8627497031745264,0.902011287092432,-0.0008053364615217271,0.13804668949876672,0.9427430824052003,0.9510836238342817,0.02241590789652227,0.08137425976687877,0.8823517104266848,0.902356463555963,0.022285566169134203,0.6606106124984595,0.7108044979129461,0.010081978740172613,0.8605894553566563,0.7206324911425402,-0.010791360116407587,0.8666682915645704,0.9315012809811862,0.0029832527625517327
1431,0.7706071916519968,0.7661143349912648,0.00011475355242286288,0.12549702847042096,0.9048008363442006,0.9108219630253378,-0.003922062868893976,0.11486658621696949,0.9704443636806372,1.0422801156153945,-0.019339783600746514,0.06141416699746234,0.8881387189253683,0.8565290486576361,0.00862014078538169,0.7076002136282825,0.7128199460910826,-0.0015018713014215922,0.8214273071851202,0.7160171445757265,0.0008262116044023775,0.9152697019295836,0.9376517799412682,-0.0027957269913044067
1432,0.7654498286023941,0.6714692282138172,0.014811047997250642,0.12846915482225177,0.9048294989201437,0.7629728090013317,0.020664303676321768,0.12256722539572948,0.975491709573657,0.8956502749354144,0.023748768506618907,0.060027183470085066,0.8798016588913418,0.795725091287024,0.020015633304478576,0.7034663473594034,0.6061071020377253,0.013343311300433244,0.8604105658564467,0.641728560808596,0.009843846081476208,0.9111394223928072,0.7802494637900713,0.023903992897129425
1433,0.7722560401156832,0.827423942436971,0.0018074425627134455,0.12531490778103965,0.9088839355487747,0.9694319109078953,-0.025222304622228287,0.11616279883800275,0.973956437624332,1.1083345465434093,-0.03141726384085935,0.06693746226515543,0.8823061475480672,0.9036013194083631,0.009781016352679165,0.7126623562898258,0.7804735161416436,0.00026931492331579843,0.9278848828747119,0.8610981698225569,-0.004936916553737558,0.9076747167194734,0.9820683381230337,-0.027823702421691944
1434,0.7547286179301197,0.7589294837903131,-0.0017445398077540366,0.1304586095374531,0.8925458321142866,0.8562047014361795,-0.008186403006986634,0.12321917844351431,0.9446263246424315,1.0230418595082513,-0.02518549251377173,0.08366502501054086,0.8739540222573519,0.8383705260852375,-4.309758278612869e-05,0.6910456433387695,0.7123785475303938,-0.0020641844928285685,0.864567524722801,0.6539657440513384,-0.012794332777352087,0.8995525846338267,0.887992728560096,-0.005152448776550085
1435,0.7521626850694617,0.7180482790975408,0.008463872276298294,0.1311573296645369,0.8483683441261073,0.8271342890275127,0.002366849858442606,0.14723088643915577,0.9511036383470293,0.989158651452323,-0.000892742180953928,0.0733814102308743,0.8817414062810971,0.8171868393566244,0.011139448984368357,0.683756970106924,0.6624910407020228,0.007717326982856909,0.766101328786124,0.74785250712016,-0.030572937170453625,0.8603776204584924,0.8423249429769881,0.009069193923187054
1436,0.7564263041653497,0.735926017025018,0.01071718654055331,0.1296446811413486,0.9065267748722873,0.8729580085070882,-0.006008615964475394,0.11467045096571038,0.9575301587788423,0.8625621426812647,-0.008555494519684771,0.07245965739443168,0.8791109537040971,0.8734541046581286,0.010033430032325229,0.6904144901374921,0.6646750729088331,0.01035931516746762,0.8840115322342479,0.8867317706431855,-0.014232350285254611,0.9089001084159861,0.8723175907115699,-0.004749643750974462
1437,0.7408357350935338,0.7813079193851806,0.0025634192351158165,0.13494160863138477,0.8677559682504175,0.9105669831513153,-0.015710608635336756,0.138422646126861,0.9328833676012738,1.067089575393791,-0.012818668788794951,0.09182860548374709,0.8720509097787353,0.8912132744101489,-0.0030940213397541157,0.6714828868375493,0.7217111049917874,0.003464517239692724,0.8884815206278988,0.7903284855342695,-0.01282630596072305,0.8667610399437191,0.9268196001245101,-0.01496314639758713
1438,0.730094450086674,0.8234983661481401,-0.007492678716706221,0.13925973810449055,0.8696065836002806,0.9887220321259932,-0.030702935893952555,0.14279603096330984,0.9550888778961872,1.0033781725234336,-0.03206148826285677,0.07748593814396607,0.8651943161501712,0.9457829790004078,-0.017095309052015555,0.6586798584677345,0.7580524661302722,-0.00564489892258772,0.819263873830803,0.827768474327865,-0.004092767864281054,0.8755197099864368,1.0075801211233884,-0.03399782964049152
1439,0.7754820728941557,0.7284568955509991,0.0042260851745443,0.1243928698808902,0.9191377157761753,0.8005260525830312,0.005395022855742138,0.11099898162242187,0.972545821812413,1.0313018498088629,0.009541702505307075,0.056542657432878674,0.8837671796051995,0.8552777458176096,0.002871399527012551,0.716525624360618,0.6628811981653437,0.0042000371198214715,0.8780517017194709,0.7725754894294848,-0.007477107975797838,0.9239229780996945,0.8052410448819964,0.007931007862532303
1440,0.7610474839685564,0.7353572656465945,0.014259264239993442,0.12875036041221544,0.8760631206498475,0.8531882833963974,0.021696359655359716,0.1330570889891764,0.9447191888461625,0.7631569830307285,0.023456312951061955,0.09514145198882064,0.862881448029443,0.8980049494337329,0.018264225338124555,0.7067175474125709,0.6555749927258305,0.012848478646436184,0.7239748962042508,0.8810677952662906,0.04867721177037487,0.8968664594877656,0.8492119282857913,0.016792521899640176
1441,0.7529358877784593,0.7076224963561311,0.01101807656430425,0.13085825747274563,0.8929256200691447,0.8064325899745141,0.030441800674479456,0.12651342593409823,0.954499195926641,0.8867696415081364,0.014706746435098382,0.07358820556023252,0.8829211706860437,0.8724310185211984,0.011141856775165144,0.6839601465235052,0.6260059489190455,0.01041214149801239,0.8653999890479238,0.9232491673116862,0.05937163650666865,0.8988010792276026,0.7940969452236816,0.024644266449914878
1442,0.7569195768786214,0.7308433950093768,-0.001293164097828207,0.1302867813132569,0.8983207636514077,0.8869391435922407,-0.01228108742166667,0.12030760250200553,0.9702542077493078,0.7951598575397887,-0.0066900398864066625,0.07290354714204045,0.8802033569461494,0.877345582761901,-0.001926312333218871,0.6910740726943825,0.6562288254513806,-0.0013375885095395484,0.8206117505370568,0.8589698189126368,0.00881111734514762,0.9073015599807083,0.8885115785344223,-0.015690458477300016
1443,0.752936673962237,0.6686560954960304,0.01868424695294505,0.13257253525993823,0.9038680280345899,0.792392206429896,0.03484897057987705,0.12377245759874449,0.9509720606352586,0.7279150396044463,0.02370369348136746,0.09752913765180761,0.8691354566511561,0.8462012633789445,0.022343256236963347,0.6919854038632661,0.5843631827017947,0.017097595173718637,0.8844765882688947,0.9471858809720742,0.07658722760422763,0.9113482450517202,0.7777253096328887,0.026803451242037226
1444,0.7730504916186192,0.7843710265956108,0.0030447390343213056,0.12504017724076052,0.9062087112358281,0.9142026090720937,-0.02078448464403771,0.11720337107154898,0.9617229613390952,0.9716405667059816,-0.02590217730241955,0.06944641588260615,0.8880757502233434,0.8723645343783551,0.011250012822710636,0.7114432064753711,0.732406125806916,0.001403218685880025,0.8596039575748707,0.7259390900576609,0.020083640404333917,0.9134323032261287,0.937440565564282,-0.026581728844513194
1445,0.7609384585067458,0.894143605712992,0.0030684465498639086,0.13076410631892563,0.9091327258283692,1.0599111083579351,-0.019167731535191666,0.11928966087077321,0.9793866543263905,1.157726563325021,0.0009040855648163361,0.05991277247003,0.8849533564520038,1.0115697066337928,-0.008972359370769277,0.6950597927187165,0.8326919270661405,0.005112023638509837,0.9099174288672214,0.8760471168015769,-0.03312625884075306,0.9125499666650322,1.0911851630462885,-0.014730454507157473
1446,0.7801755420296722,0.8001187085309923,0.009020711873172368,0.12271340398821438,0.9077381730449021,0.9498778500281188,-0.006007470018983871,0.11401876494696367,0.9632351859894079,0.9437220333246128,0.004100978896143801,0.06331347924159189,0.8909401076819555,0.9057533036482953,0.007954494960976048,0.720286103127314,0.7427400038401689,0.00892719034740386,0.9069287922865841,0.8197064751002502,0.0014066800090329938,0.9087340518697867,0.966681919485656,-0.006039201591830531
1447,0.747639349825169,0.72937978884532,0.00010442612946627394,0.13286351711145025,0.8689389671101473,0.8876467700832807,-0.014902692163631059,0.13762359559673315,0.9338092528290101,0.8480314302789873,-0.03400549794001853,0.09536318571221188,0.8790553175492439,0.8504572566540548,0.01514517522104594,0.6786866984233303,0.6613073435414121,-0.002775911233523904,0.8111371409428774,0.6426513612028628,0.057108535278720896,0.8820975518439096,0.9216546327513552,-0.026736127046047733
1448,0.7616821794412973,0.7431127215462576,0.009630909342520203,0.1285283649581293,0.9239905355478191,0.8511149056302645,0.017474644834139,0.10511522160518876,0.9672115952902376,1.034858778617949,0.017051519389007563,0.063516171923722,0.8905829422813477,0.897671049714819,0.011801875561553174,0.6934864971390581,0.6645787921204648,0.008750045409148192,0.9577550547408303,1.0939309632183374,-0.004498695448840469,0.9227345966456265,0.831512701828015,0.01868540422276385
1449,0.7512296067823492,0.6819348663058125,-0.0012356439592201228,0.13306455978620343,0.8884436725515705,0.858197329212953,-0.03562782894540733,0.1331703263385193,0.9411089067001095,0.7652845538426218,-0.030646100313542358,0.0986509963083221,0.8781906054415689,0.8310308138516765,0.0015642432090162272,0.6836931389379536,0.6063986116595169,-0.001959175360669179,0.8218355990796632,0.9072143553342028,-0.0004042583614287933,0.8985397814434565,0.8516505605405772,-0.04214711338346907
1450,0.7799700451731244,0.798247024134597,0.010362441696034544,0.12286850018199721,0.9238338113035738,0.9176929619104107,0.006948011944472642,0.10251915995195901,0.9424290421505565,0.9689143729787083,0.031475512607634544,0.08536111645112772,0.8924211591424119,0.9303291512824865,0.013058545068706866,0.7194364590687428,0.728599175012044,0.009449130711488365,0.9390266362241395,0.8986804805714036,0.003438230111946206,0.9221409643858682,0.920328483949831,0.0077413138912987775
1451,0.7591524823798536,0.7135478532704109,0.013853023580525991,0.12979934942804613,0.874617004913917,0.8105150255331179,0.022179697848312842,0.13518013658125733,0.9489984721964266,1.0074332942920856,0.015607925050098401,0.07720893206872625,0.8736174451456252,0.8182958249349982,0.024372574241788215,0.6974699948506415,0.6545666957874932,0.011501568269325288,0.7374647055433851,0.737563839497492,0.03025754112576603,0.8908858390956811,0.8182074923198328,0.02141900261714631
1452,0.7471934239259338,0.8043322062084312,-0.0021596922654610363,0.13332112289476578,0.874098670746456,0.9199676646356716,-0.02012942474265466,0.1351717006410291,0.9661439601664017,0.9675238843990779,-0.033712892221131954,0.06917027040348561,0.8753928810931655,0.9492961240204956,-0.0016198619087931915,0.6787256775672528,0.727665877623312,-0.00232962965796165,0.8233127372481711,0.7286489197002018,-0.002418572327517549,0.8810752333240837,0.9460119623919605,-0.021500757280071524
1453,0.7677430104095837,0.8352257159795791,-0.0016120726219968095,0.12709612796912864,0.9145105876317202,1.063760871807055,-0.014539538734239877,0.11546610262088973,0.9599089529737842,1.007027482457179,-0.020396824154680207,0.06951366481312372,0.8891775214069624,0.9245409970770382,0.00466403233441894,0.7028738874483133,0.7816955195416097,-0.002755792904537202,0.8793529305055826,1.0457766174641179,0.00929922655989814,0.9186545617980066,1.0640838543793238,-0.018540071116735564
1454,0.7742888884059531,0.8743838341467175,0.00535800578349684,0.12554632224062567,0.888924407139521,1.036569586734901,-0.016786595236789853,0.1306535035107084,0.9785953346079054,1.1925001757634937,-0.02646537747392525,0.06963801868813455,0.8842096674497947,0.9628736955314822,0.007477769495410814,0.7147115109243278,0.8228033974719076,0.004841531968817448,0.8009921912496563,1.068990359658195,0.02428660863930001,0.9011546563264323,1.0322284106575503,-0.024167811966891172
1455,0.7701899460202896,0.8151616538525022,-0.01112584933220623,0.12726903165077924,0.9034317273266295,1.0363254556177617,-0.018716643320404975,0.12236484600719098,0.9663923963447367,1.0047447310359134,-0.02611116887485944,0.06631227361670201,0.8867173081705751,0.916106636834658,-0.009166477701800893,0.7078079217223466,0.7582400093950789,-0.011321735097792517,0.8137559119916444,0.8753755737173085,0.030733310035949958,0.9153157973105533,1.0543275516458857,-0.02645564855164512
1456,0.7458409878999916,0.7469510300367923,0.0024769683789639015,0.13276658473670686,0.8828683179635113,0.8894629202270458,0.006485051975364621,0.12749173457766474,0.973656529798554,1.0235997873646807,-0.005116113591978355,0.054549705733408935,0.878925860205392,0.8418518014301403,0.0074766733829713375,0.6756233169848327,0.6915523531626717,0.0014651600521836245,0.8910769389847248,0.8082747625124843,-0.016544087312362406,0.884012191490346,0.903747064041777,0.011420566542704225
1457,0.7484285844019316,0.7699433098594598,0.012432450713490747,0.13218818782028482,0.8748763439983508,0.8851217482116781,0.006596460208434268,0.13212190132381754,0.9471023138270214,1.0026717589559513,0.01352721867270877,0.07795481842440777,0.8689361198992869,0.9121341522880013,0.0036042157016600933,0.6837093517335345,0.6985422778208276,0.013504706488988051,0.7936388366161791,0.8903060908752729,0.041455650613848996,0.8857316040132107,0.8830407699761151,0.0004728230933786197
1458,0.763668616755899,0.7109246307712732,0.012531476014820554,0.1277579246617253,0.8880188651387648,0.8205938652264617,0.02895104125089204,0.1280699132533914,0.9808104143749623,0.9950500162162579,0.019989078889764225,0.04939227234246513,0.8772823273214704,0.8121493433313618,0.012115842304367594,0.7018143852121014,0.6558008336409452,0.012253883168944055,0.7321380641842551,0.7674637118789993,0.039528671076508454,0.9071823675849493,0.8254637755479681,0.027567614325601054
1459,0.7757978510897302,0.7386250123953451,0.014701454375738505,0.12383629353228813,0.921620574502846,0.8858646194301181,0.02699993671646492,0.10629361910379395,0.9467530931580382,0.8916103199331906,0.015444854220192534,0.07843690859022541,0.8938732855259018,0.872104077143064,0.01793607487455305,0.7121172167683478,0.6685654310160822,0.013578906958092546,0.9183126668216354,0.9831430126366542,-0.007779271193015078,0.9237126784262699,0.8801599132191423,0.03189195373701929
1460,0.7559383536706316,0.7583577171689881,-0.005725915385355172,0.1309938154919975,0.8990371162739741,0.9567662963810878,-0.02866870196351163,0.12406524184322432,0.9704197354871921,0.8225464901500158,-0.015262926669502255,0.06965706799138803,0.8723202714925035,0.893266855905214,-0.0134359521521675,0.6933009744791869,0.6899581748747908,-0.004372553173178448,0.8676545112379469,0.9675192195352934,-0.05060402914968624,0.9030675182490878,0.9584584694401169,-0.025077849325599616
1461,0.7625758527264029,0.844647533372726,0.005639643838365604,0.12925649535936853,0.9089536529819539,1.1095427524860015,0.011311039924713528,0.12361146534595667,0.9632960484398668,1.1332088305499606,0.005619367968715369,0.07334083258543003,0.8732278988512856,0.9342511719747397,0.006404405374030728,0.7026805239285809,0.7931832264173274,0.005348173729125061,0.8271549526153421,0.9646734978112793,0.015309334672651657,0.9182546389685013,1.1277908763513036,0.011870299227554778
1462,0.7712969109257184,0.8167651104660391,0.0009350916129757873,0.12585439657531078,0.9275101634923846,0.9616537538159494,0.00025637859367273215,0.10024316711772543,0.9853532809322403,1.0500246635996053,-0.02237094722124541,0.04743984791640671,0.872602646533456,0.8958683700896385,0.008106969401165787,0.7162796095370334,0.7696601117847435,-0.000479108151309639,0.8375558697294991,0.8047007304655177,0.03551908182399582,0.9383760368849993,0.9790612650879383,-0.0048572450842768854
1463,0.7522640465716807,0.7105689289253968,0.013562865565404954,0.1314571363459669,0.8620439634477992,0.8237359062445085,0.021500537450074134,0.1405544932804209,0.9479546853013329,0.9190082013961183,-0.004219559686336875,0.07543732360783677,0.876719441207727,0.8700224320381807,0.010037974962952298,0.6861548812459987,0.6324888493805089,0.01352991881378917,0.7694882007635322,0.7672071477347141,0.04947494226083636,0.8727409661754777,0.8282265680442965,0.017015097555683
1464,0.7434852065235131,0.813222337724557,0.015553785828273322,0.1344462783775635,0.877576628431094,0.8969493271933381,0.018584638116944562,0.13139158333741952,0.9557471959742165,1.1070472501171273,0.04168594056231051,0.08554953004042357,0.8718235637270149,0.92020499733328,0.021851498660540675,0.6746463268392155,0.7508676272313994,0.01391217134127668,0.833571611877345,0.7572874484806473,-0.0014740484174204434,0.8848106674289088,0.9198196893870517,0.023724310217322554
1465,0.7652091724601828,0.7799115789061363,0.0041865771325176,0.12727647884725576,0.8938261461012659,0.9216255342511784,-0.003912464510862716,0.12186376967570463,0.9687227694763108,0.924358768894982,-0.02512706263195586,0.06424016686106726,0.8726204878427737,0.9209966378684767,0.012158265045694887,0.7073637598535906,0.7058165883304772,0.0024408418693117433,0.897756619006037,1.1476148016641374,0.037954394793112425,0.8992865421617305,0.9019315059124938,-0.012541852936637473
1466,0.7786226784722738,0.8187652268383067,0.01621903417647204,0.12399465456790597,0.9200137499296595,0.9099695046967703,0.049142727119728336,0.11546643893501539,0.9652146282794487,0.922042110026552,0.03885002420905094,0.07400202152920045,0.8921624130479212,0.9531739202215341,0.01195153503006984,0.7173956872844048,0.7495231487430033,0.016413306746955392,0.882677559729154,0.909697657360433,0.06922313249289457,0.9243903081858867,0.9085041749700702,0.04562029106811269
1467,0.7526577531614004,0.7105334689215381,0.014428561632173785,0.13141857594767503,0.9154949976466116,0.8581574446495411,0.0010627373531776408,0.10927456421664344,0.9538203147784795,0.792294780690799,0.006183209851943609,0.08212494243489525,0.8795774764737705,0.8485734675515073,0.014181754772431542,0.6851631816386007,0.6397825037605663,0.01392266348421779,0.9340601830417778,1.0385786442047626,-0.009267356550343398,0.9148055784956262,0.8418076079318011,0.0009423442319239988
1468,0.7490190345064291,0.7864926868569152,-0.0038095957404280243,0.13301035218679372,0.8976730795304186,0.9938379734526367,-0.032877221349659556,0.12675167405948762,0.9699906417312187,0.9312623218591938,-0.02190585252474684,0.06184771130980532,0.8702426112286958,0.8875537373342999,-0.01649034495176192,0.6847979472288129,0.733986796575411,-0.0014869684843945377,0.8423700529664626,0.8017979744461976,-0.05648453532456398,0.9080837066961825,1.0273860362965688,-0.026420132001912035
1469,0.7659080884532186,0.7698010817924313,-0.006902287264051434,0.12791393322821387,0.8787264559113577,0.8910809329391639,-0.03342389212759994,0.13702918344243445,0.9638076032953474,0.8967168782618966,-0.011920826778206434,0.06607062595763863,0.8687658195408879,0.8637472996509118,-0.005163234557087628,0.7096509560814148,0.717299370429815,-0.007185359359794316,0.8081655686186566,0.7060146413234605,-0.06163815079492274,0.8921342850841851,0.9252409744873447,-0.02609551550827552
1470,0.750835907813976,0.7898262503486688,0.019483286148974426,0.13280711276054544,0.907757017928007,0.9970580410745378,0.013143662816285841,0.11594871999589525,0.9616140058221303,0.8895658418425977,0.028675607505592525,0.07301414772684438,0.8703543977098732,0.9056573551313872,0.021098643135584096,0.686405049537023,0.7263982901288042,0.018619495617410834,0.8726282690795691,1.041067694299946,0.002609832941024363,0.9116875549084886,0.9936448434403041,0.014527095890277283
1471,0.7159996522439802,0.6031109986772885,0.02503012460589317,0.14500183090275967,0.8480948641552744,0.6639099631541211,0.050706072720119906,0.16421255009647182,0.902527723271697,0.6312544351193693,0.03634586091373807,0.13679264064594168,0.8711350622165708,0.8325709655079299,0.016025107798468788,0.6373444988524378,0.5040303450935122,0.025037810073188844,0.850362402502945,0.8514346549302253,0.03547896206436985,0.8506677192905815,0.6482887730159987,0.051487708957540665
1472,0.7658539480538837,0.8362984250768997,-0.0025456791458040866,0.12832597541823001,0.9028987401007829,0.9555577404173977,0.002414819315782356,0.1171920972053794,0.9791505817655071,1.0745149459673822,-0.016133709862994984,0.05413084405361058,0.871082142902391,0.9871567221928225,-0.00048805288290034994,0.7090089070094516,0.7586575341584227,-0.003045986623973204,0.8504794652244841,0.8396339702342046,0.03652323724887568,0.9094472631786222,0.9677735991021432,-0.0027636165821404847
1473,0.7677681677491619,0.786861066982796,0.008210331595317007,0.12600727184092372,0.8908762455363264,0.9243142703711207,0.019067241375385128,0.12464594944700498,0.9770593343703754,1.1605508645911955,0.016472148662317918,0.06446093838648032,0.8850829205039917,0.8924991681995532,0.011326773638634286,0.7042604881431396,0.7275000028734406,0.0073802926586376315,0.8388002868602086,0.9386714919286846,0.035311853155332355,0.8968897410715811,0.9214269501284514,0.016126396576524562
1474,0.7672002721071937,0.8639923967054031,0.005661207414037338,0.12817527561557895,0.909674026897721,1.067560172982902,-0.022493181718517413,0.12000822728612828,0.9592825949416702,1.1291172641287668,-0.015196258079491579,0.07725404950507006,0.8837076702906216,0.940629431699487,0.014113454555146314,0.7046303730182817,0.8158955152898008,0.003972711158733889,0.8750679562060123,1.1032390280051498,-0.02229821439383565,0.9134412922411076,1.0635893676127575,-0.022877686804600325
1475,0.7759211698229066,0.8598725896909907,0.0032069743037809835,0.124814671557491,0.927190812303128,0.9768368011960934,-0.001112242273951425,0.10083830061440698,0.9658301583777243,1.0547602521675634,0.013325608305799826,0.06492027096709038,0.8848225395274695,0.9708291863748556,-0.004208934912573139,0.7169301668542566,0.8012048898302099,0.004415303876651309,0.9238413305227906,1.0713051965449951,-0.0641419944001976,0.9321314454586315,0.9775953899636632,0.008215849081286542
1476,0.7560898915530192,0.7675649785628115,0.005225567617768598,0.13026802475962806,0.9123917159232575,0.9390287539309471,-0.017083104159535154,0.11268862189991709,0.9626219580938047,0.955882711027122,-0.02958212811456849,0.0706397560863867,0.8781605237261205,0.8554520579336897,0.004390485271087501,0.6916563232132434,0.7180761179182662,0.00524035844699473,0.892028928392328,0.7812189455213971,-0.0046502678742199495,0.9157188368624987,0.9594206540799508,-0.017707040376083588
1477,0.7653700667463502,0.7089095925440002,0.006220742651225558,0.1280709599470153,0.9200530032520404,0.8577023485816777,0.01570948663531562,0.10714286640822435,0.9545256899057775,0.8749073554664318,-0.003437088867062289,0.0730142367283547,0.8845789948688565,0.8345971962909368,0.010516211103197478,0.7013536475612584,0.6423665411674147,0.0050944114092599,0.9064690186404877,0.8062087994014582,0.043847652873468305,0.9221430298136217,0.8619604668070574,0.011158039475591916
1478,0.7549804930004855,0.8245446978961072,9.623477182316682e-06,0.1306342550924548,0.9089281675852968,0.9821609848653985,-0.004315848597133425,0.11371822915556962,0.9608448310054565,0.9743062668486706,0.0031773975401039644,0.06478112813389166,0.8761889622217439,0.9525736519796579,0.005661563454296849,0.6896733055086254,0.7536705670822091,-0.0011042727857839706,0.8381025224693288,0.9961679578091565,0.002224789562272009,0.9170813120505544,0.9800117248781214,-0.0055749016228112515
1479,0.7607226671136538,0.8788426477223366,0.006549464707455589,0.13087664650287184,0.8817259944880051,0.9694789566445691,0.018854753218935205,0.1315606724051435,0.9404139626179576,0.9905812062090991,0.00839652266016114,0.08153794543700216,0.882783829084637,1.038172188215846,0.0004628906311035686,0.69518178397311,0.7974169522310612,0.007284854845115043,0.8835402351032754,1.039656890726851,0.041968640778164354,0.8821526768370005,0.9609874312922683,0.014367501985087692
1480,0.7673241178059048,0.7192282874973195,0.016041318377525163,0.1273722672355691,0.9109735084301607,0.8032247449050466,0.0230016038289136,0.11653267661180626,0.9813690916406826,1.0051040906357875,0.024188584738565465,0.05102405916214532,0.864335017504181,0.8225870161779559,0.03237660181589389,0.7149377773866267,0.661115576733404,0.012535998730746095,0.7877100780782168,0.7499043064912199,0.04344732469094834,0.9256692999193039,0.8077077268359968,0.019847522220767893
1481,0.7700538963678912,0.7458272870528957,0.005049449614246267,0.12554546701360675,0.9135661559711542,0.9353574754451104,-0.008053239167898317,0.10983454304754728,0.9773962669579538,0.8893102122906628,-0.011743052579780528,0.05501527575823017,0.8759497512552505,0.8337612073613341,-0.00546042440293215,0.7131764814247599,0.7004708878056617,0.0068068609022490486,0.8783283271595407,0.8556799844791105,-0.0363943865386762,0.9195515047516785,0.9504889878810212,-0.002184800962050718
1482,0.7596293481599958,0.82771523085163,0.0043367381170350714,0.1300732781076885,0.8789586922122994,0.997014591024689,-0.030150615328752864,0.1379989024506903,0.9513646102865629,1.0455383073644426,-0.0120596005796507,0.07684037651882383,0.8678589385306393,0.9163649313853178,0.01082262516261024,0.7011019819043383,0.7755917794848622,0.002997723082967599,0.8277831683984953,1.2398428110445234,-0.039941584626145436,0.8880650070368309,0.9772318994972523,-0.031056018312014315
1483,0.7751526107486373,0.7986429536768754,0.0030656328724130294,0.12403703070314213,0.9159376517494122,0.9861768438969859,-0.02491482853083209,0.11203361129746947,0.9681159352636945,0.9988164555293493,-0.01213774251377359,0.06006675290258886,0.8788783916565367,0.8451948905262969,-0.0012511469572378902,0.7200092793867885,0.7719335467834761,0.003850880337120302,0.8173088162661146,0.6473481684659089,-0.006300534400333994,0.9325202252015191,1.0413548008304228,-0.025016768657060155
1484,0.7682163791972791,0.7589636789252887,0.0011193728655271237,0.12610146666223154,0.8982638270169232,0.9190558531833429,-0.017456111992484615,0.12068333854165313,0.9478334613822039,0.9922185479211681,-0.015100847625635364,0.0772186139078451,0.8869390640340069,0.8789581572283051,-0.015827293752771535,0.7052894563653362,0.7001715903728633,0.004025784612731701,0.8486282836450522,0.9201464298170635,-0.042585319335430624,0.9048442727015679,0.9224821501792321,-0.013197970229030204
1485,0.7802909939249972,0.7227857220157456,0.008847409939904282,0.1227009687864272,0.9255408989109424,0.8142795238345623,0.01663963368109406,0.10619645825132705,0.961920312849297,0.9589822235878231,0.012141652674675289,0.0651332651202429,0.9008918597358441,0.8378065372549388,0.009296340595703733,0.7159722966313271,0.66177520601766,0.008417327920411822,0.907135284747162,0.814669710518497,0.023019942891976855,0.9273171620517283,0.8136662014438422,0.015528333703252465
1486,0.7667422189391169,0.793914688613183,0.010301218964427145,0.1267783853268775,0.9021708619932847,0.9571270612904822,-0.006820829818222628,0.1178963248882645,0.9724401078610672,1.0833426620142386,0.005807044288445452,0.05996214871467351,0.8808099777143669,0.8666015615746795,0.014990422281239866,0.7058379942578139,0.7501636421179211,0.009230483747276972,0.875416505629348,0.7920801705660984,-0.0022248073115011878,0.9063636074288313,0.9794172093206125,-0.006057527724555705
1487,0.7462497906450425,0.7472093918951069,0.008708223480489831,0.1324174845498349,0.8725632335974527,0.8504347017591775,0.02086956772768412,0.13482525046868316,0.9692063870135765,0.9229716587420248,0.007022540940326082,0.05855406679983821,0.8611380157527616,0.9122693809817038,0.0009996078138653766,0.6849753682132845,0.6678724930166989,0.009517946936411033,0.7030717159799758,0.88204472167447,0.043198580018794,0.895363619886442,0.8463912201574754,0.016741446597310018
1488,0.7587080050079867,0.7511908355422402,-0.000910446508849787,0.12972661332243415,0.8928995277462062,0.9066938739701533,9.625574554609115e-05,0.12259250980272944,0.9790714361805152,0.9791256790623695,-0.011086037258036203,0.04865229986803815,0.8587165213024233,0.8447434500884609,0.00799993514166734,0.7038242119005836,0.6974303482398317,-0.0026202105339191385,0.8763571254548519,0.8617084935868511,0.006796881982048983,0.8943961803959446,0.9114309416665594,-0.0006437989465217166
1489,0.7768513176823447,0.8373152442956268,0.002361679741239538,0.12426629034238228,0.8840036012489033,0.9388406552184596,0.006741983731082168,0.12830939660613666,0.974199230472742,1.0319595995733515,-0.015164649364862027,0.05598150239556324,0.8830756755419497,0.9640800111542636,-0.004149102083926266,0.7191533572888069,0.771883719067344,0.0033459661288496824,0.8248854306528176,0.933338428072454,0.045812803203777834,0.8921527203678888,0.937653198218519,-5.22473768508994e-05
1490,0.7763839510365632,0.8410476726059061,0.015946867889907998,0.12476204348119785,0.9373510691451032,1.0044239713428005,0.015450921193935542,0.09515752991001125,0.9876712340614313,1.0517121654611152,0.007089099749204245,0.03955131619772809,0.8860837003060202,0.9539881863076897,0.012954814707661896,0.7165662481403391,0.7801524176505035,0.016056886498170518,0.8652766008339574,0.8851739864481958,0.03697136413006392,0.9457346416937256,1.0176145754429402,0.012549625222957743
1491,0.7695651883882991,0.7839918682618201,0.006194684584188788,0.12600008911888955,0.8828016119298056,0.9318579748978251,-0.0025992357182986954,0.12912605281326728,0.9180235981058522,0.9461194959910684,-0.002380184951741187,0.09537373964073009,0.8940506709027468,0.8984762297830595,0.0033373756144605866,0.7033460098218882,0.7225535017308164,0.006482240612057503,0.9659533200029786,1.1518112802285934,-0.04648877166629998,0.8757291007488297,0.9155385125887524,0.002106032502110965
1492,0.7750644477620285,0.7585266250663182,0.009200318138435491,0.12434593866557872,0.9093656020321876,0.8583430035425753,0.020817287474956585,0.1145328176920267,0.9632542626350385,0.9488113938930999,0.011577036919153991,0.06410161682765136,0.8929321990944638,0.8829851163032477,0.01273853234314216,0.7116076738287276,0.6918277679127666,0.008189643474207578,0.8402192534849223,0.7665926645742851,0.012327211490005938,0.9173956799830495,0.8708442153830248,0.023258600948523268
1493,0.7416157337980317,0.633041557935931,0.0045364404761621185,0.13583335540229427,0.9048952076958527,0.7327280534359407,-0.005412433654910889,0.12679054832243009,0.9422717690127611,0.8281996442532669,-0.021674307364252087,0.08682781975198617,0.8706256389052525,0.7977376111884907,0.005199718706006736,0.672955056789084,0.5528726577279465,0.003974421892597654,0.8831960630266213,0.7518431872143387,-0.016949045542891363,0.9074185900671315,0.7317486545057517,-0.0036545322647386345
1494,0.7402449956247708,0.8143178467289693,0.0024051441328712597,0.13598365684719663,0.8873885676676294,1.0492918466536896,-0.02656616927370973,0.13456500123291365,0.9304789684131246,1.0188875268606612,-0.00903666171819907,0.08996744189974121,0.881236181305507,0.907123335892905,0.012027197520450422,0.6668153993610627,0.7570961780205384,0.0005525727456396665,0.8802977299882603,0.9896591105590872,0.01689093269625295,0.8895228833392501,1.0542145199379738,-0.03376426103813436
1495,0.7703632629812551,0.745651402548037,0.008313453695756949,0.12547434269617297,0.9254463703833804,0.9275531287092172,0.012362290307298346,0.10156823787271725,0.9761790124860158,0.9803780833711118,0.026174422105220852,0.0569881365066286,0.8830167437397068,0.8262331081008814,0.012755752510503905,0.7097645250942913,0.6986758209394981,0.007281288311028666,0.8961102107135475,0.9821188369248478,0.0030688963993449293,0.928983124810883,0.9226163395752737,0.01341122007243408
1496,0.781936229543516,0.8056618048284951,0.015405535132985686,0.12266751908788225,0.9258973752195276,0.94575242378537,0.029893190338487773,0.10507006844913096,0.9776949257776306,1.086784045774587,0.022338945888563645,0.05863396483456779,0.894205581290205,0.9068061752073663,0.02029818309981573,0.7214017706598147,0.7486147651375061,0.01411646704145806,0.9165612914664828,0.8559288321068788,0.02181097097924222,0.9275469556922117,0.9583421037874027,0.03218350683325626
1497,0.7637429711071354,0.8116611061357818,0.003334600116922735,0.12817992592493413,0.901042802443802,0.9377876008983578,-0.0017510545632862824,0.11791392117758824,0.9721818910387392,1.0870177388047608,-0.019786368766959758,0.06317751220871853,0.8790936941390288,0.9157776954875705,0.004539377791668009,0.7013714385593817,0.7533242858074962,0.002985358353145588,0.8323918501533144,0.6729978495864882,0.03454666166619051,0.9123051291645898,0.9759283696619596,-0.006271459209007889
1498,0.7358716305133293,0.7734816190505841,-0.0012827299206947258,0.13555749329687225,0.8732787468158771,0.9272646463172985,-0.03484069997294197,0.13920854658744508,0.9532348597271155,0.927471118142514,-0.023549285889872866,0.07555083799583726,0.8643459962705438,0.9358928115120505,-0.0022758021264021474,0.6674085124268755,0.690927229987392,-0.001257879663908174,0.8324826788374117,0.8686511491114536,0.012311972195008661,0.8794926086761502,0.9322731132375626,-0.04270906818807009
1499,0.7558276721081492,0.7573984415363064,0.020771217640044144,0.13095901427043577,0.9071361208284486,0.8968020306546282,0.053211634942093605,0.12460033059931373,0.9511116475802146,1.0111301548985943,0.03452399183852577,0.08174531287591427,0.889148928568227,0.8997240623878912,0.026543816884209252,0.6852367137119421,0.6820222937893906,0.01898318969279833,0.9061784974741114,0.9115815955301856,0.05526687476776009,0.9069594934649122,0.8949946021109677,0.0527370676343817
1500,0.7720125168963552,0.7508232815849513,0.0005509990701071235,0.12530909291046163,0.9157006458660201,0.8706212841568426,0.012331175923783492,0.10864712633693754,0.9804048120694716,1.1196971012935002,-0.0018453527581404512,0.05492254974955086,0.8830500715117999,0.8650453915872296,-0.00535021459590623,0.7117793871271381,0.6912758336970809,0.0014803244845282594,0.914444747257729,0.852164126717689,0.013793081297675642,0.9155760698502238,0.8726665698430214,0.012257012206463417
1501,0.7643531527958942,0.7371835348321942,0.01312559658851306,0.12775821421146608,0.8694389806110936,0.8268109640159294,0.03763968174033889,0.1404770811447769,0.9317632003231561,0.8979443846938114,0.002605572899996364,0.0867504546953336,0.8903856491923889,0.8511788901178579,0.012708591492108411,0.6973591774441756,0.676029712631746,0.012778140016429254,0.9076435136376514,0.8525701977078832,0.03401232642566658,0.8651031682934559,0.8242809494278818,0.038034673841757315
1502,0.7468338587331114,0.6982809325613106,0.01794099817199314,0.13303870804317042,0.8717893850079943,0.8276871568741541,0.024189638143547576,0.13603250603294761,0.9666096617083265,0.8271272297972562,0.03217803084217143,0.07680703991548299,0.879388655027417,0.8405487322403076,0.013853863735713534,0.6766549400033927,0.6266823218081449,0.017955518698277134,0.8620973807902989,0.8693437705081797,0.047864375877866364,0.8733551042632,0.821976674039883,0.019765330359477824
1503,0.7820396522114372,0.7856291989722655,0.003215945700290072,0.12212466531587475,0.9302245811949674,0.925119856907862,-0.00377897434120224,0.09825226073736329,0.9753514842742488,1.0776940980074488,-0.010649275139587801,0.05725750114115363,0.8860385838044795,0.8662725071164574,-0.001846486234950337,0.7257961127638648,0.741623700196764,0.004046336693696976,0.8679319837924787,0.8502181911210207,-0.014306069337739128,0.9374783159809408,0.9357533967055781,-0.0011316630274037303
1504,0.7670486894215911,0.7636095232221344,0.018176619942075804,0.12720679035634536,0.9119080202419942,0.9333165430162846,0.014680293110375685,0.11131789403523183,0.9522493568683637,0.9295760044351767,0.024635851087049663,0.07648698010808722,0.8987105134075895,0.9028374154209626,0.025354846203849916,0.6977404516862723,0.6896881984405135,0.016218998331100833,0.8595042666082511,0.8506296863818744,0.04806817348508902,0.9183333407591024,0.9408590482952921,0.009393948097283266
1505,0.7570436853765856,0.6935083793629104,0.015125436312939458,0.13024303302085632,0.8988693257814742,0.8116132689656681,0.021449568400525174,0.12189333871713394,0.9881713095998359,0.8576079631244237,0.020365826312045775,0.05241755418304848,0.870123907042279,0.8278819078201886,0.020170825134313505,0.6958771085260592,0.6238592327676681,0.013622628050025365,0.7846642635816454,0.8255394279357814,0.04849455145582212,0.9140218496054102,0.8087917060660147,0.016628193829770516
1506,0.7416903262696196,0.7067650378004461,0.018347314330696505,0.13519326288975894,0.866416240477417,0.7903254582141437,0.051631848183824505,0.14770587925998604,0.9060446643346755,0.9341591956354742,0.06159833416905652,0.12058651323330367,0.8895332648058849,0.8491993949884569,0.00690440371515454,0.665178255897567,0.636133720209502,0.019687174679156944,0.8617123580658828,0.8601796487678975,0.016589546211633898,0.8687811373818737,0.7876922975748446,0.05690910712819604
1507,0.7739996803126601,0.7988175556340116,9.213786020220426e-06,0.12466682297413312,0.9074124824209406,0.959049070338463,-0.003955456087212408,0.11414773086211108,0.9637750794771002,0.9684846274904241,-0.0036268228576422706,0.0626167735203037,0.885154314280545,0.9320503222800225,-0.014029704318023606,0.7147566346957634,0.7337177239760497,0.00235556723719378,0.8318922282539695,0.9266087863864291,-0.009915337366683414,0.9158549524385458,0.9635044488766978,-0.00258568930601828
1508,0.7804422824929863,0.7958359951628925,0.0031772996727826783,0.12248008683486065,0.893613160026095,0.8956759199299082,0.0012836093386435004,0.12183896825681224,0.9713937894971343,0.8639671521299411,-0.005376967663222968,0.06203673577255592,0.8899949577657348,0.9555385199767489,0.0010505170737096458,0.721832460540551,0.7166457575560767,0.003215871630631139,0.810405728301835,0.8695871490091811,0.03246294876244762,0.9039572565636421,0.8967592920837617,-0.00396606925951295
1509,0.7546298678987546,0.7709561378458633,0.014810272043260462,0.13087834288647887,0.8779291753881777,0.8754793061023699,0.023508257269590705,0.13273358910266206,0.9444481337727187,0.9326607760231577,0.021912636994411174,0.08098064466210313,0.8639772715564721,0.8708545683619424,0.026033122446746937,0.6955330052220269,0.7133748685706892,0.012320907207429378,0.7928640376108288,0.6415111789744222,0.04223712448232531,0.8893090631066806,0.9078707454214433,0.022163115256810032
1510,0.752335745645091,0.6979401618258293,0.004106201234582295,0.13163828275589598,0.8979619959576308,0.7897965470274473,0.004320561639511683,0.12328681354636976,0.9733137152499679,0.9300501066283996,-0.0038139859283531793,0.05458049698641632,0.8673173533752822,0.8098779200178601,0.005242489265091127,0.6899084442343403,0.6378189505376143,0.0036954164098307344,0.8529158880284614,0.6496972280417878,-0.025935174836387468,0.907574647291146,0.8142589494385667,0.011424359509394924
1511,0.776459898741449,0.8434990351569434,0.004712515292675131,0.12416807181616936,0.8945491339419535,0.9165949014519797,0.018583464814583624,0.12218231678817805,0.9648380036517014,1.0360064049986022,0.0025186647404399857,0.06347453618918261,0.881382119500804,0.938480908705205,0.017845302146848457,0.7198236781959675,0.7871028643643307,0.0021355500664989196,0.8069976492651768,0.6455883032531633,0.011272790210672734,0.9092661595661025,0.9616358123664546,0.022958268683690285
1512,0.7650909631526298,0.7466410546453794,0.0003724765513326602,0.12730977667348845,0.9019857692393027,0.877049745362294,-0.02038223152926412,0.11988637033648519,0.9736710545151472,1.0743662957232223,-0.028138778384504518,0.06345317091894219,0.879650633999169,0.8254914392491639,-0.003465194265943053,0.7034645147460857,0.7024308476061858,0.001033070203494931,0.8594663470600092,0.7134608040183957,-0.0008076829850385259,0.9075953888897424,0.8976064981054398,-0.022265213741803885
1513,0.7642851886013927,0.7893734418001112,8.757726214234306e-05,0.1264752940702664,0.9033271903086313,0.9697122985928327,-0.03618829303926925,0.12245459166444653,0.9579619244835088,0.9045061023057984,-0.018843892331897497,0.07119118317926604,0.8775582715754257,0.8911381547162204,-0.009909410435585218,0.7027948709850406,0.7356335667463219,0.0018632588445197554,0.8841097590202739,1.1714732702856223,-0.08478996973190145,0.9085141359523837,0.9566352298947172,-0.03089977364680814
1514,0.7399506238086841,0.7447829076873456,0.017826391300638688,0.13533416712743337,0.8749069277606618,0.8463891303748148,0.03923922871941101,0.13781302768747622,0.9254926389714062,0.8914614652753852,0.03499573651568165,0.09801840358396635,0.8771571177843878,0.8977253329448577,0.01942126188753965,0.6676463263962441,0.666118274318213,0.016824178531190528,0.8746232141675561,0.835110675423075,0.04124673738425419,0.8745152989205541,0.8474919411972536,0.038990363862169745
1515,0.7420346868462765,0.7194778589398777,0.006103193426915034,0.13438183224945446,0.8840795123399976,0.8479142708981557,-0.016240254627558518,0.12986376136192518,0.9267634920529322,0.9071186895989733,-0.003853165002882164,0.08983116252612458,0.855560727951363,0.7964122328637014,0.009185359436992382,0.680884056816584,0.6744538565251577,0.005376431757782289,0.8269008382637051,0.6795944386232762,-0.027415212945136415,0.8928622671462975,0.8735410288568582,-0.012304527189086225
1516,0.7806584189896716,0.8431370223361105,0.014021581301468007,0.12368180292605584,0.9110836171609888,0.9606674305567808,0.00022480260577510002,0.11174704693780416,0.9477017521539074,1.0059161824583807,0.021368843391946665,0.07947705389627432,0.9003813621646772,0.9724022164329481,0.010607238619351688,0.7162561210625333,0.7747579015410895,0.014164243926966661,0.8748237854348937,1.0161757564977807,-0.02031753586567128,0.9156739052362229,0.9573340012400711,0.0031059349936135394
1517,0.7754658966257197,0.9048795535258615,-0.003536590960510556,0.1266272459718875,0.9049247257699392,1.115863344873922,-0.015026166344824328,0.12624063563227353,0.9788044574809024,1.273618098940995,-0.018175346612663356,0.0776528395132458,0.8856719856973997,1.011064046374969,-0.009500756559755052,0.7155587311791696,0.8469554674010988,-0.002431185930371121,0.8690220414184996,1.1147102173041519,-0.015745225911717873,0.9085173041942007,1.116079523289166,-0.014891678663306387
1518,0.7802742529277097,0.6758441718259695,0.012367552297991935,0.12445334213258673,0.9002109918102077,0.775961669647575,-0.005065638705325016,0.12419967622350928,0.9557734616050103,0.7970123347842923,0.005333781061988253,0.07999455807381617,0.8830346715783164,0.793394590285194,0.016148415316461613,0.7239630959697929,0.6141264028774519,0.011189543583328765,0.8862054080024805,0.7380902130296634,-0.018895656226239177,0.9022413310217176,0.7821595228418428,-0.002249158941706184
1519,0.7625422490374972,0.8370810616327399,0.012803981793650823,0.12931593090866686,0.8861778675371064,0.9560846107317179,0.03129601467334071,0.13125821540756433,0.9811652229252753,1.070821939802648,0.022153798254476602,0.05356609837155289,0.8713250009644065,0.9448595999517512,0.01733017245792726,0.7031790332143412,0.7763312641822604,0.011596130421692991,0.7537276116567699,0.7504797295939798,0.05542534793262669,0.901509764568907,0.9808237241138985,0.02850787344298864
1520,0.7732106838759962,0.7943206773590773,0.005748613278588304,0.1246059875723415,0.8879341964259007,0.8248687374531882,-0.0030066958388846356,0.12739534025262403,0.9513415294036801,1.0602622531138541,0.006642054423604718,0.07593328183044251,0.8747777749366027,0.9296152328390189,0.00481164818825344,0.7180770678305216,0.7250215402526258,0.005590238960501222,0.7433866566218685,0.7921535828217424,-0.01774477560928052,0.9063353904217175,0.8302732417125952,-7.996383807380647e-05
1521,0.7547523788164336,0.7564152786032514,0.006201258045075326,0.1304051747218926,0.877287640356782,0.9353847751083301,-0.014356621480406288,0.13351345729720077,0.9536274233244207,0.9563553849087024,0.013062462056046298,0.07260636288209925,0.8745477233360472,0.8357492366579383,0.00591001691726286,0.6913746348338389,0.7109941153989258,0.006102689247695036,0.7803461102223358,0.6006694238759561,-0.016563558911586177,0.8960770198049353,0.9953809173016329,-0.010279982665432317
1522,0.761054283990482,0.7662644497411252,0.009360227046643509,0.12873656131995348,0.8833059643309982,0.9189270794824531,0.0193553821389735,0.12962799979398332,0.9619365374114661,0.9779251037149639,0.018335422741163118,0.06670125773175178,0.8834096193180588,0.8693969514796696,-0.0012567423090073199,0.6964146065111629,0.7127868809240429,0.011038909140720024,0.8678303144993355,0.8153075570952275,-0.01010015047721568,0.8878557190193106,0.9381691314331424,0.025742733735231258
1523,0.7669264476403697,0.7776219619938969,0.0035255503402007097,0.12679774019980905,0.9112128218134132,0.9604507247605176,0.022286478176426747,0.1139194460465887,0.9475730782747378,1.0891214461406915,-0.004196437888581922,0.08228456634622357,0.8812676538343233,0.8463794886438515,0.0063453335801643305,0.7063029354210159,0.7366492513920614,0.002911921166605567,0.9114540381534233,0.9019119200592558,0.01577564181967028,0.9113851865184478,0.9684633784792376,0.02398786681264205
1524,0.7330537658841313,0.6985727252161236,0.009557841495768627,0.13652490828565247,0.8568970676317309,0.7985532714772946,0.014309265164332284,0.1435750583901138,0.8950395109809925,0.7951947988128102,0.0027071997834172915,0.11059604002890505,0.8702177629999794,0.8631200371625382,0.009872856461458397,0.6604117466476491,0.6162983034404771,0.008984047794807508,0.8881215171977422,0.766648283169066,0.0692106582243479,0.8570359482071118,0.8007465307205525,0.004822926261648526
1525,0.7592958644536184,0.8128517649241414,-0.0015243983961404218,0.12933404649865526,0.8756956968218255,0.9387750616798168,-0.00732732365289528,0.132982811452374,0.9209427788909264,0.9082407380411702,0.010189832659412831,0.09363627977078783,0.8834749468371501,0.9670056974502732,-0.004129465585546738,0.6929090716596737,0.7337441703847213,-0.0011898045784423047,0.834409923258673,0.8215343241051606,0.010576004450815205,0.8802783469198818,0.9522812247427577,-0.009415205258329954
1526,0.7740948669091285,0.7099749938169195,0.008063517613908524,0.12525919207190633,0.9137133817982269,0.875456121675221,0.003310230897870649,0.11001642078739031,0.9693777560706281,0.9226833366048643,-0.0025294311288729205,0.05842001354165443,0.8848468762489148,0.7904568415016082,0.0103659514806208,0.7142628866214252,0.6641194364838129,0.0074214499825127995,0.9091855934744519,0.768534123555094,0.029743647725462254,0.9151343957406122,0.8871534187458108,-0.0004926335226872837
1527,0.7469752571126209,0.8752892323777035,-0.001220393746870906,0.13410791501742578,0.8998257534258908,1.0841678703513824,-0.016591299082721032,0.12657381525303785,0.9184447213303321,1.2122414264940637,-0.02029276590200874,0.11390837981521833,0.8864489683167656,0.9556830956894503,0.0070996458189543045,0.6744287036433059,0.8236245058780366,-0.002710403714608888,0.9112260269750689,0.9718325760010372,0.005949552170963319,0.899195918413433,1.0971478091667999,-0.019659776361228048
1528,0.7476777604062625,0.7105325286625941,0.012521536040152702,0.13261316705526385,0.896387242291644,0.8398466668406143,0.008314619348377114,0.12119627849910268,0.9634136315639559,0.7516138934435452,0.011549397320210382,0.08518495757731674,0.8809803970781094,0.8787278553562199,0.016903502397344866,0.6776114503854032,0.6268593884470077,0.01111522007642068,0.8354719013729802,0.9312234260345398,0.006087546636920644,0.9045449651437919,0.831026562963258,0.007801667255039761
1529,0.7540642652282459,0.8894959010187539,0.006283343371081364,0.1334527997163718,0.8912401232016035,1.1035364445049682,0.002921883324182602,0.1340715029018142,0.9392854819961203,1.2168495636856425,0.013431954235927438,0.1003831426403671,0.8814067543396293,0.9679246736215906,0.00802039143427592,0.6867758873707337,0.8415728610818096,0.005867344535996705,0.8930733583686793,0.9549138206736341,-0.009769554351271586,0.8929360146929471,1.1268648997621826,0.0066211968078854835
1530,0.7591621642038786,0.7561965032027907,0.009231339138429334,0.1290062851562903,0.8842588716646113,0.9077978496270518,0.0075013599168206576,0.1280010237134829,0.9542175976322541,0.8437075786927136,0.03396326307201585,0.08431546382388534,0.8761829990456286,0.8550093765514379,0.007683573325321999,0.696355069900793,0.7020087775025342,0.00926553300712163,0.8733052327621327,0.8269018366781534,-0.0010312888518151453,0.8859633041745338,0.9192621483127554,0.009838070379413642
1531,0.7684064176267924,0.7850495720546457,0.0025270553042328926,0.12653836811254315,0.9086662648503327,0.9363993183501151,-0.022772607057607478,0.11596692536290047,0.9771287524197815,0.9431929118331148,-0.014644210624163887,0.05240303526361645,0.8777317385654714,0.8834368905422934,0.0041656862232386585,0.7089937568190341,0.7300662944141477,0.0020854204825453294,0.8488415228546528,0.7794775599620246,-0.03122993163516504,0.9168022107469191,0.9594702761838055,-0.01950769296169862
1532,0.7817780805467537,0.7266855505619322,0.01022914434299528,0.12259732290277062,0.9278275152422137,0.8767207221967875,0.003294355341914982,0.10054107937047295,0.9831240849668884,0.8593341593540352,0.01124245310603613,0.05353713727310702,0.8927582952770529,0.8803395081742792,0.01310402383442546,0.7224229437210334,0.6498915465423352,0.00915996992457374,0.9232852650037726,1.026239562301202,0.006017588206980392,0.9297779881267819,0.8620357720104511,0.0014576337145946457
1533,0.7645579518104976,0.7318865303801361,0.0010715367409806524,0.12761305336685755,0.8938268230724311,0.9015077503572985,-0.02523241990321124,0.12535725689173555,0.9480683929158639,0.7598702905025438,-0.028118378061494677,0.0952225687281015,0.8917874283512842,0.881019638453715,0.009605009514615593,0.6970237087212195,0.6539049499057698,-0.000699700475250418,0.8455970685371208,0.9014612184698776,0.03943207533406972,0.9045396651477416,0.900659424972967,-0.03659528644742778
1534,0.7599303967745276,0.6897136425718614,0.012204263447446599,0.12970118662722732,0.909533189195668,0.8418084955807775,0.016012480639409774,0.1141821060135533,0.9788925327996231,0.9125135890617257,0.01071417076113226,0.05126411222041021,0.889787056288186,0.8504957389317443,0.011613297837404878,0.6910724691860669,0.6104021609385996,0.011694923585828434,0.8810803153256495,0.8868498546015197,0.018917279453712774,0.9127529959729174,0.8367420193706266,0.015080919395883489
1535,0.7695818939415046,0.7265770146546212,0.013105965576954526,0.1263931871917031,0.9006396615506944,0.9047690873726613,0.020085686918294942,0.11881558274289392,0.9259652105722012,0.7790929180954945,0.007665967746679579,0.09838564758516756,0.8830316163780744,0.8870719839430666,0.007320685419974617,0.7091997880962598,0.6493624190680329,0.013464700772385364,0.8493004964566351,1.0188204580566542,0.052912421155525524,0.9093967007036686,0.8932004329137783,0.013679985479195623
1536,0.7711952318724862,0.7474745332195852,0.009127321111590371,0.12566509422089558,0.8875181300914505,0.8497682780168462,0.034492946975901495,0.12982937670432387,0.9787775496245277,1.0251774803097158,0.007006547845766299,0.04932144402413532,0.8711588902491052,0.8599117680842333,0.012446273246513997,0.7162761583097256,0.6870714623309679,0.008167793379103245,0.7608939342194702,0.8700841348805936,0.07199747841691857,0.9058627814516659,0.846183225053887,0.027806688009445038
1537,0.7605772859143153,0.7908411899226326,0.004426488555726371,0.12862546613196119,0.9101601550309896,0.9295702732817199,0.004596079197325905,0.11192215726145774,0.9379393575845504,1.1007084813216248,-0.006940095860197558,0.09025169121030259,0.8741147626676598,0.9188881997848025,-0.0069943966835417735,0.7001094970873765,0.7270433334861812,0.006246864154824556,0.7402741528907961,0.7876798159941769,-0.01638032789400521,0.9320479584515013,0.9507571244598418,0.009944376188376647
1538,0.7780703468640029,0.824615793300369,0.005233930173317278,0.12357809416806124,0.906543559982316,0.9456457338380178,0.014281781447882537,0.11496715352568031,0.9831177640950278,1.080249961036585,-0.012563215547098116,0.04904338387628706,0.8709612418364809,0.9059523912653654,0.009069495298827243,0.7265077046793484,0.7773781879873304,0.004368692197052809,0.8304043217871904,0.8996608798316923,0.05749848272788453,0.9169890024120574,0.9488337075278366,0.006969537009243324
1539,0.7609322075814386,0.7858600469671293,0.014147195549272231,0.1285829497890372,0.8823153482280846,0.8510389674659516,0.03696293183034911,0.1328480244756711,0.9735472528738195,1.0202244503962272,0.036958368263294746,0.06536572374661705,0.8704232759836699,0.8791589568312135,0.017903349007123166,0.7012820514856944,0.7325229942981267,0.013097973418315846,0.8275376622988809,0.7342734500828136,0.05382221436399634,0.8883769076718282,0.8642659471714884,0.03492168614508398
1540,0.7758421253997725,0.8308308538261382,0.00747843634443541,0.12453091547748639,0.9190113297069842,1.0469742119892602,-0.005839798490767149,0.11046653376948984,0.9800962236653776,1.024702148769289,-0.009389577863427683,0.04820704762043452,0.8857282493693859,0.938662323838141,0.01391376110588501,0.7163655089285439,0.7699606607749553,0.006045755965214528,0.9025097083808212,1.094764743510721,0.03254642987481948,0.9227147470966092,1.040532764298098,-0.012822792304172357
1541,0.752643138139953,0.79732709860187,0.002364005930297276,0.1309626474375882,0.9158505896538901,1.0322110570570195,-0.010437948024626656,0.11151036313935317,0.9641165347418366,0.9651399991412013,-0.020475938861427956,0.06544638736747375,0.8753338318508618,0.9148707178451214,0.0034190556871420284,0.6864146902401226,0.7323554628564877,0.0020350281503919354,0.8485336926593681,0.9441369244947401,0.03293469108128288,0.9246623943807915,1.0401497780846445,-0.01747149182230309
1542,0.7547690417355372,0.7868039474505448,-0.005627146291432418,0.13094592915016295,0.8687230060188429,0.969618847764999,-0.033914960206495245,0.1433795794258,0.9405938684028622,0.9824429300618509,-0.0426189293470688,0.09192897071884813,0.8716517579172907,0.84630757623366,-0.0022877251454938383,0.6928046834291492,0.7496592656678638,-0.006183715425389849,0.7999314805939728,0.8756029701165731,-0.02896158992373491,0.875982206343085,0.9806507067940484,-0.03377578098294774
1543,0.7654614934196687,0.8000835863503484,-0.013959817747340085,0.12944658345490584,0.901562701778739,1.0286627499310517,-0.04180969212211962,0.12854148531746545,0.9387501361037239,0.9222934094550188,-0.041814604940798146,0.09290904106849285,0.8812755041318404,0.8911821486796079,-0.005350245504951843,0.7033061752889532,0.7458982848387703,-0.015311982002716966,0.8361948047282708,1.0433840608309781,0.027862373946160684,0.9149897067455017,1.0274084015956655,-0.05418616530094046
1544,0.7641871906304334,0.6634275343334082,0.00026605244183961727,0.1302256450732603,0.9022128900200879,0.7473825692171553,-0.0033481874188545325,0.126977057189484,0.9792381583984762,0.925009055958691,0.004213203732167419,0.04913957001015774,0.8719057712639398,0.7817234430778909,-0.0026909242274909466,0.7056086105775476,0.6029652246521453,0.0006149722701723937,0.7855334131869983,0.6686968031534211,-0.04780429051873893,0.9214343503962957,0.7655008233996671,0.005497187575786201
1545,0.765751720959253,0.7861823314954622,0.0037030418177671533,0.126972355802956,0.8986306400397761,0.8552550454845547,0.02823982643119875,0.12168810918662708,0.970348506207195,1.0279926916663984,0.006719731108582806,0.0584028252414863,0.8840264324321137,0.9451694666514713,-0.004377771034241159,0.7027515519398113,0.7082724689625499,0.004792179189307699,0.8609810198728018,0.7612291365626935,0.05242173849098038,0.9029964751568335,0.8648957095763555,0.024697608170081178
1546,0.748788910818592,0.7161939108843882,0.0004084824950673877,0.13267534244750986,0.8882535735315975,0.8628407928696206,-0.005996821227892468,0.12577352659416105,0.9690668079023844,0.9304451298088832,-0.01960867626250457,0.06180919481216066,0.8655303137917638,0.8261688129944657,-0.0021854777922617956,0.6858433216526647,0.657620295546738,0.0007592040804197032,0.8767893867290476,0.7594046308159663,0.016017530982373324,0.8899579450764761,0.8742463714451402,-0.008964669429454683
1547,0.7801157568385025,0.8121789140145074,0.005985555680803101,0.12255533019584827,0.9005416164444728,0.9374069387707545,-0.0024880266391525993,0.11838585625227536,0.9662326507508746,1.0157392302509893,-0.0017535844159100639,0.061546594879612004,0.8833510417584424,0.8911252745683285,-0.0013254985525303035,0.7243539061218087,0.7696702868957495,0.007196102885723935,0.8111651371902774,0.73395296582761,-0.0006039305945594424,0.9122787869839188,0.967311542805199,-0.0006365421132695048
1548,0.7607390082911138,0.7337897066752319,0.011944875546433649,0.12858145147716968,0.9155435508013554,0.9322386708568124,-0.006220526587832734,0.10833797378236024,0.9681836338811184,0.8866158530030992,0.005221401871964245,0.06223667516308409,0.8790671837975157,0.8197585830694855,0.015323668523645568,0.6976306112887563,0.6845454810777185,0.011035194126086662,0.9133404390694576,0.8818611779379076,-0.050402193841124446,0.9197193362145316,0.9464665831999527,0.001982988039428469
1549,0.7626681934319527,0.776622226663079,0.008136778595459259,0.12814450601864952,0.9125705198768805,0.8923074180132299,-0.0021344125766976562,0.11054527270415718,0.9779105178194176,0.9996171264073264,-0.0178225624609034,0.0517941729371787,0.8909743885911162,0.9115310727228272,0.0058457487700793315,0.694492506071692,0.7060946306330734,0.008229212333446983,0.8672425829622727,0.7651165351480345,0.01984478019345541,0.91803341793434,0.9071206980515915,-0.0049132789826318085
1550,0.7388965426173251,0.8791663720622908,-0.003158330865342982,0.13805409526027956,0.8771133987532218,1.0092649356413401,-0.02300593226674965,0.13723554372608293,0.9365093315569174,1.0456340584563741,-0.019361290777164804,0.08841697885142749,0.8647204517536712,1.002880845796119,0.0017838592642165903,0.6713442821431405,0.8085603228427596,-0.004019968370364692,0.7778653538520682,0.7817431051463897,0.005442085022555232,0.889314048839922,1.0391366580671744,-0.026095622893842495
1551,0.7728934356762157,0.7580224131359959,0.010681101722590708,0.1246286575232523,0.9011714592268507,0.9248037357044421,0.017302593212087575,0.11759357143736307,0.9544064118417657,1.0687602323009295,0.02200796397271822,0.07800162173939534,0.8847005219230283,0.8382031347002146,0.017990667369526543,0.7126024956326632,0.7103327624106642,0.009072912795762245,0.8756329428322887,0.9569581804654069,0.00457756698004263,0.9040793517675411,0.9227947337358879,0.019163264081703737
1552,0.7466323303157869,0.7560182149085815,0.009199423010272897,0.13267187332454916,0.8755730782046067,0.8019113520620453,0.023553279924432655,0.13562360270496926,0.9449704035569144,0.9858770219928469,0.010515663825126422,0.0781357099434824,0.8760636204989632,0.8865670576774705,0.018255076946190853,0.6778192929551422,0.6844975802576957,0.007151939621320239,0.8811971120533731,0.589688195155316,0.02846791884179718,0.8800106463993224,0.8345299576174745,0.024848308250379564
1553,0.7569867801703711,0.6646458947158124,0.019551070445361914,0.13170080820944097,0.9095107455542137,0.7320032358086123,0.014476381748271058,0.1248008086703365,0.9573408764667811,0.7099504322158127,0.022791743719271628,0.09970139074482724,0.8848385888657936,0.8368688430360328,0.0157415792879938,0.6898766167263538,0.5833708423493088,0.01927379587231371,0.7871053789073301,0.767133040211005,-0.009404086263378325,0.9269654269183285,0.7311211268771339,0.018128745981195425
1554,0.7700755171675044,0.6774093165256644,0.00548280226666333,0.12686921926385572,0.918019005473296,0.8349272766728681,-0.005832609838933914,0.1095212151979217,0.9922044624158177,0.8153188828809418,-0.009046508185832598,0.05420091089275544,0.8754083411667851,0.7801394319653784,0.011525463543774048,0.7123279039298426,0.6210352941358582,0.0041222094483849775,0.7793889549173806,0.741675269703738,0.004599742796676202,0.9341949127212179,0.8451416515507214,-0.006702687097012002
1555,0.7432721940261663,0.7037072441940014,0.010070237044804366,0.13373123711607807,0.9106161943128053,0.8169409876471851,0.002650732514357494,0.1146725163131588,0.9674295928756959,0.8634163295152276,0.0013705234296587667,0.06475881562663682,0.8734320759568472,0.8251855353617428,0.008474567092272399,0.6743683900700241,0.6398353900445775,0.00996592318809287,0.8905991035306954,0.7376845253864583,-0.018421243391995325,0.9144770130500197,0.829843774007344,0.007239025306956785
1556,0.7464513641550243,0.7363886185215682,0.003054434605585455,0.1331771545894124,0.8975890388386568,0.8929136616968584,-0.011314467457430205,0.12061559411019984,0.9554350384394076,0.9878582887793927,-0.015362419778174265,0.07165803624865652,0.8642486903161622,0.8389383501738311,0.004054264275334258,0.6831277278910761,0.6798081797642946,0.002727275103076224,0.836466459128435,0.744368186162891,-0.0012327471811880023,0.9047659547989522,0.9118988544617489,-0.011578689662500093
1557,0.7653490945757504,0.764258427153903,0.010505939075271666,0.1272899238852846,0.9114558023881327,0.8792957773783385,-0.004209875968937623,0.11177774460225783,0.9816358352774134,0.8617130471359317,0.0015596855477869548,0.05376406364272535,0.8746677151669265,0.8824673249491086,0.013278391197440191,0.7061776418100472,0.7010281494788324,0.009593008947014295,0.8893841152778051,0.823735548268687,-0.0349470091268233,0.9160500478931184,0.8911627965518154,0.0017759255169422453
1558,0.758024682781709,0.6017791501598798,0.003912745055902725,0.13423986823443657,0.9046629666494861,0.7555570524295876,-0.011719064554014095,0.12518911541020927,0.9767950325615745,0.792429506243866,-0.019507261630937328,0.07161026949568665,0.8836790875344936,0.726706204445918,0.010669310372640713,0.6901602922959559,0.5360624208707668,0.0024067426416441054,0.9008229248575234,0.8269641287924352,-0.02739477232667066,0.9054797341914151,0.7494522496761886,-0.009920400517947374
1559,0.7825460348901537,0.7027863655967226,-0.001778351128255197,0.1240284767891299,0.9019870516568087,0.8075029086990511,-0.003659932446364864,0.12049991794903772,0.969811629861178,0.8836215120202323,-0.013373713577424274,0.06249103698710147,0.8890284479081517,0.8021408236612084,0.0011906634314791968,0.7243641140197922,0.6482599247508991,-0.002406430349366786,0.7897776258386014,0.6886326366659923,-0.011174008761182448,0.9155630758337069,0.8241686203588406,-0.0009463657302130888
1560,0.7488835958430408,0.7628058306758572,0.01219901607351249,0.13261797921758872,0.8565883005426448,0.8562174367578788,0.014572224634711008,0.14350220343446346,0.9632922773589004,0.9629661892896094,-0.0004639079503744379,0.06281314667526551,0.8770845993831592,0.9305985589521595,0.012145981483691561,0.6809573298025131,0.679109654836339,0.011577130628871697,0.807416728129911,0.9140097472089862,0.057997725998006525,0.8649622076580792,0.8492375905739982,0.006655479088215857
1561,0.7643380453240697,0.7699025570527728,0.0019186009331647314,0.127741775660995,0.9129598622217361,0.9031486556494526,-0.007049329106343604,0.11031920749880661,0.974005774173041,0.945853757638656,-0.006349383331243599,0.053553547428198345,0.8931976960421084,0.922670212445109,0.0097079763070716,0.6961624926506657,0.689845753202596,0.00028462437908075835,0.9414381695821615,0.8985055863692452,-0.016189315909866196,0.9099716365979539,0.9047580974667486,-0.005429872524252859
1562,0.7728964754464388,0.7913775379140862,0.014838189667687034,0.1251767659824485,0.9169190658835641,0.9400710487500589,0.02727000398748278,0.10997456952972297,0.9812254403976308,0.9243387913128984,0.010067451425671182,0.04784774548432794,0.8918332136727516,0.9037107733144969,0.02284164561717065,0.7089572005887819,0.7280836684918478,0.01293179243795316,0.9034888506523054,0.8547838078204961,0.060173012920644045,0.9194373869418162,0.9485358019034179,0.02198199716652953
1563,0.7586801212392524,0.7005267735452366,0.006959517565604259,0.12974155032818097,0.8913371884234863,0.8080349038424732,0.018561745024643396,0.12666790198845762,0.9342300473148379,0.9209484001970459,-0.006863971067793455,0.08544808873645408,0.877067068828264,0.8028081437342429,0.011457648135730898,0.6950340756527464,0.6438888039878558,0.005866325522099415,0.8721453702621074,0.6099514370462329,0.023172463560005473,0.8968909797197162,0.8369637553715641,0.019736694192075046
1564,0.7453505284990964,0.700009886329475,-0.0016760995052995077,0.13352736888697148,0.8739891709471789,0.8391143670386693,-0.014608261918079426,0.1350432459515324,0.9715917812383594,1.0166257080256758,-0.044799275916565046,0.07134104867637599,0.8687124007758481,0.8318829857886618,0.00654206272830725,0.6790605254041152,0.6292722966934687,-0.00327579690195113,0.7787010905684604,0.8632726064997122,0.027661945673250365,0.8881399103691794,0.8351983219217108,-0.022153048205317608
1565,0.7499896476926078,0.8024365944524483,0.0049740821487539,0.1324045122146564,0.9103032557106503,1.014518098166776,0.013755392461772216,0.11546186898926801,0.9585470099472859,0.8510045653734393,0.019660107799898227,0.0758349851672827,0.8800238014430509,0.9366247449177284,-0.008366156020984061,0.6820370103616104,0.7353921338536363,0.007113126179946675,0.8657101046343276,1.0115396653019917,-0.01404959392455989,0.9163133290097157,1.019288049138478,0.0185779935338139
1566,0.7529015618815829,0.7183253169254665,0.014228955358800609,0.13139891932533984,0.8814298752912209,0.8221193996739169,0.03935728365807466,0.13486309438615326,0.9574724823188537,1.0032821458826293,0.011915278982496051,0.06936591109944024,0.8719745167755086,0.8533582313524796,0.014825251147998167,0.6888571036546297,0.6486582901878121,0.01355494982224887,0.8548742677852011,0.8432246510113808,0.08369684706322851,0.8868418361822945,0.8185381529660377,0.031475983229460464
1567,0.7795240726347844,0.7405839877898573,0.009116531958247815,0.1229074555986049,0.9086686905052883,0.8781537924581723,0.036438345491730785,0.11733622594076086,0.9636398370431458,0.9706377844865425,0.017658172902616003,0.0648497774783137,0.8925892556002849,0.8341221913544872,0.012590192409596048,0.7181878494089565,0.687707812849508,0.00819978075543788,0.9008729914013978,0.7692197153549318,0.050635257856461495,0.9100522312498166,0.890988181524726,0.034821525559098496
1568,0.7568173018789156,0.7485447030912169,0.009619641523193145,0.12944424727644976,0.8998652082114402,0.862218538332145,0.007899455864976474,0.11842892110884168,0.9642700976096208,0.9471905155409569,0.01798471797346182,0.06471080471940542,0.8670911495974936,0.8500463901231777,0.005554910779962804,0.6977002596606954,0.6948627806730391,0.01007306295264601,0.7869880193226523,0.7032683520589201,-0.010245553338997872,0.9148395709919377,0.8868177637512229,0.01298355378560283
1569,0.7773344551205712,0.7982023521486853,0.0066740270595993965,0.12342839236863677,0.9229749568849053,0.9134505352225908,0.0022590385614366477,0.10275307242134152,0.9751251395065604,0.9981182827656551,-0.015488131608621183,0.054104534310574125,0.8856376820145262,0.9119462567256976,0.0012979192137592542,0.7184919806178343,0.7384512597969689,0.007391388544547597,0.9011235067902734,0.8599567158059068,-0.001284240516775391,0.9253112168225732,0.920337483691183,0.0034175226650232098
1570,0.7565276147663017,0.7394724263317114,0.010042969056211017,0.1299500387734621,0.91076064419552,0.9223021395578146,0.014534985004730034,0.11178497277786292,0.9441906023080218,0.8869271290313803,0.007566054681700897,0.07997174401353761,0.8700222006951843,0.8357642054479175,0.005415563360076336,0.695541360243802,0.6878815011114672,0.01058709819915545,0.8312708058922492,0.939210780767901,0.029636343029528122,0.920267355608272,0.9194245049563149,0.01177387848799901
1571,0.776009775301114,0.8110460459327252,0.014635134703830401,0.12411903192779841,0.9107618433104223,1.0192490562641365,0.01538682904984198,0.11515908173893696,0.9702539181840866,1.0147933964393567,-0.0011412455620324331,0.05743791578362015,0.877694036999609,0.8908883677087003,0.014796445647662337,0.7201796321572866,0.765313111962785,0.014310119923898081,0.8491773347533519,1.0059179927822726,0.06361499325020685,0.9202661270672687,1.019459967001854,0.006968860751164031
1572,0.7348495513748419,0.7138576921686196,0.0010567042208006981,0.13616505232348777,0.8543747288069832,0.887055358215171,-0.022933399143813548,0.14589428084041223,0.9301506226887157,0.8615144233966534,-0.026702861980989673,0.09381857602784341,0.883038189811869,0.886544227106885,0.005383105099796385,0.6575262971634465,0.6266322125978405,5.2400059495960946e-05,0.8240164655876026,1.0276467215914733,0.00568386815948598,0.8606146739054994,0.8731967670296988,-0.029025690144170644
1573,0.7764630723278184,0.8093356545228726,0.007152139301302588,0.12412295446721357,0.8854321855374384,0.9169937570742891,-0.005467662713834916,0.12744880479621354,0.9438403893708568,0.9845062586357729,0.018451828432805812,0.0808900753611582,0.8898866260157903,0.9173811699407977,0.008913994512058751,0.7151089030858193,0.7495571145423543,0.006577692363003452,0.8232776111972638,0.8275213035792076,-0.027649702214213118,0.8938064475104875,0.9320859876006331,-0.0005564914433596609
1574,0.769992416825337,0.7939713667008793,-0.0030161467720149016,0.1264458644518044,0.905605462767533,0.9767980395070724,-0.0019788865297733793,0.11648651944509611,0.9728108811652274,0.935428624268367,-0.008233467359754538,0.05552764862845408,0.8977669074762429,0.9113203327341305,-0.012324788426162412,0.7027030146685892,0.732945016287136,-0.0013565272912081444,0.9415843595492365,1.0626792425995575,-0.041643204930708874,0.9032963421436827,0.9730765432607912,0.0037138311032324255
1575,0.758156029137015,0.7426992900385764,0.007596513541001519,0.12942991809025936,0.8961904042217395,0.8351644734359884,0.011123759806949882,0.12158235158479229,0.964480134996524,0.897531864944783,0.02409543650048029,0.06891430505730699,0.8797201179511867,0.9103369931237483,0.0027826457293550033,0.6939325677322281,0.6616641547651541,0.007932906362282572,0.8539977998550565,0.7297368449176088,0.031438948754955134,0.9009710629866473,0.8467363665554088,0.008447906631968219
1576,0.7538233042997867,0.796448395743035,-0.0023457012896204213,0.13127472656455244,0.8841443027326081,0.9833710203411573,-0.0128952565825915,0.13097169088126562,0.9693666678187419,1.1718720738301467,-0.03007478736969947,0.0771052662335015,0.8775378710889739,0.8258888231364087,0.008562774537964885,0.6908367422922304,0.7737283849265626,-0.0044162482582239745,0.7477534905945664,0.602239975269009,0.02791697868618838,0.9057434885319813,1.0459083155821012,-0.017649995241492106
1577,0.7382805020833352,0.711201241937788,0.006052994705385415,0.13575325946589506,0.8756239681177045,0.8163675346422513,-0.004372628574431232,0.13423312588420633,0.9594924125635695,1.0815846170341246,0.00874572183142869,0.07186811433991518,0.8616950182036993,0.8123861423059298,0.013067660722574797,0.6722573730643238,0.6536655022167714,0.0045383605167254515,0.7880244444767024,0.6506340953474039,-0.016675103397031828,0.8877284567918041,0.842050775586331,-0.00018084175181277263
1578,0.7607535389431013,0.6893536397729136,0.019965538910306693,0.13020005824722014,0.8969762947480188,0.7733499286392319,0.019437754759994114,0.12635871078103514,0.9650805764426849,0.8771270728274241,0.024898864239587194,0.0699857247954314,0.8595073073424604,0.7943218085760826,0.026336721246459763,0.7063334579755267,0.632406521150412,0.018219970702309417,0.8858389635300589,0.6245776462880078,0.011715186755358657,0.9010314888429828,0.7956531624225134,0.022429508539489607
1579,0.7665386879851318,0.7150309004819669,-0.00040085314447035723,0.12745179430918674,0.910006464140164,0.8339921944027752,-0.0167072709011162,0.11637737730170745,0.9575014080280192,0.8805161165304062,-0.022066442017845984,0.07407793301769644,0.8848433817491824,0.828295471693615,-0.010592941394128096,0.7032297591273386,0.6573680054973858,0.0013334664689767432,0.8596049320165683,0.7156292453454873,-0.048879542514004566,0.9196625124350039,0.8557130046946407,-0.009600369171637594
1580,0.7562168307183696,0.7420347977178369,0.0092633642567935,0.1300197942392405,0.8958297347482416,0.8572186187294895,0.02268841495799885,0.12215149390111585,0.9235699688417672,1.133337459749042,0.024791121793201316,0.10444000012716798,0.8867287861459267,0.8541516597679848,0.012225805443960142,0.6866543778119438,0.6797987035064699,0.008429353321829283,0.8951808214619217,0.7862176797071825,0.01318612651127909,0.8965032522438909,0.8674653269876446,0.025088118488444822
1581,0.7699524255170404,0.7958001293159407,0.004830406249806799,0.1250418351161153,0.9265778992195641,0.9123230787169511,-0.008807533795805868,0.10056915546940715,0.977597393847346,0.9999887569259804,-0.008673346190166784,0.049697997108035616,0.8754275699743376,0.9133241327234927,-0.000731007041840436,0.7118766689084162,0.7339392300941873,0.005635455214033146,0.8712582473914242,0.8348599277181917,-0.05392631493052833,0.9374629279511522,0.9313383505628423,-1.533334819417674e-05
1582,0.7807372225451459,0.779041461117554,0.005665228724172296,0.12245799565502778,0.9159233668145609,0.8733734836668594,-0.009712572590793259,0.10955980125191635,0.9791414610895912,0.9517049404397181,-0.00459858260823596,0.047808382004075035,0.8768485921996091,0.8629979511408696,0.004636265338615434,0.7278604761325631,0.7325126772108433,0.005664543356346235,0.825875602375412,0.7692363761797498,0.008194691367689735,0.9259459005935231,0.8846787227130317,-0.011861440215335247
1583,0.7536972989843659,0.7885177868487889,0.0037670382795786466,0.13117766932500716,0.9161767088530914,0.9724175213647993,-0.01810329137737737,0.1105528154474135,0.9738445209607588,1.0940132236346525,-0.0014907425894687004,0.059085602379650944,0.864047282278183,0.831452599297394,0.010768261461047477,0.6953158910613955,0.7595731749846271,0.0023898428089214473,0.8954849212016367,0.9126106891297279,-0.07230435843780507,0.9240951697849948,0.9914625279927232,-0.008086720344735614
1584,0.7469138857438432,0.7425793315000389,0.004335242476006848,0.13294916751681288,0.8563121527003459,0.8181538472591543,-0.005008807427451087,0.14458257441070382,0.9399654993372668,1.05829857460398,-0.014513648571795552,0.08626157796943669,0.8829060836700505,0.85867426464954,0.01300703901045701,0.6753631038465846,0.6771204065463792,0.0025484935972559424,0.8802813182595013,0.8617905338497299,0.008799943615756981,0.8535720799788258,0.8123876615380892,-0.007796006729126083
1585,0.7460557242887104,0.666572154294746,0.026979370010988997,0.13513628502911837,0.8911206081240566,0.7889632427845837,0.031686264292154834,0.12878045951861522,0.9536228647464677,0.9037171148365719,0.024840796499706205,0.07602280722384266,0.8809909497299162,0.7908772748338976,0.03631540870275563,0.6746511424101312,0.5994957854482983,0.02446434063422794,0.9074265436811517,0.8153442581406655,0.052994820107858755,0.8895719357343167,0.7845759541598447,0.027772076450249254
1586,0.7538715944069408,0.8613520483446719,-0.004377955138542751,0.13267329564580704,0.8738611287755587,1.022686900854192,-0.02460515792287181,0.14117393849128992,0.9285603639333525,1.0508740258400633,-0.039703095328253064,0.10047503555749014,0.8755579381560549,0.9192953547486178,0.008613260692867072,0.690359543753632,0.8217271862611729,-0.006764801328823501,0.7687020507832473,0.7630141397904746,0.006901903086181395,0.8873021529340904,1.058061025530793,-0.028163630523479102
1587,0.7538655795711926,0.6929191745325626,0.004599246078389905,0.13113308857866612,0.8799269092370787,0.8125196621371644,-0.012154183967283445,0.13297932806020685,0.9679937538272083,0.9151882283689862,-0.028724824073779846,0.06708259296109544,0.8735752507469482,0.7970603469400045,0.012074126325616956,0.6896930943766723,0.6348158745213774,0.0030374563454209275,0.8589210293133989,0.7528325198942043,0.016486082582265662,0.8826169849757347,0.8179128486806059,-0.016656501821257157
1588,0.7807982521210511,0.834040699900872,0.0010253732193952465,0.12292507650202761,0.9136898436503466,0.9925481192486698,-0.0005920029330086213,0.11093677879859222,0.9808911187741274,0.9581856150490963,-0.013505660746166059,0.047531394671523314,0.8950289521447092,0.9775963079039397,-0.01304325343571711,0.720121067943976,0.7639830012626735,0.003342472851021137,0.8848155582879296,0.9581107714012379,0.027531680547763778,0.9173281364559048,0.9946875030011485,-0.005251976939867177
1589,0.7733059329247478,0.6897682204877195,0.008128247398380715,0.12617626254830205,0.9438453661732897,0.8831618606153395,0.0028321531436940398,0.08899614894162006,0.9853880362168354,0.9517126453216048,-0.005665270455751979,0.04077111227821834,0.87936286525715,0.7983300971087782,0.0021091466121690937,0.7158883928518228,0.6343743843233938,0.008898271930389523,0.9360970160516208,0.9226928047506769,-0.02172610351364124,0.945458411028362,0.8818143252521286,0.006576426792044413
1590,0.7685742166442617,0.7112341899164984,0.007761700555687092,0.12693353348546582,0.8798454690122637,0.823897503181816,0.01668288040061114,0.13119040152743494,0.9698911788509138,0.8444470364532072,-0.0030307777646043864,0.06497945471070465,0.8898477664587674,0.8708440009500616,0.009759929583823176,0.7042275682176291,0.6320885737855336,0.006902958358782084,0.8223386784361721,0.9646622715048554,0.04458523098371417,0.8903269120704372,0.8099464539937633,0.010820844454563487
1591,0.7720707018439334,0.746400005007594,-0.001301623253180923,0.1256295740515903,0.9339660843371738,0.8725710504708655,0.0017195100582528189,0.0966776002590102,0.9591406853188366,1.0708926552555147,-0.0010753121936749547,0.07053392733801502,0.8898556317055649,0.8450809743978803,0.0013391963582085442,0.7084848747600231,0.6908598930847452,-0.001828578742497888,0.9112745619670732,0.75171275725517,-0.013063369987639423,0.9384294823026547,0.8914244538690692,0.005701959774351271
1592,0.7641674533120645,0.7783857435116753,0.00532591948791441,0.1276116391142202,0.9208391063630443,0.9088878352750571,0.0022596909990164845,0.10448675447637991,0.9719154468610312,1.1282630868145047,-0.019657481315619552,0.06711053373675321,0.8602599033579581,0.8779074236088994,0.00897098173199998,0.7108935906904832,0.7230360587765388,0.004439441663124593,0.8180596919307895,0.6088910609873678,0.030942684131326722,0.9364626674831551,0.9537610774055926,-0.0003569582239382044
1593,0.7722173028210698,0.6630301358575127,0.010003776933174679,0.12749605496135807,0.8980872283822484,0.7859477726728008,0.0004804295834404026,0.12386925989744246,0.9666663850634459,0.9290591193374819,0.0011573272979950916,0.06055412858044158,0.8876735730515216,0.7603523777495653,0.014074413329089023,0.7100055367513812,0.6096171573107816,0.008929514241312398,0.8678772864929423,0.8166691038272724,0.00776772925737684,0.9014657744461669,0.7820054903365148,-0.0010774438098544745
1594,0.7565506716365267,0.7658552959359657,0.004984528057417563,0.12980103642052887,0.9132432964046882,0.9025755823684399,0.0010119557920851047,0.1098092721085562,0.9570299559491007,0.9613195692978801,0.0074193025438717254,0.06918457396627445,0.8618883441741714,0.8808827371251287,0.011303200723945826,0.6991569952976576,0.7029701640719257,0.003583944482598708,0.8847640726940167,0.82033614734496,0.02003993601682959,0.916453342476288,0.9111792455395777,-0.0016243045874124915
1595,0.7764241819673939,0.8042772055825971,0.015774406493745043,0.12439527359609534,0.8947554081244609,0.8820905035819802,0.04639724765942038,0.12910083458567237,0.952973537352613,0.9520777525323514,0.056661815700435374,0.09182601062724555,0.8903888780294993,0.9470179881096878,0.011074790443775004,0.7150656276879677,0.731900991238316,0.016038025172919634,0.8653569139595618,1.0086243830238608,-0.0017692724527078817,0.9017353681476987,0.8765457089371721,0.05320638120737165
1596,0.7754482281402911,0.7929759363897456,0.012622038565237966,0.12433181794583836,0.9235976889378378,0.9138229098583076,0.008157171341198272,0.10297860836309095,0.9718938756347376,1.1050002305377908,-0.004148917930114923,0.062387747162155206,0.8860245753824071,0.8935822664969574,0.023471239759811878,0.7157042952547532,0.7347463476318061,0.010249096231073979,0.9238810114730727,0.9570046679531675,0.07146736486648761,0.9292997819731708,0.9087203962540118,-0.00314656618574761
1597,0.7558660825393625,0.8162114580908555,0.010723239071600122,0.12900436584618954,0.8925108997562478,0.980713722182288,0.021721972338777755,0.12410260563373776,0.9620559896224585,0.9888097022257404,0.0175219754878134,0.06579483610584747,0.8740436989544154,0.9562363900643515,0.0021846154372442144,0.69161146964208,0.7442876454993723,0.011864333820392644,0.8656273156445754,1.124408879703158,0.05230142905195298,0.8980252159918276,0.9673581632372379,0.015645471992692506
1598,0.7586595537946775,0.7809594139581257,0.007276401205268987,0.12942082981990088,0.8902464238028697,0.8726884649944145,0.005348328697553367,0.1239809438112424,0.9658091987293645,1.0112769355384301,0.012421175437190776,0.06275210244041815,0.8783382393566083,0.9229637826449683,0.0076482399531364095,0.694364975633843,0.7071460526845667,0.006824083936464421,0.8623583856781261,0.7190219269609365,-0.011497390205719877,0.8963073445729829,0.8975195458342836,0.010081387647361856
1599,0.7511064194546052,0.9155759849629326,-0.0058936597618832005,0.13482610535515596,0.8926237941529331,1.0541464389498232,-0.01072813261889947,0.12810931357569086,0.9808718814481124,1.1444846122039605,-0.021483169500098022,0.060425905606791556,0.8890571345368479,1.0055722208428766,-0.004819897028360824,0.6782965974867777,0.8603462151903565,-0.005937052222523395,0.7563559336761116,0.729955998402997,0.013149060714297646,0.9111675131121622,1.1035732937554217,-0.012145802614206593
1600,0.7708876049039506,0.6864257744551361,-0.0026620125084051917,0.1279900232554094,0.902862512529298,0.7845982549895693,-0.0001175377211183807,0.1219661443306941,0.9721150794548089,0.8558544051598529,0.0020022060143374664,0.06256099489459482,0.8849034179741878,0.8058784577441355,0.003486863504115483,0.7095882743460346,0.622807364275526,-0.0038906260098192837,0.852855616436699,0.7874845927895658,0.012355632036017234,0.9084286400989762,0.7833026099322674,-0.002304365070537627
1601,0.7596167301250084,0.7543132599313197,0.005655297025284037,0.12891479314141271,0.8847529480050507,0.8928385544115646,-0.0007445565861649495,0.12736305519876892,0.9723507131219935,0.9500185882744904,-0.011213103549361754,0.056036154020210546,0.8716778317776799,0.8515964346501924,-0.0033387843309220506,0.699340529382502,0.7033773466623675,0.007107525922200179,0.8016654598971138,0.8015548813856198,0.015861089802993444,0.8937360412633643,0.9023286055471516,-0.0028155997604822278
1602,0.7635465703730192,0.6895507707780684,0.007183599914083795,0.12843367098005581,0.8863766716128383,0.7883924900806932,0.025874530584247882,0.13045413302517972,0.9761953477742361,0.8747466188168717,0.007571863847301276,0.056498338928127285,0.8898257958125272,0.8776537963633771,0.0048653058117077135,0.6972400965024478,0.6009450936417405,0.006957761319546756,0.8609586888839181,0.9130742701426318,0.05262354278202442,0.8920325870921507,0.7754091504506043,0.020372199849601254
1603,0.7711053668259397,0.7638913382154752,-0.0004980782160364838,0.12541150135924803,0.9091588780668631,0.8776672029645317,-0.01706801144436198,0.1145971545267152,0.9656058236758653,1.0517963850872267,-0.022255363425697193,0.06714212934762308,0.882056433763034,0.864673178620593,-7.709331399208978e-06,0.7106188949401323,0.7080379123334255,-0.0006585116792329518,0.8567600019383165,0.7241188296836605,-0.02356275999494851,0.9166174490912612,0.9002174507918714,-0.014197012364721182
1604,0.7493310809537409,0.7498581583263162,0.013202282701846885,0.13205694493733544,0.883045453033023,0.8476169313904329,0.016706811056163617,0.12863178926604646,0.957025137042517,1.0676524267772447,0.0017299401746255446,0.07262272703505879,0.8937538712928175,0.8591173677995093,0.015742402959757665,0.6737677171786735,0.6880169063710901,0.012356751822904778,0.8642641520360351,0.7900688421531947,0.03450644324283834,0.8849894301604231,0.8531408562403283,0.01406840714438054
1605,0.7499288304245438,0.7051118536564209,0.0010154741685305634,0.13172731834934745,0.8552123423061277,0.8542012727653763,-0.02463101147645472,0.1458997308025739,0.9527331548568448,0.8492949153083091,-0.03141286301366602,0.08352694816299162,0.8880855045274756,0.8482552951293426,-0.006548321422246064,0.6766248872921313,0.632617346180677,0.0021623905194362316,0.8323778308387967,1.0598825660345477,-0.03178478846858577,0.8602660179149947,0.8361357060790165,-0.025766221525294317
1606,0.7827451784778908,0.7647132847695248,0.005601879326119791,0.12203942716263769,0.9220936087518652,0.8690256277042464,0.014368392159960627,0.10523132103551543,0.9650800538207764,0.9227632581696482,0.0021997181378442692,0.062190127110073656,0.9022642981329794,0.9202449753614662,-0.00013711720739797664,0.7191162639014517,0.6879952938383767,0.006230214180822791,0.928981759628132,0.8075963309899944,0.05946138000377088,0.9238644755295224,0.8746901951045267,0.006764474625713011
1607,0.7763876037715595,0.8738086119276465,-0.008018521702522909,0.12572771032316904,0.9237650874470894,1.1096329179419817,-0.03193353345068988,0.11472166155042159,0.9747995592174514,1.151365910897117,-0.03595019165258964,0.07192865855151583,0.8800912714340606,0.9447734694939433,-0.0018381767845131224,0.7199500149774536,0.8298278758605904,-0.009051751566126741,0.8634676454505678,1.0885310147108906,-0.008620741105916969,0.9308871908198711,1.1101601037864424,-0.03577896153129969
1608,0.734631507351002,0.7746764561966808,-0.005745478100388617,0.13706289174609776,0.8441885938725012,0.9251923674269819,-0.018194747764008135,0.1521548427376874,0.9341180854067747,1.181507381649506,-0.008884911989942018,0.09995050188028101,0.877038765519884,0.8788223303187731,-0.0013958075143952814,0.6602231375388917,0.7138783692310273,-0.006428701252792047,0.8102999899950971,0.8492935978650404,-0.04336797305141254,0.8494851763813012,0.9390484545965553,-0.012951449705298386
1609,0.7426092754810925,0.8701423697715612,0.009999532229069578,0.13641260877102507,0.9086033274509524,1.0834394187168712,0.015707436990666644,0.1219187731131808,0.9349724156405316,1.0809813916913402,0.02086173350398786,0.09234702457795643,0.850133900981296,0.9344401971283225,0.013775227725413229,0.6844284339859875,0.829983848509865,0.009130285417312667,0.8529767551143156,0.8879020435544662,0.006974535562949291,0.9166248007366156,1.1130729015067928,0.01920898788635087
1610,0.7577607288072595,0.8391688164202686,0.019929861168721884,0.13067246135831367,0.9064967461245776,1.0328567313902546,0.04009166216112813,0.12465484791244345,0.95983406140442,1.0920976984438338,0.04166786702096305,0.08175008206855719,0.8779962989849641,0.9262052746232652,0.019287810284203538,0.6930307113354327,0.7886152882241511,0.01964728586572245,0.8947791767495566,0.8358126917011744,0.034663755670132614,0.9103539660769525,1.0629923228223128,0.042906152486943606
1611,0.7589134380149105,0.7398803240750017,0.01631369455797254,0.12931592814546794,0.8881426171511757,0.8296462588597853,0.00819440151826375,0.12613137473215355,0.9685698017093894,0.8769337656533412,0.017907865547866834,0.0649921998035916,0.8851870023806038,0.881781750411974,0.016279962693403875,0.6915827323080218,0.6668776134344124,0.01571470326170546,0.8333674396052538,0.6858444329693038,-0.02133874074556383,0.8982709728267694,0.8546200962251187,0.01518956562124136
1612,0.7367785307988006,0.6823676069123132,0.012164403255695889,0.13622922311746183,0.8879156554220432,0.8349143445744345,0.0248486821959188,0.12718738155554676,0.9569883106442026,0.8421740656885011,0.01649645874115765,0.07595857924335148,0.8624557446362258,0.834768674432491,0.008482276547664931,0.6695967273263541,0.6069888653106126,0.012223572404837423,0.8276210489254284,0.8356081963039654,0.02162489846892878,0.8947422862022012,0.8351614261728855,0.02540233368197428
1613,0.7710143726759014,0.7509107642597058,0.007254854040216024,0.12539260691669646,0.8822347182573674,0.8095492805156388,-0.008251046513048215,0.13142614950522422,0.965286751722581,0.897595270100402,0.015888428975023537,0.06538940550926468,0.8825316516093537,0.8508137013320961,0.0029165332421546074,0.7106778926700793,0.6973825469822408,0.007824111161452147,0.8016229942253349,0.6818071943259498,-0.05208662811484889,0.8976289249249356,0.8355420733409354,0.001137048426346501
1614,0.777441649357543,0.66914298729466,0.010389623164931684,0.12545450921265566,0.9082062874796384,0.740432061244759,0.01151883198345308,0.12322378233150424,0.9796750088406828,0.8358886795715114,0.001644711259805437,0.05903053748260911,0.8814035139862617,0.8339670480124172,0.018547433057225827,0.7230949032656607,0.589114022454787,0.008287706221518556,0.8018396485438882,0.7780618372368545,0.01767532995807841,0.9221765819972207,0.7360777933028038,0.010076298872053713
1615,0.7585428846423992,0.7092791037662949,0.009592869785688133,0.12884497654683494,0.9041660012368968,0.7809466987726313,0.01977617878966026,0.12033132209931842,0.9583930281033469,0.922722884684319,0.008421023840395855,0.0680476560316016,0.8814745925318026,0.8440876119806083,0.009829609649057566,0.692589101694911,0.6395744901064797,0.009160680017619922,0.8539314414416903,0.6937846822234203,0.0018995339919961386,0.9108688966151474,0.7939881045810342,0.02387424315743938
1616,0.7792482115602463,0.7308903253005323,0.009416463070360415,0.1233768710005565,0.8977623656868885,0.869250113232671,-0.0005053555236299893,0.11991096328763522,0.974884793989187,0.8988383727932803,0.01844139640902252,0.05830876520015912,0.8823018360838968,0.8053179147953706,0.009464969785531203,0.7235155587613816,0.6889966256752087,0.009193784042920367,0.8225666087726702,0.7436242061442653,-0.047047745444117176,0.912166902875951,0.8949624416936165,0.009285761347770287
1617,0.7839090891452524,0.7505020515713663,9.246564570233214e-05,0.12210486179794044,0.9195115616502878,0.9143574576233643,-0.0033440669140474893,0.10601347554602834,0.9774932728993471,0.9150934426046431,-0.004570270907918606,0.05131221581910833,0.8882039005686497,0.8486436783412578,0.004039665283754779,0.7271833162608161,0.6960953408630997,-0.0007451251423171414,0.8205610060232734,0.9515959466973762,0.03546348205129801,0.9340303634077141,0.9090806950805727,-0.010367186684954491
1618,0.7546499626943421,0.669449032491468,0.00757560557644061,0.13190765226504494,0.8951328384711806,0.7538036832544766,0.024246867036245463,0.129584832120986,0.9389539969266021,0.7803108007465697,0.005398127154837771,0.09229917985052512,0.8787536280370329,0.8532059768085152,-0.004755988646178213,0.6904114948387353,0.5864822514408992,0.009085768960017056,0.8893071161977542,0.7686185021798643,0.006469003178973811,0.8961871548425197,0.7540700860559872,0.027162920417366666
1619,0.7807152437846593,0.78191783261915,0.0148843281518753,0.12275359381776457,0.9260554430702521,0.8922583273132144,0.014023070095537053,0.10162780168553134,0.9522084390793553,0.9832347148065723,0.004500903608578944,0.07233149982238062,0.882795048527727,0.8885543913710148,0.010096277979757165,0.7251077330449354,0.7260796267416804,0.01534764969756131,0.890202608732529,0.9048245232034063,0.012063457182561509,0.9299132962138388,0.8910600549049467,0.014237984196106354
1620,0.7800552950919956,0.835385585791821,0.00355577036249694,0.12312455365139688,0.9193069624551633,0.9614453939241615,0.01543212428820615,0.10684983390733789,0.9763644528987655,0.9703631181615202,0.009915447383323586,0.05123571064368603,0.8886271384108975,0.9538857647609679,-0.0009099744829663185,0.7210054775119032,0.7726668448630645,0.004166517248987811,0.8374722702937812,0.8633513985773787,0.05935458431549662,0.9302716100381784,0.9710957042177021,0.008214587559888825
1621,0.7681844903301647,0.7917734389649596,0.015404874012426883,0.12659994898682445,0.9271608071217292,1.006858234773031,0.005755557869836893,0.10196820938423201,0.9747030910800639,0.9546448198722634,0.016258785523753063,0.05475247252769504,0.886167703947085,0.9042775514585919,0.018566329698755584,0.7045022191889995,0.7295426170537289,0.014384031549731868,0.873628719838566,1.0052605859959927,0.006352913202635433,0.9330207707423739,1.0069731822122379,0.005666887665946466
1622,0.7739217999990207,0.7622709460546346,0.004180083238237057,0.12463611100833669,0.9403529132234153,0.8947309430714369,-0.014119168437350418,0.09321683089018343,0.9673180278647736,0.919117727026837,-0.004402399336027453,0.06062419574833755,0.8896291529078018,0.8767378346693768,0.0022443381207194633,0.7113432950592811,0.701065791851023,0.0043275045637712695,0.9009619948684611,0.7968929239183343,-0.03915558850045198,0.9470045270924924,0.9117495904550083,-0.008587795086450021
1623,0.76854000846816,0.7986358212142464,-0.0012683809311417006,0.1269208317384482,0.9163047921354115,0.9699788685509926,-0.03391521072039323,0.11442776472737008,0.9470500903474589,1.0771955611881485,-0.04742108980582225,0.09342241501002996,0.8813042187268402,0.880335903163732,0.004741435438824408,0.7079516190461039,0.7499788876552582,-0.002419706651297975,0.859230213679005,0.9508042930270827,-0.019322979599277066,0.9226514480180569,0.9708896884109116,-0.036238009871306286
1624,0.745220054632587,0.698262701012564,0.008624653979525342,0.13366952851849837,0.9056609912084504,0.8577523710053595,-0.0011826226475277477,0.11539575146125389,0.9386485252651803,0.8824639066780403,-0.0028799414092822192,0.08301308545188353,0.8744418640543167,0.8230374997692008,0.016155122955219623,0.6762813508714283,0.6305655347224982,0.006895456200467635,0.8737229334635239,0.8399151523719383,0.030339620314432623,0.9100182313305059,0.857941335795442,-0.0065375060990797195
1625,0.7815306362393492,0.7462652742216711,0.003083610364362069,0.122538476421766,0.9160372182007371,0.8879255278050056,-0.011622636219845004,0.1096514108403394,0.9551397824855853,1.0172009193996585,0.00249416485713808,0.07089612082490729,0.8866464060630292,0.8179637043164502,0.005783797882300466,0.7245844985115784,0.7044059380992884,0.002475347041492441,0.861696891577721,0.8610650151715477,-0.010527205242061485,0.9219140603757848,0.8909784998429314,-0.011526828316131988
1626,0.7853133352006403,0.7876349504929808,0.007225955742521724,0.12116148995437971,0.9142578731872195,0.9064885549901478,0.006256897895478919,0.10897115219834744,0.9728466944809686,0.9156321774347695,-0.012099111285459839,0.057189698253088034,0.8920498513672596,0.8972674006517696,0.011547592235994318,0.7272772918138748,0.7273640096016992,0.0061771157691856895,0.8709310722829852,0.9062508398209397,0.02893623141867755,0.9194961985978549,0.9050492919669016,0.0023110244631086275
1627,0.7765730702413204,0.8529933796055915,0.015395465545992297,0.1252095332098607,0.906914369096331,0.9640976277172515,0.03137298438450227,0.11850717090129183,0.9733414236693682,1.0183389667935405,0.026410432354424224,0.06045599466992872,0.8747682831480635,0.9949619429578787,0.013687296890523271,0.7230167184110357,0.780508525967212,0.015111095228580467,0.8259534798972537,0.9608467948144707,0.038594400182146237,0.9160137469364098,0.9637829187765353,0.030136980941121078
1628,0.7673275814560389,0.6983081253302716,0.009835092405963254,0.12687900565214436,0.8906972774976313,0.7794213420845487,0.010284991492958808,0.12736988435414398,0.9674179155886393,0.7918626954645219,0.02322393595755968,0.07859634907504977,0.8792815558147428,0.8735226734581231,-0.0002818027609751306,0.7080448808459745,0.6168469195534846,0.01100401909271516,0.8599496057355878,1.035164872787654,0.004107537681249112,0.8997308932255238,0.7582354431971713,0.00882272973766072
1629,0.7572066136232102,0.7442492416143055,0.012217960099984533,0.12963761397665347,0.9045512662069732,0.9266044608092308,-0.008820497618225938,0.11572695172010904,0.9608295525070356,1.0013641711854517,0.0024935171444545323,0.0655798160610495,0.8786905387714576,0.840278515404167,0.009433496185740185,0.6921825044685128,0.6914400381594883,0.012417679396370661,0.8433917525572994,0.7267585633901759,0.0057313762728070155,0.9128383459514718,0.9540808764217875,-0.009508171494687188
1630,0.7703126897565999,0.7242252766104349,0.008239725935965173,0.1261079435267199,0.8885367861974971,0.8470835541854289,0.014731186626134164,0.12606853604569201,0.9456659242299847,0.8241503236034388,-0.010345610936328182,0.0838999986999619,0.8849580815872229,0.8693760999346866,0.017142514091264393,0.7093672793458001,0.6494181845066322,0.006186521914732878,0.8349063735017771,0.9333689707112615,0.05831971976139584,0.8985530230389494,0.8374521457619059,0.006598328365978638
1631,0.7526736909281011,0.7751748305881689,0.018743797433402962,0.13168097252671895,0.8997780228573705,0.9133650842775582,0.022822443912516244,0.11999332336028683,0.9350126192297119,0.8707594004343071,0.005362345121956691,0.0866676525369204,0.87916727844237,0.9254616655452546,0.013268993258329913,0.685341324116955,0.6995204414118046,0.019005838487330284,0.9009791180122625,0.8990496367456914,0.038722934670916705,0.8995447529417746,0.9137606997705608,0.020159351667686093
1632,0.7766812009643461,0.749460541025421,0.015001955318219951,0.12381306524379118,0.9196819774665348,0.9042911500931466,-0.0006777344249754027,0.10516290149326453,0.964718488964607,0.8574668843979347,0.01282844112682506,0.06818886840044627,0.8900311577011791,0.8481558913604732,0.024047292654260505,0.7154479862806233,0.6929459514012485,0.012930234671503229,0.8571525398337246,0.789418009480621,0.006706300734094066,0.9267257181264428,0.9184330207733915,-0.0008432966387025187
1633,0.7531158314556649,0.7541802827426086,0.0025491190450647075,0.13120339080369442,0.9168949652804466,0.9445991175071767,-0.024455284709827968,0.11140916921595322,0.9717217870762846,1.0660498417701947,-0.02842107823675048,0.0653114076743058,0.8640731103262089,0.7907640847963799,0.017190535022709664,0.6959172877396337,0.7274379302089217,-0.0003083328237698116,0.8325985193990443,0.6391095911376562,-0.018758394003135448,0.9318176416547966,0.994215582034066,-0.022257606252127943
1634,0.7852051074141246,0.7177562061303082,0.009637859159880429,0.12202746304154065,0.8832968627158886,0.8317165650430437,0.0005012333200952882,0.1289562628200575,0.9637590707782671,0.8424215534393563,0.023200972669112852,0.07403623268008053,0.8947788131125756,0.8260596389637939,0.0070277386994746375,0.725809210000082,0.6608184127940232,0.009779105150469208,0.8352191070012758,0.8097167343911043,-0.029139603068308005,0.8902764092613653,0.8386687229524828,0.005869897360565261
1635,0.7668536137103685,0.7946837710911262,-0.01167683744233442,0.128351535365428,0.9109909964160081,1.005283668626191,-0.03462567093838527,0.11864563941441755,0.9712953730426893,0.94548437169345,-0.041010764406733805,0.07002626088826946,0.8849766787946252,0.944181140262078,-0.02124755506460541,0.7036240379863982,0.720188174659672,-0.009838205811060327,0.873080883257336,1.068275901005796,-0.020744331421427082,0.9157907258916669,0.9977389323637363,-0.03759067470443088
1636,0.764129568004063,0.7570078975904263,0.01272741265095977,0.1269832969251468,0.9269610317392143,0.886613422135959,0.012577845167600167,0.10031946077231226,0.97020773542092,0.8744006189078299,0.020353033388632563,0.06442738740772357,0.8920164966956557,0.8951094670954983,0.00980916654991104,0.6953704118753602,0.6850915897067348,0.012770133812013596,0.9189595878468154,0.8439204448971762,-0.008744394202250321,0.9289016117871906,0.8950800858354722,0.016757391641319463
1637,0.7467017069489688,0.7249526829914895,0.013881995505605068,0.1325322360605832,0.8766108256477314,0.900535975512765,0.027208987281007433,0.13387325008897652,0.9488565824758509,0.8180194425232489,0.014037804152096281,0.08240273717025831,0.8792479914013218,0.8340340140216502,0.018953482230157723,0.6762519576679062,0.6636536543251828,0.012554404042167261,0.7585637342915834,0.7741483149857951,0.05071379619890637,0.8901172948273489,0.9140166812676384,0.024048929283560973
1638,0.7698128168165731,0.6885312121119026,0.016557874371524537,0.12749208697075562,0.9267620895202777,0.8097982354195774,0.007041636528502896,0.10580836415483465,0.9800859929731698,0.9500706322126726,-0.0037193746242171664,0.04692353518763823,0.8857604415729239,0.7861219447008705,0.01946699347478386,0.7071909950297385,0.6347689905530506,0.015569810746915541,0.895214428375607,0.6550463865584277,0.01199703919930611,0.9317581757523863,0.8305058633076491,0.007752128771153696
1639,0.732390082445757,0.7609422216063286,0.007132610131250025,0.1370719136294006,0.8569083662639652,0.9393075469084735,-0.04412761197340114,0.15195020090190964,0.931971232455443,0.8236149525121317,0.006037139991176474,0.09084410466452086,0.86837812595091,0.8788954446535706,0.012807678132339009,0.6603770162130117,0.6944471561753082,0.005838265552806474,0.8333131018551692,0.8334165143978506,-0.06294007850775077,0.8613289994331125,0.9575317908247191,-0.03959882253745974
1640,0.7549649687439844,0.8278841098949876,0.002536241101167252,0.13104313326408515,0.911364445214915,0.9755310015153806,-0.000738407478134225,0.1118713426592779,0.963165798658639,1.0152605658872877,-0.012006159728300367,0.06535876751873443,0.8854141245013262,0.9657709829733132,-0.007561041141167567,0.6858791309415121,0.7569671746168118,0.00417673771449593,0.8803859268777605,0.9793894789919245,0.03263137373581815,0.9158791256894968,0.9733868593558591,-0.006580495333968271
1641,0.7589367748100104,0.7732302125962915,-0.004274177698707715,0.1295398825683877,0.878829850931868,0.933472057899319,-0.024639240729145893,0.13458984458791087,0.937664207039456,1.0395828387477979,-0.019125295795021115,0.08789077331374805,0.888011110637907,0.8436131953939308,-0.008984598311995466,0.6918178153053332,0.7328872178642855,-0.0033347546683972938,0.881038296996726,0.8581802715361173,-0.041771654942103886,0.8798060512281769,0.9460031288112996,-0.020818308613005928
1642,0.7713438845685834,0.7529669954579943,0.009752857457936893,0.12522026470294897,0.9034753573135539,0.9300861126265021,0.011519383119338901,0.11609555962892437,0.9548960599270012,0.9741231345481826,0.0010461543157747998,0.06982979560560952,0.8752857237795943,0.8490368021545837,0.01625406305211942,0.714343645438454,0.6984479786024208,0.008257044111775901,0.894067721859009,0.8743219832310363,0.07339323363181718,0.9089198858856898,0.935775296879865,0.000805144617382689
1643,0.7592462626497234,0.6520548984621363,0.0038303787494556093,0.1308665619922868,0.9246856683007427,0.8292320728073621,-0.029660044556617624,0.11237574889092415,0.9674819629909326,0.7756696010981677,-0.015390624862117138,0.07865960022691047,0.8785395006318357,0.7849506215535935,0.009419713687994206,0.6947409179817372,0.5828447158159,0.002516162678731992,0.8760701073289859,0.8235005127722684,-0.0447781644317185,0.9304058926467318,0.8317156350292505,-0.027014865813809446
1644,0.7724025153365277,0.7783937868493719,0.0006158407746572554,0.12525216038040332,0.894850694664052,0.9281667355375329,0.0015023936202096988,0.12143637412788527,0.9445607237993622,0.8542721826577451,-0.0140239517812179,0.08255944504555211,0.8759722638809918,0.8635579697132513,0.00453954449028741,0.7158643522758006,0.729318365760736,-0.00018748018482578685,0.7532349992295665,0.8158054769472841,0.01836959358032329,0.91145381380783,0.9400929456336526,-0.00048467647980768183
1645,0.7419087923669717,0.7780964174070488,-0.0058442536281414674,0.1346246528989546,0.8635436645412609,0.9619013024219825,-0.02932514479299552,0.14400792717086502,0.9596515425617467,0.9989534008855646,-0.013199747112632942,0.06793403463851196,0.8600747960068854,0.824448871981361,-0.0023348535539337583,0.6797792695692478,0.7477978471526291,-0.006425645558522475,0.7749714624628908,0.610622677756538,-0.015270166365495495,0.8810239416601813,1.024588953696442,-0.028443124849599172
1646,0.7815035492691556,0.7875391399211565,-0.00018647655079136017,0.12233344504722711,0.9281845275268064,0.904151653265563,-0.011519920672120062,0.10080635085767702,0.9479787190537641,1.0340572715114815,-0.0066899519033588924,0.07713093271593616,0.8849440724505467,0.8939969566105216,0.005415296107242694,0.7251314072664854,0.7284427503351704,-0.0012873790158818346,0.8944283053673012,0.9600653845677599,-0.0010194228339964562,0.9324345864794937,0.8975277785905483,-0.013843415304736999
1647,0.7691307898558739,0.7478845094913106,0.01918692109774734,0.1265988811777569,0.9073820519849193,0.8519793288879607,0.02361172542031988,0.11595264430860358,0.9632360724350995,0.8684713499110314,0.018716091335883707,0.06974739881120819,0.8912109279099435,0.9210817580812487,0.007855132984062608,0.7047655593356635,0.6663957100051416,0.020324688406643726,0.9083931107551602,1.0349278769802261,0.023745348291134984,0.9091159945930499,0.8352077852798995,0.02197304620288169
1648,0.7357589322093493,0.7531259287950081,0.005167192087377231,0.13635598374243385,0.8719388947197102,0.9451644965950734,-0.014028593457051909,0.13720281369757925,0.9362762048692449,1.121767883139175,-0.011762103595266,0.09439638191832368,0.8739673290923159,0.8230980833163503,0.02091869104434557,0.6654047301553866,0.7074182197369707,0.002080377752358652,0.8350853417172177,0.7282999000740381,0.013426801470894555,0.8780802168709919,0.9741137013187211,-0.017188774409945082
1649,0.7376889004058932,0.6899828707862979,0.023279238045921608,0.1369073036327102,0.8738383441193129,0.7708329313404808,0.040019364857615425,0.14104014421872899,0.9367649136481863,0.8906496016323531,0.04903980151682529,0.09837438094082054,0.8731054940446178,0.8294063102563196,0.021956128456693848,0.6658856974344469,0.6185241696332238,0.02270047582430855,0.8733641465521023,0.7403286312750159,0.009360156791363048,0.8759520885525931,0.7790571670698804,0.04574753060060916
1650,0.7661046387464713,0.771135446936891,0.009039184393343128,0.12697614121161613,0.9080225013758607,0.9299546613535503,0.023465722683218733,0.1151213991130145,0.9779113720293238,1.0687589535263364,0.00892468066135651,0.053399109468099615,0.8808885643345029,0.8569723788637927,0.0057911490806147985,0.7046757954986991,0.7235638119323569,0.009423993678460274,0.8731227771660401,0.7570132490838599,0.0582287654661921,0.9136373725682585,0.9506307134441946,0.01845288866852933
1651,0.7659486730489881,0.8451950340232461,0.0057378376324481815,0.12795619356113236,0.9230684935365945,1.072332149224748,0.015574861025933206,0.11109808400607096,0.9635813756584701,1.1338678815596643,0.008400150171096464,0.07291879917762885,0.8896829100633263,0.9157433440914525,0.01256444494541428,0.7007177187539255,0.8007383452836335,0.0043640696762346455,0.9081907665459166,1.0299252029217807,0.01351066352753841,0.9245478100833125,1.0776635316360281,0.016304433850971738
1652,0.7423523581897257,0.7038166892558045,0.028793987100075292,0.1361114464234281,0.8454634684870251,0.7913756203532663,0.06258661491836445,0.16080450875543298,0.89900253742565,0.775173776788841,0.02834473212436606,0.11404049517728022,0.879737466579892,0.8742036140907163,0.02654679312111986,0.669967815621435,0.6206863019903445,0.028028376426717124,0.8769063174676512,1.0290410323089285,0.09703141142620904,0.846256871134722,0.7699395743678734,0.055552328302882044
1653,0.7605485918634628,0.8446462447657633,0.004282960568825001,0.12928864537129364,0.8831982333373575,0.9716109965348354,0.018250068629370765,0.13086339102096317,0.9675051954195506,1.1188376479777404,0.009708260975274371,0.06816092489357575,0.8867888365234582,0.9356227829228867,0.009932138526775582,0.6930361402382826,0.7896912993699725,0.0031493397910043438,0.8666485145572353,0.8070633013318783,0.014591873557119807,0.8867907161175278,0.9962039780059564,0.020538153236284135
1654,0.7675497853369659,0.7328839920725864,-0.0027441933755775806,0.12743154386090724,0.928483864068637,0.8811916118867048,0.005758050173813436,0.10009242693105436,0.9691578733181123,1.1052105727871397,-0.006138678335130072,0.06523356725151103,0.8794630571020665,0.8278526359480634,-0.002707804529697484,0.7071067750305302,0.6805011731560119,-0.0027756359677183332,0.9207013800953373,0.8505164755324806,0.0026194636870663247,0.929222117473157,0.8851857974990561,0.006613549549228039
1655,0.7752636375256361,0.7717528917459194,0.010074707778296913,0.12392144286381813,0.9264657014799056,0.8962805858295052,0.019396900465360297,0.10222031204171195,0.9627278010881597,0.9896815693017299,-0.008193037275339505,0.06416374392314865,0.885214039333264,0.902725559753535,0.008682238363602986,0.7159107818486201,0.7041990712727134,0.009907199900334767,0.9323892038499548,0.8497533333766631,0.06434851865144567,0.9282880873409775,0.9001949300014606,0.01171526200685781
1656,0.7731481570678478,0.7980455127619281,0.01199821062508854,0.125318505023614,0.9116828027797514,0.95343080384189,-0.0015387612199600968,0.11128328549425606,0.980409179677067,0.9604426337964629,0.01909547674303071,0.04993724546649566,0.8782239432710471,0.8773524353671257,0.0100862513642187,0.7161846435242821,0.7534540582281494,0.012103321107390262,0.8926014579245176,0.8027904824249533,-0.04951034250412211,0.9214501852828693,0.9865658213337389,0.008874590277782476
1657,0.7689443568480201,0.7131832509678374,0.007193088383644748,0.12643691008011917,0.9172213525864501,0.8800803707630811,-0.020543180155475425,0.1106412599564298,0.9635448935182598,0.8762251752350091,0.002164743772210325,0.06601598118759959,0.8872266927613767,0.8424643852133314,0.0063259569775289196,0.7052789966280019,0.6463427796111093,0.006986706353665658,0.8671137642948666,0.9153877547068322,0.006379652776124592,0.9240751014026665,0.8747881142986847,-0.025506818685843795
1658,0.7590260275753168,0.694568143008216,0.016163526097666275,0.13007532627128476,0.8983994479354308,0.8140592615886456,0.01666464710953223,0.12208803269373893,0.9332316243359332,0.8020136196003895,0.002274242242622421,0.09149194587828184,0.8801902363935764,0.8507558735454983,0.013623198248422917,0.6945588957938926,0.6182307455136855,0.015876081900245174,0.8849350647490799,0.9275464994853476,0.014443449974487732,0.9006364214095816,0.8031206843811854,0.015921472569519188
1659,0.7726714355560136,0.7412290049543961,0.008381377214934187,0.12497253155269299,0.8800860650866908,0.8196684433659696,-0.006199011760423336,0.131739781099077,0.9520004979930045,0.8441611562824097,0.0019050703602823016,0.07716854887633184,0.8831360474386282,0.899448941319447,-0.007031934597498199,0.7142485683144129,0.6674726229628456,0.010610184188508438,0.7903519131718932,0.9296960070982504,-0.042553483129699345,0.8944110096633964,0.8132341265562278,-0.0014888831584919846
1660,0.7597105324065919,0.7942622849973092,0.013622739598635195,0.1292986790250635,0.913616463146423,0.9476349768122834,0.015165612415476183,0.11038461155827183,0.9716289484056101,1.147287332473817,0.021233995504790926,0.06990247774190034,0.8876607373542537,0.9193728166012124,0.015361529360097605,0.6915068644786931,0.7263233886963909,0.012870958830722373,0.882299823039008,0.8818036183190348,0.002727036319239083,0.9174854126472977,0.9575559321699,0.018016072117940412
1661,0.7751197001839303,0.7323043466092422,0.004233091504014869,0.12463756231032584,0.9084742769322286,0.798320295078092,0.01551203622573025,0.11735912746330379,0.9714062120369237,0.9225337989967697,-0.0012285613803757279,0.056630429836496424,0.8912530741564955,0.8892853600553495,0.0004649817628158083,0.7132832506874451,0.6554249577785971,0.004528342282059011,0.9048789194426438,0.918822040713948,0.011290671532394348,0.9097122595327327,0.7865952472813996,0.015025305205560174
1662,0.7415720610728528,0.817104229781972,0.00987018585603044,0.1345351896010722,0.8838477817857875,0.9356519116779451,0.012911065927327294,0.12760884091455038,0.9684035523152352,1.179262356793074,-0.011503303946592686,0.07420710417831695,0.8755142754718811,0.9287841692723126,0.014182850621753632,0.6707346097504505,0.7530691932737518,0.00882519596375019,0.8346982045789108,0.9308532086363799,0.004922412237357837,0.8893692835630436,0.9371064716220723,0.014338807664693675
1663,0.7785113216276783,0.7968879946474177,0.012417876438619802,0.12357719405420835,0.9216026812819105,0.9471031451907604,-0.0004455952557907245,0.10448394535913082,0.9661531908053601,1.0087561707285302,-0.00711078994432148,0.06159237967312415,0.879914612216726,0.8979093289340325,0.013441825248211029,0.7229958164816956,0.7415235158601927,0.011877550410657136,0.8576448623815327,0.9772045913753635,0.0041552296958663835,0.9290282941356277,0.9435144530216789,-0.0015214701527094042
1664,0.7521590973567254,0.7331356585070715,0.009148353283890806,0.13119671113828313,0.8827714342806627,0.8412610450260916,0.0278613946185573,0.1306090135800293,0.9609347082384121,1.0137246158749673,0.0010736597668551176,0.06602036081421533,0.8680714928450027,0.8684255114325036,0.005830044835668243,0.6895516384419895,0.6640211670932789,0.009336038003266222,0.806857971670491,0.7117685519042147,0.07785399992526658,0.8937629828731514,0.8554961402709038,0.019645213737842677
1665,0.7735076085530947,0.7327387718250535,-0.0024212755482672984,0.12526816897685095,0.8880618702779626,0.8284743537944945,-0.026109011068198826,0.13138972614380937,0.9842960225488341,0.9204022873494031,-0.018761369042714082,0.047880305064210434,0.8957973922447665,0.870567548141107,-0.01155089050628113,0.7082773045059215,0.664028861081429,-0.0009369131315817071,0.806225318695671,0.8147453066406635,-0.05305520992631814,0.8990147256088554,0.8339962799410203,-0.02135745332390073
1666,0.7456396492827333,0.7864099116109682,0.00686294603499642,0.13262534012560112,0.9058150406988654,0.9531849496686637,-0.02668855217242435,0.11798391757721816,0.9491262797854434,1.0926715924620032,-0.03548983171554792,0.08703587534468654,0.87357189531107,0.8601960155711781,0.012918581209072227,0.677708511445346,0.7402192934876204,0.005630109266295256,0.863382234067459,1.0346255475851551,-0.03354433972846046,0.9111056326054242,0.9453931394302699,-0.026391101302117102
1667,0.7704661081643059,0.6481520372095771,0.014969521479935336,0.1294535151005958,0.9061562448759084,0.7072108172947981,0.006857010509264549,0.13024676247702138,0.9829445563381974,0.906974046226992,0.01732720017267347,0.04986178551746171,0.8831859921703089,0.7797148836103877,0.013260203692332885,0.7098246327754676,0.5825687999974217,0.014662450534262506,0.8206524430024917,0.6703036151828484,-0.017128085509194958,0.9173415494316461,0.7147997734241763,0.011495646191633556
1668,0.750313230195227,0.7854342206782328,0.014093515128597509,0.1320488002456822,0.888413594077986,0.9228884872822353,0.013388584836336008,0.12591442234290326,0.9672919877943402,0.9314551947559397,0.014252649541321643,0.06196622523030514,0.8592573082964456,0.9189237859297199,0.013172435368674998,0.6911524930123768,0.7161670897396972,0.013741679139666821,0.8012639978963041,0.8707620200275236,0.005155379554198214,0.8983734547551337,0.9299718836320616,0.015352422233605011
1669,0.7780021549869696,0.8471726619819862,0.006891232430744037,0.1238783976551248,0.9049799764256059,0.9653026199311038,0.024876610879226293,0.11842616275594614,0.9812714190546644,1.0974679765905428,0.0186154492168464,0.05435123183139614,0.8830592889033728,0.9503390103702514,0.004338536208608929,0.7208234929681889,0.791036649279919,0.007129088657181545,0.8321410018428027,0.9032869553622858,0.04431321278428253,0.9132105940142361,0.9709452320952143,0.02191690827699938
1670,0.759786859052431,0.6785785637116022,0.009344544526616106,0.13007280788922965,0.9303643489736153,0.8344760719009561,0.007282601843297675,0.1013717231170994,0.9728318155546999,0.9454683157619951,-0.0012895568044589654,0.054294311184102176,0.8772537172554135,0.7912580101302762,0.014308301260215464,0.6960602268742129,0.6174574455275185,0.008082808346654884,0.8618229216208881,0.7648006012660141,0.020880221291099583,0.9379471531890988,0.8417334703675297,0.005541382425552135
1671,0.7730770059919733,0.7703122426848689,0.0021196425309461505,0.12490579034447191,0.9249899729589335,0.9368142710284448,-7.802557451834242e-05,0.10170134549518421,0.9758720133952858,0.9306261119047329,-0.01944525318546121,0.05571366598547046,0.8876820287476138,0.8868046923472442,0.0041325149958292475,0.7110570557776678,0.7071269666887585,0.0015879863720007028,0.8867718194690457,0.8205689697144393,0.021395915728510607,0.9295662315188755,0.9498626415814964,-0.0029031380282063647
1672,0.7708697661747217,0.7635171908685119,0.005508763224531789,0.1254981194965996,0.9126083593207648,0.9431334877508851,0.019427646276168033,0.11146623161212284,0.9713949465551808,0.9835225474714216,0.0014072121988181184,0.05534337575633545,0.8776711355873488,0.8571870657687024,0.010006536134426773,0.7124940169457679,0.7102303927231461,0.004482845811984769,0.8473691714996728,0.7564137736826927,0.04537959677986241,0.9210159719434488,0.966538105789209,0.016227998937893562
1673,0.775068954198405,0.8003852984128547,0.002183082572500225,0.12413919254458783,0.905905094417712,0.9450597182643913,0.019523359312412267,0.11572880716258545,0.9280044714930096,0.9723862066403192,-0.004420986790290568,0.08967550637649853,0.8833803437469087,0.8721109225105408,0.002343436627828388,0.7165041011437759,0.7584115987606368,0.0020892401020957503,0.8919197183434501,0.9264810720842395,0.02522498169933037,0.9071033896382172,0.9466419479419121,0.0186937231392338
1674,0.7277838357940898,0.6717488285053033,0.0106634149055316,0.13915554980892708,0.8153611285281511,0.7416945531423697,0.025460326824940253,0.1664579435851297,0.9100405260781326,0.7196775056818825,0.010535754598286285,0.11307316478989493,0.8827892923515683,0.8676391583683161,0.0031228581151913648,0.6484106187456443,0.5809969243266708,0.011154741544972598,0.7383596310509064,0.7935768753469582,0.06205685316394486,0.8267012046963741,0.7352226584973132,0.018735289605930145
1675,0.7681300903599546,0.7350276618148919,0.011279367461586337,0.12617306297125644,0.8929133968298049,0.8952887067448803,0.00040982832720484367,0.12147120584469238,0.9801699875616002,0.9823658941823565,0.014502552292131878,0.04829603594417378,0.88381158793937,0.7969278059754603,0.02241128086717823,0.706892843792378,0.695505072089518,0.00896543309095808,0.8572188847321193,0.7480872945133165,-0.028283686106773273,0.9008654306369975,0.9212210067399935,0.007274092750421678
1676,0.767907559697076,0.8204854910234968,-0.00292425298555804,0.1270501712583575,0.8698473052417192,0.9888696408547105,-0.013602767051344434,0.14001730760753162,0.9840901302804331,1.0047103741276615,-0.022534890612990542,0.04700854304316932,0.8746272080534906,0.9349454510998226,-0.0032427429775932245,0.7093674860723531,0.7580868200192395,-0.0028807885903220556,0.7288336568962941,0.9744953793863288,0.04136964306396212,0.8908771570061873,0.9890428165951741,-0.023166506106319918
1677,0.7750328893133658,0.702252228830734,0.00632948490731318,0.1251022624607671,0.9151731909365781,0.8009582458486784,-0.012120905285205878,0.11524227963082748,0.9804602550304713,0.842528828265679,-0.01121203381584606,0.058382561655011524,0.8908730880093995,0.8258540208735807,0.020011384760227763,0.7130536313577407,0.6348641165984954,0.0035139709243362824,0.8334604215725596,0.6996579034388879,0.008289802556247155,0.9242839180072799,0.8119014856537493,-0.014715018773134294
1678,0.7499125644559572,0.7697407775130377,0.02682344714968691,0.13390873622899788,0.8876350916390408,0.8877232874085517,0.039272074444296035,0.1303054806115553,0.9493626454969666,0.8804576603155811,0.03123188572265948,0.08289089530961295,0.8914819276231818,0.9212304710478455,0.02398784667816624,0.6757447896553443,0.692251833919988,0.026398556914791323,0.8549400500478554,0.9151436014605163,0.03400987995333989,0.8911575458562399,0.8853258106153268,0.039941148412633125
1679,0.759181457304619,0.8985979561349307,-0.006632505955525753,0.13220160111262363,0.8937476690647399,1.0664711361135353,0.007502116729191473,0.129208243156409,0.9645685984185761,1.1169395956330506,-0.0039748361263697105,0.070123381807782,0.8617985521377631,0.9821786348177312,-0.002801603569370489,0.7026774236613893,0.8484184178816865,-0.007229726585419265,0.7599889794703202,1.0070522338571657,0.017563082544105376,0.9092637358486287,1.0718783576299904,0.006246099454947858
1680,0.7491012955811126,0.717498722048478,0.010160789210206035,0.13219680739060713,0.8874557350645069,0.8454100938135435,-0.027392687266099777,0.13079240220415103,0.8965399919126671,0.8066618620920771,-0.02990687572271773,0.11505808226394813,0.8738027513284097,0.8433023067089185,0.011152278675532274,0.682636617172076,0.6512704229152124,0.009588596959952385,0.8411520327427217,0.7571031966324692,-0.02304514470426066,0.8924401015991843,0.8560402763127897,-0.027225689553390428
1681,0.7723527614418039,0.7866262369081958,0.009842559076928057,0.1251219856482961,0.9093318751043578,0.9090857933832321,0.011092172823414324,0.1122868498586064,0.9607678864461848,1.1573385901385,-0.01459169922357788,0.07850970991180718,0.889323079933662,0.8643249769183101,0.014353026046485903,0.7097152650060922,0.7402241250934741,0.008795562795555196,0.8948770986668574,0.7357375750184286,0.002319032325729867,0.9137888164762202,0.9355585190993215,0.014482352034676163
1682,0.7613403416934439,0.7686135190542991,0.008239446925783295,0.1281421531487621,0.9024128640952325,0.8594489325333858,-0.008511264427118638,0.11800475292983628,0.9655228357243859,0.9515633354738823,0.0010710761357560124,0.06091322474421201,0.8773777522891582,0.9405851660615432,0.010425912540314872,0.6997484134127949,0.6838255865252524,0.007317912324350777,0.8646452660533693,1.0706312893477667,-0.020278446275978062,0.9099254345028217,0.8418052875528054,-0.008836894620519115
1683,0.7672423308537519,0.8286675109299789,0.004021489444995514,0.12740810858717996,0.9164435875304866,0.9863852166685828,-0.010616067670967488,0.10965593629866864,0.9654220005744568,1.0917495205449212,-0.012092063611542957,0.06814835103962077,0.8764151287272175,0.943068586123852,-0.004944644426430132,0.7081973610865487,0.7692748554835028,0.005473335806761776,0.9059560247362879,0.8113482720577373,0.003621969272892029,0.9191838029638499,1.0096781545841937,-0.011537448142906883
1684,0.7704925275325141,0.7827264947508449,0.0060991029832133,0.1255960816586398,0.8974697553084274,0.8841433123335395,-0.02845392276588179,0.12479503475432546,0.9531835589421745,0.9698256162864087,-0.015791559376189604,0.07302250353112515,0.8874773239417795,0.8995816448277024,0.007572941443211025,0.7076887032510654,0.7195751915318723,0.0055593426465501096,0.9016588698776318,0.7539526336524038,-0.025403005490007992,0.8984016499346107,0.9017618284896206,-0.02760722157472356
1685,0.7516385056598757,0.7576493727547022,0.013629235226331981,0.13160794634525375,0.908055622278647,0.8765494085540594,0.01613362873261416,0.11413137187650133,0.9587947833761151,0.9656120513119144,-0.0069401884420315415,0.06729989338467855,0.871734943276946,0.9169521017304927,0.01907881738874197,0.6879513758353142,0.6770481733752713,0.012014217626779561,0.9163547543574382,0.9262026976052055,0.07283012539147289,0.9117983076613698,0.8710217902333252,0.005972384008386613
1686,0.7276699407139747,0.7387575508700944,0.0087854605483534,0.13840812068159583,0.833979974780421,0.8827289577207188,-0.0033944489562661275,0.1547506775560205,0.9354451902894576,0.9915823966899806,0.012706094396248981,0.08628830053475105,0.8401554647198698,0.7714396030466794,0.022741283185735532,0.6696564246356481,0.7140701007075749,0.006004229364410727,0.6026372261001649,0.5036924904000233,-0.0009321553434909717,0.8666417078596037,0.9473991839508278,0.0003827755743903872
1687,0.74911115795105,0.7027756319835706,0.019291611256040172,0.1330290644957815,0.8693553229411002,0.8093950980899892,0.041794967654654895,0.14217741196596353,0.9584336696174155,1.0235253629005454,0.030752074578842548,0.07538285180720249,0.8767928402004757,0.8226748420615291,0.019536315609105064,0.6811462113335007,0.6392972257819892,0.01865832706814168,0.8585146730846361,0.773170644102095,0.048555204776814714,0.8701870017992511,0.8130706655935174,0.040914149951853815
1688,0.7597485191311547,0.7430055531979037,0.002618383440616107,0.1291398722840783,0.9114415657905867,0.8859903134892246,-0.01542602658626216,0.11292415954568766,0.9489528095552777,0.9835124679891786,-0.002029331599930281,0.0748854827307208,0.868677434569636,0.8367598950758257,-0.0015302896849791684,0.7007246959030414,0.6923468444992925,0.0032530882231870143,0.9295044694427117,0.731631543745549,-0.04830899196534258,0.9159984556379236,0.9141698388444137,-0.0077775827488355456
1689,0.7725914944644211,0.7293567253345756,0.005215122999626134,0.1251108005569797,0.8971763957539534,0.9100296246672548,-0.003259959007262788,0.1196682193757727,0.971969998873317,0.8989211793825673,-0.01577506253134155,0.059825763976403525,0.8949607453802892,0.8324114992175086,0.00799881090177271,0.7067111581202369,0.6718414716630553,0.004494514889726427,0.8947922858049525,0.9226825158038914,0.0004974083794212133,0.8970817754755506,0.9082127690524527,-0.004031255851294955
1690,0.7861210676045106,0.7485350996794323,0.002143698200436135,0.12104336604956367,0.9279534955294357,0.9515450797118842,-0.002512672290794488,0.10001232047262841,0.9881179659243553,0.8919629556359598,-0.001846828505713657,0.042396725953517476,0.8829231382884588,0.8267559699707963,0.006252200845648618,0.7330286485969651,0.7035780365926917,0.001260305683589469,0.9007785951408864,0.950266401038709,0.016539721970909096,0.9311432218151594,0.9503437332757468,-0.005810530201595347
1691,0.7701037765056872,0.8340786151647085,0.009511660797702642,0.12644363059863017,0.9444769231090651,1.055024755526718,0.007199056792870931,0.0918692568897092,0.9830393572005972,1.1040777870862406,0.005855566732936894,0.05036505286555417,0.889084742129662,0.946238068118695,0.010782757121941643,0.7058536205324539,0.771586610113326,0.00899050191192449,0.9510170167716588,1.1586697819178817,0.010729314674245377,0.9441288611625389,1.0442352017827898,0.005749555425760377
1692,0.763671824891601,0.8045754879567432,0.006005858739383297,0.12768313468672873,0.9149224890574074,1.0264728730964694,-0.0022540268327468057,0.11188383256518258,0.9723968076674632,1.0793814468958725,-0.0035790807119472187,0.0595580853177662,0.8859140457199483,0.8704291408170354,0.024513394860750017,0.6998551431769651,0.76050045284689,0.0024008186381289614,0.887482331816755,0.8009795934408755,0.05582428208415013,0.9226692147272739,1.0560989559100746,-0.011550251491791936
1693,0.7765079011483176,0.8043171344180455,0.006163718451899596,0.1234279836655814,0.9311978810195362,0.952300980034658,-0.006880644861400935,0.09711206890781976,0.9757314674473551,0.8897711312529313,0.004992626967803321,0.05514747542275248,0.8869771822561131,0.9349557369252686,0.00369951440932206,0.7161388767324092,0.7357066935003521,0.006314714844125738,0.9059840478954664,1.021028318428419,-0.013735408092373893,0.9342494970207884,0.9456681957806742,-0.006424066342326883
1694,0.726834988645067,0.709950119173485,0.011407488987978585,0.13860899988095138,0.876742673600577,0.8023869441021682,0.032573893160672114,0.1361202875336194,0.9258028503660056,0.7746058302297641,0.020901896659443153,0.1017126640257963,0.8718986832656541,0.926684067050747,0.007818621243838612,0.6525780927026241,0.6108542612713058,0.011175115597341106,0.8731465188843739,0.9808379263852113,0.030753836387319128,0.8789873031422357,0.7864441274689298,0.03135046485696624
1695,0.7670908483864152,0.7672884239082651,-0.001789768826630514,0.12689173158746755,0.893568901913567,0.8742084177988901,-0.0002955565695203088,0.12192627631386102,0.9857981073485207,0.8904851068827196,0.0033532910190795613,0.04553188400520043,0.8747552293266574,0.8590179602860541,-0.005050940747752934,0.7086979991060609,0.7171158994327386,-0.0012302122978101154,0.7801270288994235,0.6249031028204421,-0.02651249497263864,0.9130825169471571,0.9183113492119445,0.0074862061471884815
1696,0.7506604555942674,0.7292678460591625,0.004165580064091644,0.13201897471343169,0.8933203316378028,0.8251663327565332,-0.004398306722917635,0.12478083717505385,0.9773502992278836,0.929875942046104,-0.036425088450850136,0.06338573177689863,0.8605763850672802,0.8664716101712083,0.01101203933796255,0.6915246539780516,0.6578086882140313,0.0026172803942237227,0.7474406923611505,0.5958380223237693,0.03176303196478117,0.9114618600556148,0.8551677837843885,-0.008915266351252855
1697,0.7577456091663013,0.6923683601557001,0.014692632345902318,0.1303719088104646,0.8981469404571847,0.7590746698427755,0.029850891290433803,0.12785977925271852,0.9672111652062165,1.0016078611849777,0.029772073069965856,0.06695427940444298,0.868887710168221,0.8461038568800568,0.017248149991235782,0.6982709612826062,0.6163957252725657,0.013540428086815806,0.7493778011638813,0.8053152415327788,0.011874011588885472,0.919354931963814,0.7564480796856624,0.03244431698856161
1698,0.7467470380449152,0.8110110618847445,0.0014849857733935936,0.13373617813566868,0.8908112863865429,0.9962255744648719,-0.015745249501238765,0.1275112179295706,0.9256712165036448,1.0812130388111842,-0.008456540475512322,0.09691525374915161,0.8832869245001281,0.9160722960510918,0.005462817643697132,0.6748498327517123,0.7499344362547732,0.0006764825058194816,0.9426729756822645,0.8889829382025175,0.015910305840619917,0.8869936999890664,1.0082490047396127,-0.020514459341840097
1699,0.7682628137376756,0.6943391194833002,0.014735340779788724,0.12705528840506364,0.9146914418049419,0.8377207411662101,0.016075006650704996,0.11040494063076127,0.9826442975112715,0.8759114848391678,0.019575389032858114,0.05426734873832325,0.8746262516624425,0.7666267663134559,0.031612286095465875,0.7109527248261256,0.6492923515031874,0.01123535485537519,0.8489995206993134,0.6160413703460422,0.045277325194453,0.924604754696476,0.8673587057518481,0.01259836470075221
1700,0.7816087680584778,0.7936175319691801,0.006864567924612841,0.12194323004189483,0.9226753203952269,0.9017914526266698,-0.0004998605473349662,0.10329432702225146,0.9902331597961094,1.0385744126202636,0.008195245621087805,0.034936128796587175,0.8894226314858862,0.9201015902847134,0.0015304225775699119,0.7231837691051513,0.7286187301036082,0.00753500727470057,0.8773200244957594,0.7435228802456568,-0.02980315996195457,0.932065915262017,0.9295083570516156,0.00659991731759524
1701,0.7733937787540157,0.7649648594367325,0.00594844918711298,0.12463258125026495,0.9053365832909037,0.9204133565528799,-0.01411511687223786,0.1160803062487007,0.9614062109099752,0.9227528704874793,-0.012827395329750945,0.06645582959778708,0.8886663044604298,0.8692962885017944,0.009987103798199668,0.7112507245522738,0.7068006585990181,0.004986897300158194,0.8998291283326717,0.9310869211579459,-0.016247815541365656,0.9056731065065685,0.9193927406928094,-0.013858372882859507
1702,0.7624533449802529,0.8278611998177259,-0.0013244489069455993,0.12882270532990395,0.8967319401713089,1.0233097606696044,-0.024685584963376063,0.12631834122483077,0.9541470993428411,0.9964696335268445,-0.01647328910038873,0.07327930054507421,0.8806053004381055,0.9275234412058305,-0.0020052218555030015,0.6988991948018926,0.7716698805725569,-0.0012200492657209472,0.8622965101353158,0.8215604097881269,-0.015026310813708706,0.9023019302097367,1.0521811814323963,-0.024429789678756725
1703,0.7613542004715173,0.8029617230736822,0.006305160409072238,0.12871273786915868,0.8791129307998,0.9118000668001095,0.003367259425524848,0.1305168898506026,0.9353408596509571,0.8903518050413316,0.01037716105987755,0.08540842834858416,0.8873684860494062,0.9514573002023161,-0.0044906108745253175,0.6944095450623438,0.7288784178687674,0.007880693768673699,0.8079466296505344,0.7552634340462919,0.013754137844863847,0.8873201736950407,0.9316471744648409,0.003002423221292018
1704,0.7828199071753454,0.7137537667203779,0.008776582385076373,0.12269256036363033,0.9229605803840635,0.7838826447917284,-0.002021770145144463,0.11199382609023342,0.9896336104842007,0.9305545602230528,-0.00931824593593039,0.03716618915953337,0.8837660946446234,0.8150595474398553,0.008654552238918627,0.727045626411876,0.6592256058604725,0.008455533966307986,0.877086077726718,0.7256584723511162,0.022077773813997167,0.9283587519882074,0.7892285285313262,-0.0057275042989335615
1705,0.7452648122518801,0.8188853773276015,0.01419803412133724,0.13465717448449468,0.8848462765450384,0.9076961714296056,0.04433552982390391,0.13401219845754828,0.8943181117867506,1.0044525236330535,0.02145882250164966,0.11362691394930305,0.8861821057073889,0.9423036562231498,0.018538398775139048,0.6711350295512502,0.7492635143062848,0.012989775319366372,0.9168473126266717,0.9888576727600951,0.03940802115473998,0.8812421537303194,0.8996214333571987,0.04449937950700332
1706,0.7475997250542228,0.6654995393972205,0.012237072101187522,0.13376878886231042,0.9048978019755872,0.7686887413356203,-0.005051591187702166,0.12301165577700626,0.9527013115236189,0.8894952279757911,-0.014755974706512423,0.07510082855659087,0.8681534209035254,0.8271035156772885,0.023129225657658424,0.6846887819546648,0.5856785024649921,0.009647398494396369,0.8360092912743697,0.6812506690749629,0.013845416455668324,0.9122454673781648,0.7776694776336521,-0.0075360238889872555
1707,0.7573765853455359,0.6895827613732813,0.00913677213428252,0.13035284636516306,0.8994352649461392,0.7969141668147721,0.024892559939735815,0.12329636232942708,0.9432791721908339,0.8581442155506718,0.0056851304354726875,0.08086680143107688,0.8929331575366724,0.8566660767642813,0.016102221057384795,0.6863864333996548,0.606227682588591,0.007360541323825245,0.8697422051858712,0.829210398106505,0.038486573720186705,0.9029926753155394,0.7924862924415653,0.02226868548567183
1708,0.7346840135765912,0.7756160775736627,-0.0028536281172415823,0.13688070623041707,0.8760726281642683,0.9668693350148833,-0.022936100748507417,0.13634993750896549,0.9298193622597253,0.8658476076085863,-0.03568890879699099,0.09699779896914239,0.8720605854999518,0.8732346875691669,-0.0008925583287947005,0.6624578462451679,0.7186901283067341,-0.0031650900896356376,0.8652579391021893,0.8637257694431498,0.0031229332193408958,0.8776255404413394,0.9779983540914701,-0.026637505587074225
1709,0.7517508859508134,0.7915422257812859,0.01662853137269188,0.13196412716056666,0.8795533245205358,0.9880947792526175,0.029121283552579934,0.1365548775064781,0.9519389209697371,1.16200690826227,0.04349973103187619,0.0941453094779824,0.8803547634279701,0.8517024567103713,0.013519779736409146,0.6854524078108002,0.7561796032904773,0.017002399022501398,0.7586794358463522,0.7193028171338168,0.027035774164286517,0.8959273303603608,1.029408340132477,0.03212050701810638
1710,0.7399751500464608,0.6691832251971832,0.021290936146403136,0.13674410818979665,0.8879563811080006,0.7883556936105323,0.05726376365260031,0.1399628988178804,0.9561197065659014,0.8931205698963771,0.031741166692729764,0.07775778571431388,0.8685288958497122,0.8182518002163672,0.022182395481918762,0.671442765474389,0.5944648592079932,0.02025858215292206,0.818517450811986,0.8644827175607757,0.07071258048966392,0.8974591244609256,0.7798996653686795,0.05434037463002964
1711,0.758355814892471,0.7177381621142923,0.00684626787758881,0.12997548490971364,0.8907798069969396,0.7812438822594432,0.009603455082311986,0.1280043176946273,0.9730446781723792,1.0982645028188835,-0.00997013755691733,0.06126754492510775,0.8886400925418955,0.8655803880811023,0.005929861155189713,0.6891877943442682,0.6426692440158536,0.006633522662370219,0.8957020057407379,0.8323568800893271,-0.012544997318518662,0.8908103435721499,0.7780940344887571,0.012796003483505672
1712,0.7632099759415445,0.741383175423061,0.008191220296370129,0.12776882309876172,0.8816807506512652,0.8371887908569996,0.008233249356609726,0.12962170659373987,0.972405295078512,0.9610670135757071,0.015722417946754722,0.05677214654948941,0.886807298627959,0.9013215922816693,0.012673131611449444,0.6981478652247862,0.6612212497336889,0.006840356363024715,0.8320767480255248,0.7696382283690771,-0.010178427658426917,0.8879925633581501,0.8479746587986104,0.012213143343072046
1713,0.7666901283476077,0.7756001229884998,-0.0034833199261574423,0.12724417685211084,0.9003547686920557,0.9401038114875805,-0.005810676843080994,0.11873211992758964,0.9446665621764401,0.9927648491201129,-0.028081285933449437,0.08306792774214658,0.8813024811563304,0.8546170694078092,0.0049216432320973984,0.7053475067707666,0.7277547994335913,-0.005022017412860769,0.8734741167404971,0.7689168056920259,0.008674380333907623,0.9045979815046955,0.9629236647127993,-0.006764740981178201
1714,0.7896156659047708,0.8054008484214303,0.012134627934751126,0.11988840866746346,0.9192662145430364,0.982363764747408,0.007378575707340303,0.10701408157943372,0.9800448281672683,1.0157062414262796,0.016582942430255338,0.049736190487018626,0.9081801357844953,0.882286444553406,0.003915568783525989,0.7273065620285984,0.7639103792665194,0.013454035706725969,0.9196880268351899,0.9057588175909738,-0.012361864783267656,0.9205313106253452,0.9953711641101656,0.011649843795868349
1715,0.7761255046017702,0.7401358675698066,0.006890687319406132,0.12372885425611677,0.8841794336799367,0.8520821656092711,-0.004648260586365351,0.12743896701738755,0.9747818690358855,1.0620805681909475,0.0013934774511473896,0.055378752643685754,0.8762996637493699,0.7805049016705002,0.01251732216999512,0.7223031199931431,0.7137389890894301,0.005726563777856576,0.7963613931603378,0.6149171291343928,-0.03527181028389403,0.9024502306480954,0.8972679072172592,0.003999046664917893
1716,0.7563206802557467,0.6686920943163621,-0.004402941079971041,0.13273622599541032,0.8813380839130751,0.8138369168478303,-0.04180028659497065,0.1414725992569246,0.9372120644442454,0.7902946032163741,-0.01876532812319806,0.09350500422373587,0.8756176659598756,0.7821114095158966,-0.0019615219108611048,0.6919920137428729,0.6079755850281027,-0.004889590188453734,0.8210974323933389,0.6243766496625729,-0.03837101320931628,0.8902259364522732,0.8413273817164275,-0.04016932547868565
1717,0.7497836104716076,0.8277890190855204,0.007346235875485523,0.13263993059483314,0.8961309869301527,0.9781964457135215,0.035139304734647867,0.12696816898542396,0.9345559852319878,1.0857672885694885,0.02112814835073607,0.09288540803354448,0.8777517560449053,0.9655781258014121,0.007585914953600868,0.6813682412965226,0.7538398327600703,0.007004065339045104,0.8465113195492366,0.9756644481960931,0.05066911993776325,0.9016316580455431,0.9773101959909423,0.032438173318801174
1718,0.7567657238788198,0.7364964888799929,-0.005098449798372702,0.13071154014218314,0.8999600756187323,0.8652741672515011,-0.019459247088310788,0.12135478631974676,0.965368796154937,1.0490384998340736,-0.014499538792006609,0.06543211159190396,0.8771675814184333,0.8165692771113516,-0.0009610833192990818,0.6926627306996072,0.6892802068640292,-0.005815133229745417,0.9307234959337011,0.774928372173155,-0.02631994157544763,0.8980970233797165,0.8784049150012403,-0.017256547233136715
1719,0.764922045639366,0.8243322311994611,0.0009570443068043934,0.12804950870382611,0.8942464012292815,1.0124949599358903,0.001151113655634313,0.12570371902884128,0.9347865428178911,1.0192620424959469,0.011973729817286777,0.08748277077797556,0.8647314589434246,0.904439711393988,-0.008506452359459607,0.7108411632564005,0.7819405676510709,0.0026523392393662977,0.9060591861074362,1.2296129907379876,-0.013868636476679118,0.8943613684608027,0.9940233155572756,0.0015860243269822055
1720,0.7689494973178427,0.7935726849633795,0.003749021887651169,0.1265108456941557,0.8706136522173782,0.9344555718476145,-0.004401090498329835,0.13691391193598496,0.9716599793396863,0.9715679496760493,-0.015543205855890245,0.05743782076432677,0.883069391652783,0.9216171331937403,-0.0036694193969308143,0.7075733847169974,0.7279892870642927,0.0048767646382655485,0.817415215386909,0.7498217715008809,0.04406379814843634,0.8788779769102351,0.9570577166717736,-0.01190081528105885
1721,0.753841461777152,0.615784366039423,0.01257955804741973,0.13426886882128472,0.8968896675065287,0.7334580314501045,0.018963913614651717,0.12925251757876202,0.9622602174089652,0.7218598004528048,0.010709427174634504,0.09086692200174216,0.8866357538284255,0.7605805835818603,0.011788301487361465,0.6827942109049069,0.5435727216503046,0.012166365965405056,0.9410484736122335,0.8986168061759745,-0.015784551065104128,0.8940663121874919,0.720839336496853,0.022857823378095502
1722,0.7544878304562996,0.7748045854694516,-0.0028421717401840804,0.13112501646045782,0.892600998209728,0.9306694872417843,0.0037318837617734235,0.12296198007485346,0.952937285656984,0.9049108104442937,-0.022764807986478282,0.07582704967020246,0.8837038263588926,0.9117285366231265,-0.007127351659552999,0.6857523784926781,0.7035317061957204,-0.0021608334443140448,0.8715495813774928,0.9365769891116474,-0.009066975121827373,0.8949208305464855,0.9315899513005625,0.005869256073923787
1723,0.7719263150245266,0.8046507299391249,0.015674654803293435,0.12586971918765436,0.9130247368252012,0.9341230867766094,0.031303288224376884,0.11388858309648185,0.9675144052280161,1.0056857632561744,0.025860377067960245,0.06507476764745115,0.8823142610149597,0.9139484111285233,0.022021675248067554,0.7122398408650032,0.7436659519549498,0.014059538321517021,0.8352122445713358,0.8381461640101396,0.020751864516028767,0.9221812899913094,0.9475020328413185,0.034119098979464475
1724,0.7445622394961688,0.853521030092867,0.006587455234988656,0.135156638646093,0.8595289791970832,0.9927914831218919,-0.02001207966376326,0.14632641460434537,0.9285194089112019,0.9360318767411788,-0.0028526829857431304,0.08837679989058532,0.8866500244478551,1.0144948292905465,-0.006940163033080499,0.670259749095886,0.7727197959977193,0.008650004740847463,0.833549756017771,1.1214933665470854,-0.058501346549037145,0.8641931564767721,0.985033738869164,-0.015176783454716245
1725,0.7781707682472858,0.8195727684801665,0.0012219730321539138,0.1237191045046753,0.9339252730765928,1.013884458566019,0.0002612339794874879,0.09739923659237607,0.9741432090099368,1.0491030813187903,-0.017747808910068188,0.05792784025565224,0.896458144726334,0.9090864764766009,0.010263528823549545,0.7148218266918738,0.7658300190755043,-0.0005228420553130101,0.9308252223725444,0.9886502686912864,0.04118329716784122,0.9359657989198819,1.0148862505812,-0.006748620354274713
1726,0.7713383613262703,0.7559649922562321,-0.007291433806454954,0.12651062997674023,0.9169760755029785,0.8891110935517438,-0.03690692085199395,0.11594943789410918,0.9569811771137154,1.0179459719974544,-0.041634573515352526,0.0803577253550527,0.8860579001269221,0.8764124538070576,-0.0011500827396578946,0.7093812306590074,0.6901985223163742,-0.008348164106796556,0.8349546568943271,0.8129223992554612,0.010895633042451405,0.9282936640012064,0.8958641793300728,-0.04468467218349145
1727,0.7732781603471962,0.7165409339723435,0.015458774108840861,0.1257433563440331,0.9053415485854249,0.8324401858844869,0.00584591318126634,0.11632635817600646,0.9717938104530908,0.9481216762691428,0.014192547580311141,0.05700468435392472,0.8709053688822319,0.8270674002923948,0.019214188613298315,0.7194969391166605,0.6575284294288299,0.014267438337861557,0.7938580777397523,0.8020358428705634,0.03436689673578834,0.9192445352556805,0.834042111166449,0.0010992502555399217
1728,0.7706230423732956,0.8503503075547598,0.012358780146688337,0.1266478877246689,0.9166256944007238,1.0643776880158087,0.01739978221760291,0.11496366414011931,0.9802398871557554,0.9847066368343308,0.006588916468773736,0.04667093185535217,0.8843114895443577,0.9392158621791877,0.018786217971106856,0.7092996304352085,0.7974626323085909,0.010877974831274314,0.8393178149393495,0.9166536388007352,0.07485965313577009,0.928266472116344,1.0804116923292288,0.007888187397452166
1729,0.7717191163791117,0.7820441890972464,0.0017121502815102528,0.12538900722121712,0.928648283293859,0.9750789134511813,-0.0010763421419120337,0.09961515765709093,0.9810807938509027,0.9508602180738346,0.000535170947568594,0.045537204387040384,0.8781475248420412,0.889635890106997,0.004070433553448324,0.7136440927185375,0.7229830984686928,0.001123519753427388,0.865361495560193,1.0067477482499319,0.033214676926139455,0.9375647810817824,0.9702879605887105,-0.007264849328509351
1730,0.7275946963351796,0.8360027563361888,0.0010249269530106884,0.14005606965847636,0.834322079355177,1.0054778664136255,-0.01874027831715522,0.16096141173903286,0.9249917144167137,0.9610886531522032,-0.03326920105885987,0.0973048101148819,0.8669282432006501,0.9105099419202523,0.015033752699696585,0.6555249704255663,0.78623709844349,-0.0016140373458967145,0.7993246134934595,0.930057774716499,0.011278621391827101,0.8382707565010263,1.0125142057882037,-0.023413419226372766
1731,0.753022427984921,0.6969844074375144,0.022069013843292573,0.13219700372288096,0.9150780750494519,0.8140265999670016,0.01965032062770831,0.11345966058722601,0.9740536735796154,0.798242170523868,0.026240095880161816,0.07498131959347915,0.863549302765497,0.8282999588963241,0.031277495310736925,0.6931930033322757,0.6278381466827654,0.019636634614661207,0.9341883614942139,0.8975936141821798,0.04203462264056395,0.914058307543245,0.8041505358236379,0.01515031632705618
1732,0.7596932092891472,0.8820407541348579,-0.0002826820574775884,0.12973873115307893,0.906825968712451,1.0624945049030485,-0.006649508090123145,0.11901430138486799,0.9689483205085573,1.1511353500216073,-0.00010851378754578775,0.06872303037964266,0.8769915742983506,0.9438067294269288,0.004054188860322135,0.6966199686939961,0.8420960229659659,-0.0010667566989864567,0.8680924027039651,0.9008269057843877,-0.002130936791406914,0.9118896601778385,1.0845207696332537,-0.005905905161388046
1733,0.7525600972733043,0.7111015778410801,0.008626955333408064,0.13136280716263887,0.8912781861001899,0.8835517597713612,-0.0015206723006768708,0.12317304867778357,0.9504382800025626,0.9117639262737122,0.0031597983699543373,0.07389465025213993,0.8757565409318528,0.815868110060026,0.015522644942766426,0.6868015140091056,0.6524045343960496,0.007061777903755119,0.8859949797260317,0.9112005534967688,0.0005344547499188142,0.8915356450565795,0.8803058053010497,-0.002149709106070019
1734,0.736855108105996,0.6870797188164169,0.010237147210872969,0.1356017584909285,0.8335451930399163,0.736167614540437,0.01415626706423614,0.15699745268942442,0.9605700347572335,0.986639880979937,0.0019216821479905257,0.065271200861277,0.8742333551860252,0.8154580269151845,0.01612114934739184,0.6639082886196942,0.6177402816255045,0.008784164253749232,0.7994966072157532,0.6034891608204032,0.02873116067050744,0.8379079249602055,0.7526060367448623,0.012789861931105597
1735,0.7447251088163362,0.7880143375809915,0.011791131215649111,0.13399572121629202,0.8763843866875434,0.8691855974352495,0.008534602931756332,0.13215744171925575,0.9708020660484846,0.9559194012937906,0.004893853459336361,0.056419451968374036,0.8622249766386075,0.9252621732002326,0.015453885116481242,0.6817752928272993,0.7156225847228235,0.010678595639942261,0.7525440821149435,0.7050992585441785,0.009157842092224243,0.890691337237967,0.8905616902761357,0.010105477628807119
1736,0.7696355191209516,0.7934641158080995,0.014601615391277585,0.12631640792536283,0.9129011717297569,0.9619065306881148,0.004367624414575031,0.11051885209597707,0.9554242977699949,0.9180940160394726,0.008364145166173976,0.07043919586777654,0.8786044364134982,0.8896500871111873,0.022300778025063965,0.7104339875201137,0.7379536600909382,0.012774110182903772,0.8925580926956075,0.8818029374988179,0.07268786717972076,0.9205140746183585,0.9710905389279841,-0.0074711305979413825
1737,0.7699138706719,0.7445592432243908,0.004685034704586271,0.1257461851955535,0.8960052424003573,0.8602458274947065,0.022949601750107282,0.12227272429746519,0.9255385838965596,0.8834429202925149,-0.00904095537951357,0.09115323227291122,0.8895612845736409,0.8766809694453266,0.0076497632317851,0.705899754096992,0.6751715354837587,0.0038463810609821207,0.8871349755724715,0.8724099157158844,0.03334776699936795,0.8967117766350182,0.8580300338541825,0.021036377045687435
1738,0.757227357625225,0.7213741347789464,0.008129652475123343,0.13007129640518741,0.8920812012539445,0.7852469639696605,0.017792453241116564,0.12752040752065114,0.9683203354716016,0.9068886615254022,0.0017125938029732008,0.060442706274982605,0.879469245277656,0.8637206481494801,0.01122739105602159,0.6918466869289874,0.6479696669308382,0.007127343398763508,0.8252742373054544,0.7398829178721604,-0.005828218239153263,0.9009911986568043,0.7941157146644833,0.022452291873994164
1739,0.7644128410612335,0.801021315105441,0.01012335277499604,0.12759417077235527,0.8944316642541057,0.9467740835070502,0.015444111758218994,0.12256898353237039,0.9666421599404321,1.1246548864837906,-0.0010995890621143393,0.06897941658315865,0.8872768167682282,0.8732503241474232,0.009287984178606063,0.6994236527869823,0.7584797544215308,0.01009092471093786,0.8893395621448449,0.7625561217922445,0.02137056952801619,0.8972007911186087,0.9726640529967957,0.016078566823370163
1740,0.7555781961995556,0.7919997397249702,-0.009301070154783563,0.13091778918199962,0.9031692965774081,0.9662638223120912,-0.04046865234192516,0.12411150159931883,0.9574842519910705,0.9908092373889412,-0.03493498402572937,0.07654330550843791,0.8672990377490738,0.8781971095854091,-0.010432739318270875,0.6951166200597892,0.7428586192703555,-0.00893052146215932,0.8489429886764499,0.8273329141600186,-0.035684387529551276,0.9095592876999499,0.9844393790210546,-0.03981231078303431
1741,0.7654497431749921,0.8043674227586685,0.012692379098540206,0.1279739694705694,0.8936621892217802,0.9375355465323624,0.010654229270066259,0.12311967892885306,0.9820904817645733,1.0863145365521558,0.005103981473589963,0.04993598831480055,0.8853990261885212,0.8895956869779081,0.028019735157049946,0.7023573391158648,0.751915828877032,0.009525029117271287,0.8699162150024976,0.8623398744611394,0.0341893454872571,0.8964057109026585,0.9449007734760082,0.007109281177107585
1742,0.7503940407551785,0.8523148245853549,7.583133584220901e-05,0.13321134970351248,0.9156448228298444,1.0572422225661213,0.011835048242259562,0.11431998822833238,0.9810267953261798,1.1194800624654866,-0.014541056786764964,0.055541324862572496,0.877470374376922,0.9996528639712188,-0.0033957054444348086,0.6824461456717915,0.7748981214737052,0.0005824929224600111,0.9150186606317186,1.3256627512244663,0.031127520089996155,0.9194028907544886,1.0341576467818319,0.006758604820503103
1743,0.765903345394659,0.7541581007234118,0.01362908883094979,0.1268776582946691,0.9126458350410027,0.9465410552815489,0.01750199082561037,0.11081931809107552,0.9771307893157292,0.9339445605664181,0.020667350785673555,0.05467018494744941,0.8898490540927171,0.8801343947654856,-0.000820448699394595,0.7002949061957968,0.6919064330288046,0.015771892691663347,0.8990091957338813,1.1873142853968714,-0.010768124181124751,0.9171827369134826,0.9280609266810937,0.019786778222630075
1744,0.7616717714904179,0.7933197733548444,0.008975093482385645,0.12860558591819662,0.9046385327578848,0.898351969076016,-0.00386569378848635,0.11544057995117712,0.9298010732175712,1.0977838231614467,0.015017980332648964,0.09633900587164312,0.8914329062881405,0.91516995445889,0.01824114359646952,0.6926397760122537,0.7246237503946266,0.006966504553391088,0.8758541168221651,0.8298522788900504,0.010879158290725959,0.9077018419258911,0.905536856367985,-0.00582860262330554
1745,0.761264319512161,0.7948579504333486,-0.004061023368578337,0.12917960390138378,0.8831265575502796,1.0019086807890905,-0.04177310719610828,0.13863638066070483,0.9751211720717485,0.9784190430286309,-0.027547541855030944,0.058580709832779014,0.8658785658671211,0.8663305196019782,-0.010661350159611593,0.7051216325969131,0.7556811887373556,-0.0028037903976324786,0.7692041787166374,0.7044820408772293,-0.02998569446597747,0.899018842313802,1.0474866334276682,-0.0408543385092578
1746,0.7527010932197667,0.7794966403207215,0.007891266473415207,0.13121074361383062,0.8908211958845501,0.9424524143295098,0.000736507000869481,0.12435019954536627,0.9422800514152848,0.8664080619676632,-0.003787607288673719,0.08137085852198006,0.8851307187227149,0.8978883081557378,-0.00096782452157343,0.6832783009784794,0.7177548480740267,0.009229335539145175,0.9173350529017424,1.0214858033326488,-0.02287192429949129,0.8884042832969974,0.9366808169191523,0.0039028700302834412
1747,0.7793104924190806,0.764272108929724,0.010645843128067432,0.12291529408254452,0.9316419569742027,0.9098225152191385,0.019416795127340226,0.09817914412637152,0.984689196131835,0.968262168184941,0.036054104313861864,0.05462777784989686,0.8808686359715983,0.8642017810477287,0.010122929141616518,0.7234895317905837,0.7099737312346326,0.010432808815817318,0.9068801152518059,0.6403528141780163,0.009145651747772822,0.9416873406708635,0.9547801239956156,0.024258096817598714
1748,0.7665910833699456,0.710372161103587,0.012694142927597015,0.12746418526330708,0.926852214916162,0.8400116029468587,0.016999879078594182,0.10363069976587266,0.9789571921541728,0.9340556625010052,0.021608243210355444,0.05362517721827996,0.8801876971795267,0.843221441709753,0.013061295105481987,0.7052546703789486,0.642230572392114,0.01211380638356206,0.8470739452170987,0.881151790475404,0.0045328800784822125,0.9369861179664876,0.8370092969777189,0.018709526794330657
1749,0.7692373296923102,0.7402039758000534,0.0043963779829526714,0.12635911678449321,0.9291657832347864,0.885543094978453,0.0009837788624138303,0.0994734203386977,0.9713207285628597,1.0301517777166838,-0.011346433814716015,0.05822301400921635,0.8747359717287272,0.8673095774225624,-0.007822616579503344,0.712380291933724,0.6779567264626497,0.006310870328702734,0.928328567930415,0.96012842810419,-0.005673777526355478,0.9293920127156688,0.8783355621379189,0.001356750265285648
1750,0.7774948367601611,0.7801690879349998,0.009167044376030864,0.1233507077497745,0.914115033746978,0.9215538492844625,-0.00951915534088812,0.10974591532910763,0.9499510132715081,0.8291088203715694,0.017216612552718977,0.08272565407314679,0.8941267484758153,0.8862410416160731,-0.0016917512979556146,0.7154348297161013,0.7257971813384438,0.01086471595557231,0.870763287365159,0.9066503297403028,-0.046153553238325574,0.9212630097348895,0.9293284300827108,-0.0030867265357804948
1751,0.7499025795521593,0.7320812970300409,0.007386048111896627,0.13220440299614145,0.8705713607472518,0.795921950890906,0.018234356219108794,0.13822723910092163,0.9703957941800009,1.0115725244801992,-0.020428900375106,0.060851529274380846,0.8821259718303013,0.8938762758609218,0.013969667442592317,0.6806863353206454,0.6501461682553906,0.005770123659325142,0.8485383125151962,0.7657512349634201,0.03302048815446192,0.8726436457957898,0.7982238783192797,0.015922482632029455
1752,0.7450759200246456,0.7617449854664184,0.002518224562813924,0.13298644022514355,0.8634585287339585,0.8771001583622393,-0.003938847697765995,0.13890172881623558,0.9688730657522111,0.9359654262771739,-0.01432545767261304,0.060283689939787,0.8731845429060507,0.8410011409256198,0.014079756776256313,0.6774487810051913,0.7121189138204465,0.0003040570957306705,0.858694169923772,0.6634087019617902,0.024132919935767504,0.867385913702596,0.9068020055683679,-0.007185452193799635
1753,0.7588296486549442,0.7741176311595731,0.006283094098980684,0.12888513117684425,0.8857056323927671,0.8623867713877689,0.014687510925302558,0.1272281815815671,0.9495373170271624,0.9273595265851947,-0.0031661465435850306,0.07410321234214043,0.8904503037034484,0.9614298594173214,0.002301500170606643,0.689901953192286,0.6839896107047319,0.006463610789892636,0.8800042800295143,0.9840749223451323,0.0817412582170551,0.8940360617028092,0.8513159528799616,0.00247716393440307
1754,0.7552195780760509,0.7062211931031679,0.004807600307676341,0.13104443700776516,0.8667525405141083,0.8333054307988302,0.0043615190991242985,0.1382628310550935,0.946102824132479,0.8592386503533735,0.02648048189169726,0.08469216832721792,0.8835889700391825,0.8299072730456687,0.002077387027513247,0.6869358850799903,0.6415975836165982,0.005068809209186196,0.7393511926392173,0.6278702066228311,0.007293927112988741,0.8827581541668011,0.8630996772322388,0.006139804898542779
1755,0.7510057809614891,0.7197280454586498,0.01130093667549632,0.13168309899440742,0.8760919582940387,0.8830818416311176,0.01512957401124964,0.1322093671647415,0.9596649130566088,1.0465201320721929,0.021862110553386573,0.07216450841518732,0.8698025261091777,0.8125793367821155,0.015823234829783882,0.6872173057671351,0.6668528268656865,0.010156110698186654,0.8171153433834911,0.9626850991042208,0.020773364018450206,0.8836606481360652,0.8747614991545336,0.01347190122917448
1756,0.7606523801984505,0.7014581610583022,0.016989619524570034,0.1294617132465527,0.9303887461215303,0.8337823564441831,0.028125354729768404,0.10373855671514447,0.9707149138631557,0.8767311667241953,0.012312857491069085,0.06207293194902906,0.8835588234748427,0.8341636996637456,0.030684868505911265,0.6956087514888627,0.630463983428055,0.013860642894611525,0.908405832665016,0.7691018163160532,0.04523429174524212,0.9328903032384012,0.8401889049579128,0.025655189928874906
1757,0.7487767089939416,0.6621441293661371,0.004238676367380167,0.13333001675962158,0.8731948475816639,0.773120458503131,-0.01835296841331899,0.14033509165183744,0.9144657044412045,0.7810354322569162,-0.0209642874529809,0.10636904971027317,0.8761493306008281,0.8140342960943187,0.01578871493296571,0.6820661414437372,0.5849270676372252,0.0018186502026126742,0.8694382699093741,0.8820838169247298,-0.006195179202512272,0.8746467882536937,0.7612856933532444,-0.021544704672803422
1758,0.7540285999187769,0.7365997810900184,0.0037047089887848475,0.13069031544333765,0.8839390985281877,0.8278329045344622,-0.02943759137665211,0.13444185930169208,0.9446142568580941,0.9795962138175078,-0.007653201171521075,0.07805531018659402,0.8717982479330155,0.8325329501401507,-0.00108718366064156,0.6910263288127853,0.6847978147194835,0.004436786205267046,0.8194230410122775,0.6783763447108879,-0.068607545386828,0.8975872309039303,0.8567951337442884,-0.020625954320166232
1759,0.7688249407611708,0.9254940856783808,0.007281629095796325,0.12936687047238543,0.9085426422697249,1.1283786771155593,0.0018579683536965198,0.12474831563897386,0.9489772181737686,1.2579104387550661,-0.013326219516351781,0.09730466050536296,0.8877013441964727,0.9846227921960234,0.010740658151957587,0.7056357522450648,0.8874037649597735,0.006522155369076045,0.8661471377330323,0.961945265703892,0.004628637979114724,0.9139755702551815,1.1513138182559406,0.0029245112390421887
1760,0.7467430819165716,0.7218043613997839,0.017464337569254373,0.13294337726494457,0.8873601094384951,0.7892384548284465,0.05416360758107548,0.13816528519118104,0.9702396785258982,1.0188962436197497,0.04368231529958887,0.07177162851405677,0.8723553257666733,0.867781680140269,0.02331048717643884,0.6794967929909292,0.6458580367767797,0.01573130720171319,0.8463307837477777,0.7535359880013406,0.08384804834157597,0.8924882268620037,0.7915527237472585,0.04914270721139794
1761,0.7382663634251037,0.8942267787697914,-0.0017980501957212938,0.13871138318793402,0.8692956480186926,1.09057922706806,-0.007780120019589271,0.1465428045030076,0.9383193009415027,1.2106423848796122,-0.006128376543071095,0.09919864273567788,0.8721041977014123,0.9829743861347849,-0.005215237997405808,0.6676175330634991,0.8417591526114622,-0.0011079853210131014,0.7818742978157789,0.7777337695615838,0.03281039108364864,0.8824183283016066,1.1363362661297651,-0.013023071462079023
1762,0.7368749053694804,0.6763186734856261,0.020005909018329625,0.1364530934469909,0.8762928884139907,0.806216002431659,0.029934389405492607,0.1351623328307497,0.9464634306578346,0.8364196640636398,0.028341954278183524,0.08666765975509876,0.8540740013698062,0.8606716577512276,0.01653670150537313,0.6749855684953794,0.5903509579265199,0.019630855736550733,0.8303096466619514,0.9723561986773517,0.020006700224283615,0.8842006119175296,0.7918876962625885,0.03002377013050975
1763,0.7669256203039622,0.6840522467168082,0.016436396078340257,0.12809710601748445,0.8624388064306844,0.7344894284278796,0.03223397501887739,0.1473245442504805,0.941845727156146,0.7704954101152117,0.041792490342627595,0.10261532091719124,0.8856250061475847,0.8594780923749592,0.009847308116901272,0.7043433249396037,0.6020520547812155,0.016724303377032027,0.7189220573705962,0.6865218162744029,0.02066519174461861,0.8806565471352709,0.7413019192445197,0.034786141953297496
1764,0.7749525954766547,0.7848936327685144,0.0033739371892632436,0.12425464265396699,0.9281146245283634,0.9486580059611323,-0.01006726585643375,0.10030845706188969,0.9649852220354801,0.9341246186820706,-0.01071905016156606,0.06271851528850683,0.8880460290828148,0.8706028950823727,0.0037848947534383764,0.7139017422091527,0.7359488783518822,0.0031839257082556575,0.9195899499801663,0.7938871166317821,0.005751229992489584,0.9303116400633589,0.9681760239097947,-0.011382725169556131
1765,0.7653164838073564,0.7795733750329651,-0.002460534982054197,0.12585671565238496,0.9131900646455386,0.9062322218182755,-0.0168951400193338,0.11069973019849093,0.9439438628128395,1.0733514372877166,-0.017403062323173405,0.0832346937241109,0.8972772284082725,0.8979971132841955,0.000613815727214343,0.6939850263479151,0.7126713758950273,-0.0030322525458510857,0.9455306347330125,0.9419091609458867,-0.0036072515979472335,0.9096248079069782,0.901056901280638,-0.019502884430314015
1766,0.7595877466649569,0.883632206797378,-0.007175416490369008,0.13177971440197933,0.8979832755120438,1.1143520650132188,-0.03969203572835739,0.13520498910036494,0.9430914066868806,1.171547166524767,-0.035884705776757585,0.09808770211771826,0.8833336318793389,0.9460359480796026,-0.008469502657584208,0.6946170458415534,0.8454673656392905,-0.0068077147592418554,0.8385063348576038,0.976304554120156,-0.031919072944138496,0.9046724462600805,1.1317358059489053,-0.03968559606930131
1767,0.7594568056272254,0.8167499729007801,-0.0034385547752824267,0.1299812110822376,0.9236060555229664,0.929369587296009,-0.009119216970102083,0.10332074445905966,0.9848944418206917,1.0155890352346315,-0.012095406757402014,0.042468553823552704,0.8829935887918928,0.9669292797350305,-0.023539717184180582,0.6947373216182257,0.745208297115763,5.125940900799073e-05,0.8691536277383496,0.7872124395405273,-0.022752540548559345,0.9313804791281521,0.951080785769575,-0.005099872184752977
1768,0.7713900853593272,0.8159267611747261,-0.0018292164893910843,0.12558281232845367,0.9186483806730266,0.8860420229755608,0.0016321932225419817,0.10655219309796321,0.9708769749182051,1.017557113479596,-0.015408695206314561,0.05850374753428643,0.8905227880684266,0.989487481730794,0.0032040564377843134,0.7087113017343774,0.7288454835006805,-0.0028893773339609815,0.8873043590814151,0.884395049517462,0.005822821767567253,0.921829903050741,0.8858305854302526,0.0009239430636127023
1769,0.7581152198310737,0.692296305367276,-0.00011702317363973878,0.13007114846578635,0.8981521963750169,0.8174954870667901,-0.0031878511780481537,0.12122100178203034,0.9700538575205988,0.8174679834478259,-0.017215709701404108,0.0707556415784669,0.8904624661528742,0.8198183644788603,0.005092758948322655,0.6877251799194593,0.6239579762634009,-0.0012367401223705257,0.8127184894982973,0.7331568580434943,0.04770306964240507,0.910599034864477,0.8258073863478073,-0.01167624790402333
1770,0.7412564312439281,0.721790527088658,0.005416492885336996,0.13424646443596872,0.864435825075111,0.868322320005401,0.02334770982131584,0.13948893354274683,0.9417042348062923,0.8805673372433243,0.004607935048083483,0.0811132425656266,0.8796669202965324,0.9248824933542265,-0.0007198210441248146,0.6698303209541636,0.6277919189790907,0.00595786675455958,0.8314434092446055,1.1163900265580704,0.032242298834650636,0.8723231302497142,0.8480511096764142,0.019934095239429267
1771,0.7680849843648803,0.7888111282471534,0.0023391722341485448,0.12652235320450403,0.9137035955344674,0.9538646341365523,-0.003357640775302321,0.10993988184137955,0.9700348764038145,0.9486309672246401,-0.006433587622383234,0.057261877209929424,0.8678613648564024,0.9136569458952595,0.004497531408355355,0.7133704811093022,0.7227196195377245,0.001740758366109732,0.8644643860645921,1.104936652297553,0.000892650111827356,0.9213310353732697,0.9393893262270402,-0.005479841546911161
1772,0.7536695952016228,0.7654967135807564,0.013411777025508689,0.13090087701451947,0.8646865790144792,0.8252079263594744,0.029204876030540387,0.14128162802242572,0.9607242989555556,1.0631173763250965,0.026103859762860993,0.07361116557473957,0.8877224424115387,0.8968446021514167,0.013894122363978592,0.6830809370104808,0.6957964214272676,0.012845936646519911,0.8790564909942185,0.8140958246174336,-0.008845971053554003,0.8657402778034137,0.8327205512776416,0.03595065869690585
1773,0.7681022616879378,0.7100486566999461,0.0030250410098028213,0.12685867504359954,0.9022386487917726,0.8473424034417897,-0.013051979354353347,0.119295034925604,0.9702079201096254,0.9601979530107689,-0.0319782549072543,0.06511377860179562,0.8880192267640271,0.8359071719168789,0.001072613493030152,0.7034808438741511,0.6446050114470225,0.0031279193725148834,0.8396416806627444,0.7514980749327452,-0.002031525160967816,0.9089144693170421,0.8582278942722891,-0.013987768364666635
1774,0.7611425584120061,0.7284907719821608,0.010555996073252229,0.1285832773903946,0.889443607160818,0.8223050319617492,0.010459144883128182,0.12587321942355345,0.9668206714200649,0.9004485584958849,0.008708498809741972,0.06285803475618265,0.8802215103066108,0.850418349316294,0.011573614228445502,0.6972840537489913,0.6640959988469518,0.00995398925222496,0.8277936358634023,0.8585892970003534,-0.007192021816075596,0.8971839556042964,0.8204727625868217,0.013071044752274318
1775,0.7650433270254126,0.6932280513324446,0.0022452147800085887,0.12818028244479818,0.9179815836635614,0.8703546548095552,0.006243197494824674,0.10681845295171741,0.9647452107976012,0.9085014858610679,-0.009429191967881887,0.06387600732467595,0.882527774177045,0.837586554977438,0.00251667662843281,0.7019007712687209,0.6203888490066637,0.0019088821342873197,0.8947449951819494,0.8533215663815138,0.05310002557680553,0.9231685220243472,0.8705620885585584,-0.0018667537791603633
1776,0.7558292739263625,0.7872744201012892,0.004489542802971857,0.12982185354761275,0.8655799776155815,0.9067486198967605,0.012678647064182345,0.13751673175848741,0.9619814089588348,1.0368708521368692,0.01131450192678593,0.06731582246600674,0.88322115787875,0.8771646559387498,0.02080405656396978,0.6888407119494285,0.7316190638159814,0.0013220873746601952,0.8272347732968484,0.6789096987276799,0.04046143526437734,0.8724054387423275,0.9378876507011252,0.009551819961438097
1777,0.7868185006412866,0.8799836054976476,-0.0010512962866985184,0.12175373912173632,0.9069220464605997,1.0448789517811718,0.005213597429985488,0.11921369135666272,0.9767042052813695,1.1317073166452687,0.008516323252621855,0.06031221699185216,0.8944853266505406,0.9510800696275482,-0.001958689706527575,0.7286265604450506,0.8381175508431232,-0.0008760870849151843,0.9252105358695297,1.0649145165337028,-0.02548193320660498,0.9060136498733036,1.0472430968508697,0.010250724983401922
1778,0.7455701090807656,0.71546036045067,0.007136865758741044,0.1333891432917188,0.8985636192048945,0.8719856074063695,0.013178567485162518,0.119649589973911,0.9267624593866621,0.8463082817275868,-0.008380035740060991,0.09201579044372828,0.8778188951726437,0.8566232627115185,0.005817564450689298,0.6753320762042377,0.6428030533850511,0.006997039954090837,0.8438426216726556,0.8748594835881636,0.0335970719696411,0.9050136752977045,0.8702471895626076,0.009601983324806787
1779,0.7725087591090448,0.7860020081507371,0.0017764300693063147,0.12509405649365474,0.9087852412497526,0.9698696101966127,-0.009381295603080214,0.11416743944934862,0.9681606958376914,1.0147130803433368,-0.00775836632883988,0.060099887496536074,0.883588721430522,0.9048042578022848,-0.001298746716665531,0.712574193896733,0.7235670220029257,0.002146043338263055,0.8066744415694387,0.7922772581687777,0.03350705982130652,0.9217686261101591,0.9906216759353771,-0.015882619600011798
1780,0.7645997587746592,0.8529447257795634,0.004631228725945014,0.12883519879883798,0.9115279317510394,0.9975787213192464,0.007473750352502332,0.11324127643183131,0.9765951288323033,1.107678214408897,-0.0044374737768281425,0.05780688833039893,0.87612981879951,0.9070111697960227,0.012304822447614959,0.7052732598327358,0.8173204003474982,0.0031117552292468428,0.8642686403183641,0.7329699823013637,0.01333889966121771,0.9206504481006552,1.0387453651069254,0.00899378733835319
1781,0.7642024634794738,0.6964709653612386,0.020076412458316997,0.12848203176900774,0.8842837670237697,0.7636167148532331,0.03611455665135918,0.13538061373093577,0.9568356809342592,0.8171980613040317,0.020284262637690988,0.07974611207506546,0.8841755934948571,0.8633903281603384,0.017593168893217,0.7006074080338534,0.616294680326859,0.019618418696244044,0.8100983052305353,0.8857994268051446,0.04300280819316064,0.8955503385763548,0.7520732012570436,0.033909181103340263
1782,0.7529950212610496,0.778742907329224,0.020655890334615023,0.13146362784748283,0.9230249274655855,0.8645324121764763,0.023714651983958678,0.10597503866108908,0.984787889066092,1.0106234546410475,0.010709354612725699,0.04206462530305889,0.8610632091606658,0.9299000516637953,0.015388237875838717,0.694657387295028,0.7040369646460798,0.020823104872447266,0.8508505356740018,0.6891889380993587,0.033475597598875514,0.9323615643158871,0.888580715961322,0.02361048596788404
1783,0.7608617943423267,0.7301548339173203,0.0026987952696326907,0.12887580910133412,0.908864135437113,0.913264421884815,-0.0026247940117394915,0.11245053868865933,0.9180105834607153,0.7343249885346389,-0.006340992280067074,0.10649503527809488,0.8906738705655108,0.848780093852203,0.01344273226987187,0.6920654721147717,0.663892429969177,0.0005693677176811647,0.9363629946554741,0.9431170108873441,0.03641919678191693,0.9077341829638811,0.9083709111906653,-0.00962391247901309
1784,0.7578633118204453,0.737748092147197,0.009213432209444478,0.12892146302690088,0.9039823970063935,0.8758809703458192,0.003171062031762515,0.1155853740389043,0.9676806026488779,1.0527668864135258,-0.00947068789337278,0.06273841000947385,0.8694656187138516,0.8662826564407834,0.008519690173075153,0.6972285239704274,0.6708767568037437,0.008969208595349673,0.8468150013160411,0.9406066031191297,0.006081495078707132,0.9110584643226718,0.8690239037071501,0.002037756987982277
1785,0.7547708573891558,0.7074936186748207,0.004523429096954943,0.13061436196594195,0.8978225470817502,0.782737353755531,-0.010665069320505436,0.12562902140127347,0.9635209124199976,0.9338038957395243,-0.01774724576617977,0.06565663391461299,0.8669276788260661,0.8063583299390173,0.0018043865325497598,0.6940108209886822,0.6542782743765969,0.004851369737410618,0.814018655178253,0.6113260022262532,-0.05206961195570782,0.9154913422855917,0.8164178789847867,-0.0009444473226715472
1786,0.7814193106293336,0.7585846144414164,0.0032184935281202383,0.12255085144123301,0.9177301164893246,0.9311057557795315,0.0006265627017555234,0.10700777040682832,0.9660654861382502,0.9073587559666201,0.01090433647023954,0.06301486227063209,0.881779615099802,0.8665847156701039,0.002123479378330065,0.7265586808495785,0.7012748579075273,0.003224666642446199,0.933994384970139,1.0593607526104272,-0.06840667194340318,0.9212058675929512,0.9291883376180512,0.010391676720411502
1787,0.7972706998537012,0.8371781149162961,-0.0012268015884219071,0.11777263791320068,0.9318301758655503,1.0048606651010707,0.0004384034591742673,0.09883918349007835,0.9755383233002102,0.9849963696934816,0.008695472345931465,0.05197712037068179,0.8851300934437685,0.9510548439857294,-0.015845879285500304,0.749451048775922,0.781703646043955,0.0013075627133388036,0.9157722483950367,1.1172949225142343,0.001472502093555998,0.9342584409671199,0.9934416702763195,-0.0007516979313016048
1788,0.7694041784643652,0.8563085191238571,0.011227201292414671,0.1274356298870447,0.920136173050683,0.9900961867091305,-0.003367157711387614,0.10633608821419971,0.9848732154788227,1.1069650369454112,-0.014540915181947818,0.05011637794314776,0.8871971556532481,0.9679089866477836,0.012596605582461342,0.7060434962117801,0.7941245243235897,0.010651451766813497,0.8909597545613545,1.037848180883386,0.020010748032088257,0.9241815684920719,0.9836332528017789,-0.007785525696900541
1789,0.7690892516299757,0.7438679522246945,0.014063486087764133,0.12536928181615378,0.9167620619700516,0.8572341231189432,-0.003754725772752039,0.10760618875371787,0.9729336061860913,0.9187994439677658,0.020126585357646422,0.05885003053866133,0.8847144761513381,0.8870011791214428,0.008695293407348044,0.7060199871895699,0.6713723208745715,0.014467454803783145,0.8901284754904751,1.050959424126168,-0.02596227228829416,0.922644451331685,0.8410720040566866,-0.002187392730783046
1790,0.7555987169452796,0.6974934151198571,0.016416789531798433,0.1309045267723213,0.89205049071262,0.8403354595680383,0.01669721964769926,0.12381984375355358,0.9524950601555029,0.7296314097196642,0.006665469014199469,0.093467299540091,0.8883898296855464,0.8297357198295764,0.014242883570075167,0.6850705224837066,0.6292427009067446,0.016201726963766188,0.8597797470135254,0.8084685690634248,0.0496371694824318,0.8964012177009115,0.8420605982616224,0.01115685305224897
1791,0.7426377971872867,0.7356121360630868,0.004405880770659883,0.13395047488618778,0.8594347279372289,0.9154755480103899,-0.009253208670444674,0.14325038272807297,0.9599856752292941,0.9460308599297698,-0.005118866864242933,0.06618874078092123,0.8771912066718771,0.8785748071970304,0.0048328432528495,0.6713511751741412,0.6610969138742591,0.00405957146464554,0.8831272567031541,1.2839976513920566,0.014849615074125567,0.863903733289444,0.8869317590517697,-0.016203582279612907
1792,0.734154480521329,0.6772204627609736,0.014179782486070032,0.13719308148993026,0.8833239034693083,0.7786968258261758,0.02803171220281016,0.13322144706373798,0.9372076670911754,0.812813217022986,-0.007855159830324619,0.08894821843649654,0.8644392023270272,0.8660615231121178,0.011925695414592829,0.6661509907126412,0.5889637717393682,0.01373195096654769,0.9101940979996264,0.7839764459628178,0.08828331966848757,0.8855102405822065,0.7774601307500745,0.017403853981043972
1793,0.7503079165417242,0.6428669409503506,0.02159496558866543,0.13512823924098322,0.8704521195957997,0.69164791175027,0.035900960477759994,0.1494700472982941,0.976539395834533,0.8765872527114963,0.027476641774128698,0.06284724243821901,0.8677268875481454,0.8083435548363118,0.026027476351689838,0.6885579370307865,0.5635574273328408,0.019818061320596547,0.7549830686288833,0.7431812661575008,0.05498150969714502,0.8868681121643667,0.6855473932595852,0.03216729493819357
1794,0.7178575708586222,0.7802453677167255,-0.008711291467299966,0.14163801703383044,0.8480787045164898,0.9920142843654632,-0.056939214562297814,0.1606970731983104,0.905057695645764,1.0170967100573134,-0.025570435598660637,0.1080205922476693,0.8502158810142694,0.8450774773690949,-0.0005304734151476427,0.647735108188231,0.7369450672201654,-0.010029924882044771,0.809628113429192,0.7324216375584109,-0.04516246062191626,0.8563406304897838,1.0343785263815146,-0.056357642611354175
1795,0.7748398093338638,0.7612795748997716,0.015165047757185484,0.12460389813464208,0.9117491476898919,0.9297652431774602,-0.003243751766890943,0.11093856791213597,0.9426957106130225,1.0086696970067444,-0.013265341354588499,0.08162920304687094,0.8841644677208148,0.8418310577541877,0.02262381850000406,0.7159375950033121,0.7137434333930324,0.013429517612231741,0.7861474157070468,0.7819557485665253,0.010477635924521899,0.9260485041705234,0.9472084810510976,-0.004249012996372718
1796,0.765673829178864,0.7380485881864324,0.00800683992699896,0.12691224594399292,0.8948629501880871,0.8329450483184266,0.021572290242133692,0.12327549243279502,0.9479911033329701,0.7639553396960266,0.011335596194012094,0.09033708789536835,0.8807988157384797,0.9157009088970144,0.005946980978201736,0.704769410662631,0.6529578437372551,0.007804242995734444,0.9062991145642756,0.9075245162705828,0.05086347056167807,0.8950003773081056,0.823909414600701,0.0159615665247747
1797,0.7790796363200959,0.7970502282098407,0.0038491682967519447,0.12301746844015898,0.9187671711526137,0.9335821025962213,-0.008258370304896451,0.10681640255220431,0.9772065235438805,0.9706621055215432,-0.011344248110057808,0.050690379344660606,0.8790761509329463,0.9135301161009346,-0.0010448266285637449,0.7244778019373872,0.7366869561527356,0.00450953811059902,0.841811131683934,0.7832903883368009,0.0018388375572040662,0.9274612212631759,0.9521881060029083,-0.008528078462272347
1798,0.7477921766476878,0.6292039336794623,0.016578711580934772,0.1341304197275284,0.8787464813507146,0.688656666157996,0.033914777620911725,0.14399909268090474,0.9391991155231693,0.8502597854782952,0.009347337872505287,0.08423936288848786,0.8628460997738839,0.7755450806095867,0.021953840811484052,0.6853513011917391,0.5554474632473132,0.01491844081097012,0.7416610651676323,0.5992688032244932,0.05568949764954889,0.8946774946463313,0.6975783647333665,0.03081617191348909
1799,0.7598372321147495,0.8085088482459297,0.009922231852744759,0.12922940156424947,0.901009460267608,1.0089038010951923,0.014210079450553983,0.12150037228530536,0.9477408193387072,0.9132569177077802,0.007321388169876111,0.07618415300012046,0.8848871168945441,0.9486238670527303,0.0035220896575560864,0.6933664112293554,0.7367758594647321,0.01066175596575853,0.900987722663957,0.9968278212808092,0.0023133677765242245,0.9010600040240819,1.0118157375707482,0.01638668790904426
1800,0.7786609109831151,0.7301331933535786,0.0037184822511882277,0.12355750146743963,0.922271612567692,0.8336519548208879,0.015944375182858878,0.1069909352369365,0.9772808988365642,0.8452315055851196,0.01042187944146825,0.06029244422825334,0.8918968197772825,0.8846203870854606,-0.0009929954369971732,0.7182286059684432,0.6546616255693601,0.004190189889090071,0.9066770501674438,0.8544724311288031,0.003992732857893505,0.9240761087767462,0.832624105220608,0.01778809389874011
1801,0.785658402507205,0.844400028306563,0.004776645567000853,0.12160390431425071,0.9202363032069645,0.9448691149218553,-0.010017763995152354,0.10569548962127466,0.9602460752224631,1.1020762852144093,0.004694615028842962,0.0725120599997162,0.8925063689294555,0.9407487030982434,0.0003041567599133431,0.7275406601720665,0.7917671793604264,0.0054507897236684925,0.8808381219774911,0.8060597892447198,-0.02564954276363575,0.9265864010186208,0.9665807795273496,-0.005727182995856004
1802,0.7532752006228949,0.7292234320176402,0.008966616519988403,0.13081823272637147,0.9044443455418139,0.846126305955614,0.01740604741800511,0.11676501084480347,0.9426278277008983,0.8071152242151964,0.00022620919684408018,0.08619805009327926,0.8827659825727321,0.8967788376817823,0.008950103366370829,0.6847638377801225,0.6463224219971947,0.008409210030864958,0.9514962394897083,0.9317788893679289,0.025230139794537965,0.8995816765274757,0.8367359712207175,0.015333269482809593
1803,0.7841599792993865,0.8207426048947402,0.015687644350115038,0.12212870864387153,0.8961504890464635,0.9025411873629626,0.018854632769245566,0.12153719285757976,0.9710501630900003,0.9719887588340159,0.022792772770423943,0.060394860016816945,0.89881817334752,0.92711500389167,0.013211352621992346,0.722404284884108,0.7630314373986533,0.015717830586765638,0.8798495306565765,0.7821015409958072,-0.018473588207038687,0.9026023716300114,0.9266916749159996,0.026956356292975266
1804,0.7501789653907756,0.7831141580312726,0.003668241320316801,0.1316875759004166,0.9050523112839275,0.9441010874579299,-0.006953018555065813,0.11503544199865771,0.9329032911329017,1.0201013313345093,-0.003194301968153093,0.08810048319920746,0.878939559549551,0.8749000547694489,-0.004296066084760192,0.6825673545539749,0.7331190874855443,0.005030977752494375,0.8679285688070691,0.7829337093525169,-0.02421242081874626,0.9118780626212689,0.9699223588015263,-0.0020433113956883756
1805,0.779856385586427,0.7838056060409241,0.003083399611133486,0.1229011990545964,0.9137110585609527,0.917597405720749,-0.024519457166431162,0.11297079864714858,0.9550959303275296,0.9729838581751211,-0.034482249410596286,0.07814639902294442,0.8838544647445603,0.8733632065558266,0.007412352671642709,0.7230448250202821,0.7325234157356753,0.00216017232998396,0.8626360881259764,0.8127218712756011,-0.012735963088883499,0.919341467063452,0.9299409643805345,-0.025516467253684488
1806,0.7860178938534015,0.7972844122461203,0.00927664933587902,0.12097194776908461,0.9400509612955842,0.9599217399037964,0.00013411019483246353,0.0905901695809686,0.9780974225348189,1.061167821561911,0.0019719081914574927,0.05180219926793739,0.8873794006227127,0.9028840915928603,0.0013561437363219775,0.7308008162370802,0.7426501713814575,0.01042454224012072,0.9106383292306341,1.0734044232929676,-0.019227521866161383,0.944384109832039,0.9505858071108427,0.002220674570647379
1807,0.7656340820523211,0.7856698959475535,0.00841528754157216,0.12681189862182643,0.9229867214238685,0.981870078886334,0.035707619666081776,0.10983112391085495,0.9667834639731627,0.9811204566744839,0.018458517104129244,0.06271535236659775,0.8780932305822247,0.9040395000821043,0.007231728453742153,0.7046849900339596,0.722535681405739,0.008310908495111116,0.8992158315595192,0.9364920434484999,0.06796877189577238,0.926352370498451,0.9850132360067886,0.030303717887446832
1808,0.7918251243022144,0.7539634347720388,0.010602371516989381,0.11912160336708442,0.918508342021104,0.8107627000364271,0.025820649192897692,0.11222054767771003,0.9834656808074852,1.0194395421540707,0.011588120554131115,0.04441930941055271,0.8864016566705434,0.8487330515752025,0.015218919226949358,0.7397463884937346,0.701436895133195,0.009434549873744412,0.8886079907310332,0.9032459924678777,0.037175681598079824,0.9230299919938542,0.8008296078895832,0.023089149589393256
1809,0.7698541607189466,0.672078320914355,0.006264533925874745,0.1273872567322889,0.9200583230621422,0.8038080686148829,0.00560827090336039,0.10976893827712242,0.9642791618122695,0.805366937709944,0.009657761948376298,0.07439307505196774,0.889189878678222,0.8191822724313198,0.005498869288142154,0.7058703849105262,0.5988598331316519,0.005983797322762607,0.8722771670959629,0.8537053160677505,-0.021023722482344603,0.9269264336412462,0.8015833492344228,0.009565905160721968
1810,0.7778290042928665,0.7221882096897868,0.0011388744278022964,0.1242853950174097,0.9161927300789225,0.8633890027436845,-0.003161499069584866,0.10900106782152755,0.9413039686635439,0.9120530030844625,-0.025404252771507204,0.08479675846998488,0.8908248085990877,0.8328724211453993,0.0017282276032012708,0.716746252135989,0.6629502559148497,0.0008622436974389099,0.9045728709220842,0.8043024653377913,-0.0031800811343608896,0.9174602158103355,0.8707402002518906,-0.0025484362746384264
1811,0.763099677936315,0.8103783145014626,0.002661029984460469,0.1281872585292868,0.9011601057069349,0.9860627775422255,-0.012514948096522455,0.11989663520800348,0.9584859947716313,1.0346103062885337,-0.01139408707772711,0.06995093272850572,0.8868384623871215,0.9017578555544116,0.0031168774091248816,0.6970252376661542,0.7576260153127828,0.00247235233180335,0.8602290297182971,0.7971031917909485,-0.004027497222176415,0.9071197977637049,1.0123907733829713,-0.012172755777034269
1812,0.7533869205478136,0.8514360225152465,0.01184564151424694,0.1325943676326237,0.9011658627257074,1.042270131902871,-0.005922571404631595,0.12280423262252979,0.9652696675403667,1.187151042836186,0.0015378775014789523,0.07739913940760802,0.8746974306651947,0.8960766314190066,0.012550531894813035,0.6907919826750053,0.8231673286667672,0.011604951758389251,0.7957834640735616,0.6876861026751877,-0.0008950415129455028,0.9190743223864954,1.1028514125359754,-0.0031636600666374473
1813,0.7493644417454453,0.6781121491094546,0.0010366104051794814,0.13212012627698166,0.897835892752167,0.8249558256707172,-0.001335792403586629,0.12034300209590182,0.9664131443250454,0.820439170835937,-0.007822941710928505,0.06987004851790891,0.8703189123867358,0.8174502866343438,-0.000536738536388705,0.683340609879811,0.6065105633127285,0.0011076473975197441,0.9112485295190624,0.8600157366699034,-0.015954245014129516,0.8964541336879817,0.8225528757994647,0.0007831986218134158
1814,0.7611742321140982,0.7692899757900238,0.009807574706927915,0.12824740187365646,0.900954047359098,0.9297815094025651,-0.0014635643978661325,0.11767223907418675,0.9745950333775684,1.0387476537519884,0.02053713661996325,0.05770805298139406,0.8768583982084653,0.8662277721623599,0.010017456284696594,0.6988416598087005,0.7152692342902508,0.009502790765372708,0.9160469053141735,0.9019435816150031,-0.03244591856114791,0.9011375579025802,0.938285872232317,0.00418845321284867
1815,0.7722903699030108,0.8324839698731743,0.00015301888735181252,0.12603647208018728,0.9011172634969042,1.000358227655687,-0.01321064111627147,0.12057952239731849,0.9585472056392568,1.061076588415259,-0.01258841439098201,0.07189788900806408,0.8736847777207565,0.8893587379382327,0.0035095062224589795,0.7176459804453712,0.7974245687059954,-0.0005094528124161325,0.8047925228035112,0.7937631506808361,-0.0012104372257658493,0.9124790167304134,1.0275284031992173,-0.013291765908905871
1816,0.7381141720948451,0.588918824970929,0.017947512345447038,0.13984337740716568,0.8710239801640827,0.6627436871906763,0.029238088812429754,0.15128772919139066,0.9591558262101147,0.7635935308036401,0.01715953127025917,0.08530686306959383,0.8826868883197633,0.7851265339972693,0.016757738893730802,0.6634714681138836,0.4997276648080596,0.017101871673517618,0.8178360723681959,0.7389534313356847,0.022312858722784434,0.878446324119286,0.6555669274656116,0.02962418369231126
1817,0.7715964302641594,0.7497531902367647,0.019348883696537412,0.1259874735512039,0.8947555599089275,0.8126749937589103,0.0270927145697427,0.1254031761855049,0.9462970580505664,0.8922327548774195,-0.0005998313654608278,0.07755113625368054,0.8755165648451356,0.8712477655862945,0.030885694365622083,0.7151804016635568,0.6836368619731142,0.016615970306443534,0.8477762589787681,0.7526208770674515,0.08923158934112624,0.9049025029207921,0.8187601393517082,0.016332709480892608
1818,0.7519693909716881,0.6964820666044798,0.007505149180608843,0.1318771074170702,0.8843759682062384,0.7710649520219476,0.007931517588506569,0.13230109677685334,0.9540054806365887,0.8592774664338864,0.009227785555757527,0.07534001126519119,0.8685538567528055,0.8731702355222717,0.009548509963592229,0.691285232026777,0.6127489908120395,0.006573863847959507,0.7902504646628405,0.8096684403824668,0.03628427161729203,0.8974720368201133,0.7659983613005642,0.002704182240888121
1819,0.7604479829441693,0.8590640817920611,-0.005882054106811279,0.130700356974343,0.8976317243961442,1.035012309363658,-0.0008233811296201336,0.1243305380803202,0.977426907162697,1.1445618129860866,-0.012242240712250387,0.061875225303144835,0.8855327264830505,0.9503048749773287,-0.0034112546778257077,0.6935718345266445,0.8047266202583638,-0.006234001034957294,0.781045593578115,0.7858340381816176,-0.016751808795548915,0.9147137439495372,1.0767914261470029,0.004884761095641462
1820,0.7700140098448769,0.7866454662269606,0.00243310887191608,0.12567496625598443,0.9099530755741925,0.9253764455892773,0.0003247958259417895,0.111722282034995,0.9615628943420924,0.964935555434183,-0.014108419729959848,0.06546192193064597,0.8943546784005086,0.9085717670564263,0.01175749020127568,0.7036641258866865,0.7185342003639092,0.0005571900977207819,0.897482937982184,0.9192523154611051,0.00015341365598261483,0.9110169539621203,0.9261135010681915,0.0004154004117868101
1821,0.7690042043418215,0.8515129949504824,0.010210665489989407,0.12663256629450886,0.9231825309298918,0.9908241223290907,0.011987337805273236,0.10431866888597323,0.9583099207833612,0.9684340222848826,0.001780083706278924,0.06668033038727914,0.8795702413451059,0.9704983830854478,0.0034128715078408744,0.7090076997609532,0.7889654971939921,0.011120854302912715,0.8583533638705652,0.9906734606906588,-0.00010399373483410476,0.9306272644653212,0.9923192698612789,0.014078649082583179
1822,0.7676154635277891,0.7964874435972149,0.008287053884302622,0.12701969311299632,0.902075751112389,0.8477046041180623,0.029839314009175312,0.12054351349913121,0.9669328621770682,1.0322573861767397,-0.0012130568100172502,0.06148896027193174,0.8768864061913685,0.9589143838715827,0.025289653946409398,0.7102860714830547,0.7123812099654045,0.004734295085975173,0.8083252034430488,0.7649892812382748,0.1017886023637969,0.919129398569159,0.85655030200327,0.01734809639266646
1823,0.7359115857821793,0.9119569890923174,0.005261505574534181,0.13991164399126363,0.8894177461653916,1.1096862246675454,0.011383391562962909,0.13609225037807549,0.9485561410248919,1.2965011739717316,0.010197736088614141,0.10141910742710099,0.8682130442179005,1.0175881266911602,0.0070948584833921595,0.6654727601527897,0.849377748203733,0.0048045757615524905,0.8354341097470507,0.8974369790395659,0.01061418397738616,0.8971474820138986,1.1413926704675117,0.01348437151870626
1824,0.772057015055278,0.7454452574587254,0.008636495427086877,0.12478873696099563,0.9273090318760455,0.8753796702690023,0.008829366466865237,0.10032436990474619,0.9815165982410053,1.0235726490553745,0.008193183140778033,0.04633189895883317,0.8816272773348208,0.845417931318659,0.004227633681083907,0.7127814999399424,0.692290452797802,0.009158933940355352,0.8510586967490185,0.8351714014777912,-0.024756733338262286,0.9381023105628782,0.8854134689301517,0.015131025757675883
1825,0.7531660726726342,0.8081929302274803,0.003600148333650437,0.13106824984323642,0.8795326047577163,0.9840115157292925,-0.011892398064465058,0.13338048009755898,0.9427496364346256,1.0600640037729334,-0.021054471256769198,0.08525762565148003,0.8849891200493117,0.8963510925568579,0.017027302508662794,0.683808139505441,0.7530866447148995,0.0010226978869180095,0.7615791979824784,0.6246293315433432,0.06356045692612547,0.9017439755766878,1.0414027374165364,-0.024373459979978255
1826,0.7823299307531882,0.7716878558827259,0.008028394346251959,0.12186294397067618,0.929576408042581,0.9116566066548015,-0.004401881639559449,0.09850744894765132,0.9645983162406191,1.076895145857752,0.005895035714900689,0.06654760222379494,0.8874184245878427,0.8437336516907034,0.004528917653153108,0.7253560100859406,0.7312661774235085,0.008516027577987908,0.862663149667099,0.724711199163021,-0.016775061700139045,0.9399021164270651,0.9410244298335338,-6.709017496418411e-05
1827,0.7513849980139616,0.7809687155171171,0.008037458956231206,0.13166384602781633,0.8953931780205482,0.8757202390793039,-0.004776959752711183,0.12149704817682602,0.9714188279716081,0.9869511844786977,-0.03655481675442032,0.06670437344759333,0.8745147511295635,0.8969034619852224,0.013131386120008182,0.6852912266921118,0.7163069241448741,0.006825682143562415,0.9137738494494022,0.8739968430845708,0.05617165034940074,0.8980853480046376,0.8751646453628934,-0.015489645763206394
1828,0.7665855273463461,0.8157564305758159,0.004762375667508325,0.1266751771562751,0.893266215109007,0.9412591641529406,-0.0057234038101314335,0.12261403728694821,0.9744606540473678,1.0632850450684082,0.012484564482682193,0.05711404033328657,0.8943160570721784,0.9397353711271362,0.0055993398059529745,0.6977405710294965,0.747319172672716,0.004423300351131919,0.867552381996494,0.9571861954615348,-0.025121026621850447,0.8964941669866785,0.9420549560093668,-0.002596364026535468
1829,0.758794890460791,0.731715682153221,0.015867979844172837,0.1289980493673505,0.8834771217732773,0.8667733341200917,0.034473225929649125,0.131409171214621,0.9460191725461535,0.9181837529957597,0.01691171073703211,0.07818874732930599,0.8851391914597522,0.8565388313408095,0.01274259847929377,0.6910884354106303,0.6662445169143522,0.015935482002499602,0.8701144065819345,0.861964417509368,0.029530925155855873,0.8846624109907373,0.8678809337544741,0.03538055329618467
1830,0.7775579106265582,0.7123181802597485,0.010521080638679651,0.12393559019068756,0.9189898306244733,0.8484763583761155,0.007956782108842802,0.10715741479581772,0.9736901014057513,0.8833766566276613,0.026666874754863915,0.06398771070039114,0.8903108952155474,0.8507545251179627,0.0012955767333985466,0.716911261767504,0.6444710448132906,0.011696248460702932,0.874179589975204,0.6931014880132685,0.0031995860309691833,0.925713163182003,0.8710370677427908,0.01045625082413176
1831,0.782500012095226,0.7680945663487144,0.013450213618448621,0.12201145708598295,0.9294648808474666,0.9214213462517026,0.012427029688998037,0.09881850245381321,0.9876630280959072,1.0051176312604448,0.008347071649087465,0.03754660579412167,0.8755240248688227,0.9065944270132021,0.010431534939824412,0.7318365336947558,0.6991374150136476,0.013446014139448298,0.8067281508802884,0.8933002189125223,0.029313084873173634,0.9444632096220055,0.9231474012191444,0.00971239739276948
1832,0.7404994925668167,0.6434876456696934,0.005459918419261749,0.13699199412443525,0.8923292560924635,0.7781943332673456,-0.008842816496930332,0.1291425331971483,0.955212406547819,0.8829408060755464,-0.004144814544782158,0.07139961070690606,0.859804966470343,0.7650979510290291,0.011747424227447139,0.6762960424934689,0.5791956253205354,0.003998125122015586,0.8087682153175589,0.6856461748825786,0.017015668017674526,0.9016646080757597,0.7874992971151448,-0.012491100873845635
1833,0.7689955838827524,0.8099195052121235,0.018454158796492433,0.1269617835832518,0.9023257137140386,0.8988302804683937,0.04722992154272999,0.1247999723927094,0.9650153448611138,0.997739686839497,0.043329671213992116,0.07588827239432126,0.883050189044004,0.9454319847836374,0.008524257919212587,0.7077735459455831,0.7420695605281048,0.019651240249211367,0.8867622239764228,0.9174475596477529,-0.0061131106209713106,0.9083803276422239,0.9057093345994853,0.05630216748898611
1834,0.7542801260910232,0.6988388221620284,0.00563647537883789,0.13115878983318427,0.8911916572160148,0.8056979634432531,-0.01472752033591317,0.12835516553336074,0.9342944400447584,0.7510796057963044,-0.01856886066319334,0.10054608613837412,0.8874321342432516,0.8730506844887143,0.014696384231995995,0.6848523263292051,0.6124518172048793,0.0035814577619770983,0.9273991490246783,1.0566476837299787,0.006001792010673803,0.8919188440473839,0.7834921882318168,-0.020418775925201114
1835,0.7674948803530941,0.8015828587883554,0.007671072316842821,0.1265721003170024,0.917222658724139,1.0159930196968643,-0.006692117460235831,0.10989727484649689,0.9868703216638943,1.0541007543595213,0.008743643131934915,0.041122166766712875,0.8826996645049423,0.905997895106459,-0.003550574802743224,0.7056727922628497,0.7473986832808028,0.009493124248202018,0.9175476489315018,0.9125965800300481,-0.03526620616769028,0.9199719595049765,1.0355326766699675,-0.000532924303891416
1836,0.7610831842477377,0.7736931497545114,-0.0009881818691667283,0.12858235673046564,0.9106711215817462,0.9044738562862644,-0.010552691424040805,0.11179244297636448,0.9808745774307208,1.007779125101764,-0.02824057166015845,0.05354406364601542,0.8822818170307584,0.9214865407533939,-0.00033302772183748297,0.6961054918578103,0.6973687111102695,-0.0012750283767131289,0.9094437466781382,0.9179669836540973,-0.015339420528966141,0.9106102310274613,0.9034265066562094,-0.009868176419871318
1837,0.733177902218815,0.8829209571484967,-0.002143977030201772,0.13976822659896318,0.8836782169447792,1.099201629426037,-0.031678030606954656,0.1393769474141483,0.9068385699639846,1.115516506721139,-0.0157972996101597,0.11203554145806909,0.8756547388063128,0.9871921216467253,0.00521777726330269,0.6583086395756309,0.8189027044370893,-0.0034335725093073014,0.8978124783607886,1.0690988376898638,-0.05230766809890012,0.8828235590935278,1.1064449678044466,-0.027864347244997173
1838,0.7535264886121167,0.7617277668547094,0.0034900550335642383,0.1307227001746806,0.8562535549290714,0.8748264722449293,0.006470912296335184,0.14334695066038608,0.9500579523591708,1.0995335091413643,0.03129652136999321,0.08661461466810437,0.8601423259882506,0.8243453167743455,0.006209379192614438,0.696209271787746,0.7240415333207765,0.002896467927640125,0.8518943265105562,0.7724284920768316,-0.02823643438042599,0.8606672267426698,0.8948468633162645,0.013776180842772458
1839,0.7281096480074704,0.7748900961242642,0.01574457113026593,0.13789910540414108,0.8356064975361281,0.9040263948780066,0.019391110756340955,0.15503972818826617,0.914508032172592,0.9164551036433718,-0.0063660825442535905,0.09673610055886972,0.8654759515711387,0.9484984122895231,0.013503413678827254,0.6549217918846536,0.6872505998818009,0.015399237291197432,0.8356083399162031,1.0971831625987225,0.09841826393273333,0.8455934149127934,0.8909660199280509,0.005118536953731302
1840,0.7506177382298316,0.7963799786990405,0.009998343277953223,0.1313648719973045,0.8578578292493786,0.9143413019487406,-0.010714180552822378,0.14327732744580884,0.959506279647811,1.0208720585172666,0.004887740239059867,0.06723865908387629,0.8772825878366857,0.9475322675100554,0.010866360520215342,0.6826428390631393,0.7174457168230589,0.00940056050739722,0.8338584604969028,0.7365274377297404,-0.004116001614890173,0.8622633657652283,0.9400246271516974,-0.010095854842710679
1841,0.7819689521043359,0.821168915279925,-0.001405044365625582,0.1228453168756123,0.9222756872593278,1.0357845473935285,-0.01812111368176112,0.10915223570823057,0.9524856777688737,0.9615341842327908,-0.010923315965816706,0.07255182566314809,0.8836457827420527,0.8992832310937035,-0.00035311623066619957,0.7269031980567657,0.7763557257399273,-0.0016406024975272008,0.841505273044137,0.998742215524324,0.007735953955316682,0.9318088762202211,1.0380116103177681,-0.022304190142200735
1842,0.7455469389234437,0.7361863844243711,0.004396088684386599,0.13306078839384908,0.8881227125093836,0.8926258511016555,-0.013777917478246691,0.1265164632953023,0.9225963770892864,0.8945459342790312,-0.015681518090866892,0.09391086593428442,0.8549715018200974,0.8190759635166452,0.016030392391946185,0.6867656412158349,0.6866539403435241,0.002089333143867901,0.7888444380408071,0.8773819229510444,0.01938547186398921,0.9006394863769012,0.8926202923323676,-0.019445507331937693
1843,0.7535190772427479,0.7192155326382751,0.012435164390556953,0.13053878655352755,0.902307558284875,0.8628085221111906,0.01596229332700213,0.11707807422235346,0.9454614074982279,0.8361888156078007,0.0006529785061984394,0.08115171524153951,0.8783786416831945,0.8693751577130738,0.005366195157298487,0.686846163013596,0.6450113613919112,0.013129656873740271,0.9048059618614214,0.989624473761243,0.02054204118661914,0.9028347726376438,0.8497159468248522,0.014037004116202383
1844,0.7650984523465271,0.6773036433178896,0.01355457704879382,0.1288337148785625,0.8884495148209556,0.7326121277770196,0.03614490430918762,0.13702142382317592,0.9691911565503579,0.8353277953982072,0.02031365863578465,0.07032272754672445,0.8910578490245817,0.8466821853544721,0.009522949596898235,0.6986367086080905,0.5965606608148248,0.01351473932202184,0.8687207251412732,0.8102092051962153,0.03447137522768432,0.8909849900882186,0.7249409829813499,0.03566595912685424
1845,0.7615738582965448,0.8574460490454562,0.0027287606739526413,0.12895331136431487,0.8965736126717276,0.9816990307009441,0.01221476000214322,0.12183374212386128,0.9276493619667938,1.0265700299488851,-0.01140851955397263,0.09239684010395506,0.8904771458387859,0.9588180252514147,-0.001585784217446636,0.6930831899140332,0.8004870749647006,0.00344066839265789,0.8761465377811589,0.8930328748587123,0.0027086288774742766,0.8993081554764591,0.9943764270248772,0.014760923899416094
1846,0.7570217183147637,0.7468075527371077,0.005514829746286222,0.12943197681690385,0.8785661925340842,0.8795569227273295,0.005022501582142626,0.13046498555938166,0.9388613564495284,0.7971523943465532,-0.004971213568670682,0.08945635921165115,0.8910610637786786,0.8876347115880577,0.012251832642044777,0.6864279771827825,0.6720069041816202,0.004003302135282338,0.8395472472184776,0.855788646834732,0.005117724416623839,0.8825083008152479,0.88231966277816,0.0052478971517078785
1847,0.7239354883223564,0.6922203465221457,0.012130346087015334,0.13935735152990872,0.8332626694686807,0.7711544157147677,0.029184311530367196,0.15706052207868845,0.9544360548214926,1.0172773545023326,0.03229843984457386,0.07900409016283995,0.8607690409662617,0.8097018575691338,0.024777761874570408,0.6519900499745825,0.626113734514646,0.009418841657394672,0.8112698608676617,0.6400007046043223,0.009570937362055713,0.8385477386951024,0.792293761449989,0.034213307416863764
1848,0.782684573885391,0.844862134786851,0.005212456530785774,0.1222912119651347,0.9209245728183328,0.990665790538846,-0.010379706222536839,0.10631821097840571,0.9845601806806736,1.0815299652265322,-0.007783475328557969,0.04628999454610428,0.8907179470318357,0.9422568926744912,0.007432740672147523,0.7237818890947543,0.7894760362991381,0.004648684326051548,0.8704869895274626,0.8543768486865128,0.024784037583073914,0.9275113977700776,1.005825616211578,-0.015599412634060367
1849,0.7494456876857181,0.6684247510152231,0.015103826078834419,0.13389134516848938,0.8886803438958042,0.7793593769435369,0.026606442700350726,0.13060300942982186,0.9613511297288835,0.8486690499346964,0.029975380232023792,0.07741837715771617,0.8812704450409051,0.7967441548797706,0.014565250495181467,0.6792873960195548,0.601903071479062,0.014633070414884744,0.8628281893861814,0.6955553437425508,0.007600421440738703,0.8930455485193479,0.7929447894747254,0.030937458411196585
1850,0.7756891551171176,0.8312580757369883,0.01041432294955227,0.12382984419540091,0.8999399044943659,0.9154905953329111,0.021560948436388033,0.11874391641968167,0.970568526850321,1.0004945716811617,-0.0004109825782120415,0.056261662944511945,0.8956793217180483,0.9689410468531371,-0.001541073176198,0.7111933537032152,0.7617840731515044,0.012166724712984137,0.8429649426484468,0.9426375511558867,0.008916449200117426,0.906741207119322,0.9140363640168931,0.02347213776796918
1851,0.7536695797648079,0.6966374296095069,0.004361476834700908,0.1309802947350749,0.905285806944963,0.8532922272275626,0.007330969962810469,0.11513454201411841,0.9824677576791433,0.8999106814787852,-0.0038323534873158116,0.04761968853230881,0.875503545977965,0.8033757930290274,0.01390543017476725,0.6882482221492284,0.6364718289946782,0.002406699142270699,0.9280954283474632,0.987947310371261,0.04723963287644184,0.90642758691913,0.8390141623745668,-0.00045779901363167933
1852,0.7754499950594838,0.6799311546455432,0.014275147491189296,0.12632294553959883,0.8992147254137886,0.7845829831873289,0.009067698122471041,0.12334696331268348,0.9808118766596875,0.8456534613658092,0.01486117084026234,0.05870039003136451,0.8963595074596618,0.8240980022418677,0.011960539057449392,0.7112656520547436,0.6088147430661089,0.014067077036197957,0.8412015915429323,0.8528187648071865,0.03151342375499237,0.9076930658025899,0.7765078933677968,0.004615763570446805
1853,0.7526948953619298,0.7189345151680178,0.008017629918393944,0.13096851942723953,0.9012461802376401,0.8895259112455753,0.005786794049940871,0.11684394433238952,0.9712716327541646,0.8081047407045279,0.005535372119436405,0.06982225443205331,0.876427278348844,0.8618799135869764,0.01560500496496759,0.6865850169530243,0.6440393707297707,0.006254611709304602,0.8549682855960887,0.9572465325381804,-0.0079665101878012,0.9071310959419753,0.8838825762115828,0.007395174744657135
1854,0.7585834258832437,0.6749137870435874,0.017724950093324348,0.1307594334962548,0.909629653987133,0.815859088573383,0.021060200990384716,0.11593782728624565,0.9575422340983208,0.8008902649271881,0.01923460538088259,0.08088265525111475,0.8773379231730186,0.8079768935994777,0.019927903362090875,0.6945940834221175,0.6065325016562824,0.016692405878507947,0.9034113424366754,0.9454492892106858,0.0190828318928715,0.9113731019729452,0.8033967656243137,0.020221669949568963
1855,0.7513454335438741,0.7533678059254628,-0.0004912634263512664,0.13158549457663177,0.8807078896860531,0.9249820774325396,-0.010696006811883697,0.13077935468434676,0.9546593194190409,0.9130011174086469,-0.03177922860712942,0.07808499400374878,0.8773037147832217,0.86495366806438,0.0038442664500457756,0.6842204819825781,0.6912048493199315,-0.001384924483196116,0.7215112218658657,0.720840325536246,0.028989815436321502,0.8999582462230841,0.9488572376615179,-0.016125407309562526
1856,0.7653833361419737,0.8073856420252306,0.002941405181729787,0.1272120261721932,0.8771481169737654,0.8545752969724504,0.02077193672277602,0.13240129640527243,0.9280278148166096,0.9913722093443247,0.006955332927809995,0.09056979036492814,0.8758594034401204,0.9196312321220275,0.00955413101042048,0.7055425572852339,0.7446264177983044,0.0015784532414393165,0.7965872416196704,0.598236959414612,0.051687771643936446,0.8890353291857553,0.8899556887222594,0.017169312403012286
1857,0.7685190409522896,0.8416137858809323,0.008743241457018647,0.1269547115543841,0.884034781108461,0.9291809787501812,-0.014658009285996424,0.1291367352548819,0.9543751323579577,1.0603051041441254,0.004210666938581842,0.07402826033570453,0.8919091785763328,0.9652610577408792,0.0049764237766955904,0.7025811794847246,0.7754258152495477,0.00915658223969582,0.9251254481278071,0.9310225123279087,-0.05089531524004751,0.8816946778790532,0.9346273831669708,-0.008532843862190895
1858,0.7665263303554661,0.8842944747547158,-0.01577593871765479,0.13029829797557177,0.8922046045129959,1.1166751042276837,-0.04314329873753532,0.14000255981793291,0.9547543634125883,1.0900959973400859,-0.03782747616613874,0.08358977290156674,0.8807064148499458,0.9642594413260515,-0.017376711299826045,0.705334522926836,0.8375089556290828,-0.015207564319164745,0.8102820200271714,1.0028224282651463,-0.01661018864551035,0.9015390120371541,1.1285389097955965,-0.04681911845408499
1859,0.7824435623523521,0.7376023039114079,-0.0038732809479570677,0.12292526804464493,0.9141825838629187,0.8724700940897424,-0.024469627359808864,0.11381277035094961,0.9757625426128869,0.921855579298691,-0.014133191996841231,0.05466397538139448,0.877797738947529,0.8381521837521643,-0.009074495080065758,0.7301419891114366,0.6851858344403333,-0.0029572879485479184,0.8520918402037222,0.7725264046455975,-0.040163822900067835,0.922219166479315,0.8875271119139153,-0.020588618298796893
1860,0.7673062066459178,0.7318238903954773,0.013303347542845744,0.1267491599864046,0.9110238032216385,0.8890477810030273,0.0168081985194671,0.11125933886964633,0.9838036112140542,0.867047636715291,0.01244286812081531,0.05186895290979039,0.8951931392946298,0.8521671725906877,0.01959717604768338,0.698947299065402,0.6658576020026359,0.011697562538421243,0.878447367018133,0.8793150888507697,0.01631880686975171,0.914407054245494,0.8902261107344384,0.01698604154715203
1861,0.7529575844343913,0.7358105694678626,-0.003914769299566336,0.13145495677213914,0.8847950048865394,0.8721221381602151,-0.009124352043340852,0.12756471486422863,0.9597141945158327,0.8977663907781934,-0.017428816347137378,0.07028648581885509,0.8854829369820003,0.8841498446799008,0.005528250570781726,0.6832289703465526,0.6576488173431658,-0.00566588978936289,0.8278066975386809,0.8968669968804829,0.010197733933305315,0.8916668603814732,0.8682411476029643,-0.012682378846895121
1862,0.7846066645971235,0.6753953424233007,0.005084723621717449,0.12399756675201808,0.9158338603505627,0.769257389509371,-0.006718452936165739,0.11785741404755506,0.9628846678417375,0.7987857018235537,-0.002148823397504689,0.07630997733241532,0.8958621497076463,0.8198098959382868,0.008844285125426406,0.7253644086156535,0.6032319331247171,0.004020893514574661,0.8363576014649047,0.8056215350923228,-0.03444298936209651,0.9268386032674949,0.7687710907001639,-0.0024828359794936295
1863,0.7662232083290795,0.7362901330766856,0.013428618260271806,0.1271916351269893,0.9248085609914227,0.8653986157989079,0.034789374236308616,0.10800415654519469,0.9642232519278494,0.843250706014412,0.028925068269362867,0.07602775010604396,0.883904093543025,0.8648446156271598,0.011455919936000947,0.7031299195064824,0.6700283526427214,0.013264747524300362,0.910803234514037,0.8464574061458214,0.016533608289069145,0.9268532103217769,0.8698451675118342,0.038172424705916176
1864,0.757349702602531,0.7131996072653581,0.0047894537044332434,0.12985538295590965,0.896037472754815,0.8318236037622918,0.01353191509492205,0.12211122321194966,0.9469604760762043,0.8954306886058206,-0.004735757010961914,0.07764772772847352,0.8785696426261719,0.8730581281504987,0.0019107610948723521,0.6936207434424698,0.6357345579985186,0.0048784133308706675,0.8557682180858434,0.913328252503852,0.03339808971689407,0.9020414037821142,0.8225840343761309,0.009453385343986223
1865,0.7720172742842899,0.7821601645479029,0.01765514354513931,0.12542957815275932,0.9171426541237084,0.8601321035449073,0.0281055511255755,0.11059930672021058,0.9736206107980614,0.9633365845657775,0.02929689558882765,0.06090105264808785,0.8832427619432041,0.9020269493686339,0.012283257476059541,0.7116505973665178,0.7198866384256214,0.018065152939166957,0.8479113972272273,0.7763122953701279,-0.004662431922373743,0.9276319483270705,0.876313644345363,0.03489452565041827
1866,0.7423076971601255,0.7246405644462447,0.024668319037373324,0.13532418660836387,0.8002442851805467,0.774703503595286,0.04545464051799057,0.17551214944055965,0.956816869289635,1.0009683763369241,0.04071427585273569,0.08013230646205488,0.8773564203266857,0.8335262641180357,0.03267759254818564,0.6708248326369818,0.6627254775918423,0.02254502114629151,0.6617251289087133,0.6332562199624318,0.045566725519942404,0.816307812452271,0.7925705206424467,0.046789292917074586
1867,0.7623872389236301,0.8269804796480102,0.012469088189153956,0.12894329056636375,0.9124322865556487,0.9663209836667831,0.002863874974312948,0.11082481372389273,0.9718242550184212,1.0681034185643639,0.003431144463245839,0.05905019711146413,0.8735786628122838,0.9621637924791778,0.015412913840634281,0.7022602804542251,0.7552494125807568,0.011500662340855764,0.8805563461857105,1.0824016730337869,0.015305224396090233,0.9172355108554353,0.9543011157668913,-0.00023511346430573444
1868,0.7572664880302856,0.7728671454374273,0.004996632295721646,0.1294321568358552,0.9073634654298728,0.9221846817406902,-0.0003362069873303466,0.11324838028047442,0.9531178527505114,1.0057093419285092,0.0011107517186502982,0.07194654718331576,0.865144170129723,0.8387672058169463,0.0116785643616466,0.699247177249425,0.7322644136953352,0.003640780014502974,0.8205512627812429,0.7197820955478461,0.002309911563566254,0.9182391647108009,0.949983530990601,0.0012055949970366648
1869,0.7823011801915449,0.8683421018125149,0.00022749505897414022,0.12311278529427198,0.9352938482084465,1.0381635669656673,0.007611498850103159,0.0981327343464709,0.9841047297431181,1.0175948105340846,0.013768512502679032,0.04400047271592323,0.8932275400231722,0.9713892428877198,0.00010442720470879394,0.7221924623589309,0.8106692098993528,0.00018344347448301843,0.9178474040121294,1.287574042342102,-0.0033187836833436985,0.9398588014790651,1.017608995257579,0.007167898632462016
1870,0.7637596811284738,0.7884091051473,-0.010246301205867598,0.12902348035845157,0.890676524457068,1.0051298360983292,-0.03836135435524472,0.1330340921299534,0.9421134013798954,0.8280390735939981,-0.01300912461381969,0.08537181604515126,0.8844439543661332,0.8879823418608672,-0.007444840966027989,0.6991806525728694,0.7317055128392136,-0.010608937917855533,0.8847581094206466,1.158770641873342,-0.099048039727789,0.8948488694426338,0.9988853211989704,-0.030556467165208392
1871,0.7601044806101616,0.6930503593370402,0.007052622294696653,0.12938567738700563,0.903003301133672,0.8186110113687189,0.019812008132919355,0.11887122359029402,0.9657648271958161,0.8762455562228721,-0.0022640688100850556,0.06427856267651613,0.8771379863195266,0.8276771596347846,0.01647289264701858,0.6974720606779781,0.6222994916876445,0.004990546427846949,0.8667226845164441,0.9108477058312078,0.07888991420156755,0.9139551769124368,0.8095142010971578,0.009082736130490161
1872,0.7653002517924651,0.6876413232142606,0.009235207052909547,0.12803573812009547,0.91766874586379,0.8266288591950114,0.01125478429071613,0.10962096446477937,0.939297473937929,0.809798943542355,0.018564659327410582,0.0895853580570208,0.8864826584886762,0.8401420960015304,0.003205543785739708,0.7001569541622686,0.6128113304377865,0.009812247153023472,0.8739086050829881,0.9787227727591947,0.0008301352896541506,0.9250534581676045,0.8130660006511282,0.011475782406207703
1873,0.7642129677525619,0.7023647143222288,0.008428662960444188,0.12847141284331673,0.9119363106537337,0.7905462052791661,-0.01366381096158956,0.11905905297726667,0.9567400345847572,0.8604457613530052,-0.008387047558205931,0.07389242078702744,0.8743451366779974,0.8270780699156681,0.007499574190743093,0.7051196372535483,0.6387862590724096,0.008196212199271862,0.868610050437486,0.8895131290144974,-0.05266041918774944,0.919523776845037,0.7852757912207486,-0.008456290576951006
1874,0.7692737803453145,0.7986249868618422,0.011132732240097611,0.1258695708323833,0.924000657258805,1.0020465877803995,0.010710864012552704,0.10436022373068278,0.9743632384994433,0.9715575646587812,0.00785547928010996,0.0529139470672151,0.8872866989625422,0.9193924878904858,0.009286229777479784,0.70573524519008,0.7341625006042108,0.01111004226643146,0.9154567425234562,1.0468444561844785,0.03800445311539018,0.9258841818616776,0.9959354910718795,0.0056709349370257615
1875,0.7513130477879582,0.8350022538474312,0.008032367270943367,0.13179081252260683,0.8816526112559347,0.9818099979718106,0.008593499858593657,0.1306566772509858,0.9386878419373667,0.8778986149907847,0.001682675617284835,0.08333217432164006,0.8824338868122233,0.9774997316996226,0.003424545440073327,0.6812708940592332,0.7598727747160423,0.0085473776868478,0.8532317083485373,1.0164048613155998,0.022691857134950012,0.8847794667092665,0.9770619232821576,0.005875843653812689
1876,0.7775788607422643,0.7633368689346313,0.007280690975889002,0.12310037430822217,0.918712068108605,0.917055578399892,-0.004639618787936633,0.10600301572309993,0.9694470138719506,1.0784074576331881,-0.022483021424611817,0.06559782929773471,0.8760586479460306,0.876152557817555,0.006259029073561933,0.7232520971229435,0.7035980587811884,0.007165505785367927,0.8675855077555291,0.9954645678795719,0.008721146459360223,0.9255736009878939,0.9083599904717067,-0.007622214470197559
1877,0.752774129540978,0.8183882259248503,0.009170650297406597,0.13176232371064184,0.909260049433894,1.0305893106470816,0.01953072297319355,0.11805245520936539,0.9396458187214493,1.057656918546549,0.008026108155994718,0.08580781425958271,0.8753832838082505,0.9493449005453494,-0.004320404750262838,0.6876916486069597,0.752645829794728,0.011245422698636048,0.8756992390096837,0.9793012288181467,0.010597371503950986,0.9129783320350641,1.0379293181650544,0.021573170011805046
1878,0.758680173034568,0.7832378228717446,0.011596621465862725,0.12879177359948035,0.8912245876734686,0.8309055874465622,0.027687483067446284,0.12629931146122303,0.9759011454316976,0.9100411405981191,0.021447519787409473,0.05751104842644802,0.8677083644141075,0.9406326887303037,0.002868569389033094,0.6997928389171705,0.7063050183709634,0.012633718258416029,0.8117855912636763,0.7859582519745205,0.0035828767596578206,0.9015593427123462,0.8396832426561072,0.0324117426306252
1879,0.7694925306038638,0.7073570719457525,0.006951858648263412,0.12663037469021818,0.9052347553855318,0.8031479868176677,0.003731152513174255,0.11873535039028514,0.9811403228258311,0.8308631084591165,0.004232203299266066,0.0590673723158779,0.8733671878441479,0.8984569584561295,0.001317813551676753,0.7160539773831477,0.6207350914749238,0.007303320501831042,0.8382234879075762,0.9599433377392032,0.015373692891625122,0.9168492433302493,0.7886454522350772,0.0003606486465757412
1880,0.7478514989359717,0.7255466696948993,0.004534287772261534,0.13300241892882672,0.87323225082174,0.7889541583053162,0.013163939331785019,0.13625573000875899,0.9352151996078809,1.0161703721284234,-0.0233779025306926,0.08933290556416555,0.8768986557822931,0.8751516878422513,0.004369612054326271,0.6794153182519044,0.6495293692807808,0.004237519376709869,0.7939900991514895,0.6387021008349955,0.030415760031155047,0.8822504770185892,0.8072243605520082,0.01150251384248552
1881,0.7464140885974097,0.8037760072972071,0.015448933230866742,0.13378130345319883,0.8913289159737776,1.0120323559125575,0.012858257162845993,0.12793118269410492,0.9626921931666406,1.0491450301177165,0.006923522768897564,0.06667150917063101,0.8540592742421711,0.8568154028209074,0.01829891789103333,0.6886657963574979,0.7705579972244369,0.01469099077377872,0.8112966419862481,0.9640678667494025,0.0037388557751776397,0.9002787515868103,1.0187879496748156,0.014926270170512597
1882,0.7700154673164483,0.7692914757359307,0.007151935195173565,0.12585181861514608,0.9190426218272307,0.9422319132731475,-0.01656264376166643,0.10779305181858553,0.9831897776801314,1.001974482263806,-0.02624028724488216,0.05006966737545266,0.8839063091496729,0.884506401406142,0.019392839429062524,0.70890903933215,0.7046789088979637,0.004645444656356776,0.8433752513492808,0.8035426542279618,0.021207008992734377,0.9285216365026833,0.957538944631966,-0.022162040137063285
1883,0.7272103743324574,0.8100573242763461,-0.007080081857057633,0.13950523735304152,0.8688749840388212,0.9939122064364558,-0.03356947895293789,0.14265483395738296,0.9180341295717901,1.081758931369606,-0.044527277297519714,0.10943308737888606,0.8746070084086903,0.8957137646923702,0.00039403978553213256,0.6501729435129718,0.7553387742739948,-0.00826746643105012,0.8967555446927384,0.917359665009994,0.004757253469554669,0.8671002599842956,1.0012716739387812,-0.03970582156836448
1884,0.7445037166882976,0.7391606939035014,0.007500764722885648,0.13355079383278834,0.8972308537034304,0.9185996494120232,0.025825428342346496,0.12208434884406684,0.938050980221478,0.9113476539503893,0.007893810429018575,0.0828477141854738,0.8690923109854942,0.8421137055246559,0.019353425479565405,0.6781553025928385,0.6793285476216175,0.005078758477138233,0.8275501770931654,0.9577232134809519,0.06975525856381734,0.9080822393263833,0.9131378744309336,0.01792561882034217
1885,0.7559091861609378,0.8687938279924324,0.0060297974807638965,0.13213969100905587,0.8861971043617611,1.005869317795207,-0.021787075304616148,0.13198226469790372,0.9575476819768275,0.9792133626963939,-0.012052775419721919,0.06890740558098185,0.885441542263394,0.9815519287192681,0.00539264083720776,0.6869235775786552,0.8051527921755425,0.005977786673393141,0.8758495350755382,0.8042159621397992,-0.015457626465536322,0.8897924928667466,1.0358061674932089,-0.020854736111641452
1886,0.7488416252486134,0.809664456085084,-0.003683000932172812,0.13335678174100649,0.8948127986430883,1.0107158379230332,-0.020352559387368827,0.1268204296678361,0.9259731186508006,1.1919609772479707,-0.03245231022579118,0.11079846110137401,0.8858176095749004,0.9196278798825315,0.0013579738151109565,0.6768703140468295,0.7462356820912507,-0.004586795969821245,0.8885908848852846,0.9459374058721421,-0.019937939002241736,0.8954393857042899,1.0189096737668082,-0.01978301829858672
1887,0.7402613937584436,0.8395075787894232,0.012075760646563431,0.136291926917042,0.8612886630018742,0.9704478373766648,-0.012209995033140348,0.14387910300773085,0.9232520425313698,1.1854571704989674,0.004537424694698864,0.10713535599489693,0.8677922438630992,0.9008987194065272,0.018026277283323226,0.6734363954993652,0.7995258180619745,0.010778756170002962,0.7959654664632876,0.8065715481568404,-0.025807910411462028,0.8704988143496012,0.9962144545256965,-0.00797808232239018
1888,0.7297511144170328,0.6853921930163911,0.016618123336778052,0.13855628463361094,0.8465386308153766,0.749918412608653,0.023738579493660154,0.15246808763370334,0.9309363987387362,0.852449491093541,0.02839645871975187,0.09421740136149916,0.8759882126660521,0.8700147569535331,0.0099253227499234,0.6539280392671916,0.5982573650574096,0.016888897341195638,0.872320702792155,0.9453179184198819,0.0201979302252185,0.8454058165276629,0.7327024951190425,0.02253604582223966
1889,0.7523812094839766,0.7103309815739179,0.01681526230331779,0.13182078338489717,0.8828711412355692,0.7779481755189007,0.013944083714373124,0.13228716237596852,0.94893451805462,0.8032389488140974,0.009434835276931364,0.08409151403382303,0.8790237103840803,0.8969948014895278,0.006885838147584208,0.6860706608910478,0.6239620805494427,0.01767792896239867,0.7832321056262502,0.7311936235790569,0.015053499215397077,0.8941935475785963,0.7832495635755422,0.014233872496834533
1890,0.754170801078546,0.9085220144790693,-0.0020061960203270977,0.133880840884965,0.9035501864016172,1.1601187246570677,-0.037243856745200796,0.13369554835459066,0.9767989956314839,1.0791223942210593,-0.028240495433770645,0.06088485144301855,0.8843221172265825,1.0102706935300838,-0.00803315401111168,0.6849371925949099,0.8508709286763294,-0.000853188583193422,0.807049702370674,0.9097074332644215,-0.029920014077710808,0.9161554557358894,1.1969866686207207,-0.03611003259970206
1891,0.783713620711327,0.7506941356112116,-0.0009608773029879464,0.1222155068096983,0.8956573559697634,0.8970541705163582,-0.022140174572876342,0.12409382878241529,0.9584486458256501,0.8865613737608978,-0.0065286753463687335,0.06966189461837681,0.8970723876435674,0.8765036415765471,2.337899114447268e-05,0.7224922210793328,0.6844383190948972,-0.0012861865856257431,0.8806508064047975,0.8500977241079589,0.003330720183956695,0.8974661390270805,0.9007778141378477,-0.026152375972713176
1892,0.7725030140908096,0.7754401915278508,0.012806208927693023,0.12495279950687398,0.904087156583693,0.880369942313436,0.005171774312942369,0.11545990020386197,0.9637923703661859,1.0628406565307393,-0.00423563682788357,0.06642394901568717,0.891270797648089,0.8911529204886728,0.030858777967868484,0.7096826549974332,0.7092959172033377,0.009068582662451353,0.9482929281356741,1.0405430789859758,0.057652183351357585,0.9048026651099889,0.8644514162034043,-0.00480330942393555
1893,0.7827767568311274,0.8665713319832877,0.005297644794774307,0.123036281164173,0.9065628400572423,1.01229361777819,0.005021012508753935,0.11705598365578555,0.9574092831540426,0.9895019741800477,0.01862823164163346,0.07060043120984082,0.8910719075674708,0.9601916202182785,0.01341141143661318,0.7241495181474897,0.8113034389690744,0.003633682982172474,0.7880365163314064,0.8354443043588916,0.026955591356833175,0.9200214154555395,1.032849559443405,0.0026491453327613127
1894,0.7315866079224562,0.7092509597221186,0.010907774822577598,0.13772832203567964,0.8683738664527317,0.8633806581175495,0.02669101638569931,0.13847197226327337,0.9130373836534278,0.9309037899794079,0.0012133385920881598,0.09809117503282638,0.8634140178711978,0.8848654434390022,0.005579012523517934,0.6624162134933995,0.625236395433258,0.011186293417626609,0.7831193609753878,0.8283132689163633,0.08435952283009923,0.8818606742746633,0.8661681406677825,0.016659730592996084
1895,0.7823807055686247,0.8100358343413363,0.010996812271035453,0.12205087380599282,0.9155379761365172,0.9674039908450071,0.008660106630394801,0.10919192920021117,0.971481225597993,0.9867294809886672,0.013841309419477385,0.0571846110213634,0.8825028698926263,0.8998065720842764,0.013393095139623409,0.7273133007974519,0.7591271049731659,0.010271663976200631,0.8856663766986203,0.944860693948934,0.027535128585501705,0.9188363734411579,0.9684351478006117,0.005557945566187759
1896,0.781880486964991,0.691114128393661,0.007395052890164603,0.12378623811038852,0.925358991624978,0.7865187977915233,0.01066007116835997,0.10913688504957511,0.9706744023674003,0.8100750189093151,0.005019034393530819,0.06966162008997435,0.8931406507149859,0.8231047924751959,0.00937539566689586,0.7218183367679502,0.6234548471832795,0.006648695674969787,0.9048322531562574,0.9161490428157885,-0.020989959358051,0.9299391636516884,0.7771156786096335,0.01446752311505905
1897,0.7549481928491898,0.6629177026062725,-0.0023201860772483506,0.13274453439059658,0.8817734906214316,0.7586267851194832,-0.028147175371730542,0.14064296158301545,0.9468222925643502,0.8681898408510174,-0.03964427286309457,0.08856082623181878,0.8684085522501216,0.7776653391922715,0.0029480398604617795,0.6930159909642142,0.6010787667289786,-0.0034332799776100207,0.878711191696881,0.6620661371982292,-0.014903798504190987,0.8826346771855481,0.7702097230431709,-0.02944847954347332
1898,0.7689581612445169,0.731982804767361,0.014287962302288093,0.12591731646322543,0.890505287375543,0.8792488991344715,0.02246983723939173,0.124796954677495,0.970560465994384,0.917562517456143,0.014419534220241524,0.05943390969600652,0.883344091246518,0.8525522016516872,0.016922666666624276,0.7068275628700763,0.6675530052964526,0.013328855494335051,0.8759195417661422,0.7730715801620928,0.056722769209684415,0.8932547965800169,0.8905950907720687,0.01716285335340798
1899,0.7753369049010642,0.7369083630711093,0.0033621470975178096,0.12445570965369242,0.9253092110374466,0.8844473114278357,-0.012057519173702957,0.10336576449238095,0.9690500379976037,1.026246307616377,-0.01739968407028172,0.06162862042835811,0.9062186804430876,0.8967326178650231,-0.0022336558235235312,0.706150797627935,0.6580985222443492,0.0040224064156835476,0.928097055721113,0.9784662470673088,-0.009524906999786954,0.9253705795917309,0.8745430395667132,-0.013439162392955168
1900,0.7511863046117686,0.9039305706719574,0.004281992777301875,0.13442061873017308,0.8997678103714213,1.0883509121017145,-0.008091105488292368,0.12646747525929486,0.9532222890957224,1.1756982118684658,0.006990507667195465,0.08503163200711557,0.8755486133517596,1.0026758757171605,0.0010139949568101839,0.6845513560328086,0.8473197210426403,0.004783258932726529,0.8462814770615306,1.0206729876034892,0.023026275513796077,0.9059110997453179,1.093784141052347,-0.01302598307627241
1901,0.7545975713988318,0.8498838690426841,0.006430625435553939,0.13161630955676415,0.8866822696282095,0.9655443666290867,0.009157241174184531,0.12734631076279407,0.9681732395716809,1.110130122916928,0.020759033097292375,0.06845827716196914,0.8846810625666425,0.9825050296628889,0.009444227052914771,0.684938631344031,0.7765170591079934,0.00561368568293751,0.8082766034208638,0.9658397522441969,0.012836086795125193,0.8956536412130113,0.9651285432346961,0.008517640847204588
1902,0.7565425029487999,0.854805048128135,0.0002412952579647235,0.13151299309890585,0.8912308515967741,0.9596542826391707,0.0007469245976358455,0.12477116107852251,0.9608823882558203,1.1333534414141218,-0.005427312814495736,0.07541365519023491,0.8836924496639106,1.0018629759325823,-0.0005628724999734571,0.6887206218979973,0.776981540667205,0.00027445019322284737,0.844350159435566,0.8349315959170436,0.01325687420089092,0.8965580410915795,0.9747594770762927,-0.0003516785749030384
1903,0.7614275296265953,0.7218828612507896,0.012859224613418577,0.12861447506449647,0.9032504164488557,0.7997104330362461,-0.000733891565451693,0.12044555299215305,0.9823383383662935,0.9732289342539394,-0.008945647961386242,0.04429440964123492,0.8898651269024688,0.8871984044022261,0.011648903259228781,0.6935459757644785,0.6406345488554204,0.012428185475693425,0.8304766001772466,0.7941613198190043,0.01008894085192305,0.9116576204217047,0.7994860883510289,-0.0025578074625738304
1904,0.773059475092051,0.7855734385248069,0.00950617000208985,0.12471498120196187,0.9038219058664229,0.8877163257748468,-0.010912821835043334,0.11671208255824161,0.9845325280711782,0.932493687703728,-0.012425067787447732,0.04442705622107588,0.875290368180241,0.9193809041913038,0.019832335719644167,0.7175613631514631,0.7139253713409894,0.007219611526789284,0.8056008760002208,0.8010641417517246,0.007456305014692697,0.9148446217492979,0.8965201265431638,-0.013287205209629222
1905,0.760631817774548,0.8123204695161598,0.001471723586314905,0.12918762337633255,0.8967506492234549,0.9053257632589106,-0.0051605564954100005,0.12035306426410977,0.9684143446429022,1.0708034079795121,-0.02414468161637212,0.06655946943840588,0.8952021924092332,0.9416352891446493,0.006996130099799063,0.6896212740321106,0.740806240099353,0.00037553136531204344,0.8960439082348989,0.7790552394225041,-0.002824993542506397,0.8979120508630669,0.9222898407695673,-0.004281638260294767
1906,0.7473053662166219,0.883552165524122,0.004016945127066107,0.13471347979822632,0.8963936052317174,1.0490115005728229,0.00824609725215872,0.12607695836185143,0.9771996219460091,1.0827119911165874,0.006943586669593014,0.0550596756701771,0.8651349258717931,0.9892196615161427,0.0025185792532670262,0.683788316231862,0.8239661185132662,0.00416533555345293,0.8824009609940214,1.0744392535993765,0.005084898057449558,0.8976091427428752,1.0466020950256112,0.008552935121953278
1907,0.7664381253660287,0.7010278907482655,0.011037381454570162,0.12782128962358916,0.9091619485940183,0.8299440223755552,0.019356142795076168,0.11516039981965469,0.9803232334586217,0.9180490177928796,0.013612534180184698,0.050300892331328374,0.8839086922133742,0.8248642320108278,0.006647014284547302,0.7034078804013549,0.6378861465924414,0.011384668339013455,0.8902746867226653,0.7203416264976946,0.032978613486222906,0.911641565396348,0.8426195526634771,0.01791962423342842
1908,0.7776413061895958,0.7401238437391919,0.006187325764153469,0.12362055210732291,0.9279515946646046,0.8910178649323608,0.014613779868791409,0.10062613584926643,0.9869727955430261,0.9398991974429353,0.004629058459570939,0.039202372248810666,0.8830292418531118,0.8377058593345792,0.017015189841323185,0.720356202875384,0.6842326382025828,0.003939635906927808,0.9283685063172527,0.7993761028939147,0.03308991390988872,0.9284888446852388,0.901123118986975,0.01208526324334008
1909,0.7676454713613072,0.7352268562072131,0.009418836511155227,0.1266498860174019,0.9086016605399992,0.890627937836055,0.008539598324452833,0.11268622072577303,0.9553867511420603,0.8891733897430733,-0.010345183070254909,0.07243317885360874,0.8920960380625882,0.8734362880269846,0.0011095049950034727,0.70109662537051,0.6657963230305813,0.010505859606613573,0.8808825787519129,1.0129441689084884,0.025305051996630915,0.9134868165650559,0.877730378679803,0.004641895398856947
1910,0.7449017878894139,0.8967468203600196,0.0029505412379292224,0.13612698432733872,0.878626472734912,1.0811558206424483,-0.013672167259560145,0.13978986756075262,0.9445032992531368,1.1989423205083796,-0.01689225393371864,0.09452190319089297,0.8815943261744733,0.9896462856416298,0.007636194337738489,0.672569168082974,0.8393028680903417,0.0020525230886635514,0.7993468448881821,0.8006288117509011,0.029053344574180823,0.8903692349580211,1.1206549881866872,-0.01946713828567707
1911,0.7648950025699198,0.7179767418932557,0.007472131281455834,0.12734672707712888,0.9009600478258711,0.8358575846971472,0.002084295853756769,0.11848915407057642,0.9721140909950367,0.9440258939170862,-0.016410826492398695,0.05737329648907493,0.8802425294378117,0.8609086628781797,0.002718547031890694,0.7025269878747412,0.6463953467014358,0.00790670887965298,0.8519431804328192,0.8304267885604134,0.00414920865410127,0.9063139879722741,0.8362831276405676,0.0017816399668187156
1912,0.7471190878430501,0.7597742517664117,0.01871541124399056,0.13255643087823013,0.8893636155589002,0.9008656171412637,0.05776065676285365,0.13646489692039945,0.9592189995449345,0.9527594407159669,0.04135563816881539,0.07826236735839573,0.8761577314953123,0.8800189137154092,0.016165540038186217,0.6783975942259048,0.6955268573771501,0.018609175813815382,0.9019045612703769,1.1035402706947248,0.06847493656943637,0.8898934250904106,0.8826597795461677,0.05466855730699875
1913,0.7601400226537716,0.7425415348503693,0.004030382172461078,0.12897655003431652,0.8992200678769602,0.9028030034175965,-0.015827710443396835,0.12035578486992735,0.9633639333857248,0.8471614347996327,-0.024001459173278925,0.07389149285772012,0.8882172609328606,0.8786777081868206,0.0017360389921259314,0.6917698163449938,0.671827429464359,0.004192247847912661,0.8450952178912975,0.8732460341423756,0.008932629853766152,0.905422422082647,0.9043005915508627,-0.01985499853763252
1914,0.7594376497759344,0.7480280329643165,0.0017215488859638008,0.12862520729332755,0.8777034749030552,0.9053260188879151,-0.00012847492351808268,0.13056290907520057,0.9523295353470114,0.8299212959832735,-0.01869810927732383,0.08035240728146194,0.8758463619839809,0.9026802817378425,0.001595610844439411,0.6968667635830829,0.6701070204429533,0.0014445192609169471,0.8335025268165156,1.0123628065055514,0.043793010630555546,0.8866148954293922,0.8944653607050186,-0.00841618815114263
1915,0.7488147979791446,0.795762164306591,0.0077654785749302286,0.13223290512474517,0.8557446184313647,0.9050271249739852,-0.006975990695934539,0.14462249913291111,0.9427168697841776,1.0404189404137585,0.007903304585465214,0.08181938597759167,0.8620442467769968,0.8967573947514751,0.029960034671012867,0.6888955506745494,0.7350431696822918,0.0034075870845310546,0.7727163328897143,0.972846984099318,0.0531986790316464,0.8712483072959823,0.8986904860005056,-0.017879484299448536
1916,0.7550107506558631,0.7606146446985896,-9.819638146568172e-05,0.1297830050968904,0.882825245226305,0.8816526945718588,-0.022670448137033443,0.13105974301316775,0.9566568196648096,0.8691302808440945,-0.022118793891573778,0.07577346208824207,0.878270027797547,0.9092647482900934,-0.008155763402592517,0.6891082581656652,0.6862906836095527,0.0011662338494166315,0.8548699798020448,0.9822740127039162,-0.030125586114228678,0.8865522409171185,0.8722200122753132,-0.022473323170165222
1917,0.7419931686687282,0.8739547632230482,-0.002899143151752945,0.13719686425673047,0.9039036923819508,1.081725008008526,-0.03014846503399096,0.12668310254154402,0.9599589953847836,1.1889899283347294,-0.04737119075168919,0.09224691576384098,0.8760383710047395,0.9739688321052792,0.008133913349869354,0.6716496230142049,0.8125969771176945,-0.00486571627139136,0.9013073232229255,1.1396849901829746,-0.04020901768378511,0.9040986314792427,1.076444759459995,-0.02904911351661522
1918,0.7566550647355598,0.6750648417331038,-0.0015234339732284046,0.13169972964465004,0.8858671399515858,0.7605509929993486,-0.01146639115581182,0.13379281909819307,0.9249066246401582,0.8052637795158986,-0.02328821690478242,0.09909688340204374,0.8869808022912109,0.8240000259709613,0.0031995345048716987,0.6874899685418259,0.5990605036496874,-0.002547352561390045,0.8130529917550053,0.6344378905720484,0.025160000292984576,0.894994778353585,0.7745429201320072,-0.01689733391494764
1919,0.7671850963569324,0.7437655416895278,-0.0038219165364142093,0.1276139387598567,0.8997088111808564,0.889584057538545,-0.0026068072481216656,0.11864554879454448,0.9584035016425502,0.8201993167599473,-0.02192971084318517,0.08011410383976356,0.8817691846014947,0.8827943984827678,0.004358512022394363,0.7061567940278134,0.670898184274272,-0.005371913424375199,0.8581320856482448,1.0337375015401449,0.02222205893549869,0.9074781721486661,0.8755959297934739,-0.00798825954206098
1920,0.7563561273003045,0.7033043711663287,0.007083506406170247,0.13068519089752492,0.8913226967096133,0.8293815302804609,-0.009685484485276102,0.12638591611274763,0.930584165655524,0.9030932776040205,-0.010926675170826511,0.08808752833730137,0.8779087802302794,0.8009053217699084,0.0135512125302579,0.691443545016048,0.6481048780493526,0.005661888619957119,0.8483410004170032,0.6896572440913052,0.029847635597578005,0.8977025616059187,0.845587409856456,-0.015628864171792548
1921,0.7815790151063631,0.7459494739446535,0.005268681646184511,0.12256449510960614,0.9082645062228849,0.8410749706679911,0.018195590710524304,0.1152396026729321,0.9619949969454519,0.8724787573282735,-0.001123973939998338,0.0680168281491026,0.8948372254425693,0.8954388398440029,0.008101272479680224,0.7212274495912253,0.6704632993231301,0.004396440010173463,0.8662608854450063,0.841198374119872,0.03802422975691574,0.9131869537000142,0.8396181198837093,0.014742302842925107
1922,0.7521758040548349,0.6854823398866897,0.014370023709709372,0.13205135029884985,0.9056707581475638,0.7497984296614689,0.018476794984453867,0.12365844561676383,0.9855272250610205,0.9405148884426852,0.0238254498403743,0.04735098908461039,0.8788688874789496,0.8171207193737581,0.015263073623648682,0.684312924284586,0.6171166297319566,0.013673132807989352,0.8806193864919661,0.768074984774402,0.00933604609971599,0.9084742157005328,0.7486853391394351,0.019857315413881527
1923,0.77005281495715,0.7331131966583156,0.00720584743223394,0.12578514196150584,0.9050537926022943,0.8190943733503012,0.011046340744869631,0.11722272460564195,0.9755383360594768,0.8725025100209697,0.0016853775251059956,0.056988732609847936,0.8840025538299179,0.8571234440964449,0.012737096411683939,0.7083253494908254,0.6665878508244244,0.005845567179959507,0.8099739378624472,0.7499119152682455,0.01006173476671256,0.9156002385796446,0.8273981167657275,0.011948922757134661
1924,0.7444100303692283,0.7415495793396398,0.0012035475725167457,0.13351081112870117,0.8668022470462504,0.9262377885931923,-0.018842036226619615,0.13953619197983014,0.9471763494609905,0.8789804174225379,0.005518800583350372,0.07759129073092633,0.8654979795402813,0.8783554828430817,-0.010074274388369156,0.679404495446631,0.6731515535692079,0.0029965521534047125,0.784533207295517,0.8796572085438406,-0.02449042676154973,0.8761613310457466,0.9325547000848075,-0.017351793724367598
1925,0.7566825821787533,0.7789481629022531,0.002697033903775096,0.12983363319840788,0.8813141760297114,0.9338669536157611,-0.012165326463123995,0.13080971937461558,0.9704973465215719,0.9063139003329582,-0.018832262277289197,0.061642931429996,0.8740861894199067,0.9077041513984847,-0.001431311953873607,0.6933574498658324,0.7117510595325868,0.003236165291246751,0.8186490001776401,0.8124274273210771,-0.0011855651462488828,0.8882455974697174,0.948560423682006,-0.012910268192892704
1926,0.7596878018537842,0.7043179146509285,0.009544388398800386,0.12942198892822482,0.8901619161585508,0.7870069816703243,0.010101387827457956,0.12825438131299655,0.9386775582738099,0.786885983486719,0.0005151493829809216,0.09129825963586949,0.8830224306957455,0.8582683194717795,0.007951438817184773,0.6939315212187702,0.627894677291633,0.009309625658492821,0.857433030665495,0.8372742607781909,0.026711913112131388,0.8944101715771179,0.7806334568163694,0.006781864994916804
1927,0.7644258543636545,0.7652580853922425,0.00791265848195961,0.126400579100123,0.9045777122147737,0.8860902661600728,7.429180896623854e-05,0.11412085535848325,0.9590566900470128,0.9205638581644338,0.014454307670137877,0.06816461324540432,0.8868044148567367,0.8845984052957304,0.007403085283537723,0.6981116392174462,0.7005226026274995,0.007731289218359747,0.8971289981941309,0.8952526724582951,-0.03298622598318997,0.9070223915103444,0.8898501639066295,0.005614118013302794
1928,0.7407801459281238,0.7696335176329668,-4.842674436370148e-05,0.13499967123365356,0.8960663535273669,0.9514018592025179,-0.006989331826294015,0.12125638982996877,0.9588484477629726,1.0621809204697552,-0.005993301586712724,0.07072570150134745,0.8664593939834481,0.8455623817924478,0.00041069225649421453,0.6746415146452313,0.7247476464760866,-0.00013136261156995773,0.8345384465148848,0.8112913394031659,-0.014874853978929254,0.9037988846970073,0.9713883679790736,-0.004080756658510857
1929,0.7901675057126706,0.7370381984199221,0.02197604384130215,0.12083965486768374,0.9251125739471149,0.8306308581220966,0.01698873182025991,0.10540901141226787,0.9728582267299771,0.8317561779970161,0.015661162339210753,0.06658960099991866,0.897477722889332,0.8674452792805256,0.019386082511536507,0.731898395110183,0.6707180118292776,0.02175951947635067,0.8957764073656241,0.8237347096359243,-0.013306534995049872,0.929993133445856,0.8355999266579415,0.022303838962276314
1930,0.7645489658079866,0.7393747207505916,0.014594671205544191,0.12788082475398174,0.9172872726408955,0.9091802154760225,0.025025321504092105,0.1094143221187698,0.9863097357558716,0.9767395991441992,0.02214821374387233,0.044278775797277556,0.8746243975431608,0.8492035719977791,0.027093072261827122,0.7053258250287686,0.6779034969254537,0.011831387885307909,0.845102955636461,0.9386972111183242,0.017900294950139388,0.9259343075916254,0.906804574352165,0.025972109814280164
1931,0.7706748482469978,0.8087519613014815,0.009057610704497277,0.1253931280286745,0.9026928521620108,0.9176901853922036,-0.010928036372403277,0.11652075801390081,0.9732777213101675,0.9118576735294472,0.010106078311933577,0.05639798384310267,0.8842173153073454,0.9170502861480239,0.006147400272076636,0.7091381397506726,0.750030447058933,0.009315197490511325,0.8695816022119883,0.9087994941718923,-0.021154043057717037,0.9063383877645546,0.9198851565349963,-0.00907884877218062
1932,0.7606501984319425,0.7702455918296075,0.0021523256330498192,0.128678177685885,0.9186527938799531,0.9506141277335,-0.032305842808473775,0.11209352054460042,0.9757255783912125,0.9686337134421708,-0.04003687458844895,0.06509955000968609,0.8768153238959467,0.9371324800848755,-0.008922790306650361,0.6987395759040472,0.6902018206538563,0.003786180209931119,0.8549917576756946,1.0582644228586702,-0.0028642407477488534,0.9290812540381433,0.9388769580134202,-0.03831726518106815
1933,0.7922762797421805,0.8112775860246644,0.012584808364538284,0.11929422660932686,0.9024550901853361,0.875876112344295,0.03533335243979021,0.1212549009153146,0.9610526398712798,0.9775308551305445,0.023150014343862522,0.0691157718065677,0.8962697906829798,0.9155242736775576,0.016028636915100217,0.7354170749530904,0.7534131536101392,0.011596264714379174,0.8673373038604715,0.7759807245048563,0.03092128447775545,0.906674111502416,0.8892349209596756,0.03709599184459412
1934,0.7611513490288204,0.7687165950811385,0.009112265950829033,0.12840590093574203,0.8850478530833429,0.9093458062720476,0.026299229401883072,0.12927148423715168,0.9333957727769446,0.8168212770357299,0.012362976740801439,0.09133434454381846,0.8790254097668004,0.9137600698535372,0.00355006098399639,0.6978011576492971,0.695652183618027,0.009666836674479345,0.8360365191448061,0.9407284440867982,0.011018094570448571,0.8910157641149746,0.9077448902659866,0.028626271698178773
1935,0.7763513127752326,0.7500310556598556,0.0067817747275796016,0.12381918555455772,0.9112678564275958,0.861671836405657,0.00017730284836225973,0.11151967728138422,0.9688543468776581,0.9718737932456483,-0.02197335970167396,0.062134001728038464,0.8871555076902988,0.8688433068351733,0.007460115986966016,0.716297973175147,0.6870286995308053,0.006353697775202837,0.8580231260710193,0.8178256946773039,0.02207839163781676,0.9172235361774232,0.8650444824392983,-0.0032509503513478743
1936,0.7697060787893673,0.8100266384494995,0.006142046057176687,0.12613866326556133,0.8694097909312031,0.9620800275404863,-0.013153989173628741,0.13904685090772828,0.8992856151085191,1.027425194673478,0.01564535353667411,0.11081670964873487,0.8805838544284341,0.9027980468595292,-0.005972755516744904,0.7106660179002108,0.7622927251901875,0.00818843436115394,0.837413392677542,1.0983154130631538,-0.08431621471731988,0.8787040989935682,0.9608718022736289,-0.00326634349589101
1937,0.7469887820317324,0.6912849444081353,0.004465164122228096,0.1334321879108011,0.8938683120405526,0.8017621092592416,-0.005802565678930474,0.12559396980158094,0.9842370078023603,0.9241896412985434,-0.011506760736393134,0.04506089259180298,0.8573775519727836,0.7997260547524478,0.004420986418273985,0.6868393786488871,0.633387987828442,0.004246043255983633,0.7500830206922345,0.6681734244879689,-0.012628118139759111,0.9110832767689037,0.8198475603417367,-0.003027031874395721
1938,0.7644543823176905,0.7903526663799681,0.01060726935567141,0.12747218722437076,0.9173650727774824,0.9438684019998225,0.01608696895503936,0.10783203515478515,0.9577669059606567,1.0865174827219206,-0.0005855483399114271,0.07312271300111699,0.8814574589536076,0.9363089818560112,0.004269842037094665,0.7018598505405365,0.7172319401814286,0.011263907110389408,0.9099757692067473,0.8434118360237972,0.04494312226702012,0.9190654333512107,0.9545086595983441,0.011702420792265852
1939,0.755465008961218,0.6494189086415018,0.0033415746635397005,0.13321863349289612,0.8881832017055559,0.7516898844008885,0.003309729873835862,0.13187126984171266,0.9122015947088916,0.807949828856884,-0.01017960411986464,0.10246838044601593,0.8848112486469171,0.7726301695416022,0.004726397412348607,0.6863525054473861,0.584828321383655,0.002841054182010503,0.8005027836921683,0.5809547596256741,0.026212127821150868,0.8989621296944804,0.7735482012989494,0.0007941871447888734
1940,0.7576814832096513,0.8250902420899506,0.012180772945639722,0.1305479013502176,0.8959885789553296,1.0451027464098714,0.01945695740167508,0.12825543597539202,0.956710841804335,0.9648826161699298,0.034072033037848774,0.07613316881284765,0.8878980786757612,0.9514103175602666,0.004934298387076458,0.6890863283478252,0.7589338766806505,0.01311897448960494,0.9221384745991978,1.1762414467684017,0.0011715527710232895,0.8935087044784749,1.0337516872968329,0.021341323731236903
1941,0.7745341889433045,0.7659704158550638,-0.0014035134506933437,0.12487167477056839,0.9135934158764734,0.9215120511065518,-0.016567453275035643,0.1116230978244244,0.9691735171572676,0.8649012538635655,-0.0063359577615071435,0.0636016512519183,0.8795754801004704,0.8894160956128566,-0.0039028213401974634,0.7175187295084824,0.7020228806185608,-0.0010864855001744191,0.9050053592804574,0.9130863600196792,-0.017330552982820942,0.9142453926612177,0.9225715002895479,-0.01634813450175766
1942,0.7645432518906375,0.836410781069614,0.00827106836342006,0.12840291364145348,0.9274574674611821,1.0010727718025152,-0.006826022086972548,0.10210706429510458,0.9520197330546937,0.9334001335650969,0.0022656017418617924,0.07217812641259115,0.8804747874267267,0.9828793119201972,0.0016006759017156153,0.7024152977733437,0.7623336932538245,0.009080282879089716,0.9432765797564198,1.1204816344020698,-0.0526889583353336,0.9278746152027247,0.9949310633475347,-0.0005447955338521809
1943,0.7473852514148643,0.643907579398261,0.007669222577725895,0.13392230522257798,0.9030194438097927,0.7985735507150479,-0.0037009381192516138,0.1197811440757677,0.9689229766272573,0.8758964946481564,-0.015555630813807545,0.0639260569924515,0.8750552323849787,0.788748803009926,0.0080973403864478,0.6790951922260641,0.5711796679450247,0.00715096972025509,0.9197583062144519,0.9226788605152213,-0.004556429434964802,0.9018211016372806,0.7862330728750527,-0.004814683162807757
1944,0.7575234002564647,0.8074324554266938,0.0038335365459329037,0.13049060898337256,0.8938650970730262,0.9991968822453683,0.012561642092299234,0.12605000618916673,0.9604485504243624,0.9872197592582089,0.00032721928798281594,0.06578731802583002,0.8610012747534128,0.853774240139848,0.00592434829891633,0.7025404696275016,0.7785588126364675,0.003386397090171711,0.7230605478802933,0.7369042001147681,0.028283089534863172,0.9144491595945854,1.0343708109613283,0.01216809778143713
1945,0.7830165034381378,0.7429064857692922,0.006459870799347109,0.1217975330036138,0.9020968043107815,0.8819446460312516,-0.01583051067891152,0.11852755479932757,0.9509083017660447,0.9071542173182036,-0.008732004567280759,0.07404485104938831,0.8980851046396695,0.8397297892480953,0.00951802065859232,0.7209167695206682,0.6886697529090479,0.005675806410419484,0.8810556650193776,0.776415281944937,-0.0010140026229053887,0.9046496920906484,0.8942947658697374,-0.017409542897010636
1946,0.756849327537398,0.6544710416032148,-0.0008524758870309252,0.13252055020436804,0.8918182588487678,0.7345186503438955,-0.013205050134914588,0.1343440634473354,0.9585814918424365,0.8205030011230972,-0.0010851483472404976,0.07535555952407991,0.8680673811455587,0.7893548574833202,-0.002845494259351486,0.6965895809430706,0.5868495656235566,-0.000700433983912919,0.8442171873918224,0.6955466346384298,-0.0326646951844758,0.8981228853448336,0.7416039623417982,-0.009383445205346898
1947,0.7572490604245415,0.7258517027275394,0.016936101476296043,0.129242147893989,0.8938747379585676,0.8378763218861512,0.026090558913720842,0.12315423493637746,0.9574282737471448,0.808071947236672,0.02901304764353503,0.08399289502156465,0.8896762013129922,0.9067628050373348,0.0055137344413456225,0.6878183361977996,0.6410896738641152,0.018086263505074522,0.9014115323741285,0.9605920397140145,0.0033403044752853177,0.8940492578838222,0.8280605081526797,0.028705118365360608
1948,0.7606399515338319,0.7705395698252175,0.0069252533218989365,0.1283581569680654,0.8904442715982753,0.9217286101453864,-0.009320454368703084,0.12470605625748879,0.9409856277202432,0.8177699391570526,-0.016437776327120936,0.08818809309287788,0.8780363596915716,0.911061764745074,0.014425260289524844,0.6981448615866926,0.6966347126033432,0.0052008378775167405,0.9493799715778274,0.9847744252285945,0.03111233368218908,0.8863852587248254,0.9138754455729029,-0.01674929764769838
1949,0.7640961425959545,0.7031350279816525,2.3534383805488583e-05,0.12811567117592929,0.8804025086216343,0.8008213483555267,-6.741301169482645e-05,0.1314532019509119,0.9362602276240214,0.8051888990167343,-0.01643323207382524,0.09111818027874748,0.8834403880335201,0.8467002486126415,-0.0031666832743750014,0.6998846459152838,0.6309102284534254,0.0003899293690932811,0.8073569976789091,0.6708684394685491,-0.005714267285172559,0.8892278350272302,0.8186085765418165,0.002361943481094426
1950,0.7504925077019383,0.7847290582796185,0.004429923853745423,0.1319614740377706,0.8889942086703841,0.881058319577952,0.002182036483096273,0.12483756282940708,0.9310256879455054,0.9349679601636715,-0.00132084204673622,0.08714445161350454,0.8636740003645711,0.9208322925035641,0.006111059503098038,0.6893072696845642,0.7132660185279878,0.0038449008008419774,0.8574703384181551,0.7806255157062651,0.0025775622069326293,0.8927351109423671,0.8941628779644974,0.003125437773653463
1951,0.7741302187962339,0.786855864887107,0.0013345764394010712,0.12476977042766854,0.9030779257891992,0.9405855032743139,-0.022003842386282342,0.11928718998485167,0.9423340028245135,0.9750121288990814,-0.012762361296585346,0.080649798778437,0.8766717456317139,0.8770540485815028,0.007956223146028632,0.7180021738089998,0.7346451880670278,-1.0967299132066501e-07,0.8680408526766602,0.7600228504419075,0.024396375995131326,0.9094531090346496,0.962553417236039,-0.029001558054512506
1952,0.76361291701467,0.7436490840595186,0.017880985323166995,0.12841978959735922,0.909990407943432,0.8182370710750353,0.026993183595483083,0.11698443254214483,0.955758775461923,0.9670597922627117,0.0189617668109819,0.07215028193461091,0.8809712317085036,0.8930069041669655,0.015372844076860457,0.700765370675905,0.6690738971882154,0.01759745617204155,0.9257638130239337,0.789732571073566,0.019692951767332646,0.9084389551741989,0.8224677279303992,0.02855643945209093
1953,0.7579604835678688,0.6941385230465166,0.004435793186260094,0.1299364958567383,0.8861145316761285,0.7667399088897093,0.005006820286375623,0.13167046763986232,0.9714176335553995,0.9501015091261883,0.008004400248263453,0.055786902792014516,0.8727885429439571,0.8045846736550293,0.006281282604277228,0.6956399789085106,0.6346281523611593,0.0038902397561026178,0.8358176622856724,0.6888340451517057,-0.03500366347965526,0.8961565326441026,0.7837603245606465,0.013028343558494046
1954,0.7700221210029726,0.7299012987177784,0.0026302479561526146,0.12621272647342133,0.9041317966111315,0.8407026447296003,0.009795943887867763,0.11674854750696426,0.9555916002399457,0.8431870812957317,-0.0007691815900701677,0.07512236326465434,0.8814175379742909,0.8656115383086691,-0.004186359928583089,0.7100005552228006,0.6622207505773217,0.0035779903950867416,0.7745346220652437,0.6683386004536567,0.01145707707434672,0.9195731651503541,0.8639368239168783,0.011311187489887015
1955,0.7682118766759443,0.7452744432356779,0.005387048676744586,0.12663018910028412,0.8873703322625461,0.8681492320496009,-0.01502011189392106,0.12826051433488841,0.9561376771241654,0.9943553447266833,-0.028351779037219485,0.07514867098791918,0.8963764741019867,0.8479745629810597,0.0155153437710379,0.7008695329673303,0.6864173694355399,0.0033131357770770095,0.8549280868739351,0.797798988485004,0.012286370322743698,0.8911487788898056,0.8747646158833514,-0.019176862723132505
1956,0.7232278701072059,0.6532754894266803,-0.0004074214297009558,0.14120992803867613,0.8624465987192815,0.7780622159180824,0.018482591586261834,0.14214104801637636,0.9342216575783785,0.7991569775105924,-0.0025400335756797948,0.09183345823166598,0.8762901711794222,0.8237484575656294,0.000906130024451025,0.6435563093266102,0.5688839619251043,-0.000888417243668976,0.7977222423779811,0.7068327171240864,0.038244288024757184,0.8694622116104576,0.7850813356001544,0.01560510456762631
1957,0.7546745571318713,0.8429554405161556,0.0023876945887329757,0.13171212821190903,0.8844536208167111,1.0197543563258877,-0.01532191934729195,0.13268039319183958,0.9624989459218093,1.0581063577897603,-0.019938797734288728,0.06983253940008093,0.8783630376439201,0.93181553131009,0.00472232009261964,0.6885632474730897,0.79023141738401,0.0018937558917826534,0.8687871806855195,0.8137326725307441,0.01152769256812771,0.8882165392601458,1.0474093529046833,-0.01846379423163966
1958,0.7541869191038234,0.6846414589838308,0.0049971416152115615,0.13148494878140368,0.9045248473432546,0.8389714785566103,0.010508220627688534,0.11703302566755748,0.9532352942731576,0.772679012675901,0.0036130491819403535,0.08555667401373143,0.8858475871536747,0.8678017700940457,0.005796980640586186,0.6852117768371727,0.5970095887528668,0.004344049911117662,0.9153306750711869,1.039141908220634,0.028393292401530205,0.906462956322802,0.8201172591032736,0.0058177778436797655
1959,0.7619887551048548,0.7878168400872184,0.00015499932007149162,0.12815473333581182,0.8964887777123121,1.016043788094216,-0.03142005817834788,0.12750046952728358,0.9567451259151398,1.0676374245636326,-0.005868364197557806,0.07295427772970527,0.8826298016860453,0.8541234011940422,0.0010229342068817672,0.6982362417924852,0.7478980968590712,-1.976308134699763e-05,0.862191641311928,0.8240080424506427,-0.03984818201521132,0.9029867240477589,1.046354601374264,-0.027812109695132693
1960,0.7565666693453821,0.7123397528051473,0.0058951544122989655,0.13032349712260288,0.8926629313188426,0.7645029625876836,0.036439609203777146,0.13231876584186658,0.946284136667853,0.9040160818768982,0.008826356440004965,0.07809285284564178,0.8754733294035627,0.8955597362422265,0.00018015432474021364,0.6944523403318678,0.6270352547358028,0.006352272598074304,0.8077883119241576,0.6650096228484296,0.020256643033924594,0.9032522691463939,0.7791588288549912,0.040403660446649343
1961,0.7408704653201823,0.7024751150100019,0.01542946353076658,0.13468843897272542,0.8613999124786361,0.8453830926894434,0.005410730393935001,0.13985987113350684,0.9576428047460396,0.8090754665256176,-0.008895189514342604,0.0782704138978578,0.880031176090315,0.8664362656736103,0.016979521351596336,0.6678874456914399,0.6207760618788565,0.014431457846060368,0.9041614133563154,1.0965478293209534,0.00772919195881054,0.8591270567856871,0.8234825328992635,0.002819151201476368
1962,0.7626963918321098,0.7413936228209026,0.003412394119776512,0.1273708515644669,0.8831587650792085,0.9500528044002221,-0.0012671447292120028,0.12872278621485334,0.9690149146290762,0.9247352556606908,-0.018574605106234064,0.061443201579563636,0.8756038216610796,0.8316001272268279,0.014108532250162875,0.7015749627005459,0.6880148954760302,0.0012961536369221905,0.8502349307922966,1.035317511738526,-0.015527354327623094,0.8872709734455355,0.9428789118850035,0.00025069997523153296
1963,0.7515843837090382,0.7575139852218841,0.0038741393536971744,0.13147387706747474,0.8938411386967857,0.903292343428089,0.012329578035728548,0.12223014610595508,0.9545317092826331,0.9168662683962296,-0.012027877651221536,0.07196681933114485,0.8732528173011643,0.9037236340841286,0.0031056877019447664,0.6865075788069165,0.682665618920798,0.003718244789591166,0.8454228502886962,0.8836349273712895,0.05239652446090614,0.900765542141538,0.9036357380299496,0.005437321080012405
1964,0.767262277720126,0.8135079750850153,0.007957496841937627,0.12660257672181655,0.9097140390226637,0.9397024855266528,0.020048853524373186,0.11335912173046038,0.9739661768999921,1.1488103075740455,0.007541448107586005,0.06504742926857465,0.885339090724624,0.9031521080180525,0.023401391491298273,0.7043775167379686,0.7584471196452802,0.0048943365286825994,0.8960158675268385,0.7148266195881535,0.030666651974727763,0.9147720952157357,0.973196178151566,0.020078507325671978
1965,0.7657540227448776,0.7399786453930455,-0.0027587421972563113,0.12778749831525488,0.8886734753986227,0.8705740778565432,-0.018606590070668293,0.1276743434446943,0.9567766046397106,0.8796534028241544,-0.013335047639261794,0.0723357799916262,0.8835148226425894,0.8208499676066053,-5.226359707524098e-06,0.7026438973507557,0.6928214712638102,-0.0032515550504519835,0.8886074633022651,0.8998795785549242,-0.021920292389221708,0.8884016821060154,0.8675908366477315,-0.018353811901205847
1966,0.7546329449503815,0.7718582397335341,-0.0019428417175396829,0.13074136854564733,0.8830827696285036,0.9208127720761606,-0.01947101696981355,0.1306539587449621,0.9587959652998551,1.0551645104883685,-0.048452966765078834,0.08458414870388667,0.8861843260418126,0.9006279631787142,0.002270541141354117,0.684821841255307,0.7016669316508438,-0.002742761687299935,0.8771927863140945,0.9142101073839718,0.04769253430582634,0.8890141159919493,0.9214357128298102,-0.03129291710182144
1967,0.7662004005524311,0.8603208169951222,0.005210493568587814,0.12879307323971978,0.91911643979069,1.0517390724754474,0.00325087522343348,0.11138892685106355,0.9820726047854011,1.0600672152011479,-0.001805685725931416,0.04721439500964528,0.8668468548655405,0.9511665069658316,0.007477506439212029,0.7110935704601377,0.8083686368828098,0.004647882934631196,0.8141544747755413,0.8996196832063469,0.003264557277174936,0.9311074358812554,1.0713589565803048,0.0047758527002524625
1968,0.7580942667679343,0.7463820930630098,0.014317768807144245,0.12992873174920141,0.8869331826216538,0.8881800819853586,0.04795227577271234,0.13430635044174322,0.9253206158521192,0.9448728700085112,0.015195922016721451,0.09225182055373324,0.8774964234579126,0.8859410908202643,-0.004555906677429813,0.6958355752422722,0.6811470554065933,0.017104219501708404,0.8675112495899183,0.8767991635167421,0.023351472763643164,0.8899313204448248,0.8929762512662356,0.052385972076786046
1969,0.769563959678393,0.6961420829800142,-0.002703290056867852,0.12784736164187172,0.9325170761012556,0.8681403673450663,-0.027019386299045052,0.10366922746310651,0.9702978715027192,0.8692482210653393,-0.03078410231515898,0.0698537701443564,0.8756700718426792,0.7948425991398769,0.010369717235554026,0.7120913613573024,0.6398428960396652,-0.005170436939032331,0.9454378152025306,0.8760387758177305,-0.024496641583402444,0.9309062247429705,0.8669827896458705,-0.027534492741012242
1970,0.7640200061595706,0.7586516924151263,0.013475250450455013,0.12728884224073855,0.8906661444656336,0.8806542488216349,0.02047490217031929,0.1247683734145751,0.9649105717447425,0.8963515250553642,0.01789689910690506,0.06633859906664231,0.8802298870176902,0.9025720839773623,0.011351048042311636,0.7015306676331631,0.6856820513923778,0.013278481269251829,0.7598090404595264,0.8048663701177189,0.019974978707398377,0.9060190556957851,0.8895966194140391,0.02133378059714935
1971,0.7462829997984465,0.7108294924009929,0.025112660522053222,0.1343610785673241,0.8844893393452142,0.7956243012255865,0.04142672596877092,0.13485393707844617,0.9398386230161722,0.8119945663757558,0.021811229652148986,0.09017444177519982,0.882640223038774,0.8597924173597296,0.025412836180897517,0.6743335999489336,0.635109903776978,0.0241635211207368,0.9080056176242943,0.8716407395171387,0.05225164826679598,0.8820485488179886,0.7870359407861957,0.038974380285556075
1972,0.7635968951160664,0.8820378067485981,0.005515627604928303,0.1300228374016073,0.9006005756665272,1.0753979014122212,0.009306026377832871,0.12598817215404176,0.9578944593486081,1.2498277806889058,0.0019826707144812274,0.08962729591201037,0.8780467931307976,0.9633766627071251,-0.00806860290629103,0.7031401504660819,0.8397628742917324,0.007943181588795872,0.8369277890624789,0.8825576063988472,-0.006829979900518853,0.9101690188109757,1.1065241759280913,0.014210606073205838
1973,0.7550508429866319,0.6377719571589031,0.0057176515233635684,0.13326081657699332,0.8988312720971099,0.74832770995035,0.0058018377693383,0.12692835905705185,0.949705883075684,0.7669025338377564,-0.0006376242996942474,0.08808382229797951,0.8817285208450617,0.7620470350552222,0.007888252414040729,0.6875024110529818,0.573308000089558,0.0049998192958284815,0.8400972903775547,0.6875898800548502,-0.011957670998560332,0.9063072931312122,0.7580679401113496,0.009618035210801778
1974,0.7742822201711645,0.8073478393767781,0.01654062720910594,0.1249654550214734,0.8937105121757329,0.9247898331324043,0.030653861920989827,0.12485268795794807,0.9709734583664671,0.9588878831269695,0.022260676269197064,0.060539483476261764,0.8968902780342318,0.9090053144413595,0.025295816469820407,0.7089920967827892,0.7483442341055743,0.014505027556491263,0.8559252704070381,0.782701007949607,0.021569321498646273,0.899129523811361,0.9452283446259134,0.03368142020047429
1975,0.7586576230147093,0.7172874579826192,0.012603167929172945,0.12969704440510962,0.8730794617482718,0.7888778555783562,0.025970710554615205,0.1374960882586084,0.9518777529284703,1.0191445459924375,0.011486041772845174,0.07474546100385715,0.8827033423336995,0.8689702877263208,0.02315721018608534,0.6934513547760822,0.6394670146138453,0.010113831102685846,0.8284616057701453,0.8436903051623894,0.06420236016756599,0.8805881913813756,0.7822328343817562,0.018972120457229326
1976,0.7542719373025452,0.7266301338108352,0.010294775069246991,0.13078513263066915,0.9116015302405052,0.8720261546607003,0.019881387292694477,0.11245971615450047,0.9578784773303481,0.8592001875056299,0.004275536665033612,0.07216298716314891,0.8750929977995944,0.8790143049923794,0.002919385459749418,0.6899676910400601,0.6521336885779986,0.011083318512979761,0.8595859546609633,0.9246000323003672,0.016327658632539342,0.9178148825896205,0.8669273945259819,0.01999622789530592
1977,0.7624074042182042,0.7535672479304673,0.0015535555531690933,0.12822457144963692,0.9078198700717632,0.8364145092324127,-0.006806250222290136,0.11608585781830398,0.9767668926611377,0.9236228782618461,-0.02428324778316432,0.05726644246649516,0.8798760584057661,0.897223601044834,0.005139045631400367,0.6993452598289329,0.6790463158590421,0.0006473170476048304,0.8791273303480043,0.7935769238673294,0.020218335547089728,0.9113910866763291,0.8397172081452076,-0.011159900808198191
1978,0.7805456250040317,0.7834506493120372,0.010484681768303195,0.12261416319011002,0.9492643889293115,0.8944558087743092,-0.017391909057937603,0.08754621503932765,0.977388140103555,0.8974548614848135,-0.0009705154913237186,0.05295453400745359,0.8832600961326438,0.9018051936217252,0.012797585733402983,0.7243757654519016,0.7201920299857678,0.009677895584304928,0.9601672337223521,0.8416000939528521,-0.03130657651962364,0.9489266600870992,0.9031776475688886,-0.014377612817911277
1979,0.7624289275955363,0.7858254646466591,0.012368604544260987,0.1284169940668726,0.9121374591482929,0.98196080802903,0.007111975897933578,0.112310696197923,0.9424678899420131,0.9294789895428067,0.004547266767047412,0.07940712872355968,0.8859890008760696,0.8906324072659344,0.018117153028307183,0.6967024943954283,0.7263782430647525,0.01097867730854482,0.8817331768678819,1.0035275157538397,0.0015399496919699233,0.9154193316561852,0.9801674045333211,0.007867272576814327
1980,0.7816892574692516,0.822449751428934,0.014932685352535906,0.12306083409944751,0.917780210699998,0.9244909653407899,0.019925738994135984,0.10796284324999074,0.9672245811129702,0.9407249787272418,0.01998072083421133,0.06311527750082714,0.8857738199614521,0.9284543128329806,0.018892867767955807,0.7249098257093508,0.7636338887580786,0.013789285460051579,0.8372964478800571,0.7409049040812007,0.04306367173816226,0.9276679982644089,0.9474426370378094,0.01724934075546318
1981,0.7678211519886411,0.6701205804945023,0.016633027287603474,0.12873583357321106,0.9006092857177274,0.8027751127761215,0.011466426716309564,0.1208657570443757,0.9649763918677223,0.8068707407113193,0.00972474022109937,0.07412579244759009,0.8932991407858223,0.8225077856105997,0.01509974535811806,0.7009283219359396,0.5949952852527057,0.016177729540588874,0.9011522962472738,0.9447809797151235,0.02262420604080401,0.9022001775004402,0.7882672263260138,0.008301016431159111
1982,0.7566219693440149,0.8413680044579838,0.01051201903622548,0.1311962191498451,0.8856871520933329,0.9750488249279485,0.020995206244552415,0.13005543057963917,0.9810631343306276,1.0111790831230263,0.019718531505548188,0.049433753522958396,0.8815079747350348,0.9884539845826628,-0.00030132885823741447,0.6902213150672866,0.7673624580230695,0.01200858175443813,0.8687127477749575,1.0853399931722783,-0.0022236261112674113,0.8884870234749027,0.966553051636355,0.023861252696182757
1983,0.7825581056472445,0.7059453673863862,0.017447761299074785,0.12327419047943262,0.9214716447226485,0.8561846797345032,0.008382456846921819,0.10538490836230059,0.9708381943834018,0.8001101211821028,0.016222826686017974,0.07314452217169606,0.8898961684130384,0.8756648694566318,0.019783480642769784,0.7257526466612159,0.6240902134513852,0.01621360866004395,0.901221255458696,0.8902230180631355,0.03431942431974496,0.9247082635753164,0.8509500604885804,0.003613745563857132
1984,0.7425083718856533,0.6976011051137734,0.016644925456275037,0.1347646696830877,0.8625602887772207,0.8120412508692002,0.025650421618185724,0.14149229981516243,0.9725306229517203,0.9051403458034515,0.03688362201853317,0.06862461353478566,0.8589909941411605,0.8020045540819856,0.009944374774829389,0.6799120041746239,0.643158235023633,0.017402454395724694,0.8184445861940047,0.5891807272181298,-0.026968486947543602,0.8814400704193383,0.8609653226564502,0.0384316096724351
1985,0.743472071915926,0.7496794574128339,0.022357218504929686,0.13494985034710538,0.8671672696485717,0.8297687354434377,0.051951018522748915,0.14634189047350418,0.9426430241241379,1.05184846115017,0.04579578866562396,0.09410163385396887,0.8804119327405814,0.9036128104744623,0.014491835900724235,0.6717115216517292,0.6734230374023705,0.022896202520017183,0.7915591057341567,0.6290185481775924,0.06088778910707612,0.8771259563642119,0.8575900961586645,0.052068545343787735
1986,0.7820065473467365,0.8526237347737514,-0.0006553209651006178,0.12238428328462933,0.9289087110819723,1.0046191563420825,-0.005459310483143801,0.10051200297678023,0.974488087536343,1.041828224236033,-0.0012787768467085053,0.05421482522195752,0.8839882596334064,0.9326537477587379,-0.002485940708923495,0.7258696552859739,0.8066840392842948,-0.0003168397268941283,0.8815431605481981,0.7612815767334391,0.009690480078665733,0.9369738169020262,1.0401262953150763,-0.005959182641305097
1987,0.7743219629065129,0.7613295430961896,0.006334574022756213,0.12437497853309715,0.9161611072099025,0.8816924003009691,0.004838423273705972,0.10801387854110933,0.9745059658913408,0.9352838363201106,-0.005278123522371396,0.05338145746280779,0.8798202256842846,0.8730649344037896,0.001718185786591103,0.7165431891192706,0.7025942522001447,0.006917529287889938,0.8890681980983358,0.7239182448491376,0.05654330772945638,0.9227542208583214,0.9005782049945212,-0.0034705310429876566
1988,0.7633650733517598,0.782218263863458,0.005171799008787729,0.12802892526001033,0.8925791051535186,0.9453555065334532,-0.025821991429876238,0.12741834752909914,0.945293893252955,0.9226557166194469,-0.02779515211713066,0.08335780378091723,0.8919079196089973,0.9040142411289057,0.012122852115128533,0.6958094474321235,0.7152978791657677,0.003656503930129253,0.8900859186003254,0.9283710992206486,0.019125824099764228,0.8946456385140434,0.9451864065361462,-0.03352606152275725
1989,0.7573185740091912,0.7592140286229162,-0.00588677837920043,0.1304031915686856,0.861726370696402,0.8681588348811611,-0.03551684684780057,0.1468563740877001,0.9408043116941383,0.7710381540414306,-0.016458925269830966,0.09417845504233632,0.8744045171524276,0.9067219013658436,-0.016323460734164644,0.6946587048651858,0.6865773700403232,-0.004094121502135362,0.8331966631380086,0.7843803361920928,-0.032611380528556784,0.8648746521714443,0.8789757232120117,-0.03509139841670096
1990,0.7603674498465233,0.6953645654347581,0.01122785507418383,0.1293253576146126,0.9127440354234796,0.8257613192988199,-0.007463105761205576,0.11371257935938411,0.9838877239472298,0.8288117982271564,-0.006288836999911231,0.057432471913585054,0.8855100107894306,0.8386514268860552,0.01768823890884835,0.6939027706382396,0.6215292857165713,0.009524716233918788,0.8345773450993617,0.8628044027615386,-0.0007872039976877817,0.9224614094173768,0.8212819334938999,-0.008990748358033124
1991,0.7779400222892914,0.8015041030881569,0.01028902943625401,0.1235166809490529,0.899342129293808,0.9134711617771412,0.0076752305381864415,0.11858343920125394,0.9533545601651291,1.0312079873241053,0.010735719992919586,0.07391511785529926,0.8886809944823987,0.8915473531608226,0.007190738909616928,0.7181537209118931,0.7517738960281428,0.010618383437363628,0.8306855199004562,0.8119251755643845,0.01873571671780981,0.9067831349854228,0.9250054608954468,0.006662590534524682
1992,0.7594655834658939,0.7805657488274551,0.016400732046935602,0.1294122279859739,0.8738990316598996,0.8608939521079656,0.02629294453489431,0.13486782554979843,0.9775140344036822,1.177540892769175,-0.0029425655863499663,0.06511072863186355,0.8790333323105154,0.8689797852646836,0.026166750247110755,0.6958175026016666,0.7278771213070897,0.014227472451392328,0.840026177233508,0.7970479035629233,0.062024768362251945,0.878484618528974,0.8665000349400173,0.020395921095623326
1993,0.7570148337499271,0.8091103837403176,0.008359212349589196,0.12949328610342944,0.8715111199484884,1.0059467073651134,0.021166750098042662,0.1406846298192637,0.9681805453904736,1.028217767206868,0.0013610026535231935,0.05989326979474742,0.870900136057444,0.925302774085244,0.003510554107296157,0.6956254383373807,0.7476686969284136,0.008933548062612345,0.8303390731918681,1.0667264237741287,0.04583506208299303,0.8767275740955378,0.998588082494605,0.016469162664526204
1994,0.7656290055651268,0.7684836071630313,-0.000750139420137464,0.12714188603174342,0.893321600986619,0.9506678446395195,-0.013895970574597691,0.12356871555237929,0.9665600096174582,0.9989637191867313,-0.04231143574812383,0.07392420526629816,0.8722978995810602,0.8685489480584688,-0.005197636802732794,0.7074577097763461,0.7147090774930174,-9.860066758686855e-06,0.7902093352057755,0.8044898262472154,-0.01378974151873437,0.905224653958686,0.9698525702907039,-0.012363490335667502
1995,0.7668849345408447,0.800446131734249,0.0018166940627704436,0.12669330227329845,0.902586067902061,0.9500194989642897,0.00236320649690014,0.11678459387554783,0.9565370234231361,0.8544668904249607,-0.021071607028209233,0.07683641091664904,0.8853998865145408,0.9285346535695137,-0.005475720898495474,0.7034642966930104,0.7345118439051368,0.0029203767535498637,0.8290606977195911,0.7974518665117079,0.023479833123441398,0.9110778252441191,0.9681707583089045,-4.88639207598387e-05
1996,0.789791139410947,0.7460740296831646,0.007981376347092261,0.11970589039975753,0.9352357656146826,0.8916070101025764,0.000877357867991433,0.09503712784876618,0.9736309043859374,0.8863256809976946,-0.000496169596097079,0.057438889344022845,0.8953692525247398,0.8339315046003255,0.00886175064336416,0.7325326662451546,0.697274811397249,0.007585824092060902,0.8952168890790037,0.9406533354753809,-0.002938816936475988,0.940021858130423,0.8866701080903623,0.0010269078391232818
1997,0.7510203072167989,0.6971763505011641,0.013389483649760104,0.1322586908381937,0.8447913731701966,0.813730330861574,0.027268926002045293,0.1508425903221019,0.9191716246996037,0.8058513250184515,0.015061235505399015,0.10068453489855662,0.8749081241247033,0.8498223174948772,-0.001408435277326208,0.6859027720846046,0.625309996470956,0.015406423859248166,0.7696037354702424,0.8783905140734336,0.021693424376339334,0.8542570148376072,0.8078603094594446,0.027606103669105316
1998,0.7561080580725281,0.771330695422238,0.0017183381060522016,0.13014651721667425,0.8821498119372513,0.901451743918244,-0.03508541726605895,0.13530684348927707,0.9522367306058414,0.920247199897073,-0.0028280285929993885,0.07228684968080942,0.8654258971204636,0.8625656960315627,-0.0036398102281057086,0.697028797141716,0.721858894260251,0.0026106649096502726,0.8344836270223136,0.7350479670814495,-0.04812075221785149,0.8900192891961671,0.9276221935858254,-0.03078278756241572
1999,0.763040345323313,0.7440961457172223,-0.00035939968363735744,0.1284093044178056,0.9113153393511046,0.852887868007407,-0.018749535310046847,0.115518533423442,0.9651667032637525,0.8406380934695975,-0.014419241917325198,0.0712100629064812,0.8787839119562495,0.8487368135290234,0.011208503338061957,0.7018489265204226,0.685075040878748,-0.0026220526053330816,0.8587759427450399,0.8034489157932253,-0.01207589950775749,0.9167929914950216,0.8581011181669896,-0.01939756812616952
