model_id,culture_name,noculture_name,size,family,type,metric_source,metric,culture,noculture,delta
Qwen/Qwen2.5-0.5B,qwen05b_base_culture,qwen05b_base_v2,0.5,Qwen,base,overall,item_between_r,0.1121506766585267,0.1310258857828143,-0.018875209124287598
Qwen/Qwen2.5-0.5B,qwen05b_base_culture,qwen05b_base_v2,0.5,Qwen,base,overall,item_between_rmse,0.2102020494810667,0.205727518840898,0.0044745306401687
Qwen/Qwen2.5-0.5B,qwen05b_base_culture,qwen05b_base_v2,0.5,Qwen,base,overall,item_between_slope,0.1223181625220439,0.1428697451269868,-0.0205515826049429
Qwen/Qwen2.5-0.5B,qwen05b_base_culture,qwen05b_base_v2,0.5,Qwen,base,overall,item_matrix_r,0.3282083604415265,0.3424585718622136,-0.014250211420687109
Qwen/Qwen2.5-0.5B,qwen05b_base_culture,qwen05b_base_v2,0.5,Qwen,base,overall,item_rmse,0.2068690245333899,0.2033741708257303,0.00349485370765959
Qwen/Qwen2.5-0.5B,qwen05b_base_culture,qwen05b_base_v2,0.5,Qwen,base,overall,item_within_r,0.711502416624851,0.7062210548647053,0.005281361760145709
Qwen/Qwen2.5-0.5B,qwen05b_base_culture,qwen05b_base_v2,0.5,Qwen,base,overall,item_within_rmse,0.191780868837005,0.1929772907479138,-0.0011964219109088237
Qwen/Qwen2.5-0.5B,qwen05b_base_culture,qwen05b_base_v2,0.5,Qwen,base,overall,item_within_slope,0.6355928940842003,0.6295971329815541,0.005995761102646213
Qwen/Qwen2.5-0.5B,qwen05b_base_culture,qwen05b_base_v2,0.5,Qwen,base,overall,scale_matrix_r,0.4471506474134409,0.4666497521492188,-0.019499104735777872
Qwen/Qwen2.5-0.5B,qwen05b_base_culture,qwen05b_base_v2,0.5,Qwen,base,overall,scale_rmse,0.282119105180715,0.2723003087011493,0.009818796479565683
Qwen/Qwen2.5-0.5B,qwen05b_base_culture,qwen05b_base_v2,0.5,Qwen,base,overall,subscale_between_r,0.0175492424689932,0.0707039990377789,-0.0531547565687857
Qwen/Qwen2.5-0.5B,qwen05b_base_culture,qwen05b_base_v2,0.5,Qwen,base,overall,subscale_between_rmse,0.3412832024157298,0.3301963870885226,0.011086815327207178
Qwen/Qwen2.5-0.5B,qwen05b_base_culture,qwen05b_base_v2,0.5,Qwen,base,overall,subscale_between_slope,0.0141260890156388,0.0558818031017728,-0.041755714086134
Qwen/Qwen2.5-0.5B,qwen05b_base_culture,qwen05b_base_v2,0.5,Qwen,base,overall,subscale_matrix_r,0.1010089013154335,0.142144337033621,-0.04113543571818751
Qwen/Qwen2.5-0.5B,qwen05b_base_culture,qwen05b_base_v2,0.5,Qwen,base,overall,subscale_rmse,0.3227951123376156,0.313300731541765,0.009494380795850577
Qwen/Qwen2.5-0.5B,qwen05b_base_culture,qwen05b_base_v2,0.5,Qwen,base,overall,subscale_within_r,0.616311927361422,0.5755805753272674,0.04073135203415468
Qwen/Qwen2.5-0.5B,qwen05b_base_culture,qwen05b_base_v2,0.5,Qwen,base,overall,subscale_within_rmse,0.1967650192605777,0.2034201370347571,-0.0066551177741793754
Qwen/Qwen2.5-0.5B,qwen05b_base_culture,qwen05b_base_v2,0.5,Qwen,base,overall,subscale_within_slope,0.6980259670310283,0.6349937482629056,0.0630322187681227
Qwen/Qwen2.5-0.5B,qwen05b_base_culture,qwen05b_base_v2,0.5,Qwen,base,per_scale_IRI,subscale_r,-0.1491979671043973,-0.1354901566174798,-0.013707810486917521
Qwen/Qwen2.5-0.5B,qwen05b_base_culture,qwen05b_base_v2,0.5,Qwen,base,per_scale_IRI,subscale_slope,-0.1397743376768644,-0.1200599677866852,-0.01971436989017919
Qwen/Qwen2.5-0.5B,qwen05b_base_culture,qwen05b_base_v2,0.5,Qwen,base,per_scale_IRI,subscale_rmse,0.3249915957898674,0.3135149145707049,0.01147668121916251
Qwen/Qwen2.5-0.5B,qwen05b_base_culture,qwen05b_base_v2,0.5,Qwen,base,per_scale_IRI,item_r,0.047896586414988,0.0614371190541263,-0.013540532639138299
Qwen/Qwen2.5-0.5B,qwen05b_base_culture,qwen05b_base_v2,0.5,Qwen,base,per_scale_IRI,item_slope,0.0541105052505183,0.0659413048501032,-0.011830799599584906
Qwen/Qwen2.5-0.5B,qwen05b_base_culture,qwen05b_base_v2,0.5,Qwen,base,per_scale_IRI,item_rmse,0.1877026704573136,0.1818936787014958,0.005808991755817783
Qwen/Qwen2.5-0.5B,qwen05b_base_culture,qwen05b_base_v2,0.5,Qwen,base,per_scale_PANAS,subscale_r,0.0159872191484097,0.0831369590910621,-0.0671497399426524
Qwen/Qwen2.5-0.5B,qwen05b_base_culture,qwen05b_base_v2,0.5,Qwen,base,per_scale_PANAS,subscale_slope,0.0115631152382467,0.0533702141004454,-0.0418070988621987
Qwen/Qwen2.5-0.5B,qwen05b_base_culture,qwen05b_base_v2,0.5,Qwen,base,per_scale_PANAS,subscale_rmse,0.3926820598046002,0.3760065837767338,0.0166754760278664
Qwen/Qwen2.5-0.5B,qwen05b_base_culture,qwen05b_base_v2,0.5,Qwen,base,per_scale_PANAS,item_r,0.0941690317738647,0.1040359080087093,-0.009866876234844599
Qwen/Qwen2.5-0.5B,qwen05b_base_culture,qwen05b_base_v2,0.5,Qwen,base,per_scale_PANAS,item_slope,0.0851198703251445,0.0949888879966706,-0.009869017671526106
Qwen/Qwen2.5-0.5B,qwen05b_base_culture,qwen05b_base_v2,0.5,Qwen,base,per_scale_PANAS,item_rmse,0.2114374503453,0.207110261581316,0.004327188763983997
Qwen/Qwen2.5-0.5B,qwen05b_base_culture,qwen05b_base_v2,0.5,Qwen,base,per_scale_POM,subscale_r,0.5442085314393345,0.4554648874696964,0.08874364396963808
Qwen/Qwen2.5-0.5B,qwen05b_base_culture,qwen05b_base_v2,0.5,Qwen,base,per_scale_POM,subscale_slope,0.4998236572027746,0.4521438923600188,0.04767976484275582
Qwen/Qwen2.5-0.5B,qwen05b_base_culture,qwen05b_base_v2,0.5,Qwen,base,per_scale_POM,subscale_rmse,0.3244706455141528,0.3625719684815804,-0.03810132296742763
Qwen/Qwen2.5-0.5B,qwen05b_base_culture,qwen05b_base_v2,0.5,Qwen,base,per_scale_POM,item_r,0.2785135460363372,0.2516080778974805,0.026905468138856692
Qwen/Qwen2.5-0.5B,qwen05b_base_culture,qwen05b_base_v2,0.5,Qwen,base,per_scale_POM,item_slope,0.3473060613083463,0.3208476153402822,0.02645844596806407
Qwen/Qwen2.5-0.5B,qwen05b_base_culture,qwen05b_base_v2,0.5,Qwen,base,per_scale_POM,item_rmse,0.3041540008722487,0.3128507479996756,-0.008696747127426907
Qwen/Qwen2.5-0.5B,qwen05b_base_culture,qwen05b_base_v2,0.5,Qwen,base,per_scale_BigFive,subscale_r,0.1234765028328405,0.1047263157343957,0.01875018709844481
Qwen/Qwen2.5-0.5B,qwen05b_base_culture,qwen05b_base_v2,0.5,Qwen,base,per_scale_BigFive,subscale_slope,0.0625018114696242,0.0494881309075407,0.013013680562083504
Qwen/Qwen2.5-0.5B,qwen05b_base_culture,qwen05b_base_v2,0.5,Qwen,base,per_scale_BigFive,subscale_rmse,0.2711045229775581,0.2696816956484348,0.0014228273291232996
Qwen/Qwen2.5-0.5B,qwen05b_base_culture,qwen05b_base_v2,0.5,Qwen,base,per_scale_BigFive,item_r,0.0366041814273042,0.0574863889436304,-0.020882207516326204
Qwen/Qwen2.5-0.5B,qwen05b_base_culture,qwen05b_base_v2,0.5,Qwen,base,per_scale_BigFive,item_slope,0.024790688301863,0.0376726239489718,-0.012881935647108798
Qwen/Qwen2.5-0.5B,qwen05b_base_culture,qwen05b_base_v2,0.5,Qwen,base,per_scale_BigFive,item_rmse,0.1943582500248259,0.1882051788452028,0.006153071179623104
Qwen/Qwen2.5-0.5B,qwen05b_base_culture,qwen05b_base_v2,0.5,Qwen,base,per_scale_SelfConst,subscale_r,0.4128838338033583,0.4200365970793949,-0.007152763276036589
Qwen/Qwen2.5-0.5B,qwen05b_base_culture,qwen05b_base_v2,0.5,Qwen,base,per_scale_SelfConst,subscale_slope,0.2815729373570141,0.3008857073679563,-0.01931277001094217
Qwen/Qwen2.5-0.5B,qwen05b_base_culture,qwen05b_base_v2,0.5,Qwen,base,per_scale_SelfConst,subscale_rmse,0.2114427396206156,0.211541746916067,-9.900729545139764e-05
Qwen/Qwen2.5-0.5B,qwen05b_base_culture,qwen05b_base_v2,0.5,Qwen,base,per_scale_SelfConst,item_r,0.1005628337613211,0.0847270712621372,0.015835762499183892
Qwen/Qwen2.5-0.5B,qwen05b_base_culture,qwen05b_base_v2,0.5,Qwen,base,per_scale_SelfConst,item_slope,0.0849447645489101,0.0710102664305349,0.013934498118375202
Qwen/Qwen2.5-0.5B,qwen05b_base_culture,qwen05b_base_v2,0.5,Qwen,base,per_scale_SelfConst,item_rmse,0.1474069534737982,0.1464858603017357,0.0009210931720625148
Qwen/Qwen2.5-0.5B,qwen05b_base_culture,qwen05b_base_v2,0.5,Qwen,base,per_scale_LifeSat,subscale_r,0.66193936825078,0.663736353868681,-0.0017969856179009813
Qwen/Qwen2.5-0.5B,qwen05b_base_culture,qwen05b_base_v2,0.5,Qwen,base,per_scale_LifeSat,subscale_slope,1.1404975356547304,1.114386309940266,0.026111225714464448
Qwen/Qwen2.5-0.5B,qwen05b_base_culture,qwen05b_base_v2,0.5,Qwen,base,per_scale_LifeSat,subscale_rmse,0.4765405564504947,0.4519391619064791,0.02460139454401561
Qwen/Qwen2.5-0.5B,qwen05b_base_culture,qwen05b_base_v2,0.5,Qwen,base,per_scale_LifeSat,item_r,0.3740597306433363,0.3784880428601486,-0.00442831221681228
Qwen/Qwen2.5-0.5B,qwen05b_base_culture,qwen05b_base_v2,0.5,Qwen,base,per_scale_LifeSat,item_slope,0.732108702813697,0.7171632559980274,0.01494544681566956
Qwen/Qwen2.5-0.5B,qwen05b_base_culture,qwen05b_base_v2,0.5,Qwen,base,per_scale_LifeSat,item_rmse,0.4006454183083706,0.3857777451758871,0.014867673132483494
Qwen/Qwen2.5-0.5B,qwen05b_base_culture,qwen05b_base_v2,0.5,Qwen,base,per_scale_Lonely,subscale_r,0.3687278903759454,0.2375103016571164,0.131217588718829
Qwen/Qwen2.5-0.5B,qwen05b_base_culture,qwen05b_base_v2,0.5,Qwen,base,per_scale_Lonely,subscale_slope,0.2469982647305187,0.1755324685659876,0.07146579616453111
Qwen/Qwen2.5-0.5B,qwen05b_base_culture,qwen05b_base_v2,0.5,Qwen,base,per_scale_Lonely,subscale_rmse,0.3324583035660164,0.3486299013322049,-0.016171597766188484
Qwen/Qwen2.5-0.5B,qwen05b_base_culture,qwen05b_base_v2,0.5,Qwen,base,per_scale_Lonely,item_r,0.0931950626084606,0.057610749102592,0.035584313505868596
Qwen/Qwen2.5-0.5B,qwen05b_base_culture,qwen05b_base_v2,0.5,Qwen,base,per_scale_Lonely,item_slope,0.0963353688791075,0.0596951378502189,0.0366402310288886
Qwen/Qwen2.5-0.5B,qwen05b_base_culture,qwen05b_base_v2,0.5,Qwen,base,per_scale_Lonely,item_rmse,0.1968485284412985,0.2029467094722976,-0.0060981810309991
Qwen/Qwen2.5-0.5B-Instruct,qwen05b_instruct_culture,qwen05b_instruct_v3,0.5,Qwen,instruct,overall,item_between_r,0.237407831391906,0.2639526629967584,-0.02654483160485241
Qwen/Qwen2.5-0.5B-Instruct,qwen05b_instruct_culture,qwen05b_instruct_v3,0.5,Qwen,instruct,overall,item_between_rmse,0.2025556653168446,0.1977130017487426,0.004842663568102007
Qwen/Qwen2.5-0.5B-Instruct,qwen05b_instruct_culture,qwen05b_instruct_v3,0.5,Qwen,instruct,overall,item_between_slope,0.24565073220623,0.268643809838983,-0.022993077632753017
Qwen/Qwen2.5-0.5B-Instruct,qwen05b_instruct_culture,qwen05b_instruct_v3,0.5,Qwen,instruct,overall,item_matrix_r,0.4511910446108415,0.4640470026400577,-0.012855958029216241
Qwen/Qwen2.5-0.5B-Instruct,qwen05b_instruct_culture,qwen05b_instruct_v3,0.5,Qwen,instruct,overall,item_rmse,0.1926486677502157,0.1889863439469406,0.0036623238032750804
Qwen/Qwen2.5-0.5B-Instruct,qwen05b_instruct_culture,qwen05b_instruct_v3,0.5,Qwen,instruct,overall,item_within_r,0.8368625432651886,0.827205859060866,0.00965668420432264
Qwen/Qwen2.5-0.5B-Instruct,qwen05b_instruct_culture,qwen05b_instruct_v3,0.5,Qwen,instruct,overall,item_within_rmse,0.142276127104653,0.1452538564386749,-0.002977729334021878
Qwen/Qwen2.5-0.5B-Instruct,qwen05b_instruct_culture,qwen05b_instruct_v3,0.5,Qwen,instruct,overall,item_within_slope,0.7664327291416738,0.7476592179215443,0.01877351122012949
Qwen/Qwen2.5-0.5B-Instruct,qwen05b_instruct_culture,qwen05b_instruct_v3,0.5,Qwen,instruct,overall,scale_matrix_r,0.695070745661439,0.738401570101588,-0.04333082444014902
Qwen/Qwen2.5-0.5B-Instruct,qwen05b_instruct_culture,qwen05b_instruct_v3,0.5,Qwen,instruct,overall,scale_rmse,0.1898455914362722,0.1808961021076407,0.008949489328631488
Qwen/Qwen2.5-0.5B-Instruct,qwen05b_instruct_culture,qwen05b_instruct_v3,0.5,Qwen,instruct,overall,subscale_between_r,0.2651584248205076,0.2892014906164252,-0.024043065795917584
Qwen/Qwen2.5-0.5B-Instruct,qwen05b_instruct_culture,qwen05b_instruct_v3,0.5,Qwen,instruct,overall,subscale_between_rmse,0.3215091705226984,0.3163042869886379,0.0052048835340605115
Qwen/Qwen2.5-0.5B-Instruct,qwen05b_instruct_culture,qwen05b_instruct_v3,0.5,Qwen,instruct,overall,subscale_between_slope,0.2570263575243247,0.2803047277795136,-0.023278370255188918
Qwen/Qwen2.5-0.5B-Instruct,qwen05b_instruct_culture,qwen05b_instruct_v3,0.5,Qwen,instruct,overall,subscale_matrix_r,0.2895509511629857,0.306889434190254,-0.017338483027268314
Qwen/Qwen2.5-0.5B-Instruct,qwen05b_instruct_culture,qwen05b_instruct_v3,0.5,Qwen,instruct,overall,subscale_rmse,0.3065600055404314,0.3020976631361871,0.004462342404244313
Qwen/Qwen2.5-0.5B-Instruct,qwen05b_instruct_culture,qwen05b_instruct_v3,0.5,Qwen,instruct,overall,subscale_within_r,0.5381730919436754,0.5159935412539143,0.022179550689761074
Qwen/Qwen2.5-0.5B-Instruct,qwen05b_instruct_culture,qwen05b_instruct_v3,0.5,Qwen,instruct,overall,subscale_within_rmse,0.2019259315736806,0.2036640436284415,-0.0017381120547609041
Qwen/Qwen2.5-0.5B-Instruct,qwen05b_instruct_culture,qwen05b_instruct_v3,0.5,Qwen,instruct,overall,subscale_within_slope,0.5543290780110091,0.5109744972145317,0.04335458079647736
Qwen/Qwen2.5-0.5B-Instruct,qwen05b_instruct_culture,qwen05b_instruct_v3,0.5,Qwen,instruct,per_scale_IRI,subscale_r,-0.1817209063840028,-0.1643079660626573,-0.017412940321345494
Qwen/Qwen2.5-0.5B-Instruct,qwen05b_instruct_culture,qwen05b_instruct_v3,0.5,Qwen,instruct,per_scale_IRI,subscale_slope,-0.2042941862661698,-0.1812743613684252,-0.023019824897744595
Qwen/Qwen2.5-0.5B-Instruct,qwen05b_instruct_culture,qwen05b_instruct_v3,0.5,Qwen,instruct,per_scale_IRI,subscale_rmse,0.378478243197877,0.3671367594206414,0.011341483777235595
Qwen/Qwen2.5-0.5B-Instruct,qwen05b_instruct_culture,qwen05b_instruct_v3,0.5,Qwen,instruct,per_scale_IRI,item_r,0.0930689915705195,0.0886260656951602,0.004442925875359299
Qwen/Qwen2.5-0.5B-Instruct,qwen05b_instruct_culture,qwen05b_instruct_v3,0.5,Qwen,instruct,per_scale_IRI,item_slope,0.1193489821957386,0.1103775698433041,0.008971412352434496
Qwen/Qwen2.5-0.5B-Instruct,qwen05b_instruct_culture,qwen05b_instruct_v3,0.5,Qwen,instruct,per_scale_IRI,item_rmse,0.2075448639551657,0.2035017002967675,0.004043163658398186
Qwen/Qwen2.5-0.5B-Instruct,qwen05b_instruct_culture,qwen05b_instruct_v3,0.5,Qwen,instruct,per_scale_PANAS,subscale_r,0.5323954660348966,0.5071591670334065,0.02523629900149016
Qwen/Qwen2.5-0.5B-Instruct,qwen05b_instruct_culture,qwen05b_instruct_v3,0.5,Qwen,instruct,per_scale_PANAS,subscale_slope,0.3477694053269864,0.3327495544993861,0.015019850827600323
Qwen/Qwen2.5-0.5B-Instruct,qwen05b_instruct_culture,qwen05b_instruct_v3,0.5,Qwen,instruct,per_scale_PANAS,subscale_rmse,0.2706638022712425,0.2859328358566003,-0.015269033585357805
Qwen/Qwen2.5-0.5B-Instruct,qwen05b_instruct_culture,qwen05b_instruct_v3,0.5,Qwen,instruct,per_scale_PANAS,item_r,0.3473465960764997,0.3435593431094163,0.0037872529670833766
Qwen/Qwen2.5-0.5B-Instruct,qwen05b_instruct_culture,qwen05b_instruct_v3,0.5,Qwen,instruct,per_scale_PANAS,item_slope,0.2372925516225102,0.2414325428058574,-0.004139991183347208
Qwen/Qwen2.5-0.5B-Instruct,qwen05b_instruct_culture,qwen05b_instruct_v3,0.5,Qwen,instruct,per_scale_PANAS,item_rmse,0.1803008725256001,0.1844486476241651,-0.00414777509856501
Qwen/Qwen2.5-0.5B-Instruct,qwen05b_instruct_culture,qwen05b_instruct_v3,0.5,Qwen,instruct,per_scale_POM,subscale_r,0.6485493479936597,0.6099464906865236,0.038602857307136085
Qwen/Qwen2.5-0.5B-Instruct,qwen05b_instruct_culture,qwen05b_instruct_v3,0.5,Qwen,instruct,per_scale_POM,subscale_slope,0.6864629036992353,0.7023206683205112,-0.01585776462127586
Qwen/Qwen2.5-0.5B-Instruct,qwen05b_instruct_culture,qwen05b_instruct_v3,0.5,Qwen,instruct,per_scale_POM,subscale_rmse,0.3239743111638065,0.3483993844835743,-0.024425073319767843
Qwen/Qwen2.5-0.5B-Instruct,qwen05b_instruct_culture,qwen05b_instruct_v3,0.5,Qwen,instruct,per_scale_POM,item_r,0.4588648211807251,0.487118275310372,-0.028253454129646915
Qwen/Qwen2.5-0.5B-Instruct,qwen05b_instruct_culture,qwen05b_instruct_v3,0.5,Qwen,instruct,per_scale_POM,item_slope,0.5217079584018486,0.5675078674648372,-0.045799909062988586
Qwen/Qwen2.5-0.5B-Instruct,qwen05b_instruct_culture,qwen05b_instruct_v3,0.5,Qwen,instruct,per_scale_POM,item_rmse,0.2550512177005758,0.2534615566665893,0.0015896610339865003
Qwen/Qwen2.5-0.5B-Instruct,qwen05b_instruct_culture,qwen05b_instruct_v3,0.5,Qwen,instruct,per_scale_BigFive,subscale_r,0.3849027704278664,0.3955958144686859,-0.0106930440408195
Qwen/Qwen2.5-0.5B-Instruct,qwen05b_instruct_culture,qwen05b_instruct_v3,0.5,Qwen,instruct,per_scale_BigFive,subscale_slope,0.2962570078334052,0.3066345027545361,-0.010377494921130881
Qwen/Qwen2.5-0.5B-Instruct,qwen05b_instruct_culture,qwen05b_instruct_v3,0.5,Qwen,instruct,per_scale_BigFive,subscale_rmse,0.2605360072481019,0.2606514620340733,-0.0001154547859714139
Qwen/Qwen2.5-0.5B-Instruct,qwen05b_instruct_culture,qwen05b_instruct_v3,0.5,Qwen,instruct,per_scale_BigFive,item_r,0.195017754308417,0.1967938724966661,-0.001776118188249104
Qwen/Qwen2.5-0.5B-Instruct,qwen05b_instruct_culture,qwen05b_instruct_v3,0.5,Qwen,instruct,per_scale_BigFive,item_slope,0.1571184828151914,0.1602890597378011,-0.003170576922609719
Qwen/Qwen2.5-0.5B-Instruct,qwen05b_instruct_culture,qwen05b_instruct_v3,0.5,Qwen,instruct,per_scale_BigFive,item_rmse,0.1968398584594203,0.1978601120877001,-0.001020253628279788
Qwen/Qwen2.5-0.5B-Instruct,qwen05b_instruct_culture,qwen05b_instruct_v3,0.5,Qwen,instruct,per_scale_SelfConst,subscale_r,0.524834330835913,0.4817620555647104,0.04307227527120261
Qwen/Qwen2.5-0.5B-Instruct,qwen05b_instruct_culture,qwen05b_instruct_v3,0.5,Qwen,instruct,per_scale_SelfConst,subscale_slope,0.4826702738294789,0.4553187977367806,0.027351476092698335
Qwen/Qwen2.5-0.5B-Instruct,qwen05b_instruct_culture,qwen05b_instruct_v3,0.5,Qwen,instruct,per_scale_SelfConst,subscale_rmse,0.2247871229112983,0.2302365443624412,-0.005449421451142911
Qwen/Qwen2.5-0.5B-Instruct,qwen05b_instruct_culture,qwen05b_instruct_v3,0.5,Qwen,instruct,per_scale_SelfConst,item_r,0.2381653559948472,0.2410591827879647,-0.0028938267931175043
Qwen/Qwen2.5-0.5B-Instruct,qwen05b_instruct_culture,qwen05b_instruct_v3,0.5,Qwen,instruct,per_scale_SelfConst,item_slope,0.2083725138232044,0.210125221942447,-0.0017527081192426075
Qwen/Qwen2.5-0.5B-Instruct,qwen05b_instruct_culture,qwen05b_instruct_v3,0.5,Qwen,instruct,per_scale_SelfConst,item_rmse,0.1522820100335473,0.1485739586699229,0.0037080513636243984
Qwen/Qwen2.5-0.5B-Instruct,qwen05b_instruct_culture,qwen05b_instruct_v3,0.5,Qwen,instruct,per_scale_LifeSat,subscale_r,0.5664354799025317,0.5753858205031268,-0.008950340600595075
Qwen/Qwen2.5-0.5B-Instruct,qwen05b_instruct_culture,qwen05b_instruct_v3,0.5,Qwen,instruct,per_scale_LifeSat,subscale_slope,0.6835973254406369,0.7894133939124469,-0.10581606847181002
Qwen/Qwen2.5-0.5B-Instruct,qwen05b_instruct_culture,qwen05b_instruct_v3,0.5,Qwen,instruct,per_scale_LifeSat,subscale_rmse,0.5330565882281734,0.5147017293803604,0.01835485884781296
Qwen/Qwen2.5-0.5B-Instruct,qwen05b_instruct_culture,qwen05b_instruct_v3,0.5,Qwen,instruct,per_scale_LifeSat,item_r,0.3308919965006751,0.3288717328239671,0.0020202636767079896
Qwen/Qwen2.5-0.5B-Instruct,qwen05b_instruct_culture,qwen05b_instruct_v3,0.5,Qwen,instruct,per_scale_LifeSat,item_slope,0.3830427299160244,0.4139381385626026,-0.030895408646578193
Qwen/Qwen2.5-0.5B-Instruct,qwen05b_instruct_culture,qwen05b_instruct_v3,0.5,Qwen,instruct,per_scale_LifeSat,item_rmse,0.4257440180486571,0.3959496745424971,0.029794343506160004
Qwen/Qwen2.5-0.5B-Instruct,qwen05b_instruct_culture,qwen05b_instruct_v3,0.5,Qwen,instruct,per_scale_Lonely,subscale_r,0.7506022206080482,0.7853950503298932,-0.03479282972184505
Qwen/Qwen2.5-0.5B-Instruct,qwen05b_instruct_culture,qwen05b_instruct_v3,0.5,Qwen,instruct,per_scale_Lonely,subscale_slope,1.1950190139587182,1.2610231032619372,-0.066004089303219
Qwen/Qwen2.5-0.5B-Instruct,qwen05b_instruct_culture,qwen05b_instruct_v3,0.5,Qwen,instruct,per_scale_Lonely,subscale_rmse,0.2594407748000654,0.2491631428249251,0.010277631975140283
Qwen/Qwen2.5-0.5B-Instruct,qwen05b_instruct_culture,qwen05b_instruct_v3,0.5,Qwen,instruct,per_scale_Lonely,item_r,0.5852288539599236,0.5865883373902773,-0.0013594834303536363
Qwen/Qwen2.5-0.5B-Instruct,qwen05b_instruct_culture,qwen05b_instruct_v3,0.5,Qwen,instruct,per_scale_Lonely,item_slope,0.8386679710036127,0.8513910621787582,-0.012723091175145473
Qwen/Qwen2.5-0.5B-Instruct,qwen05b_instruct_culture,qwen05b_instruct_v3,0.5,Qwen,instruct,per_scale_Lonely,item_rmse,0.1894834408817212,0.1885358531480801,0.0009475877336410921
meta-llama/Llama-3.2-1B,llama1b_base_culture,llama1b_base_v2,1.0,Llama,base,overall,item_between_r,0.2134521686321229,0.2246076110982146,-0.01115544246609168
meta-llama/Llama-3.2-1B,llama1b_base_culture,llama1b_base_v2,1.0,Llama,base,overall,item_between_rmse,0.2389120615254121,0.2383318302156655,0.0005802313097466039
meta-llama/Llama-3.2-1B,llama1b_base_culture,llama1b_base_v2,1.0,Llama,base,overall,item_between_slope,0.2743205397973037,0.2895589778450385,-0.015238438047734781
meta-llama/Llama-3.2-1B,llama1b_base_culture,llama1b_base_v2,1.0,Llama,base,overall,item_matrix_r,0.2420125191891443,0.2513667128659559,-0.009354193676811617
meta-llama/Llama-3.2-1B,llama1b_base_culture,llama1b_base_v2,1.0,Llama,base,overall,item_rmse,0.2535377609868155,0.2530037802573206,0.0005339807294948984
meta-llama/Llama-3.2-1B,llama1b_base_culture,llama1b_base_v2,1.0,Llama,base,overall,item_within_r,0.3063857793848424,0.3100814368564304,-0.0036956574715880097
meta-llama/Llama-3.2-1B,llama1b_base_culture,llama1b_base_v2,1.0,Llama,base,overall,item_within_rmse,0.3030491304316799,0.3021277112160355,0.0009214192156444256
meta-llama/Llama-3.2-1B,llama1b_base_culture,llama1b_base_v2,1.0,Llama,base,overall,item_within_slope,0.3186614095722063,0.3210725231004729,-0.0024111135282666174
meta-llama/Llama-3.2-1B,llama1b_base_culture,llama1b_base_v2,1.0,Llama,base,overall,scale_matrix_r,0.6815202091517826,0.6006764898119012,0.08084371933988133
meta-llama/Llama-3.2-1B,llama1b_base_culture,llama1b_base_v2,1.0,Llama,base,overall,scale_rmse,0.28405126872613,0.2995471974855621,-0.015495928759432065
meta-llama/Llama-3.2-1B,llama1b_base_culture,llama1b_base_v2,1.0,Llama,base,overall,subscale_between_r,0.3128441330640831,0.3628698871798927,-0.05002575411580962
meta-llama/Llama-3.2-1B,llama1b_base_culture,llama1b_base_v2,1.0,Llama,base,overall,subscale_between_rmse,0.3020043058405862,0.2927029191116857,0.009301386728900463
meta-llama/Llama-3.2-1B,llama1b_base_culture,llama1b_base_v2,1.0,Llama,base,overall,subscale_between_slope,0.2540700515569362,0.3003475248651663,-0.04627747330823012
meta-llama/Llama-3.2-1B,llama1b_base_culture,llama1b_base_v2,1.0,Llama,base,overall,subscale_matrix_r,0.3292807152424939,0.3784252477650374,-0.04914453252254347
meta-llama/Llama-3.2-1B,llama1b_base_culture,llama1b_base_v2,1.0,Llama,base,overall,subscale_rmse,0.2934810882293915,0.2850635016387937,0.008417586590597825
meta-llama/Llama-3.2-1B,llama1b_base_culture,llama1b_base_v2,1.0,Llama,base,overall,subscale_within_r,0.4619919290563952,0.4921825165404845,-0.030190587484089315
meta-llama/Llama-3.2-1B,llama1b_base_culture,llama1b_base_v2,1.0,Llama,base,overall,subscale_within_rmse,0.2436063289253374,0.2417779402025568,0.0018283887227805995
meta-llama/Llama-3.2-1B,llama1b_base_culture,llama1b_base_v2,1.0,Llama,base,overall,subscale_within_slope,0.5480921507110403,0.5749462335185566,-0.026854082807516222
meta-llama/Llama-3.2-1B,llama1b_base_culture,llama1b_base_v2,1.0,Llama,base,per_scale_IRI,subscale_r,-0.0574646141211118,0.0044475591308618,-0.061912173251973596
meta-llama/Llama-3.2-1B,llama1b_base_culture,llama1b_base_v2,1.0,Llama,base,per_scale_IRI,subscale_slope,-0.0512621156658401,0.0038300775790651,-0.055092193244905205
meta-llama/Llama-3.2-1B,llama1b_base_culture,llama1b_base_v2,1.0,Llama,base,per_scale_IRI,subscale_rmse,0.3170114786649822,0.3031290641218225,0.013882414543159693
meta-llama/Llama-3.2-1B,llama1b_base_culture,llama1b_base_v2,1.0,Llama,base,per_scale_IRI,item_r,0.0978428776045304,0.0975518468369134,0.0002910307676170093
meta-llama/Llama-3.2-1B,llama1b_base_culture,llama1b_base_v2,1.0,Llama,base,per_scale_IRI,item_slope,0.1255486356313346,0.1260080211399348,-0.0004593855086002241
meta-llama/Llama-3.2-1B,llama1b_base_culture,llama1b_base_v2,1.0,Llama,base,per_scale_IRI,item_rmse,0.2023284477527877,0.2033879468298188,-0.001059499077031123
meta-llama/Llama-3.2-1B,llama1b_base_culture,llama1b_base_v2,1.0,Llama,base,per_scale_PANAS,subscale_r,0.3369952029360134,0.5569811384860129,-0.2199859355499995
meta-llama/Llama-3.2-1B,llama1b_base_culture,llama1b_base_v2,1.0,Llama,base,per_scale_PANAS,subscale_slope,0.1956889959332845,0.3513994808382465,-0.155710484904962
meta-llama/Llama-3.2-1B,llama1b_base_culture,llama1b_base_v2,1.0,Llama,base,per_scale_PANAS,subscale_rmse,0.3162419812196197,0.2808850157808102,0.03535696543880951
meta-llama/Llama-3.2-1B,llama1b_base_culture,llama1b_base_v2,1.0,Llama,base,per_scale_PANAS,item_r,0.1296901819760088,0.1876806371783444,-0.05799045520233562
meta-llama/Llama-3.2-1B,llama1b_base_culture,llama1b_base_v2,1.0,Llama,base,per_scale_PANAS,item_slope,0.1051733066531247,0.1495110900368647,-0.04433778338373999
meta-llama/Llama-3.2-1B,llama1b_base_culture,llama1b_base_v2,1.0,Llama,base,per_scale_PANAS,item_rmse,0.2248772684783195,0.2189573901154519,0.005919878362867587
meta-llama/Llama-3.2-1B,llama1b_base_culture,llama1b_base_v2,1.0,Llama,base,per_scale_POM,subscale_r,0.2888240146725848,0.3993461165071895,-0.1105221018346047
meta-llama/Llama-3.2-1B,llama1b_base_culture,llama1b_base_v2,1.0,Llama,base,per_scale_POM,subscale_slope,0.2867040351424039,0.3693971939201944,-0.08269315877779049
meta-llama/Llama-3.2-1B,llama1b_base_culture,llama1b_base_v2,1.0,Llama,base,per_scale_POM,subscale_rmse,0.5997766146261536,0.5113312487459053,0.08844536588024832
meta-llama/Llama-3.2-1B,llama1b_base_culture,llama1b_base_v2,1.0,Llama,base,per_scale_POM,item_r,0.0970418317760442,0.1748183433929203,-0.0777765116168761
meta-llama/Llama-3.2-1B,llama1b_base_culture,llama1b_base_v2,1.0,Llama,base,per_scale_POM,item_slope,0.1923512458800352,0.3158660047887894,-0.12351475890875421
meta-llama/Llama-3.2-1B,llama1b_base_culture,llama1b_base_v2,1.0,Llama,base,per_scale_POM,item_rmse,0.5337286793343237,0.478080832793702,0.05564784654062166
meta-llama/Llama-3.2-1B,llama1b_base_culture,llama1b_base_v2,1.0,Llama,base,per_scale_BigFive,subscale_r,0.2313398217218935,0.2633232032089405,-0.03198338148704699
meta-llama/Llama-3.2-1B,llama1b_base_culture,llama1b_base_v2,1.0,Llama,base,per_scale_BigFive,subscale_slope,0.1457503923114905,0.1665874590510246,-0.020837066739534088
meta-llama/Llama-3.2-1B,llama1b_base_culture,llama1b_base_v2,1.0,Llama,base,per_scale_BigFive,subscale_rmse,0.248346991743473,0.252002827842179,-0.0036558360987059835
meta-llama/Llama-3.2-1B,llama1b_base_culture,llama1b_base_v2,1.0,Llama,base,per_scale_BigFive,item_r,0.2315656473952347,0.2328094872809489,-0.0012438398857142208
meta-llama/Llama-3.2-1B,llama1b_base_culture,llama1b_base_v2,1.0,Llama,base,per_scale_BigFive,item_slope,0.2221545872268458,0.2291614840634066,-0.007006896836560805
meta-llama/Llama-3.2-1B,llama1b_base_culture,llama1b_base_v2,1.0,Llama,base,per_scale_BigFive,item_rmse,0.1913677321404516,0.1966615248936814,-0.0052937927532298035
meta-llama/Llama-3.2-1B,llama1b_base_culture,llama1b_base_v2,1.0,Llama,base,per_scale_SelfConst,subscale_r,0.0922049115373677,0.1648146676142323,-0.0726097560768646
meta-llama/Llama-3.2-1B,llama1b_base_culture,llama1b_base_v2,1.0,Llama,base,per_scale_SelfConst,subscale_slope,0.0623018240708383,0.0912525106872805,-0.028950686616442206
meta-llama/Llama-3.2-1B,llama1b_base_culture,llama1b_base_v2,1.0,Llama,base,per_scale_SelfConst,subscale_rmse,0.2582432420127228,0.2344516427109438,0.023791599301779015
meta-llama/Llama-3.2-1B,llama1b_base_culture,llama1b_base_v2,1.0,Llama,base,per_scale_SelfConst,item_r,0.0710221764806183,0.0406683649473698,0.030353811533248502
meta-llama/Llama-3.2-1B,llama1b_base_culture,llama1b_base_v2,1.0,Llama,base,per_scale_SelfConst,item_slope,0.0673567375757233,0.0382035705393667,0.0291531670363566
meta-llama/Llama-3.2-1B,llama1b_base_culture,llama1b_base_v2,1.0,Llama,base,per_scale_SelfConst,item_rmse,0.1667836850723522,0.1675657813387701,-0.0007820962664178976
meta-llama/Llama-3.2-1B,llama1b_base_culture,llama1b_base_v2,1.0,Llama,base,per_scale_LifeSat,subscale_r,0.4641781533351613,0.3716777505086802,0.09250040282648114
meta-llama/Llama-3.2-1B,llama1b_base_culture,llama1b_base_v2,1.0,Llama,base,per_scale_LifeSat,subscale_slope,0.5240695940041386,0.4083843244692953,0.11568526953484326
meta-llama/Llama-3.2-1B,llama1b_base_culture,llama1b_base_v2,1.0,Llama,base,per_scale_LifeSat,subscale_rmse,0.3811008750226128,0.4060278088904738,-0.02492693386786099
meta-llama/Llama-3.2-1B,llama1b_base_culture,llama1b_base_v2,1.0,Llama,base,per_scale_LifeSat,item_r,0.2776017284592925,0.2953379314242867,-0.01773620296499423
meta-llama/Llama-3.2-1B,llama1b_base_culture,llama1b_base_v2,1.0,Llama,base,per_scale_LifeSat,item_slope,0.3141655231590534,0.3469452548877139,-0.0327797317286605
meta-llama/Llama-3.2-1B,llama1b_base_culture,llama1b_base_v2,1.0,Llama,base,per_scale_LifeSat,item_rmse,0.4457960381771099,0.435740084704437,0.010055953472672907
meta-llama/Llama-3.2-1B,llama1b_base_culture,llama1b_base_v2,1.0,Llama,base,per_scale_Lonely,subscale_r,0.0576054121399851,0.124680273513203,-0.0670748613732179
meta-llama/Llama-3.2-1B,llama1b_base_culture,llama1b_base_v2,1.0,Llama,base,per_scale_Lonely,subscale_slope,0.0650869085442716,0.1143396043815859,-0.0492526958373143
meta-llama/Llama-3.2-1B,llama1b_base_culture,llama1b_base_v2,1.0,Llama,base,per_scale_Lonely,subscale_rmse,0.4117750591468666,0.3889389433788705,0.022836115767996046
meta-llama/Llama-3.2-1B,llama1b_base_culture,llama1b_base_v2,1.0,Llama,base,per_scale_Lonely,item_r,0.2340947184767199,0.2362275138857878,-0.0021327954090679113
meta-llama/Llama-3.2-1B,llama1b_base_culture,llama1b_base_v2,1.0,Llama,base,per_scale_Lonely,item_slope,0.5219692920458731,0.5240787412394116,-0.002109449193538504
meta-llama/Llama-3.2-1B,llama1b_base_culture,llama1b_base_v2,1.0,Llama,base,per_scale_Lonely,item_rmse,0.3206865054848271,0.3189243422113339,0.0017621632734931558
meta-llama/Llama-3.2-1B-Instruct,llama1b_instruct_culture,llama1b_instruct_v3,1.0,Llama,instruct,overall,item_between_r,0.2616011311804029,0.2607250144855652,0.0008761166948377253
meta-llama/Llama-3.2-1B-Instruct,llama1b_instruct_culture,llama1b_instruct_v3,1.0,Llama,instruct,overall,item_between_rmse,0.1995774520180646,0.1943303160644073,0.005247135953657306
meta-llama/Llama-3.2-1B-Instruct,llama1b_instruct_culture,llama1b_instruct_v3,1.0,Llama,instruct,overall,item_between_slope,0.3021564319962433,0.2878424383485756,0.014313993647667722
meta-llama/Llama-3.2-1B-Instruct,llama1b_instruct_culture,llama1b_instruct_v3,1.0,Llama,instruct,overall,item_matrix_r,0.4312445423558729,0.4338749660691747,-0.0026304237133017994
meta-llama/Llama-3.2-1B-Instruct,llama1b_instruct_culture,llama1b_instruct_v3,1.0,Llama,instruct,overall,item_rmse,0.1914937049297823,0.1870564977476652,0.004437207182117098
meta-llama/Llama-3.2-1B-Instruct,llama1b_instruct_culture,llama1b_instruct_v3,1.0,Llama,instruct,overall,item_within_r,0.8037176696957414,0.7992945127782601,0.004423156917481297
meta-llama/Llama-3.2-1B-Instruct,llama1b_instruct_culture,llama1b_instruct_v3,1.0,Llama,instruct,overall,item_within_rmse,0.1518930960386773,0.1527423955681283,-0.0008492995294510086
meta-llama/Llama-3.2-1B-Instruct,llama1b_instruct_culture,llama1b_instruct_v3,1.0,Llama,instruct,overall,item_within_slope,0.6847949872850607,0.66718995779724,0.017605029487820723
meta-llama/Llama-3.2-1B-Instruct,llama1b_instruct_culture,llama1b_instruct_v3,1.0,Llama,instruct,overall,scale_matrix_r,0.4651981418483396,0.5309804362664987,-0.06578229441815914
meta-llama/Llama-3.2-1B-Instruct,llama1b_instruct_culture,llama1b_instruct_v3,1.0,Llama,instruct,overall,scale_rmse,0.2793763440803461,0.2545598103509687,0.02481653372937742
meta-llama/Llama-3.2-1B-Instruct,llama1b_instruct_culture,llama1b_instruct_v3,1.0,Llama,instruct,overall,subscale_between_r,0.4377683165489797,0.459520101341774,-0.021751784792794326
meta-llama/Llama-3.2-1B-Instruct,llama1b_instruct_culture,llama1b_instruct_v3,1.0,Llama,instruct,overall,subscale_between_rmse,0.3114327446219893,0.295090821661171,0.016341922960818267
meta-llama/Llama-3.2-1B-Instruct,llama1b_instruct_culture,llama1b_instruct_v3,1.0,Llama,instruct,overall,subscale_between_slope,0.4798492751961878,0.4785582000306574,0.0012910751655303976
meta-llama/Llama-3.2-1B-Instruct,llama1b_instruct_culture,llama1b_instruct_v3,1.0,Llama,instruct,overall,subscale_matrix_r,0.4712687109956945,0.4931224469289504,-0.021853735933255902
meta-llama/Llama-3.2-1B-Instruct,llama1b_instruct_culture,llama1b_instruct_v3,1.0,Llama,instruct,overall,subscale_rmse,0.2922997624096114,0.276866443500353,0.01543331890925842
meta-llama/Llama-3.2-1B-Instruct,llama1b_instruct_culture,llama1b_instruct_v3,1.0,Llama,instruct,overall,subscale_within_r,0.8079838309192713,0.8212537245991588,-0.013269893679887512
meta-llama/Llama-3.2-1B-Instruct,llama1b_instruct_culture,llama1b_instruct_v3,1.0,Llama,instruct,overall,subscale_within_rmse,0.1413588776919197,0.1326203469097377,0.008738530782182008
meta-llama/Llama-3.2-1B-Instruct,llama1b_instruct_culture,llama1b_instruct_v3,1.0,Llama,instruct,overall,subscale_within_slope,0.9108746805071182,0.8957177132797867,0.015156967227331508
meta-llama/Llama-3.2-1B-Instruct,llama1b_instruct_culture,llama1b_instruct_v3,1.0,Llama,instruct,per_scale_IRI,subscale_r,0.1942825948724481,0.2169345084564777,-0.022651913584029598
meta-llama/Llama-3.2-1B-Instruct,llama1b_instruct_culture,llama1b_instruct_v3,1.0,Llama,instruct,per_scale_IRI,subscale_slope,0.2257529399710577,0.227306026812665,-0.0015530868416073207
meta-llama/Llama-3.2-1B-Instruct,llama1b_instruct_culture,llama1b_instruct_v3,1.0,Llama,instruct,per_scale_IRI,subscale_rmse,0.3352621614035853,0.3122204445308627,0.023041716872722606
meta-llama/Llama-3.2-1B-Instruct,llama1b_instruct_culture,llama1b_instruct_v3,1.0,Llama,instruct,per_scale_IRI,item_r,0.1753272585730783,0.1648848792048907,0.010442379368187593
meta-llama/Llama-3.2-1B-Instruct,llama1b_instruct_culture,llama1b_instruct_v3,1.0,Llama,instruct,per_scale_IRI,item_slope,0.2272619890378485,0.2052853172151098,0.021976671822738686
meta-llama/Llama-3.2-1B-Instruct,llama1b_instruct_culture,llama1b_instruct_v3,1.0,Llama,instruct,per_scale_IRI,item_rmse,0.1938753758670382,0.1898324730040066,0.0040429028630316055
meta-llama/Llama-3.2-1B-Instruct,llama1b_instruct_culture,llama1b_instruct_v3,1.0,Llama,instruct,per_scale_PANAS,subscale_r,0.6955671268610562,0.6792763722300919,0.0162907546309643
meta-llama/Llama-3.2-1B-Instruct,llama1b_instruct_culture,llama1b_instruct_v3,1.0,Llama,instruct,per_scale_PANAS,subscale_slope,0.6779830060412244,0.6709222104840895,0.007060795557134902
meta-llama/Llama-3.2-1B-Instruct,llama1b_instruct_culture,llama1b_instruct_v3,1.0,Llama,instruct,per_scale_PANAS,subscale_rmse,0.2377769701178019,0.2461976452612368,-0.008420675143434891
meta-llama/Llama-3.2-1B-Instruct,llama1b_instruct_culture,llama1b_instruct_v3,1.0,Llama,instruct,per_scale_PANAS,item_r,0.3760887741983058,0.3303494460597787,0.0457393281385271
meta-llama/Llama-3.2-1B-Instruct,llama1b_instruct_culture,llama1b_instruct_v3,1.0,Llama,instruct,per_scale_PANAS,item_slope,0.3460544243327967,0.306087686486695,0.03996673784610172
meta-llama/Llama-3.2-1B-Instruct,llama1b_instruct_culture,llama1b_instruct_v3,1.0,Llama,instruct,per_scale_PANAS,item_rmse,0.1776824995670693,0.1851273330826506,-0.007444833515581312
meta-llama/Llama-3.2-1B-Instruct,llama1b_instruct_culture,llama1b_instruct_v3,1.0,Llama,instruct,per_scale_POM,subscale_r,0.6741662682736931,0.7040586761446885,-0.029892407870995452
meta-llama/Llama-3.2-1B-Instruct,llama1b_instruct_culture,llama1b_instruct_v3,1.0,Llama,instruct,per_scale_POM,subscale_slope,0.8614564743172176,0.9085555042472756,-0.04709902993005799
meta-llama/Llama-3.2-1B-Instruct,llama1b_instruct_culture,llama1b_instruct_v3,1.0,Llama,instruct,per_scale_POM,subscale_rmse,0.3402291916810655,0.3230283442223626,0.017200847458702928
meta-llama/Llama-3.2-1B-Instruct,llama1b_instruct_culture,llama1b_instruct_v3,1.0,Llama,instruct,per_scale_POM,item_r,0.4639466070340846,0.5333649381470806,-0.06941833111299606
meta-llama/Llama-3.2-1B-Instruct,llama1b_instruct_culture,llama1b_instruct_v3,1.0,Llama,instruct,per_scale_POM,item_slope,0.6185825490315854,0.7226979980715947,-0.10411544904000936
meta-llama/Llama-3.2-1B-Instruct,llama1b_instruct_culture,llama1b_instruct_v3,1.0,Llama,instruct,per_scale_POM,item_rmse,0.2746319139746261,0.2609188801315902,0.013713033843035904
meta-llama/Llama-3.2-1B-Instruct,llama1b_instruct_culture,llama1b_instruct_v3,1.0,Llama,instruct,per_scale_BigFive,subscale_r,0.128132108017656,0.1456109380575526,-0.017478830039896587
meta-llama/Llama-3.2-1B-Instruct,llama1b_instruct_culture,llama1b_instruct_v3,1.0,Llama,instruct,per_scale_BigFive,subscale_slope,0.089077689792253,0.0987444711967381,-0.009666781404485097
meta-llama/Llama-3.2-1B-Instruct,llama1b_instruct_culture,llama1b_instruct_v3,1.0,Llama,instruct,per_scale_BigFive,subscale_rmse,0.2790061355129753,0.274098541983213,0.004907593529762333
meta-llama/Llama-3.2-1B-Instruct,llama1b_instruct_culture,llama1b_instruct_v3,1.0,Llama,instruct,per_scale_BigFive,item_r,0.1259597488741078,0.1245543768196245,0.0014053720544832948
meta-llama/Llama-3.2-1B-Instruct,llama1b_instruct_culture,llama1b_instruct_v3,1.0,Llama,instruct,per_scale_BigFive,item_slope,0.0992343503378066,0.0955431550024831,0.0036911953353234994
meta-llama/Llama-3.2-1B-Instruct,llama1b_instruct_culture,llama1b_instruct_v3,1.0,Llama,instruct,per_scale_BigFive,item_rmse,0.1895793088411257,0.1882603256789851,0.0013189831621406023
meta-llama/Llama-3.2-1B-Instruct,llama1b_instruct_culture,llama1b_instruct_v3,1.0,Llama,instruct,per_scale_SelfConst,subscale_r,0.4385889297358131,0.4667650814290965,-0.028176151693283413
meta-llama/Llama-3.2-1B-Instruct,llama1b_instruct_culture,llama1b_instruct_v3,1.0,Llama,instruct,per_scale_SelfConst,subscale_slope,0.3669141908116715,0.4003442017807203,-0.033430010969048796
meta-llama/Llama-3.2-1B-Instruct,llama1b_instruct_culture,llama1b_instruct_v3,1.0,Llama,instruct,per_scale_SelfConst,subscale_rmse,0.2118335964458356,0.2104872900118367,0.0013463064339989117
meta-llama/Llama-3.2-1B-Instruct,llama1b_instruct_culture,llama1b_instruct_v3,1.0,Llama,instruct,per_scale_SelfConst,item_r,0.1255890542130507,0.1478436276399037,-0.022254573426852997
meta-llama/Llama-3.2-1B-Instruct,llama1b_instruct_culture,llama1b_instruct_v3,1.0,Llama,instruct,per_scale_SelfConst,item_slope,0.1142345846670372,0.1303174727813772,-0.01608288811434
meta-llama/Llama-3.2-1B-Instruct,llama1b_instruct_culture,llama1b_instruct_v3,1.0,Llama,instruct,per_scale_SelfConst,item_rmse,0.1478532416827804,0.1432068428046883,0.004646398878092123
meta-llama/Llama-3.2-1B-Instruct,llama1b_instruct_culture,llama1b_instruct_v3,1.0,Llama,instruct,per_scale_LifeSat,subscale_r,0.3752588070715045,0.4533172367601938,-0.07805842968868931
meta-llama/Llama-3.2-1B-Instruct,llama1b_instruct_culture,llama1b_instruct_v3,1.0,Llama,instruct,per_scale_LifeSat,subscale_slope,0.3789535182538117,0.3890103440059741,-0.010056825752162435
meta-llama/Llama-3.2-1B-Instruct,llama1b_instruct_culture,llama1b_instruct_v3,1.0,Llama,instruct,per_scale_LifeSat,subscale_rmse,0.3461651208714899,0.3012546920335441,0.04491042883794577
meta-llama/Llama-3.2-1B-Instruct,llama1b_instruct_culture,llama1b_instruct_v3,1.0,Llama,instruct,per_scale_LifeSat,item_r,0.3182407621482178,0.3030118310482348,0.015228931099982967
meta-llama/Llama-3.2-1B-Instruct,llama1b_instruct_culture,llama1b_instruct_v3,1.0,Llama,instruct,per_scale_LifeSat,item_slope,0.311686294497062,0.2936694429903831,0.018016851506678866
meta-llama/Llama-3.2-1B-Instruct,llama1b_instruct_culture,llama1b_instruct_v3,1.0,Llama,instruct,per_scale_LifeSat,item_rmse,0.2532467073835527,0.2528743740288948,0.0003723333546579166
meta-llama/Llama-3.2-1B-Instruct,llama1b_instruct_culture,llama1b_instruct_v3,1.0,Llama,instruct,per_scale_Lonely,subscale_r,0.695619012549003,0.6892637671423321,0.006355245406670984
meta-llama/Llama-3.2-1B-Instruct,llama1b_instruct_culture,llama1b_instruct_v3,1.0,Llama,instruct,per_scale_Lonely,subscale_slope,0.9556071631077924,0.9909457737602462,-0.035338610652453806
meta-llama/Llama-3.2-1B-Instruct,llama1b_instruct_culture,llama1b_instruct_v3,1.0,Llama,instruct,per_scale_Lonely,subscale_rmse,0.2400493053735619,0.2602363319924928,-0.020187026618930903
meta-llama/Llama-3.2-1B-Instruct,llama1b_instruct_culture,llama1b_instruct_v3,1.0,Llama,instruct,per_scale_Lonely,item_r,0.505656592974169,0.5126283461632555,-0.006971753189086494
meta-llama/Llama-3.2-1B-Instruct,llama1b_instruct_culture,llama1b_instruct_v3,1.0,Llama,instruct,per_scale_Lonely,item_slope,0.6523790858189241,0.6860345416676714,-0.033655455848747295
meta-llama/Llama-3.2-1B-Instruct,llama1b_instruct_culture,llama1b_instruct_v3,1.0,Llama,instruct,per_scale_Lonely,item_rmse,0.1695942611369253,0.1746862555915627,-0.0050919944546374
Qwen/Qwen2.5-3B,qwen3b_base_culture,qwen3b_base_v2,3.0,Qwen,base,overall,item_between_r,0.3512320712542944,0.3375387636910257,0.013693307563268697
Qwen/Qwen2.5-3B,qwen3b_base_culture,qwen3b_base_v2,3.0,Qwen,base,overall,item_between_rmse,0.1856399360926862,0.1884975705742842,-0.0028576344815980093
Qwen/Qwen2.5-3B,qwen3b_base_culture,qwen3b_base_v2,3.0,Qwen,base,overall,item_between_slope,0.3838726416838468,0.3666289230032459,0.017243718680600928
Qwen/Qwen2.5-3B,qwen3b_base_culture,qwen3b_base_v2,3.0,Qwen,base,overall,item_matrix_r,0.6005150557478833,0.5924712278881816,0.008043827859701702
Qwen/Qwen2.5-3B,qwen3b_base_culture,qwen3b_base_v2,3.0,Qwen,base,overall,item_rmse,0.1657815971618559,0.16810060609999,-0.0023190089381341095
Qwen/Qwen2.5-3B,qwen3b_base_culture,qwen3b_base_v2,3.0,Qwen,base,overall,item_within_r,0.998391546693905,0.9983834876856768,8.059008228200604e-06
Qwen/Qwen2.5-3B,qwen3b_base_culture,qwen3b_base_v2,3.0,Qwen,base,overall,item_within_rmse,0.0142807698410303,0.0143392834466565,-5.851360562619985e-05
Qwen/Qwen2.5-3B,qwen3b_base_culture,qwen3b_base_v2,3.0,Qwen,base,overall,item_within_slope,0.9979920690335424,0.9959470944910692,0.00204497454247321
Qwen/Qwen2.5-3B,qwen3b_base_culture,qwen3b_base_v2,3.0,Qwen,base,overall,scale_matrix_r,0.684628605743664,0.6687948124858114,0.015833793257852613
Qwen/Qwen2.5-3B,qwen3b_base_culture,qwen3b_base_v2,3.0,Qwen,base,overall,scale_rmse,0.218507282856785,0.2253773935224549,-0.006870110665669893
Qwen/Qwen2.5-3B,qwen3b_base_culture,qwen3b_base_v2,3.0,Qwen,base,overall,subscale_between_r,0.5416031022861936,0.533441209616172,0.008161892670021542
Qwen/Qwen2.5-3B,qwen3b_base_culture,qwen3b_base_v2,3.0,Qwen,base,overall,subscale_between_rmse,0.286281755774939,0.2845582739066764,0.0017234818682625996
Qwen/Qwen2.5-3B,qwen3b_base_culture,qwen3b_base_v2,3.0,Qwen,base,overall,subscale_between_slope,0.6218014486647856,0.6003743464122229,0.021427102252562724
Qwen/Qwen2.5-3B,qwen3b_base_culture,qwen3b_base_v2,3.0,Qwen,base,overall,subscale_matrix_r,0.575984082974601,0.5692799307238003,0.006704152250800677
Qwen/Qwen2.5-3B,qwen3b_base_culture,qwen3b_base_v2,3.0,Qwen,base,overall,subscale_rmse,0.2639601682601529,0.2623680015048003,0.0015921667553526198
Qwen/Qwen2.5-3B,qwen3b_base_culture,qwen3b_base_v2,3.0,Qwen,base,overall,subscale_within_r,0.99913825070174,0.9992526941150384,-0.00011444341329835961
Qwen/Qwen2.5-3B,qwen3b_base_culture,qwen3b_base_v2,3.0,Qwen,base,overall,subscale_within_rmse,0.0086845808894032,0.0079869277313393,0.0006976531580639
Qwen/Qwen2.5-3B,qwen3b_base_culture,qwen3b_base_v2,3.0,Qwen,base,overall,subscale_within_slope,1.0013231976024792,0.9972289213353274,0.004094276267151864
Qwen/Qwen2.5-3B,qwen3b_base_culture,qwen3b_base_v2,3.0,Qwen,base,per_scale_IRI,subscale_r,0.0878080086845146,0.1090310130336216,-0.021223004349106997
Qwen/Qwen2.5-3B,qwen3b_base_culture,qwen3b_base_v2,3.0,Qwen,base,per_scale_IRI,subscale_slope,0.1027190594235053,0.126871453142925,-0.0241523937194197
Qwen/Qwen2.5-3B,qwen3b_base_culture,qwen3b_base_v2,3.0,Qwen,base,per_scale_IRI,subscale_rmse,0.3208916277397209,0.3161605468816767,0.00473108085804419
Qwen/Qwen2.5-3B,qwen3b_base_culture,qwen3b_base_v2,3.0,Qwen,base,per_scale_IRI,item_r,0.1446998827994386,0.1422479688410303,0.002451913958408297
Qwen/Qwen2.5-3B,qwen3b_base_culture,qwen3b_base_v2,3.0,Qwen,base,per_scale_IRI,item_slope,0.170282544458435,0.1734763505815656,-0.0031938061231306103
Qwen/Qwen2.5-3B,qwen3b_base_culture,qwen3b_base_v2,3.0,Qwen,base,per_scale_IRI,item_rmse,0.1792355742405838,0.1830011078783027,-0.003765533637718893
Qwen/Qwen2.5-3B,qwen3b_base_culture,qwen3b_base_v2,3.0,Qwen,base,per_scale_PANAS,subscale_r,0.7661432961481239,0.7439834832254449,0.02215981292267899
Qwen/Qwen2.5-3B,qwen3b_base_culture,qwen3b_base_v2,3.0,Qwen,base,per_scale_PANAS,subscale_slope,0.852966962360395,0.7831824278300125,0.06978453453038258
Qwen/Qwen2.5-3B,qwen3b_base_culture,qwen3b_base_v2,3.0,Qwen,base,per_scale_PANAS,subscale_rmse,0.2909857865398936,0.2887716744585056,0.0022141120813879978
Qwen/Qwen2.5-3B,qwen3b_base_culture,qwen3b_base_v2,3.0,Qwen,base,per_scale_PANAS,item_r,0.5208200190959116,0.5127157940553977,0.00810422504051389
Qwen/Qwen2.5-3B,qwen3b_base_culture,qwen3b_base_v2,3.0,Qwen,base,per_scale_PANAS,item_slope,0.4954194996932622,0.4830641158794467,0.012355383813815513
Qwen/Qwen2.5-3B,qwen3b_base_culture,qwen3b_base_v2,3.0,Qwen,base,per_scale_PANAS,item_rmse,0.1959756514854029,0.1951919185241188,0.0007837329612841171
Qwen/Qwen2.5-3B,qwen3b_base_culture,qwen3b_base_v2,3.0,Qwen,base,per_scale_POM,subscale_r,0.7947812792423992,0.7885604541689297,0.006220825073469438
Qwen/Qwen2.5-3B,qwen3b_base_culture,qwen3b_base_v2,3.0,Qwen,base,per_scale_POM,subscale_slope,1.3204474113990117,1.3104152871426566,0.010032124256355024
Qwen/Qwen2.5-3B,qwen3b_base_culture,qwen3b_base_v2,3.0,Qwen,base,per_scale_POM,subscale_rmse,0.4246436809731508,0.4158743374643558,0.008769343508794991
Qwen/Qwen2.5-3B,qwen3b_base_culture,qwen3b_base_v2,3.0,Qwen,base,per_scale_POM,item_r,0.5628744454865755,0.5446646408961304,0.018209804590445078
Qwen/Qwen2.5-3B,qwen3b_base_culture,qwen3b_base_v2,3.0,Qwen,base,per_scale_POM,item_slope,0.9932984248643092,0.9354904799097418,0.057807944954567425
Qwen/Qwen2.5-3B,qwen3b_base_culture,qwen3b_base_v2,3.0,Qwen,base,per_scale_POM,item_rmse,0.3365144645762561,0.3328453744631942,0.0036690901130619347
Qwen/Qwen2.5-3B,qwen3b_base_culture,qwen3b_base_v2,3.0,Qwen,base,per_scale_BigFive,subscale_r,0.7040557057695738,0.717283111477417,-0.013227405707843198
Qwen/Qwen2.5-3B,qwen3b_base_culture,qwen3b_base_v2,3.0,Qwen,base,per_scale_BigFive,subscale_slope,0.6963869251034263,0.6808312436472511,0.015555681456175141
Qwen/Qwen2.5-3B,qwen3b_base_culture,qwen3b_base_v2,3.0,Qwen,base,per_scale_BigFive,subscale_rmse,0.1880165380013617,0.1806256752344345,0.0073908627669271865
Qwen/Qwen2.5-3B,qwen3b_base_culture,qwen3b_base_v2,3.0,Qwen,base,per_scale_BigFive,item_r,0.5896981118007292,0.5883589995977763,0.001339112202952908
Qwen/Qwen2.5-3B,qwen3b_base_culture,qwen3b_base_v2,3.0,Qwen,base,per_scale_BigFive,item_slope,0.5624174458588004,0.5577961441088211,0.004621301749979323
Qwen/Qwen2.5-3B,qwen3b_base_culture,qwen3b_base_v2,3.0,Qwen,base,per_scale_BigFive,item_rmse,0.1463626857561296,0.1455530383676003,0.0008096473885292887
Qwen/Qwen2.5-3B,qwen3b_base_culture,qwen3b_base_v2,3.0,Qwen,base,per_scale_SelfConst,subscale_r,0.2442706417466552,0.3167213135584433,-0.0724506718117881
Qwen/Qwen2.5-3B,qwen3b_base_culture,qwen3b_base_v2,3.0,Qwen,base,per_scale_SelfConst,subscale_slope,0.1743816510759989,0.2475214643111881,-0.0731398132351892
Qwen/Qwen2.5-3B,qwen3b_base_culture,qwen3b_base_v2,3.0,Qwen,base,per_scale_SelfConst,subscale_rmse,0.2457039206251361,0.2387255777133466,0.0069783429117895035
Qwen/Qwen2.5-3B,qwen3b_base_culture,qwen3b_base_v2,3.0,Qwen,base,per_scale_SelfConst,item_r,0.146740319693642,0.1768988830012384,-0.030158563307596392
Qwen/Qwen2.5-3B,qwen3b_base_culture,qwen3b_base_v2,3.0,Qwen,base,per_scale_SelfConst,item_slope,0.1229025275591563,0.1469037791621074,-0.024001251602951093
Qwen/Qwen2.5-3B,qwen3b_base_culture,qwen3b_base_v2,3.0,Qwen,base,per_scale_SelfConst,item_rmse,0.1435734683157867,0.1406200340962517,0.002953434219535006
Qwen/Qwen2.5-3B,qwen3b_base_culture,qwen3b_base_v2,3.0,Qwen,base,per_scale_LifeSat,subscale_r,0.4782211953506595,0.4080831456049379,0.07013804974572158
Qwen/Qwen2.5-3B,qwen3b_base_culture,qwen3b_base_v2,3.0,Qwen,base,per_scale_LifeSat,subscale_slope,0.5739752899564289,0.4557067763386562,0.11826851361777269
Qwen/Qwen2.5-3B,qwen3b_base_culture,qwen3b_base_v2,3.0,Qwen,base,per_scale_LifeSat,subscale_rmse,0.3940949084824208,0.4303626961242677,-0.036267787641846905
Qwen/Qwen2.5-3B,qwen3b_base_culture,qwen3b_base_v2,3.0,Qwen,base,per_scale_LifeSat,item_r,0.3776143992433804,0.3506765246993628,0.026937874544017637
Qwen/Qwen2.5-3B,qwen3b_base_culture,qwen3b_base_v2,3.0,Qwen,base,per_scale_LifeSat,item_slope,0.3991078092040366,0.3251648955904198,0.07394291361361682
Qwen/Qwen2.5-3B,qwen3b_base_culture,qwen3b_base_v2,3.0,Qwen,base,per_scale_LifeSat,item_rmse,0.3149850478743722,0.3190066809753401,-0.00402163310096787
Qwen/Qwen2.5-3B,qwen3b_base_culture,qwen3b_base_v2,3.0,Qwen,base,per_scale_Lonely,subscale_r,0.8068761817999411,0.7941768544592667,0.012699327340674471
Qwen/Qwen2.5-3B,qwen3b_base_culture,qwen3b_base_v2,3.0,Qwen,base,per_scale_Lonely,subscale_slope,1.7137553732524358,1.7281393303648909,-0.014383957112455104
Qwen/Qwen2.5-3B,qwen3b_base_culture,qwen3b_base_v2,3.0,Qwen,base,per_scale_Lonely,subscale_rmse,0.3491960254243945,0.3651367301190901,-0.015940704694695607
Qwen/Qwen2.5-3B,qwen3b_base_culture,qwen3b_base_v2,3.0,Qwen,base,per_scale_Lonely,item_r,0.6877355180964784,0.6720039112425304,0.01573160685394792
Qwen/Qwen2.5-3B,qwen3b_base_culture,qwen3b_base_v2,3.0,Qwen,base,per_scale_Lonely,item_slope,1.1197124670520004,1.144806748356335,-0.025094281304334443
Qwen/Qwen2.5-3B,qwen3b_base_culture,qwen3b_base_v2,3.0,Qwen,base,per_scale_Lonely,item_rmse,0.1789878901910233,0.1901969082497366,-0.0112090180587133
Qwen/Qwen2.5-3B-Instruct,qwen3b_instruct_culture,qwen3b_instruct_v3,3.0,Qwen,instruct,overall,item_between_r,0.404632636330177,0.3976558935466745,0.006976742783502465
Qwen/Qwen2.5-3B-Instruct,qwen3b_instruct_culture,qwen3b_instruct_v3,3.0,Qwen,instruct,overall,item_between_rmse,0.1844722199121704,0.1805292872322253,0.0039429326799450826
Qwen/Qwen2.5-3B-Instruct,qwen3b_instruct_culture,qwen3b_instruct_v3,3.0,Qwen,instruct,overall,item_between_slope,0.4816859957763866,0.4540952272236172,0.027590768552769374
Qwen/Qwen2.5-3B-Instruct,qwen3b_instruct_culture,qwen3b_instruct_v3,3.0,Qwen,instruct,overall,item_matrix_r,0.6285844582693391,0.6264587068099869,0.002125751459352121
Qwen/Qwen2.5-3B-Instruct,qwen3b_instruct_culture,qwen3b_instruct_v3,3.0,Qwen,instruct,overall,item_rmse,0.1637643906024817,0.1609168387260102,0.00284755187647151
Qwen/Qwen2.5-3B-Instruct,qwen3b_instruct_culture,qwen3b_instruct_v3,3.0,Qwen,instruct,overall,item_within_r,0.993360741584518,0.9916301386163936,0.0017306029681244395
Qwen/Qwen2.5-3B-Instruct,qwen3b_instruct_culture,qwen3b_instruct_v3,3.0,Qwen,instruct,overall,item_within_rmse,0.0296286682296257,0.0331470993940515,-0.0035184311644257983
Qwen/Qwen2.5-3B-Instruct,qwen3b_instruct_culture,qwen3b_instruct_v3,3.0,Qwen,instruct,overall,item_within_slope,0.9743060797678056,0.9695796157866136,0.004726463981192031
Qwen/Qwen2.5-3B-Instruct,qwen3b_instruct_culture,qwen3b_instruct_v3,3.0,Qwen,instruct,overall,scale_matrix_r,0.3512960710298237,0.4411900753226838,-0.0898940042928601
Qwen/Qwen2.5-3B-Instruct,qwen3b_instruct_culture,qwen3b_instruct_v3,3.0,Qwen,instruct,overall,scale_rmse,0.3210422296014575,0.2788735706538146,0.042168658947642934
Qwen/Qwen2.5-3B-Instruct,qwen3b_instruct_culture,qwen3b_instruct_v3,3.0,Qwen,instruct,overall,subscale_between_r,0.515630391346149,0.5222373225015863,-0.006606931155437312
Qwen/Qwen2.5-3B-Instruct,qwen3b_instruct_culture,qwen3b_instruct_v3,3.0,Qwen,instruct,overall,subscale_between_rmse,0.309403834316987,0.2928789720235371,0.016524862293449905
Qwen/Qwen2.5-3B-Instruct,qwen3b_instruct_culture,qwen3b_instruct_v3,3.0,Qwen,instruct,overall,subscale_between_slope,0.6086030888924762,0.5818302692854836,0.026772819606992515
Qwen/Qwen2.5-3B-Instruct,qwen3b_instruct_culture,qwen3b_instruct_v3,3.0,Qwen,instruct,overall,subscale_matrix_r,0.5466016022844292,0.554827553773212,-0.008225951488782801
Qwen/Qwen2.5-3B-Instruct,qwen3b_instruct_culture,qwen3b_instruct_v3,3.0,Qwen,instruct,overall,subscale_rmse,0.2853197116848139,0.2702471423797633,0.015072569305050576
Qwen/Qwen2.5-3B-Instruct,qwen3b_instruct_culture,qwen3b_instruct_v3,3.0,Qwen,instruct,overall,subscale_within_r,0.9973235205554256,0.9920579250896698,0.005265595465755779
Qwen/Qwen2.5-3B-Instruct,qwen3b_instruct_culture,qwen3b_instruct_v3,3.0,Qwen,instruct,overall,subscale_within_rmse,0.0155381443250319,0.0285353054885586,-0.012997161163526701
Qwen/Qwen2.5-3B-Instruct,qwen3b_instruct_culture,qwen3b_instruct_v3,3.0,Qwen,instruct,overall,subscale_within_slope,0.9975156737724628,0.9913302522212946,0.006185421551168191
Qwen/Qwen2.5-3B-Instruct,qwen3b_instruct_culture,qwen3b_instruct_v3,3.0,Qwen,instruct,per_scale_IRI,subscale_r,0.2605287828538175,0.247943288756762,0.012585494097055477
Qwen/Qwen2.5-3B-Instruct,qwen3b_instruct_culture,qwen3b_instruct_v3,3.0,Qwen,instruct,per_scale_IRI,subscale_slope,0.3207859247882162,0.29306358311304,0.027722341675176232
Qwen/Qwen2.5-3B-Instruct,qwen3b_instruct_culture,qwen3b_instruct_v3,3.0,Qwen,instruct,per_scale_IRI,subscale_rmse,0.3229220571749761,0.3154019854090217,0.0075200717659543725
Qwen/Qwen2.5-3B-Instruct,qwen3b_instruct_culture,qwen3b_instruct_v3,3.0,Qwen,instruct,per_scale_IRI,item_r,0.2300004543597043,0.2114222945576947,0.01857815980200958
Qwen/Qwen2.5-3B-Instruct,qwen3b_instruct_culture,qwen3b_instruct_v3,3.0,Qwen,instruct,per_scale_IRI,item_slope,0.3106622950119918,0.2791356400811198,0.03152665493087198
Qwen/Qwen2.5-3B-Instruct,qwen3b_instruct_culture,qwen3b_instruct_v3,3.0,Qwen,instruct,per_scale_IRI,item_rmse,0.1927082261930706,0.1918505273239849,0.0008576988690857101
Qwen/Qwen2.5-3B-Instruct,qwen3b_instruct_culture,qwen3b_instruct_v3,3.0,Qwen,instruct,per_scale_PANAS,subscale_r,0.7009727460800368,0.6756775274194293,0.025295218660607466
Qwen/Qwen2.5-3B-Instruct,qwen3b_instruct_culture,qwen3b_instruct_v3,3.0,Qwen,instruct,per_scale_PANAS,subscale_slope,0.777364499513036,0.7053962951260824,0.07196820438695362
Qwen/Qwen2.5-3B-Instruct,qwen3b_instruct_culture,qwen3b_instruct_v3,3.0,Qwen,instruct,per_scale_PANAS,subscale_rmse,0.260721332923694,0.2600463825677044,0.0006749503559895786
Qwen/Qwen2.5-3B-Instruct,qwen3b_instruct_culture,qwen3b_instruct_v3,3.0,Qwen,instruct,per_scale_PANAS,item_r,0.5281453103996276,0.4942385508377002,0.03390675956192746
Qwen/Qwen2.5-3B-Instruct,qwen3b_instruct_culture,qwen3b_instruct_v3,3.0,Qwen,instruct,per_scale_PANAS,item_slope,0.5328352916127289,0.4814748478214727,0.051360443791256205
Qwen/Qwen2.5-3B-Instruct,qwen3b_instruct_culture,qwen3b_instruct_v3,3.0,Qwen,instruct,per_scale_PANAS,item_rmse,0.177089839099354,0.175460812269566,0.001629026829787994
Qwen/Qwen2.5-3B-Instruct,qwen3b_instruct_culture,qwen3b_instruct_v3,3.0,Qwen,instruct,per_scale_POM,subscale_r,0.752212863537164,0.7849486830776387,-0.032735819540474664
Qwen/Qwen2.5-3B-Instruct,qwen3b_instruct_culture,qwen3b_instruct_v3,3.0,Qwen,instruct,per_scale_POM,subscale_slope,1.0795971031530838,1.058832146942658,0.020764956210425733
Qwen/Qwen2.5-3B-Instruct,qwen3b_instruct_culture,qwen3b_instruct_v3,3.0,Qwen,instruct,per_scale_POM,subscale_rmse,0.3825897412739991,0.3157739486662619,0.06681579260773718
Qwen/Qwen2.5-3B-Instruct,qwen3b_instruct_culture,qwen3b_instruct_v3,3.0,Qwen,instruct,per_scale_POM,item_r,0.5960462555654944,0.6162285411242481,-0.020182285558753676
Qwen/Qwen2.5-3B-Instruct,qwen3b_instruct_culture,qwen3b_instruct_v3,3.0,Qwen,instruct,per_scale_POM,item_slope,0.9231763139382756,0.8937307876675901,0.02944552627068553
Qwen/Qwen2.5-3B-Instruct,qwen3b_instruct_culture,qwen3b_instruct_v3,3.0,Qwen,instruct,per_scale_POM,item_rmse,0.2928917205567378,0.2642110395281651,0.028680681028572685
Qwen/Qwen2.5-3B-Instruct,qwen3b_instruct_culture,qwen3b_instruct_v3,3.0,Qwen,instruct,per_scale_BigFive,subscale_r,0.6594630441121216,0.6729947976108543,-0.013531753498732702
Qwen/Qwen2.5-3B-Instruct,qwen3b_instruct_culture,qwen3b_instruct_v3,3.0,Qwen,instruct,per_scale_BigFive,subscale_slope,0.7310423057246803,0.736669042165951,-0.005626736441270652
Qwen/Qwen2.5-3B-Instruct,qwen3b_instruct_culture,qwen3b_instruct_v3,3.0,Qwen,instruct,per_scale_BigFive,subscale_rmse,0.2145158694546147,0.2108946206432302,0.0036212488113845087
Qwen/Qwen2.5-3B-Instruct,qwen3b_instruct_culture,qwen3b_instruct_v3,3.0,Qwen,instruct,per_scale_BigFive,item_r,0.4977197971092202,0.4818963098259156,0.015823487283304627
Qwen/Qwen2.5-3B-Instruct,qwen3b_instruct_culture,qwen3b_instruct_v3,3.0,Qwen,instruct,per_scale_BigFive,item_slope,0.5639534324642694,0.5419993538090616,0.02195407865520782
Qwen/Qwen2.5-3B-Instruct,qwen3b_instruct_culture,qwen3b_instruct_v3,3.0,Qwen,instruct,per_scale_BigFive,item_rmse,0.1762507617467461,0.1779650254529967,-0.0017142637062506072
Qwen/Qwen2.5-3B-Instruct,qwen3b_instruct_culture,qwen3b_instruct_v3,3.0,Qwen,instruct,per_scale_SelfConst,subscale_r,0.502370937450103,0.5623805419952148,-0.06000960454511184
Qwen/Qwen2.5-3B-Instruct,qwen3b_instruct_culture,qwen3b_instruct_v3,3.0,Qwen,instruct,per_scale_SelfConst,subscale_slope,0.483996543527995,0.5209499748790181,-0.03695343135102308
Qwen/Qwen2.5-3B-Instruct,qwen3b_instruct_culture,qwen3b_instruct_v3,3.0,Qwen,instruct,per_scale_SelfConst,subscale_rmse,0.2159694552640654,0.2005612710227587,0.015408184241306716
Qwen/Qwen2.5-3B-Instruct,qwen3b_instruct_culture,qwen3b_instruct_v3,3.0,Qwen,instruct,per_scale_SelfConst,item_r,0.243709380957565,0.2714626388423833,-0.027753257884818305
Qwen/Qwen2.5-3B-Instruct,qwen3b_instruct_culture,qwen3b_instruct_v3,3.0,Qwen,instruct,per_scale_SelfConst,item_slope,0.2448939885000857,0.2616419769203671,-0.016747988420281412
Qwen/Qwen2.5-3B-Instruct,qwen3b_instruct_culture,qwen3b_instruct_v3,3.0,Qwen,instruct,per_scale_SelfConst,item_rmse,0.1454545989071459,0.1403166614592208,0.005137937447925095
Qwen/Qwen2.5-3B-Instruct,qwen3b_instruct_culture,qwen3b_instruct_v3,3.0,Qwen,instruct,per_scale_LifeSat,subscale_r,0.1413105561930389,0.0261889387995007,0.1151216173935382
Qwen/Qwen2.5-3B-Instruct,qwen3b_instruct_culture,qwen3b_instruct_v3,3.0,Qwen,instruct,per_scale_LifeSat,subscale_slope,0.1646068200029796,0.0366907516701354,0.1279160683328442
Qwen/Qwen2.5-3B-Instruct,qwen3b_instruct_culture,qwen3b_instruct_v3,3.0,Qwen,instruct,per_scale_LifeSat,subscale_rmse,0.5346645746741834,0.5454032794662041,-0.01073870479202077
Qwen/Qwen2.5-3B-Instruct,qwen3b_instruct_culture,qwen3b_instruct_v3,3.0,Qwen,instruct,per_scale_LifeSat,item_r,0.1351946340760029,0.2231706572562534,-0.0879760231802505
Qwen/Qwen2.5-3B-Instruct,qwen3b_instruct_culture,qwen3b_instruct_v3,3.0,Qwen,instruct,per_scale_LifeSat,item_slope,0.1407637511266413,0.2305961341537133,-0.089832383027072
Qwen/Qwen2.5-3B-Instruct,qwen3b_instruct_culture,qwen3b_instruct_v3,3.0,Qwen,instruct,per_scale_LifeSat,item_rmse,0.3429600870458494,0.3398995092005062,0.003060577845343193
Qwen/Qwen2.5-3B-Instruct,qwen3b_instruct_culture,qwen3b_instruct_v3,3.0,Qwen,instruct,per_scale_Lonely,subscale_r,0.712439180697014,0.6725620114661692,0.03987716923084472
Qwen/Qwen2.5-3B-Instruct,qwen3b_instruct_culture,qwen3b_instruct_v3,3.0,Qwen,instruct,per_scale_Lonely,subscale_slope,1.1878090307182456,1.122398855416348,0.06541017530189763
Qwen/Qwen2.5-3B-Instruct,qwen3b_instruct_culture,qwen3b_instruct_v3,3.0,Qwen,instruct,per_scale_Lonely,subscale_rmse,0.2919995867594269,0.3080874687130247,-0.016087881953597838
Qwen/Qwen2.5-3B-Instruct,qwen3b_instruct_culture,qwen3b_instruct_v3,3.0,Qwen,instruct,per_scale_Lonely,item_r,0.5584972968039809,0.5550332230330693,0.0034640737709115133
Qwen/Qwen2.5-3B-Instruct,qwen3b_instruct_culture,qwen3b_instruct_v3,3.0,Qwen,instruct,per_scale_Lonely,item_slope,0.7173170388593793,0.7868554000329208,-0.06953836117354151
Qwen/Qwen2.5-3B-Instruct,qwen3b_instruct_culture,qwen3b_instruct_v3,3.0,Qwen,instruct,per_scale_Lonely,item_rmse,0.16985546723802,0.1809523066887604,-0.011096839450740387
meta-llama/Llama-3.2-3B,llama3b_base_culture,llama3b_base_v2,3.0,Llama,base,overall,item_between_r,0.4015124413621597,0.4345389628906743,-0.033026521528514596
meta-llama/Llama-3.2-3B,llama3b_base_culture,llama3b_base_v2,3.0,Llama,base,overall,item_between_rmse,0.1852485769803222,0.1869017652693416,-0.0016531882890193916
meta-llama/Llama-3.2-3B,llama3b_base_culture,llama3b_base_v2,3.0,Llama,base,overall,item_between_slope,0.4490959249445515,0.5136223684042175,-0.06452644345966602
meta-llama/Llama-3.2-3B,llama3b_base_culture,llama3b_base_v2,3.0,Llama,base,overall,item_matrix_r,0.6005911306994167,0.6163789211957192,-0.015787790496302523
meta-llama/Llama-3.2-3B,llama3b_base_culture,llama3b_base_v2,3.0,Llama,base,overall,item_rmse,0.1680216820168092,0.1692854748522349,-0.0012637928354257144
meta-llama/Llama-3.2-3B,llama3b_base_culture,llama3b_base_v2,3.0,Llama,base,overall,item_within_r,0.9976503642727486,0.997921737270802,-0.00027137299805346515
meta-llama/Llama-3.2-3B,llama3b_base_culture,llama3b_base_v2,3.0,Llama,base,overall,item_within_rmse,0.0172379375009373,0.0162219276679143,0.0010160098330229995
meta-llama/Llama-3.2-3B,llama3b_base_culture,llama3b_base_v2,3.0,Llama,base,overall,item_within_slope,0.9927346108765072,0.9928371547494692,-0.00010254387296204648
meta-llama/Llama-3.2-3B,llama3b_base_culture,llama3b_base_v2,3.0,Llama,base,overall,scale_matrix_r,0.7984547467511767,0.8001368981927248,-0.001682151441548152
meta-llama/Llama-3.2-3B,llama3b_base_culture,llama3b_base_v2,3.0,Llama,base,overall,scale_rmse,0.1813638077145212,0.1975407438837959,-0.01617693616927468
meta-llama/Llama-3.2-3B,llama3b_base_culture,llama3b_base_v2,3.0,Llama,base,overall,subscale_between_r,0.4995389282073709,0.5621733387215798,-0.06263441051420893
meta-llama/Llama-3.2-3B,llama3b_base_culture,llama3b_base_v2,3.0,Llama,base,overall,subscale_between_rmse,0.279062623122542,0.2677727318667335,0.011289891255808482
meta-llama/Llama-3.2-3B,llama3b_base_culture,llama3b_base_v2,3.0,Llama,base,overall,subscale_between_slope,0.5460562359575867,0.6260714137737422,-0.08001517781615552
meta-llama/Llama-3.2-3B,llama3b_base_culture,llama3b_base_v2,3.0,Llama,base,overall,subscale_matrix_r,0.5434463351075952,0.598056422112205,-0.054610087004609786
meta-llama/Llama-3.2-3B,llama3b_base_culture,llama3b_base_v2,3.0,Llama,base,overall,subscale_rmse,0.2572976616689063,0.2468880255917328,0.010409636077173462
meta-llama/Llama-3.2-3B,llama3b_base_culture,llama3b_base_v2,3.0,Llama,base,overall,subscale_within_r,0.9995491429015692,0.9995579944905376,-8.851588968461499e-06
meta-llama/Llama-3.2-3B,llama3b_base_culture,llama3b_base_v2,3.0,Llama,base,overall,subscale_within_rmse,0.0070857697103111,0.0067313391023327,0.00035443060797840046
meta-llama/Llama-3.2-3B,llama3b_base_culture,llama3b_base_v2,3.0,Llama,base,overall,subscale_within_slope,0.98783407879485,0.9880113028407896,-0.00017722404593967234
meta-llama/Llama-3.2-3B,llama3b_base_culture,llama3b_base_v2,3.0,Llama,base,per_scale_IRI,subscale_r,0.2352349515616625,0.3098310581876581,-0.07459610662599561
meta-llama/Llama-3.2-3B,llama3b_base_culture,llama3b_base_v2,3.0,Llama,base,per_scale_IRI,subscale_slope,0.2446049750507557,0.3136882581383107,-0.06908328308755499
meta-llama/Llama-3.2-3B,llama3b_base_culture,llama3b_base_v2,3.0,Llama,base,per_scale_IRI,subscale_rmse,0.27393313902806,0.2617090019273846,0.01222413710067538
meta-llama/Llama-3.2-3B,llama3b_base_culture,llama3b_base_v2,3.0,Llama,base,per_scale_IRI,item_r,0.2864539716618899,0.3036516986059095,-0.01719772694401961
meta-llama/Llama-3.2-3B,llama3b_base_culture,llama3b_base_v2,3.0,Llama,base,per_scale_IRI,item_slope,0.3349450047151774,0.3609682214443723,-0.026023216729194887
meta-llama/Llama-3.2-3B,llama3b_base_culture,llama3b_base_v2,3.0,Llama,base,per_scale_IRI,item_rmse,0.1658615306960274,0.1656814880481555,0.00018004264787191415
meta-llama/Llama-3.2-3B,llama3b_base_culture,llama3b_base_v2,3.0,Llama,base,per_scale_PANAS,subscale_r,0.5587527540031517,0.6346624254714694,-0.07590967146831773
meta-llama/Llama-3.2-3B,llama3b_base_culture,llama3b_base_v2,3.0,Llama,base,per_scale_PANAS,subscale_slope,0.6098485582687262,0.7239731474260612,-0.11412458915733503
meta-llama/Llama-3.2-3B,llama3b_base_culture,llama3b_base_v2,3.0,Llama,base,per_scale_PANAS,subscale_rmse,0.309196146131172,0.2937840182100347,0.01541212792113733
meta-llama/Llama-3.2-3B,llama3b_base_culture,llama3b_base_v2,3.0,Llama,base,per_scale_PANAS,item_r,0.4047094838279316,0.4822414760390465,-0.0775319922111149
meta-llama/Llama-3.2-3B,llama3b_base_culture,llama3b_base_v2,3.0,Llama,base,per_scale_PANAS,item_slope,0.3909497864461382,0.480716259953757,-0.0897664735076188
meta-llama/Llama-3.2-3B,llama3b_base_culture,llama3b_base_v2,3.0,Llama,base,per_scale_PANAS,item_rmse,0.2134403586220156,0.2072737454663932,0.006166613155622391
meta-llama/Llama-3.2-3B,llama3b_base_culture,llama3b_base_v2,3.0,Llama,base,per_scale_POM,subscale_r,0.7211695647705079,0.7379017033861093,-0.01673213861560141
meta-llama/Llama-3.2-3B,llama3b_base_culture,llama3b_base_v2,3.0,Llama,base,per_scale_POM,subscale_slope,0.9688113641360246,1.0431164966355235,-0.07430513249949888
meta-llama/Llama-3.2-3B,llama3b_base_culture,llama3b_base_v2,3.0,Llama,base,per_scale_POM,subscale_rmse,0.3232001778750683,0.3318042739264207,-0.008604096051352428
meta-llama/Llama-3.2-3B,llama3b_base_culture,llama3b_base_v2,3.0,Llama,base,per_scale_POM,item_r,0.5826598495943234,0.602267413384632,-0.01960756379030859
meta-llama/Llama-3.2-3B,llama3b_base_culture,llama3b_base_v2,3.0,Llama,base,per_scale_POM,item_slope,0.7913461258735759,0.860527043252396,-0.06918091737882015
meta-llama/Llama-3.2-3B,llama3b_base_culture,llama3b_base_v2,3.0,Llama,base,per_scale_POM,item_rmse,0.2712772454875352,0.2787056172279329,-0.007428371740397732
meta-llama/Llama-3.2-3B,llama3b_base_culture,llama3b_base_v2,3.0,Llama,base,per_scale_BigFive,subscale_r,0.547894636145263,0.570217152394858,-0.022322516249595026
meta-llama/Llama-3.2-3B,llama3b_base_culture,llama3b_base_v2,3.0,Llama,base,per_scale_BigFive,subscale_slope,0.524664755738774,0.5510706581773576,-0.02640590243858354
meta-llama/Llama-3.2-3B,llama3b_base_culture,llama3b_base_v2,3.0,Llama,base,per_scale_BigFive,subscale_rmse,0.2281366305972542,0.2229044982128221,0.005232132384432098
meta-llama/Llama-3.2-3B,llama3b_base_culture,llama3b_base_v2,3.0,Llama,base,per_scale_BigFive,item_r,0.3645467323264502,0.3930646339658509,-0.02851790163940071
meta-llama/Llama-3.2-3B,llama3b_base_culture,llama3b_base_v2,3.0,Llama,base,per_scale_BigFive,item_slope,0.3605195918278947,0.4100829495331656,-0.04956335770527087
meta-llama/Llama-3.2-3B,llama3b_base_culture,llama3b_base_v2,3.0,Llama,base,per_scale_BigFive,item_rmse,0.1841781071230878,0.1839885936147265,0.00018951350836129977
meta-llama/Llama-3.2-3B,llama3b_base_culture,llama3b_base_v2,3.0,Llama,base,per_scale_SelfConst,subscale_r,0.0489754992833439,-0.0874334099625113,0.1364089092458552
meta-llama/Llama-3.2-3B,llama3b_base_culture,llama3b_base_v2,3.0,Llama,base,per_scale_SelfConst,subscale_slope,0.0416907090012133,-0.0748271044416938,0.1165178134429071
meta-llama/Llama-3.2-3B,llama3b_base_culture,llama3b_base_v2,3.0,Llama,base,per_scale_SelfConst,subscale_rmse,0.2829520907953388,0.3014621801229641,-0.018510089327625323
meta-llama/Llama-3.2-3B,llama3b_base_culture,llama3b_base_v2,3.0,Llama,base,per_scale_SelfConst,item_r,0.186204626063754,0.1259634709263467,0.0602411551374073
meta-llama/Llama-3.2-3B,llama3b_base_culture,llama3b_base_v2,3.0,Llama,base,per_scale_SelfConst,item_slope,0.1666155772397141,0.1152941435185599,0.05132143372115419
meta-llama/Llama-3.2-3B,llama3b_base_culture,llama3b_base_v2,3.0,Llama,base,per_scale_SelfConst,item_rmse,0.1594275275336089,0.1689678316254194,-0.009540304091810503
meta-llama/Llama-3.2-3B,llama3b_base_culture,llama3b_base_v2,3.0,Llama,base,per_scale_LifeSat,subscale_r,0.1305466630697997,0.1791231234595094,-0.0485764603897097
meta-llama/Llama-3.2-3B,llama3b_base_culture,llama3b_base_v2,3.0,Llama,base,per_scale_LifeSat,subscale_slope,0.2393933247842621,0.3623838520978387,-0.1229905273135766
meta-llama/Llama-3.2-3B,llama3b_base_culture,llama3b_base_v2,3.0,Llama,base,per_scale_LifeSat,subscale_rmse,0.6128959673975846,0.6406940138653678,-0.027798046467783277
meta-llama/Llama-3.2-3B,llama3b_base_culture,llama3b_base_v2,3.0,Llama,base,per_scale_LifeSat,item_r,0.28910148947783,0.3462654822841937,-0.057163992806363695
meta-llama/Llama-3.2-3B,llama3b_base_culture,llama3b_base_v2,3.0,Llama,base,per_scale_LifeSat,item_slope,0.4244713741778557,0.5498296928131653,-0.1253583186353096
meta-llama/Llama-3.2-3B,llama3b_base_culture,llama3b_base_v2,3.0,Llama,base,per_scale_LifeSat,item_rmse,0.5045791950952687,0.5322021225237601,-0.027622927428491373
meta-llama/Llama-3.2-3B,llama3b_base_culture,llama3b_base_v2,3.0,Llama,base,per_scale_Lonely,subscale_r,0.3520070051996878,0.6032871894377857,-0.2512801842380979
meta-llama/Llama-3.2-3B,llama3b_base_culture,llama3b_base_v2,3.0,Llama,base,per_scale_Lonely,subscale_slope,0.398100779996596,0.7797825372203229,-0.3816817572237269
meta-llama/Llama-3.2-3B,llama3b_base_culture,llama3b_base_v2,3.0,Llama,base,per_scale_Lonely,subscale_rmse,0.3290394503585109,0.2655057557423962,0.06353369461611469
meta-llama/Llama-3.2-3B,llama3b_base_culture,llama3b_base_v2,3.0,Llama,base,per_scale_Lonely,item_r,0.3582723947945976,0.4972206690988011,-0.13894827430420348
meta-llama/Llama-3.2-3B,llama3b_base_culture,llama3b_base_v2,3.0,Llama,base,per_scale_Lonely,item_slope,0.371519496813611,0.5679173248042355,-0.1963978279906245
meta-llama/Llama-3.2-3B,llama3b_base_culture,llama3b_base_v2,3.0,Llama,base,per_scale_Lonely,item_rmse,0.1665640690846833,0.1581469382958591,0.008417130788824195
meta-llama/Llama-3.2-3B-Instruct,llama3b_instruct_culture,llama3b_instruct_v3,3.0,Llama,instruct,overall,item_between_r,0.452312256420978,0.4515442477384649,0.0007680086825130883
meta-llama/Llama-3.2-3B-Instruct,llama3b_instruct_culture,llama3b_instruct_v3,3.0,Llama,instruct,overall,item_between_rmse,0.2069578109784281,0.2058174773085768,0.0011403336698513067
meta-llama/Llama-3.2-3B-Instruct,llama3b_instruct_culture,llama3b_instruct_v3,3.0,Llama,instruct,overall,item_between_slope,0.6398409469291716,0.6403513983609722,-0.0005104514318006181
meta-llama/Llama-3.2-3B-Instruct,llama3b_instruct_culture,llama3b_instruct_v3,3.0,Llama,instruct,overall,item_matrix_r,0.5817966239769917,0.5815982030343335,0.0001984209426582062
meta-llama/Llama-3.2-3B-Instruct,llama3b_instruct_culture,llama3b_instruct_v3,3.0,Llama,instruct,overall,item_rmse,0.1898079087062186,0.1887000466427633,0.0011078620634553116
meta-llama/Llama-3.2-3B-Instruct,llama3b_instruct_culture,llama3b_instruct_v3,3.0,Llama,instruct,overall,item_within_r,0.9720410027276116,0.9731613489921516,-0.0011203462645399398
meta-llama/Llama-3.2-3B-Instruct,llama3b_instruct_culture,llama3b_instruct_v3,3.0,Llama,instruct,overall,item_within_rmse,0.0594221253868058,0.0584619985476052,0.0009601268392006035
meta-llama/Llama-3.2-3B-Instruct,llama3b_instruct_culture,llama3b_instruct_v3,3.0,Llama,instruct,overall,item_within_slope,0.918198611153857,0.9149820030265918,0.003216608127265208
meta-llama/Llama-3.2-3B-Instruct,llama3b_instruct_culture,llama3b_instruct_v3,3.0,Llama,instruct,overall,scale_matrix_r,0.8573494395844001,0.8457728996545315,0.011576539929868623
meta-llama/Llama-3.2-3B-Instruct,llama3b_instruct_culture,llama3b_instruct_v3,3.0,Llama,instruct,overall,scale_rmse,0.2083050292958834,0.2030364335659507,0.005268595729932712
meta-llama/Llama-3.2-3B-Instruct,llama3b_instruct_culture,llama3b_instruct_v3,3.0,Llama,instruct,overall,subscale_between_r,0.6412999029982747,0.6234882685697033,0.017811634428571366
meta-llama/Llama-3.2-3B-Instruct,llama3b_instruct_culture,llama3b_instruct_v3,3.0,Llama,instruct,overall,subscale_between_rmse,0.2685268668220992,0.2829547359260143,-0.01442786910391508
meta-llama/Llama-3.2-3B-Instruct,llama3b_instruct_culture,llama3b_instruct_v3,3.0,Llama,instruct,overall,subscale_between_slope,0.7398951420867049,0.7416974685684785,-0.0018023264817735862
meta-llama/Llama-3.2-3B-Instruct,llama3b_instruct_culture,llama3b_instruct_v3,3.0,Llama,instruct,overall,subscale_matrix_r,0.6611645959276521,0.6420033448393223,0.019161251088329778
meta-llama/Llama-3.2-3B-Instruct,llama3b_instruct_culture,llama3b_instruct_v3,3.0,Llama,instruct,overall,subscale_rmse,0.247689894482163,0.2610133327395923,-0.01332343825742932
meta-llama/Llama-3.2-3B-Instruct,llama3b_instruct_culture,llama3b_instruct_v3,3.0,Llama,instruct,overall,subscale_within_r,0.9958044792913048,0.99510535218931,0.0006991271019948231
meta-llama/Llama-3.2-3B-Instruct,llama3b_instruct_culture,llama3b_instruct_v3,3.0,Llama,instruct,overall,subscale_within_rmse,0.019934451599457,0.022223811901163,-0.002289360301706001
meta-llama/Llama-3.2-3B-Instruct,llama3b_instruct_culture,llama3b_instruct_v3,3.0,Llama,instruct,overall,subscale_within_slope,0.9837299430314262,0.97089662955176,0.012833313479666209
meta-llama/Llama-3.2-3B-Instruct,llama3b_instruct_culture,llama3b_instruct_v3,3.0,Llama,instruct,per_scale_IRI,subscale_r,0.2228075384420185,0.1522895064185103,0.0705180320235082
meta-llama/Llama-3.2-3B-Instruct,llama3b_instruct_culture,llama3b_instruct_v3,3.0,Llama,instruct,per_scale_IRI,subscale_slope,0.1723043072153077,0.1283497785151736,0.04395452870013411
meta-llama/Llama-3.2-3B-Instruct,llama3b_instruct_culture,llama3b_instruct_v3,3.0,Llama,instruct,per_scale_IRI,subscale_rmse,0.2697228097910604,0.2938898332156442,-0.024167023424583822
meta-llama/Llama-3.2-3B-Instruct,llama3b_instruct_culture,llama3b_instruct_v3,3.0,Llama,instruct,per_scale_IRI,item_r,0.2846584727016708,0.2788724080786638,0.005786064623006959
meta-llama/Llama-3.2-3B-Instruct,llama3b_instruct_culture,llama3b_instruct_v3,3.0,Llama,instruct,per_scale_IRI,item_slope,0.3897628172082953,0.3892123366387933,0.000550480569502021
meta-llama/Llama-3.2-3B-Instruct,llama3b_instruct_culture,llama3b_instruct_v3,3.0,Llama,instruct,per_scale_IRI,item_rmse,0.1888997295771736,0.1917076712818168,-0.0028079417046431854
meta-llama/Llama-3.2-3B-Instruct,llama3b_instruct_culture,llama3b_instruct_v3,3.0,Llama,instruct,per_scale_PANAS,subscale_r,0.7961096204720827,0.7869213627165615,0.009188257755521123
meta-llama/Llama-3.2-3B-Instruct,llama3b_instruct_culture,llama3b_instruct_v3,3.0,Llama,instruct,per_scale_PANAS,subscale_slope,1.085248759631129,1.151169502047244,-0.06592074241611501
meta-llama/Llama-3.2-3B-Instruct,llama3b_instruct_culture,llama3b_instruct_v3,3.0,Llama,instruct,per_scale_PANAS,subscale_rmse,0.2734170461823487,0.291613072012731,-0.018196025830382323
meta-llama/Llama-3.2-3B-Instruct,llama3b_instruct_culture,llama3b_instruct_v3,3.0,Llama,instruct,per_scale_PANAS,item_r,0.6386941274585711,0.6212969697609974,0.017397157697573773
meta-llama/Llama-3.2-3B-Instruct,llama3b_instruct_culture,llama3b_instruct_v3,3.0,Llama,instruct,per_scale_PANAS,item_slope,0.8617458599112477,0.8620936373148895,-0.0003477774036417802
meta-llama/Llama-3.2-3B-Instruct,llama3b_instruct_culture,llama3b_instruct_v3,3.0,Llama,instruct,per_scale_PANAS,item_rmse,0.1842599873419019,0.1905757805273007,-0.006315793185398794
meta-llama/Llama-3.2-3B-Instruct,llama3b_instruct_culture,llama3b_instruct_v3,3.0,Llama,instruct,per_scale_POM,subscale_r,0.8731350979070261,0.8517966140713668,0.021338483835659394
meta-llama/Llama-3.2-3B-Instruct,llama3b_instruct_culture,llama3b_instruct_v3,3.0,Llama,instruct,per_scale_POM,subscale_slope,1.476315975984254,1.4026216167376906,0.07369435924656331
meta-llama/Llama-3.2-3B-Instruct,llama3b_instruct_culture,llama3b_instruct_v3,3.0,Llama,instruct,per_scale_POM,subscale_rmse,0.4150445727263964,0.4393186259469915,-0.024274053220595115
meta-llama/Llama-3.2-3B-Instruct,llama3b_instruct_culture,llama3b_instruct_v3,3.0,Llama,instruct,per_scale_POM,item_r,0.5834201385997009,0.6021650830764786,-0.01874494447677777
meta-llama/Llama-3.2-3B-Instruct,llama3b_instruct_culture,llama3b_instruct_v3,3.0,Llama,instruct,per_scale_POM,item_slope,1.1178831590403335,1.1156302006341023,0.002252958406231187
meta-llama/Llama-3.2-3B-Instruct,llama3b_instruct_culture,llama3b_instruct_v3,3.0,Llama,instruct,per_scale_POM,item_rmse,0.3674190473058575,0.3435264086948685,0.023892638610989003
meta-llama/Llama-3.2-3B-Instruct,llama3b_instruct_culture,llama3b_instruct_v3,3.0,Llama,instruct,per_scale_BigFive,subscale_r,0.5370659963472364,0.5431552372710144,-0.00608924092377805
meta-llama/Llama-3.2-3B-Instruct,llama3b_instruct_culture,llama3b_instruct_v3,3.0,Llama,instruct,per_scale_BigFive,subscale_slope,0.5556567628920879,0.5636863680410832,-0.008029605148995311
meta-llama/Llama-3.2-3B-Instruct,llama3b_instruct_culture,llama3b_instruct_v3,3.0,Llama,instruct,per_scale_BigFive,subscale_rmse,0.2455146369136535,0.2456010412987453,-8.640438509180393e-05
meta-llama/Llama-3.2-3B-Instruct,llama3b_instruct_culture,llama3b_instruct_v3,3.0,Llama,instruct,per_scale_BigFive,item_r,0.3938867010607977,0.3856615002737437,0.008225200787054021
meta-llama/Llama-3.2-3B-Instruct,llama3b_instruct_culture,llama3b_instruct_v3,3.0,Llama,instruct,per_scale_BigFive,item_slope,0.4592093828894305,0.4568244467239648,0.0023849361654656454
meta-llama/Llama-3.2-3B-Instruct,llama3b_instruct_culture,llama3b_instruct_v3,3.0,Llama,instruct,per_scale_BigFive,item_rmse,0.1962591514026068,0.1985936916955024,-0.0023345402928955927
meta-llama/Llama-3.2-3B-Instruct,llama3b_instruct_culture,llama3b_instruct_v3,3.0,Llama,instruct,per_scale_SelfConst,subscale_r,0.6285656009019647,0.6484739110078891,-0.01990831010592442
meta-llama/Llama-3.2-3B-Instruct,llama3b_instruct_culture,llama3b_instruct_v3,3.0,Llama,instruct,per_scale_SelfConst,subscale_slope,0.4443159663223804,0.4792061819812322,-0.03489021565885181
meta-llama/Llama-3.2-3B-Instruct,llama3b_instruct_culture,llama3b_instruct_v3,3.0,Llama,instruct,per_scale_SelfConst,subscale_rmse,0.1874403658771385,0.1810760561026828,0.0063643097744557064
meta-llama/Llama-3.2-3B-Instruct,llama3b_instruct_culture,llama3b_instruct_v3,3.0,Llama,instruct,per_scale_SelfConst,item_r,0.1846390881969976,0.2451933553999949,-0.06055426720299731
meta-llama/Llama-3.2-3B-Instruct,llama3b_instruct_culture,llama3b_instruct_v3,3.0,Llama,instruct,per_scale_SelfConst,item_slope,0.1906593026654488,0.2589428600597814,-0.06828355739433259
meta-llama/Llama-3.2-3B-Instruct,llama3b_instruct_culture,llama3b_instruct_v3,3.0,Llama,instruct,per_scale_SelfConst,item_rmse,0.1594027816705133,0.1550703005769569,0.004332481093556412
meta-llama/Llama-3.2-3B-Instruct,llama3b_instruct_culture,llama3b_instruct_v3,3.0,Llama,instruct,per_scale_LifeSat,subscale_r,0.7641095574503061,0.7771232107779874,-0.01301365332768134
meta-llama/Llama-3.2-3B-Instruct,llama3b_instruct_culture,llama3b_instruct_v3,3.0,Llama,instruct,per_scale_LifeSat,subscale_slope,1.4542279702839742,1.501197521739443,-0.04696955145546888
meta-llama/Llama-3.2-3B-Instruct,llama3b_instruct_culture,llama3b_instruct_v3,3.0,Llama,instruct,per_scale_LifeSat,subscale_rmse,0.5773847314144172,0.567968561276315,0.009416170138102142
meta-llama/Llama-3.2-3B-Instruct,llama3b_instruct_culture,llama3b_instruct_v3,3.0,Llama,instruct,per_scale_LifeSat,item_r,0.5781637435086624,0.5785478574262328,-0.0003841139175704278
meta-llama/Llama-3.2-3B-Instruct,llama3b_instruct_culture,llama3b_instruct_v3,3.0,Llama,instruct,per_scale_LifeSat,item_slope,0.8478778896104472,0.9249310927912368,-0.07705320318078956
meta-llama/Llama-3.2-3B-Instruct,llama3b_instruct_culture,llama3b_instruct_v3,3.0,Llama,instruct,per_scale_LifeSat,item_rmse,0.525167388921212,0.5202093739251005,0.004958014996111482
meta-llama/Llama-3.2-3B-Instruct,llama3b_instruct_culture,llama3b_instruct_v3,3.0,Llama,instruct,per_scale_Lonely,subscale_r,0.4146186105267179,0.4782955857319916,-0.06367697520527371
meta-llama/Llama-3.2-3B-Instruct,llama3b_instruct_culture,llama3b_instruct_v3,3.0,Llama,instruct,per_scale_Lonely,subscale_slope,0.6012143774565021,0.6985174247402491,-0.09730304728374706
meta-llama/Llama-3.2-3B-Instruct,llama3b_instruct_culture,llama3b_instruct_v3,3.0,Llama,instruct,per_scale_Lonely,subscale_rmse,0.3556364683501212,0.3308386062298022,0.02479786212031898
meta-llama/Llama-3.2-3B-Instruct,llama3b_instruct_culture,llama3b_instruct_v3,3.0,Llama,instruct,per_scale_Lonely,item_r,0.2327144149346235,0.2396825221992818,-0.0069681072646582964
meta-llama/Llama-3.2-3B-Instruct,llama3b_instruct_culture,llama3b_instruct_v3,3.0,Llama,instruct,per_scale_Lonely,item_slope,0.3038691659987896,0.3061319063878719,-0.0022627403890823072
meta-llama/Llama-3.2-3B-Instruct,llama3b_instruct_culture,llama3b_instruct_v3,3.0,Llama,instruct,per_scale_Lonely,item_rmse,0.2138798256989654,0.2084510211085874,0.005428804590378006
Qwen/Qwen2.5-7B,qwen7b_base_culture,qwen7b_base_v2,7.0,Qwen,base,overall,item_between_r,0.6139465233330562,0.6188489937971533,-0.004902470464097086
Qwen/Qwen2.5-7B,qwen7b_base_culture,qwen7b_base_v2,7.0,Qwen,base,overall,item_between_rmse,0.2081814024763386,0.2050141847666848,0.003167217709653808
Qwen/Qwen2.5-7B,qwen7b_base_culture,qwen7b_base_v2,7.0,Qwen,base,overall,item_between_slope,1.0223617156057332,1.0177568778418329,0.004604837763900305
Qwen/Qwen2.5-7B,qwen7b_base_culture,qwen7b_base_v2,7.0,Qwen,base,overall,item_matrix_r,0.6935137201134518,0.6990752722676483,-0.005561552154196514
Qwen/Qwen2.5-7B,qwen7b_base_culture,qwen7b_base_v2,7.0,Qwen,base,overall,item_rmse,0.1884602405391822,0.1851643155757494,0.0032959249634328114
Qwen/Qwen2.5-7B,qwen7b_base_culture,qwen7b_base_v2,7.0,Qwen,base,overall,item_within_r,0.9985800235945684,0.99869221639619,-0.00011219280162155787
Qwen/Qwen2.5-7B,qwen7b_base_culture,qwen7b_base_v2,7.0,Qwen,base,overall,item_within_rmse,0.0135393810479853,0.0128838383704422,0.0006555426775431
Qwen/Qwen2.5-7B,qwen7b_base_culture,qwen7b_base_v2,7.0,Qwen,base,overall,item_within_slope,1.0005298365914084,0.99417392688412,0.0063559097072883874
Qwen/Qwen2.5-7B,qwen7b_base_culture,qwen7b_base_v2,7.0,Qwen,base,overall,scale_matrix_r,0.834640560104954,0.8382449206330734,-0.00360436052811941
Qwen/Qwen2.5-7B,qwen7b_base_culture,qwen7b_base_v2,7.0,Qwen,base,overall,scale_rmse,0.2837550165784152,0.2778706071002082,0.005884409478206953
Qwen/Qwen2.5-7B,qwen7b_base_culture,qwen7b_base_v2,7.0,Qwen,base,overall,subscale_between_r,0.7085619151527798,0.70321850361542,0.005343411537359732
Qwen/Qwen2.5-7B,qwen7b_base_culture,qwen7b_base_v2,7.0,Qwen,base,overall,subscale_between_rmse,0.3191361248149467,0.3095693322265624,0.009566792588384276
Qwen/Qwen2.5-7B,qwen7b_base_culture,qwen7b_base_v2,7.0,Qwen,base,overall,subscale_between_slope,1.0716636360302263,1.04254490475534,0.0291187312748864
Qwen/Qwen2.5-7B,qwen7b_base_culture,qwen7b_base_v2,7.0,Qwen,base,overall,subscale_matrix_r,0.7136692319566006,0.7106876534394735,0.0029815785171271036
Qwen/Qwen2.5-7B,qwen7b_base_culture,qwen7b_base_v2,7.0,Qwen,base,overall,subscale_rmse,0.2942633525907019,0.2854373275968702,0.008826024993831727
Qwen/Qwen2.5-7B,qwen7b_base_culture,qwen7b_base_v2,7.0,Qwen,base,overall,subscale_within_r,0.9985230149369893,0.998919343717323,-0.0003963287803337989
Qwen/Qwen2.5-7B,qwen7b_base_culture,qwen7b_base_v2,7.0,Qwen,base,overall,subscale_within_rmse,0.011614485296019,0.0104154528540397,0.0011990324419792996
Qwen/Qwen2.5-7B,qwen7b_base_culture,qwen7b_base_v2,7.0,Qwen,base,overall,subscale_within_slope,0.9962124556585176,0.990952337169392,0.005260118489125554
Qwen/Qwen2.5-7B,qwen7b_base_culture,qwen7b_base_v2,7.0,Qwen,base,per_scale_IRI,subscale_r,0.3068379554124202,0.2760913855296162,0.030746569882803998
Qwen/Qwen2.5-7B,qwen7b_base_culture,qwen7b_base_v2,7.0,Qwen,base,per_scale_IRI,subscale_slope,0.361628686333412,0.3146729673867071,0.046955718946704916
Qwen/Qwen2.5-7B,qwen7b_base_culture,qwen7b_base_v2,7.0,Qwen,base,per_scale_IRI,subscale_rmse,0.3227281226374496,0.3134254953271929,0.009302627310256717
Qwen/Qwen2.5-7B,qwen7b_base_culture,qwen7b_base_v2,7.0,Qwen,base,per_scale_IRI,item_r,0.2731531055569735,0.2671927456022323,0.005960359954741201
Qwen/Qwen2.5-7B,qwen7b_base_culture,qwen7b_base_v2,7.0,Qwen,base,per_scale_IRI,item_slope,0.3749572786857832,0.3422242018148879,0.03273307687089533
Qwen/Qwen2.5-7B,qwen7b_base_culture,qwen7b_base_v2,7.0,Qwen,base,per_scale_IRI,item_rmse,0.1907592454274627,0.1841743159220713,0.006584929505391385
Qwen/Qwen2.5-7B,qwen7b_base_culture,qwen7b_base_v2,7.0,Qwen,base,per_scale_PANAS,subscale_r,0.7594011679438304,0.7536037330890071,0.0057974348548233134
Qwen/Qwen2.5-7B,qwen7b_base_culture,qwen7b_base_v2,7.0,Qwen,base,per_scale_PANAS,subscale_slope,1.303566655838991,1.2848782826041176,0.018688373234873268
Qwen/Qwen2.5-7B,qwen7b_base_culture,qwen7b_base_v2,7.0,Qwen,base,per_scale_PANAS,subscale_rmse,0.3870968636471164,0.3812769893634286,0.005819874283687798
Qwen/Qwen2.5-7B,qwen7b_base_culture,qwen7b_base_v2,7.0,Qwen,base,per_scale_PANAS,item_r,0.6686875469858842,0.6676312786284726,0.0010562683574115717
Qwen/Qwen2.5-7B,qwen7b_base_culture,qwen7b_base_v2,7.0,Qwen,base,per_scale_PANAS,item_slope,1.11714059308379,1.1195491795705184,-0.002408586486728259
Qwen/Qwen2.5-7B,qwen7b_base_culture,qwen7b_base_v2,7.0,Qwen,base,per_scale_PANAS,item_rmse,0.226014714118816,0.2248772925513976,0.0011374215674183896
Qwen/Qwen2.5-7B,qwen7b_base_culture,qwen7b_base_v2,7.0,Qwen,base,per_scale_POM,subscale_r,0.853649560044458,0.8441115679897488,0.009537992054709177
Qwen/Qwen2.5-7B,qwen7b_base_culture,qwen7b_base_v2,7.0,Qwen,base,per_scale_POM,subscale_slope,1.6375528279816904,1.642649652489706,-0.005096824508015629
Qwen/Qwen2.5-7B,qwen7b_base_culture,qwen7b_base_v2,7.0,Qwen,base,per_scale_POM,subscale_rmse,0.5444214978517695,0.5430215019888938,0.001399995862875758
Qwen/Qwen2.5-7B,qwen7b_base_culture,qwen7b_base_v2,7.0,Qwen,base,per_scale_POM,item_r,0.7191776172506851,0.7087843590013259,0.010393258249359216
Qwen/Qwen2.5-7B,qwen7b_base_culture,qwen7b_base_v2,7.0,Qwen,base,per_scale_POM,item_slope,1.5901743494253933,1.5713258301978277,0.018848519227565586
Qwen/Qwen2.5-7B,qwen7b_base_culture,qwen7b_base_v2,7.0,Qwen,base,per_scale_POM,item_rmse,0.3865892871713308,0.3901343741075886,-0.003545086936257824
Qwen/Qwen2.5-7B,qwen7b_base_culture,qwen7b_base_v2,7.0,Qwen,base,per_scale_BigFive,subscale_r,0.7543925750952287,0.7662148217553116,-0.011822246660082913
Qwen/Qwen2.5-7B,qwen7b_base_culture,qwen7b_base_v2,7.0,Qwen,base,per_scale_BigFive,subscale_slope,0.965672205816002,0.9586029153947864,0.007069290421215624
Qwen/Qwen2.5-7B,qwen7b_base_culture,qwen7b_base_v2,7.0,Qwen,base,per_scale_BigFive,subscale_rmse,0.2109528595578453,0.2024019759467624,0.008550883611082888
Qwen/Qwen2.5-7B,qwen7b_base_culture,qwen7b_base_v2,7.0,Qwen,base,per_scale_BigFive,item_r,0.6217128097552016,0.626656936521269,-0.004944126766067369
Qwen/Qwen2.5-7B,qwen7b_base_culture,qwen7b_base_v2,7.0,Qwen,base,per_scale_BigFive,item_slope,0.8003330123096326,0.789891986731651,0.010441025577981655
Qwen/Qwen2.5-7B,qwen7b_base_culture,qwen7b_base_v2,7.0,Qwen,base,per_scale_BigFive,item_rmse,0.1745263231061971,0.1669280194374996,0.007598303668697487
Qwen/Qwen2.5-7B,qwen7b_base_culture,qwen7b_base_v2,7.0,Qwen,base,per_scale_SelfConst,subscale_r,0.6701278722322919,0.6677098807471252,0.0024179914851666373
Qwen/Qwen2.5-7B,qwen7b_base_culture,qwen7b_base_v2,7.0,Qwen,base,per_scale_SelfConst,subscale_slope,0.8368463163972198,0.7954479855014631,0.04139833089575673
Qwen/Qwen2.5-7B,qwen7b_base_culture,qwen7b_base_v2,7.0,Qwen,base,per_scale_SelfConst,subscale_rmse,0.2102531473457417,0.209752268431921,0.0005008789138206959
Qwen/Qwen2.5-7B,qwen7b_base_culture,qwen7b_base_v2,7.0,Qwen,base,per_scale_SelfConst,item_r,0.4111436154599585,0.4186736790273294,-0.007530063567370904
Qwen/Qwen2.5-7B,qwen7b_base_culture,qwen7b_base_v2,7.0,Qwen,base,per_scale_SelfConst,item_slope,0.4950099479615492,0.4977613355854201,-0.0027513876238708934
Qwen/Qwen2.5-7B,qwen7b_base_culture,qwen7b_base_v2,7.0,Qwen,base,per_scale_SelfConst,item_rmse,0.1469649603176002,0.1458664276048706,0.0010985327127296107
Qwen/Qwen2.5-7B,qwen7b_base_culture,qwen7b_base_v2,7.0,Qwen,base,per_scale_LifeSat,subscale_r,0.7481440601915254,0.7558346377481413,-0.007690577556615952
Qwen/Qwen2.5-7B,qwen7b_base_culture,qwen7b_base_v2,7.0,Qwen,base,per_scale_LifeSat,subscale_slope,1.6343663424355654,1.625723874939494,0.008642467496071449
Qwen/Qwen2.5-7B,qwen7b_base_culture,qwen7b_base_v2,7.0,Qwen,base,per_scale_LifeSat,subscale_rmse,0.5864848411474334,0.5582577538652387,0.028227087282194696
Qwen/Qwen2.5-7B,qwen7b_base_culture,qwen7b_base_v2,7.0,Qwen,base,per_scale_LifeSat,item_r,0.7616646616681152,0.7736811657461546,-0.012016504078039447
Qwen/Qwen2.5-7B,qwen7b_base_culture,qwen7b_base_v2,7.0,Qwen,base,per_scale_LifeSat,item_slope,1.7392370601878524,1.6986636530481067,0.040573407139745665
Qwen/Qwen2.5-7B,qwen7b_base_culture,qwen7b_base_v2,7.0,Qwen,base,per_scale_LifeSat,item_rmse,0.3930988489032895,0.3771997801341632,0.01589906876912628
Qwen/Qwen2.5-7B,qwen7b_base_culture,qwen7b_base_v2,7.0,Qwen,base,per_scale_Lonely,subscale_r,0.8371901067567279,0.8476479343944577,-0.010457827637729844
Qwen/Qwen2.5-7B,qwen7b_base_culture,qwen7b_base_v2,7.0,Qwen,base,per_scale_Lonely,subscale_slope,1.8292590708659076,1.8753161400798148,-0.04605706921390729
Qwen/Qwen2.5-7B,qwen7b_base_culture,qwen7b_base_v2,7.0,Qwen,base,per_scale_Lonely,subscale_rmse,0.3852345407454391,0.3846129586610208,0.0006215820844183151
Qwen/Qwen2.5-7B,qwen7b_base_culture,qwen7b_base_v2,7.0,Qwen,base,per_scale_Lonely,item_r,0.746887505249227,0.7654862559764724,-0.018598750727245372
Qwen/Qwen2.5-7B,qwen7b_base_culture,qwen7b_base_v2,7.0,Qwen,base,per_scale_Lonely,item_slope,1.5374067398541515,1.5146513131421864,0.022755426711965177
Qwen/Qwen2.5-7B,qwen7b_base_culture,qwen7b_base_v2,7.0,Qwen,base,per_scale_Lonely,item_rmse,0.2224869188124172,0.2109181689128428,0.011568749899574404
Qwen/Qwen2.5-7B-Instruct,qwen7b_instruct_culture,qwen7b_instruct_v3,7.0,Qwen,instruct,overall,item_between_r,0.648608900526467,0.6490347713310848,-0.00042587080461775617
Qwen/Qwen2.5-7B-Instruct,qwen7b_instruct_culture,qwen7b_instruct_v3,7.0,Qwen,instruct,overall,item_between_rmse,0.2208701211809602,0.2248220172546947,-0.003951896073734501
Qwen/Qwen2.5-7B-Instruct,qwen7b_instruct_culture,qwen7b_instruct_v3,7.0,Qwen,instruct,overall,item_between_slope,1.1841074433669825,1.2124086587153229,-0.028301215348340403
Qwen/Qwen2.5-7B-Instruct,qwen7b_instruct_culture,qwen7b_instruct_v3,7.0,Qwen,instruct,overall,item_matrix_r,0.7051195751048529,0.7017343422557176,0.003385232849135278
Qwen/Qwen2.5-7B-Instruct,qwen7b_instruct_culture,qwen7b_instruct_v3,7.0,Qwen,instruct,overall,item_rmse,0.2004213611828286,0.2044755974761865,-0.004054236293357882
Qwen/Qwen2.5-7B-Instruct,qwen7b_instruct_culture,qwen7b_instruct_v3,7.0,Qwen,instruct,overall,item_within_r,0.9983713746210332,0.9983682134544494,3.1611665838315872e-06
Qwen/Qwen2.5-7B-Instruct,qwen7b_instruct_culture,qwen7b_instruct_v3,7.0,Qwen,instruct,overall,item_within_rmse,0.0143702961414227,0.0143697041957733,5.919456493985037e-07
Qwen/Qwen2.5-7B-Instruct,qwen7b_instruct_culture,qwen7b_instruct_v3,7.0,Qwen,instruct,overall,item_within_slope,1.000401537570223,0.9987733196161892,0.0016282179540338948
Qwen/Qwen2.5-7B-Instruct,qwen7b_instruct_culture,qwen7b_instruct_v3,7.0,Qwen,instruct,overall,scale_matrix_r,0.8586901115598395,0.8647430930882094,-0.006052981528369861
Qwen/Qwen2.5-7B-Instruct,qwen7b_instruct_culture,qwen7b_instruct_v3,7.0,Qwen,instruct,overall,scale_rmse,0.2802986366084844,0.2734444781853576,0.0068541584231268105
Qwen/Qwen2.5-7B-Instruct,qwen7b_instruct_culture,qwen7b_instruct_v3,7.0,Qwen,instruct,overall,subscale_between_r,0.7744397187793225,0.7762192826732115,-0.0017795638938890024
Qwen/Qwen2.5-7B-Instruct,qwen7b_instruct_culture,qwen7b_instruct_v3,7.0,Qwen,instruct,overall,subscale_between_rmse,0.321794000900564,0.3253063387771969,-0.0035123378766329094
Qwen/Qwen2.5-7B-Instruct,qwen7b_instruct_culture,qwen7b_instruct_v3,7.0,Qwen,instruct,overall,subscale_between_slope,1.3059051101414234,1.3342429215972544,-0.02833781145583103
Qwen/Qwen2.5-7B-Instruct,qwen7b_instruct_culture,qwen7b_instruct_v3,7.0,Qwen,instruct,overall,subscale_matrix_r,0.7746828051210586,0.7766751721888374,-0.001992367067778833
Qwen/Qwen2.5-7B-Instruct,qwen7b_instruct_culture,qwen7b_instruct_v3,7.0,Qwen,instruct,overall,subscale_rmse,0.2967342395010117,0.2999736260775469,-0.0032393865765352192
Qwen/Qwen2.5-7B-Instruct,qwen7b_instruct_culture,qwen7b_instruct_v3,7.0,Qwen,instruct,overall,subscale_within_r,0.997869777469018,0.9979581203342008,-8.834286518288881e-05
Qwen/Qwen2.5-7B-Instruct,qwen7b_instruct_culture,qwen7b_instruct_v3,7.0,Qwen,instruct,overall,subscale_within_rmse,0.0147279165737254,0.0149653824499922,-0.00023746587626680138
Qwen/Qwen2.5-7B-Instruct,qwen7b_instruct_culture,qwen7b_instruct_v3,7.0,Qwen,instruct,overall,subscale_within_slope,1.022722354849407,1.0227135811986194,8.773650787663456e-06
Qwen/Qwen2.5-7B-Instruct,qwen7b_instruct_culture,qwen7b_instruct_v3,7.0,Qwen,instruct,per_scale_IRI,subscale_r,0.4816825235119166,0.5199253381301518,-0.038242814618235255
Qwen/Qwen2.5-7B-Instruct,qwen7b_instruct_culture,qwen7b_instruct_v3,7.0,Qwen,instruct,per_scale_IRI,subscale_slope,0.725672751350469,0.802238500675937,-0.076565749325468
Qwen/Qwen2.5-7B-Instruct,qwen7b_instruct_culture,qwen7b_instruct_v3,7.0,Qwen,instruct,per_scale_IRI,subscale_rmse,0.3330765475916947,0.3358624784924287,-0.0027859309007339794
Qwen/Qwen2.5-7B-Instruct,qwen7b_instruct_culture,qwen7b_instruct_v3,7.0,Qwen,instruct,per_scale_IRI,item_r,0.381826712959091,0.3976462863743936,-0.0158195734153026
Qwen/Qwen2.5-7B-Instruct,qwen7b_instruct_culture,qwen7b_instruct_v3,7.0,Qwen,instruct,per_scale_IRI,item_slope,0.6610355700541968,0.6989207685155598,-0.03788519846136307
Qwen/Qwen2.5-7B-Instruct,qwen7b_instruct_culture,qwen7b_instruct_v3,7.0,Qwen,instruct,per_scale_IRI,item_rmse,0.2104596727906325,0.2108338951222499,-0.0003742223316174076
Qwen/Qwen2.5-7B-Instruct,qwen7b_instruct_culture,qwen7b_instruct_v3,7.0,Qwen,instruct,per_scale_PANAS,subscale_r,0.816225529309292,0.7965070493329741,0.019718479976317926
Qwen/Qwen2.5-7B-Instruct,qwen7b_instruct_culture,qwen7b_instruct_v3,7.0,Qwen,instruct,per_scale_PANAS,subscale_slope,1.4366786384703047,1.4398649801396932,-0.0031863416693884705
Qwen/Qwen2.5-7B-Instruct,qwen7b_instruct_culture,qwen7b_instruct_v3,7.0,Qwen,instruct,per_scale_PANAS,subscale_rmse,0.3614074401765269,0.3794071659685223,-0.017999725791995436
Qwen/Qwen2.5-7B-Instruct,qwen7b_instruct_culture,qwen7b_instruct_v3,7.0,Qwen,instruct,per_scale_PANAS,item_r,0.7120889957767695,0.7075778289292589,0.004511166847510628
Qwen/Qwen2.5-7B-Instruct,qwen7b_instruct_culture,qwen7b_instruct_v3,7.0,Qwen,instruct,per_scale_PANAS,item_slope,1.2640853123911653,1.2786743462951269,-0.014589033903961601
Qwen/Qwen2.5-7B-Instruct,qwen7b_instruct_culture,qwen7b_instruct_v3,7.0,Qwen,instruct,per_scale_PANAS,item_rmse,0.2209753448432127,0.2277599704908466,-0.0067846256476338795
Qwen/Qwen2.5-7B-Instruct,qwen7b_instruct_culture,qwen7b_instruct_v3,7.0,Qwen,instruct,per_scale_POM,subscale_r,0.8699133610277482,0.845300941412347,0.02461241961540117
Qwen/Qwen2.5-7B-Instruct,qwen7b_instruct_culture,qwen7b_instruct_v3,7.0,Qwen,instruct,per_scale_POM,subscale_slope,1.7378541014861328,1.69849592610581,0.039358175380322935
Qwen/Qwen2.5-7B-Instruct,qwen7b_instruct_culture,qwen7b_instruct_v3,7.0,Qwen,instruct,per_scale_POM,subscale_rmse,0.539451891472211,0.536112826603397,0.003339064868813968
Qwen/Qwen2.5-7B-Instruct,qwen7b_instruct_culture,qwen7b_instruct_v3,7.0,Qwen,instruct,per_scale_POM,item_r,0.7161175960884384,0.7081487319492206,0.007968864139217824
Qwen/Qwen2.5-7B-Instruct,qwen7b_instruct_culture,qwen7b_instruct_v3,7.0,Qwen,instruct,per_scale_POM,item_slope,1.5611028133802916,1.567773527527875,-0.0066707141475834675
Qwen/Qwen2.5-7B-Instruct,qwen7b_instruct_culture,qwen7b_instruct_v3,7.0,Qwen,instruct,per_scale_POM,item_rmse,0.3788328752448252,0.3842539378677391,-0.005421062622913919
Qwen/Qwen2.5-7B-Instruct,qwen7b_instruct_culture,qwen7b_instruct_v3,7.0,Qwen,instruct,per_scale_BigFive,subscale_r,0.8123474640642505,0.7913605046032273,0.020986959461023247
Qwen/Qwen2.5-7B-Instruct,qwen7b_instruct_culture,qwen7b_instruct_v3,7.0,Qwen,instruct,per_scale_BigFive,subscale_slope,1.1588798726275362,1.1481703917125177,0.010709480915018554
Qwen/Qwen2.5-7B-Instruct,qwen7b_instruct_culture,qwen7b_instruct_v3,7.0,Qwen,instruct,per_scale_BigFive,subscale_rmse,0.2107298006365948,0.2226548381409537,-0.011925037504358887
Qwen/Qwen2.5-7B-Instruct,qwen7b_instruct_culture,qwen7b_instruct_v3,7.0,Qwen,instruct,per_scale_BigFive,item_r,0.6939383192265695,0.6715358428288782,0.022402476397691218
Qwen/Qwen2.5-7B-Instruct,qwen7b_instruct_culture,qwen7b_instruct_v3,7.0,Qwen,instruct,per_scale_BigFive,item_slope,1.0165029157147636,1.0136957409124576,0.0028071748023059673
Qwen/Qwen2.5-7B-Instruct,qwen7b_instruct_culture,qwen7b_instruct_v3,7.0,Qwen,instruct,per_scale_BigFive,item_rmse,0.1750562365927068,0.1848824468299787,-0.009826210237271898
Qwen/Qwen2.5-7B-Instruct,qwen7b_instruct_culture,qwen7b_instruct_v3,7.0,Qwen,instruct,per_scale_SelfConst,subscale_r,0.7797825600401154,0.7298778764051048,0.04990468363501055
Qwen/Qwen2.5-7B-Instruct,qwen7b_instruct_culture,qwen7b_instruct_v3,7.0,Qwen,instruct,per_scale_SelfConst,subscale_slope,0.902119294441612,0.8879143785012398,0.01420491594037221
Qwen/Qwen2.5-7B-Instruct,qwen7b_instruct_culture,qwen7b_instruct_v3,7.0,Qwen,instruct,per_scale_SelfConst,subscale_rmse,0.1641568775322322,0.1862460512864833,-0.022089173754251096
Qwen/Qwen2.5-7B-Instruct,qwen7b_instruct_culture,qwen7b_instruct_v3,7.0,Qwen,instruct,per_scale_SelfConst,item_r,0.4491245884736599,0.454981518865058,-0.0058569303913981186
Qwen/Qwen2.5-7B-Instruct,qwen7b_instruct_culture,qwen7b_instruct_v3,7.0,Qwen,instruct,per_scale_SelfConst,item_slope,0.5174249169908627,0.5599793048672078,-0.042554387876345134
Qwen/Qwen2.5-7B-Instruct,qwen7b_instruct_culture,qwen7b_instruct_v3,7.0,Qwen,instruct,per_scale_SelfConst,item_rmse,0.1407116569988036,0.1453024097916412,-0.004590752792837577
Qwen/Qwen2.5-7B-Instruct,qwen7b_instruct_culture,qwen7b_instruct_v3,7.0,Qwen,instruct,per_scale_LifeSat,subscale_r,0.7913953876391034,0.816391699998153,-0.024996312359049533
Qwen/Qwen2.5-7B-Instruct,qwen7b_instruct_culture,qwen7b_instruct_v3,7.0,Qwen,instruct,per_scale_LifeSat,subscale_slope,1.7709871303221538,1.883753663036635,-0.11276653271448112
Qwen/Qwen2.5-7B-Instruct,qwen7b_instruct_culture,qwen7b_instruct_v3,7.0,Qwen,instruct,per_scale_LifeSat,subscale_rmse,0.5374107509632011,0.5557215635441642,-0.01831081258096312
Qwen/Qwen2.5-7B-Instruct,qwen7b_instruct_culture,qwen7b_instruct_v3,7.0,Qwen,instruct,per_scale_LifeSat,item_r,0.8058413273232383,0.8015050602953243,0.004336267027914009
Qwen/Qwen2.5-7B-Instruct,qwen7b_instruct_culture,qwen7b_instruct_v3,7.0,Qwen,instruct,per_scale_LifeSat,item_slope,1.6919066022406908,1.688533057686474,0.0033735445542166786
Qwen/Qwen2.5-7B-Instruct,qwen7b_instruct_culture,qwen7b_instruct_v3,7.0,Qwen,instruct,per_scale_LifeSat,item_rmse,0.3426058957648525,0.3553066426487953,-0.012700746883942793
Qwen/Qwen2.5-7B-Instruct,qwen7b_instruct_culture,qwen7b_instruct_v3,7.0,Qwen,instruct,per_scale_Lonely,subscale_r,0.8155996490064931,0.8425895062541751,-0.026989857247681992
Qwen/Qwen2.5-7B-Instruct,qwen7b_instruct_culture,qwen7b_instruct_v3,7.0,Qwen,instruct,per_scale_Lonely,subscale_slope,2.0153985684340983,2.013780841060633,0.0016177273734654385
Qwen/Qwen2.5-7B-Instruct,qwen7b_instruct_culture,qwen7b_instruct_v3,7.0,Qwen,instruct,per_scale_Lonely,subscale_rmse,0.4364014901235216,0.4214346085150449,0.014966881608476701
Qwen/Qwen2.5-7B-Instruct,qwen7b_instruct_culture,qwen7b_instruct_v3,7.0,Qwen,instruct,per_scale_Lonely,item_r,0.735967171707706,0.7405114093750058,-0.004544237667299833
Qwen/Qwen2.5-7B-Instruct,qwen7b_instruct_culture,qwen7b_instruct_v3,7.0,Qwen,instruct,per_scale_Lonely,item_slope,1.6091055287547062,1.6077326615178504,0.0013728672368558126
Qwen/Qwen2.5-7B-Instruct,qwen7b_instruct_culture,qwen7b_instruct_v3,7.0,Qwen,instruct,per_scale_Lonely,item_rmse,0.2351079913294526,0.2332036563273085,0.0019043350021440975
meta-llama/Llama-3.1-8B,llama8b_base_culture,llama8b_base_v2,8.0,Llama,base,overall,item_between_r,0.5589143913670486,0.5424383679776843,0.01647602338936427
meta-llama/Llama-3.1-8B,llama8b_base_culture,llama8b_base_v2,8.0,Llama,base,overall,item_between_rmse,0.2255504464751745,0.2255661642004922,-1.571772531769322e-05
meta-llama/Llama-3.1-8B,llama8b_base_culture,llama8b_base_v2,8.0,Llama,base,overall,item_between_slope,0.8888391991729027,0.8566762235156633,0.03216297565723936
meta-llama/Llama-3.1-8B,llama8b_base_culture,llama8b_base_v2,8.0,Llama,base,overall,item_matrix_r,0.6467572131657737,0.6365550163954237,0.010202196770350058
meta-llama/Llama-3.1-8B,llama8b_base_culture,llama8b_base_v2,8.0,Llama,base,overall,item_rmse,0.2052198911563698,0.2052050489953576,1.4842161012190713e-05
meta-llama/Llama-3.1-8B,llama8b_base_culture,llama8b_base_v2,8.0,Llama,base,overall,item_within_r,0.9995722554727576,0.999684023559524,-0.00011176808676638395
meta-llama/Llama-3.1-8B,llama8b_base_culture,llama8b_base_v2,8.0,Llama,base,overall,item_within_rmse,0.0073548036827145,0.006324890648251,0.0010299130344635001
meta-llama/Llama-3.1-8B,llama8b_base_culture,llama8b_base_v2,8.0,Llama,base,overall,item_within_slope,0.9996087234926504,0.9984229823752026,0.0011857411174478472
meta-llama/Llama-3.1-8B,llama8b_base_culture,llama8b_base_v2,8.0,Llama,base,overall,scale_matrix_r,0.8899640139547046,0.8806376222366039,0.00932639171810068
meta-llama/Llama-3.1-8B,llama8b_base_culture,llama8b_base_v2,8.0,Llama,base,overall,scale_rmse,0.2587670943880429,0.267766482218741,-0.008999387830698091
meta-llama/Llama-3.1-8B,llama8b_base_culture,llama8b_base_v2,8.0,Llama,base,overall,subscale_between_r,0.7209544965045664,0.7111630715140688,0.009791424990497677
meta-llama/Llama-3.1-8B,llama8b_base_culture,llama8b_base_v2,8.0,Llama,base,overall,subscale_between_rmse,0.2888997480676523,0.3024402178163872,-0.013540469748734907
meta-llama/Llama-3.1-8B,llama8b_base_culture,llama8b_base_v2,8.0,Llama,base,overall,subscale_between_slope,0.9490868580098548,0.9472657224623516,0.0018211355475031832
meta-llama/Llama-3.1-8B,llama8b_base_culture,llama8b_base_v2,8.0,Llama,base,overall,subscale_matrix_r,0.7259894066512584,0.7144084019378882,0.011581004713370202
meta-llama/Llama-3.1-8B,llama8b_base_culture,llama8b_base_v2,8.0,Llama,base,overall,subscale_rmse,0.2663530036860239,0.2788363200080257,-0.012483316322001836
meta-llama/Llama-3.1-8B,llama8b_base_culture,llama8b_base_v2,8.0,Llama,base,overall,subscale_within_r,0.9999787996532004,0.9999910268394814,-1.2227186281021929e-05
meta-llama/Llama-3.1-8B,llama8b_base_culture,llama8b_base_v2,8.0,Llama,base,overall,subscale_within_rmse,0.0014555733052914,0.0008974249010556,0.0005581484042358
meta-llama/Llama-3.1-8B,llama8b_base_culture,llama8b_base_v2,8.0,Llama,base,overall,subscale_within_slope,1.0019508950278024,1.000825508542196,0.00112538648560645
meta-llama/Llama-3.1-8B,llama8b_base_culture,llama8b_base_v2,8.0,Llama,base,per_scale_IRI,subscale_r,0.3550775587411021,0.3184989753692044,0.03657858337189768
meta-llama/Llama-3.1-8B,llama8b_base_culture,llama8b_base_v2,8.0,Llama,base,per_scale_IRI,subscale_slope,0.3123179164375839,0.3055331717966254,0.006784744640958462
meta-llama/Llama-3.1-8B,llama8b_base_culture,llama8b_base_v2,8.0,Llama,base,per_scale_IRI,subscale_rmse,0.2934446270546106,0.3140670503145358,-0.020622423259925193
meta-llama/Llama-3.1-8B,llama8b_base_culture,llama8b_base_v2,8.0,Llama,base,per_scale_IRI,item_r,0.3693477412407236,0.3456549147207993,0.023692826519924326
meta-llama/Llama-3.1-8B,llama8b_base_culture,llama8b_base_v2,8.0,Llama,base,per_scale_IRI,item_slope,0.5155017049592938,0.4848433972240858,0.030658307735208
meta-llama/Llama-3.1-8B,llama8b_base_culture,llama8b_base_v2,8.0,Llama,base,per_scale_IRI,item_rmse,0.1885698517880996,0.1913040314948139,-0.0027341797067143014
meta-llama/Llama-3.1-8B,llama8b_base_culture,llama8b_base_v2,8.0,Llama,base,per_scale_PANAS,subscale_r,0.8648055579070006,0.8585756258690341,0.006229932037966512
meta-llama/Llama-3.1-8B,llama8b_base_culture,llama8b_base_v2,8.0,Llama,base,per_scale_PANAS,subscale_slope,1.0947278798673654,1.1079559737806286,-0.013228093913263184
meta-llama/Llama-3.1-8B,llama8b_base_culture,llama8b_base_v2,8.0,Llama,base,per_scale_PANAS,subscale_rmse,0.2763506599418701,0.2895228486372349,-0.013172188695364795
meta-llama/Llama-3.1-8B,llama8b_base_culture,llama8b_base_v2,8.0,Llama,base,per_scale_PANAS,item_r,0.6605096177367112,0.6626065784345738,-0.002096960697862582
meta-llama/Llama-3.1-8B,llama8b_base_culture,llama8b_base_v2,8.0,Llama,base,per_scale_PANAS,item_slope,0.8113175423536644,0.8451154916087755,-0.03379794925511115
meta-llama/Llama-3.1-8B,llama8b_base_culture,llama8b_base_v2,8.0,Llama,base,per_scale_PANAS,item_rmse,0.2131741842478603,0.2098141793102899,0.00336000493757041
meta-llama/Llama-3.1-8B,llama8b_base_culture,llama8b_base_v2,8.0,Llama,base,per_scale_POM,subscale_r,0.8493986801112137,0.8785062627875095,-0.029107582676295873
meta-llama/Llama-3.1-8B,llama8b_base_culture,llama8b_base_v2,8.0,Llama,base,per_scale_POM,subscale_slope,1.6144747455867965,1.6358258740238611,-0.02135112843706466
meta-llama/Llama-3.1-8B,llama8b_base_culture,llama8b_base_v2,8.0,Llama,base,per_scale_POM,subscale_rmse,0.4670974629565735,0.4666449369469753,0.00045252600959821976
meta-llama/Llama-3.1-8B,llama8b_base_culture,llama8b_base_v2,8.0,Llama,base,per_scale_POM,item_r,0.6940827610107071,0.6555964186576484,0.0384863423530587
meta-llama/Llama-3.1-8B,llama8b_base_culture,llama8b_base_v2,8.0,Llama,base,per_scale_POM,item_slope,1.568045645562429,1.457773335988188,0.11027230957424106
meta-llama/Llama-3.1-8B,llama8b_base_culture,llama8b_base_v2,8.0,Llama,base,per_scale_POM,item_rmse,0.4114363555938106,0.4211087896140152,-0.009672434020204623
meta-llama/Llama-3.1-8B,llama8b_base_culture,llama8b_base_v2,8.0,Llama,base,per_scale_BigFive,subscale_r,0.680260304076543,0.6799208102893809,0.0003394937871621373
meta-llama/Llama-3.1-8B,llama8b_base_culture,llama8b_base_v2,8.0,Llama,base,per_scale_BigFive,subscale_slope,0.8989059040566095,0.8820397999301077,0.016866104126501802
meta-llama/Llama-3.1-8B,llama8b_base_culture,llama8b_base_v2,8.0,Llama,base,per_scale_BigFive,subscale_rmse,0.2478345507078115,0.2448554776678889,0.0029790730399225918
meta-llama/Llama-3.1-8B,llama8b_base_culture,llama8b_base_v2,8.0,Llama,base,per_scale_BigFive,item_r,0.5723731929867246,0.5776182774922902,-0.0052450845055656
meta-llama/Llama-3.1-8B,llama8b_base_culture,llama8b_base_v2,8.0,Llama,base,per_scale_BigFive,item_slope,0.8508337198542477,0.8466509855741131,0.0041827342801346035
meta-llama/Llama-3.1-8B,llama8b_base_culture,llama8b_base_v2,8.0,Llama,base,per_scale_BigFive,item_rmse,0.2039184662902233,0.1999858814403319,0.003932584849891424
meta-llama/Llama-3.1-8B,llama8b_base_culture,llama8b_base_v2,8.0,Llama,base,per_scale_SelfConst,subscale_r,0.2672796238163969,0.3844433635586273,-0.11716373974223038
meta-llama/Llama-3.1-8B,llama8b_base_culture,llama8b_base_v2,8.0,Llama,base,per_scale_SelfConst,subscale_slope,0.3437908855710064,0.4580577985597132,-0.11426691298870678
meta-llama/Llama-3.1-8B,llama8b_base_culture,llama8b_base_v2,8.0,Llama,base,per_scale_SelfConst,subscale_rmse,0.3081682802050686,0.2702028183461836,0.037965461858885
meta-llama/Llama-3.1-8B,llama8b_base_culture,llama8b_base_v2,8.0,Llama,base,per_scale_SelfConst,item_r,0.2174500723725994,0.2684346221560021,-0.05098454978340272
meta-llama/Llama-3.1-8B,llama8b_base_culture,llama8b_base_v2,8.0,Llama,base,per_scale_SelfConst,item_slope,0.2608593978187142,0.320096437768835,-0.05923703995012081
meta-llama/Llama-3.1-8B,llama8b_base_culture,llama8b_base_v2,8.0,Llama,base,per_scale_SelfConst,item_rmse,0.1867335177633721,0.1782439751387393,0.008489542624632807
meta-llama/Llama-3.1-8B,llama8b_base_culture,llama8b_base_v2,8.0,Llama,base,per_scale_LifeSat,subscale_r,0.643422512370824,0.5876562263841174,0.05576628598670663
meta-llama/Llama-3.1-8B,llama8b_base_culture,llama8b_base_v2,8.0,Llama,base,per_scale_LifeSat,subscale_slope,1.2333711986135942,1.0406979809493606,0.19267321766423362
meta-llama/Llama-3.1-8B,llama8b_base_culture,llama8b_base_v2,8.0,Llama,base,per_scale_LifeSat,subscale_rmse,0.5619921506575498,0.6012585892922057,-0.03926643863465584
meta-llama/Llama-3.1-8B,llama8b_base_culture,llama8b_base_v2,8.0,Llama,base,per_scale_LifeSat,item_r,0.5031445225852398,0.45412712635498,0.0490173962302598
meta-llama/Llama-3.1-8B,llama8b_base_culture,llama8b_base_v2,8.0,Llama,base,per_scale_LifeSat,item_slope,0.8341636297396898,0.692055878689694,0.14210775104999585
meta-llama/Llama-3.1-8B,llama8b_base_culture,llama8b_base_v2,8.0,Llama,base,per_scale_LifeSat,item_rmse,0.5011047604417932,0.5005724983887212,0.0005322620530719968
meta-llama/Llama-3.1-8B,llama8b_base_culture,llama8b_base_v2,8.0,Llama,base,per_scale_Lonely,subscale_r,0.871151240051555,0.8384204975442044,0.03273074250735053
meta-llama/Llama-3.1-8B,llama8b_base_culture,llama8b_base_v2,8.0,Llama,base,per_scale_Lonely,subscale_slope,1.5562514986556069,1.5574315874335596,-0.0011800887779527258
meta-llama/Llama-3.1-8B,llama8b_base_culture,llama8b_base_v2,8.0,Llama,base,per_scale_Lonely,subscale_rmse,0.2850095448619257,0.346018327030746,-0.061008782168820275
meta-llama/Llama-3.1-8B,llama8b_base_culture,llama8b_base_v2,8.0,Llama,base,per_scale_Lonely,item_r,0.6941322284911856,0.674357852025208,0.019774376465977572
meta-llama/Llama-3.1-8B,llama8b_base_culture,llama8b_base_v2,8.0,Llama,base,per_scale_Lonely,item_slope,1.2457815602375557,1.285464852579553,-0.03968329234199719
meta-llama/Llama-3.1-8B,llama8b_base_culture,llama8b_base_v2,8.0,Llama,base,per_scale_Lonely,item_rmse,0.1902848923550557,0.2072163357247684,-0.016931443369712723
meta-llama/Llama-3.1-8B-Instruct,llama8b_instruct_culture,llama8b_instruct_v3,8.0,Llama,instruct,overall,item_between_r,0.6264070804748592,0.6257449392787339,0.0006621411961252877
meta-llama/Llama-3.1-8B-Instruct,llama8b_instruct_culture,llama8b_instruct_v3,8.0,Llama,instruct,overall,item_between_rmse,0.2340559605195742,0.2202118835240196,0.013844076995554594
meta-llama/Llama-3.1-8B-Instruct,llama8b_instruct_culture,llama8b_instruct_v3,8.0,Llama,instruct,overall,item_between_slope,1.22179255249764,1.1519147659568454,0.06987778654079468
meta-llama/Llama-3.1-8B-Instruct,llama8b_instruct_culture,llama8b_instruct_v3,8.0,Llama,instruct,overall,item_matrix_r,0.6838612671934364,0.6921224479741702,-0.00826118078073379
meta-llama/Llama-3.1-8B-Instruct,llama8b_instruct_culture,llama8b_instruct_v3,8.0,Llama,instruct,overall,item_rmse,0.2129508374442043,0.2001190842654238,0.012831753178780492
meta-llama/Llama-3.1-8B-Instruct,llama8b_instruct_culture,llama8b_instruct_v3,8.0,Llama,instruct,overall,item_within_r,0.999694655210632,0.9997343492249342,-3.969401430214958e-05
meta-llama/Llama-3.1-8B-Instruct,llama8b_instruct_culture,llama8b_instruct_v3,8.0,Llama,instruct,overall,item_within_rmse,0.0062226019207312,0.0058002247309302,0.00042237718980100026
meta-llama/Llama-3.1-8B-Instruct,llama8b_instruct_culture,llama8b_instruct_v3,8.0,Llama,instruct,overall,item_within_slope,0.9979308494344162,0.9985369154535174,-0.0006060660191011813
meta-llama/Llama-3.1-8B-Instruct,llama8b_instruct_culture,llama8b_instruct_v3,8.0,Llama,instruct,overall,scale_matrix_r,0.8949434518586906,0.908335700678381,-0.013392248819690367
meta-llama/Llama-3.1-8B-Instruct,llama8b_instruct_culture,llama8b_instruct_v3,8.0,Llama,instruct,overall,scale_rmse,0.2709318810898609,0.2453451920672993,0.025586689022561587
meta-llama/Llama-3.1-8B-Instruct,llama8b_instruct_culture,llama8b_instruct_v3,8.0,Llama,instruct,overall,subscale_between_r,0.7654060826331445,0.7705211001908556,-0.0051150175577111545
meta-llama/Llama-3.1-8B-Instruct,llama8b_instruct_culture,llama8b_instruct_v3,8.0,Llama,instruct,overall,subscale_between_rmse,0.3113508380727554,0.2857192264427545,0.025631611630000883
meta-llama/Llama-3.1-8B-Instruct,llama8b_instruct_culture,llama8b_instruct_v3,8.0,Llama,instruct,overall,subscale_between_slope,1.3202166537534352,1.259968864779424,0.060247788974011174
meta-llama/Llama-3.1-8B-Instruct,llama8b_instruct_culture,llama8b_instruct_v3,8.0,Llama,instruct,overall,subscale_matrix_r,0.770431071938117,0.7783625538249939,-0.007931481886876868
meta-llama/Llama-3.1-8B-Instruct,llama8b_instruct_culture,llama8b_instruct_v3,8.0,Llama,instruct,overall,subscale_rmse,0.2870515322450242,0.2634215146082366,0.023630017636787626
meta-llama/Llama-3.1-8B-Instruct,llama8b_instruct_culture,llama8b_instruct_v3,8.0,Llama,instruct,overall,subscale_within_r,0.9999901374136272,0.9999501765165424,3.9960897084800884e-05
meta-llama/Llama-3.1-8B-Instruct,llama8b_instruct_culture,llama8b_instruct_v3,8.0,Llama,instruct,overall,subscale_within_rmse,0.0009641953470482,0.0022202902337093,-0.0012560948866611
meta-llama/Llama-3.1-8B-Instruct,llama8b_instruct_culture,llama8b_instruct_v3,8.0,Llama,instruct,overall,subscale_within_slope,1.0003704642301168,1.0019180288830976,-0.0015475646529807818
meta-llama/Llama-3.1-8B-Instruct,llama8b_instruct_culture,llama8b_instruct_v3,8.0,Llama,instruct,per_scale_IRI,subscale_r,0.6352835090115682,0.6289010689116776,0.0063824400998905295
meta-llama/Llama-3.1-8B-Instruct,llama8b_instruct_culture,llama8b_instruct_v3,8.0,Llama,instruct,per_scale_IRI,subscale_slope,0.9210123042424508,0.8630638299808996,0.05794847426155125
meta-llama/Llama-3.1-8B-Instruct,llama8b_instruct_culture,llama8b_instruct_v3,8.0,Llama,instruct,per_scale_IRI,subscale_rmse,0.2606477631307498,0.2386154236110969,0.022032339519652888
meta-llama/Llama-3.1-8B-Instruct,llama8b_instruct_culture,llama8b_instruct_v3,8.0,Llama,instruct,per_scale_IRI,item_r,0.457001219482135,0.4572392220726979,-0.0002380025905628913
meta-llama/Llama-3.1-8B-Instruct,llama8b_instruct_culture,llama8b_instruct_v3,8.0,Llama,instruct,per_scale_IRI,item_slope,0.7417077498666256,0.6989944715435473,0.04271327832307825
meta-llama/Llama-3.1-8B-Instruct,llama8b_instruct_culture,llama8b_instruct_v3,8.0,Llama,instruct,per_scale_IRI,item_rmse,0.1864141271679425,0.1769394257596697,0.009474701408272806
meta-llama/Llama-3.1-8B-Instruct,llama8b_instruct_culture,llama8b_instruct_v3,8.0,Llama,instruct,per_scale_PANAS,subscale_r,0.7842901411805715,0.7728524117761129,0.01143772940445864
meta-llama/Llama-3.1-8B-Instruct,llama8b_instruct_culture,llama8b_instruct_v3,8.0,Llama,instruct,per_scale_PANAS,subscale_slope,1.4180531022057803,1.3465883591914782,0.07146474301430206
meta-llama/Llama-3.1-8B-Instruct,llama8b_instruct_culture,llama8b_instruct_v3,8.0,Llama,instruct,per_scale_PANAS,subscale_rmse,0.371694321417282,0.3633740401364305,0.008320281280851494
meta-llama/Llama-3.1-8B-Instruct,llama8b_instruct_culture,llama8b_instruct_v3,8.0,Llama,instruct,per_scale_PANAS,item_r,0.6256543766372549,0.6240210509215035,0.0016333257157513659
meta-llama/Llama-3.1-8B-Instruct,llama8b_instruct_culture,llama8b_instruct_v3,8.0,Llama,instruct,per_scale_PANAS,item_slope,1.1773566020259274,1.131865270517804,0.045491331508123345
meta-llama/Llama-3.1-8B-Instruct,llama8b_instruct_culture,llama8b_instruct_v3,8.0,Llama,instruct,per_scale_PANAS,item_rmse,0.2460469391764669,0.2386956700569422,0.007351269119524689
meta-llama/Llama-3.1-8B-Instruct,llama8b_instruct_culture,llama8b_instruct_v3,8.0,Llama,instruct,per_scale_POM,subscale_r,0.7719165595481835,0.7653476319222983,0.006568927625885235
meta-llama/Llama-3.1-8B-Instruct,llama8b_instruct_culture,llama8b_instruct_v3,8.0,Llama,instruct,per_scale_POM,subscale_slope,1.6862809244696342,1.5874031339321517,0.09887779053748247
meta-llama/Llama-3.1-8B-Instruct,llama8b_instruct_culture,llama8b_instruct_v3,8.0,Llama,instruct,per_scale_POM,subscale_rmse,0.5964350602671721,0.5484437307532636,0.0479913295139085
meta-llama/Llama-3.1-8B-Instruct,llama8b_instruct_culture,llama8b_instruct_v3,8.0,Llama,instruct,per_scale_POM,item_r,0.7039497361866875,0.6943464898089757,0.009603246377711816
meta-llama/Llama-3.1-8B-Instruct,llama8b_instruct_culture,llama8b_instruct_v3,8.0,Llama,instruct,per_scale_POM,item_slope,1.7687685596977667,1.6068898680218413,0.1618786916759254
meta-llama/Llama-3.1-8B-Instruct,llama8b_instruct_culture,llama8b_instruct_v3,8.0,Llama,instruct,per_scale_POM,item_rmse,0.4285264108323339,0.3909916127974462,0.037534798034887684
meta-llama/Llama-3.1-8B-Instruct,llama8b_instruct_culture,llama8b_instruct_v3,8.0,Llama,instruct,per_scale_BigFive,subscale_r,0.7737191732158202,0.7932938365178013,-0.0195746633019811
meta-llama/Llama-3.1-8B-Instruct,llama8b_instruct_culture,llama8b_instruct_v3,8.0,Llama,instruct,per_scale_BigFive,subscale_slope,1.1664427945552065,1.188419293846415,-0.021976499291208595
meta-llama/Llama-3.1-8B-Instruct,llama8b_instruct_culture,llama8b_instruct_v3,8.0,Llama,instruct,per_scale_BigFive,subscale_rmse,0.241998351282636,0.2327888923401774,0.009209458942458587
meta-llama/Llama-3.1-8B-Instruct,llama8b_instruct_culture,llama8b_instruct_v3,8.0,Llama,instruct,per_scale_BigFive,item_r,0.6414013004125018,0.6536384725120769,-0.012237172099575089
meta-llama/Llama-3.1-8B-Instruct,llama8b_instruct_culture,llama8b_instruct_v3,8.0,Llama,instruct,per_scale_BigFive,item_slope,1.0316328996669817,1.0416646747942124,-0.010031775127230746
meta-llama/Llama-3.1-8B-Instruct,llama8b_instruct_culture,llama8b_instruct_v3,8.0,Llama,instruct,per_scale_BigFive,item_rmse,0.2006758120900469,0.1962120808752122,0.004463731214834704
meta-llama/Llama-3.1-8B-Instruct,llama8b_instruct_culture,llama8b_instruct_v3,8.0,Llama,instruct,per_scale_SelfConst,subscale_r,0.7977114138269975,0.7690227637066345,0.028688650120363035
meta-llama/Llama-3.1-8B-Instruct,llama8b_instruct_culture,llama8b_instruct_v3,8.0,Llama,instruct,per_scale_SelfConst,subscale_slope,1.0122291289254055,0.9249112449632002,0.0873178839622053
meta-llama/Llama-3.1-8B-Instruct,llama8b_instruct_culture,llama8b_instruct_v3,8.0,Llama,instruct,per_scale_SelfConst,subscale_rmse,0.1685879249285387,0.1711165930913836,-0.002528668162844916
meta-llama/Llama-3.1-8B-Instruct,llama8b_instruct_culture,llama8b_instruct_v3,8.0,Llama,instruct,per_scale_SelfConst,item_r,0.4051148595400656,0.3883140841757759,0.0168007753642897
meta-llama/Llama-3.1-8B-Instruct,llama8b_instruct_culture,llama8b_instruct_v3,8.0,Llama,instruct,per_scale_SelfConst,item_slope,0.5293354979772512,0.5044168971520073,0.024918600825243886
meta-llama/Llama-3.1-8B-Instruct,llama8b_instruct_culture,llama8b_instruct_v3,8.0,Llama,instruct,per_scale_SelfConst,item_rmse,0.1540917771164217,0.1561695173630114,-0.0020777402465897155
meta-llama/Llama-3.1-8B-Instruct,llama8b_instruct_culture,llama8b_instruct_v3,8.0,Llama,instruct,per_scale_LifeSat,subscale_r,0.7981091357976354,0.7875402098867315,0.01056892591090397
meta-llama/Llama-3.1-8B-Instruct,llama8b_instruct_culture,llama8b_instruct_v3,8.0,Llama,instruct,per_scale_LifeSat,subscale_slope,1.98728173833304,1.9601195919054393,0.02716214642760062
meta-llama/Llama-3.1-8B-Instruct,llama8b_instruct_culture,llama8b_instruct_v3,8.0,Llama,instruct,per_scale_LifeSat,subscale_rmse,0.6076088569598591,0.595992717494409,0.011616139465450148
meta-llama/Llama-3.1-8B-Instruct,llama8b_instruct_culture,llama8b_instruct_v3,8.0,Llama,instruct,per_scale_LifeSat,item_r,0.718954118232526,0.7056413330901334,0.013312785142392536
meta-llama/Llama-3.1-8B-Instruct,llama8b_instruct_culture,llama8b_instruct_v3,8.0,Llama,instruct,per_scale_LifeSat,item_slope,1.9280306647390004,1.776887041651208,0.1511436230877925
meta-llama/Llama-3.1-8B-Instruct,llama8b_instruct_culture,llama8b_instruct_v3,8.0,Llama,instruct,per_scale_LifeSat,item_rmse,0.4580760597574004,0.4119857552870752,0.046090304470325194
meta-llama/Llama-3.1-8B-Instruct,llama8b_instruct_culture,llama8b_instruct_v3,8.0,Llama,instruct,per_scale_Lonely,subscale_r,0.7734122279864241,0.7735581378773121,-0.00014590989088802964
meta-llama/Llama-3.1-8B-Instruct,llama8b_instruct_culture,llama8b_instruct_v3,8.0,Llama,instruct,per_scale_Lonely,subscale_slope,1.869559051619492,1.613909788554436,0.255649263065056
meta-llama/Llama-3.1-8B-Instruct,llama8b_instruct_culture,llama8b_instruct_v3,8.0,Llama,instruct,per_scale_Lonely,subscale_rmse,0.4966031913716476,0.3835522656644516,0.11305092570719599
meta-llama/Llama-3.1-8B-Instruct,llama8b_instruct_culture,llama8b_instruct_v3,8.0,Llama,instruct,per_scale_Lonely,item_r,0.6198619850129037,0.575437191561812,0.04442479345109174
meta-llama/Llama-3.1-8B-Instruct,llama8b_instruct_culture,llama8b_instruct_v3,8.0,Llama,instruct,per_scale_Lonely,item_slope,1.4062540554128624,1.0711724133396203,0.3350816420732421
meta-llama/Llama-3.1-8B-Instruct,llama8b_instruct_culture,llama8b_instruct_v3,8.0,Llama,instruct,per_scale_Lonely,item_rmse,0.265661877539094,0.2248587569275026,0.04080312061159139
Qwen/Qwen2.5-14B,qwen14b_base_culture,qwen14b_base_v2,14.0,Qwen,base,overall,item_between_r,0.64486285250536,0.637900791495241,0.006962061010118981
Qwen/Qwen2.5-14B,qwen14b_base_culture,qwen14b_base_v2,14.0,Qwen,base,overall,item_between_rmse,0.2207110664723007,0.2170053402676481,0.0037057262046526207
Qwen/Qwen2.5-14B,qwen14b_base_culture,qwen14b_base_v2,14.0,Qwen,base,overall,item_between_slope,1.1313379062253477,1.098263667258993,0.03307423896635475
Qwen/Qwen2.5-14B,qwen14b_base_culture,qwen14b_base_v2,14.0,Qwen,base,overall,item_matrix_r,0.7043018082641564,0.7017062868480614,0.0025955214160950923
Qwen/Qwen2.5-14B,qwen14b_base_culture,qwen14b_base_v2,14.0,Qwen,base,overall,item_rmse,0.1998287356750307,0.1967018688947786,0.003126866780252119
Qwen/Qwen2.5-14B,qwen14b_base_culture,qwen14b_base_v2,14.0,Qwen,base,overall,item_within_r,0.9994913754935316,0.9994684351089588,2.2940384572844863e-05
Qwen/Qwen2.5-14B,qwen14b_base_culture,qwen14b_base_v2,14.0,Qwen,base,overall,item_within_rmse,0.0080674347674149,0.0082567795802279,-0.00018934481281299848
Qwen/Qwen2.5-14B,qwen14b_base_culture,qwen14b_base_v2,14.0,Qwen,base,overall,item_within_slope,1.0006111951504733,1.0019062754111716,-0.0012950802606983558
Qwen/Qwen2.5-14B,qwen14b_base_culture,qwen14b_base_v2,14.0,Qwen,base,overall,scale_matrix_r,0.8263149938683702,0.8475798330680169,-0.021264839199646723
Qwen/Qwen2.5-14B,qwen14b_base_culture,qwen14b_base_v2,14.0,Qwen,base,overall,scale_rmse,0.3064981299623785,0.2815720974977242,0.024926032464654302
Qwen/Qwen2.5-14B,qwen14b_base_culture,qwen14b_base_v2,14.0,Qwen,base,overall,subscale_between_r,0.7309733211996725,0.7334197432834492,-0.002446422083776656
Qwen/Qwen2.5-14B,qwen14b_base_culture,qwen14b_base_v2,14.0,Qwen,base,overall,subscale_between_rmse,0.3589020720099622,0.3400224067213672,0.018879665288595027
Qwen/Qwen2.5-14B,qwen14b_base_culture,qwen14b_base_v2,14.0,Qwen,base,overall,subscale_between_slope,1.1865757435400346,1.1616252653360193,0.024950478204015303
Qwen/Qwen2.5-14B,qwen14b_base_culture,qwen14b_base_v2,14.0,Qwen,base,overall,subscale_matrix_r,0.7261170695735225,0.7316858993605728,-0.005568829787050311
Qwen/Qwen2.5-14B,qwen14b_base_culture,qwen14b_base_v2,14.0,Qwen,base,overall,subscale_rmse,0.3308955726144962,0.3134936736224894,0.01740189899200678
Qwen/Qwen2.5-14B,qwen14b_base_culture,qwen14b_base_v2,14.0,Qwen,base,overall,subscale_within_r,0.9997877886618936,0.9996169835272204,0.0001708051346731576
Qwen/Qwen2.5-14B,qwen14b_base_culture,qwen14b_base_v2,14.0,Qwen,base,overall,subscale_within_rmse,0.0043106664510377,0.0059620408260355,-0.0016513743749978
Qwen/Qwen2.5-14B,qwen14b_base_culture,qwen14b_base_v2,14.0,Qwen,base,overall,subscale_within_slope,1.0004963687301571,1.0054456843614137,-0.004949315631256557
Qwen/Qwen2.5-14B,qwen14b_base_culture,qwen14b_base_v2,14.0,Qwen,base,per_scale_IRI,subscale_r,0.3684969621629148,0.3268250620607267,0.041671900102188075
Qwen/Qwen2.5-14B,qwen14b_base_culture,qwen14b_base_v2,14.0,Qwen,base,per_scale_IRI,subscale_slope,0.469038895624163,0.3875929842109582,0.08144591141320479
Qwen/Qwen2.5-14B,qwen14b_base_culture,qwen14b_base_v2,14.0,Qwen,base,per_scale_IRI,subscale_rmse,0.3989265922494107,0.3769925321758744,0.021934060073536266
Qwen/Qwen2.5-14B,qwen14b_base_culture,qwen14b_base_v2,14.0,Qwen,base,per_scale_IRI,item_r,0.3361904604226752,0.3221666172126021,0.014023843210073106
Qwen/Qwen2.5-14B,qwen14b_base_culture,qwen14b_base_v2,14.0,Qwen,base,per_scale_IRI,item_slope,0.5467137051593325,0.5061722393404038,0.0405414658189287
Qwen/Qwen2.5-14B,qwen14b_base_culture,qwen14b_base_v2,14.0,Qwen,base,per_scale_IRI,item_rmse,0.2147295657867448,0.2094120247417057,0.0053175410450390925
Qwen/Qwen2.5-14B,qwen14b_base_culture,qwen14b_base_v2,14.0,Qwen,base,per_scale_PANAS,subscale_r,0.8092129282636964,0.8040440199886899,0.00516890827500649
Qwen/Qwen2.5-14B,qwen14b_base_culture,qwen14b_base_v2,14.0,Qwen,base,per_scale_PANAS,subscale_slope,1.4527125364648612,1.4477320203125863,0.004980516152274905
Qwen/Qwen2.5-14B,qwen14b_base_culture,qwen14b_base_v2,14.0,Qwen,base,per_scale_PANAS,subscale_rmse,0.3791859964796684,0.3784156048781572,0.0007703916015112111
Qwen/Qwen2.5-14B,qwen14b_base_culture,qwen14b_base_v2,14.0,Qwen,base,per_scale_PANAS,item_r,0.757425089344781,0.7498236443969599,0.007601444947821112
Qwen/Qwen2.5-14B,qwen14b_base_culture,qwen14b_base_v2,14.0,Qwen,base,per_scale_PANAS,item_slope,1.214443410735368,1.1931108646287636,0.02133254610660451
Qwen/Qwen2.5-14B,qwen14b_base_culture,qwen14b_base_v2,14.0,Qwen,base,per_scale_PANAS,item_rmse,0.2024879895867184,0.2041892622818661,-0.001701272695147693
Qwen/Qwen2.5-14B,qwen14b_base_culture,qwen14b_base_v2,14.0,Qwen,base,per_scale_POM,subscale_r,0.8226406825928819,0.8259704588917891,-0.0033297762989071833
Qwen/Qwen2.5-14B,qwen14b_base_culture,qwen14b_base_v2,14.0,Qwen,base,per_scale_POM,subscale_slope,1.6277794868907476,1.6016845567608802,0.02609493012986741
Qwen/Qwen2.5-14B,qwen14b_base_culture,qwen14b_base_v2,14.0,Qwen,base,per_scale_POM,subscale_rmse,0.5669909768490518,0.5337882936828461,0.03320268316620567
Qwen/Qwen2.5-14B,qwen14b_base_culture,qwen14b_base_v2,14.0,Qwen,base,per_scale_POM,item_r,0.7285737706729707,0.7461768042207584,-0.017603033547787694
Qwen/Qwen2.5-14B,qwen14b_base_culture,qwen14b_base_v2,14.0,Qwen,base,per_scale_POM,item_slope,1.5819741899785214,1.613902578471422,-0.031928388492900694
Qwen/Qwen2.5-14B,qwen14b_base_culture,qwen14b_base_v2,14.0,Qwen,base,per_scale_POM,item_rmse,0.3817576444925709,0.3706670846409179,0.01109055985165297
Qwen/Qwen2.5-14B,qwen14b_base_culture,qwen14b_base_v2,14.0,Qwen,base,per_scale_BigFive,subscale_r,0.8481857868791502,0.8488611671909281,-0.000675380311777829
Qwen/Qwen2.5-14B,qwen14b_base_culture,qwen14b_base_v2,14.0,Qwen,base,per_scale_BigFive,subscale_slope,1.1711999589027642,1.1749287247127256,-0.0037287658099613985
Qwen/Qwen2.5-14B,qwen14b_base_culture,qwen14b_base_v2,14.0,Qwen,base,per_scale_BigFive,subscale_rmse,0.1904868892840515,0.1884289037732329,0.002057985510818594
Qwen/Qwen2.5-14B,qwen14b_base_culture,qwen14b_base_v2,14.0,Qwen,base,per_scale_BigFive,item_r,0.7271694561055564,0.723647932075794,0.0035215240297623573
Qwen/Qwen2.5-14B,qwen14b_base_culture,qwen14b_base_v2,14.0,Qwen,base,per_scale_BigFive,item_slope,1.021374033033372,1.0235587415587095,-0.0021847085253374754
Qwen/Qwen2.5-14B,qwen14b_base_culture,qwen14b_base_v2,14.0,Qwen,base,per_scale_BigFive,item_rmse,0.1648454599745274,0.1671033887325322,-0.00225792875800479
Qwen/Qwen2.5-14B,qwen14b_base_culture,qwen14b_base_v2,14.0,Qwen,base,per_scale_SelfConst,subscale_r,0.8738097443039291,0.9167725010669416,-0.04296275676301253
Qwen/Qwen2.5-14B,qwen14b_base_culture,qwen14b_base_v2,14.0,Qwen,base,per_scale_SelfConst,subscale_slope,1.1318179176721588,1.0637413656717605,0.0680765520003983
Qwen/Qwen2.5-14B,qwen14b_base_culture,qwen14b_base_v2,14.0,Qwen,base,per_scale_SelfConst,subscale_rmse,0.2086162572357887,0.1931603049569245,0.015455952278864205
Qwen/Qwen2.5-14B,qwen14b_base_culture,qwen14b_base_v2,14.0,Qwen,base,per_scale_SelfConst,item_r,0.5181146004448172,0.4895458610406851,0.02856873940413207
Qwen/Qwen2.5-14B,qwen14b_base_culture,qwen14b_base_v2,14.0,Qwen,base,per_scale_SelfConst,item_slope,0.6027053260632285,0.549215942784973,0.053489383278255476
Qwen/Qwen2.5-14B,qwen14b_base_culture,qwen14b_base_v2,14.0,Qwen,base,per_scale_SelfConst,item_rmse,0.1484409845373299,0.1491404193701807,-0.0006994348328507871
Qwen/Qwen2.5-14B,qwen14b_base_culture,qwen14b_base_v2,14.0,Qwen,base,per_scale_LifeSat,subscale_r,0.6624268553368191,0.6738662801633349,-0.011439424826515832
Qwen/Qwen2.5-14B,qwen14b_base_culture,qwen14b_base_v2,14.0,Qwen,base,per_scale_LifeSat,subscale_slope,1.215301114412689,1.1628152674149843,0.052485846997704755
Qwen/Qwen2.5-14B,qwen14b_base_culture,qwen14b_base_v2,14.0,Qwen,base,per_scale_LifeSat,subscale_rmse,0.618826195858913,0.6295929584023551,-0.01076676254344211
Qwen/Qwen2.5-14B,qwen14b_base_culture,qwen14b_base_v2,14.0,Qwen,base,per_scale_LifeSat,item_r,0.6002425871581064,0.580590473360438,0.019652113797668402
Qwen/Qwen2.5-14B,qwen14b_base_culture,qwen14b_base_v2,14.0,Qwen,base,per_scale_LifeSat,item_slope,1.0462737633279071,0.9319960699015432,0.11427769342636396
Qwen/Qwen2.5-14B,qwen14b_base_culture,qwen14b_base_v2,14.0,Qwen,base,per_scale_LifeSat,item_rmse,0.4706738878470184,0.4660329520087422,0.004640935838276239
Qwen/Qwen2.5-14B,qwen14b_base_culture,qwen14b_base_v2,14.0,Qwen,base,per_scale_Lonely,subscale_r,0.9034940305672722,0.9132495724017528,-0.009755541834480574
Qwen/Qwen2.5-14B,qwen14b_base_culture,qwen14b_base_v2,14.0,Qwen,base,per_scale_Lonely,subscale_slope,2.0261397614063292,2.105587808563031,-0.07944804715670184
Qwen/Qwen2.5-14B,qwen14b_base_culture,qwen14b_base_v2,14.0,Qwen,base,per_scale_Lonely,subscale_rmse,0.3928775322642562,0.4023779328384082,-0.009500400574152024
Qwen/Qwen2.5-14B,qwen14b_base_culture,qwen14b_base_v2,14.0,Qwen,base,per_scale_Lonely,item_r,0.7340324877283967,0.7654342370392342,-0.0314017493108375
Qwen/Qwen2.5-14B,qwen14b_base_culture,qwen14b_base_v2,14.0,Qwen,base,per_scale_Lonely,item_slope,1.4136136553321312,1.5288738746254047,-0.11526021929327346
Qwen/Qwen2.5-14B,qwen14b_base_culture,qwen14b_base_v2,14.0,Qwen,base,per_scale_Lonely,item_rmse,0.2045116827117115,0.2072057259066925,-0.0026940431949810106
Qwen/Qwen2.5-14B-Instruct,qwen14b_instruct_culture,qwen14b_instruct_v3,14.0,Qwen,instruct,overall,item_between_r,0.6684200382793538,0.6544276466938466,0.013992391585507247
Qwen/Qwen2.5-14B-Instruct,qwen14b_instruct_culture,qwen14b_instruct_v3,14.0,Qwen,instruct,overall,item_between_rmse,0.2261354347081553,0.2293205668317229,-0.00318513212356758
Qwen/Qwen2.5-14B-Instruct,qwen14b_instruct_culture,qwen14b_instruct_v3,14.0,Qwen,instruct,overall,item_between_slope,1.255677957759176,1.2263202744437798,0.02935768331539612
Qwen/Qwen2.5-14B-Instruct,qwen14b_instruct_culture,qwen14b_instruct_v3,14.0,Qwen,instruct,overall,item_matrix_r,0.7183969764419718,0.7078171782310907,0.010579798210881064
Qwen/Qwen2.5-14B-Instruct,qwen14b_instruct_culture,qwen14b_instruct_v3,14.0,Qwen,instruct,overall,item_rmse,0.2042963319032356,0.2071497787111019,-0.002853446807866311
Qwen/Qwen2.5-14B-Instruct,qwen14b_instruct_culture,qwen14b_instruct_v3,14.0,Qwen,instruct,overall,item_within_r,0.998259637757972,0.9980734519106732,0.00018618584729879206
Qwen/Qwen2.5-14B-Instruct,qwen14b_instruct_culture,qwen14b_instruct_v3,14.0,Qwen,instruct,overall,item_within_rmse,0.0152299601965809,0.0159451155079558,-0.0007151553113749019
Qwen/Qwen2.5-14B-Instruct,qwen14b_instruct_culture,qwen14b_instruct_v3,14.0,Qwen,instruct,overall,item_within_slope,1.0093937790616043,1.0088287676744203,0.0005650113871840112
Qwen/Qwen2.5-14B-Instruct,qwen14b_instruct_culture,qwen14b_instruct_v3,14.0,Qwen,instruct,overall,scale_matrix_r,0.8488792910623463,0.8430227205395835,0.005856570522762783
Qwen/Qwen2.5-14B-Instruct,qwen14b_instruct_culture,qwen14b_instruct_v3,14.0,Qwen,instruct,overall,scale_rmse,0.2791313936438022,0.2581162679867745,0.021015125657027678
Qwen/Qwen2.5-14B-Instruct,qwen14b_instruct_culture,qwen14b_instruct_v3,14.0,Qwen,instruct,overall,subscale_between_r,0.7772536756269516,0.7960533480165144,-0.018799672389562816
Qwen/Qwen2.5-14B-Instruct,qwen14b_instruct_culture,qwen14b_instruct_v3,14.0,Qwen,instruct,overall,subscale_between_rmse,0.3449363945929146,0.3277981512766746,0.017138243316239976
Qwen/Qwen2.5-14B-Instruct,qwen14b_instruct_culture,qwen14b_instruct_v3,14.0,Qwen,instruct,overall,subscale_between_slope,1.3657236005622533,1.3849316659206778,-0.019208065358424564
Qwen/Qwen2.5-14B-Instruct,qwen14b_instruct_culture,qwen14b_instruct_v3,14.0,Qwen,instruct,overall,subscale_matrix_r,0.7743086388820627,0.7935920171318102,-0.019283378249747463
Qwen/Qwen2.5-14B-Instruct,qwen14b_instruct_culture,qwen14b_instruct_v3,14.0,Qwen,instruct,overall,subscale_rmse,0.3170525426568907,0.3012947813908271,0.015757761266063597
Qwen/Qwen2.5-14B-Instruct,qwen14b_instruct_culture,qwen14b_instruct_v3,14.0,Qwen,instruct,overall,subscale_within_r,0.9997894722576138,0.9999690487476476,-0.00017957649003375042
Qwen/Qwen2.5-14B-Instruct,qwen14b_instruct_culture,qwen14b_instruct_v3,14.0,Qwen,instruct,overall,subscale_within_rmse,0.0049391776012051,0.0016949590033493,0.0032442185978557997
Qwen/Qwen2.5-14B-Instruct,qwen14b_instruct_culture,qwen14b_instruct_v3,14.0,Qwen,instruct,overall,subscale_within_slope,0.9935235171718532,1.0003284727501467,-0.006804955578293526
Qwen/Qwen2.5-14B-Instruct,qwen14b_instruct_culture,qwen14b_instruct_v3,14.0,Qwen,instruct,per_scale_IRI,subscale_r,0.499305965737212,0.5501262030476396,-0.05082023731042762
Qwen/Qwen2.5-14B-Instruct,qwen14b_instruct_culture,qwen14b_instruct_v3,14.0,Qwen,instruct,per_scale_IRI,subscale_slope,0.767481138128533,0.8654378971460066,-0.09795675901747358
Qwen/Qwen2.5-14B-Instruct,qwen14b_instruct_culture,qwen14b_instruct_v3,14.0,Qwen,instruct,per_scale_IRI,subscale_rmse,0.3820110599410055,0.3561604740624091,0.0258505858785964
Qwen/Qwen2.5-14B-Instruct,qwen14b_instruct_culture,qwen14b_instruct_v3,14.0,Qwen,instruct,per_scale_IRI,item_r,0.4377699761368092,0.4548618124383583,-0.017091836301549146
Qwen/Qwen2.5-14B-Instruct,qwen14b_instruct_culture,qwen14b_instruct_v3,14.0,Qwen,instruct,per_scale_IRI,item_slope,0.778072536150914,0.8003165225258337,-0.022243986374919755
Qwen/Qwen2.5-14B-Instruct,qwen14b_instruct_culture,qwen14b_instruct_v3,14.0,Qwen,instruct,per_scale_IRI,item_rmse,0.2070211565523049,0.2030151096143188,0.0040060469379861186
Qwen/Qwen2.5-14B-Instruct,qwen14b_instruct_culture,qwen14b_instruct_v3,14.0,Qwen,instruct,per_scale_PANAS,subscale_r,0.8520058298762944,0.8666561398288438,-0.014650309952549456
Qwen/Qwen2.5-14B-Instruct,qwen14b_instruct_culture,qwen14b_instruct_v3,14.0,Qwen,instruct,per_scale_PANAS,subscale_slope,1.5907305221160886,1.5974368814468325,-0.006706359330743927
Qwen/Qwen2.5-14B-Instruct,qwen14b_instruct_culture,qwen14b_instruct_v3,14.0,Qwen,instruct,per_scale_PANAS,subscale_rmse,0.3579426340709031,0.3434717098155658,0.014470924255337303
Qwen/Qwen2.5-14B-Instruct,qwen14b_instruct_culture,qwen14b_instruct_v3,14.0,Qwen,instruct,per_scale_PANAS,item_r,0.7737429348576608,0.7686804653815824,0.005062469476078357
Qwen/Qwen2.5-14B-Instruct,qwen14b_instruct_culture,qwen14b_instruct_v3,14.0,Qwen,instruct,per_scale_PANAS,item_slope,1.459369365502999,1.4400039441361745,0.019365421366824398
Qwen/Qwen2.5-14B-Instruct,qwen14b_instruct_culture,qwen14b_instruct_v3,14.0,Qwen,instruct,per_scale_PANAS,item_rmse,0.2227303610373351,0.220761604655078,0.001968756382257103
Qwen/Qwen2.5-14B-Instruct,qwen14b_instruct_culture,qwen14b_instruct_v3,14.0,Qwen,instruct,per_scale_POM,subscale_r,0.8187692124092051,0.8164133291648769,0.0023558832443282274
Qwen/Qwen2.5-14B-Instruct,qwen14b_instruct_culture,qwen14b_instruct_v3,14.0,Qwen,instruct,per_scale_POM,subscale_slope,1.769449301660731,1.7556541979576747,0.013795103703056366
Qwen/Qwen2.5-14B-Instruct,qwen14b_instruct_culture,qwen14b_instruct_v3,14.0,Qwen,instruct,per_scale_POM,subscale_rmse,0.5881993433618709,0.5866119210628903,0.0015874222989805675
Qwen/Qwen2.5-14B-Instruct,qwen14b_instruct_culture,qwen14b_instruct_v3,14.0,Qwen,instruct,per_scale_POM,item_r,0.7355002021162517,0.7254055142974478,0.01009468781880385
Qwen/Qwen2.5-14B-Instruct,qwen14b_instruct_culture,qwen14b_instruct_v3,14.0,Qwen,instruct,per_scale_POM,item_slope,1.6926130178313,1.65887585078621,0.03373716704508989
Qwen/Qwen2.5-14B-Instruct,qwen14b_instruct_culture,qwen14b_instruct_v3,14.0,Qwen,instruct,per_scale_POM,item_rmse,0.3871199041114788,0.387106392379447,1.3511732031790125e-05
Qwen/Qwen2.5-14B-Instruct,qwen14b_instruct_culture,qwen14b_instruct_v3,14.0,Qwen,instruct,per_scale_BigFive,subscale_r,0.8766076486634629,0.866231509635739,0.01037613902772383
Qwen/Qwen2.5-14B-Instruct,qwen14b_instruct_culture,qwen14b_instruct_v3,14.0,Qwen,instruct,per_scale_BigFive,subscale_slope,1.354007143168369,1.3487456051240116,0.00526153804435725
Qwen/Qwen2.5-14B-Instruct,qwen14b_instruct_culture,qwen14b_instruct_v3,14.0,Qwen,instruct,per_scale_BigFive,subscale_rmse,0.202563033475494,0.2096601359046316,-0.007097102429137581
Qwen/Qwen2.5-14B-Instruct,qwen14b_instruct_culture,qwen14b_instruct_v3,14.0,Qwen,instruct,per_scale_BigFive,item_r,0.7451601734376685,0.7432170826093469,0.0019430908283215587
Qwen/Qwen2.5-14B-Instruct,qwen14b_instruct_culture,qwen14b_instruct_v3,14.0,Qwen,instruct,per_scale_BigFive,item_slope,1.2418121785488738,1.2464009290912037,-0.004588750542329878
Qwen/Qwen2.5-14B-Instruct,qwen14b_instruct_culture,qwen14b_instruct_v3,14.0,Qwen,instruct,per_scale_BigFive,item_rmse,0.1860255708094493,0.187961854923519,-0.0019362841140697085
Qwen/Qwen2.5-14B-Instruct,qwen14b_instruct_culture,qwen14b_instruct_v3,14.0,Qwen,instruct,per_scale_SelfConst,subscale_r,0.881969879209583,0.8921946337826259,-0.010224754573042838
Qwen/Qwen2.5-14B-Instruct,qwen14b_instruct_culture,qwen14b_instruct_v3,14.0,Qwen,instruct,per_scale_SelfConst,subscale_slope,1.5151959513924813,1.4352848901671478,0.07991106122533354
Qwen/Qwen2.5-14B-Instruct,qwen14b_instruct_culture,qwen14b_instruct_v3,14.0,Qwen,instruct,per_scale_SelfConst,subscale_rmse,0.2218890067744796,0.2035647754380862,0.018324231336393382
Qwen/Qwen2.5-14B-Instruct,qwen14b_instruct_culture,qwen14b_instruct_v3,14.0,Qwen,instruct,per_scale_SelfConst,item_r,0.5648819795317988,0.5519418269121916,0.012940152619607126
Qwen/Qwen2.5-14B-Instruct,qwen14b_instruct_culture,qwen14b_instruct_v3,14.0,Qwen,instruct,per_scale_SelfConst,item_slope,0.8502909108858051,0.8154101472833098,0.03488076360249526
Qwen/Qwen2.5-14B-Instruct,qwen14b_instruct_culture,qwen14b_instruct_v3,14.0,Qwen,instruct,per_scale_SelfConst,item_rmse,0.1574538018701221,0.1576287654838533,-0.00017496361373120495
Qwen/Qwen2.5-14B-Instruct,qwen14b_instruct_culture,qwen14b_instruct_v3,14.0,Qwen,instruct,per_scale_LifeSat,subscale_r,0.7558935434879793,0.7555695353133389,0.0003240081746404
Qwen/Qwen2.5-14B-Instruct,qwen14b_instruct_culture,qwen14b_instruct_v3,14.0,Qwen,instruct,per_scale_LifeSat,subscale_slope,1.514702546804177,1.451166732311732,0.06353581449244494
Qwen/Qwen2.5-14B-Instruct,qwen14b_instruct_culture,qwen14b_instruct_v3,14.0,Qwen,instruct,per_scale_LifeSat,subscale_rmse,0.5840282792949676,0.5763407788521965,0.007687500442771111
Qwen/Qwen2.5-14B-Instruct,qwen14b_instruct_culture,qwen14b_instruct_v3,14.0,Qwen,instruct,per_scale_LifeSat,item_r,0.6923074021669745,0.6087373954637785,0.08357000670319603
Qwen/Qwen2.5-14B-Instruct,qwen14b_instruct_culture,qwen14b_instruct_v3,14.0,Qwen,instruct,per_scale_LifeSat,item_slope,1.4003302410436862,1.2000492805560297,0.20028096048765653
Qwen/Qwen2.5-14B-Instruct,qwen14b_instruct_culture,qwen14b_instruct_v3,14.0,Qwen,instruct,per_scale_LifeSat,item_rmse,0.4278652949500312,0.4614033859221634,-0.03353809097213217
Qwen/Qwen2.5-14B-Instruct,qwen14b_instruct_culture,qwen14b_instruct_v3,14.0,Qwen,instruct,per_scale_Lonely,subscale_r,0.91642119022107,0.913265176941192,0.0031560132798780227
Qwen/Qwen2.5-14B-Instruct,qwen14b_instruct_culture,qwen14b_instruct_v3,14.0,Qwen,instruct,per_scale_Lonely,subscale_slope,2.2582844629908747,2.2757956599431166,-0.017511196952241903
Qwen/Qwen2.5-14B-Instruct,qwen14b_instruct_culture,qwen14b_instruct_v3,14.0,Qwen,instruct,per_scale_Lonely,subscale_rmse,0.4178375825764833,0.4294072933757983,-0.011569710799315014
Qwen/Qwen2.5-14B-Instruct,qwen14b_instruct_culture,qwen14b_instruct_v3,14.0,Qwen,instruct,per_scale_Lonely,item_r,0.7586573395226105,0.7715491779384378,-0.012891838415827306
Qwen/Qwen2.5-14B-Instruct,qwen14b_instruct_culture,qwen14b_instruct_v3,14.0,Qwen,instruct,per_scale_Lonely,item_slope,1.5707615018239962,1.6783062409135308,-0.10754473908953455
Qwen/Qwen2.5-14B-Instruct,qwen14b_instruct_culture,qwen14b_instruct_v3,14.0,Qwen,instruct,per_scale_Lonely,item_rmse,0.2177984726674658,0.2250719940489972,-0.007273521381531395
