label,IRI_Q1,IRI_Q2,IRI_Q3,IRI_Q4,IRI_Q5,IRI_Q6,IRI_Q7,IRI_Q8,IRI_Q9,IRI_Q10,IRI_Q11,IRI_Q12,IRI_Q13,IRI_Q14,IRI_Q15,IRI_Q16,IRI_Q17,IRI_Q18,IRI_Q19,IRI_Q20,IRI_Q21,IRI_Q22,IRI_Q23,IRI_Q24,IRI_Q25,IRI_Q26,IRI_Q27,IRI_Q28,PANAS_Q1,PANAS_Q2,PANAS_Q3,PANAS_Q4,PANAS_Q5,PANAS_Q6,PANAS_Q7,PANAS_Q8,PANAS_Q9,PANAS_Q10,PANAS_Q11,PANAS_Q12,PANAS_Q13,PANAS_Q14,PANAS_Q15,PANAS_Q16,PANAS_Q17,PANAS_Q18,PANAS_Q19,PANAS_Q20,POM_Q1,POM_Q2,POM_Q3,POM_Q4,POM_Q5,POM_Q6,POM_Q7,BigFive_Q1,BigFive_Q2,BigFive_Q3,BigFive_Q4,BigFive_Q5,BigFive_Q6,BigFive_Q7,BigFive_Q8,BigFive_Q9,BigFive_Q10,SelfConst_Q1,SelfConst_Q2,SelfConst_Q3,SelfConst_Q4,SelfConst_Q5,SelfConst_Q6,SelfConst_Q7,SelfConst_Q8,SelfConst_Q9,SelfConst_Q10,SelfConst_Q11,SelfConst_Q12,SelfConst_Q13,SelfConst_Q14,SelfConst_Q15,SelfConst_Q16,SelfConst_Q17,SelfConst_Q18,SelfConst_Q19,SelfConst_Q20,SelfConst_Q21,SelfConst_Q22,SelfConst_Q23,SelfConst_Q24,LifeSat_Q1,LifeSat_Q2,LifeSat_Q3,LifeSat_Q4,LifeSat_Q5,Lonely_Q1,Lonely_Q2,Lonely_Q3,Lonely_Q4,Lonely_Q5,Lonely_Q6,Lonely_Q7,Lonely_Q8,Lonely_Q9,Lonely_Q10,Lonely_Q11,Lonely_Q12,Lonely_Q13,Lonely_Q14,Lonely_Q15,Lonely_Q16,Lonely_Q17,Lonely_Q18,Lonely_Q19,Lonely_Q20
IRI_Q1,1.0,0.1629306245812791,0.0021188995166133,-0.0431893898413796,0.2574063591238653,0.22360354840983,-0.1945684012318745,-0.1340795177315799,0.0954020655612338,0.2180160518657795,0.0241463462823097,-0.1181319828435795,-0.0318295518985233,-0.1395504603710038,0.1181887052559012,0.1452457626097642,0.1990156799342056,-0.0332561261297382,-0.0963124239800578,0.1854978018326149,-0.0039680992269869,0.1872149311146615,0.1157109099678107,0.1071729078051158,0.0221711967046078,0.234637199479663,0.1493053853649166,0.0195719789006668,0.4484126253693231,0.3026852825961483,0.1856671260799807,0.1766865648243381,0.2048659511543654,0.2434946559807521,-0.0055655993483695,-0.0367001698908081,0.3799368953456897,0.0455913500149379,0.0913487800116054,0.1338730437673253,0.1316462976269262,0.3173514355071792,0.1628241005597236,0.2042326795919888,0.3936624502507705,0.2485086814191781,0.2331252837369982,0.15431854251464,0.3876149933182123,0.2019123273414975,0.4274916154092073,0.3385072368672872,0.0693422323731406,0.1730615959784086,0.2871291561708167,0.4645215314597166,-0.029487445246929,,0.1139595634468975,0.1053275568480487,0.1043908066545251,0.3218764800294951,0.2150676772260566,-0.0333353291072462,,,,0.0249867516451469,0.2578725509158526,0.2743452152040577,0.1086821034522236,0.049156378918982,0.3423622654170061,,0.4218683870646507,0.2228735357684401,0.1636559221531212,0.0689045383821457,0.2059703440122849,0.0986300777119897,0.1295031027557825,0.132444880019095,0.1678136451021859,0.2811271422408744,,,-0.0438099623977243,0.0594198214477053,0.1920491229894028,0.0778556954358149,0.4805797028902405,0.4217253619746158,0.275031450487827,0.1678136451021859,0.263041118043599,0.2820643907889966,0.2542631418623764,0.1247077217629044,0.2227002829034247,0.1693138336896788,0.2239067982487912,0.2360081447599256,0.2360088970567462,0.3539688057823763,0.2960970235049288,0.0188068436262397,0.1893936514033617,0.2622609654728672,0.1968863985685497,0.0819720208106976,0.0660367231112411,,0.2418536130457085,0.256188266312889
IRI_Q2,0.1629306245812791,1.0,-0.1680776365613931,-0.390239994744245,0.3126269023546147,0.19402856302205,-0.2038623544177101,0.04364206885488,0.4313571299765021,0.1588517548246531,0.1742516782971677,-0.1780248457786501,-0.1541420259440152,-0.3631088094449004,-0.112207590431801,0.2587302755684527,0.1346549750157294,-0.4230778393929859,-0.0791459013151322,0.4710198577153128,0.1131132741751063,0.4327527531331265,0.1322551122689231,0.0971145751545771,0.3926242750033767,0.0551759298731606,0.3290042956196934,0.1751702271617995,0.2627753429479136,0.3123337391994973,0.1997225842701665,-0.1323037287709627,0.4813239432150478,0.2802042953209357,-0.0683108677534845,0.0203192492056602,0.370265314289963,0.1112253209446716,-0.1937608627022785,0.1625923894196535,-0.0770784825720937,0.5404327689748872,0.072497095174133,0.2001249669680465,0.2930591735099287,0.0665557465077585,0.4159339351647076,-0.1125156294287946,0.4798066561462957,0.2246551057885689,0.5383289234545621,0.3336831983429095,0.0402847128154862,0.1990210106851467,0.1233908459636217,0.4828235227899892,0.0455989751268066,,0.0738952282122475,0.1375558986913302,0.0610209183299955,0.2915418495820268,0.0047712214630995,0.1682252704027167,,,,-0.0496588543286756,0.3941031758075629,0.3577167085459108,0.0319103265855623,0.1063378563064122,0.2925804993847206,,0.3306357226822847,0.0707210790421674,-0.0542446245474072,0.033581168220271,0.2365172241193829,0.0709720863229836,0.3280630361558483,0.1740907686562517,0.1836712752484,0.3743125567088153,,,-0.0043477656547392,0.117709218180106,0.2082019422037613,0.1140123030943142,0.4509671991852029,0.4711446089051319,0.3455132128133235,0.1836712752484,0.3028566188465666,0.0786827251545928,-0.1505545305418162,-0.1667715005959128,0.2261352083347656,0.1632993161855452,-0.0925555509071561,-0.0500449133851428,0.4122503220706899,0.544986423012781,0.079453651847055,-0.0918516443279967,-0.0693032631466713,-0.1313745811621851,0.2371490931522216,0.1626263885537686,-0.093797155740593,,0.2566709695128776,0.2551966444676528
IRI_Q3,0.0495545475267048,-0.1243677723064711,0.6202006525613966,0.1951476660416575,-0.1069208249372183,-0.0620824981136425,0.1465110599137689,-0.3158662889508513,-0.1184955030607518,-0.0060821913780938,-0.3060922479831222,0.1345467306207535,-0.034727323678812,0.033679175069026,0.2181371029708643,-0.0447039972936315,0.0600246943029394,0.1460539862993177,-0.0162697511301666,-0.130715011672433,-0.2007347214658403,-0.0837309175748337,-0.0624636164712542,0.1590093547863582,-0.2781083237269257,-0.0752032440468383,-0.0124983289887177,-0.3107349589829047,-0.0663795962761001,0.0663941937226832,-0.1204912734269216,0.3313943336759334,-0.2624972471637163,0.0553751556420075,0.1334404365504569,-0.0272546527688895,-0.1944380604081004,0.1660253231439734,0.245906338844418,-0.162939850697982,0.2523694831577425,-0.2094522108508821,0.0005080560983563,-0.1335548321084554,-0.2066066825476287,-0.1144349901025277,-0.2006245953460209,0.1063128719000775,-0.0956366631924739,-0.0799296552440528,-0.1004450163811514,-0.1161271629371707,0.0049321793784675,-0.056729812014712,-0.0813266353100709,-0.0621292824172867,0.1809578252316976,,-0.1220656202059028,-0.0748506009677677,0.1820065930751136,-0.1533978729111052,0.2637135708594086,-0.0494188200756397,,,,0.0937878388386255,-0.1327793713660066,-0.1692878390225332,-0.1165986008369438,0.0045540641531247,-0.1491417066496418,,-0.1396566693512183,-0.088317677789544,0.2132606025884255,0.0232981833142783,-0.083802649508273,-0.0820658702968887,-0.1286832745074159,-0.0345901330206543,0.0888139928482674,-0.1654342156563012,,,0.1558485725086276,-0.0714570011183954,0.0143603109920604,-0.0329584466328332,-0.0082410375233035,-0.1491411286791034,-0.0939805995257904,0.0888139928482674,-0.1316739675620992,0.198019155145693,0.3210956447630115,0.3950611516944263,-0.163042241273848,0.0503533194376024,0.3627808263074812,0.3384093184414777,-0.166104338887269,-0.1345315929963385,0.2639674057014328,0.2789760402134599,0.3932837639409959,0.293692658620824,-0.0674307359551317,-0.1412892425732139,0.1669321944831845,,-0.1175527928816211,-0.0479516253381434
IRI_Q4,-0.0556673422938798,-0.4091052462836276,0.13946937192393,0.9641015220591947,-0.1992286547796675,-0.0779135705531323,0.1442313037240863,-0.175986794585353,-0.369768641352265,-0.0697552910174694,-0.1839944554456734,0.181730765747708,0.1398153932290453,0.3879991492261562,0.1736703125142834,-0.1510932009047212,-0.1077809805335068,0.4535316348236524,-0.0799076150047423,-0.323050341441789,-0.1892161559940388,-0.2729833508072806,-0.0745443076839291,-0.0010154138652087,-0.2774001057766733,-0.0877201842164327,-0.2939968274203516,-0.2624693457722314,-0.1973092682021031,-0.1220125061843275,-0.2382266368540253,0.3015109353100823,-0.3685955089152017,-0.0795857316771088,0.0395658149932757,-0.0717793359941565,-0.2924454328968925,0.0811801941595223,0.327007915610937,-0.242637843405149,0.255460420833688,-0.3427983535890228,-0.1148784945984082,-0.2226515074012724,-0.2522309322236741,-0.079422893560222,-0.306940220159633,0.070466638436595,-0.3095085453234725,-0.2490926362902394,-0.3853725423380369,-0.2660253281321593,0.0391418782791909,-0.0646978154359461,-0.034327316782318,-0.3014073991145737,0.0761705315180738,,0.0176076964153238,-0.0584167887320578,0.0854010319463211,-0.2479616184470053,0.1088607768033576,-0.0779296704802129,,,,0.0856102682402417,-0.2054113328614532,-0.1807894083442843,-0.0871459604811655,-0.1210388016813957,-0.2209339235222566,,-0.1435004680779916,-0.0252938115249991,0.1697882626592984,-0.0330219169023659,-0.1132506038517846,-0.0167849697028635,-0.1852933940613341,-0.1566025384095005,0.0966453354255355,-0.2337896111692206,,,0.0234332978389079,-0.0972510721331476,0.0366912784357282,-0.12098331911133,-0.268876251839271,-0.2831198063734674,-0.2243742841831162,0.0966453354255355,-0.2648197811067984,0.1488107366616644,0.230503927194534,0.1757761289549249,-0.2236938281243481,0.0691102830683125,0.1986005116400437,0.2259741303864418,-0.3503671762421097,-0.3592299226449589,0.0894194472566921,0.2685268443620179,0.1963074705676919,0.2531041931095248,-0.1214148152046949,-0.2265551363674507,0.146550736624987,,-0.1214685291378503,-0.1419516377115963
IRI_Q5,0.2574063591238653,0.3126269023546147,-0.1152014818490991,-0.1804931746602893,1.0,0.2851662937041197,-0.4826296819158512,-0.0155427229476934,0.163747171405758,0.1902385121016869,0.1308622489953813,-0.4444076308591782,-0.1547978227897292,-0.1768706421118681,-0.0645744827510085,0.4104614939125664,0.1798070758649685,-0.1690183755190187,-0.0791800914490894,0.3515875061976718,0.064878854698566,0.2868820498732195,0.4063268696549997,0.0860259739104264,0.2637813481689136,0.4189070389956434,0.1902438874283977,0.1574941254881078,0.302273104703604,0.1395491120067799,0.1675054454469026,-0.1024063822097687,0.3253009095207149,0.2787913447219612,-0.0337960882457354,0.031024910944989,0.3949639764007897,0.0659979735081968,-0.1451424378810008,0.0126339904848471,-0.1000049548473843,0.3746833263210799,0.1440325944156053,0.1502835226003522,0.299447992125016,0.2065833934588364,0.2777168807459818,0.0481481415333655,0.3020036472879793,0.1571083020018534,0.4488408413083004,0.2939593801129323,0.0526160112524553,0.1540168282587013,0.2013457971009873,0.3141141067318108,-0.0262550966724831,,0.1378059497286103,0.1376939136998322,0.0334643036209465,0.3563413766078591,-0.0625624415404872,-0.0495487511723745,,,,-0.0313516496648127,0.2999750193923504,0.2334573125400313,0.0018596569797455,0.0521016634822118,0.3048627150675567,,0.2890298040936656,0.0958925001247667,-0.175449157132388,0.0489257401529479,0.1751409270605882,0.1061594446703499,0.2337554441809413,0.0855944906593878,0.1897513013405009,0.1585153159197777,,,-0.063344327771563,0.078030335810611,0.1892401472300711,0.0730879867755261,0.3914980110256085,0.3546064694821821,0.2233703957686949,0.1897513013405009,0.2503441155389201,-0.075255157765635,-0.1437953808308685,-0.1783575434913313,0.1674459357267724,0.1617837445005015,-0.2062135040811347,-0.0192488803492545,0.2563487562085683,0.327715981118147,0.0507081706014677,-0.1659396710198966,-0.0168802267717459,-0.1257803330256813,0.1805724747592205,0.1170596144010331,-0.0938772857197862,,0.2073612414240905,0.2305198101686905
IRI_Q6,0.22360354840983,0.19402856302205,-0.0795860787046145,-0.0751003927471714,0.2851662937041197,0.9999999999999996,-0.2544133877131385,-0.1187835798964962,0.059775654477179,0.450716133365998,0.0113468357487497,-0.1303531729300953,-0.0194159547707556,-0.0118172843581103,-0.0445303249019993,0.1743973984813472,0.4586603399323843,-0.133948912230771,-0.2904878123626755,0.1637642361363218,0.007832636620925,0.2048963568038733,0.1642800618405017,0.3436835924069406,0.1661771847051622,0.1344247383708329,0.2610621024520778,-0.0066608890620487,0.2020885634678858,0.0718066044434801,0.0238270539119499,0.0606361854022981,0.119789129479062,0.1410467992338696,0.0229569764756718,-0.0950682942364674,0.2096289909173457,-0.0288119335998002,0.0254360715215745,0.0095329072353193,0.0064219729647358,0.2754711541158434,0.3540326870712055,-0.0077105652809644,0.1672615632159922,0.2696597236775914,0.1367037623014122,0.155045322381542,0.1517369129913333,0.0462022299457296,0.2042244139668819,0.1496367423445401,-0.0102535172392457,0.1196724589725035,0.2441641356673209,0.1906678715485832,-0.0789858925031176,,0.0913544833270358,0.0506671765179568,-0.1130002711239206,0.1972039758199855,0.0219875720202043,-0.1060423743572978,,,,-0.1709070392260655,0.1315313912134833,0.1212555639897328,0.0118990836655212,-0.1273256940384511,0.147813541032384,,0.2086895156249275,0.2154483509486882,-0.0478528005103519,0.0318959813234199,0.0254189093743146,0.0907129351153022,0.0883089868703968,0.1675971382118239,0.0957442197977271,0.0760801980250744,,,-0.0230950804123243,-0.0357146158198468,0.0592362080957447,-0.0641723739004087,0.1787437266863876,0.2091160974175814,0.1350862206201588,0.0957442197977271,0.056679381921152,0.0587779016177874,-0.0247159332621775,-0.0597775163034031,0.0865699957979108,0.0651056130040371,0.0328100443489877,0.1210520682024856,0.1051044244279758,0.1584722261494893,0.0982359368019799,-0.1023212153434628,-0.0204415222252944,0.0930912412324824,0.1007941960092733,0.0508699833541598,-0.0153504819326789,,0.130127869059407,0.1453219259632919
IRI_Q7,-0.1945684012318745,-0.2038623544177101,0.2063342470162359,0.1315074219353091,-0.4826296819158512,-0.2544133877131385,0.9999999999999996,0.0713643309610673,-0.1057966429204328,-0.1867922909911915,-0.0864423561078434,0.4448128083037581,0.1840849053344271,0.153581686826016,0.1007631280884473,-0.3508193467241606,-0.1384863913491485,0.1962287479030013,0.0953366085928164,-0.3385255334990606,-0.0320830726468089,-0.1528632495296419,-0.3511231519302054,-0.1372908937319799,-0.2374970882124951,-0.3864543756370851,-0.1714714803912407,-0.0610234140196462,-0.2135115002924408,-0.0857733846068472,-0.1281813793915705,0.1712408137710803,-0.2359056138256429,-0.1979329847793563,0.1108421702916371,-0.1309406788500988,-0.2726864599929139,0.033888825751196,0.2517657550692704,0.0273233211203275,0.2253474340588814,-0.3041735143319025,-0.1077330707062873,-0.0602583385637065,-0.1543199494106991,-0.0627774660413347,-0.1948324873880358,0.055583105505073,-0.2237082850953686,-0.0903280130504898,-0.3038393182272212,-0.2063769831845149,-0.0508353543843904,-0.1177702274385828,-0.1961005393540545,-0.2670680713761747,0.1722919639888271,,-0.1203192252477435,-0.062266317548173,-0.0436744551762812,-0.2284350348310643,0.0852659902208746,0.1225111163573827,,,,-0.0245345049341548,-0.2204855740912089,-0.2079531315668571,-0.0201542908327926,-0.0030974425696237,-0.193480266297437,,-0.1782376735063251,-0.0923570893038447,0.1549444458115224,-0.0743554248271713,-0.1503064216356303,-0.0838686605462662,-0.2126580806895878,-0.0730714247317703,-0.1331372983993733,-0.1366744773095912,,,0.1669175374442237,0.0307986982314394,-0.095682737219499,-0.0100012778905688,-0.2597541074040742,-0.2941263139630808,-0.1563254996694058,-0.1331372983993733,-0.1930405761311863,0.1659311383264483,0.2422764710776558,0.2452498606586667,-0.1659371774913482,-0.1343566132966305,0.3498306657974227,0.0916751409545177,-0.1556565711975979,-0.2248147147889551,0.1226536553370121,0.2441275904304977,0.1592565087348001,0.1827490169585406,-0.1727739772807968,-0.2097983510659201,0.1047556839413778,,-0.128059445479813,-0.1696327182158072
IRI_Q8,-0.1340795177315799,0.04364206885488,-0.1609161396789538,-0.1632175177705915,-0.0155427229476934,-0.1187835798964962,0.0713643309610673,1.0,0.0952890221363239,-0.0656487802555534,0.326909198212449,-0.081941987916576,0.0807802372740441,-0.0043617386617354,-0.1979642691796495,-0.0093099302381996,-0.090136588743195,-0.1230845364135209,0.1463661601620996,0.0738951280021902,0.4273967399168034,-0.036602637947269,0.0402884387595055,-0.1893929871301887,0.1836791565959867,0.0373454704160014,0.0015212777719725,0.2934922215197892,0.0993725527317639,-0.0389434732046717,0.0334385170380813,-0.1149300354513115,0.1669043482662038,-0.0920966791586976,-0.1932449884952274,-0.1169324635360625,0.1750967839551682,0.0266067149355632,-0.0326557669343988,0.0714997618219726,-0.061011266869959,0.0536616347850536,-0.0787220943618823,0.1062172038596648,0.1637280287635781,0.0208623288360977,0.2560123663809825,-0.2330727719291725,0.0387219031251384,0.1412249620457157,0.0174057141073362,0.147552964381266,-0.0338136729065314,-0.0080203007387483,-0.1342298366698918,0.1542134520960741,-0.0002731418683406,,-0.0058717406568512,0.2603474307707969,-0.1597646636078043,0.0686907692659418,-0.125445943152051,0.0876373959919926,,,,-0.152094591923639,0.103270479386877,0.3080843125249234,0.1000784065814827,0.0600743152754505,0.1389154624078926,,0.1388363476991586,0.0898691193835055,-0.1641610976263127,0.0193970072077461,0.11015625843879,-0.0136648618150682,0.2435469421435466,-0.0122221744397815,-0.0875164722842381,0.2217252164370681,,,-0.1690037018732339,0.1281120734375494,0.0147688570777788,0.0335374145841915,0.0514977778388398,0.1952234468013231,0.0144385593995706,-0.0875164722842381,0.0556162805490064,-0.1191163183791889,-0.1062876809875308,-0.1281504855815999,0.0623215924121167,-0.0791857777880488,-0.138857824402874,-0.1302301426109837,0.0577348653613162,0.0072923256676993,-0.1037686146214269,-0.1780288128575456,-0.1158341707152351,-0.0950669164288129,-0.0291926763526984,0.0948758375106783,-0.1398525914864505,,0.0498497206233882,0.0187669125035704
IRI_Q9,0.0954020655612338,0.4313571299765021,-0.1776719206089784,-0.3491419752742059,0.163747171405758,0.059775654477179,-0.1057966429204328,0.0952890221363239,1.0,0.1378062781287998,0.2821814342128279,-0.0424331098289656,-0.1398054177401486,-0.2836363988749808,-0.0167009512429305,0.1809473507232699,0.1328978509266155,-0.3350384509085151,-0.0513156283354671,0.2612356413169262,0.1487602205582273,0.2951468011596277,0.0207405767026274,0.0552602633964573,0.2796967571350739,0.0105533092788084,0.3356993080171683,0.277444432603427,0.2334810308129714,0.1716583003696557,0.1709133290219804,-0.0536631937355065,0.3199553399611967,0.1621419037879452,-0.0574427228934542,0.0262774680257783,0.2169967979681994,0.0590030842075928,-0.1647162641074658,0.0586930842133294,-0.0779271603113729,0.3271740736095688,0.1116334145806449,0.1071902589707736,0.2464434846941501,0.0583244408474945,0.2605152302035068,-0.0720952103402202,0.2731502682244227,0.1368165595778467,0.3725969699340302,0.2099911267673315,-0.0036625151804607,0.2156269152475247,0.0741429607275938,0.302867854387178,0.0153609592546271,,0.0326314545712935,0.1638541057476054,-0.0445649973826024,0.2342170028949566,0.0374732124572615,-0.0219418349868052,,,,-0.0676140907728501,0.3159463209900303,0.1647642081005264,-0.0002013043906939,0.0898161504185019,0.2364172863944402,,0.2910633121872526,0.051306066206414,-0.0344831276179559,0.030717495336211,0.1439353773926996,0.1305859247561061,0.1465275654977905,0.1884798494035217,0.1943421151749487,0.2691914402350654,,,-0.0933910465633798,0.067294642952107,0.1565746250538897,0.0593372842618541,0.3787902503751971,0.2977457481214141,0.2423024850556938,0.1943421151749487,0.2441686611267934,0.0021898468034616,-0.1683193345274073,-0.0783364188935389,0.1573412277437867,0.1751278782354417,-0.0967895321977527,-0.139604905396092,0.3004160480459878,0.3804349555942746,0.0094744434358621,-0.0542742710384114,-0.0980326830872629,-0.0937297939224533,0.1955889537142231,0.1268534813816657,-0.0598145429986949,,0.1912870742691794,0.2128077045246598
IRI_Q10,0.2180160518657795,0.1588517548246531,-0.0966950025674079,-0.0482879199512448,0.1902385121016869,0.450716133365998,-0.1867922909911915,-0.0656487802555534,0.1378062781287998,1.0,0.1419409889828869,-0.024403994687874,-0.011949475043759,-0.1264477817957873,-0.0313929332924791,0.0908337618628922,0.4457570431058012,-0.1093626393850203,-0.280639759378776,0.2017754522938497,0.0267738706738576,0.1629794084845836,0.0972858886311913,0.3496725989103386,0.1749690123133278,0.1313367757635398,0.3016129201961846,0.0596775691612678,0.206747777426751,0.1610806161399362,0.1213896669655388,0.0467278839460468,0.1234316371144591,0.2297585666253734,0.1671757316939878,-0.0061675519547542,0.1671657230029899,0.0426581755544507,0.0816587354958137,-0.0359701631515745,0.1005986472879638,0.1588494326661539,0.365377235888725,0.0342068873775711,0.0633329359093761,0.3444464445910693,0.1964064273363665,0.2577748569154477,0.0709236226849335,-0.0259863547442816,0.1547635331145456,0.1041525036275075,0.0169261186907891,0.146608968790718,0.3229043815269177,0.171413148200746,0.0155676913933521,,0.1990149424254217,-0.0504727511188359,0.0243777088026318,0.1479050982169437,-0.0096326602766057,-0.2141608959284861,,,,-0.0104866193498485,0.1762899157948556,0.1895623753698622,0.0036432902170398,0.0599367189354368,0.1273525798206888,,0.2040426084705202,0.1874184743164827,0.0403781880328327,-0.0154297328374856,0.1808210956010377,0.100465007958853,0.2379540094947124,0.0478987005311738,0.1820367128188933,0.0581398980444509,,,-0.0530902031434026,-0.0198719684357292,0.1542520687862836,-0.0551639293851849,0.180860459428501,0.1730254382814453,0.1640393002314428,0.1820367128188933,0.1504901052637919,0.0129531440557953,0.0370337005099894,0.0137439919952292,0.1183501434132678,0.103074369289032,0.1114558505840445,0.1195988803814701,0.0837325611814845,0.1530981925314928,0.0890685119897053,-0.0207181329785517,-0.0192741485012159,0.1010702836510127,0.1851796989381916,0.1261292901905481,0.094087733728194,,0.1784777926740791,0.2032004836446816
IRI_Q11,0.0241463462823097,0.1742516782971677,-0.1937312401516136,-0.1639899248374372,0.1308622489953813,0.0113468357487497,-0.0864423561078434,0.326909198212449,0.2821814342128279,0.1419409889828869,0.9999999999999998,-0.187950740663333,-0.0115976593458324,-0.1395871731294604,-0.2512678738769199,0.2366477048681601,0.0971329813684591,-0.0959117763176542,-0.0017260708553822,0.1258361713138652,0.1671943978834852,0.2029279797510542,0.171139396992686,0.0538169734111684,0.2565154864553473,0.1770603338890408,0.2333840593692113,0.4366830781782266,0.2279313129009766,0.0861254484675988,0.0863563690990551,-0.0936629321843182,0.3109166336531916,0.0947466835951343,-0.0714377675672414,0.039151138976109,0.2969574811151235,0.0835206401418861,-0.0643900345171812,0.1238121259058011,-0.0406753673190467,0.1977024606403299,0.1566336211873291,0.21395253020441,0.3478871217278525,0.1894675183739691,0.2964268971519043,-0.0340204884022565,0.1952761338645666,0.102888249518824,0.2440440907825149,0.1871053846754323,0.0647678162293328,0.0124912491184484,0.1450110736284832,0.174017655209426,0.0845784243025979,,0.1274283824449217,0.0661746655929456,-0.0358033200271981,0.1532037929534514,-0.1709871236838898,0.0493054007599365,,,,-0.0634906454092846,0.0900172523434736,0.2060252229610037,0.0165977730796867,0.15531478541303,0.2470725071081119,,0.1908016000014494,0.0802786023114004,-0.0516655061679334,0.0444910108241396,0.0644175730244082,0.1265335007937501,0.2723603572390142,0.064690903279214,-0.0893074651144654,0.2402724824453554,,,-0.0346327152768018,0.0811039194928785,0.0094994508246225,0.108627329297059,0.1973904128725015,0.2322273135676914,0.1963935004982518,-0.0893074651144654,0.2191907227610382,-0.0673013361593976,-0.1600658331138913,-0.1535680381555678,0.2169231369488847,-0.0605429359789597,-0.1231684252862617,-0.151761330541106,0.2364217104579911,0.2664545779467502,-0.052649117081459,-0.1359148711716852,-0.0957132936588117,-0.1299191652259538,0.0627625007659314,0.1882852268072108,-0.0214120534777562,,0.1031452183820741,0.0607858300852854
IRI_Q12,-0.1181319828435795,-0.1780248457786501,0.0835698461304459,0.1719425540205842,-0.4444076308591782,-0.1303531729300953,0.4448128083037581,-0.081941987916576,-0.0424331098289656,-0.024403994687874,-0.187950740663333,1.0,0.128004655404902,0.1913562569805144,0.1426689779557998,-0.2516077149572686,0.0088645644139019,0.187218579358336,-0.0307603230759849,-0.3443881450342204,-0.1352116349609066,-0.1063955485857209,-0.2138859232748414,-0.0082093002354768,-0.2385492716090717,-0.3364646827148937,-0.115961559981803,-0.1292004634564969,-0.2467778772636421,-0.1470622347965296,-0.0388114300022909,0.1029763791735186,-0.1846251289521511,-0.1775850822107439,0.1019251146982923,0.0482712996918705,-0.2198822695563252,-0.0439649409411435,0.1307520201370902,0.0280853705772865,0.0440483412956581,-0.1905760200894903,0.0253479449908754,-0.0287505432373293,-0.0792543326204668,0.0103327884618625,-0.1988923197946147,0.011010483819152,-0.135536712033696,-0.1003259596696873,-0.2560311460967912,-0.1933502562626531,0.1042442914025473,-0.1806711584564613,-0.0169345581721231,-0.2200061946355211,0.0694267043708943,,-0.0830817901409175,-0.163922597995586,0.0087034631571625,-0.2601252826337101,0.0756807169064847,0.0807326798283119,,,,0.1023306442689688,-0.1677964496257373,-0.2561311230269691,-0.128516312494729,0.0014350197444952,-0.1380846630815929,,-0.1371978674721402,-0.0237066640595948,0.1906534337524663,-0.0252871552438008,-0.1288717183842843,-0.0994156831540574,-0.2335643708659835,-0.0652189787430151,-0.1504752059826412,-0.1147658556181451,,,0.0848055262518876,-0.1161572521864076,-0.1942218842243462,0.0173090892280459,-0.2468762956035126,-0.3197154140475732,-0.0167421242670724,-0.1504752059826412,-0.0527912542285799,0.0677938447723995,0.1247475932968777,0.1240487815962847,-0.1386178112035979,-0.1348670207305239,0.2697325691688228,0.0770711218254719,-0.067206725921326,-0.1494872728024901,0.0052251103375681,0.2253464858664404,0.0224026253163721,0.1156429567575469,-0.1224825134878854,-0.1384751200810914,0.1017360232444949,,-0.2463338565437808,-0.2010781197274642
IRI_Q13,-0.0716599580322676,-0.2254421377888885,0.128230303489758,0.1625261093074701,-0.2083347080126207,-0.109047119005336,0.2019491985963793,0.144515418957388,-0.255485964344383,-0.0967467811717677,-0.0267340375904999,0.188536993480809,0.8828708107311574,0.2162330772516287,0.0113967955337724,-0.0924326610592992,-0.0813131395485412,0.2304338412782301,0.2516175152015556,-0.2858953878332017,-0.0323549556035286,-0.2873843902774367,-0.1200936802435179,-0.1455058300425805,-0.1628850897958551,-0.1309812540568022,-0.258959208596238,-0.0165088294258568,-0.1774921419266378,-0.1704520876405988,-0.1924745598985301,0.0784370931695475,-0.1087080403969561,-0.13952623704699,0.0190505586257816,-0.068856578101048,-0.1257827043344405,-0.02370523814813,0.1969108376140274,-0.1015525486639009,0.1098054589044825,-0.1906450655902294,-0.0421395438529038,-0.1045995612009753,-0.0823324980710596,0.012951428514092,-0.1032106655998447,0.040423831637367,-0.1460674150393839,-0.1201611611798752,-0.1720995078836164,-0.142579742469546,0.1042922559205168,-0.2037000721820199,0.0003287256629182,-0.1187191148458889,0.0950461635255041,,-0.0590593030403501,-0.0379396773452555,-0.0461853841998508,-0.1361565307074312,0.0096603716739716,0.0988394540465213,,,,-0.0163165311066229,-0.2035906080368681,-0.0095930461726129,-0.0537277922769583,-0.0726074023472285,-0.0775383006489786,,-0.0934716901225165,0.0276331865083038,0.0980466159064423,-0.014314179238915,-0.1070601692904236,-0.161345534762934,-0.1102872969608346,-0.1471080532789218,-0.0978637616811176,-0.0319106053307117,,,-0.0287255581809724,-0.0446864657404892,-0.1101557104432223,-0.0539138994311285,-0.2232615489142823,-0.1577427831423282,-0.2253034842356944,-0.0978637616811176,-0.1608517397665409,0.0310728923667488,0.1996549130538208,0.0936624218531953,-0.1169455961482682,-0.0739577951926331,0.1691899804876386,0.0846878484483818,-0.1920285423889641,-0.157261849306875,0.0291178817775682,0.024143935370765,0.0524541079080908,0.1508867932535354,-0.1827009822161708,-0.0950814926646754,0.1264635828402997,,-0.1485583282087215,-0.2541012661447053
IRI_Q14,-0.1005448593053449,-0.3509848458366795,0.0700298176028083,0.3705407551129297,-0.1166462260892572,-0.0179533427122177,0.1082800089123015,-0.0329975993898684,-0.2701882104201707,-0.1270340314250123,-0.0967884345871028,0.1248441287921885,0.2073859046407112,0.9542417853529458,0.1835813466958706,-0.148629168776773,-0.0991332694829169,0.3063386155388993,-0.0313562774243318,-0.2787324999858033,-0.1306237799611276,-0.2228713950987874,-0.1497235197112961,-0.0822284709579913,-0.2526724376815825,-0.0161835718978027,-0.2699109316271877,-0.1862904602296504,-0.0571517961487055,0.0021389355767945,-0.2154301676929877,0.2474785350867072,-0.2060055881226139,-0.0523221571612449,-0.0427365119683537,-0.184189594903328,-0.1357631332544563,0.0576351030070619,0.1634053897051297,-0.1247500222737318,0.1895728601284869,-0.2245195454214057,-0.0546676687469442,-0.1274481027248082,-0.1291130612712111,-0.1022355774757478,-0.2873643120161139,-0.0665961299809044,-0.2490031561476918,-0.1275764477675899,-0.2370179307584399,-0.1502499182376391,0.0390937160475642,-0.100065381924343,-0.0822617039639683,-0.1988397049854878,-0.0195565923013373,,-0.077932017461444,-0.0321024086057503,-0.1593930474294932,-0.166803304056298,0.1263956911748701,0.0329941988733166,,,,-0.0293031826510452,-0.2575474533452408,-0.2013590649477119,0.0386214452355095,-0.1707916791963108,-0.1500507581026206,,-0.0489219959769904,0.0264005343080088,0.0591986819260498,-0.0160213694498257,-0.1084820214945545,-0.1300950182221336,-0.2215084536580455,-0.0628627491958765,-0.107753630993379,-0.1457899339233728,,,0.0114631944822672,-0.0099754957139801,-0.127581376892619,-0.0930433446567963,-0.2028115839905116,-0.2575029660758865,-0.2561865008949714,-0.107753630993379,-0.1797772677504605,0.1251688923722617,0.2020443126467733,0.1293649356747127,-0.1032114733312765,-0.0697081443039958,0.0751455355170496,0.1573813386246496,-0.2421441600140784,-0.2585745790248508,0.0154255089680927,0.1034810852430473,0.1355139807039364,0.2149483870218699,-0.1518001709603156,-0.0965711894866848,0.0279559795632073,,-0.1947419201044379,-0.1678105396413879
IRI_Q15,0.1181887052559012,-0.112207590431801,0.1430990155157271,0.1568608338297762,-0.0645744827510085,-0.0445303249019993,0.1007631280884473,-0.1979642691796495,-0.0167009512429305,-0.0313929332924791,-0.2512678738769199,0.1426689779557998,0.0457371262774357,0.1828449966223875,1.0,-0.0182643030789441,0.0877612791757799,0.1260610058407354,0.017141193792427,-0.0883497986811328,-0.1305748527486964,-0.0303695295049215,-0.0616381370876153,0.0218140161839715,-0.1949351656767257,-0.077746640335181,-0.0223092981506851,-0.1957199294481707,0.0058161929213264,0.0469996466738292,-0.0628680216388624,0.1119926081100828,-0.0723482868579745,0.0579274002494648,-0.0869462221337104,0.0296103240051134,-0.1254131648631991,0.1079306203395932,0.0708419618630232,0.0176068982089106,0.1078797749949908,-0.0240433139436865,0.1214295210071211,0.009818401955707,-0.0643766339243761,0.0259191578574748,-0.154425919776779,-0.0616170236180977,-0.0024488592327665,-0.033283339313059,-0.0369074677744196,-0.0395420078598628,0.0289236404267789,-0.0418861976693581,0.0080170913505141,-0.0391478118941999,0.077453673741758,,0.067118891702302,-0.0187761331472367,-0.0783504385443191,-0.0803644101970339,0.1941936494991488,0.0753292393088578,,,,0.1113907935985137,-0.1181892472996671,-0.0676150306548661,-0.0263607101627048,0.015901908281569,0.0245265780380022,,-0.0267579423510703,-0.0142225290905461,0.220084090910634,0.0483129269116251,0.0510563882536466,-0.1086944493512533,-0.1000152982532789,0.0510939630810592,0.1030637764827432,-0.0957369126291584,,,0.0506460644991682,-0.0798936393268134,0.0771306821353532,-0.0105824827470715,0.0315362374325948,-0.0851360139215653,-0.0273343721946876,0.1030637764827432,-0.048238101101925,0.1114817261045991,0.1048071575640122,0.1541677219294722,-0.039509823797809,0.0429455221601738,0.1324980068308222,0.1717760845230644,0.0009862002957487,-0.0074835448832006,0.0664630549313058,0.1395349571260056,0.1506723212173056,0.0916487674684709,-0.0665769436599199,-0.1723661008270284,0.0694598357857106,,-0.04554566432839,-0.0185055007078617
IRI_Q16,0.1847491139096554,0.1844001093818385,-0.0564127504487159,-0.1422124721021459,0.394392669369568,0.1944774300185753,-0.3599722281248894,0.0699825805286693,0.1511096932240804,0.109221296165975,0.2507625331019914,-0.2355180716409386,-0.0787830248071278,-0.1881397041774918,0.0164311612536944,0.8495360631945693,0.1441242325325297,-0.0591601671580964,-0.0500076690631596,0.321303754360591,0.1649985499791186,0.2009291274549224,0.5900063158695359,0.168945596559928,0.1891157648283897,0.4088561617397235,0.170820860572372,0.1050262577462773,0.2646213005095624,0.1298183387473738,0.2225273576358238,-0.0199196919114865,0.2433587132813196,0.1857622520296289,-0.1023724370493909,0.0735929697666651,0.2249678271468211,0.0533039637178534,-0.121567527720308,0.0873006877932417,-0.1297016861282767,0.3491189427254707,0.0869665589764195,0.2014163129110464,0.2678021450320553,0.1422367957815277,0.2105657358641591,-0.0440936343457408,0.2531899864949653,0.2037111698782475,0.3006902038085121,0.3100983641649694,0.0838598582328465,0.0973716453663514,0.1319021344280559,0.2557576177748728,-0.0016915835013943,,0.0587418977202851,0.0920260931449519,-0.0345968932033576,0.2147973200046764,-0.0472770511451858,-0.0113183847716534,,,,-0.0088877717532203,0.1766473155477007,0.2219024106292483,0.0115262420491668,0.1386066822848413,0.2015095094782385,,0.2314134779850908,0.1373905041609434,-0.0268851245780619,0.0803186956472842,0.2140559753230257,0.1397257516061356,0.2131278931211284,0.1626528275922743,0.1230694529718156,0.2135661375673719,,,-0.0101866675209948,0.0660743778012659,0.1278361972601674,0.1266070490532453,0.2991183287130519,0.2647149078236872,0.2447626950329827,0.1230694529718156,0.3099694153479298,-0.1177044715449398,-0.1208475365051956,-0.1150658812825611,0.2519276041087172,0.1355058529496728,-0.0744858199295437,-0.0462174351729079,0.3122126791133762,0.2358291286397054,0.0042566435774822,-0.0833920492908463,-0.066875681633304,-0.13588666103765,0.1694602562821212,0.220764600207338,-0.0810179050713626,,0.1894025054943296,0.2429038160728438
IRI_Q17,0.1990156799342056,0.1346549750157294,-0.0045717803865854,-0.1076489850401079,0.1798070758649685,0.4586603399323843,-0.1384863913491485,-0.090136588743195,0.1328978509266155,0.4457570431058012,0.0971329813684591,0.0088645644139019,0.0222697515414578,-0.1423860627735466,0.0877612791757799,0.1040304496677085,1.0,-0.087051748292968,-0.2818802259368173,0.1999271573917899,-0.0308459259052099,0.2378376074601231,0.1480432210530154,0.3803689870585978,0.1246905942008221,0.0829914801219901,0.3384686663301361,0.0511290662470485,0.1189328671424682,0.1565373510829373,0.0838837529900013,0.0810036822070747,0.1451029780927492,0.2438340924928301,0.1984760756677803,0.0660229929017496,0.1787488937485525,0.0044398348259648,0.0228260476183629,-0.0158651261848197,0.0338445689510725,0.2143881609787855,0.8209034044483562,0.0359862224958247,0.077208017648693,0.3748310590308401,0.109580035397865,0.3966495451641028,0.1147690919492681,0.0227640759961574,0.1262463210358277,0.1009976560022695,0.078038415887414,0.1483573826969056,0.3494608166040907,0.1410610910223483,-0.020022159314488,,0.2317630460101354,-0.0781643659016701,-0.0350380670477662,0.0609998568750442,0.0607551929358818,-0.1137942185284595,,,,-0.0617803263108361,0.1010176775862697,0.096738880737809,0.030825473817619,0.0397747816226837,0.1459578893262873,,0.1691762318119777,0.0848784239982277,0.0696230080435816,0.0442356981622787,0.124814028874172,0.1142654234967294,0.1392748196433088,0.1388874279883694,0.1539655940434654,0.0584383164889267,,,-0.0362723388151632,0.0064606515624306,0.0946275865111416,0.0125154813787912,0.1257160255908621,0.142318932873933,0.1627172243591356,0.1539655940434654,0.109577178149887,0.0792594236325934,-0.0367262980953136,-0.0059374121684695,0.0759308825007219,0.0956046319176099,0.0906594221874921,0.1555783032251365,0.1362284955545212,0.1658066638656459,0.0944514905873921,-0.0672189177833699,0.0491570098289283,0.0247223864125564,0.1485137680096468,0.0907074551278627,0.0053720360569548,,0.1436401211097362,0.1890926168869613
IRI_Q18,-0.0358606844136391,-0.4339872419792718,0.2001507097871495,0.4353079799966834,-0.1771594816766668,-0.1416535622716827,0.1797160748952083,-0.1242295198399592,-0.3579126713574131,-0.1215114365577587,-0.0990335506495759,0.1856697551090307,0.1888721803677457,0.2830262260022936,0.1139770330351017,-0.1444901510446278,-0.0782580081482242,0.9428607510385234,0.0886014857303217,-0.3552948703697345,-0.1065538814878045,-0.2208255042861558,-0.0691869805719707,-0.023658864405375,-0.2618560849727754,-0.0638173546066164,-0.2710521931577331,-0.1241062535980407,-0.1631938609852725,-0.1237391867091238,-0.1518331020803012,0.2094749578415915,-0.2632865333854408,-0.1218736564585156,0.0382553635444662,0.0342826710589615,-0.2325229685803358,0.0287027742401226,0.2516125363480508,-0.0849895830347429,0.2681062589748422,-0.3227155023603806,-0.0786111672519708,-0.0507251486334049,-0.1826640849920322,-0.0305818813827193,-0.2462748102947216,0.053682059599585,-0.2520308015917112,-0.1759541801488273,-0.3196650629663606,-0.2183349986020209,0.0534033187865406,-0.1588330934683726,-0.0354375350240568,-0.3296168841954207,0.0569535305022525,,0.0216656820147328,-0.0970523589699153,0.0328001737335028,-0.273098320309778,-0.0047689649224066,-0.0381130272737605,,,,0.1238678190182024,-0.2750618934078398,-0.2899213192975425,-0.0133534715749066,-0.0810934747606457,-0.2011879323987817,,-0.1785498896603208,-0.0318565593229643,0.1260660555835158,-0.0013426114426629,-0.2055786826522227,-0.1276893363620995,-0.2274702393830118,-0.1586499419604785,-0.1519856373720689,-0.2197145520092127,,,0.0795554531728272,-0.0296094762001136,-0.1400499867045049,-0.0482423813656219,-0.2760202448026971,-0.3318050304442707,-0.2155125920614851,-0.1519856373720689,-0.1653541585200687,-0.0225142054819247,0.2195941868949329,0.2239988481140526,-0.1047707455150092,-0.0986586819236183,0.2079538233424469,0.1690584681972309,-0.2231046075286048,-0.331407211932694,0.0348914199976226,0.2231959430278057,0.1994753183028571,0.1850602306498217,-0.1741379529781171,-0.0853457962622125,0.03842505840104,,-0.190953371753585,-0.1715385761525274
IRI_Q19,-0.0963124239800578,-0.0791459013151322,0.1322648257670285,-0.1134976528452144,-0.0791800914490894,-0.2904878123626755,0.0953366085928164,0.1463661601620996,-0.0513156283354671,-0.280639759378776,-0.0017260708553822,-0.0307603230759849,0.175703597088702,-0.0178542572028902,0.017141193792427,-0.0909185451634756,-0.2818802259368173,0.0654187351124933,1.0,-0.0507108004970418,0.0753890697709007,-0.1158587591690881,-0.080869073610058,-0.3565049957923237,-0.112664114246673,-0.0300603477520838,-0.2716937565939947,-0.0120208140280032,-0.1293967788297857,-0.1006129273948169,0.0313314541110321,-0.1431453311560525,0.0317735526293178,-0.1268952567429691,-0.1921718593520658,0.0260147620834064,-0.1890490390641583,-0.0294218859466273,-0.0280525209478708,0.1692673132698945,0.0217198540911663,-0.082422691015644,-0.2388213001883616,0.2244977554199337,0.0529213431469199,-0.1983775554372872,-0.1168779366693515,-0.2308604246749119,0.1128329957258223,0.1045913578393097,0.0284802993655188,0.0482643654808737,0.01158404290745,-0.0775733381351138,-0.2911811930572829,-0.0795932424525029,0.0246259264890034,,-0.1867589653028045,0.0729880088834966,0.0418852859528676,-0.0737868827065246,-0.0510901195919742,0.2698852834460444,,,,0.0255276499458767,-0.1895342188952128,-0.0242641156561615,0.0475401705199915,0.1256013236314521,0.0402939613244068,,-0.08332689738711,0.0016462598655208,0.0916684381924673,0.0214970074162446,-0.142440961252397,-0.0853586480135711,-0.0751014357146986,-0.0513699822549663,-0.104945019486986,-0.0425984773094376,,,-0.0579416863252581,-0.0111314915585967,-0.1173379562041449,0.1144538323105761,0.0328947237213773,-0.1077294391726398,-0.0154190844535615,-0.104945019486986,0.0468117267207716,-0.0592574110754341,-0.0102218649653996,-0.0236076165649971,0.0719932423916453,-0.0807779472728108,-0.0762371164977854,-0.1752093548018148,0.0445196042707162,0.0498899688659938,-0.0978902082311632,-0.0014254276818855,-0.0405382190143787,-0.0548527935978357,-0.0054299070560073,0.0634352265645628,-0.0598069830190229,,-0.0644345465567418,-0.0148513003227864
IRI_Q20,0.1854978018326149,0.4710198577153128,-0.2299619504826473,-0.2988038326584489,0.3515875061976718,0.1637642361363218,-0.3385255334990606,0.0738951280021902,0.2612356413169262,0.2017754522938497,0.1258361713138652,-0.3443881450342204,-0.2324842016673034,-0.3115042944353253,-0.0883497986811328,0.3936579166408667,0.1999271573917899,-0.358887390958677,-0.0507108004970418,1.0,0.1766606154412273,0.4291892998897852,0.3505049320192074,0.1376322938792175,0.2942828845440836,0.2727376948448352,0.3258810880679665,0.1681173471357381,0.3813982242724487,0.2170017612056695,0.2747313379043011,-0.1626352137761791,0.4519583079216629,0.2583172949554166,-0.0344308983782925,0.0510910215104814,0.3961885558725642,0.0583076487420381,-0.2003382745920514,0.1074619602069771,-0.1336165889907616,0.6412916245567477,0.1301077254585922,0.2146657804154683,0.2620482621611169,0.0571258778856327,0.3938841970860502,-0.0604567710084342,0.4253408712186236,0.1916736389271888,0.504351755162872,0.3133778950650135,0.0428412527793782,0.1779318765905538,0.134294595877593,0.4224099278450173,-0.0856594084838738,,0.0751329583509006,0.1290506630686904,0.0269863273118159,0.3679720009669591,-0.0143763665262449,0.1284931506960124,,,,-0.0799742097249424,0.3288302410549685,0.3113682799223773,0.0212193846889139,0.1743232440319131,0.2750282535368713,,0.2089602991285414,0.2047648767904192,-0.1092535253061203,0.0540815414765963,0.3043628254656816,0.0663669172090799,0.337849069394136,0.1936210405002061,0.159609209557179,0.3482960040314831,,,-0.1468152103730101,0.1314741896446264,0.2056983322853488,0.101431737863537,0.4552833757671553,0.5155646479583857,0.3061672582526283,0.159609209557179,0.2477101020228962,-0.0673255749261555,-0.2077020524442925,-0.2294762560970474,0.2142261710606952,0.1442197887651063,-0.2017031729569218,-0.1135622893958527,0.3576809838909432,0.4368810479956792,-0.0128863980905464,-0.1304280798627876,-0.1248122855603459,-0.2123334586690924,0.189850198023823,0.1835848800222686,-0.0771178271459885,,0.2468141968455643,0.2187512137774142
IRI_Q21,-0.0039680992269869,0.1131132741751063,-0.0944392048016445,-0.1812937454523174,0.064878854698566,0.007832636620925,-0.0320830726468089,0.4273967399168034,0.1487602205582273,0.0267738706738576,0.1671943978834852,-0.1352116349609066,-0.0380976237608024,-0.106640341341069,-0.1305748527486964,0.1203032700071885,-0.0308459259052099,-0.1505757769140087,0.0753890697709007,0.1766606154412273,0.9999999999999996,0.1425506884666519,0.1751595104545917,0.0052033962154067,0.2017680277985465,0.061328013979475,0.1379254500048013,0.1977489584934778,0.1743691367202747,0.0836741649699684,0.1116639701061469,-0.1392805346722109,0.1886084844914677,-0.099633972296954,-0.0915023595000709,-0.1535073772296006,0.1561894881693285,-0.0135442035896004,-0.1101473217895709,0.0919567876160546,-0.0641215561161596,0.1647517752374745,-0.0464949990762997,0.1108011312625522,0.0842203669057646,-0.0271330274237781,0.2260409614198763,-0.1455472488488551,0.1653598168425189,0.0925924174830361,0.1458570868397119,0.1432034712983012,-0.0501523085055396,0.0433981286211399,-0.1471009370359916,0.1655860252955707,-0.0444660909329968,,-0.096154531953204,0.3468348798704159,-0.0876058090618305,0.2626182171004767,-0.0524065920198981,0.0889170114878965,,,,-0.1308187344825664,0.1763242693195905,0.3522311399672312,0.0700999305743774,0.0390389696961815,0.0537595706683426,,0.1251794388966736,0.1503062595213269,-0.0480678057373724,0.1349458539164959,0.1679989643816783,0.1077426678975208,0.2277319968304793,0.0807969546661644,-0.0760448773979749,0.3075200632567432,,,-0.0850279041104569,0.2325653375529318,0.0557772711448823,0.0076359700061304,0.1142301775699362,0.2354308379395983,0.0868077325166494,-0.0760448773979749,0.0811352457552727,-0.1574732095681365,-0.1120376045492163,-0.1509393974426517,0.08196332849768,-0.0583304852346409,-0.1138055339093843,-0.092776614965331,0.089947448229005,0.1110051034919123,-0.0306305295036454,-0.1230352132299519,-0.1118740667794531,-0.1201107119927508,0.0635322088281436,0.1471877929314617,-0.1649723903046205,,0.1334794031416138,0.0982777713642599
IRI_Q22,0.1780871501817695,0.4300544205061042,-0.1797118552128395,-0.3070574243161811,0.2790152548241578,0.193044007566154,-0.1480468733561398,-0.0406819493042423,0.285036408509602,0.1389261874237494,0.2037207484595476,-0.1064546707398165,-0.2036649637646428,-0.2785318566614931,-0.0567130903656474,0.2292843610918832,0.2462519392125729,-0.2458958598210696,-0.1185444371659428,0.4399436622952677,0.1112642292678532,0.9695852065779028,0.3122876767635536,0.2167032629518199,0.2941359133824747,0.0518394361806598,0.3358094324683359,0.2293102171786426,0.3104708758374566,0.1743817893123442,0.2044780030912513,-0.1299803235633235,0.4621385330422606,0.2003785347765843,0.0178740612902283,0.0803889404443771,0.4745498441847994,0.1719195724094439,-0.1909439347527883,0.2226122154694802,-0.0921154636554686,0.4375980366418796,0.2490442059799917,0.2733027728676345,0.2867236200092401,0.0609807622259391,0.2906991858041861,0.0135961020841506,0.4790114593417888,0.2367442199199441,0.4584686747462638,0.3598310345008438,0.1011168643555395,0.1745947809342017,0.1409919608134456,0.4741923654310491,0.0811202104415463,,0.0789999575858042,0.0504940714776114,-0.0097067098234266,0.3125300589249309,0.0159919860231558,0.1328304602035372,,,,0.0465035923650326,0.2856934414704511,0.210402637952507,-0.0045893733412284,0.1805375741180897,0.3496393887860335,,0.3239540783974284,0.1693471481746246,0.0291412454937298,0.0323342672737386,0.245771966689733,0.0752570095536098,0.2219942386698108,0.2610480393405384,0.1406263600993059,0.270285134099428,,,0.0275025914619202,0.1318098784433751,0.2032314122037038,0.0948406466983829,0.4068747187186937,0.3741527676091473,0.3487868669191027,0.1406263600993059,0.3215549404420845,-0.011451612448996,-0.1702463961390571,-0.1833227871358439,0.241085097119697,0.1353422559145523,-0.062681142918797,-0.0603370651546321,0.4945341922054433,0.468476636885799,0.0329019209823009,-0.1157570915739804,-0.1053254876814989,-0.1942561543609582,0.231660400486982,0.145338013432924,-0.079279819536639,,0.2565869543782706,0.2844064460249494
IRI_Q23,0.1211315394988112,0.1380577723787997,-0.066085778896823,-0.0589478165085575,0.4110853675010374,0.1643113994288264,-0.3536477458152105,0.0406154916101168,0.02744303808117,0.103375685433004,0.1776661993215479,-0.2119481568873979,-0.1074784326764808,-0.1660915663702976,-0.0585246160410268,0.5774787018403014,0.1525673812860654,-0.0846426365604152,-0.0862748269125895,0.3542778293614302,0.1779779644137977,0.3028028581970904,0.9984657689373574,0.2650096300180746,0.1796040547436574,0.2915167901428105,0.1690731164438137,0.1272883372689554,0.1691068361116134,0.1346777707434615,0.2781510497843327,-0.0227833238680155,0.2433293676019012,0.1952406795115931,0.0319224135879722,0.0961342339544863,0.2992084569264465,0.0675796089838917,-0.0285717809526326,0.1486580439472452,-0.0808427559804165,0.3765792316428833,0.1177594211060957,0.2265107184856162,0.243316532085585,0.1228905263654363,0.2578055920811857,0.0418281236787801,0.2471139723609544,0.2454085505227176,0.2955011755234453,0.3498914266115809,0.0809909529944483,0.1004075787682472,0.1701573022389222,0.2789330845271589,-0.0164850682970731,,0.1235022640865453,-0.0369131771577391,-0.0065046213505202,0.1765800474137083,-0.0853675971028342,-0.0426539382654463,,,,0.0226338533863881,0.1498234585915251,0.1929318589556216,-0.0604991020134127,0.258830876959046,0.19914391191368,,0.1858121652159278,0.1251767610342465,-0.0298325309558035,0.0465352909603299,0.2210490616610148,0.1447688261332809,0.2346981708030683,0.0755645451620634,0.1206068683686056,0.1332211717823482,,,-0.0031457653832791,0.0405986129491351,0.1481331662292512,0.1548473022509217,0.2213498904485014,0.1716538954750864,0.2845031182010091,0.1206068683686056,0.338689708314807,-0.1601185866055542,-0.1712955121920268,-0.2126427052086801,0.3035804687083628,0.1361762808134354,-0.1194700965000215,-0.0531969869144165,0.336324979467229,0.21349156753534,-2.376502066199146e-05,-0.0883853587721052,-0.0652234825084272,-0.2763145511428608,0.1925633693458225,0.232367564684615,-0.0746671940077636,,0.2266917385576398,0.226306238330466
IRI_Q24,0.1071729078051158,0.0971145751545771,0.0588079217076375,-0.0008969628390232,0.0860259739104264,0.3436835924069406,-0.1372908937319799,-0.1893929871301887,0.0552602633964573,0.3496725989103386,0.0538169734111684,-0.0082093002354768,-0.0783807693728922,-0.0855566957642976,0.0218140161839715,0.1840400043366147,0.3803689870585978,0.0112437637734178,-0.3565049957923237,0.1376322938792175,0.0052033962154067,0.1971992186207649,0.2649971978405573,1.0,0.1062633452742537,0.0992877589025341,0.3549287072401936,-0.007964960447598,0.0625627388951426,0.1253837349440756,0.0281266424878189,0.0884287404754199,0.0066483392288348,0.121798812608758,0.3586085970785075,0.1351823325227771,0.1248427069560999,0.1668760523702289,0.1280474165305755,-0.0701265798264834,0.1211807651362826,0.1619229412004921,0.2818092332318715,-0.0185204605028115,0.0167109241761304,0.1608279105024239,0.0091648544534377,0.3376689901277782,0.0162143908320672,-0.0564189070862516,0.0726532463772081,0.0478032048988142,-0.0059698776875513,0.0763859539790981,0.2340923980443379,0.1192889613968051,0.0760525761939951,,0.1639091885689247,-0.1077477137846277,0.0859943345394799,0.0465772271005512,0.0527407180156701,-0.2265120396314149,,,,0.0127657020197445,0.0184108882545045,0.0200966757582987,-0.0672656136275797,0.0982073241755324,-0.048435649525964,,0.0063220062393693,0.0836285789382497,0.0586744042405424,0.0500693324094393,0.0601316392307835,0.0887906387311073,0.1311145307898668,0.1100549651142353,0.0832718653215995,0.0243766903579836,,,0.0643778721298162,-0.0703528085201342,0.0636630764620902,-0.0278434682431656,0.127680097845703,0.0589260372685441,0.1320800591253854,0.0832718653215995,0.0676402008840658,-0.0368841833855458,0.039992842712305,0.0377733688541532,0.0588160315091005,0.0475762311431765,0.0994428298466774,0.1013757701191426,0.0662079133365854,0.1134431085043754,0.0628691180890114,0.1042081468499951,0.0638622558347929,-0.0288403865966124,0.1013392288717899,0.0684715130541657,0.0450794175202843,,0.0654643859809557,0.0820036115349808
IRI_Q25,0.0215512009532389,0.367517746499714,-0.2971143153057737,-0.2654552121252776,0.2544802415974795,0.1753879661119267,-0.2545772408369179,0.1910762814251014,0.2545734229972888,0.167990196786914,0.2661590544134861,-0.2430343688609932,-0.0671490918681274,-0.2397318440208156,-0.1842526464851851,0.2129886222904607,0.1167839722612237,-0.2651563306272744,-0.112849234149637,0.2720725624041292,0.1852564111777656,0.2786242968129772,0.1896804707465441,0.1106375974469154,0.962962822862306,0.1706346620472635,0.2421877322557465,0.362457698704307,0.2077710906636037,0.184757943406245,0.1533934241945753,-0.128209592299423,0.3935815641183886,0.2279227068489757,-0.0746974556188063,-0.0293910035532781,0.3248325480907595,-0.0847774984226334,-0.2211046616255646,0.0953915645509866,-0.1498144443180093,0.3618741595027478,0.0946280845486608,0.1250357371744585,0.2620237303960425,0.1150131882250861,0.3141265768232393,0.021192410306164,0.2880041464156719,0.1802846972007849,0.3562909193871358,0.3041764227224861,0.0559649391766376,0.2129892486625721,0.1441265961215125,0.3165953089585204,0.0024515044565524,,0.213502889318877,0.1196301360044152,-0.1254768254509738,0.3117007535717293,-0.1303934480791603,-0.0148408237165114,,,,-0.0757495055293665,0.3094700878221468,0.3434225466788292,0.0461570460881629,0.1036010788791793,0.2865755564160629,,0.3118272510903796,0.1885975106395525,-0.1315279070664656,0.045134996630569,0.2012347507568256,0.1226449457980434,0.275280077949348,0.1843968849051265,0.2041175010722971,0.3268801683417049,,,-0.07262814537442,0.0828707901349028,0.1694908457297012,0.0246276977642969,0.3025515598216231,0.3637791018420917,0.2521887522101936,0.2041175010722971,0.2495062448251299,-0.0488779221548322,-0.1745168009245019,-0.2622299638186415,0.2222071815251141,0.1776771612516785,-0.18940988306804,-0.1379856602298366,0.2771799248650652,0.3165382195063708,-0.0638756826750649,-0.2410288959922633,-0.2364513976934623,-0.17230399881343,0.2620102755103223,0.2005751579461969,-0.09370323855604,,0.2535009707037235,0.2827698265199036
IRI_Q26,0.234637199479663,0.0551759298731606,-0.016847847283165,-0.0805363963870601,0.4189070389956434,0.1344247383708329,-0.3864543756370851,0.0373454704160014,0.0105533092788084,0.1313367757635398,0.1770603338890408,-0.3364646827148937,-0.1496182932437169,-0.0849899210455709,-0.077746640335181,0.4581483394350076,0.0829914801219901,-0.0482384235003006,-0.0300603477520838,0.2727376948448352,0.061328013979475,0.0523815922565062,0.2858094761244826,0.0992877589025341,0.1585735789697101,1.0,0.1744693819543117,0.2324172122358138,0.3837309067175005,0.0826959400286571,0.1797169193743266,-0.0892632428028619,0.2382003954613368,0.1617207941600489,-0.0895858759666339,-0.0101659724464242,0.3817039901521868,-0.0856234818935642,-0.1235810038065385,0.1170520862738532,-0.1290276530429078,0.2395767079472786,0.0921969702541191,0.1721463016788533,0.3222463866219431,0.1072337530748243,0.2132670171038529,0.0013486335941323,0.1847751248630796,0.1637902990538176,0.2848637485485871,0.2207252982680702,0.0175628555518407,0.0488298787500346,0.175520032315485,0.226196748498846,-0.1332832123872049,,0.0665931852113795,0.166457620499748,-0.0049837172306768,0.2310844747065715,-0.032989443251986,0.044435038033885,,,,-0.0811447085011077,0.029995521817424,0.2060905821642114,0.022708169476133,0.0798582977019648,0.2202793734286115,,0.1629926105388722,0.1801364284966147,-0.0173105161087341,0.0829618302114791,0.1142597432851398,0.1165228180810797,0.139261292229571,0.1840516992398393,-0.0822419157419632,0.2618464698816515,,,-0.1154499076960646,0.0418366573062087,-0.0796256501948533,0.0146147391078081,0.2388670876591095,0.2838373785179634,0.1540165086351857,-0.0822419157419632,0.1340554361456355,-0.0709795144716995,-0.0834337476965913,-0.1877596755991663,0.1915951000728856,-0.0287559306963469,-0.1495251068677842,-0.025660155367327,0.1666064918142791,0.1349458042282794,0.0327901411287148,-0.2762028223323348,-0.0900931040827139,0.0328220452714363,0.0681978957978002,0.2257075867193781,-0.1122188449374,,0.0530959932028401,0.1008636745902398
IRI_Q27,0.1493053853649166,0.3290042956196934,-0.1582265513682387,-0.2754465171525646,0.1902438874283977,0.2610621024520778,-0.1714714803912407,0.0015212777719725,0.3356993080171683,0.3016129201961846,0.2333840593692113,-0.115961559981803,-0.1737013083742398,-0.296228804554112,-0.0223092981506851,0.1901419209090015,0.3384686663301361,-0.2869255750280106,-0.2716937565939947,0.3258810880679665,0.1379254500048013,0.3327513707121649,0.1639787175027375,0.3549287072401936,0.2588380949862279,0.1744693819543117,1.0,0.2646091699038944,0.2139343619587192,0.3174750568679488,0.1760947415843517,0.0039519016731864,0.2767621712162325,0.2418544766591537,0.145710234021026,0.1747662015278315,0.3252239211201618,0.1074731759710369,-0.0473843221555977,-0.0170029648735387,-0.0339555742391656,0.3530764796963647,0.3480516866720757,0.0763689084064384,0.1722663190153743,0.1919147722045334,0.2682830062748453,0.1335702321199862,0.2775378911535884,0.0798043289283894,0.2908675934400159,0.2265644927818449,0.0961396962058967,0.1795292295546803,0.3331424554611215,0.3212162430763027,0.0078050401640129,,0.1613508781019829,0.0028431123302138,0.0753768413695982,0.2134469759106617,0.0076039453454928,-0.0300680882658377,,,,-0.0377014245812193,0.1861991429602885,0.1789337700154739,-0.083852036865567,0.1682855952953559,0.229809130894921,,0.1885618426960003,0.1608690574307456,0.0826801347108086,0.0147492363445709,0.2444405154102239,0.1712962362995869,0.2577681793324254,0.2105569709919912,0.1070718105685657,0.2440462167536855,,,-0.0404287231877959,0.044867559975335,0.1265557895778099,0.0110881504858399,0.1965588337713091,0.332726762872876,0.3617144771652033,0.1070718105685657,0.1852524348771269,-0.004123770720926,-0.1165064563343847,-0.0568449468131008,0.1066659516866363,0.0696737159180441,0.003246160966993,0.0462967983792858,0.2277846901925466,0.298225660692183,0.1199628602596325,-0.0291232995110376,-0.0416331321525454,-0.0014392597320174,0.206707287261352,0.1586846235153861,-0.0265604165193145,,0.1608574612709473,0.1559186712043247
IRI_Q28,0.0219179824518475,0.1771184244438058,-0.1929702690995561,-0.2707088449411522,0.156364087514855,0.0049489936408231,-0.0571517142890144,0.2945340792829959,0.274833964252224,0.0663876754353464,0.4346725846193201,-0.1273251168174214,0.007366713572516,-0.2196615891710203,-0.19591682596648,0.1302007932155502,0.0555509557879798,-0.1437643612037998,-0.0127223975878074,0.1730920357590048,0.1971208616799665,0.2361391021137255,0.1169521908082507,-0.0049434176011198,0.389295043505889,0.235178441906437,0.267110712164823,0.9963379348014652,0.2162369233063261,0.0931016743408782,0.2647469020716854,-0.1769031053800024,0.3416255191389773,0.0741824088003239,-0.0916421840532509,-0.0020141817881133,0.3412461275241102,-0.0153055420284526,-0.1797243342760011,0.270799014063779,-0.135366927351732,0.2706527024430749,0.102910949759727,0.2896514872177462,0.3808858766566146,0.1642386911065821,0.3284088310245145,-0.0355269599633263,0.3098068599328326,0.2467683368473071,0.3193410407069496,0.2592083084455234,0.171952888071321,0.056233750179533,0.1893377987169535,0.2190702283249473,0.105867595745172,,0.1795896747819327,0.1487112064453929,-0.062227681205962,0.1747972685995319,-0.1672601902368644,0.100431385714291,,,,-0.011862835589579,0.1067901809662798,0.2874761544730724,-0.0026502218291796,0.2497007976359538,0.4473913187399581,,0.2999664268722013,0.2459939180152547,-0.0292330636707424,0.0679253736198917,0.203030822551713,0.1245426654162236,0.1790120422632852,0.1630125186570367,-0.0879023316129676,0.3541074498045217,,,-0.0829927738536119,0.1086003876165265,-0.0414431368075702,0.1645615183753237,0.1828247342605151,0.3100556069221352,0.3068843978202821,-0.0879023316129676,0.2748643894461545,-0.1145134912696774,-0.2045885787760568,-0.1978590147577757,0.2236259910584183,-0.0495828301637736,-0.2582341083717648,-0.1713215952816457,0.3082811842472291,0.3714986889278158,-0.097684017548792,-0.1957976088475814,-0.2125927523203726,-0.1930505202355801,0.1385784808564491,0.1887020489642625,-0.2079715834121769,,0.1161585389311438,0.164728461899747
PANAS_Q1,0.5832059268370463,0.4792483396822636,,-0.0841977661995644,0.8160796936682806,-0.024324143932868,,0.2902047058942837,0.4691910959223925,-0.0875399259546128,0.4097444009751112,-0.1748233573564052,0.3405851450146794,0.2081681399155178,0.1024601333706673,0.2138070799121543,-0.1750680112618175,,0.2828148433239689,0.6526709469415694,0.3663512345572639,0.4359414389477256,0.6517595375268571,-0.2209954937752328,0.3888560655833822,0.7464065888716422,-0.1614787343476511,0.538195099836601,0.9999999999999996,-0.0313278395492613,0.5620312174798385,-0.0773702555391234,0.314892401298901,-0.0586475648587969,0.1106137743040094,0.0065530798761088,0.5016713964047368,0.280611312130003,-0.023638946718987,0.1846503165257791,-0.0048854542944089,0.3169958931050578,-0.0216860441823941,0.0992434252735621,0.3293507684242323,-0.0337548307918808,0.4679535474273223,-0.0513627700688594,0.3859935828118096,0.3106599430428975,0.4177023572299194,0.1976354419305268,-0.1782398624889785,0.1491699475481593,-0.0837686197469848,0.6528718496644083,-0.1031624329111946,0.4438338648662785,-0.103316108076068,0.5944724616881258,-0.1175839105404058,0.363882120280762,-0.2542090705897766,0.2048605962903396,-0.1290473330203788,,,-0.2972625801464412,0.2436855605731165,0.3745512335723959,0.4480780325297319,0.5867766972445649,,0.1111484138670618,0.096724816084995,0.184751881881668,0.2207321733238662,0.3978358747412632,0.3606371536529963,0.1493669033240788,0.1567350838858482,0.1686125757103002,,0.4705184295875985,,0.3637730174541044,0.1900313195015328,0.3204559865451423,0.1500613887681959,0.3155815831551763,0.4209154922702937,0.5041345823384661,0.4386378421154882,0.2458240095618509,0.3727392636883083,-0.206230558720409,-0.209951932408666,-0.2047775331049565,0.3944571812934507,0.233108689855312,-0.0876530191780091,-0.1250525551043251,0.3460608270679683,0.3753018107255451,-0.1919665140751079,-0.2382052573484171,-0.2480619353564504,-0.1867798443389676,0.3069042534914726,0.2696183623640638,-0.1090208257174011,0.1635281449226937,0.3052322543666144,0.3426334013594034
PANAS_Q2,0.0307911077897719,-0.0871444233987007,,0.5400270827316321,-0.0546377571113259,0.4690178011215395,,-0.2338129425189986,0.1112107068339963,0.5605461736039374,-0.1778402282509092,0.6659367118438635,-0.2396608093838521,-0.1518896290537259,-0.1092463524202656,0.0053167342761828,0.3737715161018241,,-0.3049151632995828,-0.0209133457007032,-0.096135733931392,-0.0940447868829205,-0.0647728423764456,0.5213481756018481,-0.0899432037547205,-0.0647650968168864,0.7830315489038744,-0.1514383413171421,-0.0313278395492613,0.9999999999999996,0.0519714431174626,0.6867429355992529,-0.1488105674391807,0.3863748401957592,0.3341823942731828,0.2566422015624945,-0.0045899239196867,-0.0434786396693402,0.4011600859441869,0.0636406112334712,0.2984953132456978,-0.1088398307102474,0.4825474524297872,-0.1516921302866852,-0.1371696957619678,0.4713422781468415,-0.0875007932286364,0.451104073887363,-0.3213315340895168,-0.3325502412546508,-0.3160136831449641,-0.2164491593726519,0.3494387745902538,-0.2008379840910878,0.4313120687553802,-0.1427317296646034,0.3872776823864547,-0.22087637120006,0.5095992539137045,-0.0985991205433134,-0.0542158667467364,-0.0808443253384295,0.1904061290735715,-0.3470655777202004,-0.2011720706549979,,,-0.1372952621304654,-0.1513488707237121,-0.2201750456867787,-0.4287357101292182,-0.1111376643008929,,-0.2290371929116367,-0.1201068869929098,-0.2675958399153146,-0.148108244265282,0.0485167130262886,-0.2358757838801859,-0.1492324135281966,-0.1353538216255009,-0.1505500183060218,,-0.0810918587526315,,-0.0671414483788024,-0.0346033515285255,-0.4250010376014559,-0.2108338223320994,-0.2747786491490825,-0.2861874104956952,-0.2743197434708378,-0.2863711285780957,-0.2858911209073688,-0.2851536214904061,0.6031431866095712,0.6205888323135447,0.7483207457987089,-0.25850546225498,-0.27359623970245,0.5273144885079502,0.6658203209681188,-0.2893992484561929,-0.270825165163376,0.739562528480294,0.61311874253117,0.6307021821348647,0.6474900159448084,-0.2726865816427271,-0.2752616974777379,0.2782654749449754,0.1228770032794187,-0.4291947492703086,-0.2625533623886097
PANAS_Q3,0.5989295703780981,0.5013243162022657,,-0.1048564783185697,0.5818238750647811,-0.0145838978626393,,0.2864859664143152,0.3502089545834115,0.0335604059681663,0.4615835239040621,-0.1425764317681939,0.2699776330339161,0.1972384564314158,-0.0060994416394648,0.3081239408064706,-0.1477141291534663,,0.2938364451633398,0.6538749176186637,0.3818029453220753,0.4694775834161763,0.4717460618939916,-0.2214149651316182,0.4322237923602147,0.4785614011338829,-0.0942821336786148,0.5119349762246037,0.5620312174798385,0.0519714431174626,1.0,-0.003659086927852,0.2827805036154679,0.1380305391160263,0.1436537343961494,0.0006816047124277,0.5097102943754022,0.2605905690312066,0.1021931402708767,0.1290257858275831,0.0642411265763436,0.3813157313048075,-0.0059409651693214,0.0921999048424995,0.3033902770436356,-0.0052905370799209,0.4739111283601708,0.0065702712329255,0.3748753840558279,0.2933576980083583,0.415895980838814,0.2178770337949478,0.006753414252299,0.1294542878012733,-0.0445660845626112,0.5637268480979958,-0.1217709851137408,0.2335630504332068,-0.1032074394472676,0.3542007734577508,-0.1285861070192294,0.2695909818140117,-0.3215692735764747,0.1463184686418531,-0.1125595518647844,,,-0.3217780487856457,0.2429406385855675,0.3014119029091791,0.2851030582717481,0.373094373554649,,-0.012150097930184,0.1269478623260226,0.1956829204688926,0.2364901109327973,0.5184614120358526,0.3157163351489244,0.2117889872089546,0.2197364503919635,0.1968560602650371,,0.4892284489479002,,0.3453009456624731,0.2162752373828166,0.1815242120786036,0.1765690890062251,0.2997569046815772,0.4224293107613781,0.4644517484226361,0.4564296596456461,0.204541176225733,0.3815808942152911,-0.1979604401813275,-0.1504547444348833,-0.1333109891500724,0.407443184481433,0.2874166399119595,-0.057081124799171,-0.0901639468907912,0.3408072448194274,0.388818227934178,-0.1021873288603176,-0.177669661848998,-0.2001191695456038,-0.1336917074951037,0.3183972894975632,0.3001189364765569,-0.0949115461884115,0.181802403319392,0.22998062414608,0.3183159681774358
PANAS_Q4,-0.008012298220023,-0.1379885853138272,,0.5274709635392629,-0.0915650684458446,0.4900526163801031,,-0.2259547751998871,0.0980791401184874,0.7246211225973063,-0.160991569290809,0.7299655023581499,-0.2059821644925715,-0.150125887799197,-0.0754515998262677,-0.0264813425736209,0.3860315524921559,,-0.2892390569714629,-0.0703761835952089,-0.0508551458435155,-0.1098105256924042,-0.1125723420084609,0.5921861204284836,-0.0601885751797098,-0.1293804557734467,0.7376745194384748,-0.1884804589775696,-0.0773702555391234,0.6867429355992529,-0.003659086927852,0.9999999999999998,-0.1846903512947147,0.3108860435871392,0.2501853287385897,0.2787583033131063,-0.0613935970583373,-0.074612217170406,0.48056620406536,0.0311786683942069,0.2927087592827075,-0.0751708333502668,0.5023919304944207,-0.1029485680613847,-0.1742831613129795,0.5567358155711077,-0.1179657505619299,0.4491895203202459,-0.3074169817058698,-0.3553139534569624,-0.3217928127350367,-0.2144661022341097,0.3852486812858855,-0.2188140259202967,0.4771812090383456,-0.2076836376074529,0.3186346220951134,-0.2909965374432183,0.5149799060682566,-0.1268501579809103,-0.1581389757979154,-0.0841346853751039,0.0966327941536319,-0.3400557454456022,-0.1538527241877429,,,-0.1627274340047356,-0.1274961277399643,-0.2951711069088437,-0.5099337435586234,-0.2002742360895024,,-0.2589978896492776,-0.1172822769598551,-0.2314885760332029,-0.1145129743685908,0.0476803609319271,-0.2992771030534168,-0.1173743465992607,-0.201747345026173,-0.1253874762736198,,-0.0819228201213913,,-0.0938396931272311,-0.0555208598301504,-0.4737250353243963,-0.2371219035960943,-0.2391652721945633,-0.2794817813996016,-0.268708064720145,-0.2956981882336011,-0.2680621436040186,-0.2573038923080509,0.5924682001801895,0.6763600882359029,0.7265780001273202,-0.2109565310733214,-0.2422185437272992,0.4926233940865047,0.6782995519131868,-0.2700753989317039,-0.2246570158612738,0.736966224699527,0.6664111497519756,0.6770058907679927,0.6986483499531718,-0.2186188482467309,-0.242617983003009,0.2902818196366106,0.1221572292503055,-0.4060640157688615,-0.2501439742641084
PANAS_Q5,0.36386179708091,0.5660088844271065,,-0.1307831782671135,0.4174771351088601,-0.2788937362874095,,0.4926254271275105,0.336647079915163,-0.0667991980046397,0.4710677591363484,-0.3158336267411881,0.6060821147089334,0.2767751443943026,0.3578491985285048,0.1916114303211532,-0.4165388624736939,,0.5009464569991531,0.3832286195399933,0.4281783380205769,0.6400334193690084,0.4402210979024094,-0.3347953375265035,0.3772446105792255,0.3566551899059911,-0.2421894823148038,0.5576646848316608,0.314892401298901,-0.1488105674391807,0.2827805036154679,-0.1846903512947147,1.0,-0.0112714843235057,-0.1007621166570448,0.0475094295166861,0.3100338515732164,0.2850546988607681,-0.2926739127465815,0.3468402568274651,-0.1076590344495367,0.3268214371772549,-0.3000616326496124,0.2704034770928308,0.361246441462812,-0.2532310818956135,0.4330923798854822,-0.1589281589038138,0.5137900538805974,0.4159081935337396,0.4678033987785384,0.3311972594861392,-0.0697975691863863,0.299430995530769,-0.3522181004860056,0.5289431962456623,-0.0638057008559213,0.3707949772649302,-0.3174778337387418,0.461760005611519,0.0141634149282502,0.2703110536763154,-0.263065726479884,0.5843481126645862,-0.1343399763224585,,,-0.151957231023517,0.2996123637693073,0.5530102643625916,0.456421510473264,0.5192227559228249,,0.1778361328217858,0.1119457560268877,0.2907237894124042,0.3179728118248678,0.3000029996733542,0.5086504898388173,0.2083144092154321,0.2251411488029506,0.2311752987919669,,0.3880065433803745,,0.2346057228751429,0.1473819750441354,0.3280515014940759,0.1827247768788756,0.3766375619784216,0.5390174182132494,0.5519576229315735,0.4892930480697349,0.4934620905307777,0.5677656499613811,-0.375098569980953,-0.3439317800320242,-0.3444021260573209,0.5364619159082141,0.4097258343539103,-0.3160437184554825,-0.2836657479129254,0.5390601947835875,0.5528706321612138,-0.3199667711532744,-0.2801475007746067,-0.3880949230964399,-0.3528231059518197,0.426130293932064,0.3956355970015243,-0.2117512527356279,0.1506825268412535,0.4213883808164299,0.6207969750695154
PANAS_Q6,0.014110685756694,0.0208833273428743,,0.530169360196981,-0.0599564682538159,0.3709109723600716,,-0.0680012442794493,0.0449902109854569,0.2761300943401579,-0.0269980757472393,0.2640011343231191,-0.0904948496794434,-0.0752012767863797,-0.1039124725275737,0.1470206089343906,0.2803770671817506,,-0.1278825478120698,0.0217803097109804,-0.0155122690822462,0.0609165333542165,-0.1412090432298801,0.3055517834106456,0.0529762998420108,-0.1243057853476959,0.4227577371310712,-0.0012107588524519,-0.0586475648587969,0.3863748401957592,0.1380305391160263,0.3108860435871392,-0.0112714843235057,1.0,0.3133842518540742,0.149516394633076,-0.0017307618854862,-0.0263559410372218,0.2607971062274338,0.0025016709068816,0.5733084009470866,0.0478270733562125,0.3729367483662937,-0.1728938993839821,-0.0565158497096493,0.3648441063520988,-0.0133813486011391,0.3621302156242591,-0.0396037518616935,-0.1556522154703443,-0.0774489530753621,-0.0071086938280137,0.2047981873509597,-0.0643905956669922,0.3580095265364811,-0.0607024833902505,0.2994215628996319,-0.2156436324456092,0.3530006523351866,-0.149259250521469,0.0767012024139072,-0.1136246473694614,0.2847663751210238,-0.1463324593354312,-0.060799161138454,,,-0.0440440695032606,-0.0002264698955587,-0.0869947896426914,-0.2989588473389575,-0.1005928696099611,,-0.2457441036798866,-0.0203022934567877,-0.1456730356405387,0.0142557301760801,0.0491921792231905,-0.0807127533616156,0.0587709219957284,-0.0103199784099253,-0.0044357925594911,,0.0064562715565897,,-0.0209062003528527,-0.1118415586282265,-0.3079257943233433,-0.1817163733921764,-0.0901868988133336,-0.0247305519085964,-0.0516442229338916,-0.0773000866028772,-0.098255648442027,-0.0277024494927782,0.3666431287308801,0.3473450484565453,0.3854809490123895,-0.0248450800587991,-0.0504322170667324,0.3862200518625709,0.373389077973742,0.0056314364804608,-0.0449390497404034,0.3380657081677383,0.4277845592975976,0.3348655852729489,0.3336266165921919,-0.1004468229509918,-0.0636946798173038,0.521932486109042,0.1502186873703477,-0.2784077383489932,-0.085341397188514
PANAS_Q7,0.0529023102753733,-0.0445858451464467,,0.2561815670437021,0.0961126475664226,0.3524981545401137,,-0.1528216479690076,0.1160596321169078,0.214121323331772,-0.0877987879418536,0.2124955000136186,-0.081576540819413,-0.1689478748086152,-0.1502066178325193,0.00228740441503,0.3091858955632007,,-0.1283275780242247,0.0130963508828058,-0.0221694576631538,-0.0452333417948453,0.0427709413672631,0.3444110807406831,-0.0163230439610263,0.0356591126735605,0.3521398114746026,-0.0938534858282805,0.1106137743040094,0.3341823942731828,0.1436537343961494,0.2501853287385897,-0.1007621166570448,0.3133842518540742,0.9999999999999998,0.2543676737228,0.0518361567356032,0.0345492011367874,0.2775291658855394,0.0752736661448473,0.4079057887378585,0.0051378385398227,0.3840694426790923,-0.0201738206158088,-0.1127441927145487,0.3285896245416111,0.0175467210299828,0.5364824962109707,-0.1305791205528461,-0.214131398396989,-0.0956680191788405,-0.1158472009484384,0.2308195972547125,-0.1831509047533771,0.3440623766231098,0.0056648041981787,0.246263882979687,-0.1237521956456588,0.3249078492694244,-0.0240637299662633,0.0219922822390708,-0.0877440837075426,0.11283258918324,-0.2893093438951148,0.0215445094428292,,,-0.0942886757932552,-0.0974003217216211,-0.1226034818338277,-0.1625878433887836,0.0228463017572389,,-0.2056295723954158,-0.0077509898740042,-0.1366080666768037,-0.0714183933977033,0.0457123432944388,-0.0656029143456465,0.0545299029599775,-0.1252455593707335,-0.0243158635992175,,0.0193858426982362,,-0.0272120063547254,0.0253288166405963,-0.2015888875071087,-0.0725651786963244,-0.1566928373105129,-0.0596389851391525,-0.0952569580742307,-0.1084890387513217,-0.212898854854656,-0.065699189640812,0.2865812540703651,0.2643430508085059,0.2728425503655728,-0.0976141449239885,-0.1386570298979913,0.2837925610622369,0.2894919806480071,-0.0732235545121863,-0.0891038277462647,0.2938863440165352,0.3283636428984903,0.2540612218144231,0.2801669556927383,-0.1351860579901101,-0.1811010352789299,0.3439590124559837,0.0491204381777329,-0.2627883944279063,-0.1677060350264151
PANAS_Q8,0.0594579530700383,-0.0138817075166889,,0.2623156723435332,-0.0048148036597675,0.1771770528672318,,-0.0510874141538961,0.1405918130784181,0.2629682444454656,0.0142104421138905,0.1468417793007032,0.0144970914089252,-0.0256971902512584,0.0734988189426285,0.0384764025328811,0.0960064069536846,,-0.0119195353154639,-0.0053342034837407,-0.0048642733894409,0.0072136045903377,0.0029026936505139,0.2699306269996809,-0.0393825995925161,-0.0081276627548353,0.2823361105267054,-0.0405352817433227,0.0065530798761088,0.2566422015624945,0.0006816047124277,0.2787583033131063,0.0475094295166861,0.149516394633076,0.2543676737228,1.0,-0.0575932737884808,0.0709884820630641,0.1879371598743055,0.2404174325308405,0.22512132292655,-0.0827534328550907,0.1593616094902089,0.0898615750505411,-0.1317047998488356,0.15794782570315,-0.0849630447605744,0.2272400119232465,-0.1299873528312454,-0.1686356263121323,-0.1003844165883352,-0.0513850892626787,0.1003023738440104,-0.0063860565740096,0.1593822125696586,-0.0041233817720748,0.3344227199904172,-0.0519413886684742,0.1561445294506275,-0.0006696041626592,-0.0997333559840759,0.0416060425899222,0.0602652951781744,-0.1271022068875839,-0.1021732577560186,,,-0.0725934201345535,-0.0316514939451796,-0.0567849338102348,-0.1305488622790828,0.0282316463041494,,-0.0981553050123002,0.1210975781875529,-0.086720698816848,-0.0842445966482735,0.0804780083109819,-0.0075287210662536,-0.045548095990089,0.0121530416064362,-0.0389803381401061,,-0.0449155983706475,,0.0333962048217453,0.0505707407385616,-0.1550236031373329,-0.0656246241994489,-0.0700481048302837,-0.099170377578537,-0.1172893079221801,-0.0990701581497346,-0.1013085780956147,-0.0294380895023824,0.1803260170553479,0.2199349686205469,0.2377681801488992,-0.0674384214912005,-0.099348022030285,0.1914431802436133,0.2870139759258628,-0.0629462299411933,-0.0718317745389319,0.2339695217119449,0.2439313121959505,0.2032625847245682,0.2223147981744061,-0.0889553264380788,-0.0940645883995991,0.2555493620090086,-0.0555776440317915,-0.1154111857931802,-0.071072900457774
PANAS_Q9,0.6014579157390039,0.5319004108299747,,-0.0724383480402187,0.5730818446239339,-0.0126094753381008,,0.3093412128091843,0.3373056593602316,-0.0211973909535466,0.4561749625554669,-0.2052314693164505,0.3433819512609836,0.1651431486958906,0.058929339289118,0.2449898583503355,-0.1597246457883734,,0.3185232541055982,0.6225590166499215,0.4027786626822408,0.4965194986430615,0.5782795277698093,-0.2492374540545826,0.4571265564798039,0.5515185310982982,-0.1261236989896312,0.5111715998271169,0.5016713964047368,-0.0045899239196867,0.5097102943754022,-0.0613935970583373,0.3100338515732164,-0.0017307618854862,0.0518361567356032,-0.0575932737884808,0.9999999999999996,0.2968972110580483,-0.0203932262936514,0.1327144692833488,-0.0539423362021636,0.4607246655186614,-0.0377375826225282,0.1667971566041623,0.3830922274328167,-0.084377656658722,0.5328900402736692,-0.0724128930276068,0.4404160286391961,0.3463903120920217,0.4595343021747858,0.2075186223068482,-0.1310482483421151,0.0971029826961327,-0.0693294197240605,0.599675717505056,-0.1332723729870272,0.3607639300786183,-0.1203089017018419,0.4361615982246889,-0.1186906347431662,0.3205857704911428,-0.2519780867367687,0.2039035927724939,-0.1821871091135447,,,-0.19626770872214,0.2255482200035641,0.3189229793140145,0.3854375909993989,0.4349499938340545,,0.0901959239960137,0.110415500993189,0.1611134805195371,0.2256747455163377,0.4354101357023758,0.3846032259494324,0.1971346690061274,0.156266947297719,0.1732930172361866,,0.5020785405750929,,0.310887881703291,0.2377690853428097,0.2727719555632196,0.1306220378376544,0.3459562607961258,0.4366885684058986,0.5661301805501939,0.4787330473048576,0.2269204389562399,0.4494058373777256,-0.2831435024739536,-0.2505501147665481,-0.2226990510273741,0.4652042051457979,0.3165831411376708,-0.1444778640247629,-0.1902995994897941,0.410379362148281,0.4703634752323783,-0.2155273504256162,-0.2021649028753614,-0.2991390129982098,-0.2115622342906264,0.3844244379935408,0.3333340208776261,-0.1938316675803055,0.1314404652885659,0.3381759098719287,0.4170017641604326
PANAS_Q10,0.4020028258242465,0.3918062985319021,,-0.0345387202297112,0.2886941025866529,-0.1355365588893954,,0.3623903815113877,0.2827036939698088,-0.0306434119837184,0.3647125350096107,-0.1765945728031196,0.346692384106998,0.2454016779287668,0.3732077070168441,0.2604294121879663,-0.2721641224687835,,0.3931620092107647,0.3348321021641852,0.3435947081620366,0.3400007906482136,0.3593171296910881,-0.1566229914272981,0.3443077495631207,0.3121874025634001,-0.1070193802758844,0.3538541479624043,0.280611312130003,-0.0434786396693402,0.2605905690312066,-0.074612217170406,0.2850546988607681,-0.0263559410372218,0.0345492011367874,0.0709884820630641,0.2968972110580483,1.0,0.0179075894598721,0.2292180105338607,-0.0575014217939897,0.2366740025141548,-0.1459393985655532,0.2794168909408944,0.2724189882314105,-0.0605384119943678,0.2193143072856694,-0.0493297917380221,0.2817054893132213,0.2914751513500608,0.3547930711439316,0.1512294357058836,-0.1578928805896327,0.2331939008940321,-0.0948301876019053,0.4415212556815777,0.0159014839136551,0.21520551287834,-0.0955409695964424,0.3319628746214622,-0.0695450829209045,0.1242329659356971,-0.1714781947798819,0.1666916041923039,-0.1450618222797776,,,-0.0932933851369302,0.2915250407489368,0.3581026065374356,0.2939481506854816,0.3821974796439545,,0.0460197178092622,0.1521515046892344,0.1877983422935571,0.2385801990845418,0.2986410291078537,0.4487257224029466,0.3113441779605701,0.1464301455318711,0.2922584571606842,,0.3054150398745371,,0.2406289895357431,0.2931555670794715,0.1772068285297853,0.1267149186249399,0.2949161584743359,0.3399762217763252,0.3545339607977426,0.4202768079809361,0.2950903358768513,0.4024063730983246,-0.1989951590320469,-0.1758171342890593,-0.1871690601829288,0.3537660112769544,0.2927093895870548,-0.1151594284669214,-0.1422937568187393,0.3970985663614008,0.3782241005774049,-0.1964761551957347,-0.1619677427134265,-0.2649135935111308,-0.1811078297564444,0.3179504428612434,0.280540963454653,-0.1071872735414786,-0.0361563600710095,0.2692601773910927,0.3696532357128828
PANAS_Q11,0.0686946710459966,-0.1473710542508053,,0.3533907801462305,-0.0525802004669764,0.491110282654826,,-0.1512354735062773,0.0716795150913608,0.3439986643258494,-0.1281707688875488,0.4940481204459178,-0.2038035629443807,-0.1318481603768764,-0.1675586894408296,0.0137102994929523,0.4721291264766361,,-0.161251238343137,0.0080165308522748,-0.1012169660825811,-0.1526914870866442,-0.056368654135898,0.5504040674971078,-0.0634334933580721,-0.0587836258009645,0.4177954983672124,-0.1767102010601928,-0.023638946718987,0.4011600859441869,0.1021931402708767,0.48056620406536,-0.2926739127465815,0.2607971062274338,0.2775291658855394,0.1879371598743055,-0.0203932262936514,0.0179075894598721,0.9999999999999996,0.0366692659607803,0.248082521054498,-0.0738012577257149,0.5321321508099639,-0.0118746387810536,-0.1714802153792857,0.5343601590373739,-0.0438651355994378,0.3999485595594008,-0.2168599396737289,-0.2429723894488699,-0.2169318070424678,-0.2233244065508376,0.2238407333402148,-0.1810727380601479,0.6695385354093727,-0.0913567926434069,0.1981851366142794,-0.1992296043723796,0.5274970565128942,-0.1034524906540518,-0.0796089244570248,0.0011524965564531,0.1275684607902257,-0.3467383894689922,-0.1336369469032974,,,-0.1762009217306808,-0.1026254537689659,-0.1886497592576912,-0.3302475128873425,-0.1060856928439497,,-0.2603651661597595,-0.0729560545722495,-0.15841156636924,-0.0710514523028769,0.1720549557776982,-0.1958532991516711,-0.0043219210141278,-0.1467265086367534,-0.0469990909006682,,0.0034389935951024,,0.0072052257273007,0.0938570285557063,-0.3454473849933535,-0.1763282067684886,-0.1890680550666703,-0.1916663750514542,-0.1882707881456436,-0.1845078885981196,-0.2542022988142465,-0.2068390613744495,0.4754099980803354,0.5175815961019228,0.46114084945783,-0.1796463577958329,-0.1339394201757903,0.586722006768195,0.4832058258936731,-0.194188101108301,-0.1576155178603962,0.5076175405449717,0.4002757847241552,0.416224663609454,0.5666796907298042,-0.1592615889524108,-0.1267792915170013,0.2254247532859478,0.0105264431153392,-0.269699304080466,-0.183959322615339
PANAS_Q12,0.3278104109532481,0.2680725021852713,,0.0012926363785215,0.2617305650770729,-0.0468228624886738,,0.364812554628215,0.279150339747093,0.0634215682119365,0.3346664583755897,-0.0771970510157416,0.353354111512191,0.2823630821288088,0.2655845526655109,0.1615051678759941,-0.1147951076571404,,0.3514843043300061,0.2347701634565106,0.4035767540805737,0.246530343938364,0.3034820427070392,-0.0422023372740116,0.3254698348586154,0.2619251105331705,0.0166835443999159,0.2779935692023031,0.1846503165257791,0.0636406112334712,0.1290257858275831,0.0311786683942069,0.3468402568274651,0.0025016709068816,0.0752736661448473,0.2404174325308405,0.1327144692833488,0.2292180105338607,0.0366692659607803,1.0,0.0508183581272688,0.1088323307631921,-0.0566103486692198,0.3615855984022258,0.195740230124311,-0.0068467866652411,0.2432149035987701,0.0717311343067969,0.2441405573354085,0.2074267371796821,0.2493434900796006,0.2403813385700569,-0.0016872786885127,0.1378648754127043,-0.0306127005277372,0.3237837934885278,0.0369701652914016,0.1572094723494226,-0.0220113079565932,0.2753414784397784,-0.1554431353176742,0.1721020500474528,-0.1232419474412344,0.2521265319152279,-0.1244428903880787,,,-0.2366778691571216,0.2571197898440673,0.2944861724527827,0.2398649269071371,0.4241222076545865,,0.0383443032112569,0.1241304795521561,0.2289659843901665,0.2454402339575931,0.3121382984621549,0.278783371634088,0.181539674536315,0.2197066306908368,0.1687896494873763,,0.2888129730816233,,0.2161445375881244,0.2528704071503552,0.1898331965221408,0.1485950972136202,0.3198143143966194,0.2373174784869267,0.2002125113557297,0.2682417875981875,0.2961821738457677,0.2374918213626899,-0.1561389886410863,-0.090671414955383,-0.0783541167001051,0.2472070262799026,0.2062225135777456,-0.0311602657232958,-0.0319676241003381,0.2144357437448671,0.2353153424627573,-0.058836761766314,-0.0538002707373676,-0.1141464367322227,-0.0626028101904543,0.3081963260768723,0.230516644053002,-0.0102339368082048,-0.0124492349309186,0.2932305407210301,0.2524118276280175
PANAS_Q13,-0.0005947321808816,-0.0651936064151277,,0.4177558647938212,-0.0829448790572403,0.338560729426414,,-0.1557360783875205,-0.0204526876309169,0.2551859526762557,-0.1363442751850004,0.2700499684409381,-0.1571668456689965,-0.1666578162612156,-0.1565044236261431,0.0695698778969193,0.2960646475516751,,-0.1497135385652655,0.01670445399981,-0.0689774484232012,-0.0335782741127485,-0.1876454488767334,0.3379150095511606,-0.0540995324626745,-0.1812478759628212,0.3936557448996958,-0.0926327705767265,-0.0048854542944089,0.2984953132456978,0.0642411265763436,0.2927087592827075,-0.1076590344495367,0.5733084009470866,0.4079057887378585,0.22512132292655,-0.0539423362021636,-0.0575014217939897,0.248082521054498,0.0508183581272688,1.0,-0.0728938625493634,0.3524862261177369,-0.1432659034867456,-0.1351789489301821,0.3290250003766908,-0.072075505554903,0.4286295905528248,-0.1442539492078171,-0.2659216721787247,-0.1271662156571216,-0.1213943966647472,0.2159611706326483,-0.1659688837711015,0.3233279466436772,-0.1111082202414526,0.3478719910498387,-0.1754087472145744,0.2860641048908376,-0.1529098777834693,0.0767223290648468,-0.1077444122881356,0.2214073553647617,-0.2387167903697002,0.0278876197480639,,,-0.0111723823988858,-0.1013636616994198,-0.1125374544879685,-0.2756365146102743,-0.1211461477077004,,-0.2688711484713321,-0.0105376007006798,-0.1123766460435474,-0.0612117521137257,0.0330485118057572,-0.1344948875796907,0.070123869063203,-0.1241294407408336,-0.025496190138711,,0.024037110642882,,-0.0037592320935934,-0.1325511925307772,-0.27548395075902,-0.1362358923173701,-0.1808145814299264,-0.1061889075036405,-0.1072876844699947,-0.1059819437237176,-0.1861718343572905,-0.099467357459669,0.3504887757409812,0.3107710464894626,0.3318596690003324,-0.0985416964386639,-0.1583872292494668,0.3669620174557963,0.3659568864016295,-0.09484019607741,-0.112207606427603,0.3365694029551612,0.3839368669304568,0.3643309797755668,0.3134279224168435,-0.1819965248978776,-0.1965353971117681,0.816413008931672,0.1385368944106879,-0.3030732101522791,-0.1632486356179925
PANAS_Q14,0.3955408076404579,0.4481453731904026,,-0.0878279198968858,0.4044052897007046,-0.0968882780378667,,0.2952272143226462,0.2664354569820227,-0.0259091041813218,0.4089515526799643,-0.179429666679011,0.2823162821785797,0.2867229928117619,0.0972295636553098,0.2774333324160528,-0.2081216490958819,,0.3219838615595899,0.4942310817517575,0.3779782188217758,0.3833787670548642,0.3740246328423052,-0.2337424824901094,0.4438352965948909,0.3638046891034047,-0.1836606701893854,0.4712383614372134,0.331055245617986,-0.0943860577997455,0.3841401339404746,-0.0605681064986803,0.3284869755789197,0.058101829581077,0.0075484032270871,-0.0720995412010165,0.4662379826117537,0.2422936910016123,-0.0555832701383093,0.1044116564735604,-0.0701816136139133,0.9908455014726522,-0.0979863015654064,0.1425447068650015,0.229938728342623,-0.0849865654573388,0.408655768439518,0.009340112441606,0.3893341519170018,0.3505260676333918,0.4203298495274953,0.3045447598091346,-0.1060954864876422,0.2658924528690324,-0.1228402459985495,0.4145040393408933,-0.1915459170856023,0.237305550274791,-0.131505375753392,0.3231437929157358,0.0295587167378587,0.2041881005458216,-0.1732293612415907,0.1950644132292861,-0.085722270108377,,,-0.1193441012242614,0.3323540696148081,0.3056181859423927,0.3553422379745971,0.2954555105816983,,0.0073322526272074,0.1159693088439963,0.2477500402894376,0.260662939066015,0.3457343401205515,0.3401443271569919,0.2237817226177554,0.2332331688639487,0.2858852322562562,,0.4342428535138237,,0.3558434282070337,0.2422771746511575,0.2586548633160047,0.1227509316110407,0.3428396065596241,0.4344565450526024,0.4552892795988701,0.4243383655772685,0.2483913417548056,0.3246354350565804,-0.1877747744441859,-0.1941393298265541,-0.2273539721915412,0.3830327309714646,0.3123465847727011,-0.1186759549094229,-0.1429208264085163,0.3603208378640462,0.3604528676554214,-0.1618395706260206,-0.2052201395008424,-0.2685103598603096,-0.2116286328306469,0.3397508791231357,0.3334694925381473,-0.1814888638304946,0.2200258963682201,0.3102932486336037,0.3179629662713425
PANAS_Q15,-0.0127283172947342,-0.2087562338578777,,0.341001154505438,-0.0819106062722377,0.8964248869331005,,-0.219016089378814,0.0880626236028337,0.3968762346513621,-0.1914204787044227,0.4866097006605078,-0.2557477875734206,-0.1205360438868601,-0.1928055388337231,-0.0288855353940865,0.7861406365325038,,-0.2885633259181313,-0.0413805234287217,-0.180289453846035,-0.1626667205720351,-0.1317907244790592,0.6645184516683932,-0.0735878890673644,-0.0745764682862438,0.5628881515759353,-0.2463932113085528,-0.0733050332791301,0.4211770339139714,-0.0037013233372897,0.4509098342338845,-0.3097349052468098,0.3234438547830625,0.3432083438028733,0.1445664840385349,-0.0477955587627762,-0.1468056345494645,0.4854659675033764,-0.033707879039304,0.2942535262269003,-0.1184010856360088,0.8638016196753414,-0.1472455069561231,-0.1028986508502076,0.6335430304730449,-0.1076799797230804,0.5201760492111074,-0.2683796948218704,-0.3379250194426936,-0.2838399553186842,-0.215908198393482,0.2608891987773682,-0.1881279513463216,0.7447683685248776,-0.2297282234111682,0.1742966459431556,-0.2920088643560327,0.675425377012803,-0.13213533573847,-0.1680348624395849,-0.0565665898126425,0.1148214783040413,-0.3342206289873565,-0.1941731208370304,,,-0.2950272207399622,-0.1808233494600979,-0.2397848351502639,-0.3736760137618136,-0.1501865618613678,,-0.2444904513474611,-0.080629244170551,-0.1369125522965126,-0.0517381404767432,0.0849341460738873,-0.2511968041478949,-0.0118694068269356,-0.1621585427080539,-0.0975340418837136,,-0.0265541369949071,,-0.046287854596234,-0.0163103438591896,-0.4618016201845668,-0.1909081628211046,-0.189613293184858,-0.2996308226558938,-0.2743097937094315,-0.2874304944229807,-0.292647636947858,-0.237848902558844,0.4463043880884354,0.5287860044369979,0.5250202635210073,-0.2273384571737048,-0.1784494819208876,0.5064744288481231,0.5385806638174075,-0.2233761117390322,-0.2129339055733526,0.5159077853069572,0.4675057904885703,0.4795375978984472,0.5648243300118985,-0.2290745896110131,-0.1700836681056499,0.2638780922007593,0.0417240151916054,-0.3328327894140356,-0.3019800644816733
PANAS_Q16,0.26244097279844,0.3087126668837249,,-0.1470676726467703,0.2378239316582213,-0.1528769519037068,,0.3743919873313229,0.2778287749083703,-0.0595070772945164,0.2867827476340053,-0.1807883244818669,0.4197154394571885,0.1936571873374312,0.4617951381649554,0.1044692488007137,-0.230296275551531,,0.606586576264805,0.2183469195301821,0.3629579471550989,0.2489815008169446,0.3451713457172617,-0.1329818608141522,0.3215177757826438,0.2592970368237122,-0.0745026401870332,0.3653217786698662,0.0886126367513769,-0.1387199501674814,0.0779418603292967,-0.0899187618813003,0.2593485749854784,-0.1647138738283679,-0.0108310170541791,0.0995785108561186,0.1550912383125298,0.2636842387146949,-0.0033505698971582,0.3498231902649337,-0.1351085136766539,0.1426800098617109,-0.1291135653150599,0.9931084183593376,0.3433927232695578,-0.1246174572198248,0.3022195142189587,-0.0224407738996773,0.2960871482734675,0.2621509274740375,0.3181600423080517,0.2254159952649506,-0.0553514293877016,0.2235098928450404,-0.1448729586002074,0.3212968942475715,-0.1155981422613953,0.2246125050117345,-0.1258601377277827,0.3073653144282842,-0.1686644742741465,0.1678778250434677,-0.214981541722031,0.2471474234570524,-0.0418973490470667,,,-0.1589735893544412,0.2084367704110069,0.4711290466355771,0.4076826659629768,0.4582765542294978,,0.0797512460333229,0.1277362838857924,0.2741227883291701,0.2253874534532397,0.2722612589961006,0.4276309455385049,0.2133409620157376,0.1078447511481492,0.2483924080652943,,0.2784666069932962,,0.2872521215699515,0.4680312884726549,0.2840798695474722,0.1479536786028115,0.2960149598525653,0.2930912900466206,0.3215847195268086,0.3773184776697155,0.2764310325266059,0.3068394172295589,-0.2421198890237956,-0.1817810856179795,-0.1576785675586838,0.2897299447484688,0.2477667941042502,-0.1648966286934046,-0.1871302667473379,0.2740337310181768,0.2965334317064089,-0.1711102677955567,-0.2169612755279245,-0.2222507215156206,-0.1663736450330726,0.3047920009840068,0.2451024700843777,-0.182989653853911,-0.0470669601877615,0.307643601701784,0.3657521228095853
PANAS_Q17,0.4326210748791785,0.555217975930256,,-0.0837344442044493,0.4585468527818476,-0.1304369127800326,,0.4397067702674699,0.2868710482493267,-0.1684576417317308,0.4860875165670853,-0.267767791692463,0.4125592146488089,0.2595971859817556,0.2817561750914733,0.2144375981106939,-0.2874409724997008,,0.4479077728963175,0.4116073987728861,0.3865786446460346,0.4856897260114601,0.4788867401260564,-0.2948754189985072,0.5032774435927451,0.4355934605403298,-0.1965809031117474,0.543187174357513,0.3293507684242323,-0.1371696957619678,0.3033902770436356,-0.1742831613129795,0.361246441462812,-0.0565158497096493,-0.1127441927145487,-0.1317047998488356,0.3830922274328167,0.2724189882314105,-0.1714802153792857,0.195740230124311,-0.1351789489301821,0.2384024776734742,-0.1687894057117778,0.3461715487177681,1.0,-0.1379756523978588,0.5121858427357,-0.1269051953655322,0.4844763470125831,0.5292049585589008,0.5125496440313932,0.2762090313503471,-0.2132318285504038,0.2996146955318364,-0.2150971477931579,0.5145819376383165,-0.1439215535302354,0.301092745583262,-0.1876651108881226,0.3931012917932678,-0.0841515646102521,0.2431883733226517,-0.2758636285132338,0.3158988365481371,-0.0539429261898468,,,-0.2241638761008403,0.2373890587738934,0.5028179370566228,0.4346967637876709,0.4854779455634591,,0.1326852887084173,0.1165885544594799,0.3248414403922175,0.3490213630111292,0.3636727068423693,0.5016353884011894,0.2569580916280078,0.1995124697175999,0.292067334802122,,0.506024118233826,,0.3454065919875531,0.3726915250444714,0.3358312624879785,0.1735402349656339,0.4151850322482129,0.426961228117894,0.5102431645325116,0.5184466492449676,0.3291196130556584,0.3987601414030451,-0.3538321557172594,-0.3054150061051882,-0.2614045097018487,0.4047401362100902,0.3618696137534654,-0.2126333511567752,-0.291698549072414,0.387220023201174,0.4221546343343952,-0.2879119880351223,-0.2664127225693943,-0.3443924224416886,-0.2742587957142439,0.4180258122241284,0.3368651084930683,-0.2541973740975631,0.0842848006434273,0.4205668259897919,0.47286992486076
PANAS_Q18,-0.069741344511856,-0.1989369451966313,,0.4217218798861219,-0.0606093437825889,0.7392560454885019,,-0.1645351687033751,0.1321648560422278,0.4732991192760621,-0.1718934632818731,0.5793921464918992,-0.2608131795019929,-0.1343028591420201,-0.1556364416783287,-0.004107456031267,0.6132311587640924,,-0.3091655529878972,-0.1100774204322629,-0.1475254715150474,-0.1778081443573126,-0.1174040798130077,0.6678415847924579,-0.0550724192993209,-0.0822689135030765,0.6400928953753702,-0.2825674383146853,-0.0337548307918808,0.4713422781468415,-0.0052905370799209,0.5567358155711077,-0.2532310818956135,0.3648441063520988,0.3285896245416111,0.15794782570315,-0.084377656658722,-0.0605384119943678,0.5343601590373739,-0.0068467866652411,0.3290250003766908,-0.100911988705256,0.7590411579327525,-0.1369462495705535,-0.1379756523978588,0.9999999999999996,-0.0773634732864069,0.5886915293770061,-0.2849402974986912,-0.3289258521308689,-0.3132739934150605,-0.2106288898801102,0.3112265747870241,-0.2297455234314848,0.7750302458555542,-0.2141575050168829,0.2565890554388668,-0.2460125979562196,0.906542321579748,-0.0543912927718449,-0.075000631925257,-0.039099821594966,0.1601800181589507,-0.3305449559717818,-0.1416881406370528,,,-0.2138266192409321,-0.1252661753716371,-0.2670332578137265,-0.445571954449742,-0.1339496316954767,,-0.2408616884542255,-0.0543207560640171,-0.1978315020668586,-0.067797442885854,0.0329952584649075,-0.2665006300873594,-0.0069046448640606,-0.1390826526807728,-0.1058949950162484,,-0.0702503302439033,,-0.1417055589626389,0.0346562299632626,-0.5182478770811744,-0.1776874730337742,-0.2154913146283801,-0.3062037107541208,-0.2620850809907399,-0.2980439655418825,-0.271563763003833,-0.2310124746399471,0.5187413721004048,0.6315528873941325,0.5990158465885292,-0.2155133366504376,-0.1864927368357116,0.5784404502048633,0.6287042330670028,-0.2064295904726211,-0.2158923444943711,0.630933000639633,0.5988501945050996,0.5578702708260108,0.6942191228891125,-0.1784229132392871,-0.1795522789010865,0.2894163136616755,0.1098514684548518,-0.3289330248778538,-0.2767125732408149
PANAS_Q19,0.5802762571053,0.6740125675275388,,-0.1089511780904953,0.6503937772377268,-0.121878076064127,,0.4365262547173604,0.3969145047531586,-0.0635832306248806,0.5515265587662961,-0.2138657533377615,0.4809460756448167,0.2643292294943808,0.2002482785864796,0.2946430455569069,-0.2328054580255698,,0.4905435513712262,0.6542484909213484,0.4682552716369285,0.6287692068296704,0.6093857616218545,-0.3043182627914208,0.5425299351508875,0.561670623364195,-0.1822259860171523,0.6992129665457162,0.4679535474273223,-0.0875007932286364,0.4739111283601708,-0.1179657505619299,0.4330923798854822,-0.0133813486011391,0.0175467210299828,-0.0849630447605744,0.5328900402736692,0.2193143072856694,-0.0438651355994378,0.2432149035987701,-0.072075505554903,0.4202679111637886,-0.1140382106012119,0.3137329762813399,0.5121858427357,-0.0773634732864069,1.0,-0.0336836592910809,0.6890606210598517,0.6115087257596252,0.7272810129421285,0.3525696811743252,-0.0617614313959398,0.2699978975369578,-0.1366558152561799,0.6389539670037427,-0.1751645120777838,0.375724792829033,-0.1423243182717478,0.4855698780685525,-0.0574554217756647,0.3258971611800465,-0.3556282959416992,0.4087745332472968,-0.101268841589679,,,-0.2487830229309995,0.3376157724444375,0.5228527531584732,0.4588718972844818,0.4970880631668257,,0.0916414587805594,0.1187715365811851,0.3416347031463397,0.4574209913294619,0.5792830805396735,0.4977204311918447,0.2952782675481892,0.2388689052629834,0.3533830462210638,,0.6858709388865072,,0.4335548906671035,0.4007447502992473,0.3248343664662848,0.2130820539562831,0.4572128854973479,0.6846833641896255,0.7606454121066435,0.7451308019423909,0.4110812809629521,0.5199791942113388,-0.3357286167522563,-0.2852104308041062,-0.276859998016018,0.505607835859876,0.3826906954947597,-0.1748701235731882,-0.2262657818500731,0.5234455448127227,0.5520084827049123,-0.2454386418436743,-0.2271794105595441,-0.3127428548025478,-0.2565311589281579,0.4522217057761897,0.4022045633028272,-0.2041068102196045,0.1461788071755222,0.40818647197629,0.5456676117511154
PANAS_Q20,-0.0302893468106128,-0.1650836408246305,,0.3132250881086061,-0.0355789122305435,0.5541498421618796,,-0.1476231586871484,0.0972653231308702,0.4361194183195799,-0.153924654612534,0.4204263921918664,-0.1969010554870001,-0.1398407095713701,-0.0990915011057679,-0.0624218865228516,0.459745501105694,,-0.2399767648453434,-0.0539952193044111,-0.0989657961141569,-0.1360466100942636,-0.1060458873432428,0.5380539154807717,-0.0470148353758258,-0.0895538925929971,0.5719199692376697,-0.1854319491282457,-0.0513627700688594,0.451104073887363,0.0065702712329255,0.4491895203202459,-0.1589281589038138,0.3621302156242591,0.5364824962109707,0.2272400119232465,-0.0724128930276068,-0.0493297917380221,0.3999485595594008,0.0717311343067969,0.4286295905528248,0.0018487409567001,0.5661719115101962,-0.0315824169254291,-0.1269051953655322,0.5886915293770061,-0.0336836592910809,1.0,-0.2598375242759777,-0.3190363443178161,-0.2653091434442367,-0.168989883006703,0.371678146794971,-0.2251249003797454,0.5327173512926899,-0.1655688244964541,0.3256353245077327,-0.2669554272356315,0.6005359097073033,-0.1126045834235178,0.0207629766929148,-0.166283549266542,0.1446459849799765,-0.3102345807265358,0.028150079084817,,,-0.1476103276102126,-0.1023176276406091,-0.1803315048052906,-0.347716424019582,-0.1335234117852208,,-0.3160875557268671,-0.0795225443022137,-0.2099287649534226,-0.099301878565225,-0.0294038650419793,-0.2329732610910537,-0.0130715778624882,-0.1599327890164385,-0.1225772817067601,,-0.0690475786236494,,-0.1729969572941237,-0.0155364145236629,-0.4340074327749426,-0.2406565910159453,-0.1910112255164045,-0.2180224308093748,-0.1811332407554429,-0.2564351492531675,-0.2462177360653502,-0.2233280632679762,0.4190232075646685,0.4945718604304573,0.4596647883646488,-0.2025773214782926,-0.2025398425352057,0.4248430981792999,0.4868453540562547,-0.2123583541669468,-0.2138109744049267,0.5257715558242521,0.510711406821822,0.4708576457870366,0.4786184449143966,-0.1837093525844134,-0.2271794704257143,0.3360241447319557,0.0262984020984964,-0.3677317269343702,-0.2762813534552056
POM_Q1,0.6706644669726947,0.2171680478813719,,-0.1989811760407778,0.8324478510773671,0.0434728354924553,0.277706146006017,0.3071246810385206,0.5570799054442243,0.1032199642525682,0.5710680777561461,-0.2990418909031248,0.7383536455428024,0.7161594057712093,0.4188122875589589,0.2976899469275565,-0.2399052611142604,,0.5778161716632866,0.7813983725976881,0.7139840043211104,0.6630803574809518,0.6344724695487828,-0.3304099180321695,0.6471593684954517,0.787317752966302,-0.4706961207682411,0.6131959242181404,0.6884939945728925,-0.4368426812672721,0.4315759390803144,-0.5288812165726852,0.6907784285243523,-0.429349990338751,-0.3244821732451476,0.0177485361009812,0.7138481551749025,-0.2433583935028166,-0.542345739832639,0.6486459046795532,-0.4077042534174719,0.6787098141916148,-0.4026628481737365,0.6360394256697791,0.7130443017121593,-0.5208356936369387,0.6673962278701314,-0.3628428860672797,1.0,0.8457028354724399,0.7630670774138288,0.5681032560652108,-0.5339532671229744,0.6155703241417401,-0.530207006420816,0.7754003970274818,-0.3138685813730518,0.6288862496058842,-0.5961699006137627,0.7800594437692254,0.532574317237889,0.5444131068020989,-0.2986396204744302,0.7680653041547292,-0.1306671007309067,,0.3340423826640363,-0.238928466315329,-0.12900801955163,0.171549276782202,0.7080901763680529,0.8342486978143864,0.5666132752186351,0.9100476112040854,-0.1190210316023126,0.3402398947274018,0.6324126309986852,0.4388372990843792,0.5266620275102584,0.2757691446348158,0.6956268657030428,0.5060640539608294,0.1301339169679815,0.3712907684036483,0.0219720150375304,0.5384530946540816,0.4194476230996067,0.7950700036043312,0.3032461760266193,0.7885196936655606,0.7927440856787993,0.800608280269559,0.7933838306950414,0.7366321666521305,0.6121706867841761,-0.3698904332677346,-0.4086502025894317,-0.4415323767554086,0.5253823288644202,0.5144220624578542,-0.2406512538263192,-0.3581556704604326,0.5873894511430056,0.6009080683476753,-0.2970449305874865,-0.3003539913878976,-0.3596616356168773,-0.4188463679128235,0.4733639315268922,0.5467183091719056,-0.4969912892465544,0.3147757752531341,0.5862356095281683,0.5390351051181497
POM_Q2,0.6845345302948662,0.2171787494256832,,-0.2101796734471308,0.8228714963391017,-0.0188612064698719,0.2605957817844644,0.2862109776759107,0.5729990643576872,0.0780708979960939,0.6201480583790977,-0.3241659372277851,0.7318378877691061,0.7534753530688718,0.493363656849659,0.2980027439184854,-0.270414536603863,,0.6162795048937014,0.8160992311006137,0.7558781009661957,0.7146179387812542,0.6501269608395646,-0.3674786796816997,0.699293425697131,0.8158760721179521,-0.5304516179710856,0.6676245665505656,0.7282375240871004,-0.4920417859627714,0.4407450938930055,-0.5522127670552139,0.7299496900854071,-0.4873717097494298,-0.3438329293807268,0.0004802925781012,0.7420130247066439,-0.2716055742741372,-0.5954101954223352,0.6549389553148872,-0.4489456875600436,0.716196849052069,-0.4646761593467609,0.6464378090458582,0.7290474812964245,-0.5503725467438343,0.7033040566687907,-0.3830911137083813,0.8420162447581447,0.9981725751860197,0.7922084363848518,0.6707041803148527,-0.5396572132170594,0.6373539787795489,-0.5861921691916835,0.8156893526645206,-0.3571880292872481,0.6265462692033626,-0.6366236863884573,0.7400707825943332,0.5743026507370658,0.6184995865827155,-0.3116716843494865,0.7212224245712393,-0.1018536263080179,,0.3349565153207029,-0.2322473187802029,-0.1377884625603432,0.2201017138979706,0.6801887922246143,0.8299677382434871,0.5891398564299567,0.8333911063211773,-0.1155367521508676,0.4389257101132931,0.6029096704467478,0.4735782557058891,0.5944619821668415,0.2887689896905702,0.7563986125025838,0.4835153215045626,0.128101304411756,0.4312474350342472,0.0044452233052347,0.528237010053797,0.4033317704126102,0.7684647616696504,0.2908671906258076,0.8536323131879595,0.8494549580270432,0.8376766458323669,0.8429916190781783,0.7986350624690388,0.6687989467967783,-0.4186026788745083,-0.4595577407034086,-0.4736309243037585,0.6007520945322589,0.5705326691929713,-0.3380996567399376,-0.4433192274952291,0.6184158047575308,0.6488878141031621,-0.3628020065030499,-0.3604560621495125,-0.424564397156284,-0.463775917233188,0.5693341441265751,0.5847038577214345,-0.4995553126918979,0.2949563920451922,0.6312187037677044,0.6183870912329964
POM_Q3,0.6594303456298034,0.1849668863725093,,-0.2082065690779593,0.7716441936145471,-0.046113968175959,0.2754529134020572,0.3288484044884086,0.5594740606260225,0.0744030381795777,0.5757149217803501,-0.3446674010444206,0.7229122310057479,0.7210578974961093,0.4884137178271337,0.2953570335995631,-0.2715613385266183,,0.5641304502426352,0.7822538049313035,0.7253945050522784,0.6633311512629201,0.6310901979652683,-0.3277960720849567,0.6944493828876646,0.7434671213572999,-0.5162903612689942,0.6526526468208911,0.6801465105496637,-0.4944970172486425,0.4341166945565214,-0.5548951218258555,0.7362724783306012,-0.4767306840619632,-0.4280058190031724,-0.0471393994133642,0.7303942588932693,-0.2887199490265359,-0.5622583013440666,0.6529213119541675,-0.4741276811880968,0.7226046220507594,-0.4725421169455649,0.6812553920573364,0.7237811610295368,-0.540999530774041,0.7076200628005886,-0.4737196702195485,0.7673110021539069,0.7944597296653505,0.9982564721876188,0.7195148485191598,-0.5511650816412614,0.6621595769515913,-0.5367210046181006,0.769671632285704,-0.4465580434854085,0.651525600173617,-0.6247214017309461,0.6998435804504971,0.5640349794662263,0.6218246678637789,-0.3716104006871465,0.7350796039582259,-0.0750718901920947,,0.3026665164474264,-0.2376799421833121,-0.1325425059732881,0.1833022857676165,0.6614990423660474,0.7882960375501208,0.6179607468546064,0.7831663693788551,-0.1152919651523946,0.378113798752582,0.5811624415279331,0.4491362297101188,0.6026257546972277,0.3058439299653961,0.75365985915601,0.5020028342070973,0.1262415496552453,0.4031130229430025,0.1145205373449411,0.5327517175932355,0.3870406765868183,0.7582080330285509,0.245376184370739,0.8603309499285948,0.8753327924609404,0.8455615365696134,0.8500300856238043,0.7715445163233564,0.6796953572099832,-0.4220350358521841,-0.483618088981521,-0.5280637532039498,0.5949285160073299,0.551375009114991,-0.3807140571219404,-0.4333094370032658,0.6493815663507831,0.6783020860316638,-0.4451636366136875,-0.4022077957967267,-0.4205445899709727,-0.4880441534393055,0.5614162683719875,0.5466517687956282,-0.5019204846101538,0.2856271793955066,0.6028079707132303,0.6056599671261151
POM_Q4,0.5842824162852112,0.1019149177253827,,-0.2093832970166382,0.6279265302065882,-0.0448687679786452,0.2708035661160579,0.3180789880326899,0.4876547261158622,0.0685146911582999,0.5134997777503836,-0.3372610721901101,0.6808154131822596,0.6491746991517754,0.455350082152717,0.2753996277655374,-0.2392118028927416,,0.5841790761196696,0.7062559962048969,0.6506506615318298,0.626366191044649,0.4976033125139775,-0.3313719001261672,0.6120693750155906,0.6148136213776193,-0.4724536844051163,0.5560641508917088,0.572364673661118,-0.4584478177007094,0.402095899825739,-0.5371991612836682,0.692800016212887,-0.4171498245134596,-0.3641830034559803,-0.0513838017746632,0.6283302713585612,-0.2614994053487536,-0.5413857523354606,0.5847775000482325,-0.435608352645405,0.654144968592565,-0.4284768760402629,0.648149575005498,0.6378451642854637,-0.495442045424275,0.6394240318187756,-0.3884262957974719,0.5786414970645032,0.6781470285146267,0.7274221675944187,0.9951007593989534,-0.507643654308683,0.6421948151663803,-0.5262241712831957,0.6888144381118964,-0.3571937967592846,0.5315492358284153,-0.6097608552303556,0.5847695756006399,0.4689115909768426,0.536881106351936,-0.3273102413586454,0.6320234745674622,-0.0151280551200644,,0.2915000210340964,-0.1899961878089788,-0.1077057785089653,0.2052454890419014,0.607702483797212,0.6754130337100077,0.6458880269013455,0.6441779530322247,-0.1251048259926522,0.3082951139683991,0.5170186415108109,0.4219658129061906,0.5083063246125379,0.3525575991139045,0.7255479179693272,0.4057577650101462,0.1257586467808815,0.4007515380375479,0.0440973184696139,0.4539728914180228,0.3246694336074944,0.6650305583210618,0.2428358765007002,0.7865356423955455,0.7912235690929758,0.7763036143782076,0.7598029723417637,0.7825614457820427,0.6821061096761791,-0.3981004376772055,-0.4653277715471861,-0.4785786814627921,0.5682635341624167,0.5278414805667122,-0.4287843065797174,-0.4026870224561463,0.6498357617151481,0.6605861524770529,-0.4001587353350989,-0.3630248928684183,-0.4080936096907068,-0.4994142627184779,0.5790723244555307,0.4770425572411332,-0.4251857042469292,0.2752985902107473,0.5255416759012852,0.5874326311362352
POM_Q5,-0.4687768714945823,-0.1086034551440591,,0.1513700735411502,-0.5032196082827126,0.1847125163726916,-0.2776851127523679,-0.2644859631599386,-0.3552772808586762,0.1183372881889621,-0.3650230869609408,0.2733156778003071,-0.5184548241335207,-0.4995609404737533,-0.2992031335224969,-0.1709915044458042,0.4976057166261071,,-0.3918096416858704,-0.5201603381571164,-0.5078852920110072,-0.46781456076195,-0.3863131638394542,0.4267538118834705,-0.4729257279313623,-0.4947383214622742,0.5668660888816339,-0.3985678629730143,-0.4078807768013596,0.5042855170721261,-0.2383690389496596,0.5632294994721003,-0.5179136244178072,0.4907574670068515,0.2419761471731769,-0.2315782462514428,-0.4923307023085911,0.3594735914868884,0.5552762422266848,-0.4496685992702045,0.5799793761671254,-0.5284539449141508,0.429258766298708,-0.4805021734842575,-0.5024937019461,0.5133771059206861,-0.4385759145591469,0.155549833109517,-0.5339532671229744,-0.5379454448541476,-0.5498779978830535,-0.5059007134648882,1.0,-0.5437536327556602,0.5802550737091056,-0.4929417012580318,0.4551718758292877,-0.4829731715559137,0.6516005553330997,-0.4729284167594496,-0.2983910743162188,-0.3787948702066702,0.2373008523240508,-0.502472752591429,-0.1841813109716184,,-0.2730338688641952,0.1224280891507448,0.1190710721820753,-0.0181572911427347,-0.4918155372749029,-0.5165118050755381,-0.4136657513856439,-0.5372703691440763,0.3201360510240844,-0.2155577863181035,-0.3670778316031929,-0.3026050347823159,-0.4734822115616218,-0.2163865912322427,-0.430763237204685,-0.3163567346600973,-0.0528581311512568,-0.2408423393579939,-0.0367226071581281,-0.3773404859270947,-0.3728472823700342,-0.5770032853599305,-0.1039552189287846,-0.5097629148356662,-0.5808385968168942,-0.5857328468257796,-0.516276242139543,-0.5429443889354026,-0.4799919401649826,0.38423072617623,0.5195010245363647,0.3148540185207245,-0.3607273222334556,-0.3792285249361363,0.2969663276632471,0.4354634158801531,-0.4980604378623776,-0.5116493338750754,0.3777541601608206,0.2465931922266967,0.3742730242080824,0.5262116637695464,-0.456289165556166,-0.3752482099801927,0.3082138762883151,-0.2983605117461163,-0.4096271903977878,-0.3963749905637914
POM_Q6,0.5996591661967949,0.1731668377051899,,-0.2182095884547407,0.6970366331333924,-0.0539397240114757,0.2616588842128298,0.3234922390191959,0.5252455281203081,0.0003807367843915,0.5929777755740202,-0.3243618656393852,0.7348007314382485,0.6914463561279838,0.4698723292821573,0.3255989562634317,-0.3179288145930583,,0.5448511652022107,0.7036987643717207,0.7027584296829483,0.6562947121943009,0.5482684629967245,-0.4066856516248525,0.6886476871715256,0.6568489818039002,-0.5374447234573021,0.5741549677652815,0.6027759378665403,-0.508283618420478,0.4424854653908844,-0.5798198910946919,0.7314784332615627,-0.4701664776718692,-0.4088696729764673,0.0449801264275566,0.6911392293567518,-0.2488520688844213,-0.5927429471534971,0.6730899971372845,-0.4880249990509179,0.7136431286129405,-0.4734142545105085,0.695145976035856,0.6952981125067894,-0.5572635172676123,0.6597652013931193,-0.4081426338756009,0.6717840549976428,0.6821965395771243,0.7059339918464933,0.6866063451253424,-0.5934663398990877,0.9377428476715616,-0.5735959599420544,0.7203570422109792,-0.3730045443905886,0.6439522674500889,-0.7191803974491164,0.7068415409185733,0.5871068750781436,0.55096626853007,-0.3450191446988814,0.7448100050571498,-0.0283729192242511,,0.326626624795413,-0.1860919560800416,-0.1216622823568544,0.2336813195817554,0.6776892867056303,0.7187891287959611,0.6477411007965944,0.7565480122079866,-0.1206424582817281,0.3693895962932769,0.5999121370759241,0.4919023649589124,0.542608427650404,0.3346397876469571,0.7102054518636273,0.4657777238263906,0.1384653306315713,0.4413720705813629,0.0241083663755059,0.5345906359149755,0.3544528521260858,0.724978036324988,0.2625162228552832,0.7396526280719956,0.8090981642887464,0.783839452098779,0.722460283022704,0.764917233470954,0.6572851735868992,-0.4189543031104217,-0.5017896110446316,-0.5210780858024799,0.5585246513182278,0.5413657237285622,-0.4723982494920151,-0.4158965633546161,0.6494356406993764,0.6484115082020729,-0.4695981557438164,-0.3836650367551086,-0.4088085633461265,-0.5591679907538403,0.5518894271249097,0.5556957352318422,-0.4671081328223309,0.3083501830838006,0.6086276553862993,0.5812236934661367
POM_Q7,-0.5218899785262512,-0.2328662535967536,,0.2320040149733396,-0.5475157882467285,0.2097613616244601,-0.3263451844567314,-0.2776194206341062,-0.3835810471041904,0.0653846451750908,-0.4213318239958176,0.3761457154199099,-0.5798800004154745,-0.5133917097547263,-0.4960277570466568,-0.2767684946051602,0.4331070389034745,,-0.4802540440707009,-0.5999446075806507,-0.5400635945513357,-0.52599545714745,-0.3985396773803175,0.4938322938972562,-0.5206551313347197,-0.5653283768041628,0.5863786020455173,-0.4389517574647571,-0.4913128931422728,0.6186491226020964,-0.332174789599197,0.6073474561215263,-0.5337505841147796,0.4950503428357876,0.2750210950873955,-0.1290553469118941,-0.5336485807653802,0.3121864560449282,0.970314184653441,-0.5304062766862251,0.5799837452244514,-0.5493542890106855,0.5427628149971708,-0.5202071308320895,-0.5179727403010219,0.8755934847795148,-0.4973908711806548,0.2003595285105073,-0.5440599015651388,-0.6036999319904248,-0.5501629920850204,-0.5375240268095599,0.5906908090036487,-0.5157565893567082,0.9791018668957984,-0.5925620840980069,0.4571670527447846,-0.5607401175003236,0.8325349793729007,-0.5049894823906425,-0.3416597806695526,-0.4379697677849894,0.3185093939095804,-0.4950718768811931,-0.1436590179488208,,-0.2530100436007669,0.1071259353970097,0.1841618618966937,-0.1225164989880447,-0.5320519868941551,-0.5919055563720648,-0.4893949098078939,-0.5747276618733176,0.2228469372258752,-0.2467596253151004,-0.401234706855288,-0.3944423895456763,-0.4174741047522961,-0.3156741493551162,-0.5589025493491175,-0.3803334626203708,-0.0542610680091124,-0.4044902668591674,0.0260148206363437,-0.4821017850994842,-0.3706072275074153,-0.5586523745345775,-0.1974148483509986,-0.608552660397592,-0.6250379829910135,-0.6018808687497678,-0.5792906108184487,-0.6002825604228197,-0.5532973893531052,0.3828356959198953,0.4481031739086181,0.3939122291941776,-0.4613520354359283,-0.4762946726889733,0.4248645917708272,0.3907080373741335,-0.512762141717044,-0.5458930496905074,0.3702275787480836,0.2815412064966076,0.3655772226119158,0.5143929995571251,-0.5557972182062786,-0.4595550792045047,0.4355864272676438,-0.2809059067711565,-0.544750778640974,-0.5140383034985622
BigFive_Q1,0.6348195035132755,0.1340710778071704,,0.0388900769554036,0.0728504258460377,-0.1627872083697042,,0.1417547572225542,,0.1496887650060279,,-0.0673053190263867,0.1457486369792131,0.2112495516997966,0.0750581854916664,0.1107780609042904,-0.115166752810452,,0.3064849210854531,0.2452530715294892,0.4731950036853379,0.2587160557765145,0.0969877795758867,-0.0059862704580406,0.1180935945732357,0.0356035915788905,-0.1278764147924458,0.0356035915788905,0.1379680597584656,-0.1455288956349586,0.6486011981119018,-0.1247978932993548,0.102340623389582,-0.033197557853406,-0.0339294490542697,-0.1164042419204819,0.407037971825708,0.2352135673461126,-0.0718178674006884,0.5411144277198217,-0.1234834805587921,0.585381163903278,-0.1877432571265833,0.437634447990607,0.3186348472594849,-0.187152176348859,0.2847626288516607,-0.0589484531600706,0.2262445423843571,0.1439943425585502,0.3494341120485716,-0.0600738507244931,0.0290832045077438,-0.0474078820963746,-0.1088455816286767,1.0,0.1789963693099047,0.0850541909116869,-0.1984708361025716,0.2457295371241402,-0.503049787936864,0.2172665200124849,0.0755568120985814,-0.0841663468831371,-0.2434048988224492,,0.1172500344168478,-0.0716046216853205,0.2802549557311596,0.3140197651015186,0.2367246660838532,0.7103298582306721,0.1906433859411517,0.4385114330425534,0.2495134729574793,0.513227967851989,0.2319401238911685,0.1554076080114202,0.4568738576511071,0.4073567394677319,0.6101187754576068,0.3939062568719815,,0.3273734199746406,-0.0114425309703687,0.5183142380336602,0.4901051653660405,0.2627369949142716,0.2661823682119656,0.3145924106861693,0.3675486547877905,0.3216090548878152,0.3715602156482456,0.1005941938147913,,,0.0728504258460377,-0.091496896624825,,,0.0298613774266724,0.0403117872058592,0.2253581249480052,0.0814868470472374,0.046642977963976,-0.1517396742338046,-0.0460252688570834,-0.0439194585996677,,,-0.3299989583808154,,,
BigFive_Q2,0.1013968692815187,0.0092969668244732,,0.03989580469092,0.0723627354049101,0.053646528238432,,0.0142236882058243,,0.153272041856455,,-0.0240044760466077,-0.2256261329006784,-0.1907606769684433,0.2611507328502986,0.1344109589622859,0.0242926220779749,,-0.1366769389245646,-0.2297037229472272,-0.0421205849792023,-0.1181403141171216,-0.0561566822294662,0.0937160843133811,-0.0629325663106128,-0.0773153180561967,-0.0168961837729082,-0.03989580469092,-0.020927868211041,0.0047144122028501,0.1798829951357632,0.0956242570600829,-0.0592560206243044,0.1338565522800478,0.1430086174690515,-0.1530095913306989,0.0526332684905935,0.2120677236866056,0.103011054997669,0.036413087535506,0.0131629142726935,0.0146733389142269,0.0764210473794334,0.0130635582226309,-0.072725365012488,0.0081856477602014,-0.1250309885915241,0.2258699241550606,-0.2208015874280358,-0.2347496505171671,-0.2591533373345162,-0.3107884427575146,0.1611473296489545,-0.3307292778386499,0.011671079208363,0.1530356683921068,0.9825683057578768,0.0057653825695577,0.0955268757885032,0.0859233838039682,-0.2268990749728529,-0.1836694034272903,0.0984021008111887,-0.2749894584796961,-0.060705182305002,,-0.0442250046609482,-0.1549403391742483,-0.1659594083734885,-0.0929192151953531,-0.0332855002185947,0.1997421218138184,-0.0242952776698676,-0.0638808305141003,-0.0121120778582834,0.0329031509229691,-0.0938977284502483,0.0905336808009159,-0.1080396457072719,0.0491797853292733,0.0178788301029138,0.0419930488066508,,-0.0619595730416442,0.0734337611834767,0.1619225567435882,0.2201016139830966,-0.0715997866028211,-0.0750963889687755,-0.3111046763758175,-0.2180037878717596,-0.245233155841738,-0.2618093518182657,-0.259218027792254,,,0.0723627354049101,-0.0687096224430819,,,-0.0561566822294662,0.1258010042956626,-0.1346091752590039,0.0035084839774283,0.0449997254951352,0.0407254570907222,-0.1560952892337816,0.1344770075303967,,,-0.0748542987946228,,,
BigFive_Q3,0.0115863031197954,0.0248162473296892,,-0.0782908952542848,0.0782908952542849,-0.1510674589893101,,0.0641818668798197,,-0.1937721549513643,,0.0162292735656622,0.2499820543380948,0.1626002221054199,-0.1147985515115513,0.074839449551165,-0.1654240296433503,,0.3882435567535579,-0.0250396308502623,0.1890211408540886,0.0174257836758505,0.1763702279288926,-0.2217830155674723,0.2091385341310869,0.0327884945936749,-0.1734001632558165,-0.0127139060669351,0.2094700747630135,-0.1678386232298035,0.044331110405535,-0.1606467859556695,0.175287945263565,-0.0580931900841107,-0.2148232423980701,-0.1410390227742524,0.1710788597868985,0.0073678827378305,-0.215672655060993,0.2012039228366472,-0.0955986714619176,0.1571492258673457,-0.3029419149062799,0.367974057708613,0.3669943244146575,-0.2036577348292721,0.2175599856971281,-0.2020975770927977,0.2545711753396386,0.1769971056709154,0.2609730042237529,0.2251481280620769,-0.1220640072854541,0.2337647229476675,-0.2251734201873758,0.07370196169542,0.0144205051113667,0.9876887571286456,-0.1791777225008909,0.1258018691473621,0.0584880305994244,-0.0647371975806488,-0.4221322543090197,0.1573079207027334,-0.0709755447114298,,0.2630275891133255,0.0141306435283702,0.1521214327274783,0.4509180732640703,0.5761107106384724,0.2013575111001975,0.1248271808304152,0.4101500949968653,0.1030582722365373,0.3741888372279871,0.3862585681952539,0.2693028827261327,0.3177090745503121,0.2565924019166602,0.1417877449587357,0.1275402129548776,,0.1053895593297097,-0.0023484229829716,0.2702508925464224,0.2680282813786393,0.442696912918315,0.5461247241918821,0.2741273173604995,0.2234047941476509,0.3265384499722155,0.251682589790326,0.2570397055179582,,,-0.0582163067275452,-0.1216724306535756,,,-0.0286413190653756,-0.0748394495511649,0.1388370588950098,0.0180134442439978,-0.110645937863083,-0.1279490596325168,0.0306337643240519,-0.2081227528919215,,,-0.0499005980023634,,,
BigFive_Q4,-0.1298713768526809,-0.0712941933954263,,0.0088273406523316,-0.0088273406523316,0.6747250465936203,,-0.0405318250743936,,0.1956272572363407,,0.0018263904172617,-0.3268946333151121,-0.3424115250410605,0.0433895474388375,0.0385358505563416,0.7617308475292744,,-0.1506088521411664,-0.0311334329286537,-0.1832680988412239,-0.052367079955974,-0.0379156650123956,0.5438567122216795,-0.0626958934965337,0.0311899369715717,0.0042057533974751,-0.048844618276235,0.0222682716491745,0.5152252432373127,-0.2343334802829327,0.484583775062207,-0.0400082650676938,0.2149648485737896,0.239258447349635,-0.1330070056529339,-0.1362155207255416,-0.02267900410942,0.3496194010058726,-0.2923024027315399,0.3528821472545173,-0.1635446114369892,0.5671706598638935,-0.232928550695086,-0.1935497664290431,0.7016327406722161,-0.1426250447308346,0.1241258227401465,-0.3582747156440632,-0.4419110844122227,-0.3802424167090804,-0.386794624456855,0.0486907588514176,-0.3976203897170675,0.8304523942636373,-0.1984708361025716,0.0859184816549232,-0.1710760695705747,1.0,-0.183885919550778,0.1080933905852562,0.0455467205346097,0.1350785259064965,-0.353205119442689,0.1448870600717025,,-0.1398683419768042,-0.0526678854840074,-0.1308301647102997,-0.2080655214636893,-0.1768264604778686,-0.2851471713135828,-0.0019036957655914,-0.1543451750843607,-0.0592640961874905,-0.1795355941811396,-0.2352110220045233,-0.0007714643413096,-0.1475086494680181,-0.191662080521752,-0.2000675294432651,-0.0664592729128637,,-0.0688633696845693,0.0655988296519073,-0.1791307264162804,-0.196769099444962,-0.1594513173725096,-0.1966610327042767,-0.296325211661291,-0.2623862544448429,-0.2359077168292463,-0.3245045036970179,-0.3645385797504451,,,0.1112244922193784,0.2885781473078047,,,0.1063229487410537,0.193361303234033,-0.2872144649295086,-0.0441908401441141,0.2505615624945031,0.3545226029097351,-0.1081049966934541,0.3260958241027894,,,0.1488731292533188,,,
BigFive_Q5,0.3533283753308012,-0.0411668238298931,,0.0092016054333576,0.0801854187764023,-0.0915079991231689,,0.0947181930728173,,0.0897802479502905,,-0.169682303427139,0.0621625840521548,-0.0117218132249242,-0.053896808575383,0.1454945789370779,-0.1371121656178063,,0.2982824342127119,0.0627583934119734,0.3437198585855644,0.1322231931461914,0.10009128937933,-0.0637017655410218,0.1008851322855468,0.0801854187764023,-0.0979457009458189,0.1248789308812824,0.2487043916032545,-0.1690611606844581,0.4099921323390225,-0.175711855869083,0.1587355997379355,-0.1065846649090359,0.0055799391489874,-0.1765994172301493,0.4967842770335794,-0.010855357680577,-0.0694393213244804,0.4858579807747597,-0.1886599206053919,0.3714152974003502,-0.150804775555849,0.433758241936198,0.3673042294184198,-0.1064901177707566,0.2567153991181132,-0.0373725383555208,0.1422472177972471,0.0485868243341756,0.1460420008685997,-0.0217333831397256,0.1252465108656718,-0.0224602250259422,-0.1652305987544185,0.2380538129504549,0.1098326223846147,0.1116212712650066,-0.1823865203325247,0.9638536213386896,-0.204815673537405,0.008478183368206,0.0702338695941336,-0.0448860177397435,-0.4212683120319208,,0.1061445345801426,-0.1725016791020031,0.1948244990615588,0.1132576443086464,0.1613166015280913,0.3334360985938377,0.0644145573766289,0.2531739626227562,0.0442319751025631,0.3027825621727592,0.1249930874694586,0.108563377331859,0.1225753955896455,0.6042574893486178,0.2137493740001815,0.3393161005621932,,0.0594714336169064,0.0678821635642464,0.2990668402421752,0.1974853212198996,0.1575697856379908,0.1452611992958149,0.0578269470717109,0.0725143929797585,0.1136756107531933,0.1138773831139406,0.0352940848633335,,,-0.0092016054333576,-0.1568423862560688,,,-0.0610023834678757,-0.0418963447201009,0.0588866031654991,0.0763602223964508,-0.1415492198914788,-0.1010695773428312,-0.0677959032743452,-0.0557212089798045,,,-0.1991892871127422,,,
BigFive_Q6,-0.4036099166234222,0.0334198700587403,,-0.0842222755578778,0.0456558463461896,0.092106918761544,,-0.10342944931966,,-0.1068934956403333,,0.1071424206559908,-0.0102014884210508,-0.0739648911912628,-0.074147679585282,0.0100241656545909,0.0883871244257441,,-0.1638554654948144,-0.058911614438982,-0.2827989468208045,-0.0943921621033702,0.0159707219062179,-0.080744903392664,0.0081613760789094,0.0456558463461896,0.1459177738065708,-0.0700434412888747,0.004227151541682,0.0864651800493565,-0.4298231209837179,0.1383091362767214,-0.0198181408439414,-0.0357672216151468,-0.0041908151718888,0.1026219060397892,-0.2530232064374591,-0.0468359235869739,-0.0106331952820202,-0.3466269888761923,0.1715308298687048,-0.379673098297864,0.1184000680310878,-0.260914247568609,-0.1730934818670589,0.0978191847785438,-0.1445108903518431,0.0333043672927107,-0.0155793494671763,0.0404542415726847,-0.1098225746267446,0.2580629090873511,-0.1197153177043927,0.2604125491040272,0.1242110017053391,-0.5306791433650448,-0.275837722018018,0.0544648587938186,0.1292077847712115,-0.202305133799298,0.9767248547553652,-0.0137173122275417,-0.1284629844420797,0.2968253615115633,0.4151097100289026,,-0.0676146905266124,0.1505641902680469,-0.1169610376084791,-0.1456942474222863,-0.0553293930317959,-0.4042495070306553,0.0038392298854817,-0.2021092738697743,-0.057833661936654,-0.3198484163486715,0.0243932729515319,-0.0240573570142858,-0.1467699463427582,-0.2652757853991715,-0.3498128509482012,-0.2636890373129801,,-0.1655308729931307,0.0031752429055217,-0.3554864640718701,-0.3384207703602653,-0.1125648684888628,-0.1008063174031451,-0.0715955292399811,-0.1536011773216564,-0.0785823474414845,-0.0973813425363909,0.0147201969143708,,,-0.0314770120771866,0.1203769662247282,,,0.0680991582081134,-0.0323731251467936,-0.1387349744020836,-0.0646865753325384,-0.0014054235277471,0.0975031104141612,-0.0100241656545908,0.0351927874988073,,,0.2524576291326317,,,
BigFive_Q7,0.2480006053333575,0.3628589786394209,,-0.0118997531421815,0.0594987657109078,0.0258651391110692,,0.0283921870148409,,0.0969693254683181,,0.0095747450851553,0.157330732639049,0.1576085028429983,0.0128396101862888,0.1172289166620817,0.0048866885361543,,0.1607840162831242,0.70360839897501,0.315713593320833,0.5331249929569905,0.1769277296332494,0.0298165801115685,0.2223093297912769,0.1070977782796341,0.0188986427426573,0.0594987657109078,0.2137708571094932,0.0024565645766512,0.1991630647830313,0.0364028365356626,0.1414337363908968,4.163336342344337e-17,0.0261918466793644,0.010364216556828,0.2870139703667157,0.0963421539169719,-0.0578591214797956,0.1661737447309649,-0.0311937731333303,0.3432593098805691,0.0519774462794738,0.2024765977235579,0.2279216333457941,0.0641712194323829,0.3862498774331351,0.0619954274632976,0.1277457376038354,0.1079451304105778,0.2082257324827013,0.0381125562692055,-0.0155050132763001,0.0476298189122363,0.0577809423298122,0.2172665200124849,-0.1741720580260918,-0.0598872075641335,0.0455467205346097,-0.0016543061928194,-0.0062069690614273,0.9999999999999998,0.044009563995298,0.0376916413157539,-0.059055209426417,,0.0815843141134162,0.0478646835393883,0.4672656731568971,0.1581342104903418,0.0487815066954157,0.1210381998462377,0.1097801524430395,0.3809189704864447,0.1162490824054589,0.2466058565622781,0.1850568492521512,0.3008506193884976,0.5694830293684155,0.1993149998019601,0.3349488588355772,0.4740046804296504,,0.6800462246675741,0.1411978001856929,0.2053005968194144,0.0545046258145261,0.0706370722293838,0.1202222100713975,0.3336565804569122,0.3067545837086732,0.3521663764481916,0.2401104164749016,0.1377410937447896,,,0.0118997531421815,0.0439946795534074,,,-0.0589759098777498,0.075854004898994,0.1683396957611393,0.0505797837302329,0.112590373402977,-0.0685348662107898,0.0206874558815438,0.0182320741526627,,,-0.0851447698477282,,,
BigFive_Q8,0.1090002212418494,-0.061071443513029,,0.051100990924968,0.0280982656652958,0.054402986742709,,0.0069240951853536,,0.1073477613309806,,0.0303731659406095,-0.2167385725639478,-0.219725323782695,0.098073712288021,0.0199948628462683,0.017517274389356,,-0.1019422261323225,-0.0046964179642461,-0.0503374784974194,0.0717114326231033,-0.0259097554310571,0.159537104598213,-0.0290360351969152,-0.051100990924968,0.0037765017805683,-0.051100990924968,0.029770674602429,0.1790358648154883,0.1117305300649075,0.174642536191375,-0.0085133868976587,0.1433245661836577,0.2382720310995237,0.0069106235268162,0.0073337631963885,0.0785480835170871,0.2786504824911012,-0.0019584363491801,0.1418741065914714,-0.014811226195052,0.1373202718715883,-0.0599609471109455,-0.118184366625719,0.1053356154578259,-0.0549739293652705,0.1429625716593308,-0.1451322247319721,-0.153950844362663,-0.1204245838905428,-0.2330799645588793,0.0780595844925633,-0.2573949950106812,0.1401697813849796,0.0786419014615695,0.070319646139472,-0.4118631842672692,0.1382648827214679,0.0573520452723481,-0.1005104500312999,0.0464798419901207,0.9992277379554924,-0.1734209873718209,0.0813004827199886,,-0.0792965791584154,-0.0565101888251642,-0.0985599658900639,-0.1917880617884071,-0.2378750751438536,0.0298656926137341,-0.0126809493655896,-0.1383751555984747,0.0581012579034394,-0.0979316326394582,-0.1458778111915046,-0.1303527321846379,-0.1470900656799155,-0.0280958564102894,-0.0433403831582981,0.070816557878425,,0.0297142419857343,-0.0828458868541233,-0.0485455938996508,-0.1069268024830917,-0.1391928142752223,-0.1820093773752464,-0.2026134354983607,-0.1308059155718596,-0.1053265720363862,-0.1674256665495188,-0.2410163096738126,,,0.0676978939604277,0.1193448071807338,,,-0.0259097554310572,0.1406389720030776,-0.1693973834351683,0.0724014198306759,0.063298516432836,0.2388846651690709,-0.1117856256173231,0.2015712526047315,,,0.0231257168347256,,,
BigFive_Q9,-0.130473363788031,0.0648835978522901,,-0.0935839573597407,0.0127749529094249,-0.102430691399648,,-0.0169650419044218,,-0.0899747833537317,,0.1269330283682136,0.5635244708971704,0.4881210977096279,-0.1330309938313917,0.071447465456122,-0.1817832349963347,,0.2077923352350689,0.1031211289416785,0.1243023523360626,0.0465304165067379,0.1198002985245894,-0.2115859479749641,0.1342554426581476,0.0531794551345828,0.1412337847567062,0.0531794551345828,0.0187364576174562,-0.1197797296670539,0.013570372194108,-0.0992217773891137,0.1264121860184611,-0.0783503041897939,-0.0083140185022361,0.1256257343043437,0.0078704742863839,0.0425257040507104,-0.0937471535395861,0.0163284928825387,0.0519842855427347,0.0282179290390008,-0.1292337287698028,0.034679149467856,0.1614431612065054,-0.1526687848718369,0.1350048250880712,0.0282582571480886,0.6159157073958382,0.7754443536776525,0.5812046794211329,0.953764072719274,-0.0127743550433095,0.9400957763378128,-0.1893579984164806,-0.0767784549142444,-0.2830842614109705,0.1906461822342624,-0.3608965466135982,-0.0511178395213535,0.2954289282638265,0.0431132347808538,-0.2056070263765396,0.9766160651590808,0.1717534409008061,,0.2247327188587299,0.2180875938124432,0.2418253933539243,0.2143975740832808,0.2641266825050344,-0.0420119749379935,0.1484657219202765,0.1546357368290793,0.121502497399048,0.0502638550452962,0.4833790133222816,0.2068057467157454,0.1751141793297271,0.0049280646811523,0.136067895973503,0.0541654336182901,,0.1734200615118479,0.0338119014127625,-0.0372578792064839,-0.0017009685181654,0.3345608170185187,0.2559181569336436,0.4357012502505488,0.335218792130599,0.4757338753819384,0.4402191788338566,0.5125342285661365,,,-0.0680340515408909,0.0164757167896403,,,-0.0076297396825715,-0.1182756837791706,0.1929788841846401,0.0391463759025334,-0.0258340308550231,-0.1719612254108722,-0.0948615746176463,-0.1503631372584889,,,0.0792193774094759,,,
BigFive_Q10,-0.3326194449534311,0.0485581758789314,,-0.0551593303098951,-0.072710026317589,0.1042808839704385,,-0.0961131879102005,,-0.0916242112646937,,0.2472719307525301,-0.057355675212095,-0.0670728544251028,0.0175842377513264,-0.0217939244508078,0.0814679398404796,,-0.3126122858911858,-0.100291129932452,-0.3585671989377411,-0.0764324397780817,-0.1253901134480082,0.0199161134599496,-0.1405197265219034,-0.0727100263175889,0.1604368769395379,-0.0727100263175889,-0.2271210244310986,0.1511365096297827,-0.2369164442948582,0.1470633080402152,-0.122178622173056,0.1252622192715667,0.0589301611347392,0.2213735338372738,-0.340234878537293,0.2553614551720575,0.0725245915777572,-0.3748565611280633,0.2530387249887315,-0.3744956817210072,0.1162790767645449,-0.347996259580896,-0.3284732458374215,0.1063424538292563,-0.2566914151163647,0.1356608024014343,-0.0564220979508797,0.0357562884680903,-0.0844732240519845,0.1471480123712666,-0.0853467117784531,0.1152459271839299,0.1528674997066704,-0.2395870227010282,-0.0943255610243864,-0.0690551735476798,0.1387502253471168,-0.4288417284629395,0.4367083662262321,-0.0667048628406162,0.0803961354010873,0.1531162975158679,0.9964749072517576,,-0.0854703630582352,0.0497944170422026,-0.1665532480237243,-0.1113741946433459,-0.1863182080758765,-0.297791130767696,0.089517453682095,-0.2030405569227714,-0.0015119341299976,-0.2506388415672914,-0.0385592891181531,-0.0401459378546533,-0.1329839511508508,-0.3601026747912159,-0.2555309627160524,-0.2879803312871535,,-0.1317698306453381,-0.052795691051394,-0.2028742006112153,-0.2167597665313246,-0.2088423662169628,-0.1902729826117391,-0.0403035348190113,-0.030021886296361,-0.069060977414339,-0.08266846056553,-0.0426348764790915,,,0.0551593303098951,0.1440993214556533,,,0.0474449077911382,0.0217939244508077,-0.157392218083348,-0.0479565390979032,0.1434643640351084,0.10613466664752,-0.0523054186819387,0.0557009282304034,,,0.1658429997171794,,,
SelfConst_Q1,0.155871005390175,,,-0.016261950520529,,-0.0638647381975871,,0.1341849928576297,,,,-0.0602823577496822,0.1579654304714338,-0.0297588995714676,0.0638647381975871,0.156899216447988,0.0830412711017645,,0.190755940163546,0.3038164693757362,0.3592048624427959,,,0.022835427911837,0.1307109752138944,,-0.0012483586523502,,0.0747353319333467,0.0731584736708642,0.3650513792032563,,0.2313697175890863,-0.0638647381975871,-0.0536198268099194,-0.0379317636404709,0.2976425716340357,-0.007330729070227,,0.3472644998468745,-0.0649211164415397,0.2892121284768912,,0.188099461537212,0.2428642147707066,,0.205518203502042,-0.0080913393063984,0.1843075843520371,0.4116279075150739,0.3247198834481426,0.4811320264890488,0.0258281877602837,0.4325927766975487,0.146981407623646,0.6885920118159066,-0.093852754315511,0.5850947395400385,-0.0638647381975871,0.565646830476387,-0.0711017497042902,0.5400632300979038,-0.0444266032398402,0.52054941928705,0.0176647148206092,1.0,0.3732618256501922,0.0975383246177775,0.1453471186430259,0.1150077355923704,-0.0787863005921936,-0.0667397987350769,0.1050162126477002,0.2334845025213387,0.0792343747067899,0.0861781755792327,0.1005307590428768,0.196403910484385,0.1525243148761288,0.0715167650486847,0.0977393769169701,0.0787647808595835,0.0644584265284629,0.036348311934199,0.0251639926568892,-0.0055326594822147,0.0223048539993215,-0.0128693491875636,0.1679675631954328,0.4234481141295817,0.551800976542337,0.3595144132014204,0.4771693076882844,0.3131703639689047,0.1587996109941251,-0.1334706257060467,-0.1374850099059595,-0.2324422181114697,0.1027065686626991,0.0347015669903821,-0.0951003555306697,-0.1972257504597901,0.3251714089384799,0.1910059617534052,-0.1960181861480208,-0.134780195600347,-0.1871645135877062,-0.2512094143887732,0.1437301322132442,0.1388619184671068,-0.1866271903184708,-0.0176647148206092,0.24509807037634,0.2256277302292353
SelfConst_Q2,0.0643940954372207,,,0.054727845527218,,-0.0840002977789842,,0.0735671954296363,,,,-0.063541294927761,0.1689252185907586,-0.0073328043757173,0.0840002977789842,0.11864432908215,0.0192904552472247,,0.2060970948908884,0.2550088920031892,0.2699939557412553,,,0.0669479428937403,0.0818004435578995,,-0.0719513995537959,,0.0385095198933144,0.141349241137323,0.3070761054061207,,0.2115097718918377,-0.0840002977789842,-0.0663231556580708,-0.1689988218377627,0.3128245743505281,-0.0075326462793598,,0.1956014314088403,-0.0608560970837622,0.2537915719470822,,0.1611765640123779,0.2624791950579416,,0.2609927153928945,-0.0922072345620663,0.0764598308895426,0.2718393663841998,0.3015152813265838,0.4241288534668122,-0.0925066728947537,0.2183466395429083,0.1264464025686662,0.4689115562550089,-0.062455923085555,0.3033052948245206,-0.0840002977789842,0.3495664964227206,-0.1161666854225828,0.3548487113461793,-0.1128649390210047,0.4016258185928139,0.0227453889428348,0.3732618256501922,0.9999999999999996,0.1170131073440852,0.2498135402784995,0.1752794764150833,0.0188795574765766,0.0387752924055656,0.1290291822201859,0.436047296259814,0.1414699175828605,0.2743539645595045,0.0925222995673355,0.2179246428759793,0.2561948722273294,0.0264078935792157,0.0841278213555179,0.1443390043691106,0.022307100401959,0.164075415984443,0.0824399102314857,0.0991445344034549,0.0590815147944366,-0.0011889640787307,0.3114649955828304,0.4206015056516164,0.4254377632344823,0.2946727810499113,0.3602792350172593,0.196919616319076,0.2195180303921208,-0.1294047678769963,-0.1983047546594554,-0.2261087619594174,0.1665997492068421,0.1340584103488139,-0.0603275706578445,-0.2215215480828677,0.1785942519769682,0.2047958635866886,-0.1807070539436575,-0.1327745160153695,-0.1308060290549527,-0.2236667649228467,0.2872509543905318,0.2076826792911977,-0.1907238391713565,-0.0227453889428348,0.3104627549750058,0.2547904196611694
SelfConst_Q3,0.0170664604097036,,,0.0718149515574588,,-0.0753317260431022,,0.1395687400266704,,,,-0.0032975971455641,0.0308060197380636,-0.0030974242560469,0.0753317260431022,0.0461906543316273,0.1603548797213551,,0.0930378330441891,0.0010458724109151,-0.0026654964632739,,,0.0042245976907597,0.0995495972644928,,0.0860372846453584,,0.0024300556788097,-0.1067322536235048,0.0609565760370029,,-0.0788730342282398,-0.0753317260431022,-0.0074777472349767,-0.1315242582738207,0.0141990073389128,-0.062053631882412,,-0.0371602755093349,-0.0380813880367505,-0.0369844292823059,,-0.089020712721151,0.0219502281599669,,0.0017309521543452,0.0248886767180243,-0.1343096286273421,-0.0732388389138355,-0.0190710467914376,0.1000503844140392,0.103166629409368,-0.0635124910150747,0.1253899362185687,0.1471195038196621,-0.120687313897021,0.0238065648335717,-0.0753317260431022,0.0392324687317104,-0.0440635927793073,0.1005102911501928,-0.1012176253061918,0.1231111890580837,-0.0413109465397657,0.0975383246177775,0.1170131073440852,1.0,0.2763337803745792,0.2069015818556504,-0.0935523772482044,-0.1887772822977628,0.245026450953418,-0.0626328631231555,0.2075253116335894,-0.1520823454707666,-0.0773822288442824,0.2261086798555035,0.0758703492208993,-0.027632770746239,0.1987440630620119,-0.1945197570426904,0.2494659736875542,0.1879659811595041,-0.0819102434926376,-0.1984168803564011,-0.1124687731791321,-0.1904852159083209,0.1533043552461107,0.0972176311927683,0.0896123821283519,0.1308964894308739,0.0145469517711647,0.1734135464688618,0.123180071220535,0.0400160835642235,-0.0679739697972288,-0.0725176227724951,0.1865679998752517,0.0796752455884566,-0.1479944604447601,-0.056260334125495,0.1645388483252273,0.1850624446260967,0.0082768624394909,-0.0842224447534163,-0.0021089216110626,-0.0728085157636903,0.2196847356147455,0.0420565570935135,-0.0565920497462835,0.1190727282616777,-0.0194933351796232,0.3212743177646333
SelfConst_Q4,0.1922389564664928,,,0.1921739192810004,,0.1562726413969681,,0.3085731970489218,,,,0.1118414059414742,0.1910092944809694,0.0207126576169818,-0.1562726413969681,0.1268004887280852,0.2216862029705678,,0.105098303360635,0.3765545812632561,0.2102604744468522,,,0.2477387006016481,0.1313875788734722,,0.2044431223312415,,-0.0502684589916389,0.2214117752519421,0.217492435032575,,0.0147877178856284,0.1562726413969681,0.0077796426515847,-0.0646486963386671,0.1038233885217604,0.0972801271021315,,-0.0324629721496584,0.0549705706717053,0.1028028157312811,,-0.0054977821823837,0.0493172883125983,,0.0380423749855602,0.1491895702234294,0.021412749424157,0.121879267470855,0.257680512109942,0.3841165100553159,0.1373332396734107,0.2016675437340477,0.1812809843798687,0.2131048823554932,-0.1037708181068899,0.0478697639864874,0.1562726413969681,0.1131855470033929,0.0858921084629394,0.1513571606225064,-0.0305401306087692,0.1617556882537754,-0.0323479811638038,0.1453471186430259,0.2498135402784995,0.2763337803745792,1.0,0.517699197334774,0.035748419701709,-0.0613919541038134,0.093117699557766,0.0669296221315124,0.3172289570290961,0.0853923308427138,-0.1879073843794885,0.4512882774931678,0.2691007745383099,0.1275542260458384,0.5117618956678455,-0.0997965815850652,0.2599383626378958,0.1242150600770717,-0.2001960879934445,-0.0871770861320864,-0.101321428861758,-0.055703455479587,0.4737499984322793,0.3891646336187143,0.415398404729048,0.341590758364005,0.4066863466111274,0.5230436240780493,0.3311451919837389,0.0395308242847354,-0.0340575662540553,-0.0276133240907601,0.4192622132470072,0.4044302770490888,-0.0590084651536254,-0.0540027499910521,0.2745419953465189,0.3408461971268403,-0.0487754957147765,-0.1424067996195373,-0.0660312496928668,-0.0691674989844076,0.3127743983187965,0.141305711981355,-0.1046366246895351,0.1149644213192466,0.2617851747887897,0.3720178601123768
SelfConst_Q5,0.0976647039145461,,,0.118065963467372,,0.1429090319884923,,0.3760481000025635,,,,0.0815925496208277,0.2743481448165671,0.0419031442003763,-0.1429090319884923,0.1322075301870247,0.2437097336518111,,0.1734290914327884,0.2449569678225059,0.1627526430244405,,,0.1260224051458615,0.0599581847290129,,0.2280691436538744,,0.016154934050873,0.2024778117862066,0.1434868804102823,,0.0985948731004958,0.1429090319884923,0.0834528901427417,-0.0633576249007917,0.1553171214206235,0.0446945396994344,,-0.0572827369924068,-0.0213740607475566,0.1559609841537433,,0.0014771672370034,0.0344109310172406,,0.0728796661886698,0.0778457150450754,-0.0315383667368862,0.0914550953235592,0.2916025601930634,0.3331343998944505,0.1446943776956125,0.2563114259226612,0.1078202619932298,0.147124846423256,-0.0521672721578169,0.0595185734057721,0.1429090319884923,0.074683059589192,0.0613765187327638,0.1287933336877809,-0.0729105045663414,0.0741824652200646,-0.016154934050873,0.1123429704243143,0.1769366745462313,0.2054097594530831,0.5226453674022836,0.9991141657800432,0.1294384804195072,-0.0209824211157841,0.1384698677433903,0.0267899657425667,0.3966589960340871,0.1069042689336414,-0.3470773703308196,0.3810466718262263,0.2460027765997676,0.0599306857858841,0.4017682250352324,-0.1284014223861178,0.3185737375393446,0.1588394964678532,-0.0061258312988201,-0.0824926492096881,-0.1281679334681896,0.0151750422873024,0.5221494972151866,0.4134225234123322,0.2990071955019779,0.2766078006293509,0.267920329506379,0.4900269317149271,0.2909478300071541,0.0854441424350662,-0.0093357251236953,-0.0147931595699482,0.4693460051810657,0.358101183636702,-0.0509837320370359,-0.0140164139012909,0.2316793164110832,0.4033760193947118,0.0141917935323039,-0.0668653621812427,0.0244965618378206,-0.0466631663664922,0.1933025001775613,0.0819313331797604,-0.0357164015495136,0.1006576660092857,0.2213016935404365,0.3604255271851244
SelfConst_Q6,-0.0518831752482841,,,-0.1954688886773192,,-0.2078201239615753,,0.1583082125166054,,,,-0.0427973991608309,0.1680706964647132,0.1298010176454425,0.2078201239615753,0.1989080350537306,-0.122833839497107,,0.0561216016154724,0.1487784800274222,0.0403377497758655,,,-0.2804091281726838,0.0668004491988862,,-0.0566067504354931,,-0.0217227619284938,-0.1955701719102127,0.042283468794629,,-0.0252909412498667,-0.2078201239615753,-0.0691362277605929,0.0613480116568632,0.009189895526689,-0.1288807280302552,,0.0798797904013048,-0.1648150458995245,-0.0176619744134602,,0.2087352488739208,0.0124868018539806,,0.0566543307413149,-0.0212802237441127,0.1028332056358661,0.0769427678218949,0.025504876783201,-0.0705793877692531,0.1268741740675748,0.1172558664596024,-0.2537275657025206,0.015724811249793,0.0183206569533907,-0.0238585323196187,-0.2078201239615753,-0.0437577834802372,0.1148154265624609,-0.0673041494589693,0.095835321080297,-0.0043134261393403,0.0217227619284938,-0.1104144228889784,-0.0231638054413477,-0.1118526004668906,-0.0336000268899102,0.0842481223377722,0.8432050931046136,0.3197969976035054,0.0002157645752333,-0.063407155170741,0.0179474946743821,0.059657437174537,0.0374732469565378,-0.1459858666881341,-0.0775849526394939,-0.077469413564185,-0.042327594758865,0.0245821912103114,-0.0573742696414866,-0.152837524991544,0.0302097498494348,0.0548817416851063,0.0471394499119177,0.5883630352636386,-0.0737468752733238,-0.0208888496748411,-0.1313400466283956,-0.0350321450198206,0.0327812733816177,-0.0414379898423487,0.0419933660768563,-0.0999656295782888,-0.0773997489409922,0.0125237360900213,-0.0718902933342399,-0.0868274666354476,0.1201227248060135,-0.0539171984682996,-0.0899546771162084,0.0388711168530224,-0.0339613986354276,0.0378291297116937,-0.0412031381981157,-0.1007281379099689,0.0500201287170194,-0.0229772010115125,0.0895966522068019,-0.1612957834533047,-0.1343467941470591,-0.0617225113911822
SelfConst_Q7,0.0530885682494004,,,-0.0647575749796303,,-0.1156694750173944,,0.1658074721698966,,,,-0.0326493518110451,0.2694036922250806,0.1268104062337626,0.1156694750173944,0.2174900865507686,-0.1154210926234663,,0.0517290177860278,0.0999957350011156,0.1156123515388866,,,-0.1336459517834227,0.0721477886661074,,-0.0924776379041919,,0.0007131286992441,-0.0814368032921485,0.237902479434142,,0.0576818713265089,-0.1156694750173944,0.0155675710831496,0.0026769918781036,0.0721376203785386,-0.0744317027792965,,0.2112769741875876,-0.101887263979097,0.1871146850504453,,0.2771937901437721,0.1209956374254252,,0.0861175874661064,-0.036723218000196,0.0725553256785509,0.1096632994442264,0.0490264365435374,-0.0126951257038003,0.0443012143997164,0.1981968132485569,-0.146370949055043,0.1670032952578946,0.0169755584564254,0.0713935284491457,-0.1156694750173944,0.1209041715679429,0.0349506041379996,0.1238829422787148,-0.0511666987342003,0.0273674279202956,0.0380810725396353,-0.0465858580723547,0.032806910392694,-0.1206942424892267,-0.0286042911998746,0.0180742535156943,0.2519226944847456,0.9442371129967948,0.1006922795191641,0.0784682424191909,0.049130549889816,0.2966501614329173,0.1996571727519343,-0.0646652594875558,-0.0382863439835344,0.145740601314371,-0.0834990859070049,0.1349285182644929,-0.1013764835216407,-0.0727897683906709,0.1316268745411297,0.2233396106157594,0.1737222817031007,0.2372063181557804,-0.0637896825098857,-0.015916551882347,-0.0514013587761735,0.0387628364119022,0.0721522580424739,0.0190893096058837,0.1566567553382955,0.0147098968554978,-0.0086402335381352,-0.0240721291455457,0.0074868255923721,0.0354132081791514,0.1758894029778467,-0.0595216156048758,0.0752730554718941,0.1148168606326954,0.0408348279868621,-0.036951217388864,-0.0204233070739225,-0.0655551070694498,-0.0186360055207097,0.1101376228692841,-0.0282734418464213,-0.0380810725396353,-0.0004903329187696,-0.0124445034187549
SelfConst_Q8,0.0461823704321306,,,0.0091707935839029,,-0.0989917391250486,,0.0873302305998089,,,,0.111786987345291,0.0673791702311914,-0.1082706669274501,0.0989917391250486,-0.0419942411092028,0.2504500022498734,,0.034876374442224,0.081871213581471,0.1028642863092574,,,-0.0987253071663876,0.0330525447555515,,0.137655365817146,,0.0276183848969571,-0.0505619567317111,0.1358962522830073,,-0.0490815671390557,-0.0989917391250486,0.0994792419780583,0.0835125024776053,-0.0463033971571896,-0.0168530244245585,,0.0247510813825805,0.0416320768003572,-0.0006539433394593,,0.077161388505393,-0.0335906669850261,,0.0644709260675791,0.1070517875967183,-0.1438616167550955,-0.0420650598728415,-0.0189959571388655,0.0147233582488709,0.12478606618473,0.0821805600323389,0.170679653890923,0.1927428618119324,0.0930968762831855,0.0335376814354724,-0.0989917391250486,0.107417038075265,0.0839753164298743,0.0840435005140086,0.1127161370020561,0.0680479416436915,-0.0698217595709591,0.1050162126477002,0.1290291822201859,0.245026450953418,0.093117699557766,0.1372789696698167,0.0136325749866052,0.084459473330391,1.0,0.0818585077288056,0.1310879628922094,0.0513345736355886,-0.0769643045674273,0.1391209278242908,0.1231474017376266,-0.0424700973354669,0.0425640882857701,0.0471107975586007,0.1911294346646617,0.0945002912144932,0.0376090205560257,0.0482164719684553,0.0858291068559594,-0.0348304363255307,0.1227334672847936,0.1577976806584476,0.06926348002557,0.166988817433909,0.1303499176642756,0.09171628580436,0.0558152893151012,0.0807749249578828,0.0782218936516548,0.0208994360566931,0.0950406228560743,-0.0094587578934267,-0.0576660043858141,0.0348170163008373,0.2161611173914532,0.1023826113906552,0.0619874856655376,0.0470021580917616,0.0985289880381956,-0.035282432435812,0.013515805598098,-0.0856744402653054,0.0796360738556621,0.154228508918963,-0.0189898447399218,0.1076298243122864
SelfConst_Q9,0.1336966804219753,,,-0.0378777362910975,,-0.0790774434560506,,-0.0286142219414625,,,,-0.0557674463523655,0.0568121000101717,-0.020612834614641,0.0790774434560506,0.1901331233260951,-0.0322046567957966,,0.051449585882413,0.1179557481780624,0.1757547369697929,,,0.0007623347952033,0.133642318449622,,-0.0259585595062455,,0.0004385070801629,0.0569515843339833,0.284844720259689,,0.1276429498094657,-0.0790774434560506,0.0138905772355932,0.0070732342276044,0.167878242269189,-0.0486283708111132,,0.1605330018499118,-0.120396903705495,0.2183903478373192,,0.2177079335914143,0.1320966197385336,,0.1718981756431711,-0.0939205803324813,0.2385715927602725,0.2624974885124935,0.2516809158310195,0.3341275731002082,-0.0098656166051867,0.3735155690022865,0.0619583137862617,0.2689534568706012,0.0822404414830507,0.1477663278219446,-0.0790774434560506,0.1953687170245362,0.0098192730739067,0.2128981661026272,-0.0884438572873526,0.189817333187386,-0.0401964823482697,0.2381777560743184,0.4394581222462997,-0.0557339000340739,0.068152815348908,0.021488477431353,-0.080081787408546,0.1146372366309953,0.0836490564828822,0.9961276918632352,0.0330283499965626,0.3230498427584926,0.0357189692103562,0.088032629347702,0.0799554319502694,0.1056992960917102,-0.0429682001113722,0.3167192847515284,-0.0852067962361647,0.0883119807036913,0.0654004334294237,0.2757986202442679,0.0829425345330942,-0.0041177310314236,0.1428122164647001,0.2696091770155643,0.2973379571712644,0.2443917009925019,0.299211735054419,0.0896700019067371,0.2163024581821418,-0.1701359630318822,-0.1692708230936655,-0.1250193084797335,0.119128836333088,0.116103843418134,-0.0194016608682825,-0.1746709191582038,0.2325138611227063,0.1322164573698147,-0.1835921959470959,-0.1871628814362328,-0.2195819491280317,-0.1942838882368793,0.150063449326386,0.1791284307534486,-0.1980486621854579,-0.0790774434560506,0.2457295327581992,0.1537858868676017
SelfConst_Q10,0.0242456868300561,,,0.1419027096551583,,0.1172464068169997,,0.3365156808374347,,,,0.0631653685892823,0.1183854255104992,0.0431485691665852,-0.1172464068169997,0.060879291539916,0.1824011337135154,,0.0499428010695711,0.1117411256924269,0.0220877319742918,,,0.0664279558857839,-0.0387529168731085,,0.1974926526176142,,-0.0408255765992278,0.1661182331289817,0.141910449319947,,0.0163923755997767,0.1172464068169997,0.0551480388401588,-0.0318803759377806,0.0682243377440733,0.0241935517598131,,-0.0700240395797319,-0.0488121088234251,0.0103756469779878,,0.0511664766278661,0.0157266551419523,,0.0597822359606065,0.1357336827408042,-0.026056613754596,0.0482071027818582,0.21869201056412,0.1761674009924441,0.1778486641568603,0.12439417509469,0.1022333246233512,0.1151284917821541,0.001521273706565,0.1001529389598852,0.1172464068169997,0.0723005226551899,0.0423769833999095,0.132318632426038,-0.0902525412649934,0.0259750180753663,0.0013075807451709,0.0792343747067899,0.1414699175828605,0.2075253116335894,0.3172289570290961,0.3982955585479106,0.0833272497747945,0.0272504463142353,0.1310879628922094,0.0349963626591071,1.0,0.0375564344078955,-0.2335522085167896,0.3078520586899266,0.1783669253165053,-0.0860589719068797,0.2455731187668424,-0.1463220214862886,0.2131603102661134,0.0803507448014685,-0.0598826479987942,-0.0207573160687388,-0.1318962697647116,0.0266124794561324,0.3301236337313055,0.3089744660931085,0.1762076666211949,0.1614731026145142,0.2141797316340107,0.3166006383886474,0.2023058681643387,0.0563696737269325,0.018369225763629,0.0151392064046579,0.4115029310366782,0.2202496099024779,0.012973244280547,-0.0421751214571195,0.1588799816287682,0.2708052785356721,0.0248881556093014,-0.0434828528302444,-0.0115459642788585,-0.1290132534761635,0.1166141746945899,0.1009373223181231,-0.0110087289739541,0.1172464068169996,0.2545023216035356,0.2721097650664413
SelfConst_Q11,0.1030630361125051,,,0.1731092727058605,,0.1176568029852038,,0.2481018199736795,,,,-0.0826925455702671,0.353945979748627,0.0872606611275756,-0.1176568029852038,0.2117445036310311,0.0291084732268552,,0.1107586228912782,0.1986751800482554,0.2324141495195454,,,0.1436729498076154,0.1330469752887428,,0.0491426048162806,,0.0476291215585617,0.141895363806717,0.3513505570472919,,0.1184470030355925,0.1176568029852038,-0.0377011849196108,-0.0410653950569477,0.1673473416929833,0.0660211378504457,,0.3515810826657138,0.0203696645594162,0.3553644609145966,,0.3253133884835107,0.2676657453380764,,0.1733011684738558,-0.0591759560604029,0.3040481524231726,0.1729796597521358,0.2174059480484897,0.1223199350625919,0.0535955502776287,0.3676571059780495,0.0471356005988423,0.3057307224813601,0.0170896726724056,0.2328040449457051,0.1176568029852038,0.2556719812771944,-0.0662018189937367,0.2144828735548977,-0.0928225926474452,0.1963060351850075,0.0574124005814014,0.0861781755792327,0.2743539645595045,-0.1520823454707666,0.0853923308427138,0.1048776715967195,0.1335279397693992,0.3667646376761528,0.0513345736355886,0.3163018022862759,0.0375564344078955,0.9999999999999996,0.1194854730029479,0.0829724938679828,0.1333731329036304,0.2144309095013513,0.0832753916726573,0.252277600973558,0.0985420563829052,0.0083795891708383,0.1813932559462858,0.364890168848481,0.0141822334929488,0.1990411235169694,0.2305769820022451,0.1441974861846449,0.2560830323680365,0.2253395744208582,0.2432000257989254,0.159674934028017,0.2447553322502517,-0.0088509789085282,-0.0901636702256766,-0.1460600741286155,0.1332758519857454,0.1845627431657275,0.0863647475645973,-0.1196696665553834,0.0503863230925446,0.148031601533896,-0.0436902817203059,0.0261775144930703,-0.061762943495101,-0.1087675533107103,0.0560666377960934,0.2285150164515859,-0.0427303448670439,-0.0574124005814014,0.1919494128988142,0.1124427490964751
SelfConst_Q12,-0.0359734593317886,,,0.0634670096655922,,-0.0825579639059534,,-0.1141852378023946,,,,-0.0344210455421315,0.0250352432311692,0.0172567593927061,0.0825579639059534,0.057076660837198,-0.1850334348185546,,0.0248801794444989,0.0260109118405106,0.1940903844951878,,,0.0080820005421141,0.0892642021369655,,-0.2207646203763767,,0.0918557540157501,-0.1169706046189449,0.0947592071494806,,0.1513860940895296,-0.0825579639059534,-0.0382158175199176,-0.0748055419922975,0.1309759595206412,0.1248252018528245,,0.2404313415587556,0.0791025848534985,0.0844921924849651,,0.1295944919908524,0.1198533271297694,,0.1969743531880004,-0.1140777673260189,0.1951048354159338,0.109774907240751,-0.0208842142409807,-0.0519840955349439,-0.1112089243101821,0.1462396265492736,-0.0042277911346952,0.213155577364915,-0.06777319610258,0.2070789310543015,-0.0825579639059534,0.1412738097833564,-0.0628146033678192,0.1656607960403945,-0.0132825189404424,0.1698744612285644,-0.0482523245353242,0.1005307590428768,0.0925222995673355,-0.0773822288442824,-0.1879073843794885,-0.345366408077511,0.0338906645629199,0.2065513658144282,-0.0769643045674273,0.0245356655174805,-0.2335522085167896,0.1194854730029479,0.9999999999999996,-0.1716697500869281,-0.0495807639320064,0.1054176773152081,-0.234631721413967,0.16829283648472,-0.1642550256988667,0.0322563863231313,0.2957392097196689,0.0077509694679736,0.164182583800467,0.1092304547032482,-0.0835619491966402,-0.0452305378682743,0.0242241419920438,0.1030184087113676,0.0760181076263919,-0.0832208834049656,-0.0325251532688007,-0.0149588348683956,-0.100931350975341,-0.2244757607615826,-0.1972075065540598,-0.1771999709280576,0.0398483032371155,-0.1175276839035264,-0.0492163165236069,-0.0360036957741059,-0.1277986526341916,-0.0471800781952548,-0.0898927165586974,-0.0839171579249311,-0.028925799254855,0.0783438004853271,-0.0951531955752758,-0.0825579639059534,-0.0731517779461928,-0.0927186078858915
SelfConst_Q13,0.0448864674334474,,,0.160092728167862,,0.2497060247140876,,0.230053130895616,,,,0.144012213234776,0.0616691794279725,-0.020616060252508,-0.2497060247140876,0.0876672362927432,0.2287977861273401,,0.0912342268602033,0.1524745561153076,0.1414005085999804,,,0.2188629668954214,0.0473585669699333,,0.1601431621131581,,-0.0156066265446304,0.2786104132587968,0.2193502543628496,,0.1660354671938354,0.2497060247140876,0.0338997050224704,-0.0803150313970176,0.1303360504726521,0.1021581590101066,,0.0988961584407861,0.0393700224235998,0.1728460738400197,,-0.0455352732038806,0.0942892498451436,,0.0933807081995986,0.0748413906387338,0.0057212014869327,0.0844467828527509,0.2076046361922026,0.2362161467530115,0.0390792215827532,0.2032120147189225,0.2016222360481326,0.2061173716261397,-0.1268335811682203,0.1579901408178453,0.2497060247140876,0.2901470617781335,0.0323418356315503,0.2530104569724156,-0.0447348497528525,0.33177218096935,-0.0905184339588567,0.196403910484385,0.2179246428759793,0.2261086798555035,0.4512882774931678,0.381625050085927,-0.0384469212411594,-0.0770533929090764,0.1391209278242908,0.0893886883797955,0.3078520586899266,0.0829724938679828,-0.1716697500869281,0.9999999999999996,0.3071204206989323,0.0802458812628882,0.4599504046245397,-0.1163114040542317,0.136934153137669,0.1281215001383961,-0.0504569080667243,-0.0419849266240329,-0.1300803479819004,-0.0673004952569775,0.5085185903678681,0.3413463664933917,0.4687247068722482,0.4242766185943781,0.312184457157965,0.2566812811967338,0.3850174368941707,-0.0076648111803503,-0.0229501340467549,-0.1221592956992533,0.5751368661296611,0.3965039532795655,-0.0451971602231342,-0.0203823002333391,0.2967510523504306,0.4746572273580849,-0.0590978163034439,-0.080388580958592,-0.0332800260659201,-0.1343585792250466,0.1359479613117405,0.1697779037124596,-0.0684355373229298,0.1966434944623439,0.3390933376021014,0.3557076374282322
SelfConst_Q14,0.1486436866679504,,,-0.1452184332055834,,-0.0707315569972745,,0.021245735801032,,,,0.0268572015883184,0.1080535945482676,0.0993190389876241,0.0707315569972745,0.117859096487324,0.135714588775338,,0.1834866537605748,0.1737463963949415,0.1442597844949518,,,-0.1229652369532904,0.0664528307106013,,0.0202343946014228,,0.0132814714012349,-0.1002145958569835,0.1547798789989331,,0.1328727690539995,-0.0707315569972745,-0.0469078288313831,-0.1508355889685937,0.1497950931550541,-0.0249949853055295,,0.0760816162309105,-0.1892447963993939,0.2066223594276358,,0.114784978180064,0.1298482520375495,,0.0898382759460046,0.0257736735674432,0.0731630621965703,0.0756410253108777,0.0872646887140713,0.2390368077199854,-0.0852518209770147,0.0034041650597302,-0.0286877638958532,0.1838099078151948,-0.0203839960620254,0.2361662880601485,-0.0707315569972745,0.2160067539650278,-0.0737690681331789,0.282868266841833,-0.0197820249036708,0.2238385814526485,0.0287250427980197,0.1525243148761288,0.2561948722273294,0.0758703492208993,0.2691007745383099,0.2436251953188998,-0.0679606515766939,-0.067548800833145,0.1231474017376266,0.0776436331079784,0.1783669253165053,0.1333731329036304,-0.0495807639320064,0.3071204206989323,1.0,0.0805319637896443,0.153496668292957,-5.683763161253019e-05,0.1158768047971841,0.2235693505059119,0.0680772850548703,0.0616906053133134,0.0518570182577206,-0.0688504588086077,0.2592873423648641,0.2055133449242633,0.194351968190311,0.3479213366181977,0.1955657762739056,0.1052891875977523,0.2189902778526277,-0.0986014984587082,-0.1448032001466043,-0.1469232104493127,0.1664368343527255,0.0837139333575991,-0.0887044814929248,-0.1410020903852369,0.1687416918706343,0.3105018546701473,-0.1349689884174302,-0.1227238245788254,-0.1251811189301784,-0.1557874932623013,0.1941041116796295,0.1229484517604103,-0.106633527119336,0.0552879856004896,0.0582612036329293,0.2108961478755234
SelfConst_Q15,0.1873084613609812,,,0.1933406208133784,,0.1932165497724961,,0.0894950451104057,,,,-0.0685742808000162,0.059541251621281,0.0252333498353208,-0.1932165497724961,0.1576724850257781,-0.0024955583424122,,0.0033456067444001,0.052036539546251,0.1751888938985495,,,0.2313355438975562,0.0681941635741071,,0.0016994920789014,,-0.0323409675584864,0.1459243470633279,0.1770501558529397,,0.1672172194036594,0.1932165497724961,-0.0486639152648271,-0.0782983522264619,0.1423131157401787,0.1062367921615351,,0.2251001905159811,0.051410513301867,0.207332630821538,,0.1329296375819682,0.1173185314424718,,0.0254782891709381,-0.0430193063699499,0.1124314244765372,0.0856727397968286,0.0689846673087801,0.1158231987440174,0.0087777970573983,0.1563111447997736,0.0858954938644018,0.1568610925651938,-0.0721565187056665,0.1645170672517836,0.1932165497724961,0.2695896274621737,-0.0892749428941234,0.1009523664272998,-0.0232498259377771,0.1138247196620327,-0.0578820393739065,0.0715167650486847,0.0264078935792157,-0.027632770746239,0.1275542260458384,0.0593808669531912,-0.0518096927793865,0.1436196341589038,-0.0424700973354669,0.0928293390812576,-0.0860589719068797,0.2144309095013513,0.1054176773152081,0.0802458812628882,0.0805319637896443,0.9999999999999998,0.19400520930851,0.1919367908031892,0.1584496000840345,0.0405403264555212,0.1530022561902311,0.0737149252485558,-0.0280634020201524,-0.0744677129375591,0.0799852518007403,0.0806687981528837,0.2072371286805429,0.1258974721090183,0.1221484361743745,0.1532514463815039,0.119827622911035,0.0757519415478791,-0.00474525755574,-0.0669375550412926,-0.0012437129698895,0.118347936761424,-0.0228146661162693,-0.0188049957739448,0.090607273214889,0.1237146215655369,-0.0080746789250757,-0.1036894634726185,-0.0022001300246239,-0.0194644130195378,0.0691399124873378,0.1357268729781276,-0.075834987713617,-0.0323409675584864,0.0946117717711515,0.057362819587896
SelfConst_Q16,0.1415979242040315,,,0.1492493417070016,,0.1224384136620439,,0.4078933801271951,,,,0.143370248083968,0.1863912445599922,0.0812329588679623,-0.1224384136620439,0.094756240002198,0.2634698212777341,,-0.0131442968494745,0.2625255904785515,0.1144452485158034,,,0.2128564559764797,0.042377624077915,,0.3168527526103231,,-0.066355512166051,0.173474424477673,0.0516215902070506,,0.0456290642161436,0.1224384136620439,0.1227745091992441,-0.0094178537691008,0.0905696730100466,0.1790408067213715,,0.0184791665535067,0.0533776903798639,0.0805452161402685,,0.0318324182844863,-0.0076880055917504,,0.0054714795635267,0.2290951545519164,-0.0090818002653928,-0.0096130859237812,0.1542661601373755,0.1655852151824206,0.3009943021974739,0.1588542584537878,0.1688348019768659,0.0865334796573656,-0.1134303680424694,0.0488294316201257,0.1224384136620439,0.1343331291251226,0.1138720397421345,0.0831122159663372,0.113777705070963,0.0491775930781262,-0.0846796284964249,0.0977393769169701,0.0841278213555179,0.1987440630620119,0.5117618956678455,0.4012998878067707,-0.0055913199699654,-0.1051967774885634,0.0425640882857701,-0.0404618377511492,0.2455731187668424,0.0832753916726573,-0.234631721413967,0.4599504046245397,0.153496668292957,0.19400520930851,1.0,-0.1223609554299682,0.1643571988124536,0.1012309223965609,-0.1544565743991277,-0.0865396679517135,-0.1155564165012766,-0.0571215910204892,0.4143157347132287,0.3013581795254738,0.2575604873446538,0.2399419317434636,0.2182864630445027,0.3932798687540723,0.2765836305736993,0.0886308437698583,0.0724692305929502,0.0817207898558989,0.3406880188740966,0.3230891850072518,-0.0515929896076513,0.0881768057511349,0.2088475223649677,0.2938269653515236,0.0828274696232157,-0.0134503216502407,0.0652969067440351,-0.0330197255254112,0.1710211902728992,0.0395843397424447,-0.0029332386029158,0.1224384136620439,0.1408193709979797,0.251708932615868
SelfConst_Q17,0.0215734940748705,,,-0.0505827064202747,,-0.0794465070713415,,-0.1197736755344375,,,,-0.0855528019811765,0.075275261846065,0.0106222006279658,0.0794465070713415,0.1227132520791896,-0.0612470206254503,,0.05003828203738,0.0821216654492129,0.1365998314754654,,,-0.1381159836127347,0.1254861378875286,,-0.031719267589456,,0.0590756078222796,-0.1125621990579151,0.1962055239009485,,0.1752663112566314,-0.0794465070713415,0.0409297238637719,-0.0240531939637446,0.150866551623915,0.066672113884231,,0.1343903267689438,-0.0360758385640519,0.2141637102135211,,0.2347352599277274,0.1213638082225919,,0.1349466129158706,-0.0052294564691336,0.2136918668268367,0.139257963068231,0.0426321504921576,0.0334597182507115,-0.1045685120228146,0.1789695860956179,0.0345186081224381,0.1694627982063264,0.0392029069670284,0.1542691623932243,-0.0794465070713415,0.1729405447780925,-0.0566383324420183,0.1440865100330551,0.1000556954637464,0.132236581021447,-0.0129015695244058,0.0787647808595835,0.1443390043691106,-0.1945197570426904,-0.0997965815850652,-0.1328046624619289,-0.0040070639816515,0.1657608390484512,0.0471107975586007,0.3099492003781936,-0.1463220214862886,0.252277600973558,0.16829283648472,-0.1163114040542317,-5.683763161253019e-05,0.1919367908031892,-0.1223609554299682,1.0,-0.1235582887722168,-0.0129742385441945,0.2167288904013916,0.3032858145607596,0.1126627580992626,0.0816880870364881,-0.0796066261144994,0.038961050852487,0.102985582345983,0.1380329106025304,0.0857371057306063,-0.1524417042043487,0.1183586964671137,-0.1500699999498509,-0.1312210800426647,-0.0439597989509838,-0.0876960234388766,-0.0074957977275561,0.0213036080290261,-0.1092395022294096,-0.0044087589536204,0.0288567546804619,-0.0790434103879487,-0.1088297041120569,-0.088983627490508,-0.0997698164807119,-0.0295748541501179,0.0822629876823522,-0.1810453498223214,-0.0332724687734678,0.0122946995135664,0.0214997149009312
SelfConst_Q18,0.0275901412733022,,,0.2130016049823713,,0.1011773902086135,,0.2763194475922361,,,,-0.0037666531756097,0.1269084639652851,-0.0492079431062964,-0.1011773902086135,0.1728278288533353,0.3550852355464226,,0.1215794834157802,0.069125100389615,0.0176636959015136,,,0.175894640093913,-0.018679110982015,,0.1968746130526348,,-0.0142921907847132,0.1433511674288641,0.0787148391188244,,-0.0059051947422443,0.1011773902086135,0.0488977633713117,0.0829538378345274,-0.0063928511979343,0.0644832143224619,,-0.0507041013756,0.0941648655633346,0.0378052762393225,,0.0305678835037833,0.0224419133546843,,0.0269127161932302,0.149863743056537,-0.0822014548274277,-0.0773820351767956,0.1819070939035883,0.1206100825359626,0.1346312697675473,0.0765981247323388,0.1530111457086007,0.1177176553954845,-0.0244547624384717,0.0349656243784424,0.1011773902086135,0.104678160709766,0.0233864202879452,0.0186351225901797,-0.0881579600246297,0.0611335890258827,0.0527820511158221,0.0644584265284629,0.022307100401959,0.2494659736875542,0.2599383626378958,0.3158697854633355,-0.0259927246504976,-0.1123801577682682,0.1911294346646617,-0.0873084467017074,0.2131603102661134,0.0985420563829052,-0.1642550256988667,0.136934153137669,0.1158768047971841,0.1584496000840345,0.1643571988124536,-0.1235582887722168,0.9999999999999998,0.184248202941357,-0.0456303798877705,-0.0048665502062305,-0.1323069792332776,-0.1093320881029609,0.2641107739076019,0.193373668934907,0.1648748092945262,0.0996327533715324,0.15194315893761,0.2180432380901037,0.0717114080361075,0.1077212915390496,0.0107438367761139,-0.0259600902660696,0.1734063506567125,0.1793606930831518,-0.0488353531873144,-0.0021000948761803,0.0765200692577188,0.119364357987809,0.048396231300585,0.0344936282954435,0.0371051315428346,-0.0045730384757475,0.1241458393840055,0.130498558743936,0.1337637057422478,0.1011773902086135,0.1597945175664187,0.1321902392352118
SelfConst_Q19,-0.03366153553035,,,-0.0507103714142224,,-0.0598082025921845,,-0.020494672935383,,,,-0.069892021416628,0.0192794429298071,0.129422093297524,0.0598082025921845,0.0892530379406564,-0.0436130398154177,,0.156338912556114,0.0282521751655578,0.1761142892459207,,,-0.1039752285359948,0.033494308104793,,-0.071990039491553,,0.0724505868799634,-0.0847380590241966,0.1384521334148606,,0.2387373200668267,-0.0598082025921845,-0.1169731688673138,-0.2470795438699924,0.19271456128072,-0.0627830947917184,,0.0830758886516493,-0.1347430378165655,0.1519939303121001,,0.0416681262159851,0.1970713157194225,,0.1227259742147628,-0.0850483727071123,0.0669129710569531,0.0265150229223081,-0.0221330844008421,0.0482380117079724,-0.1146172340279234,-0.0298576127048146,-0.0841911670771091,0.1168801304320331,-0.1951079511921492,0.2173869392675658,-0.0598082025921845,0.2091217302529203,-0.2143783063706671,0.2586787655640423,-0.0803598239173341,0.2356163292562231,-0.0063211921438894,0.036348311934199,0.164075415984443,0.1879659811595041,0.1242150600770717,0.1529743230968592,-0.0972411978808636,-0.0542295215566242,0.0945002912144932,0.0768976467713648,0.0803507448014685,0.0083795891708383,0.0322563863231313,0.1281215001383961,0.2235693505059119,0.0405403264555212,0.1012309223965609,-0.0129742385441945,0.184248202941357,1.0,0.1429747822530531,0.0097930516432657,0.0185437935840614,-0.1099958058858435,0.2682531777603565,0.0312270305470553,0.143583787072073,0.2564424152673035,0.0500208687659277,0.0436349149938463,0.1510407666515568,-0.0740303420005709,-0.1146399586392859,-0.1972003444951696,0.1718411037247939,0.0393360947498202,-0.1138277727126166,-0.1134409004952267,0.1059870660681462,0.2619204872287136,-0.1468146800933259,-0.2161045068297859,-0.1154437937924096,-0.1502042072254262,0.1785020780857538,0.0933705158086578,-0.2506165558471452,0.0724505868799633,-0.0346591501811959,0.1310397228670007
SelfConst_Q20,-0.0357875563874882,,,-0.0448672875728851,,-0.0748905682201116,,-0.0904620404395561,,,,-0.2032708225043385,0.0677601856826883,0.0219323261343025,0.0748905682201116,-0.0146448378242164,-0.1852666370833549,,0.0671265643721978,0.0030327866773573,0.1943115006148117,,,-0.1301955853609648,0.1114403061692405,,-0.3116314134451245,,0.0588308840066085,-0.1061072079604801,0.2223227084237981,,0.320739164537249,-0.0748905682201116,-0.177711642263915,-0.0894670405941538,0.1348716953487404,-0.0821021771827571,,0.2518757280276916,-0.0640765687901889,0.2382439745792068,,0.2577497660444907,0.1695487718453556,,0.1595689103316605,-0.2472198026778919,0.2401125834336652,0.0742223413164289,0.032152092418924,0.009531536602599,-0.0924579010607396,0.1081084853097257,-0.0811135450472088,0.2189281904365141,-0.1093611524949993,0.2399735938487512,-0.0748905682201116,0.2398727719909423,-0.1849400194622786,0.1866432850324929,-0.0806613690661214,0.222333162530015,0.0303167508112049,0.0251639926568892,0.0824399102314857,-0.0819102434926376,-0.2001960879934445,-0.0067246122149094,0.0350439957143414,0.1665284697692267,0.0376090205560257,0.0468782767913453,-0.0598826479987942,0.1813932559462858,0.2957392097196689,-0.0504569080667243,0.0680772850548703,0.1530022561902311,-0.1544565743991277,0.2167288904013916,-0.0456303798877705,0.1429747822530531,1.0,0.1825733412334735,0.0945803358345054,0.1104329355643748,-0.0116402251515993,0.0196680358265104,0.1187817973837764,0.1998110205897347,0.0237702583326203,-0.0948099151937253,0.0831333338834821,-0.1488932729344836,-0.2026617943496577,-0.2450242920392115,-0.052998280647121,-0.110133322413075,-0.0106781386146347,-0.1487441473864796,0.1074631849851015,0.1270415700358574,-0.2311776589228623,-0.1574929673364914,-0.1264726021438726,-0.1990351347230572,0.0010196392646619,0.0565878438204473,-0.1348387598474183,-0.0303167508112049,-0.0302349105119562,-0.0203981421466918
SelfConst_Q21,0.0444146744052759,,,0.0049145967130457,,-0.0099269325154236,,0.100150845103855,,,,-0.1252149074906917,0.2204993464364194,0.0367781496318227,0.0099269325154236,0.1815368586481056,-0.0428737786484796,,0.1121088251146424,0.0386830433857822,0.1116535556980222,,,-0.0595470152228103,0.0896375914924791,,-0.004569441620628,,0.026561251865593,0.01178400180769,0.359260870584027,,0.1369805085767755,-0.0099269325154236,-0.0568690371836679,0.0698226938047467,0.1377639257329373,0.0334838549565794,,0.2904104277298377,-0.0544528424534148,0.173699201216741,,0.4826412857626777,0.2964966333194908,,0.1024983735186532,-0.0658853924624762,0.1434453686063864,0.1358087025074411,0.1465483362299067,0.0078901970034421,0.0253763148865182,0.1991304877691289,0.0013331204367125,0.1833658985339719,0.1443556451239223,0.1443959140355658,-0.0099269325154236,0.1896147818938228,-0.0353518596848251,0.1281900925470392,0.05203052555855,0.0931268053063935,0.0099269325154236,-0.0055326594822147,0.0991445344034549,-0.1984168803564011,-0.0871770861320864,-0.085129247118266,0.0350577737910099,0.2322728972603666,0.0482164719684553,0.2702017026522695,-0.0207573160687388,0.364890168848481,0.0077509694679736,-0.0419849266240329,0.0616906053133134,0.0737149252485558,-0.0865396679517135,0.3032858145607596,-0.0048665502062305,0.0097930516432657,0.1825733412334735,1.0,0.2699477673182669,0.1579211693285076,-0.0328000545202723,0.0333304031282883,0.1315658339082512,0.1224608854246076,0.1758047754009725,-0.1087136467340258,0.1547128397781441,-0.1330843971678899,-0.1281821705866558,-0.10224646512503,0.0408455836745723,0.0469010795467752,0.0265471599512466,-0.1126041080308539,-0.0206547910722516,0.1228856331761245,-0.1071324990200019,-0.1228360848800813,-0.1092684775508371,-0.1625618366701853,-0.0651048852667157,0.2049704606606201,-0.0665353460220649,-0.0829033012774571,0.1071797189880687,-0.0110887327078905
SelfConst_Q22,0.0711279011468399,,,-0.1021477488982982,,-0.1061136115158499,,0.0158412097221334,,,,-0.0606126652533957,0.0820155829639684,0.0598263265658424,0.1061136115158499,0.0399242476995495,-0.0895705954904423,,0.0015624075979189,0.0549480643494518,0.1166610656171259,,,-0.1844761509282013,0.0251982720671333,,-0.1059838399433299,,-0.0648219057471644,-0.1503449541397146,0.195313204433619,,0.0166588607446051,-0.1061136115158499,-0.0726817258808699,0.0779473637029185,0.0207044529538139,0.0500674978059192,,0.151661552068781,-0.0156084180480368,0.0911028296592592,,0.3089502640420736,0.1654716955560693,,-0.0081100591645048,-0.1389814261867099,-0.0768838468118038,-0.0123213771120298,-0.1432045097553529,-0.0290685606570494,-0.0095204988372851,0.0753859553499636,0.0633040300758674,0.123563672548593,0.0348681053866273,0.1164042620637262,-0.1061136115158499,0.0369576522527525,0.0197931653644641,0.0773924829332496,0.0978389278384637,0.038820015464551,0.0235301999784788,0.0223048539993215,0.0590815147944366,-0.1124687731791321,-0.101321428861758,-0.1306269355657975,0.0129825940944041,0.1621952284640618,0.0858291068559594,0.0846792216956815,-0.1318962697647116,0.0141822334929488,0.164182583800467,-0.1300803479819004,0.0518570182577206,-0.0280634020201524,-0.1155564165012766,0.1126627580992626,-0.1323069792332776,0.0185437935840614,0.0945803358345054,0.2699477673182669,1.0,0.1344216396131567,-0.075005753147938,-0.0888615583854291,-0.0510737877435922,0.0403277703495007,0.0759025173024571,-0.095546904335977,-0.0100660039908456,-0.1394209215549923,-0.1637167034241012,-0.0440398785595877,-0.1389031253532504,-0.0935698079467195,-0.0003663656807079,-0.1686122730177331,0.0344976389763901,-0.0039516985239415,-0.0981507170772144,-0.0379347718091789,-0.1144874570726748,-0.0249666152552331,0.0028336799686942,0.0411611988621918,0.0228849612571278,-0.1061136115158498,-0.002748671837806,-0.1432806085461401
SelfConst_Q23,-0.0232263503325042,,,-0.0423877424164662,,0.0751013132964102,,0.13052895447093,,,,-0.0773233598805354,0.1077817738349214,0.1226436041199813,-0.0751013132964102,0.1017223655394096,-0.0840957174925957,,0.0855289170543382,0.1285874466274291,0.1157202128234463,,,-0.1038463122015779,0.0490540886878877,,-0.1054644945052756,,-0.0462505117528387,-0.0082174774630298,0.1246993365737029,,0.0206101051669403,0.0751013132964102,-0.0336220528791374,0.0720965391176495,0.0047686623624663,0.0248714862427293,,0.1284812198674806,-0.0464398596396599,0.0144508565650729,,0.2240398251041732,0.1216694136585722,,0.0506705523993959,-0.0199189805653447,0.1125572612678505,0.0834087227900352,0.0599898228748725,-0.0521906164806624,0.0752388422650463,0.2821486874592401,-0.1082838832479218,0.0344799760159078,-0.0113859514773052,0.033277976204645,0.0751013132964102,0.0253317519529054,0.1495468690536111,0.0238736816298717,0.1009080368726665,0.0228489051776838,0.0462505117528387,-0.0128693491875636,-0.0011889640787307,-0.1904852159083209,-0.055703455479587,0.0188209389223157,0.7087195774598474,0.215691588416503,-0.0348304363255307,-0.0045901714699889,0.0266124794561324,0.1990411235169694,0.1092304547032482,-0.0673004952569775,-0.0688504588086077,-0.0744677129375591,-0.0571215910204892,0.0816880870364881,-0.1093320881029609,-0.1099958058858435,0.1104329355643748,0.1579211693285076,0.1344216396131567,0.9999999999999998,0.0244926375090254,0.0325660212651459,-0.0251940229344465,0.0188586500326434,0.1627239834558212,-0.0028695089088822,0.0300552706300248,-0.0693860526385526,-0.0370587383334889,0.0011883065148328,0.0180735353157289,-0.0027687816423332,0.2336458149665544,-0.0309873719734192,-0.0737971014114344,0.0682232153141099,-0.0030689793737966,0.0472427950161619,-0.0094215688532048,-0.0024321851776948,0.0064772374603115,0.0476764546232033,0.1426389986616762,-0.0462505117528387,0.0410719272310656,-0.0395745451142595
SelfConst_Q24,0.0431514867538647,,,0.3052931120520026,,0.2146628405020822,,0.2874404274869462,,,,0.0913818428312325,0.1447759491047012,0.0124482610713408,-0.2146628405020822,0.1459310846456055,0.2382795113364657,,0.1985801401079369,0.3035632195128853,0.281072166805192,,,0.3731865685979746,0.0420804244996474,,0.1680982468654975,,0.0048217169924097,0.304140764316234,0.2021989403533611,,0.1873030444070663,0.2146628405020822,0.0815181335423995,-0.0714131022217575,0.2111238879427696,0.1948525431666553,,0.0491626904397891,0.1131573519467566,0.1842064160807659,,0.099811754295577,0.0878784084816345,,0.1338560814645344,0.0765798363365947,0.1133428880364268,0.1384532802380771,0.290314426425126,0.2775750670795251,0.1144362500154504,0.3406528110616209,0.1933626932614611,0.1822411727924149,-0.0263275616999732,0.1849590624725238,0.2146628405020822,0.1458823522196828,0.0007660620086904,0.2265737051791541,-0.0875040438708246,0.1889900106594666,-0.0048217169924097,0.1679675631954328,0.3114649955828304,0.1533043552461107,0.4737499984322793,0.519631130282804,0.0424366903358642,-0.0697434908206511,0.1227334672847936,0.1382687131006394,0.3301236337313055,0.2305769820022451,-0.0835619491966402,0.5085185903678681,0.2592873423648641,0.0799852518007403,0.4143157347132287,-0.0796066261144994,0.2641107739076019,0.2682531777603565,-0.0116402251515993,-0.0328000545202723,-0.075005753147938,0.0244926375090254,1.0,0.4239722340000412,0.3622809700383407,0.350521395643151,0.2945910858146296,0.4463977574769057,0.2468644441952366,0.0918810319450739,-0.0164931591808283,-0.0601033444764562,0.4190416371094059,0.33451873075439,-0.0246693917402481,-0.0131668237862946,0.2413253949899584,0.3063004612862587,-0.0392218740893434,-0.013775379863343,0.0115014595551967,-0.0382805138902672,0.1332049340021348,0.1393989486902132,-0.054096371522392,0.1622025596246641,0.2251320184847891,0.2772248168056451
LifeSat_Q1,0.5447557418419191,,,-0.1645703972900576,0.6433345418583882,-0.1645703972900576,,0.3697494379392604,,,0.2622414271544527,-0.3598093421630423,0.8445790711467388,0.5706694985485317,0.1067536664613314,0.4746275449985594,-0.2885761356187412,,0.7477312244944608,0.8450836191017321,0.7744042808688906,0.7060834238903281,0.2805438214918771,-0.3358950707811755,0.6348164971443238,0.5346842916123902,-0.373459946533425,,0.6063724614982521,-0.5859186279338773,0.4936048182448392,-0.6663243591930876,0.7685979015227637,-0.1645703972900576,-0.3634768633554855,-0.31485063950294,0.7877425745111722,0.2753801862721614,-0.4029861193124048,0.5172553070316501,-0.3935197980995847,0.8206906884140134,-0.4468865305816094,0.7843513659334975,0.6960998159820063,-0.5994100406319781,0.7038262317051083,-0.4157667800305236,0.8363601008157279,0.8721781546593987,0.8500927965820338,0.8593115653128388,,0.900296685686059,-0.3378116882522193,0.6982565838604067,0.2938360121936888,0.4040953288506835,-0.0971964687701325,0.5976381163486838,0.1670548873005503,0.6224619658811887,-0.1470758578934731,0.6365929215318795,-0.1872228017091177,,0.5633201230031023,-0.0406500292385932,0.8340172881145093,0.6953719277794125,0.5196823975852821,0.6669517277394221,0.7286533502131375,0.5984755417695167,0.091562050778327,0.5409005821621281,0.4096545632521022,0.5765001358368447,0.5592477173010265,0.5367991736197982,0.5068047645770029,0.5773775748797464,0.1880129010221267,0.5712876001171037,,0.3438230359291704,0.363352192974164,0.6030273863800315,0.5359872566121395,0.9968249759819596,0.8676131042912235,0.8360607157565556,0.6192207826973242,0.4878867158508596,0.6878594059488854,-0.6111764093661034,-0.703208690352272,-0.7415812193515059,0.6731718951363889,0.0799985305328122,-0.4870377582282086,-0.6465347467913226,0.7382818244610424,0.3976107403395022,-0.5942848667777073,-0.669537888845354,-0.6200205516664967,-0.7231446864819326,0.2865153537440659,0.5424718687102567,-0.6501072524740976,-0.3358950707811755,0.1999192457224736,0.2971212449860416
LifeSat_Q2,0.5751773342523154,,,-0.1839970698029935,0.6248804613759129,-0.1839970698029935,,0.359638102774507,,,0.2103949781500038,-0.3944542327980242,0.7650323211728757,0.4825742558372755,0.1120309446196711,0.5272428569087064,-0.2960686186482472,,0.69609875228818,0.7693599520280407,0.7244524846360569,0.6691227787763745,0.2559334564794137,-0.3773993314654634,0.5941220234171165,0.4805926813355645,-0.4052512060033535,,0.5377916179724387,-0.6505035052535703,0.5422674354419444,-0.6950898636776207,0.7243539699654841,-0.1839970698029935,-0.3196643258982807,-0.2807828152596071,0.7377750023991179,0.2608890867057803,-0.4504055359897172,0.5337459100574843,-0.4319986427604781,0.7962680980629713,-0.4781481348092978,0.7716386899033054,0.6776858917270546,-0.6471092051253253,0.6477859170299686,-0.380486044558985,0.8162501303397133,0.829216126361644,0.8179237056911153,0.8332892850928474,,0.8467795455120257,-0.3734574541903103,0.7217230976650957,0.2908843059543923,0.4413388109230315,-0.1213629153922978,0.5953927974951791,0.1731218149186876,0.6366495768238822,-0.1677219837950994,0.6578873464010451,-0.1682530408005274,,0.5551157600105812,-0.0658831283988839,0.8098618409479366,0.6309675128754239,0.5335722154711302,0.6465821517853891,0.6313117960200237,0.6120807868697016,0.0775210517094615,0.5601797738699682,0.4226661760586772,0.6012697155916553,0.6084102691254651,0.563974371083237,0.4800396140972634,0.6011067725046186,0.1747660870761754,0.5989077837685642,,0.3844853068530691,0.3551663307947579,0.6372565846719467,0.5282005285851585,0.8705252497730986,1.0,0.8293533401167368,0.6241856165559883,0.4340001909909302,0.7019119091642088,-0.6320482544021016,-0.710650587126352,-0.726138703476698,0.6984360539394141,0.0942998064240369,-0.5198857615344404,-0.6757841963186586,0.7360385070041902,0.4080369803857714,-0.6158735348408302,-0.6910623172911641,-0.6472734492374792,-0.7166892429965219,0.3036663352630195,0.5951554513339323,-0.6784314696794432,-0.3773993314654634,0.2292219107941004,0.3051437405178221
LifeSat_Q3,0.4623247018518027,,,-0.1321519853653407,0.6928331137010343,-0.1321519853653407,,0.2867653617687678,,,0.3006709300363764,-0.3180964126274556,0.7677044766422166,0.5588741545891258,0.0813743514633345,0.4402517110463464,-0.2682475683071554,,0.7525079861838249,0.8321712913111314,0.8142022992836718,0.7425458557602097,0.3332814414119377,-0.2884236790596625,0.6898988281854668,0.5843469378228303,-0.2984181483406323,,0.6436373094574644,-0.6071723146847743,0.4427346407180115,-0.6492849053046268,0.7893158484822074,-0.1321519853653407,-0.368636348652231,-0.3613041431483746,0.7674921475821853,0.2783301740646672,-0.3549842475373371,0.4241732194029671,-0.3355535510737162,0.7707049238212317,-0.4101387034029656,0.7482879043777377,0.680287740832105,-0.5853125970892123,0.7529830172508288,-0.4209254751598116,0.918476514144695,0.9047904551270962,0.9361876060242946,0.9220986994707544,,0.8764083777701897,-0.2766776925817953,0.7113787669742803,0.332745891885614,0.3980974348291444,-0.0572016797153898,0.5612591377919218,0.2045097049682472,0.6713314709592986,-0.1127086861120488,0.6796317621507011,-0.2124206416160543,,0.541260048252686,-0.0104720999747808,0.7906988732123872,0.6334284150283577,0.5145532032569444,0.6772366898540505,0.6657840556150179,0.6347377637116587,0.114340841255257,0.5522438619433936,0.4238247640788701,0.5900740296263842,0.6396192960135095,0.5513044432543591,0.4221068393813804,0.6358885274546989,0.209188392195654,0.5645153839144772,,0.4049848370963423,0.3861207748209538,0.6275432809876871,0.549407676921457,0.8281176232087535,0.821007597197392,0.9916661907507937,0.6783928460620121,0.4828299431370451,0.6200338465783775,-0.5521185923860239,-0.6457811990817524,-0.6652977322751659,0.6217358538607679,0.0692898339286298,-0.3954865072915058,-0.5584465961057297,0.6703538534146277,0.3559726573082541,-0.5301179177919363,-0.6130336014177842,-0.5624641771314327,-0.6644682717190128,0.2763508198291617,0.5148332253659391,-0.6188746058221111,-0.2884236790596625,0.1968244367035561,0.2851831795438807
LifeSat_Q4,0.3854649175119172,,,-0.1259359717262531,0.5933338481045721,-0.1259359717262531,,0.3074372089204858,,,0.2464143718253521,-0.3001903432187037,0.5594049355994115,0.3109250610481054,0.0735101808635386,0.4507152303349025,-0.2645046245671267,,0.6355837205071952,0.6129401394498903,0.5461765681142965,0.5324230896579694,0.3409875159857072,-0.278847296960625,0.5637998631188457,0.4717017958494452,-0.2768732641934811,,0.4799501920027439,-0.5284209683275078,0.4264257248012819,-0.5656172754055833,0.6618513307011679,-0.1259359717262531,-0.2791230748545978,-0.238780922593218,0.6111780226001062,0.3167135364059955,-0.3299533241877276,0.4038958934496859,-0.3073114023455936,0.6047069545051714,-0.3696013404245551,0.6601769723258013,0.5986764420634112,-0.5395039935544086,0.5915265714361735,-0.2787799026771711,0.6707957469739472,0.6623539259801018,0.6541563631542696,0.6690082656498596,,0.6416920578513616,-0.2776673843760354,0.6204983068379363,0.3150638688949333,0.3848661198240483,-0.0679299512708831,0.4620984223742354,0.2227208201609025,0.5303747217171544,-0.1056254433897115,0.5521879821560876,-0.1508705664844479,,0.488257405223839,-0.0129343390122245,0.6042526439860312,0.525097790439489,0.4364476509085671,0.6210662160510199,0.5261118198515372,0.5644780788156771,0.1224425819086863,0.4492015310871258,0.4208454044774087,0.4917304864018479,0.5794442730163627,0.4510144116132609,0.2981160290370087,0.4744455554358701,0.2185742438608953,0.4443355291741184,,0.3334786170712436,0.3615726978049675,0.5428763897228615,0.5291498166137388,0.6181978258985238,0.6241856165559883,0.6713362578011087,1.0,0.3339855919865412,0.5814108928400193,-0.5038401155466783,-0.5408046325928504,-0.5023615167911037,0.5909323742846474,0.0715605768380836,-0.3715047874912417,-0.4914903400096171,0.5944831287943195,0.3039471711954293,-0.4561432448515904,-0.5539386595186924,-0.5290055445373307,-0.5345803138809246,0.2728290977175527,0.5166407183871187,-0.4665401257166532,-0.278847296960625,0.1959978368151194,0.2806430690958943
LifeSat_Q5,0.33434389665071,,,-0.055359959697882,0.417982632850123,-0.055359959697882,,0.3139540962736304,,,0.2164623221127755,-0.2203452531367955,0.5315496992527404,0.3079778422194305,0.1175147971445428,0.3745963531688223,-0.2144501240290032,,0.4802328188565464,0.5294879364090399,0.4774005557466791,0.384389442048242,0.2577828075757214,-0.2202477508970672,0.3833407402607577,0.3623544515991643,-0.2057000888331867,,0.3669303774268624,-0.3578802376361588,0.2924587574789035,-0.4199616793936114,0.4526881103662916,-0.055359959697882,-0.1829823540152146,-0.1354655033784389,0.4686651772782693,0.3458801560694728,-0.295024246516588,0.301537263999968,-0.2458975104951994,0.5066546727080341,-0.3310856455990442,0.5126231691058496,0.3592330636666936,-0.421146398424881,0.4536143687335713,-0.1925357985475634,0.5520351953093425,0.5771781084847469,0.5442506331488576,0.5807370272821581,,0.6106161667787631,-0.2222427401196784,0.4591329113956386,0.2738287114065061,0.113648750849785,-0.0002757788883571,0.3387232871358883,0.3205936586777141,0.3990231799705808,-0.0410854597547644,0.4560632879117818,-0.0950418359892285,,0.351197080306004,0.0832637276562116,0.6121657045252458,0.6578233819431297,0.2742943719584436,0.4221243644511442,0.629934233773617,0.3932996018442308,0.1991664562248117,0.2844766859917998,0.3558643971485905,0.4134310421603939,0.4677082065674857,0.2998206917297374,0.5190125700850816,0.2845990699389549,0.162317305389481,0.3448487580748585,,0.145450748555849,0.166714887347473,0.3751145642791714,0.4277600009532447,0.5241332979758899,0.4787815636907775,0.534909937471401,0.3941011398018052,0.9290954371330016,0.5052069624867646,-0.4668232693515396,-0.5143176397876471,-0.5238244253887734,0.4740354696164242,0.1087869214285571,-0.3762419953439062,-0.4934124215124157,0.4938709038496072,0.2887109750019642,-0.4194262116261571,-0.4792848515310396,-0.4714547851475399,-0.5258879722964791,0.2089007410209433,0.4357562031251221,-0.4738066848587292,-0.2202477508970672,0.2092130218620298,0.257174518338236
Lonely_Q1,0.3683417488141265,-0.1040173369691489,,-0.1877626627357025,0.168757130947474,-0.2831136221483384,0.1066389582484223,,,-0.2861407036001032,,-0.1997487882118204,,0.0795879463456841,-0.1186873497871072,,-0.2629981297938636,,0.1984833996877966,0.4782519260744134,0.494273417029372,0.2487786956393022,-0.0076370459062409,-0.3558825615202179,0.4914347707399299,0.15789055313825,-0.3367295314483898,0.4586510254060694,0.3189704491698535,-0.372028777423541,0.3678473489899732,-0.3295361094318275,0.3761329636895067,-0.0506349056348639,-0.1273364575322986,-0.0336593756027757,0.4229535914575003,0.2199521062484059,-0.3128509026920899,0.4056043100106896,-0.236252409920709,0.4003982878936512,-0.2795087722835276,0.4162051688572773,0.4564402316282988,-0.3145908336675046,0.431865966724467,-0.3069900558496543,0.5164444093073033,0.5237926677085938,0.4231278462744151,0.4485125825859653,-0.3192668564753147,0.5240232143321069,-0.1195914768877033,0.4500440372999739,,-0.0132162185937575,-0.1770097528935412,,0.032994104712569,0.3832735856334299,0.0547884563008746,0.3674815077568915,,,0.1190870856704171,-0.0180099438061532,0.3884912364038989,0.5511550135345229,0.2640690436930685,0.0628533679603428,0.1690418161822464,0.2847974819395318,0.269465363812714,0.3142506070104017,,0.4051625386543507,,0.2128629789161114,0.2106859480348574,0.1637176725479988,,,,0.0502074472687124,0.3524193482137837,0.3291522470371424,0.1335420815617455,0.5045435360134327,0.5392603361233232,0.4549024374107426,0.4761546987483418,0.3602684125856357,1.0,-0.3625305310067387,-0.3730555661430652,-0.3004899926062969,0.5841965445351347,0.4405264679451066,-0.5320411692200849,-0.3661876895471019,0.5798405353953494,0.2662543084425701,-0.3139788107482096,-0.3340633255098908,-0.2571057426732427,-0.3791892222148927,0.2881323614387308,0.29448003539754,-0.227533891234587,-0.0720363720306815,0.2332233573564651,0.2507873905696688
Lonely_Q2,-0.1770655402489489,0.1747611376285965,,0.3376315992804595,-0.0186660643632171,0.2505300920548821,-0.0449926960201334,,,0.3573719693116636,,0.235393601928122,,-0.0849640067395093,0.311793837218007,,0.4699206501811976,,-0.1141073157150416,-0.2475748778941454,-0.3161575248130015,-0.0334198093024436,0.0200626591830397,0.4593527847734575,-0.3545388227211166,0.0292222040793182,0.474201001622355,-0.3099921857199416,-0.2530455843501296,0.5151560653676255,-0.2578287359572208,0.449838513671156,-0.3904977960805937,0.1881624609895874,0.3329665725798443,0.1665910158894396,-0.3445919562856512,-0.0567585541679523,0.4303484176140657,-0.2884309292552959,0.1895608039471255,-0.4282482163758225,0.3702619760415814,-0.3873621670019191,-0.390349009865397,0.4910848840237499,-0.4293446775513028,0.4748516853243848,-0.4560437538408473,-0.4742229395991959,-0.4349828978465668,-0.3933583220809952,0.5433862386848466,-0.4650061656832058,0.3515416304077054,-0.4340676828966254,,-0.0375415020761293,0.2810155917293354,,-0.014114965335586,-0.3336651435969134,0.0820553434954669,-0.4004011861313883,,,-0.1390375794306378,0.0507391555456223,-0.3077851858379369,-0.4586538217300534,-0.2441281262109324,-0.0270773675889495,-0.099400874409507,-0.3072430018720936,-0.2578287359572208,-0.2423861130946289,,-0.5084703270708146,,-0.1857217301883702,-0.2304837854351187,-0.2071336996332508,,,,0.0010148728425593,-0.1543459847415891,-0.2811768715821694,-0.2377349490401954,-0.3435610666166542,-0.4968890004113246,-0.4347887584503435,-0.3722905569492167,-0.1959835315320853,-0.3625305310067387,1.0,0.7282275227965475,0.424441892485474,-0.3958211452251401,-0.3365315910322913,0.3909785260063739,0.464641831025871,-0.1267961786025452,-0.3578370595794897,0.4225988582861144,0.4670462773832816,0.5028404243710434,0.437738822448704,-0.3215478539039544,-0.3724456370131832,0.1398937388220955,0.5758222231527627,-0.3597457403626587,-0.3532474257567061
Lonely_Q3,-0.2181097450243861,0.1674091909941375,,0.3136958597232273,0.0414466319609759,0.2615616198500331,-0.0053556594117246,,,0.3749828315362394,,0.2608792465803322,,-0.0469560156730191,0.3754078878072543,,0.4535093311162373,,-0.0635190673627922,-0.2811740342998976,-0.3494296569186841,0.0127073136262762,0.0120477447300198,0.471899762513021,-0.3858082625979742,0.0601776905854696,0.4693211676118532,-0.3329151943385745,-0.2290875933506624,0.4869550095237027,-0.2575452836255367,0.4293308009734897,-0.3937193576296892,0.1733176722616662,0.3321983025405794,0.1615354549456961,-0.3254887465686937,-0.0794979093905792,0.3575164771757317,-0.3350572687178481,0.1591096439217068,-0.4391429591108036,0.2987939412371083,-0.4190623849206373,-0.3961788926644936,0.4866266591777666,-0.4115938373339282,0.4714056362207138,-0.4832131242468893,-0.4512817054723392,-0.4369005466779698,-0.417861843657741,0.5284509502821463,-0.4824941233453264,0.3365767181561583,-0.4433741734349072,,-0.0317079111956917,0.2486216412467723,,-0.0236050706593284,-0.3482202664008029,0.0700932028522312,-0.3823323056422225,,,-0.1312136555872534,0.039939514820606,-0.3156071282606718,-0.4679037731887299,-0.2438347136362141,-0.0089307468193975,-0.0893264963820282,-0.2997290507393499,-0.2310904810778984,-0.3210354677776398,,-0.5096955537839952,,-0.1526362932341519,-0.1467717315129429,-0.2100452551027683,,,,-0.0053556594117246,-0.1867108547768292,-0.2764228912146833,-0.2477832827053162,-0.3414741327141585,-0.5334722378905432,-0.4516694431117145,-0.4011022433044978,-0.1889273678592715,-0.3640569030393986,0.7803615174659211,0.9619535054487112,0.437459226364248,-0.3970063322453412,-0.3226683108253144,0.4280390047538688,0.4447824183527319,-0.1681304816720875,-0.3028939774365007,0.450621369735087,0.4204907843976992,0.488893969185365,0.4251081384419283,-0.3714147738944436,-0.4054469374217891,0.1093439283092169,0.4854570272210143,-0.3767006579033669,-0.4020347026622212
Lonely_Q4,-0.1692984632035907,0.1882623557283029,,0.3164552459218953,0.090589183338158,0.2850962633525751,-0.0304362802259777,,,0.4294236552464608,,0.1857954320800012,,-0.0574757359969801,0.3044171609441752,,0.5289959048039178,,0.0195812411182775,-0.2624017774340569,-0.3117589772630702,0.0278488857334262,0.0044569182672246,0.4859745745830616,-0.3419952285480588,0.1266631767759556,0.5941888734594108,-0.3123071321123976,-0.1727964094296362,0.6039245829199953,-0.2414003803627904,0.6351756991099332,-0.3421596842222357,0.2485216464116567,0.3789491158696168,0.1651607189510412,-0.2924503611003068,0.0217732783435413,0.5169493088594019,-0.2248017083877617,0.19754888161766,-0.3993706747863409,0.4461479241923647,-0.3663790376465363,-0.3838518529542146,0.601943581827965,-0.3470823456771376,0.463436546255563,-0.3656395208021311,-0.4218159943111111,-0.3717615514612332,-0.4227749508543451,0.5581021729576319,-0.4166605126657379,0.4306245703329109,-0.2936344518623796,,-0.0233501777915182,0.2881628190015942,,-0.0040596836677047,-0.3067350885752997,0.0657890305968476,-0.320341143288277,,,-0.1739752807978728,0.0112716996860519,-0.2595792422421103,-0.3587518981482083,-0.1500153008736721,0.020374183828395,-0.1381452008228171,-0.3227259441755831,-0.2859464478381494,-0.2427703073058753,,-0.4179151472242171,,-0.0574907515379579,-0.2734993549871197,-0.120309097668438,,,,0.0206666100299848,-0.1658130056142643,-0.3488599118746462,-0.2458177421387602,-0.3872052022495065,-0.4449622584748122,-0.3593245606635609,-0.3679778328048307,-0.2627754345804194,-0.3347357925947367,0.4639349320025572,0.4734220304269716,0.9533936055401112,-0.3378470069138412,-0.2367469216102024,0.402106113851196,0.37009918260149,-0.1888511840709689,-0.2332230952134507,0.4740060766684661,0.3454566651848888,0.4399240947122494,0.4155839985900815,-0.3002901521610138,-0.197024111486788,0.1452545629745767,0.3523124334930269,-0.229756893996979,-0.3606853647184687
Lonely_Q5,0.2353174424772293,-0.0298446967535001,,-0.2020722086705673,0.1729846970666999,-0.252438883697656,0.1312714997504377,,,-0.2221608977961739,,-0.2030093596076186,,0.2143301638574913,-0.0996169570630427,,-0.3503361781999355,,0.2825477791200277,0.445607445033552,0.5769868155261456,0.2302700816379446,0.0084184314708126,-0.3134206671383138,0.5183325729966313,0.1798567749034991,-0.3532875434276576,0.5062865665155065,0.3361145903550897,-0.3666437110619557,0.3175026485054931,-0.3641828732476075,0.5116950819110043,-0.1329090274223876,-0.2176833855203476,-0.0485034814587189,0.4385094778408348,0.1551367966921744,-0.3138946579892543,0.4744157845710677,-0.1179910352902511,0.4901458024763996,-0.2983163579524535,0.4850363013568205,0.4732013444087419,-0.3209812790370343,0.509530067063908,-0.3300262631451174,0.5001907032846978,0.5447067408412152,0.4889144886739496,0.5262379771216458,-0.3377859888289775,0.5371941982133525,-0.2413193448176941,0.477087944837066,,-0.0425297630923094,-0.2628421381442605,,0.0311180796883759,0.327732039997771,-0.0242108690640684,0.4050804365748512,,,0.1175497401946429,0.0615508307156748,0.4096429802318242,0.5032435775186124,0.2862650492632537,0.1180981027561246,0.1668595839959315,0.3360011121149961,0.3898012842472213,0.3216026061872469,,0.5209990426506041,,0.2044542173813439,0.2683545267608442,0.2191292417508992,,,,0.0690661897641675,0.3246941580749087,0.3677300658987937,0.1884180542374149,0.515595496106449,0.5288852105817633,0.4893993219411595,0.4978528646262229,0.3742873055848571,0.5841965445351347,-0.3958211452251401,-0.3968653602797913,-0.3231529309359148,1.0,0.5273068933314424,-0.4915894527559656,-0.3112889649716787,0.4197753968879471,0.347010208865225,-0.3225531195438081,-0.3555226515486513,-0.2800219176691878,-0.359746390354238,0.3228707791621192,0.3772293101120266,-0.1086244231931588,-0.2465680884454837,0.3308916103479755,0.4007504518109639
Lonely_Q6,0.3139342602618811,-0.0564787370336596,,-0.1527537818910029,0.2005391444258077,-0.2127767293505505,0.0868441099979773,,,-0.2393590947123808,,-0.1978147145423774,,0.1934979618696859,-0.0903089192074144,,-0.247384861325125,,0.2813204930633211,0.3754544868181627,0.4890551033126348,0.2444897279552692,0.0171021248979801,-0.2838143021998247,0.4957986115254507,0.2503940344211675,-0.2713131985607253,0.442855292455522,0.3778950304777735,-0.3230810007632724,0.339254707002479,-0.2987274408516004,0.4084991516204312,-0.0639716098882658,-0.148108758118925,-0.1005791158421642,0.4494341304710487,0.2475117074609165,-0.285879404516176,0.4918841961716608,-0.1182437682347115,0.4105824791139592,-0.2300598530881079,0.4852081461194515,0.5068449770297068,-0.304447737238371,0.4849650471146767,-0.2415093386553576,0.4513748693785211,0.4502256810125855,0.4065578336600106,0.4508029329877371,-0.3231592617288159,0.4680649525132441,-0.2071121992316699,0.4766432474099352,,-0.0103333137689444,-0.2407452966407973,,0.0478365930061643,0.2831162941573847,-0.0074837114207645,0.326123154675258,,,0.0225151396291051,-0.0749240470711586,0.3542169573536526,0.4160889995161959,0.3065019500823406,0.2065827548022712,0.0707681407297783,0.2684929918472117,0.2439269380926916,0.2819868759018668,,0.5016894256521917,,0.2605323299939319,0.2035769088091939,0.2446814571307955,,,,0.0868441099979773,0.3025331754173621,0.3306971670303961,0.1015213521917186,0.3875807395208843,0.435493518692894,0.4014990204330948,0.4227488571758247,0.1816503875034565,0.4405264679451066,-0.3365315910322913,-0.2771084997379423,-0.2481883858036405,0.5273068933314424,1.0,-0.3764349294298776,-0.3393556395380904,0.3581602241688376,0.3342710594664829,-0.2905962989320607,-0.3529393104854779,-0.2747077550286153,-0.2802646982672945,0.3339076226508692,0.4024299448521123,-0.0932371437964508,-0.2675032547205013,0.3162793408009046,0.3635278723935937
Lonely_Q7,-0.2808662782598584,0.128461698390682,,0.259242925270597,-0.0242891591225001,0.1646986378757655,0.0042027903947247,,,0.2852443626359087,,0.201810673224772,,-0.0200990062158861,0.1226959402668974,,0.3448394953382619,,-0.0712083386060712,-0.3319678303220688,-0.3703795988035497,-0.1369036670911044,0.0476623006802646,0.3608298409954544,-0.3613568859813991,-0.0481475555378045,0.3676030100199378,-0.381481593800183,-0.2621931437664962,0.4209477934795825,-0.2876438620861958,0.3510932778472917,-0.3364005171934779,0.16614735049318,0.1825312748654632,0.0423273746545798,-0.3203873982309037,-0.221938450377196,0.3999181155813601,-0.3536240386886697,0.2717993932640121,-0.3089578899552192,0.4045771902841223,-0.372685381821232,-0.3421925115570788,0.4119355587749599,-0.3596272800204431,0.2982856810482026,-0.3232764780242963,-0.3610706913595775,-0.3114204052515443,-0.3291824146803231,0.3752866358572763,-0.3671861695618597,0.2366037868752881,-0.3388171533879948,,0.0496245353816654,0.1011065853774795,,-0.0482741456603375,-0.2615003521663186,0.0375588414023757,-0.3130755713940586,,,-0.2120498790065653,-0.0133820039940089,-0.3262702034825967,-0.3643771086316443,-0.2547899949493052,0.0164417547539083,-0.0797245108879216,-0.2308133939295872,-0.2423491126723912,-0.3237979393035617,,-0.3862541629623623,,-0.0630418559208707,-0.1539437935818664,-0.0964956160556805,,,,0.0042027903947247,-0.1285506509159857,-0.2936345818963842,-0.1200786781615762,-0.3009024898023789,-0.4152650149807934,-0.3377663408585678,-0.3380791976919299,-0.257203397339398,-0.5320411692200849,0.3909785260063739,0.4422232511809224,0.4353548598239096,-0.4915894527559656,-0.3764349294298776,1.0,0.4686899426751016,-0.4088808931499824,-0.2798004142977551,0.3806949457993774,0.4202213923557708,0.3542642804708525,0.3130347908309494,-0.2122216039644838,-0.2703855406101242,0.2807472071403956,0.2664789389499392,-0.1875543558292747,-0.2492248617052788
Lonely_Q8,-0.2611461647245952,0.2008588489045326,,0.3995915330614976,0.0089139694176608,0.218746328740251,-0.0227774606186909,,,0.3691249888885594,,0.2077984633592026,,-0.0978114341165629,0.2072786085850876,,0.4135980689853013,,-0.0698658954732992,-0.261034892920983,-0.3554722529897132,-0.0634350504867785,0.0966739127226449,0.3978273072295856,-0.3820796543513373,0.0166763342984985,0.4700490375710591,-0.3919136499970189,-0.2098498207793163,0.5622482355354681,-0.3123631448858005,0.4757685673588284,-0.2929751109659806,0.2107121541526702,0.3652616379709937,0.1475672223133776,-0.320357605590736,-0.0970672044326739,0.4665392453075894,-0.3319824794820691,0.2028117370032116,-0.3363141729048075,0.3805182985392383,-0.4057746850780193,-0.3645294163865379,0.545870381789309,-0.2946190631158177,0.444878132177766,-0.3611526009861792,-0.4057005055041366,-0.3484256328159019,-0.3735623648778787,0.5129111140568213,-0.4059738612359739,0.3524685760475403,-0.2991932154905942,,0.0175142416474639,0.2771929724985792,,0.0328984204708448,-0.2971129238900273,0.1374863605783977,-0.3183329805321113,,,-0.0787876096810458,0.089545739294134,-0.3609651268535965,-0.404313259675202,-0.2203401103698743,0.0395288060267596,-0.1478799025103099,-0.3049312415125002,-0.2533407236222106,-0.3054060412422258,,-0.4442313342016455,,-0.1243425309184278,-0.196904925450522,-0.195807445960366,,,,0.0280050745311774,-0.1361172827492526,-0.3405181014025633,-0.1761814606280831,-0.3528487426033159,-0.4248073988873028,-0.3369320605358212,-0.3900848061820006,-0.2168245888568652,-0.3661876895471019,0.464641831025871,0.441619286773628,0.3795579015034147,-0.3112889649716787,-0.3393556395380904,0.4686899426751016,1.0,-0.1935003633677602,-0.3342131318542363,0.4601974676069319,0.4751114328438791,0.6295037387374108,0.3611337525121971,-0.2532424720441764,-0.3018648873397145,0.1777149940195126,0.344773430753833,-0.2583530317438934,-0.2740196018474573
Lonely_Q9,0.2403906958748835,-0.0572178300445202,,-0.1586125196332931,0.1436709444563362,-0.2304662019146509,0.0007417579212532,,,-0.1881532981736358,,-0.1253508672347643,,-0.0394206105411033,0.0180785566292321,,-0.1725392931665063,,0.2045475782921463,0.3793446867288248,0.3875519862143641,0.2729539180430482,0.0215402459811096,-0.2068268643946486,0.3855319173899667,0.1441147282794606,-0.2161384838624561,0.3855319173899667,0.2679520345612985,-0.2572865230670068,0.3049729249931702,-0.1898266114982957,0.3361946690489882,-0.0835155457778215,-0.0316841348780591,-0.0440647299209869,0.3332847680807846,0.2512128612002574,-0.2450549638883137,0.3294866149066417,-0.1850456938666005,0.3256441558305832,-0.2478258613497902,0.323567073838411,0.3039552866100654,-0.2441231628575041,0.3594072190974763,-0.0811814930305689,0.3782239859921778,0.3208616608274487,0.3276087002256422,0.3208520608151439,-0.1375791326220401,0.3735957541413174,-0.0282962537031941,0.3359508334550807,,-0.0320684572873058,-0.1246907196934657,,0.0314858573536674,0.2548857239400459,0.001294386229461,0.2701368371898853,,,0.1505768580144059,0.0399022190515158,0.3055644362708494,0.3541931595636428,0.1965439309992989,0.0833116662020047,0.1779419642733286,0.214611393095616,0.261005096937618,0.2520243193885098,,0.2917064365283192,,0.1312911520618219,0.1917433456471284,0.1442022288215017,,,,-0.0496977807239665,0.1409251709173842,0.2240523417424757,0.1210632963318146,0.3336226675870205,0.4076564189945655,0.3782613989259651,0.3466453426309902,0.2934864148929252,0.5798405353953494,-0.1267961786025452,-0.1866965390018779,-0.1903437601993899,0.4197753968879471,0.3581602241688376,-0.4088808931499824,-0.1935003633677602,1.0,0.2790352952178344,-0.2287937614610947,-0.1310001973402586,-0.0731917843814467,-0.2396991700192467,0.2767612205943764,0.1850888632494348,-0.2021596556578981,0.0600815543707166,0.1643708129697604,0.176111390865565
Lonely_Q10,0.1522629281979127,-0.021330143747378,,-0.1833885766298752,0.1678171517029652,-0.1613459119143256,0.0355185856161673,,,-0.2251576216824213,,-0.1700129714593188,,0.0259214987759765,-0.1554942957372931,,-0.3165959352853059,,0.2783495832646495,0.2590030518356567,0.3572456504242101,0.2313235693689821,-0.0188090684297859,-0.2637359886110757,0.3234899974088685,0.1580788422270115,-0.2766078288093776,0.313643390504749,0.3316959491173982,-0.2947367068905149,0.2204229231700448,-0.2997168462806187,0.4674158893308561,-0.1681305182461582,-0.2155417448921475,-0.0943022977174622,0.380196373252458,0.1003989160901998,-0.2724203041163925,0.2657731950477234,-0.12640765283047,0.3924600455643187,-0.2099357680685288,0.372912897475444,0.3502596486215531,-0.3028928297403103,0.4296336849579383,-0.2447710822197291,0.4550139209238724,0.4161512720902934,0.4793891457805664,0.3927031396222186,-0.2798937661500236,0.4375609559149823,-0.189689120905708,0.4354734902514989,,0.0303031467932401,-0.2099581378381792,,0.0377405756110116,0.3234578472007873,-0.0563264341947808,0.4363350617988901,,,0.1170243926090565,0.0317665346204468,0.2964260109163007,0.3745658107035364,0.1295570752334938,0.058886570701107,0.1661138632530437,0.2869539146240888,0.2795210356414616,0.2386617422081381,,0.4394082136345387,,0.1850705250526612,0.2040695374793717,0.208952151446696,,,,0.0355185856161673,0.1124976304235186,0.2833329655799599,0.0838162081044223,0.3492453347422389,0.4431715271029445,0.484715891139137,0.3918001624450632,0.2533177504348458,0.2662543084425701,-0.3578370595794897,-0.2655812064911272,-0.2456686530002347,0.347010208865225,0.3342710594664829,-0.2798004142977551,-0.3342131318542363,0.2790352952178344,1.0,-0.2551402275177464,-0.2340230482207733,-0.2796574375060828,-0.2870099598829956,0.3151977694363483,0.2574320800206977,-0.0971448683969584,-0.1425012863174935,0.3144708791550547,0.3184035776941156
Lonely_Q11,-0.2472372554231661,0.136359357255492,,0.3453716319735462,-0.0343607130911303,0.2290427490099624,-0.0704669149747523,,,0.3408042219663849,,0.2462549550024227,,-0.1330694083357031,0.2672640609631299,,0.3822686650763729,,-0.0755115673688487,-0.2282100858682623,-0.3322926751257772,-0.0760153869274861,0.0464073713217515,0.3743781139747353,-0.3265754827762984,0.019441216527099,0.4278776508404768,-0.2741507121700938,-0.1931401575416229,0.5034407685889052,-0.2844547389128585,0.4516641863235293,-0.3085524928169532,0.1495050446440236,0.4265869837969973,0.2928465471920263,-0.2607739733553598,-0.0342519793442187,0.4266518284207093,-0.2846362803847062,0.2430445687340524,-0.3039029433727295,0.3444519454769026,-0.3559663402375389,-0.3464809033422525,0.4847264277261235,-0.3397638400991352,0.5222822447247273,-0.350893928122058,-0.3912764741620531,-0.3070499519859008,-0.3439701008642423,0.3812901721221635,-0.3801306945017768,0.310573377806562,-0.2939461878704056,,-0.0820395567917493,0.263626435683915,,0.0132637772115437,-0.2611762172198629,0.1289874995116938,-0.411899198297839,,,-0.0919652958145074,-0.0115421820122633,-0.3258715426709025,-0.4175956387008518,-0.2450421245875077,-0.0363204293088737,-0.1305429597399554,-0.3022822807014561,-0.2687223906037293,-0.3368361598040368,,-0.4585491694218244,,-0.0226927353308524,-0.21842487163066,-0.1802330801140474,,,,-0.0163228447116658,-0.2095872495946854,-0.3453404195810429,-0.1882733436743241,-0.3018535442416401,-0.4120894152916191,-0.3676486230822186,-0.3228992069394397,-0.2293091304979717,-0.3139788107482096,0.4225988582861144,0.4401084825511956,0.4490035568408571,-0.3225531195438081,-0.2905962989320607,0.3806949457993774,0.4601974676069319,-0.2287937614610947,-0.2551402275177464,1.0,0.3910211830268826,0.4626076432548133,0.5286889462227269,-0.2840940801441323,-0.2822224982701297,0.1885586140808027,0.3203310027620875,-0.2265344143625001,-0.2557517461463258
Lonely_Q12,-0.2041401435311389,0.1824422308851319,,0.2330724250618608,-0.0324636754091359,0.2712368565305807,-0.0742496925605032,,,0.3692438176687098,,0.2200147391598137,,-0.114989324047961,0.1957110325068214,,0.3514845925500254,,-0.0778235018048369,-0.2165630783957827,-0.3115316205466507,-0.0799592847731127,0.0236200225124469,0.3723015200068765,-0.3514717833584831,-0.045632384187136,0.3852633452200578,-0.2971534168394448,-0.2000319760738925,0.3870651577081175,-0.2764710403448794,0.358405933305787,-0.2692387548592219,0.1334910200326115,0.2965797135911204,0.2504093598732357,-0.2466474138189479,-0.101529784252729,0.3063053600705837,-0.3140019650639004,0.1599359449751153,-0.3254262140997876,0.2561416668338188,-0.3784661276353198,-0.3416205635526278,0.3877492627471164,-0.3019178349425052,0.4359530232374051,-0.3240877856265581,-0.3583719410424311,-0.2507921780569144,-0.2966094219522519,0.4217958185730737,-0.3724873816886656,0.3085299896550167,-0.3018746906039714,,-0.1027354370264263,0.2249525953566382,,-0.0578058227538284,-0.1693067553308533,0.0335915950907352,-0.2845180673604708,,,-0.0659997267204473,0.0170514942466147,-0.3028472533582087,-0.3433789471207462,-0.1862242105522396,0.0899389075260764,-0.0605051130397541,-0.2087699619099981,-0.2628872031025011,-0.2493222705642132,,-0.3429906734799471,,-0.1484993851210064,-0.2096417806705437,-0.2170999462494908,,,,-0.0742496925605032,-0.280535439714944,-0.2153117924660251,-0.1876922515105431,-0.2816520102448366,-0.3761917093320569,-0.2621707080775444,-0.2720660709905647,-0.217982615639156,-0.3295021245342209,0.4670691886035979,0.4098366655785539,0.3506629026803406,-0.3642340231554734,-0.347483556333285,0.4134740604835238,0.4645308500881102,-0.137688244018426,-0.2480397441643897,0.4042350684451526,0.987206747089246,0.500055289815083,0.465215268815797,-0.2153838443948529,-0.3487777040065769,0.1157332617987347,0.4187823074281757,-0.2613933378224188,-0.3015543947773522
Lonely_Q13,-0.1622225090409332,0.2289979946475873,,0.3609738677311561,0.0384909298809982,0.1954344491768878,-0.029480543193372,,,0.3498353137646124,,0.1850704799075077,,-0.105399964183376,0.2878692900697623,,0.4670288109461508,,-0.0660713657158984,-0.1782164687458171,-0.2973698030468555,-0.0113144982093036,0.0769200094175952,0.3777675025550795,-0.312085584388548,0.0382034249520779,0.5394404723747012,-0.2763886630455349,-0.1826462429606971,0.627046365841592,-0.2769673739331948,0.5463831921362988,-0.2913912513538964,0.2355393941318256,0.3448155005099398,0.1604964535675541,-0.2755831752105967,0.0403246601662796,0.4842549371644695,-0.3286090634473965,0.1899134297809895,-0.3017356034534216,0.3637717796824712,-0.3970405101888738,-0.3450088396943661,0.5719901569082884,-0.2782759663089401,0.4998306131204746,-0.3574185448070933,-0.3663874294259645,-0.3067778545483806,-0.3573214342332461,0.5531937381522571,-0.3793074252363167,0.4356600188960021,-0.3164572905380802,,-0.0473708415354447,0.2435107325166032,,0.0329491622989037,-0.2715378736155168,0.1361992488795109,-0.3113208079936577,,,-0.1548575659697822,0.0475304044563224,-0.3186964380693486,-0.3921886821025155,-0.2151316505850362,0.0527871140774947,-0.1544012258461579,-0.2902052631327741,-0.2635768432346828,-0.2525748077645677,,-0.4400313747566869,,-0.1189387432284322,-0.1908495173969651,-0.1609661246928969,,,,0.0166039840974164,-0.1476271560788827,-0.2165765077172149,-0.1681097433939535,-0.3274857667585447,-0.3824339459286737,-0.303356871729436,-0.3348867027889348,-0.199604984066874,-0.2571057426732427,0.5028404243710434,0.4605577160322951,0.4660248701716283,-0.2800219176691878,-0.2747077550286153,0.3542642804708525,0.6295037387374108,-0.0731917843814467,-0.2796574375060828,0.4626076432548133,0.4875086520108991,1.0,0.392425730350066,-0.2623668221512287,-0.4157382158225917,0.1303377291383189,0.4757228301221232,-0.2732470425893784,-0.3154060610690398
Lonely_Q14,-0.1989265548131122,0.095997503380614,,0.1881591730906706,-0.0487683080209886,0.3367103736990752,-0.1198274021054765,,,0.3143047774468963,,0.2483766413863204,,-0.0772535013597631,0.2246906557416118,,0.3020003080237575,,-0.0946767427778183,-0.2372257343745634,-0.3093109140367874,-0.0657118212528584,0.0337256464239837,0.2930848605225169,-0.3306834569120507,-0.0158299726916791,0.3986202025432895,-0.2664975147521474,-0.1345442316594211,0.3613007735950913,-0.2696888457812706,0.3311289556969108,-0.3103623008165226,0.092837296638599,0.4994749671629406,0.4641903025073616,-0.2330083445989475,-0.0024937621869414,0.3180883508993919,-0.2783756860824604,0.1911842994484529,-0.3082877719386087,0.2735332612028234,-0.322337432342851,-0.3034482491480679,0.3661701426464754,-0.3145476242603746,0.5827758472818076,-0.3802164999909078,-0.3750402857331819,-0.2965267837975658,-0.2986829201327695,0.3439082422532808,-0.4200295354692472,0.2140030937042112,-0.3205975951469529,,-0.0549947352968103,0.3051921797086604,,0.0342085543340646,-0.2363702485239953,0.0479634707482078,-0.4135311038235004,,,-0.1011424512686904,-0.0257990171345057,-0.3244780339980647,-0.3983432700834493,-0.2690098506753962,-0.0241221678051923,-0.0651541456231787,-0.2438510993163525,-0.2215343385257965,-0.27130287940583,,-0.381346378752929,,-0.0938309487673393,-0.2612870003632072,-0.1913053782339862,,,,-0.0645849387619348,-0.2142191972989792,-0.2609537624422886,-0.190996954425627,-0.297868151910639,-0.3970705017614582,-0.3318660086301414,-0.2709757740907466,-0.2294683027979397,-0.3791892222148927,0.437738822448704,0.4128323726774361,0.3873781527025409,-0.359746390354238,-0.2802646982672945,0.3130347908309494,0.3611337525121971,-0.2396991700192467,-0.2870099598829956,0.5286889462227269,0.4768001149603679,0.392425730350066,0.9999999999999998,-0.2345942212744627,-0.2165030296408623,0.1574902814588049,0.2751928821083845,-0.20938626951427,-0.2034536432980015
Lonely_Q15,0.1765798012026125,0.042060818848582,,-0.1730147686035665,0.2695439345712288,-0.1528316748508499,0.082252858760726,,,-0.1961538585127034,,-0.1604974555646255,,0.1282608113070383,-0.254661687704885,,-0.2924551645689184,,0.2694679533604611,0.380768349784757,0.3912776683015785,0.2676713413974604,-0.0221765298665049,-0.2467951863239765,0.3979906595124953,0.2105109530181096,-0.3432845272600444,0.4271328327144153,0.3704689547586679,-0.3217845110700992,0.3014800111148116,-0.3311891094095139,0.4545579769762611,-0.154925477837125,-0.215768955750466,-0.1325133044647769,0.4997426265664539,0.0531375526802326,-0.3279025511053196,0.3233940824998339,-0.2409203630232798,0.5208163573974973,-0.2843410719963971,0.417543269383087,0.4963277863698903,-0.336273457441067,0.4713646302577539,-0.337772979148105,0.4185364968394044,0.4380013204018017,0.4767547694061768,0.5145702917094035,-0.3045386041578338,0.4537418950019206,-0.1968156643437589,0.4796221348576345,,0.0469588623636816,-0.0804087783595043,,-0.0109213211105414,0.3882696799152119,-0.1482533862487647,0.3083446753922596,,,0.1183998549874129,-0.0601435143504127,0.3031082001170414,0.4136283761980101,0.2635531448984766,0.0073014159438361,0.1680663055117384,0.4552826638593448,0.3014800111148118,0.3544072667916204,,0.4293204441782509,,0.3507734021589708,0.1204565434084185,0.353292687167251,,,,0.0320896803236913,0.1841666130825793,0.4734645953792635,0.16945551718843,0.404485164588496,0.445235195233422,0.4923845459384708,0.4364503443518464,0.2761162164473728,0.2770505826471532,-0.3297066290619433,-0.3429305271761041,-0.279279984134702,0.3202922524151651,0.3262477612408557,-0.2019124584289933,-0.2376403650451682,0.2755745706275882,0.3271954821593386,-0.2905607759635731,-0.2174746817832208,-0.2738680774367362,-0.2428558363703795,0.9800965280924292,0.3868393752747626,-0.1756896229886838,-0.2345605255571682,0.5224109746788022,0.6014773615090943
Lonely_Q16,0.3808277114672065,-0.0121851665546181,,-0.1922758514902232,0.2501094854614477,-0.1716138611426643,0.0798439654223049,,,-0.2358553849456387,,-0.181741833640178,,0.0686447972266327,-0.1613546235538878,,-0.3313681410949576,,0.2737046869417594,0.3824526591315044,0.4899547993316824,0.2456184389223484,-0.0265526389216158,-0.2727821515266811,0.5537317864373201,0.2461597062253541,-0.3384281434532578,0.5046010955738837,0.3616157707093131,-0.3577845472941099,0.4061053865359884,-0.3356426907297281,0.4838145662676236,-0.1463996265169645,-0.2592879212897835,-0.0606456263319942,0.5474351696689861,0.186072017020434,-0.2970426609099849,0.5644549905118286,-0.2189485382219614,0.4889420475750139,-0.2921683874871956,0.5639945539301552,0.5311016171352514,-0.3438724545982907,0.4686107227678697,-0.3309295811855934,0.4633884582618202,0.4806010960291198,0.4636168751454343,0.4767854087732419,-0.344086755910805,0.4681229855239415,-0.2160471626670708,0.4792216648721547,,0.0459595542879352,-0.1809852285117034,,0.0104232832091984,0.4554196147100403,-0.0967929262473641,0.29028535065077,,,0.1231238719129,-0.0841595118185883,0.3567214129276962,0.4996331388081294,0.3359027387888729,0.0642231253116817,0.1747719562232697,0.3998635933247461,0.3028986785855717,0.4994515686170742,,0.5165279736352303,,0.4051894693860893,0.1174237045600627,0.3650638139982731,,,,0.0291020060885036,0.2933174833104559,0.3742245013452375,0.1503743798483714,0.3856211912006729,0.4249909820300538,0.4441960744231058,0.4655593705933232,0.2729869454680212,0.29448003539754,-0.3724456370131832,-0.3806133308811103,-0.2383559621832485,0.3772293101120266,0.4024299448521123,-0.2703855406101242,-0.3018648873397145,0.1850888632494348,0.2574320800206977,-0.2822224982701297,-0.334934570652485,-0.4157382158225917,-0.2165030296408623,0.3738258099485552,0.9999999999999998,-0.1519179754060819,-0.3293116592762111,0.4731818088953342,0.4815789844899921
Lonely_Q17,-0.0760006934964432,0.1248724021699733,,0.2091796030887828,0.0300671423577187,0.1093741965201249,-0.0185475025843501,,,0.1399661248095279,,0.2038332087849331,,-0.008852477900474,0.1911130630259237,,0.3292000235505645,,0.0476931872092624,-0.1112933625624549,-0.1379668689437807,-0.0281893897705082,0.0169227213245115,0.2431523167900253,-0.1149346697966833,0.0761648688834643,0.1937494974362713,-0.1055409708229159,-0.0772398196628841,0.2612506538517135,-0.1695540033313476,0.2495397528022087,-0.1284512932629483,0.2241231246228828,0.2852637397262135,0.0559586661598948,-0.1445153119885332,0.0092391253770943,0.3483186564260788,-0.1459997706180077,0.9434228084124148,-0.0990084626122219,0.4706322343035808,-0.1361290383357241,-0.1337232110953804,0.3431429283235155,-0.1232226967361241,0.3503397369810843,-0.1052454197811806,-0.1271606820187256,-0.0638877436283572,-0.0972099455139056,0.2318772915993832,-0.1307009522630469,0.2710617109395136,-0.1536405492914983,,0.0003928785430431,0.0822794381640044,,0.0108997498508883,-0.0983847993680208,-0.0041494690411476,-0.1830386177827631,,,-0.1754879090673129,-0.0222359075493773,-0.1144155627355509,-0.1751301174535788,-0.1237425574341289,0.1973904718997526,-0.145815626211953,-0.0823049316356455,-0.2118388647978452,-0.1702921899522537,,-0.0913951437433895,,0.0813236651775352,-0.1838608927946544,0.0024118707338834,,,,0.0299613503285655,0.0741080542099051,-0.1252290284672214,-0.1220102388891432,-0.0669169826531106,-0.2095260115258804,-0.1173419677979735,-0.08960053379741,-0.1848210380179425,-0.227533891234587,0.1398937388220955,0.1127498739508161,0.1667739696228808,-0.1086244231931588,-0.0932371437964508,0.2807472071403956,0.1777149940195126,-0.2021596556578981,-0.0971448683969584,0.1885586140808027,0.1278078431986914,0.1303377291383189,0.1574902814588049,-0.1897580439257749,-0.1519179754060819,1.0,0.0316462502063026,-0.137816124116565,-0.0780840310423257
Lonely_Q18,-0.1539888426528019,0.1167174804286025,,0.2427003248728597,-0.0364892036779014,0.1103637230565093,-0.0311205925401685,,,0.264820487641673,,0.1876793326739215,,-0.0833223551795725,0.2264702036553518,,0.3065295150043281,,-0.0645729813295259,-0.1606680061558994,-0.2342139374909772,-0.0157351002948493,0.0734969490668442,0.3247994359859792,-0.2765699259925499,0.066220365564421,0.3921838491024348,-0.2413182765689446,-0.1349750234996176,0.3769297863476381,-0.1601404927202956,0.3360814260281196,-0.2318547841884873,0.1518338598770941,0.2884082819683721,0.1699050510524342,-0.2444501707820282,-0.000984988138675,0.3583602878461901,-0.2413806029092193,0.0798296976947484,-0.3566373502496084,0.2825720461239581,-0.3251072115654887,-0.2746352782003045,0.399786320653847,-0.2718657521650711,0.387321172046184,-0.2331760054365551,-0.3285942098658329,-0.2905363564533377,-0.305646214809237,0.4450736928779714,-0.3241699982925425,0.2978051587320974,-0.2448600169522035,,-0.0393467627385521,0.1498680804994311,,0.0316607993647697,-0.20117005452861,0.0780530211857867,-0.2243462781881622,,,-0.1054084586037968,0.038077156268074,-0.2620519718635815,-0.3347128275930223,-0.0780529531888411,0.0371524736572309,-0.0850251531251245,-0.2655331231176826,-0.213034498816131,-0.1304263900799832,,-0.3360216435949872,,-0.1194629197509696,-0.1828647098755522,-0.1800018729165165,,,,-0.0311205925401685,-0.1811751425095685,-0.1920876065624755,-0.1867756802454339,-0.2245334807199959,-0.3177870637288089,-0.2289082066191288,-0.2728136918758847,-0.1297090757703317,-0.0720363720306815,0.5758222231527627,0.4428584070941705,0.3363198152004831,-0.2465680884454837,-0.2675032547205013,0.2664789389499392,0.344773430753833,0.0600815543707166,-0.1425012863174935,0.3203310027620875,0.409825989324818,0.4757228301221232,0.2751928821083845,-0.223468907206549,-0.3293116592762111,0.0316462502063026,1.0,-0.3526250984992549,-0.3377672257742745
Lonely_Q19,0.2768429965173803,0.1004357470524346,,-0.1623437676842185,0.3709452956293857,-0.155694707582223,0.0832336897066841,,,-0.1864293996468626,,-0.2170728454185043,,0.1047532961864129,-0.1785185622077764,,-0.2868510432251619,,0.3606321385396105,0.4048178752487951,0.4578133192024431,0.303682532981917,-0.0170946102974476,-0.2307342042662659,0.4922602856340475,0.349733716003372,-0.2856948248131107,0.464036255766328,0.4087597455493794,-0.3105736850185895,0.3490701766459298,-0.2798279703833352,0.5209469142438236,-0.1100647079987874,-0.2511764479038316,-0.1511164689943966,0.5160376400380944,0.0396265323040087,-0.3217601189917202,0.3830598183163467,-0.2149333751774243,0.6087859046108777,-0.310586283648496,0.5214764073758615,0.545105557937928,-0.3051661285209902,0.534952805312632,-0.3829563063876317,0.4706514057543872,0.4823992130059683,0.5598077587080643,0.5709759161806406,-0.2912610249205043,0.5296585117627246,-0.1128689064212967,0.4651943832697486,,0.0382000665354217,-0.1219999965672545,,-0.0851508006449241,0.4742242310795611,-0.0525707513006575,0.2394954055513165,,,0.1110973283209389,-0.1184728520300527,0.3775852085782433,0.53195542853963,0.2758834489684595,0.0633349689842069,0.1577005100648968,0.4970834206263397,0.320837322632343,0.4280141427800765,,0.5221804072473957,,0.4404598257868737,0.1630463652478074,0.494582866848903,,,,0.0832336897066841,0.1693374498625175,0.4865169884935789,0.209795699905999,0.4535175444555526,0.4555385016334154,0.5554629338132484,0.5085440238388941,0.3211757711678793,0.2332233573564651,-0.3597457403626587,-0.3371536088550277,-0.1972558148777693,0.3308916103479755,0.3162793408009046,-0.1875543558292747,-0.2583530317438934,0.1643708129697604,0.3144708791550547,-0.2265344143625001,-0.2532679892062043,-0.2732470425893784,-0.20938626951427,0.5215940362595244,0.4731818088953342,-0.137816124116565,-0.3526250984992549,1.0,0.6950237653584369
Lonely_Q20,0.3000659856367599,0.0424248090837954,,-0.1903264721781943,0.2881535384970181,-0.1367351044855045,0.085772308591612,,,-0.2244381001828715,,-0.1829380827666184,,0.1350755885844909,-0.1645235642036768,,-0.323626347406488,,0.3090463411726581,0.4775494326085857,0.5088533210709704,0.2378880768549562,-0.0170909502595903,-0.2761222878877472,0.5025509908134241,0.2480915666583215,-0.3548640091887607,0.5122045126708572,0.387811354767434,-0.3571770803472989,0.3857645721196125,-0.3386920825460286,0.5385569068946506,-0.1458048307983573,-0.2733882458923303,-0.0987025776591049,0.5604125550952932,0.0578928430035568,-0.3192740210186942,0.4365805582938702,-0.1616630904458249,0.639934856936705,-0.3170211909460472,0.5713418827568413,0.6183985404920291,-0.355194762229631,0.5269135164853269,-0.347095256486649,0.4867039420682996,0.5349461952726366,0.5965228537141961,0.6604836230741838,-0.359575329432516,0.5785796676113097,-0.211564728595279,0.428877522143501,,0.0485167242265055,-0.12563347646962,,-0.0436450254495699,0.4646742855268108,-0.1402935071149213,0.2669825369730018,,,0.1136299814675202,-0.172856278360432,0.3985475527818836,0.5098619401138864,0.3094573073446771,-0.0627794395303649,0.1612955622508463,0.5634687497023544,0.4292190021098948,0.4189215501233628,,0.5777408964817438,,0.4728473422358101,0.1888666272092981,0.4102052092486575,,,,0.085772308591612,0.2813036930980739,0.5791174755452739,0.2145783508260214,0.5056230809981221,0.4880093340135907,0.5819534897954043,0.6049592450652419,0.3116818608389597,0.2507873905696688,-0.3532474257567061,-0.3842441294268645,-0.3282854942561949,0.4007504518109639,0.3635278723935937,-0.2492248617052788,-0.2740196018474573,0.176111390865565,0.3184035776941156,-0.2557517461463258,-0.2845300850731425,-0.3154060610690398,-0.2034536432980015,0.6208919701132785,0.4815789844899921,-0.0780840310423257,-0.3377672257742745,0.6950237653584369,1.0
