label,IRI_Q1,IRI_Q2,IRI_Q3,IRI_Q4,IRI_Q5,IRI_Q6,IRI_Q7,IRI_Q8,IRI_Q9,IRI_Q10,IRI_Q11,IRI_Q12,IRI_Q13,IRI_Q14,IRI_Q15,IRI_Q16,IRI_Q17,IRI_Q18,IRI_Q19,IRI_Q20,IRI_Q21,IRI_Q22,IRI_Q23,IRI_Q24,IRI_Q25,IRI_Q26,IRI_Q27,IRI_Q28,PANAS_Q1,PANAS_Q2,PANAS_Q3,PANAS_Q4,PANAS_Q5,PANAS_Q6,PANAS_Q7,PANAS_Q8,PANAS_Q9,PANAS_Q10,PANAS_Q11,PANAS_Q12,PANAS_Q13,PANAS_Q14,PANAS_Q15,PANAS_Q16,PANAS_Q17,PANAS_Q18,PANAS_Q19,PANAS_Q20,POM_Q1,POM_Q2,POM_Q3,POM_Q4,POM_Q5,POM_Q6,POM_Q7,BigFive_Q1,BigFive_Q2,BigFive_Q3,BigFive_Q4,BigFive_Q5,BigFive_Q6,BigFive_Q7,BigFive_Q8,BigFive_Q9,BigFive_Q10,SelfConst_Q1,SelfConst_Q2,SelfConst_Q3,SelfConst_Q4,SelfConst_Q5,SelfConst_Q6,SelfConst_Q7,SelfConst_Q8,SelfConst_Q9,SelfConst_Q10,SelfConst_Q11,SelfConst_Q12,SelfConst_Q13,SelfConst_Q14,SelfConst_Q15,SelfConst_Q16,SelfConst_Q17,SelfConst_Q18,SelfConst_Q19,SelfConst_Q20,SelfConst_Q21,SelfConst_Q22,SelfConst_Q23,SelfConst_Q24,LifeSat_Q1,LifeSat_Q2,LifeSat_Q3,LifeSat_Q4,LifeSat_Q5,Lonely_Q1,Lonely_Q2,Lonely_Q3,Lonely_Q4,Lonely_Q5,Lonely_Q6,Lonely_Q7,Lonely_Q8,Lonely_Q9,Lonely_Q10,Lonely_Q11,Lonely_Q12,Lonely_Q13,Lonely_Q14,Lonely_Q15,Lonely_Q16,Lonely_Q17,Lonely_Q18,Lonely_Q19,Lonely_Q20
IRI_Q1,1.0,0.1629306245812792,0.049554547526705,-0.0556673422938799,0.2574063591238653,0.2236035484098299,-0.1945684012318745,-0.1340795177315801,0.0954020655612336,0.2180160518657795,0.0241463462823095,-0.1181319828435795,-0.0716599580322678,-0.1005448593053449,0.1181887052559012,0.1847491139096554,0.1990156799342056,-0.0358606844136391,-0.0963124239800577,0.185497801832615,-0.0039680992269866,0.1780871501817692,0.1211315394988112,0.1071729078051156,0.0215512009532389,0.2346371994796627,0.1493053853649165,0.0219179824518474,0.2112536599458251,0.1631226860086605,0.2413478157898427,0.1293028215308921,-0.123503805693122,0.1569153209466797,0.1806182461876958,-0.0138799270581216,0.091659126695444,0.0200385131637003,0.0809002783649234,-0.11612069333509,0.1665071678248147,0.0558419275637531,0.0996905625643147,-0.1411565393792515,-0.0731824017887669,0.1299299516554806,0.0107370806345286,0.0865982125477087,-0.0219844731409415,-0.0413661049335154,-0.1000916152852234,-0.0900960006437745,0.1735800416984252,-0.1231454983096675,0.1820494662889666,0.0571087938731902,0.103763799494636,-0.1914131220177986,0.1363904973209603,0.0986500729437398,-0.0897713977453108,0.0668546746077285,0.2560809064516507,-0.1652066445108125,-0.1214368316238834,0.0274023544222591,-0.0487309216449027,0.0527415040650814,0.0434962953630682,0.1148658781442739,-0.1704337790729021,0.0203359910737986,0.0543029543760789,0.0717556315156263,0.0454432931801169,0.0951135893581385,-0.0928026323107094,0.0758666797016735,0.0692105918476681,0.3663062603019392,0.1013879375259995,0.0822812965443013,0.0149042996188617,-0.1114863410624244,-0.0816296526127417,0.0285122601196914,-0.0434250402169795,-0.2027115354772614,-0.0455440072160024,-0.0736914299896642,-0.0670225343064225,-0.0496032438389094,-0.0992442526656538,-0.1270678582779226,0.1432495452840632,0.1191326730232754,0.0978010390396933,0.1279977671563894,0.0238453361655132,-0.00308785502057,0.0082449504446734,0.112170700714326,0.1046171405230234,-0.0470513225492591,0.1329562395785954,0.0924015458088354,0.1037453900065687,-0.0091046000822754,-0.1024581850826866,-0.0678684625719647,0.1053470507066984,0.1023116287897303,-0.0597766734550575,-0.081425151066514
IRI_Q2,0.1629306245812792,1.0,-0.1243677723064709,-0.4091052462836277,0.3126269023546146,0.1940285630220501,-0.2038623544177102,0.0436420688548798,0.4313571299765017,0.1588517548246532,0.1742516782971673,-0.1780248457786502,-0.2254421377888885,-0.3509848458366794,-0.1122075904318009,0.1844001093818385,0.1346549750157294,-0.4339872419792721,-0.0791459013151321,0.4710198577153126,0.1131132741751064,0.4300544205061041,0.1380577723787998,0.0971145751545769,0.3675177464997137,0.0551759298731605,0.3290042956196936,0.1771184244438058,-0.0675276249456881,0.2248894104875725,0.037668072321328,0.1151734960323886,0.0172573400385604,0.2332026791866263,0.0157224553842035,-0.1192180672956657,0.0751076717566514,-0.0887004430374578,0.0009796011487136,-0.0941102282352926,0.0749297407745535,0.1421864957827888,0.0636360542737015,-0.1440082471734031,-0.0046277395990836,0.0207302051872736,0.0260433621502123,0.0985546039398632,-0.0107691805406601,-0.0559211151421605,-0.1135401260467272,-0.0975796042007081,0.0354689479261903,-0.0790729225733994,0.0610208136793666,0.1437561040644896,-0.0659861733428455,-0.045418679521316,0.0798872974317145,-0.0148704264207525,-0.0859732157977882,0.6588252155618707,0.0612664901392341,-0.0309197899863342,-0.0652351996249853,0.0092230037324284,0.0275139918974692,0.1248367515796534,0.3277961166320339,0.2530417590571601,-0.1137749107295249,-0.0122622271893698,-0.0744221115252647,-0.0932593351256317,0.1597534066334241,0.1386326904827107,-0.164662782077769,0.3107274075759145,0.1886815135764518,0.1358359796745679,0.265081492437685,-0.1136864007711536,0.1479133107792681,0.2134249659040297,-0.152013666385999,0.0012140349583434,-0.1092216898123511,-0.0262445183938497,0.2522187664465108,-0.022633937690688,-0.0812342806409814,-0.0347327233056183,-0.0327765207476816,-0.1087590847540166,0.1550489102288069,-0.0183670489621892,-0.0171046044938439,0.0804047014476426,0.0861867784771933,0.0564988203213421,-0.0695536599004083,-0.0155031128234448,0.1681979225613223,0.1277661833588073,0.0597599101799023,-0.0439137965821584,-0.0465355413226777,-0.0557831030677347,0.0836381797772625,0.0881779768460253,0.05467935964814,-0.0181682842563461,0.1699924293377847,0.1147248249172267
IRI_Q3,0.049554547526705,-0.1243677723064709,1.0,0.2037935271060541,-0.1069208249372184,-0.0620824981136423,0.1465110599137688,-0.3158662889508515,-0.1184955030607519,-0.0060821913780938,-0.3060922479831221,0.1345467306207534,-0.0539982970504139,0.0241315006455984,0.2181371029708644,-0.0076760656866446,0.0600246943029395,0.1297059475448141,-0.0162697511301665,-0.1307150116724327,-0.2007347214658402,-0.0828440152465091,-0.0640694188287326,0.159009354786358,-0.3097772319330487,-0.0752032440468383,-0.0124983289887177,-0.3073232524434463,0.0329683771465291,0.0216701924052077,0.0631562601797088,0.064238070577046,-0.1378059722374023,0.0978229108534697,0.2162029003328385,0.199065186196676,0.0032725294552687,0.0674001073245364,0.0890321454994064,-0.0180986139182676,0.0614371632947227,-0.1005396765965218,0.0255088180187903,-0.0095805138262801,-0.0877582125180412,0.0951974606754778,-0.0804871783935421,0.1213805068911689,-0.0532968368038027,-0.0637217108654693,-0.0536567540966492,-0.0623897135722708,0.0753150898202063,-0.09439835734164,0.082012165486365,-0.0613319935896742,0.0987588893234097,-0.0441152553185405,-0.0264807287812917,-0.0591502892053684,0.0572730987314725,-0.2717601605883076,0.0964381266651886,-0.1259124648388332,0.0682169820366007,-0.1549931933940803,-0.1652010722838931,-0.051307903978461,-0.0716748792729745,-0.1599520456428649,0.0130664325771795,-0.0123879331411063,-0.0750141342075484,-0.074185656433533,-0.0658319551996684,-0.016973220097462,0.024995444428203,-0.1535181548256247,-0.1645198740375822,0.0175292211951446,-0.1252215931794743,0.0390817935040054,-0.0161408640352102,-0.1440008066918356,-0.0934609686990681,-0.0216185678774916,0.0757766059373518,-0.0048243709913323,-0.1903251804981624,-0.0581939721427263,-0.0139383217093786,-0.0584315723691058,0.0079025285975979,-0.0547723800902244,-0.1198297399460866,0.0207383193432631,0.0257117357622588,-0.0247002671617435,-0.1111448994131596,-0.1639195617442832,0.0459978718755382,0.0824615980109954,-0.0279407112949811,-0.137244053295639,0.1243819750179855,0.1523341409813531,0.0923522931871011,0.1683069608743281,-0.1157817626801262,-0.0953475443233026,0.0621726227610167,0.1015808446457536,-0.0250652430564341,-0.1012530078010398
IRI_Q4,-0.0556673422938799,-0.4091052462836277,0.2037935271060541,1.0,-0.1992286547796675,-0.0779135705531322,0.1442313037240863,-0.175986794585353,-0.3697686413522653,-0.0697552910174696,-0.1839944554456736,0.1817307657477079,0.1744838447858173,0.3459425679945994,0.1736703125142832,-0.1516279042367099,-0.1077809805335068,0.4657896632145916,-0.0799076150047425,-0.3230503414417892,-0.1892161559940391,-0.2877933448370404,-0.0782073780534736,-0.0010154138652086,-0.2664732588705965,-0.0877201842164326,-0.2939968274203516,-0.2643459498845612,-0.0662785137430022,-0.0643837444099673,-0.1065507904995803,-0.0209982143242923,-0.0891206217320779,-0.142085034305791,-0.0596897278768383,0.1610434254051072,-0.0306348077915194,0.0809141549386222,0.1223130806619151,0.0547365921349208,0.0661073732023188,-0.1835428986589374,-0.0290438418070762,0.1228988940152033,-0.0213132670258187,-0.015641993399567,-0.0234877856563345,-0.0768288271554045,0.0007238620463409,0.0227679372453938,0.0472281903266591,0.0079307178301676,-0.0027693898802235,-0.0255640020114059,0.0243827127808116,-0.1415779915929316,0.1955296242319387,0.0177518467619689,0.0058006132716819,-0.035909101699645,-0.0271050117515995,-0.4028187336561311,-0.0288725715415792,-0.0501169825170275,0.0701859089015456,-0.1930979950402358,-0.1667615382222258,-0.0658352572005981,-0.2143696062747445,-0.2041716798182273,0.0055395744304068,0.0250237963474261,0.0515792135882619,0.0086692387203516,-0.0525607029655,-0.0266963487743116,0.1827779724237923,-0.1232407371865141,-0.2461157036067056,-0.1261193054336908,-0.2208217225841065,0.1016196596968493,-0.1698231814684939,-0.1320352847973872,0.0659493310194804,0.0421462651821695,0.0720550044961575,0.0425433419006737,-0.1410590313204326,-0.0090652108424373,0.0564617196971971,0.0551605840404211,0.0442271108650812,0.0779895299215899,-0.1362023276514382,0.1257288695461331,0.0754759633072967,0.0425577323427515,-0.1960684113519561,-0.15331168688339,0.2032418273804749,0.1505343898580378,-0.18415101208776,-0.1977247903491093,0.1446089230016597,0.1570967274726088,0.1016107860294362,0.1990540408416413,-0.0806910051446069,-0.0477895933588849,0.022743952259353,0.0397621902003445,-0.1210077723133399,-0.1626495007993366
IRI_Q5,0.2574063591238653,0.3126269023546146,-0.1069208249372184,-0.1992286547796675,1.0,0.2851662937041195,-0.4826296819158514,-0.0155427229476933,0.1637471714057581,0.190238512101687,0.1308622489953815,-0.4444076308591785,-0.2083347080126208,-0.1166462260892572,-0.0645744827510085,0.3943926693695683,0.1798070758649686,-0.1771594816766668,-0.0791800914490895,0.3515875061976717,0.0648788546985659,0.2790152548241579,0.4110853675010373,0.0860259739104266,0.2544802415974797,0.4189070389956432,0.1902438874283976,0.1563640875148551,0.0231748232629895,0.2386386572662459,0.0532337099524419,0.1620100746495395,-0.1128176953470461,0.1442003991121188,0.0950803044834219,-0.0966947189203932,-0.0506854823296574,-0.1016618811047638,0.052807135976381,-0.1375747902013,0.1374856696350853,0.0166321866292762,0.1073008863645651,-0.2328043694440107,-0.0749747980779773,0.1250102511850477,-0.1083117610675928,0.1115312404274139,-0.048827428219504,-0.0475806394657952,-0.0876300441448045,-0.0585396032895786,0.1584108016050322,-0.0459572494714102,0.1051897696025712,-0.0038999915001945,-0.0502819259416132,-0.126168483153691,0.2006580534711562,-0.1868416846405735,0.0295384063110907,0.2510425754344489,0.1946094562183039,-0.1028667505082871,0.0353728073251398,0.0494494889035408,0.010630274209048,0.2082663127017842,0.1366857716611266,0.1246912391251172,-0.1803774189637023,-0.0520163091024397,0.0071194585566071,0.0665682492759513,-0.016129746638702,-0.0346929464692324,-0.1269481917848998,0.1728533381547892,0.0121362201754032,0.2087513411194436,0.1138489266701925,-0.109408130944383,0.0802670466948207,0.0237217546805078,-0.092522431062623,-0.0067213481785931,-0.0204566381275518,-0.1311028016454791,0.0771554717155119,-0.1018773210163054,-0.1096487499491158,-0.0841010102395531,-0.1009121148862636,-0.1197183116577972,0.1523742345972014,0.0102631260345613,0.0122109856454013,0.1440006933123928,0.0751711051487391,-0.0275382360099156,0.0215471262210142,0.0847190069359789,-0.0034514682516267,0.0594976557045927,0.1338973019956805,0.0322457978011388,0.0492571118733683,-0.0413545343913674,0.0164076249545203,0.0345827359457452,0.135960805934968,0.0368090044146655,0.0263958355633774,0.0276986726011051
IRI_Q6,0.2236035484098299,0.1940285630220501,-0.0620824981136423,-0.0779135705531322,0.2851662937041195,1.0,-0.2544133877131384,-0.1187835798964961,0.0597756544771791,0.4507161333659977,0.0113468357487497,-0.1303531729300953,-0.1090471190053361,-0.0179533427122177,-0.0445303249019992,0.1944774300185752,0.4586603399323841,-0.1416535622716827,-0.2904878123626757,0.1637642361363216,0.007832636620925,0.1930440075661541,0.1643113994288262,0.3436835924069401,0.1753879661119265,0.1344247383708326,0.2610621024520776,0.0049489936408231,-0.0449588314840816,0.436437594396547,-0.0288210010193439,0.3926895896386246,-0.2376563368992202,0.2363447825339126,0.1692033719557103,0.1070792176098056,-0.0358033136952702,-0.0634469534420191,0.3285150593158744,-0.1916343442644543,0.2208573362211388,-0.0399072223594127,0.4298143155677373,-0.234353783179579,-0.168657272508778,0.4702312072464176,-0.1125216567221657,0.3654858640758298,-0.2335944833369822,-0.3200125238626655,-0.2805986283347336,-0.2509907194130011,0.307057904107439,-0.2976377223178548,0.4060837824152484,-0.0818729232551347,-0.0131831736741273,-0.2097323217846291,0.5857621521757552,-0.1098548210756175,0.0370602146170462,0.1534324507484854,0.200717156096405,-0.263935085514645,0.0953868387404284,-0.0233604543169952,0.0295029932570704,0.1814192295329325,0.2193374246881401,0.1390629420337877,-0.0510513045795302,-0.0462923669501808,0.0660440852563073,0.0234303662192865,0.1125593572630471,0.0070899177576922,-0.1553278379688962,0.1135323138750933,0.0799943916149619,0.0959131261051502,-0.0063198881640754,-0.0885252371495387,0.1135052737556333,0.0465183564698667,-0.1144908441572002,-0.102541521336142,-0.0796239264538318,-0.1714623965595555,0.0961869941790158,-0.2008832124101561,-0.2135895903797526,-0.1979624486869017,-0.1492310564298618,-0.1569425947983009,-0.0635411566533171,0.1364841663414306,0.1236520345776876,0.3047614889547783,-0.1885440153353449,-0.0422803872248141,0.1740653766630985,0.1090330695493845,-0.1552571242012865,-0.1248830385694022,0.1468450680187401,0.0414011289375531,0.0635402698933922,0.0904055501018022,-0.0691638188341943,0.0485415202556615,0.1598136005251207,0.0279338124172458,0.0095119172161735,-0.058560844120776
IRI_Q7,-0.1945684012318745,-0.2038623544177102,0.1465110599137688,0.1442313037240863,-0.4826296819158514,-0.2544133877131384,1.0,0.0713643309610673,-0.105796642920433,-0.1867922909911917,-0.0864423561078433,0.4448128083037584,0.2019491985963792,0.1082800089123014,0.1007631280884471,-0.3599722281248895,-0.1384863913491484,0.1797160748952084,0.0953366085928164,-0.3385255334990608,-0.0320830726468089,-0.1480468733561397,-0.3536477458152104,-0.1372908937319798,-0.2545772408369176,-0.386454375637085,-0.1714714803912407,-0.0571517142890143,-0.0287177025379654,-0.1882052013270945,-0.0244972668746172,-0.1868704996231874,0.1537660095204115,-0.0781626787966684,-0.0825465425654442,0.0690402229308407,-0.0002238978377726,0.1054317685415198,-0.0822691668936282,0.1443489659069376,-0.1466233920112344,0.0710553637354289,-0.1415702554255403,0.2442492549306138,0.0693194849758407,-0.1388013136757358,0.1014942144610073,-0.1366888371442458,0.101921601392018,0.1298485608775307,0.1940843339002142,0.2361551347626768,-0.1417381593773787,0.1690842569868252,-0.1712577963451374,0.0141248868428107,-0.0094451831589325,0.161601754518987,-0.1848447387687415,0.0790946075386292,0.0150755570374018,-0.149195955730232,-0.1569703774683113,0.1490106646458402,0.0159234771684229,-0.032808432699631,0.0479505456233682,-0.0826211890821831,-0.0564158383804267,-0.1365503526195659,0.1026654587427941,0.1106890332035335,-0.073345578124956,-0.0908391569912516,0.0307120937824004,0.0487567806197508,0.1128255454757772,-0.1244096388800031,-0.019870061844514,-0.1962170234073477,-0.0456780123264231,0.0963995661253411,-0.0373041663369605,-0.0615764841866088,0.0287556094070934,0.0693475244278683,0.0779199764756121,0.1561585360613233,-0.1017623629401959,0.0796605425221454,0.1449287797871646,0.0958410328862078,0.1886951884204947,0.0454294900821279,-0.0451043426517075,-0.054159065850867,-0.0853695041066946,-0.1431545898062696,-0.0223939662996631,0.0140449728250941,0.0106450122549373,-0.0894464195612897,0.1065992689589444,0.0222638645946892,-0.0829983189818396,0.0168963880461161,0.0114575071494116,0.0225243301321972,0.0708811006106746,-0.04518488401644,-0.0749251118345691,0.0094266697476011,-0.0018359494618546,-0.0079603729037462
IRI_Q8,-0.1340795177315801,0.0436420688548798,-0.3158662889508515,-0.175986794585353,-0.0155427229476933,-0.1187835798964961,0.0713643309610673,1.0,0.0952890221363239,-0.0656487802555535,0.3269091982124493,-0.0819419879165759,0.1445154189573881,-0.0329975993898685,-0.1979642691796492,0.0699825805286695,-0.0901365887431948,-0.1242295198399591,0.1463661601620994,0.0738951280021901,0.4273967399168033,-0.0406819493042424,0.0406154916101168,-0.1893929871301884,0.1910762814251015,0.0373454704160013,0.0015212777719726,0.2945340792829957,0.1509370855368314,-0.0549266977859799,0.1537138870447197,-0.0634340240552377,0.2807792653176725,0.0585499105618334,0.0360415365482712,0.0237496264984174,0.0985731511353916,-0.0078614183776241,-0.0937815676478606,0.1918584380472111,-0.0936045948035203,0.1304918904643446,0.0114355667269765,0.0698453768683472,0.1498890652753184,-0.0500715485284428,0.1864426834918746,0.0122090808933665,0.0804050353992554,0.095293120703224,0.0878869534556119,0.0923018881303837,-0.0266957268076258,0.1019087085496081,-0.0721012867174034,0.1773656789543435,0.0463182154693573,0.0288256041451084,-0.058278353180613,0.1884575908495097,-0.0857305314457187,0.1209540071791926,-0.1156080103025531,0.1817323395334296,-0.0905311725938365,0.0461703752754075,0.1306063592122736,-0.0778640928224292,0.0834014058742184,0.0845688007403986,-0.0963502151119238,0.0281795416439924,-0.1293826829551102,0.021946241948061,-0.0348373429340869,0.1161643739138402,0.1440255449089938,0.0613377839584417,0.160473136439924,0.1587682961394374,0.1149506323642726,0.0333265160740768,0.0336296182491809,0.2011321712956767,0.1569076569713477,0.0859934822920345,-0.0144457617419347,-0.0239985367819533,0.2260804435123467,0.1102578522996954,0.1083639087538004,0.1490894104323716,0.0999723207096715,0.0507268212999293,0.0808834729825516,-0.0175893698896128,-0.0367751337593681,-0.0555827083256207,0.1828495504761568,0.1386695839231097,-0.1142606896679568,-0.0065566777808288,0.2019601884210922,0.090812767690933,-0.1215619324904834,-0.0930060806263031,-0.0022920636406947,-0.1035463096597487,0.2115641547236942,0.0329866224302845,-0.071843060420976,-0.0234349495473688,0.1053660072965637,0.1210634752721768
IRI_Q9,0.0954020655612336,0.4313571299765017,-0.1184955030607519,-0.3697686413522653,0.1637471714057581,0.0597756544771791,-0.105796642920433,0.0952890221363239,1.0,0.1378062781287996,0.2821814342128279,-0.0424331098289655,-0.2554859643443832,-0.2701882104201706,-0.0167009512429306,0.1511096932240803,0.1328978509266156,-0.357912671357413,-0.0513156283354671,0.261235641316926,0.1487602205582271,0.2850364085096018,0.02744303808117,0.0552602633964573,0.2545734229972887,0.0105533092788083,0.3356993080171681,0.274833964252224,-0.0448871446679917,0.1108360487119963,0.0659414331195445,0.0861193369435715,0.073613235953781,0.2819058074549675,0.0587093999141365,-0.0688256753979151,0.0998095835368082,-0.217296363396662,0.0573172311408477,-0.0237787970904813,0.0976176051477117,0.1750391904891835,0.0438912380285671,-0.0805798167554655,-0.0286099426726365,0.0609973186979306,0.0193417663147683,0.0542925701594799,-0.0459931680251196,-0.0759749105260729,-0.1603490629446697,-0.1249858873378264,0.0153576431339621,0.0320192886452657,-0.0390804037426823,0.1902095913984975,-0.0164544397493821,-0.0707706941486057,0.0422490027710926,0.003001894321037,-0.0651233024603906,0.4602746886618818,-0.0216313081826284,-0.0471101797374438,-0.0093042099520716,0.1126806284641123,0.1487883831778876,0.0107519631742763,0.3539893586601845,0.3160671691694247,-0.0910360812706067,0.0012010463612527,-0.0480560265851362,-0.0401184817654926,0.2014138105356597,0.05023185400322,-0.1110380652023953,0.253935687225136,0.1998358052354182,0.0807439454201588,0.3150726516850953,-0.1423706906392404,0.164908662791283,0.1767642497301765,-0.1051357631901248,0.0436926956623654,-0.0131086855132236,-0.0784721323366061,0.3076232025899791,-0.1094823796907254,-0.0665373543246148,-0.05750545373364,-0.0088206658161254,-0.0585623085116815,0.0551340194023215,0.013256597382938,0.0615049246388343,0.0348624796694201,0.0520205070375568,0.0492506856823841,-0.1771650737976373,-0.0434459744395476,0.1350244553458735,0.0063651823735915,0.044958280596961,-0.0656555328431761,-0.0183308499792045,-0.0645294420229899,-0.0204733931203913,-0.0236788694279486,-0.0777555578946928,0.0015169438701432,-0.0351584627949457,-0.0095267120072394
IRI_Q10,0.2180160518657795,0.1588517548246532,-0.0060821913780938,-0.0697552910174696,0.190238512101687,0.4507161333659977,-0.1867922909911917,-0.0656487802555535,0.1378062781287996,1.0,0.1419409889828871,-0.0244039946878742,-0.0967467811717679,-0.1270340314250124,-0.0313929332924792,0.109221296165975,0.4457570431058011,-0.1215114365577588,-0.2806397593787764,0.2017754522938496,0.0267738706738575,0.1389261874237495,0.1033756854330041,0.349672598910339,0.167990196786914,0.1313367757635398,0.3016129201961844,0.0663876754353464,-0.092176522261746,0.3073843247855645,-0.0321238918313603,0.2951602420641997,-0.1827703372090185,0.2907259202515059,0.1947472447434997,0.1251650928135668,-0.1223844966855513,-0.1283834068770374,0.303792235026233,-0.1680413383730021,0.2626864766491498,-0.0047997886887892,0.2760891621669921,-0.2506374962924345,-0.2117313364301095,0.3708987713499962,-0.1438262788218745,0.3519599638168648,-0.2361630136483496,-0.2691895086425696,-0.2481426775605549,-0.1853358976054576,0.2776796106743674,-0.3063381490657515,0.4008377245961048,-0.0480036319308138,-0.0876634773545926,-0.1726417449441611,0.4127787674612306,-0.1345815250465074,0.0268889309045558,0.1476966658836306,0.0783791926618007,-0.2076377808478424,0.039491426902868,0.0447745758489233,-0.0318533308485875,0.1838762953607191,0.3118973780605317,0.1826598468793394,-0.1594814608354934,-0.0425125711354562,0.0095605668724612,0.0234558304385198,0.0844237675300528,0.0549067868716137,-0.1221990232597595,0.1748265180960971,-0.0067915621007481,0.1857144308036428,0.1736805271878151,-0.1593608863249083,0.203085351536275,0.0548065536088529,-0.0995404321433749,-0.1746651608446143,-0.1789988598775854,-0.2006507306496368,0.1818951038765342,-0.2636270666199123,-0.2372684894735742,-0.229502027999049,-0.1863422198152751,-0.1423372631037973,-0.0041146830321159,0.1426543039781673,0.1682572819449525,0.2098506736406148,-0.0231258533392768,-0.1108477951909489,0.0985930651510045,0.065936229471843,-0.0908725150763825,-0.0451056145202016,0.1518080749474946,0.0074594959540332,0.1124850466903859,0.1238559940936821,-0.0934417814652237,-0.0137043084197434,0.1453502989287168,0.0352813516592062,0.0357257564852356,-0.0115727972049815
IRI_Q11,0.0241463462823095,0.1742516782971673,-0.3060922479831221,-0.1839944554456736,0.1308622489953815,0.0113468357487497,-0.0864423561078433,0.3269091982124493,0.2821814342128279,0.1419409889828871,1.0,-0.1879507406633329,-0.0267340375905001,-0.0967884345871027,-0.2512678738769199,0.2507625331019916,0.0971329813684592,-0.0990335506495759,-0.0017260708553823,0.1258361713138649,0.167194397883485,0.2037207484595478,0.1776661993215477,0.0538169734111687,0.2661590544134858,0.1770603338890409,0.2333840593692114,0.4346725846193206,0.0569031482119563,0.1033020915154782,0.1326196903207425,0.0654911419380104,0.0952911599796092,0.1320505168711824,0.0207907994158802,-0.0647434168850636,0.1219777533812553,-0.1495739107173269,0.0485653670976191,0.0059466275613056,0.0732012282660985,0.2424227742876134,0.082852909720514,-0.1250338674922045,0.0143818239474864,0.0761948708246851,0.1011119976059656,0.0687916907748702,0.0071515494362012,-0.0143853586814057,0.010512934872965,-0.0181200292165531,-0.014609213783336,0.0816214687373315,-0.0139009264380686,0.2579595899231673,-0.1624049340430627,-0.0180770501464964,0.0588441477659224,0.0320089011629553,-0.0453559836024022,0.2844787135105071,0.0264534915948259,0.0819080204902352,0.0384127986864856,0.1845477045398054,0.0842229779063317,0.1508993906925742,0.1867121832192677,0.1376870002896991,-0.1882865077263839,0.0230019386796846,0.0280895013101106,0.0753504372416632,0.181867860172626,0.1446469016918288,-0.0230296098614123,0.2467286527630448,0.1753177040265148,0.0519853668287643,0.3139665179063314,-0.036335952089192,0.1953598990506385,0.1774597816149182,0.0184480063970794,0.0676144878054945,-0.0224378523415123,-0.1673160538896229,0.225413873438609,-0.0314245436432853,-0.022502377301973,0.0374616568642965,-0.0514780136061408,-0.0690890106638857,0.1472000781570575,-0.0091010006448461,-0.0177655319322756,0.0620472575310246,0.1886871079124748,0.0781305887849103,-0.1127877395573971,-0.0707480647528212,0.1892084189803612,0.0781433722569066,0.0464400046922933,-0.135179880644041,-0.0461829688048372,-0.0499283937565249,0.152468049136097,0.1392781136127134,-0.1597187117532288,0.0104359209232052,0.0513363936055098,0.0953951960439342
IRI_Q12,-0.1181319828435795,-0.1780248457786502,0.1345467306207534,0.1817307657477079,-0.4444076308591785,-0.1303531729300953,0.4448128083037584,-0.0819419879165759,-0.0424331098289655,-0.0244039946878742,-0.1879507406633329,1.0,0.1885369934808091,0.1248441287921885,0.1426689779557998,-0.2355180716409387,0.0088645644139019,0.1856697551090306,-0.0307603230759849,-0.3443881450342205,-0.1352116349609067,-0.1064546707398166,-0.2119481568873981,-0.0082093002354768,-0.2430343688609934,-0.3364646827148934,-0.115961559981803,-0.1273251168174213,-0.1064981608266167,-0.1208633885547066,-0.0475794283563774,-0.0442688651827646,0.0528432581334169,0.0608402234792835,-0.0115454815008364,0.0841938363537825,-0.0687730114489416,0.0327295216505133,-0.0475192777647992,0.1121110480490486,0.0809119904022987,-0.0960860197388063,0.0715177652923411,0.0958857508710393,-0.0074191701226163,-0.0056829669808382,-0.0175406904746792,-0.0394727312094407,-0.0015172359762961,0.0455177671315778,0.0678943885901198,0.1203270881749649,0.0046211505123831,-0.011264924395216,-0.0581942920718847,-0.1427487570891843,0.0182967910862356,0.0617088831146872,-0.0366760042332126,-0.0166158948342924,0.1131767187422864,-0.1425688931217456,-0.0206909798613405,0.0568525503150137,0.056770648080994,-0.0678077695228911,-0.0993843201418663,-0.1209970422725248,0.02962963238747,-0.049445951145175,0.1266972258527748,0.0461369095379484,-0.049696768580505,-0.0891839924507354,0.0444106698694438,-0.0474563392171553,-0.0045284043158063,-0.1435802892447179,-0.1417406902771105,-0.2502750922654251,-0.028960472607925,-0.0905336593346958,-0.0476414263743227,-0.2146929576015463,-0.0996265088544429,-0.0819525025465983,0.0503085226645506,0.0524876086665199,-0.0801546482492852,-0.0030723966334943,0.0718644436491687,0.0182467975530998,0.063744349277206,0.0082742180708947,-0.1747612646154143,0.075609471307287,0.0824738043818574,0.0120392428055963,-0.183771020849091,-0.0371796621959508,0.0967766975661492,-0.0725068245599182,-0.0647377024051539,-0.1335105544903972,0.0426528678743723,0.068055643562199,-0.0691113507913242,0.1468146536183905,-0.1154601835823692,-0.1150267247341811,0.0457124718789393,0.0187172801271365,-0.0768485472933794,-0.0992428518129115
IRI_Q13,-0.0716599580322678,-0.2254421377888885,-0.0539982970504139,0.1744838447858173,-0.2083347080126208,-0.1090471190053361,0.2019491985963792,0.1445154189573881,-0.2554859643443832,-0.0967467811717679,-0.0267340375905001,0.1885369934808091,1.0,0.1942901056457018,0.0113967955337724,-0.0899989228802661,-0.0813131395485413,0.2267304494738863,0.2516175152015557,-0.2858953878332019,-0.0323549556035286,-0.2976388413858712,-0.121546737312498,-0.1455058300425805,-0.1363016328057959,-0.1309812540568023,-0.2589592085962377,-0.0173644977802965,-0.1276626584226594,-0.1248183498549139,-0.1808836600578966,-0.0969835505037494,0.0139548542492849,-0.1199518864836803,-0.0836435342198126,0.1131736879691737,-0.1163447528367357,-0.0409598677807905,-0.1485473283148725,0.1392414946205579,-0.1524373881995087,-0.1032295868648563,-0.0596755698939239,0.1467339424245862,0.0601643741683702,-0.1616846656732769,-0.0275005590375542,-0.1372636162797613,-0.0314444411106592,0.0388971912076969,0.0255663343789352,0.0725854432981406,0.0128853894332076,0.0013664318506312,-0.0649320007556538,-0.1333829561596047,0.1328072582270883,0.1126106151738982,-0.1183322681570029,0.0765387231044393,0.118281040386674,-0.2237850477504643,-0.1403341944384138,0.2243422734224542,0.0010578713695882,-0.1510298233745954,0.0022804460119381,-0.0714783577847653,-0.1728988368751061,-0.0859888705727938,0.0548480855639044,-0.0465602266196608,-0.0128687163656139,-0.0075416719843077,-0.0680258134428344,-0.0938536452878519,0.0602168049797346,-0.1964165380033936,-0.0224896755289553,-0.0583007889974502,-0.1302628127049405,0.0610655522146065,-0.1795257648738169,-0.0236812989143697,0.1175033911944059,-0.0631337627568574,-0.0167632379149885,-0.0806746671797389,-0.0934665636156659,0.0509349990759646,0.0480304606073148,0.0910800049912903,0.0613097578801585,0.0339457798715842,-0.1309101287394994,-0.0201483353407126,-0.0576440160144235,0.0085682494770852,-0.0621115248328475,0.020525257864211,0.1184606655074573,-0.0029229006292059,-0.0805310981332506,-0.0360105072523059,-0.1028405790868656,0.0142728757320628,-0.0420939652796352,0.0272339790652971,-0.0310065778646962,0.0137139583246487,-0.0252496973502185,-0.013324825059844,-0.1987795615780155,-0.1292414264556252
IRI_Q14,-0.1005448593053449,-0.3509848458366794,0.0241315006455984,0.3459425679945994,-0.1166462260892572,-0.0179533427122177,0.1082800089123014,-0.0329975993898685,-0.2701882104201706,-0.1270340314250124,-0.0967884345871027,0.1248441287921885,0.1942901056457018,1.0,0.1835813466958706,-0.1530785210249987,-0.099133269482917,0.2762303363139031,-0.0313562774243317,-0.2787324999858033,-0.1306237799611275,-0.2302423857462097,-0.1517652025082948,-0.0822284709579912,-0.2240326557521956,-0.0161835718978026,-0.2699109316271876,-0.185447196346874,0.0367387022344953,-0.2687039819065853,-0.0811068917576083,-0.1266255459502602,-0.0206726438866359,-0.1311336857894873,-0.046251642069266,0.0271070942478137,-0.0608703305224174,0.0032878986523265,-0.047400315723503,0.015347887934716,-0.0140827502559078,-0.0119439159274433,-0.0106527618595754,0.0054984175491575,-0.0422980680041554,-0.042014987881211,-0.0158732501480089,-0.0846586557353257,0.0087074053736282,-0.0034466496216623,0.0820348773047055,0.0616404451677937,-0.0449364581465649,0.0092837279183302,-0.0101039347840054,-0.0564489440095152,0.0764999722074871,-0.0248622959197563,-0.080440050764011,-0.0579515923123965,0.0317376549000183,-0.3069247356441302,0.0263515437359729,0.1182494340328513,0.1650888815852583,0.0169833767766066,0.0422461511171294,0.0135294575910236,-0.1912462783164149,-0.2243643313480911,-0.1268507430206913,0.0230282040652364,0.0584250187790443,0.1460694116892331,-0.1661528777610286,-0.1567662903457355,0.2175006323845738,-0.1392024169764031,-0.0274092309892675,-0.1422200504910326,-0.2258393151834291,0.096056416044604,-0.22492212731971,0.0305526476665829,0.0795258973392159,-0.084655914644317,0.1292461852897742,-0.1302971563741541,-0.1333930154921245,0.0079902308991274,0.0179634821286916,0.0530298820037748,0.0037999244402691,-0.0293474526167708,-0.164484015929649,-0.0233584406947462,-0.0483187613951613,-0.0166641054956524,-0.108024973717455,-0.0737722378261218,0.12412452769713,0.1047779101181806,-0.1222430955590984,-0.1405926480201458,-0.0541806429602625,-0.000661610623743,0.061333550742746,0.0333893767953103,-0.050670340295754,-0.0716312929951151,0.022311410116618,0.0045889290090481,-0.1118129478194399,-0.0791916065134131
IRI_Q15,0.1181887052559012,-0.1122075904318009,0.2181371029708644,0.1736703125142832,-0.0645744827510085,-0.0445303249019992,0.1007631280884471,-0.1979642691796492,-0.0167009512429306,-0.0313929332924792,-0.2512678738769199,0.1426689779557998,0.0113967955337724,0.1835813466958706,1.0,0.0164311612536945,0.08776127917578,0.1139770330351017,0.0171411937924269,-0.0883497986811328,-0.1305748527486962,-0.0567130903656474,-0.0585246160410267,0.0218140161839715,-0.1842526464851853,-0.077746640335181,-0.0223092981506851,-0.1959168259664802,0.0574551237891443,-0.0869748352404828,0.057470504799478,-0.0258872061237786,0.0736359285959881,-0.0318124549536581,-0.0103837590468199,0.1170017516079117,0.0506689607379041,0.0607678740455866,-0.0467811092363177,0.056227080384857,0.0245528587864742,0.0044150167352414,0.0173260878222866,0.0533751260559338,-0.0442427372574622,0.0279918350979103,-0.0113174202912933,-0.0041483837386205,0.0980590125444553,0.0429870225753486,0.093060913180786,0.1293761677120581,0.0191545276136574,0.0889660614280462,-0.0353376699284956,-0.026456475752064,0.1870361818041039,-0.019954343485332,0.0406591436395187,-0.1371973292422471,0.0348377493203305,-0.139942517040153,0.023939091751215,0.0101695598969233,0.0906941419524364,-0.0378096675165732,0.0274771590753608,-0.1617704481287323,-0.0576938932713039,-0.165061606934613,-0.0698641901362434,0.0432203165311616,-0.1376992167657393,0.0837688575808227,-0.0609905434681284,-0.0177877264954649,0.108232184382461,-0.0822633632968095,0.019394233766036,-0.055900685802236,-0.0695573856055524,0.1002462124684089,-0.2130987270520035,-0.0758696629921693,0.0487645788400241,-0.0675548027675194,0.0176933718525953,-0.046127545997512,-0.0685712975301886,-0.0088359466868484,0.0301602669193629,0.0006005208853312,0.0157615821188654,0.0965675715916983,-0.0194961103055174,0.0311377994593523,0.0246082417783339,0.0394874174427495,-0.0384394840527221,-0.0221684586503426,-0.0674470171912523,0.1140668377433075,-0.0520031048776449,-0.1387071499884329,0.0087923344805752,0.0917105619018606,0.1064273199941596,0.0285978693711718,-0.0861058457509429,-0.0848319841279985,0.0420824586156431,0.0873434224960868,-0.0854050466239032,-0.165053581364961
IRI_Q16,0.1847491139096554,0.1844001093818385,-0.0076760656866446,-0.1516279042367099,0.3943926693695683,0.1944774300185752,-0.3599722281248895,0.0699825805286695,0.1511096932240803,0.109221296165975,0.2507625331019916,-0.2355180716409387,-0.0899989228802661,-0.1530785210249987,0.0164311612536945,1.0,0.1441242325325297,-0.0713168038750844,-0.0500076690631596,0.321303754360591,0.1649985499791188,0.1668100669340519,0.5907119944825373,0.168945596559928,0.2065368468083294,0.4088561617397237,0.1708208605723721,0.1031033810830361,0.1419783721447491,0.2202311884891254,0.2174199100417744,0.1623715316117791,0.0979617130927632,0.2108572843488528,0.0465777803618551,0.070845336694635,0.1237455140586402,0.0449456592206067,-0.0531236750345608,-0.0129106839388334,0.1158194097797777,0.1601279993097039,-0.003106189950538,-0.0416943461160319,0.1174619006195484,0.1181970455194931,0.1302425971237199,0.1625544423024741,0.0312243832951521,0.0067992101981168,0.0021686467322784,-0.0198926777001075,0.0464303977649576,0.0393271236523835,0.0654846108788584,0.2111147118829671,0.0701913871065649,0.0496600655734295,0.1242622272679766,-0.0164042594055091,0.0531766318277585,0.1866117195158296,0.0424783497870863,-0.0512488943168996,0.0431950041860263,0.1401595752247955,0.0753576315673323,0.060650904474472,0.1984777194623179,0.0841269085106351,-0.1001529309041089,0.0640439194614801,0.0133655088027077,0.0885571796122054,0.1112557492308768,0.0626081363098897,-0.0780025598685702,0.1073766135251482,0.0395001653304289,0.2217336903469541,0.1301882270455892,-0.0044993814619282,0.1089863209372995,-0.0976252449113269,-0.0792317596135187,-0.0497184888374761,-0.0816461102997164,-0.0857641206460618,0.0796184324202598,-0.0021446177751102,0.0131746666874212,0.0149258739006832,0.0050719624335353,-0.0203995207348474,0.1861004764445162,0.0729352387910393,-0.0052181651574228,0.0711717567322823,0.0663839490030603,0.027076667821066,-0.1313343993727299,0.0611790935522728,0.1830492527494009,0.0160283790577222,0.1014739583384251,0.1481166223715436,0.1120422314868985,0.0649057011527301,0.0657229760897207,0.0743334056737393,-0.066280107578243,0.0550354118882516,-0.0166509595972461,0.0209140036759093
IRI_Q17,0.1990156799342056,0.1346549750157294,0.0600246943029395,-0.1077809805335068,0.1798070758649686,0.4586603399323841,-0.1384863913491484,-0.0901365887431948,0.1328978509266156,0.4457570431058011,0.0971329813684592,0.0088645644139019,-0.0813131395485413,-0.099133269482917,0.08776127917578,0.1441242325325297,1.0,-0.0782580081482242,-0.2818802259368173,0.19992715739179,-0.0308459259052099,0.2462519392125731,0.1525673812860654,0.3803689870585976,0.1167839722612238,0.08299148012199,0.3384686663301362,0.0555509557879799,-0.1197016232901834,0.357958638817125,-0.0372144619857652,0.3222712515973492,-0.292850611854248,0.351520432594646,0.2161360742400417,0.0734789329453801,-0.1457776279529233,-0.1724825935592627,0.3247521749840454,-0.0369732798637955,0.3060796786742397,-0.1091454549430938,0.4060918832684402,-0.3456155156262169,-0.2682246428230266,0.4798303982221358,-0.1424232078005202,0.3411646229180466,-0.3262778407445634,-0.3308165077754149,-0.3368436630525556,-0.2175927751863173,0.3242253254867501,-0.3537718298976439,0.4298652669455629,-0.101213182416123,-0.0497478478413042,-0.288508630628974,0.5039524672965938,-0.1619313491555211,0.1166311466725272,0.1655044480560943,0.2392221520712834,-0.2284417589482891,0.0871782266959446,0.0242985000748717,-0.024609815704652,0.1735330466093185,0.1783317769766594,0.1061705264480044,-0.1566700294619384,-0.0932325335913111,-0.025279344357474,-0.0392069267941475,0.140004315952324,-0.0721262967045242,-0.1608484205715104,0.1736483828815375,0.0374352940649902,0.081393369702998,0.162732688239625,-0.1875328805208611,0.153231344244417,-0.0048305804770629,-0.1911272913422061,-0.2340192287803222,-0.1812767348570055,-0.2544092999987469,0.0287406541719174,-0.3338129139581486,-0.3532416068636635,-0.2658436263537885,-0.2048551761295081,-0.121933526412443,-0.1192868439877535,0.1940303206493395,0.1614757563639405,0.3230151905542138,-0.155865766918687,-0.1578703478404728,0.0734043048084358,0.0675493379142148,-0.0925780686630646,-0.2029078924903391,0.1903804233140145,0.0771288414993442,0.1420833976812764,0.2204453841814274,-0.2250045559673955,-0.1245263327580099,0.2300889939780117,0.0642896990751639,-0.0906729442271739,-0.1490682512936374
IRI_Q18,-0.0358606844136391,-0.4339872419792721,0.1297059475448141,0.4657896632145916,-0.1771594816766668,-0.1416535622716827,0.1797160748952084,-0.1242295198399591,-0.357912671357413,-0.1215114365577588,-0.0990335506495759,0.1856697551090306,0.2267304494738863,0.2762303363139031,0.1139770330351017,-0.0713168038750844,-0.0782580081482242,1.0,0.0886014857303217,-0.3552948703697346,-0.1065538814878045,-0.2299288791286264,-0.0671872101917672,-0.0236588644053748,-0.2523072779868986,-0.0638173546066164,-0.2710521931577332,-0.127802161622027,0.0323645989764679,-0.1820742700475632,-0.0272336860945812,-0.1506930608725264,-0.0331319509310507,-0.1994302131908278,-0.079703355193266,0.0355808769408728,0.017509581586184,0.1638634102515336,-0.0915559163825665,-0.0457984532082189,-0.0557092572182522,-0.1377841006200865,-0.1199749709080915,0.0734291885792159,0.1466608011030011,-0.1028915906240264,0.0042596255435677,-0.164241078087152,0.1423442901365648,0.153320766319825,0.1627230896497278,0.0683626641683611,0.0076920472219749,0.0458833265072937,-0.0806743816599903,-0.0407281484220894,0.00632172120231,0.055324052983583,-0.1198452496615809,0.0010305286145484,0.040820101212034,-0.3623935560016939,-0.0008867367656554,0.1022110000202936,0.0793792047434082,0.0051624393683744,-0.0392075688701073,-0.0804525298694143,-0.0551792464963283,-0.0760639747137862,0.0507799528940516,-0.0057196663024017,0.1297045783634006,0.1499288716757278,0.0009550005935982,0.044512262818037,0.1073354597014451,-0.1724192071729568,0.0125355656705895,-0.1078672689419363,-0.0461601282816911,0.0942229508147402,-0.0849853954892187,-0.1823004090070976,0.0872516359780469,0.0092061224712078,0.0617302756078322,0.0733512464123334,-0.1209263342040818,0.0770964293562297,0.1386790383486505,0.0871946302549602,0.1075397879691569,0.0657543312531314,-0.1040764779104382,0.0706256996682884,0.0516314750028735,-0.0756646239960458,-0.1076776537356888,-0.0308029632572191,0.0292881630601485,-0.0310074544160585,-0.0364019689807325,0.0131922831397495,0.0301793086571291,0.0342950855884589,-0.0018028500938485,0.1187229147307019,-0.0257939038494424,-0.0805136766253476,-0.0230151957499597,0.079318684323902,-0.165137769711223,-0.1163555212713594
IRI_Q19,-0.0963124239800577,-0.0791459013151321,-0.0162697511301665,-0.0799076150047425,-0.0791800914490895,-0.2904878123626757,0.0953366085928164,0.1463661601620994,-0.0513156283354671,-0.2806397593787764,-0.0017260708553823,-0.0307603230759849,0.2516175152015557,-0.0313562774243317,0.0171411937924269,-0.0500076690631596,-0.2818802259368173,0.0886014857303217,1.0,-0.0507108004970418,0.0753890697709007,-0.1185444371659429,-0.0862748269125895,-0.3565049957923236,-0.112849234149637,-0.0300603477520838,-0.2716937565939948,-0.0127223975878075,0.0946064156045167,-0.0234485364227485,0.0882325439490238,-0.006834004150189,0.2750599930181276,-0.1536911344104568,-0.0667228943072242,0.1138079536145736,0.0473834116996187,0.1524009606784216,-0.0960021355013178,0.3193835228720512,-0.2259570631871267,0.0657206946327774,-0.116037767140513,0.2782829769027766,0.2324177165140396,-0.1466069291048222,0.1543163379099969,-0.1555236831144672,0.0839802140017185,0.0293483933421779,0.0673393103360811,0.067030874943948,-0.0412826742987917,0.1047195287336212,-0.1743660085719472,0.1420770896215762,0.1488219648438422,0.2495146321272991,-0.2589538935652017,0.1149240753728206,-0.0649676476991921,-0.0940083813006861,-0.1811087621414929,0.1265833944614396,-0.1878390757192884,-0.0522424459374689,0.0265679090414243,-0.0793496978890602,-0.1433319294130256,-0.2303784564710068,0.0927867386198388,-0.035905681192729,-0.0786123376921966,0.0412626872771014,-0.188081140410639,0.0706441054626527,0.1178621954109916,-0.1993233348415183,-0.0343239732428209,0.0691800613061033,-0.0277824197921577,0.2331706618406875,-0.0593236497919011,0.0099875188037508,0.1208304310880403,0.1308463751054761,-0.0195083756598216,0.117328989523699,-0.0873569620147564,0.0832156475066706,0.0704545656040274,0.0109387390824399,0.0298698009314825,0.0160641904095729,0.1110541696650493,-0.0736898368289289,-0.0228944594147023,-0.0458141887985882,0.1088148397052861,0.0816016354089432,-0.0701603258172468,-0.0371988801444868,0.1226992212158171,0.0277959586023288,-0.1062566302489487,0.0084334339229353,-0.0264517936335804,-0.048921384624694,0.0707482076922021,0.0796085693636707,-0.1694464805463573,0.0308486520535356,0.0092952455839731,0.0168955576116526
IRI_Q20,0.185497801832615,0.4710198577153126,-0.1307150116724327,-0.3230503414417892,0.3515875061976717,0.1637642361363216,-0.3385255334990608,0.0738951280021901,0.261235641316926,0.2017754522938496,0.1258361713138649,-0.3443881450342205,-0.2858953878332019,-0.2787324999858033,-0.0883497986811328,0.321303754360591,0.19992715739179,-0.3552948703697346,-0.0507108004970418,1.0,0.1766606154412275,0.4399436622952675,0.3542778293614302,0.1376322938792173,0.2720725624041292,0.2727376948448352,0.3258810880679663,0.1730920357590047,0.097447464135328,0.2709034279829382,0.2098757514146601,0.14852776535815,0.0833246675749691,0.2238399159374685,0.1731600886738923,-0.0284103870891962,0.0499895286123806,-0.0289648973096642,0.1007641495032558,-0.0656682530982764,0.1498081975755674,0.213629474167514,0.1093163767195821,-0.189390433750038,-0.025003097839015,0.1751837165178975,0.064696632616701,0.1633631655785455,-0.0595272546030283,-0.0587366926517381,-0.0798091511970562,-0.1272302596167032,0.1296546657298965,-0.0759405496321295,0.1955339126307626,0.2264934817335049,-0.0314343808640152,-0.0838420756010552,0.1748618690643656,0.0539225488625125,-0.0573295308553541,0.4447792223042743,0.0785784583049747,-0.203511902603785,-0.0938609962678093,0.1178688534723551,0.1162555631576912,0.1508098007176769,0.3001716661240304,0.3019129438094733,-0.0556489310418188,0.1036684989275297,-0.0388087199229187,-0.0329864821738422,0.1564231041339936,0.1704287695354064,-0.055019167532314,0.2384689335261342,0.1809402510443618,0.2641807746894933,0.2006283874511366,-0.0668824823732623,0.2291289602001752,0.0880148147508552,-0.0613286498430616,-0.0316611348327446,-0.0887878849677865,-0.0272684323228191,0.2353996462984343,-0.0298804070228033,-0.093524619468807,-0.0420316722290213,-0.0630384910555812,-0.0835184174077101,0.2415093831515681,0.0148178760223741,-0.0139953950631322,0.0897760928848807,0.1879017583230164,0.1021967385991273,-0.1714128542813607,-0.0840091929205834,0.1865748270206814,0.1094264455430063,-0.0227228126803021,-0.0330796233263689,0.0130435517959546,-0.1043270044539474,0.1064846578654132,0.0586851630256983,0.0028406320810403,0.0062183417291507,0.2117124167655105,0.2225891448019245
IRI_Q21,-0.0039680992269866,0.1131132741751064,-0.2007347214658402,-0.1892161559940391,0.0648788546985659,0.007832636620925,-0.0320830726468089,0.4273967399168033,0.1487602205582271,0.0267738706738575,0.167194397883485,-0.1352116349609067,-0.0323549556035286,-0.1306237799611275,-0.1305748527486962,0.1649985499791188,-0.0308459259052099,-0.1065538814878045,0.0753890697709007,0.1766606154412275,1.0,0.1112642292678532,0.1779779644137975,0.0052033962154066,0.1852564111777655,0.0613280139794749,0.1379254500048014,0.1971208616799664,0.2043572438804378,0.1355576435100175,0.1942569724701428,0.0792549061165002,0.20369447028261,0.0765385935824883,0.0456844728329784,0.0641700208431559,0.2300830885504287,0.114287926782822,-0.0501250870030093,0.1977160750940463,0.0273731823476968,0.1619584150953653,0.0340961800475518,0.0607763803104243,0.1214975374390643,0.0531560681948024,0.1604713006344955,0.0914886493823307,-0.0017310371747734,-0.0106230745008026,0.0245984060777882,0.0343428367383044,0.0215957413177629,0.0646959354393791,0.0514116004839197,0.133464832198846,0.1304146312813239,-0.0089229491120565,-0.01070089789441,0.1290746390090563,-0.0794095683542473,0.1230402957995031,-0.0732420743174678,0.0414170370255903,-0.0151969572515878,0.0609474213891397,0.1340429013326927,-0.0330971809176614,0.0775068358388808,0.0768284987036407,0.0400183302731186,0.1087524098423072,-0.0658319399771347,0.1110997878299911,0.0294125590427284,0.1975581210043689,0.1175702529943583,0.0794600185461181,0.1598806644343239,0.1441543946106063,0.1026524401816836,0.0353954742169137,0.0403121189603819,0.1114057937050461,0.0713174338215113,0.1076543722243985,0.0068090414447021,0.033351718412871,0.2078518058093712,0.0381651926328379,0.0568637046629107,0.097245240782234,0.0375520401809071,-0.057533580952477,0.0457978460775478,0.0217082198979443,0.0252027663104108,0.0459743041800534,0.1311009774444346,0.0963201657596689,-0.1480866198446774,-0.0143767445304291,0.1554894221476967,0.1557878528606237,-0.0875422466379561,0.0023528999903056,0.0026093438372461,0.0364918599320609,0.0703758370638594,0.0938530146869503,-0.0695808157454921,-0.0037220382639377,0.046763523786963,0.0633512493188936
IRI_Q22,0.1780871501817692,0.4300544205061041,-0.0828440152465091,-0.2877933448370404,0.2790152548241579,0.1930440075661541,-0.1480468733561397,-0.0406819493042424,0.2850364085096018,0.1389261874237495,0.2037207484595478,-0.1064546707398166,-0.2976388413858712,-0.2302423857462097,-0.0567130903656474,0.1668100669340519,0.2462519392125731,-0.2299288791286264,-0.1185444371659429,0.4399436622952675,0.1112642292678532,1.0,0.3154061167691596,0.2167032629518198,0.2849714376220844,0.0518394361806598,0.3358094324683359,0.229482097080039,0.0213685897505292,0.2183663849994425,0.1433560331239351,0.1571935297917379,-0.0515571103102527,0.3240373043647443,0.1857471515514288,-0.1132716768017941,0.0940503286526849,-0.0792291955597118,0.1002567382516,-0.1660787044712315,0.2081402209293987,0.1737862056512768,0.1444702813536785,-0.3247126627145077,-0.0980299582774352,0.1781282700069112,-0.0339064533003033,0.1037226354141005,0.0296378521807331,0.0004585165226472,-0.0699747544284806,-0.053752657219487,0.0721946325200831,0.0197179644165837,0.0750741038406453,0.1447924317896791,-0.1470873823179469,-0.1855206520603462,0.1377762314537697,-0.0042773575760881,0.1105570604462378,0.507312338914583,0.2723313356937643,-0.0523175924283576,0.1146327771168427,0.1381168270711157,0.096567362719821,0.2483416848277533,0.4143752462802061,0.3490547020355162,-0.0214610369331201,0.0327305727763075,0.013503403764815,-0.0649511280532784,0.2481642481116798,-0.0076532797412142,-0.2132401706538939,0.3899107594070473,0.2073980578153756,0.1278469412336533,0.4234277703711386,-0.2140992360681964,0.1816769083677976,0.0836965173912411,-0.1967105155060767,-0.1368567127643229,-0.1599386680853297,-0.0489078917346557,0.2618087990518099,-0.0562282498341496,-0.0878634734242746,-0.0500608386890039,-0.0392602524254576,-0.0576054995789646,0.1630208907885876,0.038965078882938,0.011153391603104,0.0667416965456078,0.1496108643383691,-0.0073870125082712,-0.1049555433910308,-0.0001308151962336,0.1390846036801464,0.0560461513076215,0.1250156166288989,0.0063157237456001,0.032355938040415,-0.0497589364191033,0.0331233269003755,-0.0381384698230009,0.230756176452971,0.0221829742456975,0.0683728451937203,0.0331309337139678
IRI_Q23,0.1211315394988112,0.1380577723787998,-0.0640694188287326,-0.0782073780534736,0.4110853675010373,0.1643113994288262,-0.3536477458152104,0.0406154916101168,0.02744303808117,0.1033756854330041,0.1776661993215477,-0.2119481568873981,-0.121546737312498,-0.1517652025082948,-0.0585246160410267,0.5907119944825373,0.1525673812860654,-0.0671872101917672,-0.0862748269125895,0.3542778293614302,0.1779779644137975,0.3154061167691596,1.0,0.2650096300180746,0.1959947220359665,0.2915167901428105,0.1690731164438136,0.1215981561435221,0.0955397173036324,0.1689208619988852,0.1677981654910539,0.1666366687947603,0.0188103808792259,0.1951252689254332,0.1218408096720328,0.0871438284561183,0.0433436706214197,0.0382788712132027,0.0138752066454188,0.0588350166002993,0.2274107736885504,0.1155720486909268,0.1170584293289074,-0.1712555308915598,0.0364344427349755,0.1541185853792442,0.0122815426928669,0.1301641636734196,-0.0608824012578689,-0.0660966011965605,-0.0543512237553595,-0.0469039977270452,0.1277617257574391,-0.0630302946544554,0.1297409866532018,0.1405174902053554,0.095471488243559,-0.0995516009212738,0.1952509780099393,-0.1109483422913931,0.0614808651357444,0.1868746639262279,0.1517768998173282,-0.0924373412346229,0.1224348386000812,0.1107671830080412,0.0533987294381141,0.0435556785354062,0.1988782159075753,0.0604766139767319,-0.0490238804372172,0.0843290875600908,0.0668654387466977,0.1467222407415316,0.106331982842244,0.0462169376192124,-0.0091892084450764,0.1449741358677305,0.0134546817482163,0.163368100071663,0.0441705528061217,-0.0194053827046397,0.0634553983604873,-0.1295428305591217,-0.1741156064833684,-0.03595477021064,0.0014742054270876,-0.05510151840652,0.1306033617013035,-0.1070919965676777,-0.0916827447953038,-0.0506532896458603,-0.0781748203537274,-0.0577302942261587,0.0861162214304843,0.0937135328356531,-0.0137392341943245,0.1136876577400734,0.0268891775178159,-0.0159988439112884,-0.1091637931625088,0.1037907261553476,0.0559824864037769,-0.0406938594439116,0.1454015742122623,0.083256598834758,0.1061067402500292,0.1506103371460069,0.0279245554416516,0.0341649749913608,0.0516882818842207,0.0227652803587894,0.0778324249955287,0.0440735358085972
IRI_Q24,0.1071729078051156,0.0971145751545769,0.159009354786358,-0.0010154138652086,0.0860259739104266,0.3436835924069401,-0.1372908937319798,-0.1893929871301884,0.0552602633964573,0.349672598910339,0.0538169734111687,-0.0082093002354768,-0.1455058300425805,-0.0822284709579912,0.0218140161839715,0.168945596559928,0.3803689870585976,-0.0236588644053748,-0.3565049957923236,0.1376322938792173,0.0052033962154066,0.2167032629518198,0.2650096300180746,1.0,0.1106375974469152,0.099287758902534,0.3549287072401934,-0.0049434176011197,-0.0381902202454127,0.2789422699208123,-0.0365542904711268,0.3417044530379794,-0.3165437500024528,0.1595005256325876,0.1083808139972726,0.1554850785371017,-0.0199793533439255,-0.0588509920102965,0.2989152082376923,-0.1391973142177474,0.2146841698861417,0.0099399307250354,0.2421101328207384,-0.203761647585165,-0.1841568495778824,0.2995953662022285,-0.1464360464180236,0.3048476789868479,-0.2105100202271717,-0.1771587899475657,-0.2233988344395545,-0.163590894839637,0.2194934724942406,-0.2093143722082228,0.3413291051908669,-0.0950637913739148,-0.0377025193425126,-0.2397408098584774,0.2760101194563852,-0.2160596074003554,0.0575944473505326,0.091358243655735,0.1858459132079706,-0.2459884353423319,0.1434918585626978,0.0063225041585211,-0.0745543080212011,0.094412292975561,0.1877875071148428,0.0998862568393957,0.016673285790235,0.0267773314748894,0.1033103313835577,-0.0515185745013826,0.0731778688994085,-0.0016171878031731,-0.0567253009066056,0.1454143975307692,0.0032335985347939,0.0292857279049109,0.058971983038788,-0.2132644978023598,0.1994026173446156,-0.0734169242202588,-0.070263877183168,-0.1091689176784731,-0.0357766123346529,-0.0643870275693756,0.0925671270902718,-0.199402078938671,-0.1771664163976988,-0.1723058522406011,-0.0972731073567213,-0.0549235107734146,-0.1093543077706173,0.1575896898537577,0.1563149977159472,0.1491287213110541,-0.1194914464889588,-0.0858238629775808,0.0823735647203228,0.1001243576111399,-0.1194838722357032,-0.1566104023447101,0.1844136938474458,0.1578178651368755,0.174434290230955,0.2848667676916172,-0.1116219388466891,-0.0969198854691747,0.1600076991209204,0.0174181593602839,-0.0453420141936775,-0.0646418254119264
IRI_Q25,0.0215512009532389,0.3675177464997137,-0.3097772319330487,-0.2664732588705965,0.2544802415974797,0.1753879661119265,-0.2545772408369176,0.1910762814251015,0.2545734229972887,0.167990196786914,0.2661590544134858,-0.2430343688609934,-0.1363016328057959,-0.2240326557521956,-0.1842526464851853,0.2065368468083294,0.1167839722612238,-0.2523072779868986,-0.112849234149637,0.2720725624041292,0.1852564111777655,0.2849714376220844,0.1959947220359665,0.1106375974469152,1.0,0.1706346620472633,0.2421877322557462,0.3606161996541944,0.065789691851255,0.1055525552896044,0.1265700694323141,0.0926485704451875,0.0291722277519893,0.1730982146915118,-0.0076632065710142,-0.0893932641607729,0.1764691191958462,-0.0535266426403132,0.0146084294027112,-0.0793174695294176,0.0544966589144396,0.2222704090707679,0.1004643613843373,-0.0988609058681168,0.10988569071025,0.0627381739288962,0.1298624243423742,0.0250843522718807,-0.0139229847222617,0.0031886550022833,-0.0712153752574927,-0.1206211392388986,0.0290986642522602,-0.017097570340603,0.0697895341905371,0.1016844747798566,-0.066218054526037,0.0872075484055735,0.1116338991267418,0.0236033378410663,-0.0151935205198886,0.4032180642146274,0.0570474410696072,0.0159176425249082,-0.0237806529358165,0.0739839124188499,0.0740259554939636,0.1358281232197662,0.2922662920905394,0.2780202897758751,-0.0615741771274619,-0.0534913852846247,8.987200641741655e-05,0.059222840844133,0.1925011250911421,0.1159437661129883,-0.1403479450486217,0.3676907985881031,0.1594943288659736,0.1525990319704696,0.2450009257272911,-0.0851516384533437,0.1719196675726806,0.2057415568088738,0.0343135292926897,-0.0083140625881579,-0.1364243401903334,-0.0071926477365102,0.3713934215485716,-0.0334889911222849,-0.0801685190790875,-0.0517389604818341,-0.0990422766235455,0.0372777848123253,0.1564867410781634,-0.0067074974458097,-0.0049263341869781,0.0183570487515962,0.1898877195619278,0.0910593997627162,-0.1215995768562932,-0.0086248652403987,0.1875557131309985,0.0839901111137208,0.0119626592489846,-0.0348514611244115,-0.0029784004549438,-0.120807953214035,0.0237495342481289,0.1240073055103629,0.0300384637515525,0.0382362349888568,0.0722167471935502,0.0903601524690793
IRI_Q26,0.2346371994796627,0.0551759298731605,-0.0752032440468383,-0.0877201842164326,0.4189070389956432,0.1344247383708326,-0.386454375637085,0.0373454704160013,0.0105533092788083,0.1313367757635398,0.1770603338890409,-0.3364646827148934,-0.1309812540568023,-0.0161835718978026,-0.077746640335181,0.4088561617397237,0.08299148012199,-0.0638173546066164,-0.0300603477520838,0.2727376948448352,0.0613280139794749,0.0518394361806598,0.2915167901428105,0.099287758902534,0.1706346620472633,1.0,0.1744693819543119,0.235178441906437,0.1801939505065165,0.1968429457927196,0.170460881283353,0.1085996503238651,-0.0881860371958809,0.102632256089996,0.0909698547201004,0.0606183468263811,0.0324898699929665,-0.0574248602716644,0.0279604297260822,-0.0243041675884285,0.1628866774184661,0.0567569175209573,0.089251607866447,-0.099831515168434,-0.0119360986974932,0.1426590574155858,0.0044511797760474,0.1014580031431115,-0.0366447845321333,-0.0193839863934031,0.0187920007097997,0.0028242158185825,0.0868239588271528,0.0346998627502671,0.08229408419528,0.0314634076528326,0.0631992039876099,-0.0402248801780488,0.1268155043560792,-0.0856739020982133,0.0441219992295095,0.0008366449596781,0.1028194776797448,0.0148512736318502,0.0516496248190293,0.1422529308251147,0.0141709274956362,0.1525706267459344,0.0268326344144983,0.0124939890640727,-0.1406900258555942,0.026804031268746,0.0873804020056868,0.0908367810655562,0.0208688069132121,0.0128336539708076,-0.0466047846248959,0.0588135067186074,0.0508807227027359,0.2021601696826129,0.0608441956018761,-0.0760515323124438,0.1117375398701596,0.0153498885741963,0.0576427478262638,0.0122045247648134,-0.0715428746184726,-0.05816590106626,0.0336970084964935,-0.027492964756509,-0.0084281720080853,-0.0164121643802815,-0.0984191720127203,-0.1041794923786381,0.0869127733562842,0.0410780511640458,0.0128896218067397,0.0081111287989949,0.052362651567824,-0.0068632614908584,-0.0473422695596462,0.0348167104074441,0.0692367181730453,0.0818379235483469,0.0468413099482592,-0.0173308595297801,0.1216915119594416,-0.0208621932141847,-0.0204448908764575,-0.0332151523617233,0.0211689229393712,0.0885900237903498,-0.0262887455452675,0.0183712243779156
IRI_Q27,0.1493053853649165,0.3290042956196936,-0.0124983289887177,-0.2939968274203516,0.1902438874283976,0.2610621024520776,-0.1714714803912407,0.0015212777719726,0.3356993080171681,0.3016129201961844,0.2333840593692114,-0.115961559981803,-0.2589592085962377,-0.2699109316271876,-0.0223092981506851,0.1708208605723721,0.3384686663301362,-0.2710521931577332,-0.2716937565939948,0.3258810880679663,0.1379254500048014,0.3358094324683359,0.1690731164438136,0.3549287072401934,0.2421877322557462,0.1744693819543119,1.0,0.267110712164823,-0.0531977303537537,0.2410556502438021,0.0313159051104117,0.1773752479425492,-0.1196816064173747,0.2861447603093231,0.125983341414582,-0.0477228047519807,0.0308845630564181,-0.1265215790756717,0.2002393372986113,-0.1548326844388612,0.205751649447512,0.0794712501861303,0.1945298347157354,-0.2056927352826172,-0.1197466202386316,0.2904787204932875,-0.0892206509351019,0.2585386829535002,-0.1577099899596455,-0.1454405732582839,-0.2101647541133776,-0.1801000078857199,0.2144959596546213,-0.1374975863153519,0.1922239758245741,0.060371160814072,-0.147003011832124,-0.0910027366248765,0.2447765412994133,-0.0375454305613698,0.008904697906711,0.2763661175256697,0.1493426002213854,-0.0655398454325931,0.0864188598722506,0.1793947680050473,-0.0460999867120214,0.1546839930188091,0.215427397448728,0.2006144604745342,-0.0724073255710507,-0.0096780832351478,0.0613388785722566,-0.1346345480497667,0.1591161364902778,0.0355685769161324,0.0285190908550592,0.1786582613515174,0.1036020249692872,0.1187093111129941,0.2144240440781532,-0.1514936789197688,0.1655508561268639,0.0268653199408473,-0.0239055404892278,-0.1159825659205462,-0.1050544052642315,-0.0568069037099084,0.146064069367762,-0.0921764268083739,-0.1020387455934604,-0.0766681894652514,-0.1108172299771235,-0.100018874865634,0.0370014345422156,0.0658784013388718,0.1115075512633095,0.0457660079108772,0.0639213993376638,0.0710287185639506,-0.1068977243544997,0.0268624548459883,0.0838631276314423,0.061241027969796,0.0977610030125997,0.0217121533601134,0.1457072797032992,0.0673481119048963,-0.0399870332364295,0.0039177380267483,0.0415702154106896,-0.0010326696424403,0.0594580871645722,0.0614944953929545
IRI_Q28,0.0219179824518474,0.1771184244438058,-0.3073232524434463,-0.2643459498845612,0.1563640875148551,0.0049489936408231,-0.0571517142890143,0.2945340792829957,0.274833964252224,0.0663876754353464,0.4346725846193206,-0.1273251168174213,-0.0173644977802965,-0.185447196346874,-0.1959168259664802,0.1031033810830361,0.0555509557879799,-0.127802161622027,-0.0127223975878075,0.1730920357590047,0.1971208616799664,0.229482097080039,0.1215981561435221,-0.0049434176011197,0.3606161996541944,0.235178441906437,0.267110712164823,1.0,0.1152820450228905,0.0358990607302356,0.1240012920597228,-0.0243521630223349,0.0555490050170076,0.11212120566068,-0.0048440374864697,-0.0712197571495586,0.1618663597420425,-0.2579499065278163,-0.0574098789849931,0.0099923465104579,0.1062424712944796,0.1632116155957265,0.0232999575379119,-0.0527717938711824,0.1144352699460602,0.0423281481429102,0.1985671292410352,0.0112062579291415,0.0654645877988342,0.0778102205198927,0.0491590386304145,0.0781970504623133,0.0553304292702365,0.1236999777197394,-0.1133349783467708,0.125667643995862,-0.1542521200631689,0.0474151407473408,0.0177285065302361,0.1573656000335144,0.0309571784138437,0.2228812665251064,0.0236589874974533,0.2259476796530865,-0.0113981587850957,0.1840848047162991,0.0819440590333935,0.2322870792478321,0.2197247292444982,0.1184861792182803,-0.0493405699428205,-0.0065271260132163,-0.0558088344923013,0.0176756498865082,0.0598753663768839,0.0288545888155061,0.0763847525788494,0.2200370855354451,0.1890746231549376,0.0963981837551045,0.2296979259967465,-0.1488725372925772,0.1378127376994459,0.1626056975293743,0.039722764469849,0.0289311987580983,-0.0224062935238695,-0.1406144805770895,0.2261557202147765,0.0079008571403659,0.0501613437705393,0.0655107958666848,-0.0094070564888552,-0.0025809763992434,0.0643502377223825,-0.0400170330833591,0.0871820317663329,0.0217180724885814,0.1206762685731874,0.0565558847356546,-0.1116250156544079,-0.0527327436489786,0.1225240570063509,0.0685716999097326,-0.045118362035152,-0.1163554047967456,-0.0185415547305154,-0.0814495061743755,0.0566657860330717,0.0573036317612663,-0.0379046998797783,-0.0676435039278966,0.0234896457833474,0.0643886858313042
PANAS_Q1,0.2112536599458251,-0.0675276249456881,0.0329683771465291,-0.0662785137430022,0.0231748232629895,-0.0449588314840816,-0.0287177025379654,0.1509370855368314,-0.0448871446679917,-0.092176522261746,0.0569031482119563,-0.1064981608266167,-0.1276626584226594,0.0367387022344953,0.0574551237891443,0.1419783721447491,-0.1197016232901834,0.0323645989764679,0.0946064156045167,0.097447464135328,0.2043572438804378,0.0213685897505292,0.0955397173036324,-0.0381902202454127,0.065789691851255,0.1801939505065165,-0.0531977303537537,0.1152820450228905,1.0,-0.0313278395492613,0.5620312174798384,-0.0773702555391234,0.3148924012989011,-0.0586475648587969,0.1106137743040094,0.0065530798761088,0.5016713964047365,0.2806113121300027,-0.023638946718987,0.1846503165257792,-0.0048854542944088,0.3310552456179859,-0.0733050332791301,0.088612636751377,0.3293507684242318,-0.0337548307918808,0.4679535474273224,-0.0513627700688594,0.2523158447082134,0.277293024245931,0.2450790527055575,0.1961468731178329,-0.1217846559883966,0.278935732061828,-0.1365626260471577,0.1996143309889519,0.0892249436592179,0.1608679728029855,-0.162455013116677,0.3546079225881513,-0.0972266829622211,0.008912039675726,-0.0227008484669154,0.1018604991021888,-0.2491761010280659,0.2116731498015504,0.1332073787515955,-0.0935445526946451,0.0126249514310565,-0.0511874724981755,0.0298986330080963,0.1610574461787021,0.0033001659162673,0.2675662020271533,-0.0490728982616092,0.1576066855044482,0.1251243897899613,0.0797136273300369,0.102753222101265,0.2469052035247492,0.0026199246977199,0.320890946690082,-0.0402505251199013,-0.037363036079835,0.0999757085040775,0.1906859597395639,0.103756077190079,0.1024445166781487,0.0045933335845603,0.1458341616893785,0.1749584212258621,0.1481328694051371,0.0880665215820024,0.0702662812846941,0.266665177798754,-0.0930927668149751,-0.14239748982932,-0.1795148126021387,0.27818539021266,0.1499569462124095,-0.21339146754189,-0.0831747297890422,0.195024589183958,0.0013043597583362,-0.0672995018509067,-0.0985557545782826,-0.0971890676980894,-0.1027609759028649,0.1535192876245678,0.0556158822336277,-0.0662152467552698,-0.0705763513527257,0.1839554881994434,0.1691867574389952
PANAS_Q2,0.1631226860086605,0.2248894104875725,0.0216701924052077,-0.0643837444099673,0.2386386572662459,0.436437594396547,-0.1882052013270945,-0.0549266977859799,0.1108360487119963,0.3073843247855645,0.1033020915154782,-0.1208633885547066,-0.1248183498549139,-0.2687039819065853,-0.0869748352404828,0.2202311884891254,0.357958638817125,-0.1820742700475632,-0.0234485364227485,0.2709034279829382,0.1355576435100175,0.2183663849994425,0.1689208619988852,0.2789422699208123,0.1055525552896044,0.1968429457927196,0.2410556502438021,0.0358990607302356,-0.0313278395492613,1.0,0.0519714431174626,0.6867429355992526,-0.1488105674391808,0.3863748401957587,0.3341823942731828,0.2566422015624944,-0.0045899239196867,-0.0434786396693403,0.401160085944187,0.0636406112334711,0.2984953132456976,-0.0943860577997454,0.4211770339139711,-0.1387199501674813,-0.1371696957619677,0.4713422781468417,-0.0875007932286364,0.451104073887363,-0.429793713212468,-0.4388172977715867,-0.4699458979563921,-0.329359127314656,0.3757022249476803,-0.3384607598115456,0.4310352767438571,-0.0745420624654736,0.1068500007289998,-0.1064602958738134,0.4754003584593978,-0.0955310482443331,0.0749550049427128,0.1368992350065584,0.138239378358,-0.353456458262718,0.0344724060301344,-0.1218185296329411,-0.110456845084069,0.0927330075755518,0.1351698927478463,0.0847319737844001,-0.0468425308744474,-0.1157378502356856,-0.0581652964682761,-0.1063088854072697,0.1118637378206434,-0.0127143078746882,-0.1360231236507794,0.0278075019198094,-0.0344937189430723,0.1317925493269439,0.0990935594150144,-0.1122234080319346,0.192494911977037,-0.0433872347694389,-0.1451199541983462,0.0082810468759884,-0.0335659814273597,-0.0892995230349517,0.0086588636830944,-0.3781273037666949,-0.3492009576259177,-0.3746722764156927,-0.2987298957564799,-0.3045477937277694,-0.0693564200774741,0.2226962186432376,0.2402385003892513,0.3905366824944215,-0.0898590191291621,-0.1000086830245816,0.1761527684801266,0.2165249729716263,-0.0919597913716784,-0.1362421010342798,0.2623957285981448,0.182719488722416,0.2346113961390684,0.2638574875479917,-0.0815214290101035,-0.0304429680462286,0.133083571203997,0.1336032084948579,-0.0311284398020411,-0.1045334262583997
PANAS_Q3,0.2413478157898427,0.037668072321328,0.0631562601797088,-0.1065507904995803,0.0532337099524419,-0.0288210010193439,-0.0244972668746172,0.1537138870447197,0.0659414331195445,-0.0321238918313603,0.1326196903207425,-0.0475794283563774,-0.1808836600578966,-0.0811068917576083,0.057470504799478,0.2174199100417744,-0.0372144619857652,-0.0272336860945812,0.0882325439490238,0.2098757514146601,0.1942569724701428,0.1433560331239351,0.1677981654910539,-0.0365542904711268,0.1265700694323141,0.170460881283353,0.0313159051104117,0.1240012920597228,0.5620312174798384,0.0519714431174626,1.0,-0.003659086927852,0.2827805036154681,0.1380305391160263,0.1436537343961496,0.0006816047124279,0.5097102943754018,0.2605905690312068,0.1021931402708768,0.1290257858275831,0.0642411265763436,0.3841401339404743,-0.0037013233372896,0.0779418603292967,0.3033902770436356,-0.0052905370799208,0.4739111283601706,0.0065702712329254,0.1932823293365277,0.1772873911347866,0.2159611609480711,0.1027810729982192,-0.0186876880289939,0.1805937689056951,-0.0596311479247604,0.3741014960832355,0.1838833576817501,0.0854788069347256,-0.0582479434478964,0.3230485607581713,-0.1965564287641732,0.0771792653913476,0.1459064467463139,-0.0988570649183332,-0.2418005377578493,0.2195597626480607,0.2366190447628205,-0.0726368399719298,0.2130140312715141,0.0285597432117357,-0.0454356846665037,0.0710269984192464,-0.0049003957045532,0.2925675821375976,-0.0421986040365315,0.2241883225125972,0.0892346953454709,0.0279458688015562,0.1074800223221048,0.3121328315126494,0.1501628699053756,0.2094793031438704,0.0482833788064017,-0.0063073702225815,-0.0217191905723291,0.1652345385212805,0.1045380589723972,0.0457106612451403,0.0734226961848256,0.1362389703474111,0.1709784328634945,0.124182382458058,0.1002169776994425,0.0530518700386928,0.3486728171173653,-0.1081316944649753,-0.1164532162365567,-0.0779276115100495,0.2903998077530427,0.2586277138756727,-0.2909424574305266,-0.1487841381993331,0.3342379096805176,0.1084942378480662,-0.0407279173244563,-0.0908565150716134,-0.0875402963294793,-0.0564295571002404,0.2150952647402075,0.1865370270228559,-0.1076213385022206,-0.0536805605057236,0.183860669766742,0.1876373528869257
PANAS_Q4,0.1293028215308921,0.1151734960323886,0.064238070577046,-0.0209982143242923,0.1620100746495395,0.3926895896386246,-0.1868704996231874,-0.0634340240552377,0.0861193369435715,0.2951602420641997,0.0654911419380104,-0.0442688651827646,-0.0969835505037494,-0.1266255459502602,-0.0258872061237786,0.1623715316117791,0.3222712515973492,-0.1506930608725264,-0.006834004150189,0.14852776535815,0.0792549061165002,0.1571935297917379,0.1666366687947603,0.3417044530379794,0.0926485704451875,0.1085996503238651,0.1773752479425492,-0.0243521630223349,-0.0773702555391234,0.6867429355992526,-0.003659086927852,1.0,-0.1846903512947147,0.3108860435871392,0.2501853287385898,0.2787583033131063,-0.0613935970583372,-0.0746122171704061,0.4805662040653605,0.0311786683942068,0.2927087592827078,-0.0605681064986803,0.4509098342338847,-0.0899187618813002,-0.1742831613129793,0.5567358155711086,-0.1179657505619299,0.4491895203202463,-0.4358945486394047,-0.4031826484457986,-0.4527701499890107,-0.334721316265,0.3580390615136236,-0.3640329492689855,0.5029917249680427,-0.07119305982702,0.0837661469645825,-0.1959372984207719,0.4645817423125534,-0.088360013376137,0.0745974436551078,0.0531111505352429,0.1700665660060253,-0.3158656984900608,0.019498354684724,-0.2008710074524922,-0.1055380462894261,0.0463414005081954,0.0417579119567962,-0.0191602206444001,-0.0803896148709234,-0.0751344635245701,-0.1043801397347473,-0.0515778520201209,-0.0011986424655562,-0.0315821686180986,-0.0268631457519094,0.0367275622883744,-0.1011361327053807,0.1096660628848548,0.033081777062979,-0.119665009426377,0.0508131097074783,-0.0667506500081604,-0.0311401763317656,-0.0324039998768933,-0.0172262084564125,-0.1493837629027975,-0.0858466608682071,-0.4400119533240031,-0.4213035900523071,-0.4460122939152557,-0.3505751544887681,-0.2839689941136235,-0.1620422654767488,0.1002047268184385,0.1766351204046085,0.3559308262857941,-0.1657849885947383,-0.1630373778920534,0.238053578821777,0.2734283290866281,-0.175531383542676,-0.1512190754555074,0.2834710130279139,0.2420348330066477,0.2566077326701073,0.2570385148103702,-0.0446810958922846,-0.0376816619050037,0.0873003879836549,0.063854830927322,-0.0352938984859448,-0.0777483807729203
PANAS_Q5,-0.123503805693122,0.0172573400385604,-0.1378059722374023,-0.0891206217320779,-0.1128176953470461,-0.2376563368992202,0.1537660095204115,0.2807792653176725,0.073613235953781,-0.1827703372090185,0.0952911599796092,0.0528432581334169,0.0139548542492849,-0.0206726438866359,0.0736359285959881,0.0979617130927632,-0.292850611854248,-0.0331319509310507,0.2750599930181276,0.0833246675749691,0.20369447028261,-0.0515571103102527,0.0188103808792259,-0.3165437500024528,0.0291722277519893,-0.0881860371958809,-0.1196816064173747,0.0555490050170076,0.3148924012989011,-0.1488105674391808,0.2827805036154681,-0.1846903512947147,1.0,-0.0112714843235057,-0.1007621166570449,0.0475094295166861,0.3100338515732169,0.2850546988607683,-0.2926739127465818,0.3468402568274651,-0.1076590344495367,0.3284869755789202,-0.3097349052468098,0.2593485749854783,0.3612464414628118,-0.2532310818956139,0.4330923798854826,-0.1589281589038138,0.2324025083991069,0.2397035918047579,0.239925606951192,0.235294009507746,-0.2518340653690414,0.3097314298163978,-0.3749584501415862,0.2898183077529349,0.0204244922949765,0.3473831828399163,-0.3115898463377104,0.2561356204762204,-0.1084937280408308,0.0860917017510258,-0.2261374500101262,0.191042386924796,-0.1431325060237949,0.0651803458351974,0.2633270078726646,-0.1012006204105759,0.0646957980668648,0.0354332557426004,0.144284836728365,0.1301272259958436,-0.1191778446727823,0.194588133586564,0.114094325651222,0.2315752767696966,0.135733078452121,-0.0185969399381923,0.0888021394024588,0.0857367378784472,0.0139592148994447,0.237002469866306,-0.0076997539168111,0.0590941938456001,0.1046207822915888,0.1691323171577911,0.1196029216851137,0.2175254644225777,0.1080052505529249,0.2427267097685275,0.2658524379598002,0.2058321402447406,0.2099833018988293,0.1405246329266584,0.1718358216514816,-0.0513143004096533,-0.0541205846954811,-0.1868255114430068,0.2216442638082911,0.2499503059432478,-0.1998678749243293,-0.0649718070254839,0.2561266752092222,0.0645096594158186,-0.179903752769207,-0.0211223650609689,-0.1012735344762114,-0.1147056040711443,0.3018093392737191,0.1941993371290483,-0.3013911818381051,-0.0570769370928891,0.21452343711124,0.2023011562666512
PANAS_Q6,0.1569153209466797,0.2332026791866263,0.0978229108534697,-0.142085034305791,0.1442003991121188,0.2363447825339126,-0.0781626787966684,0.0585499105618334,0.2819058074549675,0.2907259202515059,0.1320505168711824,0.0608402234792835,-0.1199518864836803,-0.1311336857894873,-0.0318124549536581,0.2108572843488528,0.351520432594646,-0.1994302131908278,-0.1536911344104568,0.2238399159374685,0.0765385935824883,0.3240373043647443,0.1951252689254332,0.1595005256325876,0.1730982146915118,0.102632256089996,0.2861447603093231,0.11212120566068,-0.0586475648587969,0.3863748401957587,0.1380305391160263,0.3108860435871392,-0.0112714843235057,1.0,0.313384251854074,0.1495163946330756,-0.0017307618854863,-0.0263559410372217,0.2607971062274334,0.0025016709068817,0.5733084009470865,0.0581018295810771,0.3234438547830626,-0.1647138738283677,-0.0565158497096493,0.3648441063520987,-0.0133813486011389,0.3621302156242589,-0.2232922026156163,-0.1995812070630154,-0.1686317989317195,-0.1262138910309432,0.2035694422793516,-0.164333667297455,0.2202216748850902,0.0585843055477509,0.1063831327529447,-0.1391331356015851,0.3098702750084464,0.0019869117352753,0.0379424119806726,0.2626054990264185,0.2619998796042149,-0.2803747713740606,0.0521468099657064,-0.014541511266518,0.0769976734101913,0.064205267684463,0.2740755937294784,0.174235074447323,-0.1055145151723283,-0.0625616690513012,-0.0600949819778148,-0.0024126315439982,0.152940576289276,0.0216210155215869,-0.1600287899795427,0.1500303636581118,0.015817365335594,0.1615726336054892,0.1756003213236308,-0.2021939611025573,0.1949906611097964,0.1051592739654715,-0.1269505981018708,-0.1218708201396169,-0.0328127753848802,-0.1710800904225969,0.1288887099930835,-0.1688055781280069,-0.1524828346603232,-0.1217803704624607,-0.0580228438918363,-0.1788744469342108,-0.0384412792980913,0.0844070473800718,0.0926742430591648,0.2054209931604597,-0.005406591504146,-0.0385689808162334,-0.0207552843585317,0.0624461936071308,0.0896734762265271,-0.0836821421411019,0.1442534044207922,0.0609050763187476,0.1538121441424375,0.0645677485772307,-0.0582532904306341,-0.0848615132573691,0.1920864321009369,0.0198631113478266,-0.0163872820497641,-0.0905659702254216
PANAS_Q7,0.1806182461876958,0.0157224553842035,0.2162029003328385,-0.0596897278768383,0.0950803044834219,0.1692033719557103,-0.0825465425654442,0.0360415365482712,0.0587093999141365,0.1947472447434997,0.0207907994158802,-0.0115454815008364,-0.0836435342198126,-0.046251642069266,-0.0103837590468199,0.0465777803618551,0.2161360742400417,-0.079703355193266,-0.0667228943072242,0.1731600886738923,0.0456844728329784,0.1857471515514288,0.1218408096720328,0.1083808139972726,-0.0076632065710142,0.0909698547201004,0.125983341414582,-0.0048440374864697,0.1106137743040094,0.3341823942731828,0.1436537343961496,0.2501853287385898,-0.1007621166570449,0.313384251854074,1.0,0.2543676737227999,0.0518361567356032,0.0345492011367874,0.2775291658855395,0.0752736661448472,0.4079057887378587,0.0075484032270871,0.3432083438028733,-0.0108310170541792,-0.1127441927145487,0.3285896245416113,0.0175467210299829,0.5364824962109707,-0.1897931754906502,-0.1990282361494001,-0.2178556950782267,-0.1134104839240032,0.2604950899283749,-0.2628939271521013,0.2391084262440179,0.0061495114499987,0.0566982898960054,-0.1908179715137911,0.2185397326634829,0.041988718356705,0.0074559950227924,-0.0008619189212178,0.2220692431701865,-0.2082810722055365,0.0168891469711459,-0.0565925919893093,-0.1075107194093116,0.0455873608919255,0.0816536308704331,0.0425746847024018,-0.0689453455772673,-0.0492667251860515,-0.1038658314809314,-0.130509225885559,-0.0344640073407051,-0.0670763996497178,0.0060262558334118,-0.0363993285452334,-0.0065997610883392,0.1855628381780489,0.0764775369619672,-0.1240893927064371,0.1136575465809812,-0.0563865383944549,-0.0654613420843182,-0.0848642934616541,-0.0014184436675895,-0.0874339626806234,0.0088708226208599,-0.1338173092772466,-0.1022218625359492,-0.1292570071034038,-0.1540140256826437,-0.1180548634768957,0.0092274718451721,0.01966353259651,-0.0083507117182908,0.1025982219406522,0.0279893879641275,-0.0504807363679476,0.0097076058767386,0.1220368179668837,0.0169504181894203,-0.0188651347712982,0.165365939731457,0.1196385544536107,0.1002490838483216,0.1324638676299057,0.0165369888182173,-0.1443129693795836,0.2110091183582677,0.0740565022290576,0.0901971787423995,0.0410379878122161
PANAS_Q8,-0.0138799270581216,-0.1192180672956657,0.199065186196676,0.1610434254051072,-0.0966947189203932,0.1070792176098056,0.0690402229308407,0.0237496264984174,-0.0688256753979151,0.1251650928135668,-0.0647434168850636,0.0841938363537825,0.1131736879691737,0.0271070942478137,0.1170017516079117,0.070845336694635,0.0734789329453801,0.0355808769408728,0.1138079536145736,-0.0284103870891962,0.0641700208431559,-0.1132716768017941,0.0871438284561183,0.1554850785371017,-0.0893932641607729,0.0606183468263811,-0.0477228047519807,-0.0712197571495586,0.0065530798761088,0.2566422015624944,0.0006816047124279,0.2787583033131063,0.0475094295166861,0.1495163946330756,0.2543676737227999,1.0,-0.0575932737884809,0.0709884820630642,0.1879371598743053,0.2404174325308405,0.2251213229265501,-0.0720995412010164,0.1445664840385347,0.0995785108561186,-0.1317047998488354,0.1579478257031501,-0.0849630447605743,0.2272400119232464,-0.1638455119055771,-0.181846547170418,-0.1575435091755068,-0.0673876266120568,0.1860086424053781,-0.1800211781964164,0.225891423468688,-0.0563668365369362,0.2300271078186412,-0.0148590867617663,0.1585493112987461,0.0024970692547832,0.0204514857409595,-0.2455361991540168,0.0842740922411267,-0.1339088970754816,0.0456570789464372,-0.0591904915241074,-0.0402571061104682,-0.0323131491541133,-0.0802900906533741,-0.13960243206614,-0.0089072875587649,0.0081560368032647,-0.102672151427682,-0.0429039543579501,-0.0817401881210219,0.058502195662532,0.1782705958401156,-0.1819684363843731,-0.1144539900446678,0.1738331281536064,-0.1544205050070729,0.0725454084101047,0.0427775747974066,0.00818569927494,0.056194606512161,-0.0676438440113187,-0.0635520787158664,0.0110370519358514,-0.0754355049054395,-0.1509692497894292,-0.1307579503515869,-0.1074889568867159,-0.0693236173239629,-0.1074826801698191,-0.133729467376648,0.1617655962352124,0.1516590409672248,0.1266610007286772,-0.1516836053306977,-0.101862994176765,0.1261754777011395,0.1626724180103656,-0.0877569943562467,-0.0823652886531947,0.0900241266229973,0.2513545936146736,0.229056472107188,0.1309492618438238,-0.0939438105584029,-0.0977359089735809,0.0368725486665811,0.1081567111409205,-0.0441790399568936,-0.1152024363732728
PANAS_Q9,0.091659126695444,0.0751076717566514,0.0032725294552687,-0.0306348077915194,-0.0506854823296574,-0.0358033136952702,-0.0002238978377726,0.0985731511353916,0.0998095835368082,-0.1223844966855513,0.1219777533812553,-0.0687730114489416,-0.1163447528367357,-0.0608703305224174,0.0506689607379041,0.1237455140586402,-0.1457776279529233,0.017509581586184,0.0473834116996187,0.0499895286123806,0.2300830885504287,0.0940503286526849,0.0433436706214197,-0.0199793533439255,0.1764691191958462,0.0324898699929665,0.0308845630564181,0.1618663597420425,0.5016713964047365,-0.0045899239196867,0.5097102943754018,-0.0613935970583372,0.3100338515732169,-0.0017307618854863,0.0518361567356032,-0.0575932737884809,1.0,0.2968972110580482,-0.0203932262936514,0.1327144692833489,-0.0539423362021636,0.466237982611754,-0.0477955587627762,0.1550912383125299,0.3830922274328167,-0.0843776566587219,0.5328900402736695,-0.0724128930276067,0.3328585673953299,0.3354273386685408,0.2744511912561575,0.2104034923414566,-0.1934814943003598,0.2863064421041112,-0.2488666256867931,0.3126246776256584,0.0747069292086805,0.1980032108521123,-0.1910916990779309,0.2782495739215317,-0.1473937059913959,0.0923148495435154,0.0146824716769436,0.0424733128614963,-0.1583823321797023,0.1611323088112577,0.2019091913731377,0.0017425913837957,0.1600603156800634,0.0977812894187934,0.0233158905025178,0.1275577996233906,0.0367982887441416,0.1686326476323942,0.0227028664287122,0.1811799530045641,0.0964688604019952,0.1141533202206861,0.2221559793036989,0.1762676354131789,0.0723073659311502,0.2536030200326194,-0.0211712633152257,0.0511934995616472,0.0430422381142269,0.2453030047849057,0.1869147408725311,0.0980637943476023,0.1545381037029311,0.3055403082711342,0.3151206504607288,0.2867228231313219,0.2464614794576324,0.2132302118218991,0.2528354935558487,-0.1458007601296686,-0.1780408641641291,-0.1725291446495969,0.3223525826713188,0.2239156374122552,-0.2555223973666445,-0.1539231340439432,0.2639923866888398,0.1114229998128934,-0.1329712281858654,-0.1656301646638999,-0.2197296035538303,-0.1007189530848005,0.1860902698120276,0.2433953002037954,-0.1372666428660096,-0.1588807981259185,0.1662562592436186,0.1645738948048675
PANAS_Q10,0.0200385131637003,-0.0887004430374578,0.0674001073245364,0.0809141549386222,-0.1016618811047638,-0.0634469534420191,0.1054317685415198,-0.0078614183776241,-0.217296363396662,-0.1283834068770374,-0.1495739107173269,0.0327295216505133,-0.0409598677807905,0.0032878986523265,0.0607678740455866,0.0449456592206067,-0.1724825935592627,0.1638634102515336,0.1524009606784216,-0.0289648973096642,0.114287926782822,-0.0792291955597118,0.0382788712132027,-0.0588509920102965,-0.0535266426403132,-0.0574248602716644,-0.1265215790756717,-0.2579499065278163,0.2806113121300027,-0.0434786396693403,0.2605905690312068,-0.0746122171704061,0.2850546988607683,-0.0263559410372217,0.0345492011367874,0.0709884820630642,0.2968972110580482,1.0,0.0179075894598721,0.2292180105338607,-0.0575014217939898,0.2422936910016122,-0.1468056345494645,0.2636842387146951,0.2724189882314105,-0.0605384119943678,0.2193143072856694,-0.049329791738022,0.2647756079180896,0.2495839546884164,0.2244738705709538,0.21338892087772,-0.1263611967904731,0.1561499125608164,-0.1309637050387014,0.167796359842974,0.1960667779693222,0.1635160780614569,-0.1691121835103649,0.1915340483510318,-0.1296243562469723,-0.1023469269826209,0.0040879269102446,-0.0226211815910027,-0.16506119319921,0.0692621975698771,0.1235632958654048,-0.1874882269210248,-0.0246254142941068,-0.1301427910368908,0.0575900313812762,0.1422599413927202,0.0151503797324356,0.2217416843603822,-0.0864045424032465,0.1946635756875689,0.2192633535647975,-0.1938422616905475,0.0030471952382875,0.0900758522576169,-0.1523339118965191,0.3304851516921655,-0.1097865518852754,-0.0948348486714205,0.0466360099427437,0.1237251395116579,0.0847528265909757,0.1420139632089199,-0.1097258871889781,0.293926280822116,0.2572422193303105,0.2006789258360434,0.2504050055586275,0.0941015622270677,0.1211269284296179,-0.0895718830533099,-0.1680538480460398,-0.1604081049534187,0.1163706852093371,0.1501718305491468,-0.1513709459775226,-0.037267259220799,0.1296537437620141,0.1666827962084004,-0.0835199134795595,0.0176755759213354,-0.1215447885403017,-0.0105157997406136,0.1502144113571346,0.1131113504131,-0.119723698010684,-0.1215820605190418,0.232094825775506,0.1820658716094484
PANAS_Q11,0.0809002783649234,0.0009796011487136,0.0890321454994064,0.1223130806619151,0.052807135976381,0.3285150593158744,-0.0822691668936282,-0.0937815676478606,0.0573172311408477,0.303792235026233,0.0485653670976191,-0.0475192777647992,-0.1485473283148725,-0.047400315723503,-0.0467811092363177,-0.0531236750345608,0.3247521749840454,-0.0915559163825665,-0.0960021355013178,0.1007641495032558,-0.0501250870030093,0.1002567382516,0.0138752066454188,0.2989152082376923,0.0146084294027112,0.0279604297260822,0.2002393372986113,-0.0574098789849931,-0.023638946718987,0.401160085944187,0.1021931402708768,0.4805662040653605,-0.2926739127465818,0.2607971062274334,0.2775291658855395,0.1879371598743053,-0.0203932262936514,0.0179075894598721,1.0,0.0366692659607802,0.2480825210544982,-0.0555832701383093,0.4854659675033765,-0.0033505698971582,-0.1714802153792857,0.5343601590373742,-0.0438651355994377,0.3999485595594007,-0.2887739903081595,-0.3160755188173032,-0.2690839450940563,-0.2624317495174275,0.2775499622752825,-0.3001633698039008,0.508620116811548,-0.096437774316923,0.1784831680546849,-0.1891048961250432,0.4539061008077319,-0.046194802916699,-0.0292975029996067,-0.0397936281462233,0.2111318885399824,-0.416135687456916,0.0072076404429008,-0.1630261679033547,-0.1827897701849003,0.0431975964060078,0.0075109674908545,0.0053221293654948,-0.1819222840972571,-0.134726022950041,-0.075608553897726,-0.1276281771493475,-0.034427111808361,-0.0789201437511157,-0.0305187804683028,-0.0307644421926556,-0.1369029902268033,0.0333451926850109,0.0115810899542221,-0.1304670912576658,0.1019225818606356,0.0224507627912821,-0.08574875420024,-0.1055704520746523,-0.0628869976326521,-0.1890932011131931,-0.0460868310726537,-0.2595359417569643,-0.2485956830182709,-0.2820330809733594,-0.2292330495287033,-0.1175818956604544,-0.0954098937690456,0.0944273217511935,0.125630715497142,0.2004190982050274,-0.1318008937042845,-0.0797785971578418,0.1565150208035729,0.1033617489712363,-0.1962357137663275,-0.1650799906798667,0.2614062619109525,0.0836953255550033,0.1594942596707534,0.1669687200723745,-0.105064117234236,-0.0342049460231369,0.2186473113924964,0.004614154270471,-0.0148067680070964,-0.0533354504729025
PANAS_Q12,-0.11612069333509,-0.0941102282352926,-0.0180986139182676,0.0547365921349208,-0.1375747902013,-0.1916343442644543,0.1443489659069376,0.1918584380472111,-0.0237787970904813,-0.1680413383730021,0.0059466275613056,0.1121110480490486,0.1392414946205579,0.015347887934716,0.056227080384857,-0.0129106839388334,-0.0369732798637955,-0.0457984532082189,0.3193835228720512,-0.0656682530982764,0.1977160750940463,-0.1660787044712315,0.0588350166002993,-0.1391973142177474,-0.0793174695294176,-0.0243041675884285,-0.1548326844388612,0.0099923465104579,0.1846503165257792,0.0636406112334711,0.1290257858275831,0.0311786683942068,0.3468402568274651,0.0025016709068817,0.0752736661448472,0.2404174325308405,0.1327144692833489,0.2292180105338607,0.0366692659607802,1.0,0.0508183581272688,0.1044116564735603,-0.0337078790393039,0.3498231902649334,0.1957402301243111,-0.0068467866652411,0.2432149035987701,0.0717311343067967,-0.0017226192915946,0.0027594993576813,0.0413589221630598,0.1084980183219226,-0.0790153996450157,0.0335963477539614,-0.1159629217405853,0.0132263352979948,0.1831051721567746,0.2040180913803064,-0.0571547029756894,0.181011168661091,0.0485715509171976,-0.0995455223827015,-0.2717781929132189,0.029417912658072,-0.1396775347732959,-0.0103996243866239,0.0997927793536638,-0.0658865989214198,-0.0906511655228803,-0.2060669364263546,0.1111296037343795,0.1413712337318704,-0.1150491623390268,0.0619268591108477,-0.0955662885722374,0.0919979969542718,0.2443416030691909,-0.1944433066943712,-0.0267360775924929,0.028131780355508,-0.1980746307136202,0.0915699647535902,-0.0423380707648316,-0.0580716384404589,0.0617667067145814,0.1877801103891559,0.1197781417750075,0.1048800972411597,-0.0836800529028634,0.07899081527296,0.0631838655865086,0.0824617179548632,0.0563147311700152,0.0500105152255767,-0.1052415530011513,-0.0048021639001851,-0.0223142829328715,-0.0678315095205885,0.0274461634050684,0.1202748897498526,-0.0394694522476212,0.0120865364840411,-0.0267431307902296,-0.0019883035278796,-0.058798243967837,-0.0206125076843638,-0.0747070363638356,0.1297963516433281,0.0750172510188448,0.115144372244972,-0.0544261192546463,-0.0185383747477199,0.0598193285889543,0.0199843087255379
PANAS_Q13,0.1665071678248147,0.0749297407745535,0.0614371632947227,0.0661073732023188,0.1374856696350853,0.2208573362211388,-0.1466233920112344,-0.0936045948035203,0.0976176051477117,0.2626864766491498,0.0732012282660985,0.0809119904022987,-0.1524373881995087,-0.0140827502559078,0.0245528587864742,0.1158194097797777,0.3060796786742397,-0.0557092572182522,-0.2259570631871267,0.1498081975755674,0.0273731823476968,0.2081402209293987,0.2274107736885504,0.2146841698861417,0.0544966589144396,0.1628866774184661,0.205751649447512,0.1062424712944796,-0.0048854542944088,0.2984953132456976,0.0642411265763436,0.2927087592827078,-0.1076590344495367,0.5733084009470865,0.4079057887378587,0.2251213229265501,-0.0539423362021636,-0.0575014217939898,0.2480825210544982,0.0508183581272688,1.0,-0.0701816136139134,0.2942535262269002,-0.1351085136766539,-0.1351789489301821,0.3290250003766914,-0.072075505554903,0.4286295905528252,-0.270624248670991,-0.24679542440694,-0.1676088681702025,-0.1328809451753857,0.1849845412594261,-0.2263909568643252,0.218009541840271,-0.0687501878076981,0.0045272693254266,-0.2081053743874008,0.2646455260822145,-0.031460814971691,0.1423332287344618,0.0728185790362947,0.1970857406542265,-0.0886782493736264,0.1062052752884167,0.0158910818127509,0.031634723972203,0.1146667314865262,0.1604030482833867,0.1262333689682145,-0.1024587300019856,-0.0389645424734992,0.0559977952198739,0.0095607544788251,0.1945062056185625,-0.0003150903385388,-0.0132758021425165,0.0878620057538458,0.0506123516517732,0.0984902689400686,0.0457209222272773,-0.2095150264327306,0.23970805587715,0.0179191194412807,-0.0225296173352168,-0.1378738717045247,-0.0310686336429731,-0.2062150257832433,0.0754034627746489,-0.2374683883950706,-0.1862441658363982,-0.179470311889411,-0.1498249623057792,-0.2301341010302932,-0.1770225158470509,0.1569210279645558,0.1899334103327639,0.2035843896112797,-0.1511470049439454,-0.1330539731464484,0.1162093997406061,0.1190195538283279,-0.1225228346759711,-0.1106316923036809,0.2407661591683059,0.1586278143842969,0.1965363090915872,0.2733304823582523,-0.1272679373961874,-0.1365787036072533,0.3306992392924874,0.0146776011437969,-0.0232116422104718,-0.0532636703590299
PANAS_Q14,0.0558419275637531,0.1421864957827888,-0.1005396765965218,-0.1835428986589374,0.0166321866292762,-0.0399072223594127,0.0710553637354289,0.1304918904643446,0.1750391904891835,-0.0047997886887892,0.2424227742876134,-0.0960860197388063,-0.1032295868648563,-0.0119439159274433,0.0044150167352414,0.1601279993097039,-0.1091454549430938,-0.1377841006200865,0.0657206946327774,0.213629474167514,0.1619584150953653,0.1737862056512768,0.1155720486909268,0.0099399307250354,0.2222704090707679,0.0567569175209573,0.0794712501861303,0.1632116155957265,0.3310552456179859,-0.0943860577997454,0.3841401339404743,-0.0605681064986803,0.3284869755789202,0.0581018295810771,0.0075484032270871,-0.0720995412010164,0.466237982611754,0.2422936910016122,-0.0555832701383093,0.1044116564735603,-0.0701816136139134,1.0,-0.10235211745614,0.1299879210563763,0.2299387283426229,-0.0849865654573388,0.4086557684395183,0.009340112441606,0.3181081110150046,0.3106723466295947,0.2448403685916775,0.1901091024118295,-0.1984987257981789,0.3407515887160262,-0.2077449909236106,0.3545234360230566,-0.0205137377784615,0.2081265836849681,-0.1769088991951417,0.2036617122222103,-0.0654426891202242,0.2310958832304394,0.0194167093209668,0.0896015830588055,-0.0916992174954494,0.2260102349710917,0.3321492561944564,0.031114118774038,0.267550736088129,0.1168598196060567,0.0127525458734068,0.088957658341874,0.0975070381908234,0.2135065724360526,-0.0120425594376673,0.2098508423528458,0.0926788623716256,0.1596689627111511,0.2321192163892879,0.1388020509472586,0.2000406924793196,0.230084625279312,0.1191043296905979,0.1338403465868265,0.024807252417719,0.123914487027738,0.0902205393848357,0.0556207468858441,0.2736616925498488,0.3142753320047206,0.284424285843686,0.2788684590390731,0.2206389942562031,0.1646386579815713,0.3109091515738354,-0.1784105917587564,-0.2034379401703807,-0.1801673837084542,0.3135682123209811,0.2429666932401453,-0.2392989421882289,-0.1934397717258777,0.306521549496711,0.1744500041468832,-0.2005293152994435,-0.1632595767473109,-0.2075732360826928,-0.1881227767935063,0.2064231127399684,0.213305822732533,-0.113572480164271,-0.0881603529922608,0.2203394370476326,0.2299090932269878
PANAS_Q15,0.0996905625643147,0.0636360542737015,0.0255088180187903,-0.0290438418070762,0.1073008863645651,0.4298143155677373,-0.1415702554255403,0.0114355667269765,0.0438912380285671,0.2760891621669921,0.082852909720514,0.0715177652923411,-0.0596755698939239,-0.0106527618595754,0.0173260878222866,-0.003106189950538,0.4060918832684402,-0.1199749709080915,-0.116037767140513,0.1093163767195821,0.0340961800475518,0.1444702813536785,0.1170584293289074,0.2421101328207384,0.1004643613843373,0.089251607866447,0.1945298347157354,0.0232999575379119,-0.0733050332791301,0.4211770339139711,-0.0037013233372896,0.4509098342338847,-0.3097349052468098,0.3234438547830626,0.3432083438028733,0.1445664840385347,-0.0477955587627762,-0.1468056345494645,0.4854659675033765,-0.0337078790393039,0.2942535262269002,-0.10235211745614,1.0,-0.1313695688161515,-0.1028986508502076,0.6335430304730452,-0.1076799797230803,0.520176049211107,-0.3705501519137409,-0.3974593646171288,-0.3890545303172957,-0.351088419927318,0.3718789893744746,-0.3806315878303608,0.5367847621261873,-0.2125117360668416,-0.0124435030197392,-0.1961980265021947,0.576702314943238,-0.1509619266276737,0.1390564888146258,1.9149251760272662e-16,0.1909429526029065,-0.2406426455233283,0.1538426907912664,-0.10115662403672,-0.0944102975412203,0.1815210450675679,0.1091986934081285,0.0522544479055039,-0.1163818677286085,-0.1683606307173773,-0.0029960930422481,-0.1484778168592796,0.0662234610027245,-0.1266396275585622,-0.0489575459862626,0.0848567198058503,0.0246417083010203,0.0332896260749017,0.0564329196756676,-0.2437780149234274,0.1118153038947208,0.0046946439944027,-0.1048407405015076,-0.1747812313202323,-0.1022123144230026,-0.2124273459222089,0.0179351998852623,-0.2840798123764569,-0.3114899825591409,-0.2643891428966863,-0.2315751182523165,-0.1866747809768525,-0.2278419159344841,0.1699824852220546,0.2009666922566196,0.3548404137752439,-0.1504296859107759,-0.1920730820520141,0.2007512847635587,0.169143176658277,-0.1968654824027859,-0.1784784462001597,0.2614423865780438,0.0887664941788192,0.2232549248088767,0.1440807903716446,-0.1440620798972954,-0.1894816861233269,0.2642944702398201,0.1167759507691306,-0.0770004673091278,-0.1606490311411339
PANAS_Q16,-0.1411565393792515,-0.1440082471734031,-0.0095805138262801,0.1228988940152033,-0.2328043694440107,-0.234353783179579,0.2442492549306138,0.0698453768683472,-0.0805798167554655,-0.2506374962924345,-0.1250338674922045,0.0958857508710393,0.1467339424245862,0.0054984175491575,0.0533751260559338,-0.0416943461160319,-0.3456155156262169,0.0734291885792159,0.2782829769027766,-0.189390433750038,0.0607763803104243,-0.3247126627145077,-0.1712555308915598,-0.203761647585165,-0.0988609058681168,-0.099831515168434,-0.2056927352826172,-0.0527717938711824,0.088612636751377,-0.1387199501674813,0.0779418603292967,-0.0899187618813002,0.2593485749854783,-0.1647138738283677,-0.0108310170541792,0.0995785108561186,0.1550912383125299,0.2636842387146951,-0.0033505698971582,0.3498231902649334,-0.1351085136766539,0.1299879210563763,-0.1313695688161515,1.0,0.3433927232695581,-0.1246174572198251,0.3022195142189588,-0.0224407738996774,0.1509923847698497,0.156652326565142,0.1806781739191924,0.1799911862192331,-0.1778906899423331,0.1397757714485887,-0.186268347442176,0.0707321018726749,0.1883773205193105,0.3770237145614826,-0.2322902873250003,0.0959776229682234,-0.0689831173906129,-0.2207260302287169,-0.2975494501420632,0.0746576456571283,-0.1829149547148041,-0.1175141888877089,0.066596099180648,-0.1800112772236628,-0.2125650770744107,-0.221988039796319,0.1522282437701411,0.1003112727586922,-0.088540374421089,0.0598031134579044,-0.0662737823107189,0.0954182198606792,0.2253228076354999,-0.2487350205013163,-0.0042695248498089,-0.0775746539842231,-0.2226244717012426,0.1438418247079259,-0.0786598306184525,-0.0272875909981398,0.2038902631698223,0.2254031453643116,0.1855412008128794,0.2221728239133361,-0.1429852982609593,0.241772237572441,0.2455552390190126,0.1583436622195413,0.1673136391843239,0.1156469573783963,0.0502743624221315,-0.1746986879459861,-0.1536277181705599,-0.1896598557121493,0.0846338386758962,0.1566345769766281,-0.0446355990694072,-0.0017747962887599,-0.0239370895591404,0.1003578206362999,-0.1233964711703998,-0.0052742039347818,-0.1015811932918423,-0.0762443751566052,0.131486281641479,0.1144295621724331,-0.1497842002370274,-0.103829978884833,0.0768828399884151,0.1003154915457034
PANAS_Q17,-0.0731824017887669,-0.0046277395990836,-0.0877582125180412,-0.0213132670258187,-0.0749747980779773,-0.168657272508778,0.0693194849758407,0.1498890652753184,-0.0286099426726365,-0.2117313364301095,0.0143818239474864,-0.0074191701226163,0.0601643741683702,-0.0422980680041554,-0.0442427372574622,0.1174619006195484,-0.2682246428230266,0.1466608011030011,0.2324177165140396,-0.025003097839015,0.1214975374390643,-0.0980299582774352,0.0364344427349755,-0.1841568495778824,0.10988569071025,-0.0119360986974932,-0.1197466202386316,0.1144352699460602,0.3293507684242318,-0.1371696957619677,0.3033902770436356,-0.1742831613129793,0.3612464414628118,-0.0565158497096493,-0.1127441927145487,-0.1317047998488354,0.3830922274328167,0.2724189882314105,-0.1714802153792857,0.1957402301243111,-0.1351789489301821,0.2299387283426229,-0.1028986508502076,0.3433927232695581,1.0,-0.1379756523978587,0.5121858427357008,-0.1269051953655322,0.3203050943147341,0.3095081095361386,0.2589409307773532,0.1769572390012119,-0.1607616801970672,0.2693853335986367,-0.3430911162202986,0.1287350076838364,-0.0756469210534245,0.4999949783487719,-0.2289950488866494,0.2078459529674242,0.0182338704142727,0.016490290775465,-0.2783336741873239,0.1880647102176821,-0.126643877246893,0.2133455308288067,0.1896182440745073,-0.0067349842077138,-0.008333992889402,-0.0253145104684935,0.1260046740986758,-0.0285400983284184,0.0801575695786227,0.2121979610053804,0.0298779137879503,0.1656850853908887,0.1076084164821635,0.0363336209756379,0.1431312177305792,-0.0091013107902046,-0.0270858285663266,0.1580842449907867,0.0204723779818906,-0.0064687033319521,0.0705801045496388,0.2375027345986712,0.0776686888765763,0.1839103100729489,0.0142188247447636,0.2805253722298139,0.2929159522565781,0.2343434965029828,0.2269807638899826,0.1292386791822666,0.1647712378700253,-0.0673659983748591,-0.0882643761990389,-0.1289254750001721,0.1164936171792494,0.209204417271919,-0.1502255142321462,-0.0708516224475195,0.1694757761973318,0.1604616587688776,-0.1045122275013506,-0.0782702074565769,-0.0849780673875557,-0.0678569905011034,0.1121243009874778,0.1477207244117769,-0.0909834255376885,-0.0174120193659337,0.0647078259677773,0.147706993503259
PANAS_Q18,0.1299299516554806,0.0207302051872736,0.0951974606754778,-0.015641993399567,0.1250102511850477,0.4702312072464176,-0.1388013136757358,-0.0500715485284428,0.0609973186979306,0.3708987713499962,0.0761948708246851,-0.0056829669808382,-0.1616846656732769,-0.042014987881211,0.0279918350979103,0.1181970455194931,0.4798303982221358,-0.1028915906240264,-0.1466069291048222,0.1751837165178975,0.0531560681948024,0.1781282700069112,0.1541185853792442,0.2995953662022285,0.0627381739288962,0.1426590574155858,0.2904787204932875,0.0423281481429102,-0.0337548307918808,0.4713422781468417,-0.0052905370799208,0.5567358155711086,-0.2532310818956139,0.3648441063520987,0.3285896245416113,0.1579478257031501,-0.0843776566587219,-0.0605384119943678,0.5343601590373742,-0.0068467866652411,0.3290250003766914,-0.0849865654573388,0.6335430304730452,-0.1246174572198251,-0.1379756523978587,1.0,-0.0773634732864068,0.5886915293770062,-0.4341785213281308,-0.4380686564225525,-0.3973659477710652,-0.337249194573523,0.4598299602472586,-0.3842323830701183,0.6324292222125576,-0.1497710728294213,0.0054818213451811,-0.2351868342374699,0.5818198943433982,-0.1816184767538951,0.1350429188982376,-0.0007035155512265,0.173992969773797,-0.2358335514209864,0.1581599333131716,-0.1168858720725269,-0.0671423769321312,0.1665081173043596,0.1392294523341681,0.0319585336134254,-0.1313073465998955,-0.1228804024305627,-0.0323075017787399,-0.0887226831021979,0.0169124869018791,-0.063577151860445,0.0011657155930822,0.0132863986815643,-0.0216752544602845,0.081372922101148,0.0102259320169945,-0.1981124883823916,0.1944655747271572,-0.0344100686931066,-0.086022236867537,-0.1666586377070701,-0.1174365804372158,-0.2207253067232299,-0.0492699048558089,-0.2856115724173429,-0.2932398003918612,-0.2905424882453297,-0.2784520738016631,-0.2307229155758522,-0.2037700359041078,0.160314199531151,0.2057096816726383,0.3631464895627714,-0.1595367953850314,-0.1630687984482694,0.17749055342948,0.223944748981056,-0.2118622762143722,-0.1292847754990702,0.2757809291333838,0.1433214926611424,0.2101554684035026,0.2123240520843042,-0.130376347006436,-0.0207683571064421,0.237240266012788,0.1220517519525853,-0.0295884166648975,-0.0674509110676681
PANAS_Q19,0.0107370806345286,0.0260433621502123,-0.0804871783935421,-0.0234877856563345,-0.1083117610675928,-0.1125216567221657,0.1014942144610073,0.1864426834918746,0.0193417663147683,-0.1438262788218745,0.1011119976059656,-0.0175406904746792,-0.0275005590375542,-0.0158732501480089,-0.0113174202912933,0.1302425971237199,-0.1424232078005202,0.0042596255435677,0.1543163379099969,0.064696632616701,0.1604713006344955,-0.0339064533003033,0.0122815426928669,-0.1464360464180236,0.1298624243423742,0.0044511797760474,-0.0892206509351019,0.1985671292410352,0.4679535474273224,-0.0875007932286364,0.4739111283601706,-0.1179657505619299,0.4330923798854826,-0.0133813486011389,0.0175467210299829,-0.0849630447605743,0.5328900402736695,0.2193143072856694,-0.0438651355994377,0.2432149035987701,-0.072075505554903,0.4086557684395183,-0.1076799797230803,0.3022195142189588,0.5121858427357008,-0.0773634732864068,1.0,-0.0336836592910809,0.2896070499072797,0.3120725256550825,0.3113271285557326,0.1859210673967828,-0.1270073518537014,0.2487842293406144,-0.2187303098669785,0.3801797307103896,0.0582471718575832,0.384364659441926,-0.1905023545582956,0.350225815781279,-0.2503027876672216,0.0826779768795144,-0.1371743779411587,0.0072877382222889,-0.270365536398506,0.1454675212851938,0.2406724161105308,-0.0844185945825982,0.0542439809019372,0.0347123384903669,0.0330569656282905,0.1137160596291011,-0.0266206989790732,0.2226986497159459,0.0055415862377257,0.2645543539642572,0.1434517112971464,0.0807714187592822,0.1296796865311004,0.1615824372924665,0.0191718434777264,0.2581318350985621,0.0338893227167006,0.0721868564510283,0.1270792543286191,0.2289017778020518,0.1003725931135362,0.1259096548494748,0.0882503591837963,0.2568729124988371,0.2933922401105406,0.2652849965015138,0.2490102843873431,0.2053987269524045,0.2708745461097467,-0.1150746303859022,-0.1307798468924386,-0.1135292361201234,0.2492438677265122,0.221785870177621,-0.1905346561782222,-0.0702166809544325,0.3045802630482018,0.0741232718770625,-0.1378163050006186,-0.0820134737611158,-0.1208965229540628,-0.0574399875688427,0.2470614640553936,0.1990185607291797,-0.2028963402389169,-0.0465832823421238,0.2329140535353752,0.2473193166086637
PANAS_Q20,0.0865982125477087,0.0985546039398632,0.1213805068911689,-0.0768288271554045,0.1115312404274139,0.3654858640758298,-0.1366888371442458,0.0122090808933665,0.0542925701594799,0.3519599638168648,0.0687916907748702,-0.0394727312094407,-0.1372636162797613,-0.0846586557353257,-0.0041483837386205,0.1625544423024741,0.3411646229180466,-0.164241078087152,-0.1555236831144672,0.1633631655785455,0.0914886493823307,0.1037226354141005,0.1301641636734196,0.3048476789868479,0.0250843522718807,0.1014580031431115,0.2585386829535002,0.0112062579291415,-0.0513627700688594,0.451104073887363,0.0065702712329254,0.4491895203202463,-0.1589281589038138,0.3621302156242589,0.5364824962109707,0.2272400119232464,-0.0724128930276067,-0.049329791738022,0.3999485595594007,0.0717311343067967,0.4286295905528252,0.009340112441606,0.520176049211107,-0.0224407738996774,-0.1269051953655322,0.5886915293770062,-0.0336836592910809,1.0,-0.3575857138928707,-0.3791517575644684,-0.3524789228675699,-0.3156821262458598,0.3430310601749501,-0.3784058294493042,0.5046413637040709,-0.1230804395165453,-0.0416576382746711,-0.0820232100148468,0.3797421316471169,-0.077768324458448,0.1304382173839618,0.024501299348767,0.0712029411020288,-0.2503504583983219,0.0516235026685943,-0.0759132513722378,-0.0815776685530248,0.1504363097849819,0.1165512607174616,-0.0001705774989336,-0.0555267649689338,-0.0526439681499986,0.01018042894979,-0.1813575527614262,0.0363158202892242,-0.0075273195304232,0.0494441280142032,-0.0242073576583151,-0.0671148395001818,0.0994171924601169,-0.008269871163879,-0.2209939606043174,0.2102641545995167,-0.0636075173738368,0.0200873334890828,-0.1942655153847812,-0.0483647520543011,-0.0887780223564285,-0.01029843456815,-0.2040002131744168,-0.1934023791265833,-0.2064460634275583,-0.2174069421705873,-0.1867476700158846,-0.1240166748698558,0.0870811337908794,0.191720934594552,0.2599607206351753,-0.1164101280815874,-0.0972239681533947,0.1676445774729352,0.2332974491991697,-0.1383359544082299,-0.042705912633644,0.2168042151334444,0.1012410489562533,0.2162449809107773,0.2170310085532208,0.0027515601258954,-0.0395446549630301,0.2163209461844008,0.120633165150296,0.0471716672049299,-0.0247872763480934
POM_Q1,-0.0219844731409415,-0.0107691805406601,-0.0532968368038027,0.0007238620463409,-0.048827428219504,-0.2335944833369822,0.101921601392018,0.0804050353992554,-0.0459931680251196,-0.2361630136483496,0.0071515494362012,-0.0015172359762961,-0.0314444411106592,0.0087074053736282,0.0980590125444553,0.0312243832951521,-0.3262778407445634,0.1423442901365648,0.0839802140017185,-0.0595272546030283,-0.0017310371747734,0.0296378521807331,-0.0608824012578689,-0.2105100202271717,-0.0139229847222617,-0.0366447845321333,-0.1577099899596455,0.0654645877988342,0.2523158447082134,-0.429793713212468,0.1932823293365277,-0.4358945486394047,0.2324025083991069,-0.2232922026156163,-0.1897931754906502,-0.1638455119055771,0.3328585673953299,0.2647756079180896,-0.2887739903081595,-0.0017226192915946,-0.270624248670991,0.3181081110150046,-0.3705501519137409,0.1509923847698497,0.3203050943147341,-0.4341785213281308,0.2896070499072797,-0.3575857138928707,1.0,0.8420162447581451,0.7673110021539072,0.5786414970645037,-0.5339532671229739,0.6717840549976429,-0.5440599015651387,0.1942313330818544,-0.0560409455314438,0.1899807235170471,-0.3709753590323618,0.1949968089189987,-0.0963131258739106,0.0752139036487079,0.000507049159066,0.2338061736887367,-0.1219275230973341,0.2415330653281932,0.1050714195668191,-0.0090903021668988,0.0029580711966769,0.0870413792043394,0.0888499215045105,0.1506950314417391,0.0231766643946598,0.0962532048837619,-0.0270430976054917,0.1171306087078488,0.0858358229261301,0.0628098461198847,0.0913578536687448,0.0032304233586212,0.0847698588199,0.247966443272245,-0.0456880242836092,0.0553835054038323,0.1252458595446762,0.1163177399184913,0.0930342900114259,0.2009436480090879,0.112127815911051,0.6341732275922363,0.6563938778122084,0.6561736128187317,0.5473098063969041,0.4580502999044944,0.3304366671071871,-0.303524212596551,-0.3544816002460638,-0.3465813639440712,0.2700504260213779,0.227239937897436,-0.2540344889674858,-0.2985827325266642,0.2557430463225701,0.3163255933567925,-0.2152641227133621,-0.2070535786904095,-0.3086595067003264,-0.3040220702781075,0.2218019173635464,0.2169219874508226,-0.1235290043381233,-0.1600972843604562,0.2345227930124222,0.2762504538141785
POM_Q2,-0.0413661049335154,-0.0559211151421605,-0.0637217108654693,0.0227679372453938,-0.0475806394657952,-0.3200125238626655,0.1298485608775307,0.095293120703224,-0.0759749105260729,-0.2691895086425696,-0.0143853586814057,0.0455177671315778,0.0388971912076969,-0.0034466496216623,0.0429870225753486,0.0067992101981168,-0.3308165077754149,0.153320766319825,0.0293483933421779,-0.0587366926517381,-0.0106230745008026,0.0004585165226472,-0.0660966011965605,-0.1771587899475657,0.0031886550022833,-0.0193839863934031,-0.1454405732582839,0.0778102205198927,0.277293024245931,-0.4388172977715867,0.1772873911347866,-0.4031826484457986,0.2397035918047579,-0.1995812070630154,-0.1990282361494001,-0.181846547170418,0.3354273386685408,0.2495839546884164,-0.3160755188173032,0.0027594993576813,-0.24679542440694,0.3106723466295947,-0.3974593646171288,0.156652326565142,0.3095081095361386,-0.4380686564225525,0.3120725256550825,-0.3791517575644684,0.8420162447581451,1.0,0.7954003135900758,0.6788336812008517,-0.5396572132170591,0.6862744627611157,-0.6053334637054815,0.195953444646092,-0.0510500602134214,0.2092331160728788,-0.4215946941878487,0.1873835911976964,-0.0179757007250159,0.0601423816243046,-0.0009308422387192,0.2464134576990996,-0.0743515185080702,0.2572459688156112,0.1206343985664811,-0.0131695461554553,-0.0076663154636893,0.099203982342233,0.091228477174894,0.1106363464042697,0.0465411661069039,0.0965983561089997,-0.0185342327340432,0.0954264400853656,0.0399342747510737,0.0440952283784649,0.0950367577607179,-0.0509499949734939,0.0731527365948022,0.2178621184114176,-0.0929485646086105,-0.0195713902333278,0.1197548025314003,0.1320863524113239,0.1511851189707678,0.2273245589193299,0.0899963944617199,0.607107244210125,0.6373862370369489,0.6195571308620955,0.5331810855647663,0.4323016988805974,0.3225493161269989,-0.2752394924395209,-0.3755319091448026,-0.3703839133076267,0.2700394811503763,0.248411386060796,-0.2830108918718468,-0.2967445041631969,0.2793584554855239,0.2419453751690267,-0.2333680181232975,-0.1681832002103157,-0.281729146224168,-0.2955372644925674,0.222582488606669,0.2046415804419048,-0.1179147646629186,-0.2148489583747758,0.1974841804777231,0.2753403076802188
POM_Q3,-0.1000916152852234,-0.1135401260467272,-0.0536567540966492,0.0472281903266591,-0.0876300441448045,-0.2805986283347336,0.1940843339002142,0.0878869534556119,-0.1603490629446697,-0.2481426775605549,0.010512934872965,0.0678943885901198,0.0255663343789352,0.0820348773047055,0.093060913180786,0.0021686467322784,-0.3368436630525556,0.1627230896497278,0.0673393103360811,-0.0798091511970562,0.0245984060777882,-0.0699747544284806,-0.0543512237553595,-0.2233988344395545,-0.0712153752574927,0.0187920007097997,-0.2101647541133776,0.0491590386304145,0.2450790527055575,-0.4699458979563921,0.2159611609480711,-0.4527701499890107,0.239925606951192,-0.1686317989317195,-0.2178556950782267,-0.1575435091755068,0.2744511912561575,0.2244738705709538,-0.2690839450940563,0.0413589221630598,-0.1676088681702025,0.2448403685916775,-0.3890545303172957,0.1806781739191924,0.2589409307773532,-0.3973659477710652,0.3113271285557326,-0.3524789228675699,0.7673110021539072,0.7954003135900758,1.0,0.7266818812066546,-0.5511650816412614,0.7096316080131204,-0.5553087777515756,0.1847084657219062,-0.0137148094181163,0.2425826237851073,-0.3375655414340177,0.1542869000566775,-0.0694350460516383,-0.0260341049747908,-0.0558946941033289,0.2507316124469281,-0.055742587512387,0.2208721677502094,0.1444656774537047,-0.0248579495984174,0.0081806710651031,-0.0121240789796468,0.0896790513533164,0.1698732667110472,0.022367371561523,0.1763924759699872,-0.0586487669251449,0.0974736705718454,0.1245802585651499,0.0223319876803828,0.0669352192559145,-0.0377458564518255,0.0686047918967168,0.2015961077986669,-0.109501611101691,0.0558639210736008,0.1580306163235227,0.1729983618807379,0.1398775336534386,0.2429365482904186,0.0535883182603454,0.610335017012349,0.6785109334507166,0.6555460288107325,0.5751520975929962,0.400997861379756,0.2441497564029887,-0.2667610922705433,-0.374939066506424,-0.3237163105005833,0.2033507092900962,0.193430876474056,-0.2380141588957529,-0.3165133188927513,0.2590103842205388,0.2739476514348669,-0.2483426099663394,-0.1770851060713539,-0.307567707996277,-0.268603449427361,0.2363947006775059,0.2683487813933232,-0.1440333860696495,-0.2090185746295088,0.1969536950066875,0.2603916433514484
POM_Q4,-0.0900960006437745,-0.0975796042007081,-0.0623897135722708,0.0079307178301676,-0.0585396032895786,-0.2509907194130011,0.2361551347626768,0.0923018881303837,-0.1249858873378264,-0.1853358976054576,-0.0181200292165531,0.1203270881749649,0.0725854432981406,0.0616404451677937,0.1293761677120581,-0.0198926777001075,-0.2175927751863173,0.0683626641683611,0.067030874943948,-0.1272302596167032,0.0343428367383044,-0.053752657219487,-0.0469039977270452,-0.163590894839637,-0.1206211392388986,0.0028242158185825,-0.1801000078857199,0.0781970504623133,0.1961468731178329,-0.329359127314656,0.1027810729982192,-0.334721316265,0.235294009507746,-0.1262138910309432,-0.1134104839240032,-0.0673876266120568,0.2104034923414566,0.21338892087772,-0.2624317495174275,0.1084980183219226,-0.1328809451753857,0.1901091024118295,-0.351088419927318,0.1799911862192331,0.1769572390012119,-0.337249194573523,0.1859210673967828,-0.3156821262458598,0.5786414970645037,0.6788336812008517,0.7266818812066546,1.0,-0.5076436543086825,0.6832504499949698,-0.5465055747832919,0.0423666911250128,0.0070307945897646,0.2339418527395838,-0.2676455619326836,0.0605524806666413,0.0989459764687322,0.0422707512075333,-0.1010795914247488,0.3292323906556541,0.0113483760746831,0.151034211442811,0.0714038243333738,-0.0609818589714337,-0.0535818355251726,-0.0751858440541275,0.0955882249870842,0.0655200599960843,-0.0555785956683845,0.096325005547553,-0.065344040958437,-0.0614512092139457,0.066882537756758,-0.0141278621708873,0.0318183567971702,-0.1102076713607419,0.0655688273010762,0.1091658842817067,-0.0830371675844057,0.0207828350691159,-0.037499830995727,0.1315515446457903,0.128186649559049,0.2161657803039548,0.0131939963173028,0.4888456076081448,0.5492538037139665,0.5389236684565155,0.448366401883199,0.3360765330045519,0.1714514774425632,-0.2593982738443199,-0.3701242807410298,-0.2923811220830523,0.2084515022797764,0.1797534401358085,-0.2057056221337037,-0.2416252400812862,0.1802723947303723,0.1648279278529275,-0.2930378136003514,-0.1574659697087392,-0.2695337487984405,-0.193003221236923,0.1960199003085712,0.1865433982429847,0.0001153890629846,-0.2682826415207965,0.1582371767679881,0.2595137318875999
POM_Q5,0.1735800416984252,0.0354689479261903,0.0753150898202063,-0.0027693898802235,0.1584108016050322,0.307057904107439,-0.1417381593773787,-0.0266957268076258,0.0153576431339621,0.2776796106743674,-0.014609213783336,0.0046211505123831,0.0128853894332076,-0.0449364581465649,0.0191545276136574,0.0464303977649576,0.3242253254867501,0.0076920472219749,-0.0412826742987917,0.1296546657298965,0.0215957413177629,0.0721946325200831,0.1277617257574391,0.2194934724942406,0.0290986642522602,0.0868239588271528,0.2144959596546213,0.0553304292702365,-0.1217846559883966,0.3757022249476803,-0.0186876880289939,0.3580390615136236,-0.2518340653690414,0.2035694422793516,0.2604950899283749,0.1860086424053781,-0.1934814943003598,-0.1263611967904731,0.2775499622752825,-0.0790153996450157,0.1849845412594261,-0.1984987257981789,0.3718789893744746,-0.1778906899423331,-0.1607616801970672,0.4598299602472586,-0.1270073518537014,0.3430310601749501,-0.5339532671229739,-0.5396572132170591,-0.5511650816412614,-0.5076436543086825,1.0,-0.5934663398990878,0.5906908090036488,-0.0943522744113476,0.0176933686257679,-0.1573909479625823,0.4571889502663391,-0.1478660806965978,0.0517498858011241,-0.0666412317056575,0.1012962884419528,-0.2921942019148855,0.0688740536153165,-0.1235922534386082,-0.0888479528777898,0.0971390015671534,0.0440791919004574,-0.0215978943252273,-0.1277959576251466,-0.132452375809937,-0.0445250227683278,-0.0184885869691156,-0.0097355960860397,-0.0563297493201708,0.0383557179403261,-0.0626872817652104,-0.0786737038716153,0.0895173619001632,-0.0873388067847203,-0.1635168321830692,0.1021192447774862,-0.0547433360196804,-0.0588298011967781,-0.1351744122410209,-0.0989992822564924,-0.2339129722716852,-0.1053662976873051,-0.34347625422899,-0.381347797483656,-0.3592621670296388,-0.3777621933958398,-0.2962760391475391,-0.1878196168429773,0.3178249293384285,0.3589604685419583,0.3554822363446394,-0.1617764185282113,-0.1808380692796105,0.1948148499041694,0.36058248562933,-0.1584238245432429,-0.2172384497538274,0.3037082597516678,0.2247032672196821,0.4250450422499293,0.2842915032250309,-0.2267818372262124,-0.2574185084242267,0.0770063569410699,0.2468835991817552,-0.1317042530703564,-0.1607705827350904
POM_Q6,-0.1231454983096675,-0.0790729225733994,-0.09439835734164,-0.0255640020114059,-0.0459572494714102,-0.2976377223178548,0.1690842569868252,0.1019087085496081,0.0320192886452657,-0.3063381490657515,0.0816214687373315,-0.011264924395216,0.0013664318506312,0.0092837279183302,0.0889660614280462,0.0393271236523835,-0.3537718298976439,0.0458833265072937,0.1047195287336212,-0.0759405496321295,0.0646959354393791,0.0197179644165837,-0.0630302946544554,-0.2093143722082228,-0.017097570340603,0.0346998627502671,-0.1374975863153519,0.1236999777197394,0.278935732061828,-0.3384607598115456,0.1805937689056951,-0.3640329492689855,0.3097314298163978,-0.164333667297455,-0.2628939271521013,-0.1800211781964164,0.2863064421041112,0.1561499125608164,-0.3001633698039008,0.0335963477539614,-0.2263909568643252,0.3407515887160262,-0.3806315878303608,0.1397757714485887,0.2693853335986367,-0.3842323830701183,0.2487842293406144,-0.3784058294493042,0.6717840549976429,0.6862744627611157,0.7096316080131204,0.6832504499949698,-0.5934663398990878,1.0,-0.5945651884236549,0.1772992072309258,-0.047717318763759,0.2565073032324166,-0.3664367163038672,0.1404848696131478,0.0112877770138723,0.0837680010832441,-0.0584539999196166,0.3450001419721296,-0.0405942329897985,0.1733947512992985,0.1442625439020086,-0.0326575074163777,0.007833396954565,0.0252892804138348,0.1174952818662413,0.1024272916838425,0.011240152853809,0.1123429638942501,-0.0643955726220098,0.0740425600625846,0.0795061936121972,0.0607239665436749,0.1113633004173672,-0.0924875910503196,0.1193621462071297,0.2124933386628267,-0.0472891832835391,0.1072305237880064,0.0698235991580022,0.1849168827306098,0.1401092880085702,0.2226044747406937,0.1050361470357248,0.4978920173371768,0.5439690573074822,0.5278693362192622,0.5003728827402655,0.3596119055213203,0.2356600579907096,-0.2861311558432831,-0.3406005611758185,-0.3054643670289602,0.1841581458511288,0.1981621605226473,-0.2085726646142247,-0.3080020177247546,0.2374067673921094,0.1786345147314605,-0.2206410464914504,-0.1820935738297786,-0.2642638263773831,-0.2404551289775143,0.1924900365579151,0.1971714090261107,-0.1125164654749377,-0.1882363633961802,0.0833541796468373,0.1803302681123169
POM_Q7,0.1820494662889666,0.0610208136793666,0.082012165486365,0.0243827127808116,0.1051897696025712,0.4060837824152484,-0.1712577963451374,-0.0721012867174034,-0.0390804037426823,0.4008377245961048,-0.0139009264380686,-0.0581942920718847,-0.0649320007556538,-0.0101039347840054,-0.0353376699284956,0.0654846108788584,0.4298652669455629,-0.0806743816599903,-0.1743660085719472,0.1955339126307626,0.0514116004839197,0.0750741038406453,0.1297409866532018,0.3413291051908669,0.0697895341905371,0.08229408419528,0.1922239758245741,-0.1133349783467708,-0.1365626260471577,0.4310352767438571,-0.0596311479247604,0.5029917249680427,-0.3749584501415862,0.2202216748850902,0.2391084262440179,0.225891423468688,-0.2488666256867931,-0.1309637050387014,0.508620116811548,-0.1159629217405853,0.218009541840271,-0.2077449909236106,0.5367847621261873,-0.186268347442176,-0.3430911162202986,0.6324292222125576,-0.2187303098669785,0.5046413637040709,-0.5440599015651387,-0.6053334637054815,-0.5553087777515756,-0.5465055747832919,0.5906908090036488,-0.5945651884236549,1.0,-0.1374245064893351,0.0911812894162541,-0.2800191975931212,0.5779615849107143,-0.1801118731549584,-0.045433505661155,-0.0207985107748789,0.1576021713048275,-0.4478069561050403,0.0054445314164712,-0.1779785819192929,-0.1721746185666083,0.0379680758067936,0.0617986173886328,-0.0050679568648954,-0.1318390905253733,-0.0990861094135952,-0.0182929515002247,-0.1038857203543561,0.0021007240227689,-0.0307760408604537,-0.0228648546760852,0.0185155835432696,-0.1318375850342614,0.1594758766280013,-0.0747151455951379,-0.0949092811057753,0.1568278704617093,-0.0405102300521979,-0.027626630032124,-0.1779516722454008,-0.2209886703280561,-0.213494117182097,-0.0809137013665364,-0.3756789512963109,-0.4213393722048723,-0.3933137307236508,-0.3536764636212809,-0.2877559194652429,-0.1532661527867397,0.1484766125937855,0.2131185254900724,0.3325235738543678,-0.137999808543652,-0.1802357025544411,0.2451610314899786,0.2359122308749425,-0.1711674008900946,-0.086527757501491,0.2499210670971499,0.1261357066576891,0.2608292266056087,0.1620323885304594,-0.1770271685963433,-0.099388635642525,0.170935673755018,0.1611802845163402,-0.0532150087772694,-0.1121671198813702
BigFive_Q1,0.0571087938731902,0.1437561040644896,-0.0613319935896742,-0.1415779915929316,-0.0038999915001945,-0.0818729232551347,0.0141248868428107,0.1773656789543435,0.1902095913984975,-0.0480036319308138,0.2579595899231673,-0.1427487570891843,-0.1333829561596047,-0.0564489440095152,-0.026456475752064,0.2111147118829671,-0.101213182416123,-0.0407281484220894,0.1420770896215762,0.2264934817335049,0.133464832198846,0.1447924317896791,0.1405174902053554,-0.0950637913739148,0.1016844747798566,0.0314634076528326,0.060371160814072,0.125667643995862,0.1996143309889519,-0.0745420624654736,0.3741014960832355,-0.07119305982702,0.2898183077529349,0.0585843055477509,0.0061495114499987,-0.0563668365369362,0.3126246776256584,0.167796359842974,-0.096437774316923,0.0132263352979948,-0.0687501878076981,0.3545234360230566,-0.2125117360668416,0.0707321018726749,0.1287350076838364,-0.1497710728294213,0.3801797307103896,-0.1230804395165453,0.1942313330818544,0.195953444646092,0.1847084657219062,0.0423666911250128,-0.0943522744113476,0.1772992072309258,-0.1374245064893351,1.0,0.1530356683921067,0.07370196169542,-0.1984708361025715,0.2380538129504549,-0.5306791433650442,0.2172665200124849,0.0786419014615694,-0.0767784549142444,-0.2395870227010281,0.1275773429283365,0.235372696523622,-0.0883755345225172,0.2290172962402724,0.1530128738988475,-0.0873666611704165,0.2148252447838433,0.0953056190146561,0.2569173779174961,0.0170158150008319,0.4071200723392569,0.0344326160864199,0.184057146347646,0.2085659545285235,0.1898361183778465,0.1750294428510248,0.2576318429880967,0.0264875788395332,0.0617122667544328,0.0625893521904936,0.2691020517593105,0.0676704394649309,0.0844820337901396,0.2863793644695758,0.1942272770496018,0.1630710522758092,0.1751302721437674,0.1635926052540917,0.1261398576058024,0.5833576626403794,-0.178026862541283,-0.2139216730596839,-0.1916019324012887,0.3834112080025011,0.2965454468264575,-0.4940805506674911,-0.241257821173102,0.4916907190535613,0.2588807710918723,-0.1866538771155802,-0.1849685564243108,-0.1854959820591753,-0.1620977863159906,0.254468424447815,0.2031873111568825,-0.4530644724352468,-0.0646133454093848,0.2475740140099173,0.2175904326348006
BigFive_Q2,0.103763799494636,-0.0659861733428455,0.0987588893234097,0.1955296242319387,-0.0502819259416132,-0.0131831736741273,-0.0094451831589325,0.0463182154693573,-0.0164544397493821,-0.0876634773545926,-0.1624049340430627,0.0182967910862356,0.1328072582270883,0.0764999722074871,0.1870361818041039,0.0701913871065649,-0.0497478478413042,0.00632172120231,0.1488219648438422,-0.0314343808640152,0.1304146312813239,-0.1470873823179469,0.095471488243559,-0.0377025193425126,-0.066218054526037,0.0631992039876099,-0.147003011832124,-0.1542521200631689,0.0892249436592179,0.1068500007289998,0.1838833576817501,0.0837661469645825,0.0204244922949765,0.1063831327529447,0.0566982898960054,0.2300271078186412,0.0747069292086805,0.1960667779693222,0.1784831680546849,0.1831051721567746,0.0045272693254266,-0.0205137377784615,-0.0124435030197392,0.1883773205193105,-0.0756469210534245,0.0054818213451811,0.0582471718575832,-0.0416576382746711,-0.0560409455314438,-0.0510500602134214,-0.0137148094181163,0.0070307945897646,0.0176933686257679,-0.047717318763759,0.0911812894162541,0.1530356683921067,1.0,-0.0017463124877311,0.095526875788503,0.0971332094779379,-0.2626791031911952,-0.1836694034272903,0.1015316999116163,-0.2731160499799792,-0.0710408940382288,-0.1548157532945758,-0.0449519858916023,-0.4085933447722074,-0.0552946126606188,-0.1120254393325989,-0.0353918143223503,0.0192807637033283,-0.1435286401071027,0.0803360148224693,-0.1320018623786224,0.1115911322306298,-0.0017571045245809,-0.1548872294546306,-0.0459000916120277,0.133026475210392,-0.1543317462604294,0.2531049277720681,-0.1387390365470784,-0.0894444312041335,-0.0153594166361122,0.1946701375599166,0.0765755700874128,0.0519066872281367,-0.0339248679707446,0.0935270417660931,0.0813090030071539,0.085345091742478,0.062892826337833,0.0484246460376553,0.0119011801534676,0.019850707972901,-0.0360772708504306,-0.0090371920533241,-0.0425821062993417,-0.0394405790286831,-0.0773129325186368,-0.0161335293368649,0.0030058248780338,-0.0714838957181889,-0.0846664984947577,0.0509429764169348,-0.0236645313508027,0.0595346882622635,-0.0164802799549556,-0.0049088424073335,-0.0445253700849607,-0.0386906229594648,-0.0065987412500903,-0.0328323186680776
BigFive_Q3,-0.1914131220177986,-0.045418679521316,-0.0441152553185405,0.0177518467619689,-0.126168483153691,-0.2097323217846291,0.161601754518987,0.0288256041451084,-0.0707706941486057,-0.1726417449441611,-0.0180770501464964,0.0617088831146872,0.1126106151738982,-0.0248622959197563,-0.019954343485332,0.0496600655734295,-0.288508630628974,0.055324052983583,0.2495146321272991,-0.0838420756010552,-0.0089229491120565,-0.1855206520603462,-0.0995516009212738,-0.2397408098584774,0.0872075484055735,-0.0402248801780488,-0.0910027366248765,0.0474151407473408,0.1608679728029855,-0.1064602958738134,0.0854788069347256,-0.1959372984207719,0.3473831828399163,-0.1391331356015851,-0.1908179715137911,-0.0148590867617663,0.1980032108521123,0.1635160780614569,-0.1891048961250432,0.2040180913803064,-0.2081053743874008,0.2081265836849681,-0.1961980265021947,0.3770237145614826,0.4999949783487719,-0.2351868342374699,0.384364659441926,-0.0820232100148468,0.1899807235170471,0.2092331160728788,0.2425826237851073,0.2339418527395838,-0.1573909479625823,0.2565073032324166,-0.2800191975931212,0.07370196169542,-0.0017463124877311,1.0,-0.1791777225008906,0.0999982086539301,0.0733819390469216,-0.0647371975806488,-0.4184260928960196,0.1997138237175943,-0.0611523676879274,0.1653409721478113,0.1132443521925428,-0.0039660065061377,-0.027126795723451,-0.0841680240432848,0.1677113209280037,0.0077332809247307,0.0741120343122192,0.0393619401992896,0.070739988633967,0.0466402661379524,0.0634600147371026,0.0352349028133533,0.060995852282577,-0.0664368146232781,-0.0403279651505418,0.2286628110846154,-0.0091096244347717,-0.041178185747933,0.1097450451945836,0.2271600249595412,0.1622827721471389,0.2184148892899197,-0.0357093658628173,0.2993838056027525,0.2911036912365233,0.2284666657927111,0.1970573095590841,0.2051617614459251,0.1293179058814552,-0.0799713079523558,-0.1004216846049328,-0.1917475033598585,0.1281478248605644,0.1307065228537887,-0.1460687106130432,-0.1106377644833899,0.1793374862246977,0.1547086832994157,-0.157502671483875,-0.1566274342624501,-0.1483700455757036,-0.1004946423704471,0.0876667625943246,0.155198890676767,-0.1351296758157606,0.0175172183749454,0.0531740657197774,0.084164821733751
BigFive_Q4,0.1363904973209603,0.0798872974317145,-0.0264807287812917,0.0058006132716819,0.2006580534711562,0.5857621521757552,-0.1848447387687415,-0.058278353180613,0.0422490027710926,0.4127787674612306,0.0588441477659224,-0.0366760042332126,-0.1183322681570029,-0.080440050764011,0.0406591436395187,0.1242622272679766,0.5039524672965938,-0.1198452496615809,-0.2589538935652017,0.1748618690643656,-0.01070089789441,0.1377762314537697,0.1952509780099393,0.2760101194563852,0.1116338991267418,0.1268155043560792,0.2447765412994133,0.0177285065302361,-0.162455013116677,0.4754003584593978,-0.0582479434478964,0.4645817423125534,-0.3115898463377104,0.3098702750084464,0.2185397326634829,0.1585493112987461,-0.1910916990779309,-0.1691121835103649,0.4539061008077319,-0.0571547029756894,0.2646455260822145,-0.1769088991951417,0.576702314943238,-0.2322902873250003,-0.2289950488866494,0.5818198943433982,-0.1905023545582956,0.3797421316471169,-0.3709753590323618,-0.4215946941878487,-0.3375655414340177,-0.2676455619326836,0.4571889502663391,-0.3664367163038672,0.5779615849107143,-0.1984708361025715,0.095526875788503,-0.1791777225008906,1.0,-0.1823865203325246,0.1292077847712115,0.04554672053461,0.1382648827214679,-0.3608965466135977,0.1387502253471167,-0.0459416995840876,-0.056853974069818,0.1003746183535446,0.1103224448956698,0.1245589783893805,-0.0853541817178824,-0.1715278995443524,-0.021429107617177,-0.0227283489905465,0.0630467156627929,-0.089878232519565,-0.1001413022000949,0.0557525806859097,-0.113936083591225,0.0719176558849726,0.0143903177650277,-0.1477104546348203,0.1376849193542469,0.0309411501598588,-0.1187303043041712,-0.1386756770449465,-0.1616527937429672,-0.1799901026717689,0.0659161444717077,-0.2888213696754803,-0.2905537164133506,-0.2866153396843438,-0.2242786521912363,-0.212846744348573,-0.2137734863989924,0.2658264378771441,0.2497270718781191,0.354142300017639,-0.2334833946104752,-0.1549567613262253,0.2088831011583853,0.2159112105474522,-0.1747517680522467,-0.1603840456066605,0.2162217943774189,0.0956488014207038,0.2303410888988819,0.1645531239995578,-0.177323325218828,-0.1336345196994202,0.1980137377917036,0.1318703554636372,-0.0618026718379172,-0.1189091776710583
BigFive_Q5,0.0986500729437398,-0.0148704264207525,-0.0591502892053684,-0.035909101699645,-0.1868416846405735,-0.1098548210756175,0.0790946075386292,0.1884575908495097,0.003001894321037,-0.1345815250465074,0.0320089011629553,-0.0166158948342924,0.0765387231044393,-0.0579515923123965,-0.1371973292422471,-0.0164042594055091,-0.1619313491555211,0.0010305286145484,0.1149240753728206,0.0539225488625125,0.1290746390090563,-0.0042773575760881,-0.1109483422913931,-0.2160596074003554,0.0236033378410663,-0.0856739020982133,-0.0375454305613698,0.1573656000335144,0.3546079225881513,-0.0955310482443331,0.3230485607581713,-0.088360013376137,0.2561356204762204,0.0019869117352753,0.041988718356705,0.0024970692547832,0.2782495739215317,0.1915340483510318,-0.046194802916699,0.181011168661091,-0.031460814971691,0.2036617122222103,-0.1509619266276737,0.0959776229682234,0.2078459529674242,-0.1816184767538951,0.350225815781279,-0.077768324458448,0.1949968089189987,0.1873835911976964,0.1542869000566775,0.0605524806666413,-0.1478660806965978,0.1404848696131478,-0.1801118731549584,0.2380538129504549,0.0971332094779379,0.0999982086539301,-0.1823865203325246,1.0,-0.2158787534356262,0.0084781833682059,0.0753568397719479,-0.0311152317719964,-0.426150825889905,0.0423551465589619,0.0987563213758085,-0.1670738156073894,-0.0113070346168422,0.0967270930337702,0.0411291706245551,0.0726047436905816,-0.0965066793320248,0.0365012914695183,-0.1035637943113854,0.1889308686140107,0.1203236887880378,-0.0767225417336344,0.0574358557928826,0.2990126708661006,0.0278909348076079,0.2192762584261939,0.0003528664178491,-0.0666885425869144,0.1546421010160514,0.1669710229830566,0.0075169831686383,0.0539840166703959,-0.0253526249143414,0.1901364967509986,0.1830893223909271,0.1640080435534118,0.0785636473058046,0.0049112808744973,0.1947799207540429,-0.0762956743366895,-0.0237333570379615,-0.1274487561093944,0.1489276768938698,0.1734686495336406,-0.0905886598772144,-0.1390425180794195,0.2200702295881531,0.1008669471156234,-0.1206191144033647,-0.0954172901313123,-0.15906610363339,-0.0963081225920526,0.1605315142567744,0.032082745556083,-0.1759536158577091,-0.086239428658425,0.1373307550597505,0.1227587798677859
BigFive_Q6,-0.0897713977453108,-0.0859732157977882,0.0572730987314725,-0.0271050117515995,0.0295384063110907,0.0370602146170462,0.0150755570374018,-0.0857305314457187,-0.0651233024603906,0.0268889309045558,-0.0453559836024022,0.1131767187422864,0.118281040386674,0.0317376549000183,0.0348377493203305,0.0531766318277585,0.1166311466725272,0.040820101212034,-0.0649676476991921,-0.0573295308553541,-0.0794095683542473,0.1105570604462378,0.0614808651357444,0.0575944473505326,-0.0151935205198886,0.0441219992295095,0.008904697906711,0.0309571784138437,-0.0972266829622211,0.0749550049427128,-0.1965564287641732,0.0745974436551078,-0.1084937280408308,0.0379424119806726,0.0074559950227924,0.0204514857409595,-0.1473937059913959,-0.1296243562469723,-0.0292975029996067,0.0485715509171976,0.1423332287344618,-0.0654426891202242,0.1390564888146258,-0.0689831173906129,0.0182338704142727,0.1350429188982376,-0.2503027876672216,0.1304382173839618,-0.0963131258739106,-0.0179757007250159,-0.0694350460516383,0.0989459764687322,0.0517498858011241,0.0112877770138723,-0.045433505661155,-0.5306791433650442,-0.2626791031911952,0.0733819390469216,0.1292077847712115,-0.2158787534356262,1.0,-0.0137173122275419,-0.1315849646466336,0.2983822765152533,0.4099262083022881,0.0481397706029562,-0.0198506725065854,0.2283928449703386,0.0235637122040808,0.0387728462925939,0.088214174257385,-0.1489447574980466,0.0036964069834233,-0.1047251165058633,0.0723615467605364,-0.3632762340201196,-0.1111338193710714,-0.0638058477443855,-0.0448858111073943,-0.1944077081333381,0.0085131799425851,-0.2802747096067566,0.048164041751181,-0.047718452310294,-0.152420636798224,-0.2781616798883023,0.0118879759218063,-0.1069838472397147,-0.0616735909579049,-0.059672268807127,-0.0236316546854532,-0.0602945906655802,-0.0950455963270844,-0.0505089405748854,-0.3435592379120507,0.1558380668245796,0.1776361956881984,0.1382860777227589,-0.2522338828533615,-0.2660532079797023,0.2676879100692931,0.1520826338731071,-0.2390252586516429,-0.2164009832076982,0.1660366279702308,0.1742191096546561,0.1799555854837778,0.1714759469411686,-0.2448579022297933,-0.1633141860955102,0.4145584634267298,0.071821258477704,-0.2261766478842338,-0.2055369091883478
BigFive_Q7,0.0668546746077285,0.6588252155618707,-0.2717601605883076,-0.4028187336561311,0.2510425754344489,0.1534324507484854,-0.149195955730232,0.1209540071791926,0.4602746886618818,0.1476966658836306,0.2844787135105071,-0.1425688931217456,-0.2237850477504643,-0.3069247356441302,-0.139942517040153,0.1866117195158296,0.1655044480560943,-0.3623935560016939,-0.0940083813006861,0.4447792223042743,0.1230402957995031,0.507312338914583,0.1868746639262279,0.091358243655735,0.4032180642146274,0.0008366449596781,0.2763661175256697,0.2228812665251064,0.008912039675726,0.1368992350065584,0.0771792653913476,0.0531111505352429,0.0860917017510258,0.2626054990264185,-0.0008619189212178,-0.2455361991540168,0.0923148495435154,-0.1023469269826209,-0.0397936281462233,-0.0995455223827015,0.0728185790362947,0.2310958832304394,1.9149251760272662e-16,-0.2207260302287169,0.016490290775465,-0.0007035155512265,0.0826779768795144,0.024501299348767,0.0752139036487079,0.0601423816243046,-0.0260341049747908,0.0422707512075333,-0.0666412317056575,0.0837680010832441,-0.0207985107748789,0.2172665200124849,-0.1836694034272903,-0.0647371975806488,0.04554672053461,0.0084781833682059,-0.0137173122275419,1.0,0.0464798419901208,0.0431132347808534,-0.0667048628406163,0.1665152899337816,0.1401640203150568,0.1193917478718644,0.3913105891989174,0.3827123277438082,-0.0689490961847331,-0.0022997210349744,-0.0190138084798225,-0.0296963550946703,0.2047456517521274,0.0855155928826327,-0.2238447350057086,0.4504424546650212,0.2121605254488639,0.0978761167047291,0.3464952718139225,-0.1138674336909759,0.1775146806443725,0.1803269855135898,-0.1791504349426,-0.0112477056065207,-0.1414812883053904,0.0187037204799652,0.3327535768554435,0.0218237021900656,-0.0466881913082325,-0.0121338344451047,0.0114309473655397,-0.0074755356154891,0.2332755411512515,-0.1039473990029411,-0.1249471337162687,-0.0265129303404801,0.2009256310964402,0.150079006983027,-0.1869704561624952,-0.1385327819647017,0.2312981940371879,0.0995651613131363,-0.0425891852591455,-0.1783878361079607,-0.118004112073704,-0.0859818050482749,0.0814342974839111,0.1613509056194789,0.0909263171930755,-0.0936827222658033,0.217092074779259,0.2052370818033098
BigFive_Q8,0.2560809064516507,0.0612664901392341,0.0964381266651886,-0.0288725715415792,0.1946094562183039,0.200717156096405,-0.1569703774683113,-0.1156080103025531,-0.0216313081826284,0.0783791926618007,0.0264534915948259,-0.0206909798613405,-0.1403341944384138,0.0263515437359729,0.023939091751215,0.0424783497870863,0.2392221520712834,-0.0008867367656554,-0.1811087621414929,0.0785784583049747,-0.0732420743174678,0.2723313356937643,0.1517768998173282,0.1858459132079706,0.0570474410696072,0.1028194776797448,0.1493426002213854,0.0236589874974533,-0.0227008484669154,0.138239378358,0.1459064467463139,0.1700665660060253,-0.2261374500101262,0.2619998796042149,0.2220692431701865,0.0842740922411267,0.0146824716769436,0.0040879269102446,0.2111318885399824,-0.2717781929132189,0.1970857406542265,0.0194167093209668,0.1909429526029065,-0.2975494501420632,-0.2783336741873239,0.173992969773797,-0.1371743779411587,0.0712029411020288,0.000507049159066,-0.0009308422387192,-0.0558946941033289,-0.1010795914247488,0.1012962884419528,-0.0584539999196166,0.1576021713048275,0.0786419014615694,0.1015316999116163,-0.4184260928960196,0.1382648827214679,0.0753568397719479,-0.1315849646466336,0.0464798419901208,1.0,-0.2072708820302968,0.0777517810652668,-0.0258941646556556,-0.0346430982293277,0.0474583811230078,0.0258547221177984,0.0720236504130808,-0.1227742069052635,0.0114062570668413,-0.0338038506294507,-0.0441230020504573,-0.0617639101302062,0.0558974314968384,-0.0560435938866543,-0.0318955645933028,0.018194035587017,0.2266863592555314,0.0911258778832934,-0.0326575911731019,0.0040476871117645,-0.0376972517872052,-0.0206314250305913,-0.1101192995271988,-0.0309833158739926,-0.1585202587263934,-0.0056690394145542,-0.0868681532807259,-0.055224010726767,-0.074421316669138,-0.0930619130928041,-0.0671357381204414,0.0868793554715911,0.0214499923747734,0.0503338861996943,0.1095013624502295,-0.0160866508510995,-0.0190778725475526,0.026609240124609,0.0743351978270137,-0.0166276857572517,-0.0365541443634681,0.137480921612156,0.1152500521492063,0.1276413690884602,0.0286738379521403,-0.0453472109309918,-0.1549932062768731,0.1050851865134946,0.0227833460917161,-0.0874689743956736,-0.0917215512832835
BigFive_Q9,-0.1652066445108125,-0.0309197899863342,-0.1259124648388332,-0.0501169825170275,-0.1028667505082871,-0.263935085514645,0.1490106646458402,0.1817323395334296,-0.0471101797374438,-0.2076377808478424,0.0819080204902352,0.0568525503150137,0.2243422734224542,0.1182494340328513,0.0101695598969233,-0.0512488943168996,-0.2284417589482891,0.1022110000202936,0.1265833944614396,-0.203511902603785,0.0414170370255903,-0.0523175924283576,-0.0924373412346229,-0.2459884353423319,0.0159176425249082,0.0148512736318502,-0.0655398454325931,0.2259476796530865,0.1018604991021888,-0.353456458262718,-0.0988570649183332,-0.3158656984900608,0.191042386924796,-0.2803747713740606,-0.2082810722055365,-0.1339088970754816,0.0424733128614963,-0.0226211815910027,-0.416135687456916,0.029417912658072,-0.0886782493736264,0.0896015830588055,-0.2406426455233283,0.0746576456571283,0.1880647102176821,-0.2358335514209864,0.0072877382222889,-0.2503504583983219,0.2338061736887367,0.2464134576990996,0.2507316124469281,0.3292323906556541,-0.2921942019148855,0.3450001419721296,-0.4478069561050403,-0.0767784549142444,-0.2731160499799792,0.1997138237175943,-0.3608965466135977,-0.0311152317719964,0.2983822765152533,0.0431132347808534,-0.2072708820302968,1.0,0.1642154461018012,0.1095109380262063,0.1453234380223995,0.1465406742470496,-0.0039004831346656,-0.0134068508747812,0.0452383585842362,0.0553139534411121,0.0776764083850131,0.0512982284647728,-0.0352440072731271,-0.0619979600015087,0.0962445244245094,0.0497581663046595,0.0639351893528523,-0.1241160468620376,0.0579617867445489,0.0036628901302896,-0.0744759513077828,0.0393443019438001,0.0529204746624705,-0.0669846442010342,-0.0614905504190694,0.0917279650636831,0.0867872566117742,0.1382274674548365,0.1785275757390295,0.1381509584644643,0.1054817449057555,0.1016772807046901,-0.0168589760744027,-0.0521533911034469,-0.0386508503906691,-0.1840799900697343,0.0539323113896034,0.0488011715429448,-0.0309387164515886,-0.0395727915669122,0.1414998293632288,0.0865769043824844,-0.1170299050520864,-0.0682896229110954,-0.0300966105668145,-0.0462335731561613,0.0555646071078158,0.0298095916790491,0.053590268069502,-0.0118846749533723,-0.0653441307099005,-0.0226205650564064
BigFive_Q10,-0.1214368316238834,-0.0652351996249853,0.0682169820366007,0.0701859089015456,0.0353728073251398,0.0953868387404284,0.0159234771684229,-0.0905311725938365,-0.0093042099520716,0.039491426902868,0.0384127986864856,0.056770648080994,0.0010578713695882,0.1650888815852583,0.0906941419524364,0.0431950041860263,0.0871782266959446,0.0793792047434082,-0.1878390757192884,-0.0938609962678093,-0.0151969572515878,0.1146327771168427,0.1224348386000812,0.1434918585626978,-0.0237806529358165,0.0516496248190293,0.0864188598722506,-0.0113981587850957,-0.2491761010280659,0.0344724060301344,-0.2418005377578493,0.019498354684724,-0.1431325060237949,0.0521468099657064,0.0168891469711459,0.0456570789464372,-0.1583823321797023,-0.16506119319921,0.0072076404429008,-0.1396775347732959,0.1062052752884167,-0.0916992174954494,0.1538426907912664,-0.1829149547148041,-0.126643877246893,0.1581599333131716,-0.270365536398506,0.0516235026685943,-0.1219275230973341,-0.0743515185080702,-0.055742587512387,0.0113483760746831,0.0688740536153165,-0.0405942329897985,0.0054445314164712,-0.2395870227010281,-0.0710408940382288,-0.0611523676879274,0.1387502253471167,-0.426150825889905,0.4099262083022881,-0.0667048628406163,0.0777517810652668,0.1642154461018012,1.0,-0.0125795580631721,-0.0137714635849997,0.2080426439457324,0.0672791922420512,-0.0064382417493518,-0.0763558447002035,-0.1111544676309713,0.0728487187093794,-0.1399368014926358,0.1219153976985986,-0.2287221030870695,0.0175365119450083,0.0192199674662364,0.0636945136883923,-0.3422384372315746,0.0041501842729908,-0.3281533334976551,0.0763419991221359,0.0459236115165633,-0.1374015652611297,-0.2575853161460686,0.0062920092125005,-0.1022591693827783,0.1061481235283923,-0.1058582979275579,-0.0544973225947455,-0.0687204004052441,-0.0861812077467777,-0.0566197267953871,-0.2286391689034848,0.1658017483832643,0.1192695595314096,0.1648828489291894,-0.1842534676162614,-0.1820146921747377,0.1300921910348044,0.1428980144602528,-0.1650547423681665,-0.2101394075210768,0.1040534125924836,0.0939644547241893,0.2088176432908368,0.1647981471181173,-0.1821927941787114,-0.1427838373414068,0.192776391351426,0.1046309908830576,-0.167544399201646,-0.2325620889854567
SelfConst_Q1,0.0274023544222591,0.0092230037324284,-0.1549931933940803,-0.1930979950402358,0.0494494889035408,-0.0233604543169952,-0.032808432699631,0.0461703752754075,0.1126806284641123,0.0447745758489233,0.1845477045398054,-0.0678077695228911,-0.1510298233745954,0.0169833767766066,-0.0378096675165732,0.1401595752247955,0.0242985000748717,0.0051624393683744,-0.0522424459374689,0.1178688534723551,0.0609474213891397,0.1381168270711157,0.1107671830080412,0.0063225041585211,0.0739839124188499,0.1422529308251147,0.1793947680050473,0.1840848047162991,0.2116731498015504,-0.1218185296329411,0.2195597626480607,-0.2008710074524922,0.0651803458351974,-0.014541511266518,-0.0565925919893093,-0.0591904915241074,0.1611323088112577,0.0692621975698771,-0.1630261679033547,-0.0103996243866239,0.0158910818127509,0.2260102349710917,-0.10115662403672,-0.1175141888877089,0.2133455308288067,-0.1168858720725269,0.1454675212851938,-0.0759132513722378,0.2415330653281932,0.2572459688156112,0.2208721677502094,0.151034211442811,-0.1235922534386082,0.1733947512992985,-0.1779785819192929,0.1275773429283365,-0.1548157532945758,0.1653409721478113,-0.0459416995840876,0.0423551465589619,0.0481397706029562,0.1665152899337816,-0.0258941646556556,0.1095109380262063,-0.0125795580631721,1.0,0.3732618256501924,0.0975383246177774,0.1453471186430256,0.1123429704243142,-0.1104144228889783,-0.0465858580723547,0.1050162126477,0.2381777560743183,0.0792343747067899,0.0861781755792326,0.1005307590428768,0.1964039104843847,0.1525243148761289,0.0715167650486847,0.09773937691697,0.0787647808595834,0.0644584265284628,0.036348311934199,0.0251639926568894,-0.0055326594822148,0.0223048539993216,-0.0128693491875635,0.1679675631954329,0.1471382839440005,0.1554604410683293,0.1848328758382125,0.1268402947591724,0.0733669094237403,0.0926383353081889,0.0303336226248413,-0.0240113654671364,-0.0663118489460215,0.091893089314488,0.0944647666351977,-0.1174747686588085,-0.0274648172063848,0.0975500547875268,0.1332245680704557,-0.0762595587500895,-0.1749316546221688,-0.0157646403620568,-0.0638710874526176,-0.1099573751241059,0.0422794784942799,-0.0532119037650347,-0.0016524689878827,0.02237561993334,0.0695454801808567
SelfConst_Q2,-0.0487309216449027,0.0275139918974692,-0.1652010722838931,-0.1667615382222258,0.010630274209048,0.0295029932570704,0.0479505456233682,0.1306063592122736,0.1487883831778876,-0.0318533308485875,0.0842229779063317,-0.0993843201418663,0.0022804460119381,0.0422461511171294,0.0274771590753608,0.0753576315673323,-0.024609815704652,-0.0392075688701073,0.0265679090414243,0.1162555631576912,0.1340429013326927,0.096567362719821,0.0533987294381141,-0.0745543080212011,0.0740259554939636,0.0141709274956362,-0.0460999867120214,0.0819440590333935,0.1332073787515955,-0.110456845084069,0.2366190447628205,-0.1055380462894261,0.2633270078726646,0.0769976734101913,-0.1075107194093116,-0.0402571061104682,0.2019091913731377,0.1235632958654048,-0.1827897701849003,0.0997927793536638,0.031634723972203,0.3321492561944564,-0.0944102975412203,0.066596099180648,0.1896182440745073,-0.0671423769321312,0.2406724161105308,-0.0815776685530248,0.1050714195668191,0.1206343985664811,0.1444656774537047,0.0714038243333738,-0.0888479528777898,0.1442625439020086,-0.1721746185666083,0.235372696523622,-0.0449519858916023,0.1132443521925428,-0.056853974069818,0.0987563213758085,-0.0198506725065854,0.1401640203150568,-0.0346430982293277,0.1453234380223995,-0.0137714635849997,0.3732618256501924,1.0,0.1170131073440853,0.2498135402784996,0.1769366745462311,-0.0231638054413478,0.0328069103926941,0.129029182220186,0.4394581222462999,0.1414699175828604,0.2743539645595048,0.0925222995673355,0.2179246428759791,0.25619487222733,0.0264078935792158,0.0841278213555179,0.1443390043691106,0.022307100401959,0.164075415984443,0.0824399102314856,0.099144534403455,0.0590815147944365,-0.0011889640787308,0.3114649955828305,0.1121775984428827,0.1282590594957458,0.1006063019791284,0.111786051614782,0.0317422778104516,0.1041838372962304,-0.0411654011713154,-0.0644789989569232,-0.0883898211512803,0.1263100335958013,0.2082375803084294,-0.1921104790182737,-0.0859699556055598,0.1009974042834326,0.1216718328666837,-0.1153261527758695,-0.1538734071088099,-0.0607639731442101,-0.021608499425323,0.0294087171466132,0.0981958329247022,-0.185167491499646,-0.0765822722947456,0.0482088913781715,0.0983023458653087
SelfConst_Q3,0.0527415040650814,0.1248367515796534,-0.051307903978461,-0.0658352572005981,0.2082663127017842,0.1814192295329325,-0.0826211890821831,-0.0778640928224292,0.0107519631742763,0.1838762953607191,0.1508993906925742,-0.1209970422725248,-0.0714783577847653,0.0135294575910236,-0.1617704481287323,0.060650904474472,0.1735330466093185,-0.0804525298694143,-0.0793496978890602,0.1508098007176769,-0.0330971809176614,0.2483416848277533,0.0435556785354062,0.094412292975561,0.1358281232197662,0.1525706267459344,0.1546839930188091,0.2322870792478321,-0.0935445526946451,0.0927330075755518,-0.0726368399719298,0.0463414005081954,-0.1012006204105759,0.064205267684463,0.0455873608919255,-0.0323131491541133,0.0017425913837957,-0.1874882269210248,0.0431975964060078,-0.0658865989214198,0.1146667314865262,0.031114118774038,0.1815210450675679,-0.1800112772236628,-0.0067349842077138,0.1665081173043596,-0.0844185945825982,0.1504363097849819,-0.0090903021668988,-0.0131695461554553,-0.0248579495984174,-0.0609818589714337,0.0971390015671534,-0.0326575074163777,0.0379680758067936,-0.0883755345225172,-0.4085933447722074,-0.0039660065061377,0.1003746183535446,-0.1670738156073894,0.2283928449703386,0.1193917478718644,0.0474583811230078,0.1465406742470496,0.2080426439457324,0.0975383246177774,0.1170131073440853,1.0,0.2763337803745792,0.2054097594530831,-0.1118526004668906,-0.1206942424892268,0.245026450953418,-0.055733900034074,0.2075253116335895,-0.1520823454707666,-0.0773822288442824,0.2261086798555032,0.0758703492208993,-0.027632770746239,0.1987440630620119,-0.1945197570426903,0.2494659736875544,0.1879659811595042,-0.0819102434926378,-0.1984168803564009,-0.1124687731791322,-0.1904852159083209,0.1533043552461104,-0.0672370015457717,-0.0629258741956925,-0.0179396887426597,-0.0918504398926031,-0.0433067658211012,-0.0711667102891093,0.1014186546723469,0.0659669764252322,0.165046423522107,0.0172203241945148,-0.0164451198893754,0.0690816021759677,0.088340734524882,-0.0541289495996812,0.0293688213155572,0.1719077517022018,-0.0140601947090619,0.1447436414289902,0.09194557714357,-0.0711478841089279,0.0600028912628972,0.1545132627012188,0.0916110704646428,-0.0386871646055541,0.0255558455801057
SelfConst_Q4,0.0434962953630682,0.3277961166320339,-0.0716748792729745,-0.2143696062747445,0.1366857716611266,0.2193374246881401,-0.0564158383804267,0.0834014058742184,0.3539893586601845,0.3118973780605317,0.1867121832192677,0.02962963238747,-0.1728988368751061,-0.1912462783164149,-0.0576938932713039,0.1984777194623179,0.1783317769766594,-0.0551792464963283,-0.1433319294130256,0.3001716661240304,0.0775068358388808,0.4143752462802061,0.1988782159075753,0.1877875071148428,0.2922662920905394,0.0268326344144983,0.215427397448728,0.2197247292444982,0.0126249514310565,0.1351698927478463,0.2130140312715141,0.0417579119567962,0.0646957980668648,0.2740755937294784,0.0816536308704331,-0.0802900906533741,0.1600603156800634,-0.0246254142941068,0.0075109674908545,-0.0906511655228803,0.1604030482833867,0.267550736088129,0.1091986934081285,-0.2125650770744107,-0.008333992889402,0.1392294523341681,0.0542439809019372,0.1165512607174616,0.0029580711966769,-0.0076663154636893,0.0081806710651031,-0.0535818355251726,0.0440791919004574,0.007833396954565,0.0617986173886328,0.2290172962402724,-0.0552946126606188,-0.027126795723451,0.1103224448956698,-0.0113070346168422,0.0235637122040808,0.3913105891989174,0.0258547221177984,-0.0039004831346656,0.0672791922420512,0.1453471186430256,0.2498135402784996,0.2763337803745792,1.0,0.5226453674022831,-0.0336000268899102,-0.0286042911998748,0.093117699557766,0.0681528153489081,0.3172289570290959,0.0853923308427139,-0.1879073843794886,0.4512882774931674,0.2691007745383097,0.1275542260458382,0.5117618956678452,-0.0997965815850654,0.2599383626378955,0.1242150600770718,-0.2001960879934443,-0.0871770861320864,-0.1013214288617579,-0.055703455479587,0.4737499984322793,0.0620133213714597,0.0596564651945604,0.0603008783618217,0.0468038442340316,0.0364397562300865,0.1860409343969722,0.0618789844583532,0.0529723420513823,0.0487793509719842,0.1996814595812306,0.1361304449900538,-0.2584506905220222,-0.1275454491752899,0.2723290772407169,0.062350323741358,0.0868386782137867,-0.1734242507327502,-0.1094266092577344,-0.0095927644650007,0.0622824329028977,0.1692672158335301,0.0499399660374279,0.002187089395193,0.0833773744286644,0.1498964372667413
SelfConst_Q5,0.1148658781442739,0.2530417590571601,-0.1599520456428649,-0.2041716798182273,0.1246912391251172,0.1390629420337877,-0.1365503526195659,0.0845688007403986,0.3160671691694247,0.1826598468793394,0.1376870002896991,-0.049445951145175,-0.0859888705727938,-0.2243643313480911,-0.165061606934613,0.0841269085106351,0.1061705264480044,-0.0760639747137862,-0.2303784564710068,0.3019129438094733,0.0768284987036407,0.3490547020355162,0.0604766139767319,0.0998862568393957,0.2780202897758751,0.0124939890640727,0.2006144604745342,0.1184861792182803,-0.0511874724981755,0.0847319737844001,0.0285597432117357,-0.0191602206444001,0.0354332557426004,0.174235074447323,0.0425746847024018,-0.13960243206614,0.0977812894187934,-0.1301427910368908,0.0053221293654948,-0.2060669364263546,0.1262333689682145,0.1168598196060567,0.0522544479055039,-0.221988039796319,-0.0253145104684935,0.0319585336134254,0.0347123384903669,-0.0001705774989336,0.0870413792043394,0.099203982342233,-0.0121240789796468,-0.0751858440541275,-0.0215978943252273,0.0252892804138348,-0.0050679568648954,0.1530128738988475,-0.1120254393325989,-0.0841680240432848,0.1245589783893805,0.0967270930337702,0.0387728462925939,0.3827123277438082,0.0720236504130808,-0.0134068508747812,-0.0064382417493518,0.1123429704243142,0.1769366745462311,0.2054097594530831,0.5226453674022831,1.0,0.079434051804921,0.0164749140792436,0.1384698677433902,0.0282059742544431,0.3966589960340869,0.1069042689336416,-0.3470773703308196,0.3810466718262263,0.2460027765997675,0.0599306857858841,0.4017682250352327,-0.1284014223861178,0.3185737375393446,0.1588394964678534,-0.00612583129882,-0.082492649209688,-0.1281679334681895,0.0151750422873023,0.5221494972151868,0.1231673518979042,0.0799603677452196,0.092906137797278,0.0375246431836637,0.0795870156190971,0.1600717368057952,0.0433403594080598,0.0354847045451889,-0.0274194221109245,0.1673171802458048,0.1183097751865863,-0.1488460678929457,-0.1257646789494016,0.2015216869781105,0.0594526945471506,0.005393866765971,-0.1150421342816987,-0.1197679356661879,-0.0958730940098835,-0.0246357520711885,-0.0235897494385711,0.0371338153864838,-0.0147146522897251,0.0026321963752998,0.0578512421339763
SelfConst_Q6,-0.1704337790729021,-0.1137749107295249,0.0130664325771795,0.0055395744304068,-0.1803774189637023,-0.0510513045795302,0.1026654587427941,-0.0963502151119238,-0.0910360812706067,-0.1594814608354934,-0.1882865077263839,0.1266972258527748,0.0548480855639044,-0.1268507430206913,-0.0698641901362434,-0.1001529309041089,-0.1566700294619384,0.0507799528940516,0.0927867386198388,-0.0556489310418188,0.0400183302731186,-0.0214610369331201,-0.0490238804372172,0.016673285790235,-0.0615741771274619,-0.1406900258555942,-0.0724073255710507,-0.0493405699428205,0.0298986330080963,-0.0468425308744474,-0.0454356846665037,-0.0803896148709234,0.144284836728365,-0.1055145151723283,-0.0689453455772673,-0.0089072875587649,0.0233158905025178,0.0575900313812762,-0.1819222840972571,0.1111296037343795,-0.1024587300019856,0.0127525458734068,-0.1163818677286085,0.1522282437701411,0.1260046740986758,-0.1313073465998955,0.0330569656282905,-0.0555267649689338,0.0888499215045105,0.091228477174894,0.0896790513533164,0.0955882249870842,-0.1277959576251466,0.1174952818662413,-0.1318390905253733,-0.0873666611704165,-0.0353918143223503,0.1677113209280037,-0.0853541817178824,0.0411291706245551,0.088214174257385,-0.0689490961847331,-0.1227742069052635,0.0452383585842362,-0.0763558447002035,-0.1104144228889783,-0.0231638054413478,-0.1118526004668906,-0.0336000268899102,0.079434051804921,1.0,0.3404687990271633,0.0002157645752331,-0.0619205271506473,0.017947494674382,0.0596574371745369,0.0374732469565378,-0.1459858666881342,-0.0775849526394938,-0.0774694135641852,-0.042327594758865,0.0245821912103113,-0.0573742696414866,-0.1528375249915441,0.0302097498494348,0.0548817416851062,0.0471394499119178,0.5883630352636388,-0.0737468752733236,0.1412563357420759,0.1621083704451222,0.0456186851121589,0.0473703710311197,0.0421948185297398,-0.0701701094518131,-0.0484649950749769,-0.0475713674908862,-0.1197738773690635,0.0040852068230843,0.056718955044566,-0.0131374359951835,-0.1145763166347338,0.0014317825192762,0.0560833890247671,-0.1510759702068767,0.0004498458840873,-0.1255058214075448,-0.0171297054984416,-0.0192955629245342,0.0495339793236957,0.0340276899948907,-0.0995266572560169,0.0565537879987748,-0.0122079255282044
SelfConst_Q7,0.0203359910737986,-0.0122622271893698,-0.0123879331411063,0.0250237963474261,-0.0520163091024397,-0.0462923669501808,0.1106890332035335,0.0281795416439924,0.0012010463612527,-0.0425125711354562,0.0230019386796846,0.0461369095379484,-0.0465602266196608,0.0230282040652364,0.0432203165311616,0.0640439194614801,-0.0932325335913111,-0.0057196663024017,-0.035905681192729,0.1036684989275297,0.1087524098423072,0.0327305727763075,0.0843290875600908,0.0267773314748894,-0.0534913852846247,0.026804031268746,-0.0096780832351478,-0.0065271260132163,0.1610574461787021,-0.1157378502356856,0.0710269984192464,-0.0751344635245701,0.1301272259958436,-0.0625616690513012,-0.0492667251860515,0.0081560368032647,0.1275577996233906,0.1422599413927202,-0.134726022950041,0.1413712337318704,-0.0389645424734992,0.088957658341874,-0.1683606307173773,0.1003112727586922,-0.0285400983284184,-0.1228804024305627,0.1137160596291011,-0.0526439681499986,0.1506950314417391,0.1106363464042697,0.1698732667110472,0.0655200599960843,-0.132452375809937,0.1024272916838425,-0.0990861094135952,0.2148252447838433,0.0192807637033283,0.0077332809247307,-0.1715278995443524,0.0726047436905816,-0.1489447574980466,-0.0022997210349744,0.0114062570668413,0.0553139534411121,-0.1111544676309713,-0.0465858580723547,0.0328069103926941,-0.1206942424892268,-0.0286042911998748,0.0164749140792436,0.3404687990271633,1.0,0.100692279519164,0.0875076328699591,0.049130549889816,0.2966501614329174,0.1996571727519344,-0.0646652594875559,-0.0382863439835343,0.1457406013143709,-0.0834990859070049,0.1349285182644929,-0.1013764835216409,-0.0727897683906708,0.1316268745411299,0.2233396106157594,0.173722281703101,0.2372063181557805,-0.0637896825098856,0.1243823508446725,0.1603326424968996,0.088556055124497,0.1127685256933195,0.1061274402551504,0.0809013916905473,-0.1093322296390865,-0.1197323064354409,-0.1129531061072487,0.0567615082713054,0.0418547183290917,-0.0572746155324171,-0.0744734877560353,0.1003473114342205,0.1130621384827438,-0.0731039801434347,-0.0051764190436859,-0.1066124590756322,-0.0258522475894361,0.1064687836258597,-0.0025853031843911,-0.1642105490883263,-0.0925935583595138,0.1476891553558313,0.0454179796987757
SelfConst_Q8,0.0543029543760789,-0.0744221115252647,-0.0750141342075484,0.0515792135882619,0.0071194585566071,0.0660440852563073,-0.073345578124956,-0.1293826829551102,-0.0480560265851362,0.0095605668724612,0.0280895013101106,-0.049696768580505,-0.0128687163656139,0.0584250187790443,-0.1376992167657393,0.0133655088027077,-0.025279344357474,0.1297045783634006,-0.0786123376921966,-0.0388087199229187,-0.0658319399771347,0.013503403764815,0.0668654387466977,0.1033103313835577,8.987200641741655e-05,0.0873804020056868,0.0613388785722566,-0.0558088344923013,0.0033001659162673,-0.0581652964682761,-0.0049003957045532,-0.1043801397347473,-0.1191778446727823,-0.0600949819778148,-0.1038658314809314,-0.102672151427682,0.0367982887441416,0.0151503797324356,-0.075608553897726,-0.1150491623390268,0.0559977952198739,0.0975070381908234,-0.0029960930422481,-0.088540374421089,0.0801575695786227,-0.0323075017787399,-0.0266206989790732,0.01018042894979,0.0231766643946598,0.0465411661069039,0.022367371561523,-0.0555785956683845,-0.0445250227683278,0.011240152853809,-0.0182929515002247,0.0953056190146561,-0.1435286401071027,0.0741120343122192,-0.021429107617177,-0.0965066793320248,0.0036964069834233,-0.0190138084798225,-0.0338038506294507,0.0776764083850131,0.0728487187093794,0.1050162126477,0.129029182220186,0.245026450953418,0.093117699557766,0.1384698677433902,0.0002157645752331,0.100692279519164,1.0,0.0836490564828823,0.1310879628922094,0.0513345736355888,-0.0769643045674271,0.1391209278242909,0.1231474017376265,-0.0424700973354668,0.0425640882857704,0.0471107975586008,0.1911294346646616,0.0945002912144932,0.0376090205560257,0.0482164719684555,0.0858291068559594,-0.0348304363255308,0.1227334672847936,-0.0038353288534405,0.0007305141273383,-0.0068473990857444,0.0333735143143558,-0.0076644259876313,0.0563259773110171,-0.0026303980440253,-0.0608753582105414,-0.0333432208169693,0.1114452371007865,0.0929748243627508,-0.0869701491665737,-0.0183290847694787,-0.003918429165361,0.1534116764457669,0.0155251985347121,-0.1544122789777101,-0.0439468216107543,-0.0162259073874663,-0.0266000355350019,0.0811858956041978,0.046152835821639,-0.0679084488410526,0.0303418921724673,0.0706219261368966
SelfConst_Q9,0.0717556315156263,-0.0932593351256317,-0.074185656433533,0.0086692387203516,0.0665682492759513,0.0234303662192865,-0.0908391569912516,0.021946241948061,-0.0401184817654926,0.0234558304385198,0.0753504372416632,-0.0891839924507354,-0.0075416719843077,0.1460694116892331,0.0837688575808227,0.0885571796122054,-0.0392069267941475,0.1499288716757278,0.0412626872771014,-0.0329864821738422,0.1110997878299911,-0.0649511280532784,0.1467222407415316,-0.0515185745013826,0.059222840844133,0.0908367810655562,-0.1346345480497667,0.0176756498865082,0.2675662020271533,-0.1063088854072697,0.2925675821375976,-0.0515778520201209,0.194588133586564,-0.0024126315439982,-0.130509225885559,-0.0429039543579501,0.1686326476323942,0.2217416843603822,-0.1276281771493475,0.0619268591108477,0.0095607544788251,0.2135065724360526,-0.1484778168592796,0.0598031134579044,0.2121979610053804,-0.0887226831021979,0.2226986497159459,-0.1813575527614262,0.0962532048837619,0.0965983561089997,0.1763924759699872,0.096325005547553,-0.0184885869691156,0.1123429638942501,-0.1038857203543561,0.2569173779174961,0.0803360148224693,0.0393619401992896,-0.0227283489905465,0.0365012914695183,-0.1047251165058633,-0.0296963550946703,-0.0441230020504573,0.0512982284647728,-0.1399368014926358,0.2381777560743183,0.4394581222462999,-0.055733900034074,0.0681528153489081,0.0282059742544431,-0.0619205271506473,0.0875076328699591,0.0836490564828823,1.0,0.0330283499965626,0.3230498427584928,0.0357189692103563,0.0880326293477021,0.0799554319502695,0.1056992960917102,-0.0429682001113722,0.3167192847515285,-0.0852067962361646,0.0883119807036913,0.0654004334294237,0.2757986202442679,0.0829425345330942,-0.0041177310314237,0.1428122164647,0.1046982429200753,0.1101326654221177,0.1413715308402531,0.0912607290630676,0.0731456565248614,0.1709152616553168,-0.0399598615290198,-0.0339147048499044,-0.0517391958909388,0.1176860149547337,0.0936125809144067,-0.203737484403441,-0.060559909816756,0.1451874760080786,0.052463364504839,-0.2060164183297617,-0.0878787783342399,-0.0645258885794054,-0.1227741341551035,-0.0293383235435305,0.0386998355044143,-0.2588372320888666,-0.0431948199721645,-0.0314301789612984,-0.0211313278369099
SelfConst_Q10,0.0454432931801169,0.1597534066334241,-0.0658319551996684,-0.0525607029655,-0.016129746638702,0.1125593572630471,0.0307120937824004,-0.0348373429340869,0.2014138105356597,0.0844237675300528,0.181867860172626,0.0444106698694438,-0.0680258134428344,-0.1661528777610286,-0.0609905434681284,0.1112557492308768,0.140004315952324,0.0009550005935982,-0.188081140410639,0.1564231041339936,0.0294125590427284,0.2481642481116798,0.106331982842244,0.0731778688994085,0.1925011250911421,0.0208688069132121,0.1591161364902778,0.0598753663768839,-0.0490728982616092,0.1118637378206434,-0.0421986040365315,-0.0011986424655562,0.114094325651222,0.152940576289276,-0.0344640073407051,-0.0817401881210219,0.0227028664287122,-0.0864045424032465,-0.034427111808361,-0.0955662885722374,0.1945062056185625,-0.0120425594376673,0.0662234610027245,-0.0662737823107189,0.0298779137879503,0.0169124869018791,0.0055415862377257,0.0363158202892242,-0.0270430976054917,-0.0185342327340432,-0.0586487669251449,-0.065344040958437,-0.0097355960860397,-0.0643955726220098,0.0021007240227689,0.0170158150008319,-0.1320018623786224,0.070739988633967,0.0630467156627929,-0.1035637943113854,0.0723615467605364,0.2047456517521274,-0.0617639101302062,-0.0352440072731271,0.1219153976985986,0.0792343747067899,0.1414699175828604,0.2075253116335895,0.3172289570290959,0.3966589960340869,0.017947494674382,0.049130549889816,0.1310879628922094,0.0330283499965626,1.0,0.0375564344078955,-0.2335522085167896,0.3078520586899266,0.1783669253165056,-0.0860589719068797,0.2455731187668426,-0.1463220214862889,0.2131603102661134,0.0803507448014686,-0.0598826479987941,-0.0207573160687388,-0.1318962697647117,0.0266124794561324,0.3301236337313055,-0.019149679037298,-0.067924366942535,0.0152470525735954,0.028258472470952,0.027530061247203,0.0737165517398586,0.1421693132628333,0.0378772355130052,0.077594574041074,0.0708616007873069,0.0581882277692095,-0.0855877292208367,-0.0367433655226765,0.0940980257547959,-0.0829630129025408,0.0545979939701209,-0.0159718314581837,0.0387304439570623,0.00687430753828,-0.0825842138056568,-0.044894563966818,0.0331059534778095,0.1186848308264106,-0.062887941935817,-0.0339605233616988
SelfConst_Q11,0.0951135893581385,0.1386326904827107,-0.016973220097462,-0.0266963487743116,-0.0346929464692324,0.0070899177576922,0.0487567806197508,0.1161643739138402,0.05023185400322,0.0549067868716137,0.1446469016918288,-0.0474563392171553,-0.0938536452878519,-0.1567662903457355,-0.0177877264954649,0.0626081363098897,-0.0721262967045242,0.044512262818037,0.0706441054626527,0.1704287695354064,0.1975581210043689,-0.0076532797412142,0.0462169376192124,-0.0016171878031731,0.1159437661129883,0.0128336539708076,0.0355685769161324,0.0288545888155061,0.1576066855044482,-0.0127143078746882,0.2241883225125972,-0.0315821686180986,0.2315752767696966,0.0216210155215869,-0.0670763996497178,0.058502195662532,0.1811799530045641,0.1946635756875689,-0.0789201437511157,0.0919979969542718,-0.0003150903385388,0.2098508423528458,-0.1266396275585622,0.0954182198606792,0.1656850853908887,-0.063577151860445,0.2645543539642572,-0.0075273195304232,0.1171306087078488,0.0954264400853656,0.0974736705718454,-0.0614512092139457,-0.0563297493201708,0.0740425600625846,-0.0307760408604537,0.4071200723392569,0.1115911322306298,0.0466402661379524,-0.089878232519565,0.1889308686140107,-0.3632762340201196,0.0855155928826327,0.0558974314968384,-0.0619979600015087,-0.2287221030870695,0.0861781755792326,0.2743539645595048,-0.1520823454707666,0.0853923308427139,0.1069042689336416,0.0596574371745369,0.2966501614329174,0.0513345736355888,0.3230498427584928,0.0375564344078955,1.0,0.119485473002948,0.082972493867983,0.1333731329036303,0.2144309095013513,0.0832753916726574,0.2522776009735582,0.0985420563829053,0.0083795891708383,0.1813932559462857,0.3648901688484812,0.0141822334929486,0.1990411235169693,0.230576982002245,0.1717233796045257,0.1621433314839967,0.1136077786926681,0.1306559827961019,0.1130871251856282,0.2150996810617639,-0.0477606735030427,0.0039560027308981,-0.0800655743338927,0.0998478354767302,0.191652437853298,-0.1866983201116479,-0.155100404111255,0.2465940956770519,0.2197756762348131,-0.0859282240395616,-0.0924919577832094,-0.158072433430942,-0.0590676846740529,0.2041754205970771,0.0772034566647878,-0.3183380291107187,-0.0011040584972309,0.1747686254536058,0.1367127174235142
SelfConst_Q12,-0.0928026323107094,-0.164662782077769,0.024995444428203,0.1827779724237923,-0.1269481917848998,-0.1553278379688962,0.1128255454757772,0.1440255449089938,-0.1110380652023953,-0.1221990232597595,-0.0230296098614123,-0.0045284043158063,0.0602168049797346,0.2175006323845738,0.108232184382461,-0.0780025598685702,-0.1608484205715104,0.1073354597014451,0.1178621954109916,-0.055019167532314,0.1175702529943583,-0.2132401706538939,-0.0091892084450764,-0.0567253009066056,-0.1403479450486217,-0.0466047846248959,0.0285190908550592,0.0763847525788494,0.1251243897899613,-0.1360231236507794,0.0892346953454709,-0.0268631457519094,0.135733078452121,-0.1600287899795427,0.0060262558334118,0.1782705958401156,0.0964688604019952,0.2192633535647975,-0.0305187804683028,0.2443416030691909,-0.0132758021425165,0.0926788623716256,-0.0489575459862626,0.2253228076354999,0.1076084164821635,0.0011657155930822,0.1434517112971464,0.0494441280142032,0.0858358229261301,0.0399342747510737,0.1245802585651499,0.066882537756758,0.0383557179403261,0.0795061936121972,-0.0228648546760852,0.0344326160864199,-0.0017571045245809,0.0634600147371026,-0.1001413022000949,0.1203236887880378,-0.1111338193710714,-0.2238447350057086,-0.0560435938866543,0.0962445244245094,0.0175365119450083,0.1005307590428768,0.0925222995673355,-0.0773822288442824,-0.1879073843794886,-0.3470773703308196,0.0374732469565378,0.1996571727519344,-0.0769643045674271,0.0357189692103563,-0.2335522085167896,0.119485473002948,1.0,-0.1716697500869281,-0.0495807639320065,0.1054176773152083,-0.234631721413967,0.1682928364847203,-0.1642550256988667,0.0322563863231312,0.2957392097196688,0.0077509694679737,0.1641825838004671,0.1092304547032482,-0.0835619491966404,0.1109645200772556,0.1439807990403059,0.1074325401772919,0.0587777869586874,0.0171359509745753,-0.1363512976404189,-0.0220628260347152,0.0061581107137534,0.0113947846255017,-0.0137301257964922,0.0367865204287716,0.0663663960302821,0.1603931729901517,-0.0424174252547789,0.0666401023364083,0.0360966244438922,0.1204942710263844,0.113823486659191,0.0591230232758894,0.083748005936062,0.0410243665583956,-0.1322462936727347,-0.0253536755568786,0.1077260819342153,0.0796408092289917
SelfConst_Q13,0.0758666797016735,0.3107274075759145,-0.1535181548256247,-0.1232407371865141,0.1728533381547892,0.1135323138750933,-0.1244096388800031,0.0613377839584417,0.253935687225136,0.1748265180960971,0.2467286527630448,-0.1435802892447179,-0.1964165380033936,-0.1392024169764031,-0.0822633632968095,0.1073766135251482,0.1736483828815375,-0.1724192071729568,-0.1993233348415183,0.2384689335261342,0.0794600185461181,0.3899107594070473,0.1449741358677305,0.1454143975307692,0.3676907985881031,0.0588135067186074,0.1786582613515174,0.2200370855354451,0.0797136273300369,0.0278075019198094,0.0279458688015562,0.0367275622883744,-0.0185969399381923,0.1500303636581118,-0.0363993285452334,-0.1819684363843731,0.1141533202206861,-0.1938422616905475,-0.0307644421926556,-0.1944433066943712,0.0878620057538458,0.1596689627111511,0.0848567198058503,-0.2487350205013163,0.0363336209756379,0.0132863986815643,0.0807714187592822,-0.0242073576583151,0.0628098461198847,0.0440952283784649,0.0223319876803828,-0.0141278621708873,-0.0626872817652104,0.0607239665436749,0.0185155835432696,0.184057146347646,-0.1548872294546306,0.0352349028133533,0.0557525806859097,-0.0767225417336344,-0.0638058477443855,0.4504424546650212,-0.0318955645933028,0.0497581663046595,0.0192199674662364,0.1964039104843847,0.2179246428759791,0.2261086798555032,0.4512882774931674,0.3810466718262263,-0.1459858666881342,-0.0646652594875559,0.1391209278242909,0.0880326293477021,0.3078520586899266,0.082972493867983,-0.1716697500869281,1.0,0.3071204206989322,0.0802458812628885,0.4599504046245399,-0.1163114040542318,0.1369341531376689,0.128121500138396,-0.0504569080667242,-0.0419849266240327,-0.1300803479819004,-0.0673004952569776,0.5085185903678678,0.0090843641901609,-0.0320855451632446,0.0054742873943613,-0.01238451706636,0.1634726010708586,0.1961997797763851,-0.0313049228721024,-0.0499601277446639,0.076946919625776,0.2850884432070633,0.0796920988165555,-0.196854979597498,-0.0452545312531535,0.1828954106658388,0.0453125663194358,0.0563314462907823,-0.2181547816758285,-0.0639284058575109,-0.1062181668153028,0.0321506351739813,0.1436741388247477,0.0351363467468745,-0.0623318571042441,0.1034369075980072,0.1593137222858006
SelfConst_Q14,0.0692105918476681,0.1886815135764518,-0.1645198740375822,-0.2461157036067056,0.0121362201754032,0.0799943916149619,-0.019870061844514,0.160473136439924,0.1998358052354182,-0.0067915621007481,0.1753177040265148,-0.1417406902771105,-0.0224896755289553,-0.0274092309892675,0.019394233766036,0.0395001653304289,0.0374352940649902,0.0125355656705895,-0.0343239732428209,0.1809402510443618,0.1598806644343239,0.2073980578153756,0.0134546817482163,0.0032335985347939,0.1594943288659736,0.0508807227027359,0.1036020249692872,0.1890746231549376,0.102753222101265,-0.0344937189430723,0.1074800223221048,-0.1011361327053807,0.0888021394024588,0.015817365335594,-0.0065997610883392,-0.1144539900446678,0.2221559793036989,0.0030471952382875,-0.1369029902268033,-0.0267360775924929,0.0506123516517732,0.2321192163892879,0.0246417083010203,-0.0042695248498089,0.1431312177305792,-0.0216752544602845,0.1296796865311004,-0.0671148395001818,0.0913578536687448,0.0950367577607179,0.0669352192559145,0.0318183567971702,-0.0786737038716153,0.1113633004173672,-0.1318375850342614,0.2085659545285235,-0.0459000916120277,0.060995852282577,-0.113936083591225,0.0574358557928826,-0.0448858111073943,0.2121605254488639,0.018194035587017,0.0639351893528523,0.0636945136883923,0.1525243148761289,0.25619487222733,0.0758703492208993,0.2691007745383097,0.2460027765997675,-0.0775849526394938,-0.0382863439835343,0.1231474017376265,0.0799554319502695,0.1783669253165056,0.1333731329036303,-0.0495807639320065,0.3071204206989322,1.0,0.0805319637896445,0.1534966682929569,-5.683763161233508e-05,0.115876804797184,0.2235693505059122,0.0680772850548703,0.0616906053133133,0.0518570182577206,-0.0688504588086076,0.2592873423648641,0.0834171928524241,0.0603498473969483,0.0819492797762493,0.1359802972089469,0.0390420663987787,0.0424825521062408,-0.0188864985883632,-0.0509410734381405,-0.0343864417754293,0.1699955296740073,0.112113492527161,-0.1764470587553997,-0.1041450746019177,0.0606933671276716,0.1230536448847406,-0.080086326626835,-0.1704259208765604,-0.1075228201397003,-0.1002849505068692,0.1348203715423357,0.0639668549297579,-0.11910048098154,-0.0446196062508701,0.0755747662600031,0.1472980966950929
SelfConst_Q15,0.3663062603019392,0.1358359796745679,0.0175292211951446,-0.1261193054336908,0.2087513411194436,0.0959131261051502,-0.1962170234073477,0.1587682961394374,0.0807439454201588,0.1857144308036428,0.0519853668287643,-0.2502750922654251,-0.0583007889974502,-0.1422200504910326,-0.055900685802236,0.2217336903469541,0.081393369702998,-0.1078672689419363,0.0691800613061033,0.2641807746894933,0.1441543946106063,0.1278469412336533,0.163368100071663,0.0292857279049109,0.1525990319704696,0.2021601696826129,0.1187093111129941,0.0963981837551045,0.2469052035247492,0.1317925493269439,0.3121328315126494,0.1096660628848548,0.0857367378784472,0.1615726336054892,0.1855628381780489,0.1738331281536064,0.1762676354131789,0.0900758522576169,0.0333451926850109,0.028131780355508,0.0984902689400686,0.1388020509472586,0.0332896260749017,-0.0775746539842231,-0.0091013107902046,0.081372922101148,0.1615824372924665,0.0994171924601169,0.0032304233586212,-0.0509499949734939,-0.0377458564518255,-0.1102076713607419,0.0895173619001632,-0.0924875910503196,0.1594758766280013,0.1898361183778465,0.133026475210392,-0.0664368146232781,0.0719176558849726,0.2990126708661006,-0.1944077081333381,0.0978761167047291,0.2266863592555314,-0.1241160468620376,-0.3422384372315746,0.0715167650486847,0.0264078935792158,-0.027632770746239,0.1275542260458382,0.0599306857858841,-0.0774694135641852,0.1457406013143709,-0.0424700973354668,0.1056992960917102,-0.0860589719068797,0.2144309095013513,0.1054176773152083,0.0802458812628885,0.0805319637896445,1.0,0.1940052093085102,0.1919367908031892,0.1584496000840344,0.0405403264555215,0.1530022561902311,0.0737149252485559,-0.0280634020201524,-0.0744677129375591,0.0799852518007402,-0.0150098688407354,-0.0074180942400899,-0.0160252038382822,-0.0478020874046883,-0.0549186828639347,0.1834781344215992,0.0544408836570888,0.0434084003809769,0.0159847283462038,0.1213736528498527,0.0098973349004172,-0.0531234710257572,0.0073085388606241,0.1245942741498555,0.0890602868366654,0.0278477757538116,0.0152664785317654,0.0193812544149597,-0.050782080516438,0.1014343540945242,0.0238846792521077,-0.0347142174026794,0.0067195245648158,0.0802657734467609,0.1036045605858846
SelfConst_Q16,0.1013879375259995,0.265081492437685,-0.1252215931794743,-0.2208217225841065,0.1138489266701925,-0.0063198881640754,-0.0456780123264231,0.1149506323642726,0.3150726516850953,0.1736805271878151,0.3139665179063314,-0.028960472607925,-0.1302628127049405,-0.2258393151834291,-0.0695573856055524,0.1301882270455892,0.162732688239625,-0.0461601282816911,-0.0277824197921577,0.2006283874511366,0.1026524401816836,0.4234277703711386,0.0441705528061217,0.058971983038788,0.2450009257272911,0.0608441956018761,0.2144240440781532,0.2296979259967465,0.0026199246977199,0.0990935594150144,0.1501628699053756,0.033081777062979,0.0139592148994447,0.1756003213236308,0.0764775369619672,-0.1544205050070729,0.0723073659311502,-0.1523339118965191,0.0115810899542221,-0.1980746307136202,0.0457209222272773,0.2000406924793196,0.0564329196756676,-0.2226244717012426,-0.0270858285663266,0.0102259320169945,0.0191718434777264,-0.008269871163879,0.0847698588199,0.0731527365948022,0.0686047918967168,0.0655688273010762,-0.0873388067847203,0.1193621462071297,-0.0747151455951379,0.1750294428510248,-0.1543317462604294,-0.0403279651505418,0.0143903177650277,0.0278909348076079,0.0085131799425851,0.3464952718139225,0.0911258778832934,0.0579617867445489,0.0041501842729908,0.09773937691697,0.0841278213555179,0.1987440630620119,0.5117618956678452,0.4017682250352327,-0.042327594758865,-0.0834990859070049,0.0425640882857704,-0.0429682001113722,0.2455731187668426,0.0832753916726574,-0.234631721413967,0.4599504046245399,0.1534966682929569,0.1940052093085102,1.0,-0.1223609554299683,0.1643571988124538,0.1012309223965612,-0.1544565743991278,-0.0865396679517135,-0.1155564165012768,-0.0571215910204893,0.4143157347132288,0.016758595654546,0.0596501639633081,0.0415250456858891,-0.0155961651693434,0.0613664892380705,0.2027001283625339,0.0421991815181734,0.0287253255149644,0.0913309766687116,0.2192130452490495,0.0597826666713287,-0.206041929384463,-0.1785226619318911,0.2504849587271276,0.0673668983133215,0.0631083698496843,-0.0908347268685622,-0.0707015429849072,-0.0569682873520292,0.031672824353831,0.0271443549747564,0.0994803829494329,0.056953914257384,-0.0065447483987415,0.095886238889255
SelfConst_Q17,0.0822812965443013,-0.1136864007711536,0.0390817935040054,0.1016196596968493,-0.109408130944383,-0.0885252371495387,0.0963995661253411,0.0333265160740768,-0.1423706906392404,-0.1593608863249083,-0.036335952089192,-0.0905336593346958,0.0610655522146065,0.096056416044604,0.1002462124684089,-0.0044993814619282,-0.1875328805208611,0.0942229508147402,0.2331706618406875,-0.0668824823732623,0.0353954742169137,-0.2140992360681964,-0.0194053827046397,-0.2132644978023598,-0.0851516384533437,-0.0760515323124438,-0.1514936789197688,-0.1488725372925772,0.320890946690082,-0.1122234080319346,0.2094793031438704,-0.119665009426377,0.237002469866306,-0.2021939611025573,-0.1240893927064371,0.0725454084101047,0.2536030200326194,0.3304851516921655,-0.1304670912576658,0.0915699647535902,-0.2095150264327306,0.230084625279312,-0.2437780149234274,0.1438418247079259,0.1580842449907867,-0.1981124883823916,0.2581318350985621,-0.2209939606043174,0.247966443272245,0.2178621184114176,0.2015961077986669,0.1091658842817067,-0.1635168321830692,0.2124933386628267,-0.0949092811057753,0.2576318429880967,0.2531049277720681,0.2286628110846154,-0.1477104546348203,0.2192762584261939,-0.2802747096067566,-0.1138674336909759,-0.0326575911731019,0.0036628901302896,-0.3281533334976551,0.0787647808595834,0.1443390043691106,-0.1945197570426903,-0.0997965815850654,-0.1284014223861178,0.0245821912103113,0.1349285182644929,0.0471107975586008,0.3167192847515285,-0.1463220214862889,0.2522776009735582,0.1682928364847203,-0.1163114040542318,-5.683763161233508e-05,0.1919367908031892,-0.1223609554299683,1.0,-0.1235582887722168,-0.0129742385441945,0.2167288904013918,0.3032858145607598,0.1126627580992628,0.0816880870364881,-0.0796066261144993,0.2466266284253529,0.2046064233885129,0.1975519288690154,0.1625875642052532,0.152106932280182,0.2279087144520182,-0.0054921307174347,-0.0606902410025022,-0.1472388243433677,0.1729303543967024,0.0520099494690886,-0.1217259211951874,-0.0097479210396314,0.2438343091714161,0.1269826035177396,-0.1179445162098356,-0.0626828150548827,-0.0260102295731998,-0.1527295849943452,0.0120243147355351,0.1357803523387175,-0.2755456328766724,0.059064270094353,0.0533093921474217,0.0861688491556025
SelfConst_Q18,0.0149042996188617,0.1479133107792681,-0.0161408640352102,-0.1698231814684939,0.0802670466948207,0.1135052737556333,-0.0373041663369605,0.0336296182491809,0.164908662791283,0.203085351536275,0.1953598990506385,-0.0476414263743227,-0.1795257648738169,-0.22492212731971,-0.2130987270520035,0.1089863209372995,0.153231344244417,-0.0849853954892187,-0.0593236497919011,0.2291289602001752,0.0403121189603819,0.1816769083677976,0.0634553983604873,0.1994026173446156,0.1719196675726806,0.1117375398701596,0.1655508561268639,0.1378127376994459,-0.0402505251199013,0.192494911977037,0.0482833788064017,0.0508131097074783,-0.0076997539168111,0.1949906611097964,0.1136575465809812,0.0427775747974066,-0.0211712633152257,-0.1097865518852754,0.1019225818606356,-0.0423380707648316,0.23970805587715,0.1191043296905979,0.1118153038947208,-0.0786598306184525,0.0204723779818906,0.1944655747271572,0.0338893227167006,0.2102641545995167,-0.0456880242836092,-0.0929485646086105,-0.109501611101691,-0.0830371675844057,0.1021192447774862,-0.0472891832835391,0.1568278704617093,0.0264875788395332,-0.1387390365470784,-0.0091096244347717,0.1376849193542469,0.0003528664178491,0.048164041751181,0.1775146806443725,0.0040476871117645,-0.0744759513077828,0.0763419991221359,0.0644584265284628,0.022307100401959,0.2494659736875544,0.2599383626378955,0.3185737375393446,-0.0573742696414866,-0.1013764835216409,0.1911294346646616,-0.0852067962361646,0.2131603102661134,0.0985420563829053,-0.1642550256988667,0.1369341531376689,0.115876804797184,0.1584496000840344,0.1643571988124538,-0.1235582887722168,1.0,0.1842482029413569,-0.0456303798877704,-0.0048665502062306,-0.1323069792332777,-0.109332088102961,0.2641107739076022,-0.0047051787235558,-0.0145461419070309,0.0004213280715471,-0.0149584299900754,-0.0373222471966844,0.0837931990689756,0.016472158047954,0.0605199264136484,0.041281414247544,0.102938957252521,-0.002350549111317,-0.0728956339535138,-0.0265297854611043,0.0771143959148965,0.0737006518316734,-0.0138466297856776,-0.0334199809041418,0.0266801895550135,0.031278459783597,-0.0032445797986976,-0.0509166857191456,0.1068513978147192,0.0627392116576334,0.0145128557671878,0.0185921574832492
SelfConst_Q19,-0.1114863410624244,0.2134249659040297,-0.1440008066918356,-0.1320352847973872,0.0237217546805078,0.0465183564698667,-0.0615764841866088,0.2011321712956767,0.1767642497301765,0.0548065536088529,0.1774597816149182,-0.2146929576015463,-0.0236812989143697,0.0305526476665829,-0.0758696629921693,-0.0976252449113269,-0.0048305804770629,-0.1823004090070976,0.0099875188037508,0.0880148147508552,0.1114057937050461,0.0836965173912411,-0.1295428305591217,-0.0734169242202588,0.2057415568088738,0.0153498885741963,0.0268653199408473,0.1626056975293743,-0.037363036079835,-0.0433872347694389,-0.0063073702225815,-0.0667506500081604,0.0590941938456001,0.1051592739654715,-0.0563865383944549,0.00818569927494,0.0511934995616472,-0.0948348486714205,0.0224507627912821,-0.0580716384404589,0.0179191194412807,0.1338403465868265,0.0046946439944027,-0.0272875909981398,-0.0064687033319521,-0.0344100686931066,0.0721868564510283,-0.0636075173738368,0.0553835054038323,-0.0195713902333278,0.0558639210736008,0.0207828350691159,-0.0547433360196804,0.1072305237880064,-0.0405102300521979,0.0617122667544328,-0.0894444312041335,-0.041178185747933,0.0309411501598588,-0.0666885425869144,-0.047718452310294,0.1803269855135898,-0.0376972517872052,0.0393443019438001,0.0459236115165633,0.036348311934199,0.164075415984443,0.1879659811595042,0.1242150600770718,0.1588394964678534,-0.1528375249915441,-0.0727897683906708,0.0945002912144932,0.0883119807036913,0.0803507448014686,0.0083795891708383,0.0322563863231312,0.128121500138396,0.2235693505059122,0.0405403264555215,0.1012309223965612,-0.0129742385441945,0.1842482029413569,1.0,0.1429747822530531,0.0097930516432657,0.0185437935840614,-0.1099958058858435,0.2682531777603566,-0.0084910694411949,0.0273954965737713,0.0410729448995109,0.0423020433719601,-0.0038424152930727,0.0075253126999031,-0.1424321532941627,-0.1332428477318536,-0.0962798327883812,0.1305547290429522,0.0017948783704664,0.0190821146395041,0.0275394857161426,-0.0196613901835838,0.0469084601661173,-0.0709068087106322,-0.1102339411398571,0.0313578644550807,-0.147977221465089,0.0871681787583708,0.0591990204239656,0.0991219549349586,-0.0893522041963583,0.1162503683397621,0.1188408621622824
SelfConst_Q20,-0.0816296526127417,-0.152013666385999,-0.0934609686990681,0.0659493310194804,-0.092522431062623,-0.1144908441572002,0.0287556094070934,0.1569076569713477,-0.1051357631901248,-0.0995404321433749,0.0184480063970794,-0.0996265088544429,0.1175033911944059,0.0795258973392159,0.0487645788400241,-0.0792317596135187,-0.1911272913422061,0.0872516359780469,0.1208304310880403,-0.0613286498430616,0.0713174338215113,-0.1967105155060767,-0.1741156064833684,-0.070263877183168,0.0343135292926897,0.0576427478262638,-0.0239055404892278,0.039722764469849,0.0999757085040775,-0.1451199541983462,-0.0217191905723291,-0.0311401763317656,0.1046207822915888,-0.1269505981018708,-0.0654613420843182,0.056194606512161,0.0430422381142269,0.0466360099427437,-0.08574875420024,0.0617667067145814,-0.0225296173352168,0.024807252417719,-0.1048407405015076,0.2038902631698223,0.0705801045496388,-0.086022236867537,0.1270792543286191,0.0200873334890828,0.1252458595446762,0.1197548025314003,0.1580306163235227,-0.037499830995727,-0.0588298011967781,0.0698235991580022,-0.027626630032124,0.0625893521904936,-0.0153594166361122,0.1097450451945836,-0.1187303043041712,0.1546421010160514,-0.152420636798224,-0.1791504349426,-0.0206314250305913,0.0529204746624705,-0.1374015652611297,0.0251639926568894,0.0824399102314856,-0.0819102434926378,-0.2001960879934443,-0.00612583129882,0.0302097498494348,0.1316268745411299,0.0376090205560257,0.0654004334294237,-0.0598826479987941,0.1813932559462857,0.2957392097196688,-0.0504569080667242,0.0680772850548703,0.1530022561902311,-0.1544565743991278,0.2167288904013918,-0.0456303798877704,0.1429747822530531,1.0,0.1825733412334734,0.0945803358345053,0.1104329355643748,-0.0116402251515993,0.1128329404189115,0.1669880593142255,0.1258514678947913,0.0760056583951319,0.1453996252301835,-0.0502423487740053,-0.0301672069458039,0.0131778652618499,-0.0611627963511824,0.0319853108592951,-0.0037302744362016,0.1318664345854304,0.113049876135856,-0.000441751720016,0.0959912040982088,-0.0522239732063826,0.047149889283664,0.0255018005112572,-0.1199736230739585,0.0618647901918641,0.0081161534653999,-0.1227571768667883,0.0163940532817621,0.0136268746089062,0.0036076412616781
SelfConst_Q21,0.0285122601196914,0.0012140349583434,-0.0216185678774916,0.0421462651821695,-0.0067213481785931,-0.102541521336142,0.0693475244278683,0.0859934822920345,0.0436926956623654,-0.1746651608446143,0.0676144878054945,-0.0819525025465983,-0.0631337627568574,-0.084655914644317,-0.0675548027675194,-0.0497184888374761,-0.2340192287803222,0.0092061224712078,0.1308463751054761,-0.0316611348327446,0.1076543722243985,-0.1368567127643229,-0.03595477021064,-0.1091689176784731,-0.0083140625881579,0.0122045247648134,-0.1159825659205462,0.0289311987580983,0.1906859597395639,0.0082810468759884,0.1652345385212805,-0.0324039998768933,0.1691323171577911,-0.1218708201396169,-0.0848642934616541,-0.0676438440113187,0.2453030047849057,0.1237251395116579,-0.1055704520746523,0.1877801103891559,-0.1378738717045247,0.123914487027738,-0.1747812313202323,0.2254031453643116,0.2375027345986712,-0.1666586377070701,0.2289017778020518,-0.1942655153847812,0.1163177399184913,0.1320863524113239,0.1729983618807379,0.1315515446457903,-0.1351744122410209,0.1849168827306098,-0.1779516722454008,0.2691020517593105,0.1946701375599166,0.2271600249595412,-0.1386756770449465,0.1669710229830566,-0.2781616798883023,-0.0112477056065207,-0.1101192995271988,-0.0669846442010342,-0.2575853161460686,-0.0055326594822148,0.099144534403455,-0.1984168803564009,-0.0871770861320864,-0.082492649209688,0.0548817416851062,0.2233396106157594,0.0482164719684555,0.2757986202442679,-0.0207573160687388,0.3648901688484812,0.0077509694679737,-0.0419849266240327,0.0616906053133133,0.0737149252485559,-0.0865396679517135,0.3032858145607598,-0.0048665502062306,0.0097930516432657,0.1825733412334734,1.0,0.2699477673182668,0.1579211693285075,-0.0328000545202725,0.2566115713958673,0.2616878549863877,0.1754479274464214,0.2336675072321319,0.0741512424836267,0.1764168886186607,-0.0452928168001015,-0.0966057897330624,-0.0840154175536743,0.0226037092575482,-0.0034662571182695,-0.0906821186201789,-0.0484606431794218,0.1385950587522718,0.0857063274343965,-0.1393557576728382,-0.0162290691622001,-0.1363839670760311,-0.0942813061857505,0.1124150190641354,0.0318217616962537,-0.3613217625508353,0.0530110508544424,0.1306149744734721,0.104021053630235
SelfConst_Q22,-0.0434250402169795,-0.1092216898123511,0.0757766059373518,0.0720550044961575,-0.0204566381275518,-0.0796239264538318,0.0779199764756121,-0.0144457617419347,-0.0131086855132236,-0.1789988598775854,-0.0224378523415123,0.0503085226645506,-0.0167632379149885,0.1292461852897742,0.0176933718525953,-0.0816461102997164,-0.1812767348570055,0.0617302756078322,-0.0195083756598216,-0.0887878849677865,0.0068090414447021,-0.1599386680853297,0.0014742054270876,-0.0357766123346529,-0.1364243401903334,-0.0715428746184726,-0.1050544052642315,-0.0224062935238695,0.103756077190079,-0.0335659814273597,0.1045380589723972,-0.0172262084564125,0.1196029216851137,-0.0328127753848802,-0.0014184436675895,-0.0635520787158664,0.1869147408725311,0.0847528265909757,-0.0628869976326521,0.1197781417750075,-0.0310686336429731,0.0902205393848357,-0.1022123144230026,0.1855412008128794,0.0776686888765763,-0.1174365804372158,0.1003725931135362,-0.0483647520543011,0.0930342900114259,0.1511851189707678,0.1398775336534386,0.128186649559049,-0.0989992822564924,0.1401092880085702,-0.2209886703280561,0.0676704394649309,0.0765755700874128,0.1622827721471389,-0.1616527937429672,0.0075169831686383,0.0118879759218063,-0.1414812883053904,-0.0309833158739926,-0.0614905504190694,0.0062920092125005,0.0223048539993216,0.0590815147944365,-0.1124687731791322,-0.1013214288617579,-0.1281679334681895,0.0471394499119178,0.173722281703101,0.0858291068559594,0.0829425345330942,-0.1318962697647117,0.0141822334929486,0.1641825838004671,-0.1300803479819004,0.0518570182577206,-0.0280634020201524,-0.1155564165012768,0.1126627580992628,-0.1323069792332777,0.0185437935840614,0.0945803358345053,0.2699477673182668,1.0,0.1344216396131568,-0.0750057531479381,0.1020795292839563,0.1693204150606959,0.1044611613280799,0.0955801433817122,0.1161721072079524,0.0014819492511074,-0.162420194190509,-0.1681840955835445,-0.125112821224634,0.030878554174135,0.0225081135201932,-0.1078231654689918,-0.0464808865151035,-0.0332763839246379,0.0018781211826322,-0.0498813549584232,-0.0626824556435908,-0.1059194489279558,-0.0003420405336854,0.1196634132867415,0.1236116543023811,-0.1651709905504049,-0.1004201439333487,0.1686485093231543,0.1428545002359907
SelfConst_Q23,-0.2027115354772614,-0.0262445183938497,-0.0048243709913323,0.0425433419006737,-0.1311028016454791,-0.1714623965595555,0.1561585360613233,-0.0239985367819533,-0.0784721323366061,-0.2006507306496368,-0.1673160538896229,0.0524876086665199,-0.0806746671797389,-0.1302971563741541,-0.046127545997512,-0.0857641206460618,-0.2544092999987469,0.0733512464123334,0.117328989523699,-0.0272684323228191,0.033351718412871,-0.0489078917346557,-0.05510151840652,-0.0643870275693756,-0.0071926477365102,-0.05816590106626,-0.0568069037099084,-0.1406144805770895,0.1024445166781487,-0.0892995230349517,0.0457106612451403,-0.1493837629027975,0.2175254644225777,-0.1710800904225969,-0.0874339626806234,0.0110370519358514,0.0980637943476023,0.1420139632089199,-0.1890932011131931,0.1048800972411597,-0.2062150257832433,0.0556207468858441,-0.2124273459222089,0.2221728239133361,0.1839103100729489,-0.2207253067232299,0.1259096548494748,-0.0887780223564285,0.2009436480090879,0.2273245589193299,0.2429365482904186,0.2161657803039548,-0.2339129722716852,0.2226044747406937,-0.213494117182097,0.0844820337901396,0.0519066872281367,0.2184148892899197,-0.1799901026717689,0.0539840166703959,-0.1069838472397147,0.0187037204799652,-0.1585202587263934,0.0917279650636831,-0.1022591693827783,-0.0128693491875635,-0.0011889640787308,-0.1904852159083209,-0.055703455479587,0.0151750422873023,0.5883630352636388,0.2372063181557805,-0.0348304363255308,-0.0041177310314237,0.0266124794561324,0.1990411235169693,0.1092304547032482,-0.0673004952569776,-0.0688504588086076,-0.0744677129375591,-0.0571215910204893,0.0816880870364881,-0.109332088102961,-0.1099958058858435,0.1104329355643748,0.1579211693285075,0.1344216396131568,1.0,0.0244926375090255,0.2553426329434405,0.2510126780086835,0.1644211621482004,0.1934837887891068,0.1747184592328665,0.0444617010072897,-0.1284345061331127,-0.1574458126192412,-0.1762202756259006,0.0182278047823737,0.0932305984003421,-0.1047139272698479,-0.1610528029094978,0.0395613540925248,0.1768077898041523,-0.1705811945908638,-0.0584331340915213,-0.1480619282540333,-0.0606482653419437,0.1140783442781206,0.0683686065069539,-0.1282033569088379,-0.0837159935400215,0.1476137610482783,0.100824342659926
SelfConst_Q24,-0.0455440072160024,0.2522187664465108,-0.1903251804981624,-0.1410590313204326,0.0771554717155119,0.0961869941790158,-0.1017623629401959,0.2260804435123467,0.3076232025899791,0.1818951038765342,0.225413873438609,-0.0801546482492852,-0.0934665636156659,-0.1333930154921245,-0.0685712975301886,0.0796184324202598,0.0287406541719174,-0.1209263342040818,-0.0873569620147564,0.2353996462984343,0.2078518058093712,0.2618087990518099,0.1306033617013035,0.0925671270902718,0.3713934215485716,0.0336970084964935,0.146064069367762,0.2261557202147765,0.0045933335845603,0.0086588636830944,0.0734226961848256,-0.0858466608682071,0.1080052505529249,0.1288887099930835,0.0088708226208599,-0.0754355049054395,0.1545381037029311,-0.1097258871889781,-0.0460868310726537,-0.0836800529028634,0.0754034627746489,0.2736616925498488,0.0179351998852623,-0.1429852982609593,0.0142188247447636,-0.0492699048558089,0.0882503591837963,-0.01029843456815,0.112127815911051,0.0899963944617199,0.0535883182603454,0.0131939963173028,-0.1053662976873051,0.1050361470357248,-0.0809137013665364,0.2863793644695758,-0.0339248679707446,-0.0357093658628173,0.0659161444717077,-0.0253526249143414,-0.0616735909579049,0.3327535768554435,-0.0056690394145542,0.0867872566117742,0.1061481235283923,0.1679675631954329,0.3114649955828305,0.1533043552461104,0.4737499984322793,0.5221494972151868,-0.0737468752733236,-0.0637896825098856,0.1227334672847936,0.1428122164647,0.3301236337313055,0.230576982002245,-0.0835619491966404,0.5085185903678678,0.2592873423648641,0.0799852518007402,0.4143157347132288,-0.0796066261144993,0.2641107739076022,0.2682531777603566,-0.0116402251515993,-0.0328000545202725,-0.0750057531479381,0.0244926375090255,1.0,0.0692202811339622,0.0549373144770482,0.1087701618132346,0.0963969815926333,0.1156841054433934,0.2430631692990637,-0.0026332134754518,-0.0303273572808824,-0.054878886895361,0.2415085212222749,0.1902056284268197,-0.2875757840965132,-0.1700787889291417,0.1984144672056532,0.0929205651741571,-0.0268914099678376,-0.2143599414777454,-0.149619201582435,-0.1095829375917316,0.0462770863104721,0.0948332825881412,-0.0186845945478499,-0.0485267481818344,0.0702003310272558,0.1011183419919277
LifeSat_Q1,-0.0736914299896642,-0.022633937690688,-0.0581939721427263,-0.0090652108424373,-0.1018773210163054,-0.2008832124101561,0.0796605425221454,0.1102578522996954,-0.1094823796907254,-0.2636270666199123,-0.0314245436432853,-0.0030723966334943,0.0509349990759646,0.0079902308991274,-0.0088359466868484,-0.0021446177751102,-0.3338129139581486,0.0770964293562297,0.0832156475066706,-0.0298804070228033,0.0381651926328379,-0.0562282498341496,-0.1070919965676777,-0.199402078938671,-0.0334889911222849,-0.027492964756509,-0.0921764268083739,0.0079008571403659,0.1458341616893785,-0.3781273037666949,0.1362389703474111,-0.4400119533240031,0.2427267097685275,-0.1688055781280069,-0.1338173092772466,-0.1509692497894292,0.3055403082711342,0.293926280822116,-0.2595359417569643,0.07899081527296,-0.2374683883950706,0.3142753320047206,-0.2840798123764569,0.241772237572441,0.2805253722298139,-0.2856115724173429,0.2568729124988371,-0.2040002131744168,0.6341732275922363,0.607107244210125,0.610335017012349,0.4888456076081448,-0.34347625422899,0.4978920173371768,-0.3756789512963109,0.1942272770496018,0.0935270417660931,0.2993838056027525,-0.2888213696754803,0.1901364967509986,-0.059672268807127,0.0218237021900656,-0.0868681532807259,0.1382274674548365,-0.1058582979275579,0.1471382839440005,0.1121775984428827,-0.0672370015457717,0.0620133213714597,0.1231673518979042,0.1412563357420759,0.1243823508446725,-0.0038353288534405,0.1046982429200753,-0.019149679037298,0.1717233796045257,0.1109645200772556,0.0090843641901609,0.0834171928524241,-0.0150098688407354,0.016758595654546,0.2466266284253529,-0.0047051787235558,-0.0084910694411949,0.1128329404189115,0.2566115713958673,0.1020795292839563,0.2553426329434405,0.0692202811339622,1.0,0.8676131042912242,0.8272093407006147,0.6192207826973244,0.524081882885628,0.2278473347059428,-0.2303100737107884,-0.2586098817604143,-0.3261098896561128,0.2074505464971247,0.2083515834708698,-0.2324210398711547,-0.2735465561142673,0.2252991162266651,0.3089525144644324,-0.2530266103803475,-0.228125196728337,-0.3280690758803453,-0.2603084856535402,0.2385332030295542,0.1980089835986845,-0.1735168808034305,-0.1167808191972049,0.2251074049879148,0.3114551670738706
LifeSat_Q2,-0.0670225343064225,-0.0812342806409814,-0.0139383217093786,0.0564617196971971,-0.1096487499491158,-0.2135895903797526,0.1449287797871646,0.1083639087538004,-0.0665373543246148,-0.2372684894735742,-0.022502377301973,0.0718644436491687,0.0480304606073148,0.0179634821286916,0.0301602669193629,0.0131746666874212,-0.3532416068636635,0.1386790383486505,0.0704545656040274,-0.093524619468807,0.0568637046629107,-0.0878634734242746,-0.0916827447953038,-0.1771664163976988,-0.0801685190790875,-0.0084281720080853,-0.1020387455934604,0.0501613437705393,0.1749584212258621,-0.3492009576259177,0.1709784328634945,-0.4213035900523071,0.2658524379598002,-0.1524828346603232,-0.1022218625359492,-0.1307579503515869,0.3151206504607288,0.2572422193303105,-0.2485956830182709,0.0631838655865086,-0.1862441658363982,0.284424285843686,-0.3114899825591409,0.2455552390190126,0.2929159522565781,-0.2932398003918612,0.2933922401105406,-0.1934023791265833,0.6563938778122084,0.6373862370369489,0.6785109334507166,0.5492538037139665,-0.381347797483656,0.5439690573074822,-0.4213393722048723,0.1630710522758092,0.0813090030071539,0.2911036912365233,-0.2905537164133506,0.1830893223909271,-0.0236316546854532,-0.0466881913082325,-0.055224010726767,0.1785275757390295,-0.0544973225947455,0.1554604410683293,0.1282590594957458,-0.0629258741956925,0.0596564651945604,0.0799603677452196,0.1621083704451222,0.1603326424968996,0.0007305141273383,0.1101326654221177,-0.067924366942535,0.1621433314839967,0.1439807990403059,-0.0320855451632446,0.0603498473969483,-0.0074180942400899,0.0596501639633081,0.2046064233885129,-0.0145461419070309,0.0273954965737713,0.1669880593142255,0.2616878549863877,0.1693204150606959,0.2510126780086835,0.0549373144770482,0.8676131042912242,1.0,0.821007597197391,0.6241856165559886,0.4787815636907774,0.1749753919716324,-0.2150492483744538,-0.2316569406772017,-0.3432526331239917,0.1688632687002717,0.189005011885528,-0.2142714462901753,-0.2529200497467352,0.2087748525711711,0.257468589186019,-0.2386167102722788,-0.1771299264997616,-0.3100703065756411,-0.1956747840681511,0.2486096879268978,0.1986202017913656,-0.1480788410141063,-0.1580125454597775,0.1941648501029588,0.2927371460516081
LifeSat_Q3,-0.0496032438389094,-0.0347327233056183,-0.0584315723691058,0.0551605840404211,-0.0841010102395531,-0.1979624486869017,0.0958410328862078,0.1490894104323716,-0.05750545373364,-0.229502027999049,0.0374616568642965,0.0182467975530998,0.0910800049912903,0.0530298820037748,0.0006005208853312,0.0149258739006832,-0.2658436263537885,0.0871946302549602,0.0109387390824399,-0.0420316722290213,0.097245240782234,-0.0500608386890039,-0.0506532896458603,-0.1723058522406011,-0.0517389604818341,-0.0164121643802815,-0.0766681894652514,0.0655107958666848,0.1481328694051371,-0.3746722764156927,0.124182382458058,-0.4460122939152557,0.2058321402447406,-0.1217803704624607,-0.1292570071034038,-0.1074889568867159,0.2867228231313219,0.2006789258360434,-0.2820330809733594,0.0824617179548632,-0.179470311889411,0.2788684590390731,-0.2643891428966863,0.1583436622195413,0.2343434965029828,-0.2905424882453297,0.2652849965015138,-0.2064460634275583,0.6561736128187317,0.6195571308620955,0.6555460288107325,0.5389236684565155,-0.3592621670296388,0.5278693362192622,-0.3933137307236508,0.1751302721437674,0.085345091742478,0.2284666657927111,-0.2866153396843438,0.1640080435534118,-0.0602945906655802,-0.0121338344451047,-0.074421316669138,0.1381509584644643,-0.0687204004052441,0.1848328758382125,0.1006063019791284,-0.0179396887426597,0.0603008783618217,0.092906137797278,0.0456186851121589,0.088556055124497,-0.0068473990857444,0.1413715308402531,0.0152470525735954,0.1136077786926681,0.1074325401772919,0.0054742873943613,0.0819492797762493,-0.0160252038382822,0.0415250456858891,0.1975519288690154,0.0004213280715471,0.0410729448995109,0.1258514678947913,0.1754479274464214,0.1044611613280799,0.1644211621482004,0.1087701618132346,0.8272093407006147,0.821007597197391,1.0,0.6783928460620119,0.522988205238005,0.2115096082592649,-0.2260017082562346,-0.2903895062517319,-0.3261881885966998,0.2037875630665925,0.1887974714282478,-0.2383561385573703,-0.2689782653252204,0.2128281128813318,0.2543195482947096,-0.3261624577362355,-0.204483205634183,-0.3375650111881513,-0.2736812951269117,0.2244781152957077,0.178745939677855,-0.140917571158768,-0.1456432357268566,0.1808578371065176,0.2613301114671195
LifeSat_Q4,-0.0992442526656538,-0.0327765207476816,0.0079025285975979,0.0442271108650812,-0.1009121148862636,-0.1492310564298618,0.1886951884204947,0.0999723207096715,-0.0088206658161254,-0.1863422198152751,-0.0514780136061408,0.063744349277206,0.0613097578801585,0.0037999244402691,0.0157615821188654,0.0050719624335353,-0.2048551761295081,0.1075397879691569,0.0298698009314825,-0.0630384910555812,0.0375520401809071,-0.0392602524254576,-0.0781748203537274,-0.0972731073567213,-0.0990422766235455,-0.0984191720127203,-0.1108172299771235,-0.0094070564888552,0.0880665215820024,-0.2987298957564799,0.1002169776994425,-0.3505751544887681,0.2099833018988293,-0.0580228438918363,-0.1540140256826437,-0.0693236173239629,0.2464614794576324,0.2504050055586275,-0.2292330495287033,0.0563147311700152,-0.1498249623057792,0.2206389942562031,-0.2315751182523165,0.1673136391843239,0.2269807638899826,-0.2784520738016631,0.2490102843873431,-0.2174069421705873,0.5473098063969041,0.5331810855647663,0.5751520975929962,0.448366401883199,-0.3777621933958398,0.5003728827402655,-0.3536764636212809,0.1635926052540917,0.062892826337833,0.1970573095590841,-0.2242786521912363,0.0785636473058046,-0.0950455963270844,0.0114309473655397,-0.0930619130928041,0.1054817449057555,-0.0861812077467777,0.1268402947591724,0.111786051614782,-0.0918504398926031,0.0468038442340316,0.0375246431836637,0.0473703710311197,0.1127685256933195,0.0333735143143558,0.0912607290630676,0.028258472470952,0.1306559827961019,0.0587777869586874,-0.01238451706636,0.1359802972089469,-0.0478020874046883,-0.0155961651693434,0.1625875642052532,-0.0149584299900754,0.0423020433719601,0.0760056583951319,0.2336675072321319,0.0955801433817122,0.1934837887891068,0.0963969815926333,0.6192207826973244,0.6241856165559886,0.6783928460620119,1.0,0.3941011398018051,0.1337519842224006,-0.2130351629080521,-0.2780957000796967,-0.2678646518170205,0.1092798889787234,0.138903409171779,-0.1362677855164614,-0.2051178908550358,0.2293917293863007,0.2364828959162956,-0.1966793520573599,-0.1325401104775054,-0.2793777679827404,-0.1900604791177554,0.2848804724281485,0.1569022674973144,-0.1419431833191435,-0.1549376013780801,0.1876820371982935,0.2611167242612387
LifeSat_Q5,-0.1270678582779226,-0.1087590847540166,-0.0547723800902244,0.0779895299215899,-0.1197183116577972,-0.1569425947983009,0.0454294900821279,0.0507268212999293,-0.0585623085116815,-0.1423372631037973,-0.0690890106638857,0.0082742180708947,0.0339457798715842,-0.0293474526167708,0.0965675715916983,-0.0203995207348474,-0.121933526412443,0.0657543312531314,0.0160641904095729,-0.0835184174077101,-0.057533580952477,-0.0576054995789646,-0.0577302942261587,-0.0549235107734146,0.0372777848123253,-0.1041794923786381,-0.100018874865634,-0.0025809763992434,0.0702662812846941,-0.3045477937277694,0.0530518700386928,-0.2839689941136235,0.1405246329266584,-0.1788744469342108,-0.1180548634768957,-0.1074826801698191,0.2132302118218991,0.0941015622270677,-0.1175818956604544,0.0500105152255767,-0.2301341010302932,0.1646386579815713,-0.1866747809768525,0.1156469573783963,0.1292386791822666,-0.2307229155758522,0.2053987269524045,-0.1867476700158846,0.4580502999044944,0.4323016988805974,0.400997861379756,0.3360765330045519,-0.2962760391475391,0.3596119055213203,-0.2877559194652429,0.1261398576058024,0.0484246460376553,0.2051617614459251,-0.212846744348573,0.0049112808744973,-0.0505089405748854,-0.0074755356154891,-0.0671357381204414,0.1016772807046901,-0.0566197267953871,0.0733669094237403,0.0317422778104516,-0.0433067658211012,0.0364397562300865,0.0795870156190971,0.0421948185297398,0.1061274402551504,-0.0076644259876313,0.0731456565248614,0.027530061247203,0.1130871251856282,0.0171359509745753,0.1634726010708586,0.0390420663987787,-0.0549186828639347,0.0613664892380705,0.152106932280182,-0.0373222471966844,-0.0038424152930727,0.1453996252301835,0.0741512424836267,0.1161721072079524,0.1747184592328665,0.1156841054433934,0.524081882885628,0.4787815636907774,0.522988205238005,0.3941011398018051,1.0,0.1732602485442439,-0.1822124292234922,-0.1790360888797557,-0.2441668936142351,0.1661173017983441,0.1233238767882598,-0.2230556739704454,-0.1526747999765235,0.1614842930465265,0.1674064297381064,-0.2020618319699804,-0.1708972454190619,-0.1971464349783166,-0.1974970592116801,0.1033851841571017,0.0431685884033478,-0.0690199103253828,-0.0784730903193038,0.0898742486642878,0.1516606727913494
Lonely_Q1,0.1432495452840632,0.1550489102288069,-0.1198297399460866,-0.1362023276514382,0.1523742345972014,-0.0635411566533171,-0.0451043426517075,0.0808834729825516,0.0551340194023215,-0.0041146830321159,0.1472000781570575,-0.1747612646154143,-0.1309101287394994,-0.164484015929649,-0.0194961103055174,0.1861004764445162,-0.1192868439877535,-0.1040764779104382,0.1110541696650493,0.2415093831515681,0.0457978460775478,0.1630208907885876,0.0861162214304843,-0.1093543077706173,0.1564867410781634,0.0869127733562842,0.0370014345422156,0.0643502377223825,0.266665177798754,-0.0693564200774741,0.3486728171173653,-0.1620422654767488,0.1718358216514816,-0.0384412792980913,0.0092274718451721,-0.133729467376648,0.2528354935558487,0.1211269284296179,-0.0954098937690456,-0.1052415530011513,-0.1770225158470509,0.3109091515738354,-0.2278419159344841,0.0502743624221315,0.1647712378700253,-0.2037700359041078,0.2708745461097467,-0.1240166748698558,0.3304366671071871,0.3225493161269989,0.2441497564029887,0.1714514774425632,-0.1878196168429773,0.2356600579907096,-0.1532661527867397,0.5833576626403794,0.0119011801534676,0.1293179058814552,-0.2137734863989924,0.1947799207540429,-0.3435592379120507,0.2332755411512515,0.0868793554715911,-0.0168589760744027,-0.2286391689034848,0.0926383353081889,0.1041838372962304,-0.0711667102891093,0.1860409343969722,0.1600717368057952,-0.0701701094518131,0.0809013916905473,0.0563259773110171,0.1709152616553168,0.0737165517398586,0.2150996810617639,-0.1363512976404189,0.1961997797763851,0.0424825521062408,0.1834781344215992,0.2027001283625339,0.2279087144520182,0.0837931990689756,0.0075253126999031,-0.0502423487740053,0.1764168886186607,0.0014819492511074,0.0444617010072897,0.2430631692990637,0.2278473347059428,0.1749753919716324,0.2115096082592649,0.1337519842224006,0.1732602485442439,1.0,-0.3625305310067384,-0.3640569030393986,-0.3347357925947364,0.584196544535135,0.4405264679451068,-0.5320411692200852,-0.3661876895471017,0.5798405353953495,0.26625430844257,-0.3139788107482096,-0.329502124534221,-0.2571057426732425,-0.3791892222148927,0.2770505826471528,0.2944800353975398,-0.2275338912345871,-0.0720363720306814,0.2332233573564648,0.2507873905696687
Lonely_Q2,0.1191326730232754,-0.0183670489621892,0.0207383193432631,0.1257288695461331,0.0102631260345613,0.1364841663414306,-0.054159065850867,-0.0175893698896128,0.013256597382938,0.1426543039781673,-0.0091010006448461,0.075609471307287,-0.0201483353407126,-0.0233584406947462,0.0311377994593523,0.0729352387910393,0.1940303206493395,0.0706256996682884,-0.0736898368289289,0.0148178760223741,0.0217082198979443,0.038965078882938,0.0937135328356531,0.1575896898537577,-0.0067074974458097,0.0410780511640458,0.0658784013388718,-0.0400170330833591,-0.0930927668149751,0.2226962186432376,-0.1081316944649753,0.1002047268184385,-0.0513143004096533,0.0844070473800718,0.01966353259651,0.1617655962352124,-0.1458007601296686,-0.0895718830533099,0.0944273217511935,-0.0048021639001851,0.1569210279645558,-0.1784105917587564,0.1699824852220546,-0.1746986879459861,-0.0673659983748591,0.160314199531151,-0.1150746303859022,0.0870811337908794,-0.303524212596551,-0.2752394924395209,-0.2667610922705433,-0.2593982738443199,0.3178249293384285,-0.2861311558432831,0.1484766125937855,-0.178026862541283,0.019850707972901,-0.0799713079523558,0.2658264378771441,-0.0762956743366895,0.1558380668245796,-0.1039473990029411,0.0214499923747734,-0.0521533911034469,0.1658017483832643,0.0303336226248413,-0.0411654011713154,0.1014186546723469,0.0618789844583532,0.0433403594080598,-0.0484649950749769,-0.1093322296390865,-0.0026303980440253,-0.0399598615290198,0.1421693132628333,-0.0477606735030427,-0.0220628260347152,-0.0313049228721024,-0.0188864985883632,0.0544408836570888,0.0421991815181734,-0.0054921307174347,0.016472158047954,-0.1424321532941627,-0.0301672069458039,-0.0452928168001015,-0.162420194190509,-0.1284345061331127,-0.0026332134754518,-0.2303100737107884,-0.2150492483744538,-0.2260017082562346,-0.2130351629080521,-0.1822124292234922,-0.3625305310067384,1.0,0.7803615174659215,0.4639349320025571,-0.3958211452251401,-0.3365315910322913,0.3909785260063744,0.4646418310258708,-0.1267961786025453,-0.3578370595794896,0.4225988582861147,0.467069188603598,0.5028404243710434,0.4377388224487035,-0.3297066290619432,-0.3724456370131832,0.1398937388220955,0.5758222231527624,-0.3597457403626587,-0.3532474257567061
Lonely_Q3,0.0978010390396933,-0.0171046044938439,0.0257117357622588,0.0754759633072967,0.0122109856454013,0.1236520345776876,-0.0853695041066946,-0.0367751337593681,0.0615049246388343,0.1682572819449525,-0.0177655319322756,0.0824738043818574,-0.0576440160144235,-0.0483187613951613,0.0246082417783339,-0.0052181651574228,0.1614757563639405,0.0516314750028735,-0.0228944594147023,-0.0139953950631322,0.0252027663104108,0.011153391603104,-0.0137392341943245,0.1563149977159472,-0.0049263341869781,0.0128896218067397,0.1115075512633095,0.0871820317663329,-0.14239748982932,0.2402385003892513,-0.1164532162365567,0.1766351204046085,-0.0541205846954811,0.0926742430591648,-0.0083507117182908,0.1516590409672248,-0.1780408641641291,-0.1680538480460398,0.125630715497142,-0.0223142829328715,0.1899334103327639,-0.2034379401703807,0.2009666922566196,-0.1536277181705599,-0.0882643761990389,0.2057096816726383,-0.1307798468924386,0.191720934594552,-0.3544816002460638,-0.3755319091448026,-0.374939066506424,-0.3701242807410298,0.3589604685419583,-0.3406005611758185,0.2131185254900724,-0.2139216730596839,-0.0360772708504306,-0.1004216846049328,0.2497270718781191,-0.0237333570379615,0.1776361956881984,-0.1249471337162687,0.0503338861996943,-0.0386508503906691,0.1192695595314096,-0.0240113654671364,-0.0644789989569232,0.0659669764252322,0.0529723420513823,0.0354847045451889,-0.0475713674908862,-0.1197323064354409,-0.0608753582105414,-0.0339147048499044,0.0378772355130052,0.0039560027308981,0.0061581107137534,-0.0499601277446639,-0.0509410734381405,0.0434084003809769,0.0287253255149644,-0.0606902410025022,0.0605199264136484,-0.1332428477318536,0.0131778652618499,-0.0966057897330624,-0.1681840955835445,-0.1574458126192412,-0.0303273572808824,-0.2586098817604143,-0.2316569406772017,-0.2903895062517319,-0.2780957000796967,-0.1790360888797557,-0.3640569030393986,0.7803615174659215,1.0,0.474484319017466,-0.3970063322453414,-0.3226683108253143,0.4280390047538689,0.4447824183527317,-0.1681304816720875,-0.3028939774365006,0.4506213697350869,0.4195271483421818,0.4888939691853651,0.4251081384419279,-0.3689538280578585,-0.4054469374217893,0.109343928309217,0.4854570272210142,-0.3767006579033666,-0.4020347026622214
Lonely_Q4,0.1279977671563894,0.0804047014476426,-0.0247002671617435,0.0425577323427515,0.1440006933123928,0.3047614889547783,-0.1431545898062696,-0.0555827083256207,0.0348624796694201,0.2098506736406148,0.0620472575310246,0.0120392428055963,0.0085682494770852,-0.0166641054956524,0.0394874174427495,0.0711717567322823,0.3230151905542138,-0.0756646239960458,-0.0458141887985882,0.0897760928848807,0.0459743041800534,0.0667416965456078,0.1136876577400734,0.1491287213110541,0.0183570487515962,0.0081111287989949,0.0457660079108772,0.0217180724885814,-0.1795148126021387,0.3905366824944215,-0.0779276115100495,0.3559308262857941,-0.1868255114430068,0.2054209931604597,0.1025982219406522,0.1266610007286772,-0.1725291446495969,-0.1604081049534187,0.2004190982050274,-0.0678315095205885,0.2035843896112797,-0.1801673837084542,0.3548404137752439,-0.1896598557121493,-0.1289254750001721,0.3631464895627714,-0.1135292361201234,0.2599607206351753,-0.3465813639440712,-0.3703839133076267,-0.3237163105005833,-0.2923811220830523,0.3554822363446394,-0.3054643670289602,0.3325235738543678,-0.1916019324012887,-0.0090371920533241,-0.1917475033598585,0.354142300017639,-0.1274487561093944,0.1382860777227589,-0.0265129303404801,0.1095013624502295,-0.1840799900697343,0.1648828489291894,-0.0663118489460215,-0.0883898211512803,0.165046423522107,0.0487793509719842,-0.0274194221109245,-0.1197738773690635,-0.1129531061072487,-0.0333432208169693,-0.0517391958909388,0.077594574041074,-0.0800655743338927,0.0113947846255017,0.076946919625776,-0.0343864417754293,0.0159847283462038,0.0913309766687116,-0.1472388243433677,0.041281414247544,-0.0962798327883812,-0.0611627963511824,-0.0840154175536743,-0.125112821224634,-0.1762202756259006,-0.054878886895361,-0.3261098896561128,-0.3432526331239917,-0.3261881885966998,-0.2678646518170205,-0.2441668936142351,-0.3347357925947364,0.4639349320025571,0.474484319017466,1.0,-0.3378470069138413,-0.2367469216102021,0.4021061138511961,0.3700991826014903,-0.1888511840709689,-0.2332230952134508,0.4740060766684658,0.3541880627894771,0.4399240947122496,0.4155839985900816,-0.3134577776174544,-0.1970241114867879,0.1452545629745769,0.352312433493027,-0.229756893996979,-0.3606853647184687
Lonely_Q5,0.0238453361655132,0.0861867784771933,-0.1111448994131596,-0.1960684113519561,0.0751711051487391,-0.1885440153353449,-0.0223939662996631,0.1828495504761568,0.0520205070375568,-0.0231258533392768,0.1886871079124748,-0.183771020849091,-0.0621115248328475,-0.108024973717455,-0.0384394840527221,0.0663839490030603,-0.155865766918687,-0.1076776537356888,0.1088148397052861,0.1879017583230164,0.1311009774444346,0.1496108643383691,0.0268891775178159,-0.1194914464889588,0.1898877195619278,0.052362651567824,0.0639213993376638,0.1206762685731874,0.27818539021266,-0.0898590191291621,0.2903998077530427,-0.1657849885947383,0.2216442638082911,-0.005406591504146,0.0279893879641275,-0.1516836053306977,0.3223525826713188,0.1163706852093371,-0.1318008937042845,0.0274461634050684,-0.1511470049439454,0.3135682123209811,-0.1504296859107759,0.0846338386758962,0.1164936171792494,-0.1595367953850314,0.2492438677265122,-0.1164101280815874,0.2700504260213779,0.2700394811503763,0.2033507092900962,0.2084515022797764,-0.1617764185282113,0.1841581458511288,-0.137999808543652,0.3834112080025011,-0.0425821062993417,0.1281478248605644,-0.2334833946104752,0.1489276768938698,-0.2522338828533615,0.2009256310964402,-0.0160866508510995,0.0539323113896034,-0.1842534676162614,0.091893089314488,0.1263100335958013,0.0172203241945148,0.1996814595812306,0.1673171802458048,0.0040852068230843,0.0567615082713054,0.1114452371007865,0.1176860149547337,0.0708616007873069,0.0998478354767302,-0.0137301257964922,0.2850884432070633,0.1699955296740073,0.1213736528498527,0.2192130452490495,0.1729303543967024,0.102938957252521,0.1305547290429522,0.0319853108592951,0.0226037092575482,0.030878554174135,0.0182278047823737,0.2415085212222749,0.2074505464971247,0.1688632687002717,0.2037875630665925,0.1092798889787234,0.1661173017983441,0.584196544535135,-0.3958211452251401,-0.3970063322453414,-0.3378470069138413,1.0,0.5273068933314428,-0.4915894527559659,-0.3112889649716787,0.4197753968879474,0.3470102088652251,-0.3225531195438084,-0.3642340231554734,-0.2800219176691876,-0.3597463903542377,0.320292252415165,0.3772293101120266,-0.1086244231931591,-0.2465680884454836,0.3308916103479754,0.4007504518109639
Lonely_Q6,-0.00308785502057,0.0564988203213421,-0.1639195617442832,-0.15331168688339,-0.0275382360099156,-0.0422803872248141,0.0140449728250941,0.1386695839231097,0.0492506856823841,-0.1108477951909489,0.0781305887849103,-0.0371796621959508,0.020525257864211,-0.0737722378261218,-0.0221684586503426,0.027076667821066,-0.1578703478404728,-0.0308029632572191,0.0816016354089432,0.1021967385991273,0.0963201657596689,-0.0073870125082712,-0.0159988439112884,-0.0858238629775808,0.0910593997627162,-0.0068632614908584,0.0710287185639506,0.0565558847356546,0.1499569462124095,-0.1000086830245816,0.2586277138756727,-0.1630373778920534,0.2499503059432478,-0.0385689808162334,-0.0504807363679476,-0.101862994176765,0.2239156374122552,0.1501718305491468,-0.0797785971578418,0.1202748897498526,-0.1330539731464484,0.2429666932401453,-0.1920730820520141,0.1566345769766281,0.209204417271919,-0.1630687984482694,0.221785870177621,-0.0972239681533947,0.227239937897436,0.248411386060796,0.193430876474056,0.1797534401358085,-0.1808380692796105,0.1981621605226473,-0.1802357025544411,0.2965454468264575,-0.0394405790286831,0.1307065228537887,-0.1549567613262253,0.1734686495336406,-0.2660532079797023,0.150079006983027,-0.0190778725475526,0.0488011715429448,-0.1820146921747377,0.0944647666351977,0.2082375803084294,-0.0164451198893754,0.1361304449900538,0.1183097751865863,0.056718955044566,0.0418547183290917,0.0929748243627508,0.0936125809144067,0.0581882277692095,0.191652437853298,0.0367865204287716,0.0796920988165555,0.112113492527161,0.0098973349004172,0.0597826666713287,0.0520099494690886,-0.002350549111317,0.0017948783704664,-0.0037302744362016,-0.0034662571182695,0.0225081135201932,0.0932305984003421,0.1902056284268197,0.2083515834708698,0.189005011885528,0.1887974714282478,0.138903409171779,0.1233238767882598,0.4405264679451068,-0.3365315910322913,-0.3226683108253143,-0.2367469216102021,0.5273068933314428,1.0,-0.376434929429878,-0.3393556395380901,0.358160224168838,0.3342710594664829,-0.2905962989320607,-0.3474835563332852,-0.2747077550286153,-0.2802646982672945,0.3262477612408557,0.402429944852112,-0.093237143796451,-0.2675032547205013,0.3162793408009043,0.3635278723935936
Lonely_Q7,0.0082449504446734,-0.0695536599004083,0.0459978718755382,0.2032418273804749,0.0215471262210142,0.1740653766630985,0.0106450122549373,-0.1142606896679568,-0.1771650737976373,0.0985930651510045,-0.1127877395573971,0.0967766975661492,0.1184606655074573,0.12412452769713,-0.0674470171912523,-0.1313343993727299,0.0734043048084358,0.0292881630601485,-0.0701603258172468,-0.1714128542813607,-0.1480866198446774,-0.1049555433910308,-0.1091637931625088,0.0823735647203228,-0.1215995768562932,-0.0473422695596462,-0.1068977243544997,-0.1116250156544079,-0.21339146754189,0.1761527684801266,-0.2909424574305266,0.238053578821777,-0.1998678749243293,-0.0207552843585317,0.0097076058767386,0.1261754777011395,-0.2555223973666445,-0.1513709459775226,0.1565150208035729,-0.0394694522476212,0.1162093997406061,-0.2392989421882289,0.2007512847635587,-0.0446355990694072,-0.1502255142321462,0.17749055342948,-0.1905346561782222,0.1676445774729352,-0.2540344889674858,-0.2830108918718468,-0.2380141588957529,-0.2057056221337037,0.1948148499041694,-0.2085726646142247,0.2451610314899786,-0.4940805506674911,-0.0773129325186368,-0.1460687106130432,0.2088831011583853,-0.0905886598772144,0.2676879100692931,-0.1869704561624952,0.026609240124609,-0.0309387164515886,0.1300921910348044,-0.1174747686588085,-0.1921104790182737,0.0690816021759677,-0.2584506905220222,-0.1488460678929457,-0.0131374359951835,-0.0572746155324171,-0.0869701491665737,-0.203737484403441,-0.0855877292208367,-0.1866983201116479,0.0663663960302821,-0.196854979597498,-0.1764470587553997,-0.0531234710257572,-0.206041929384463,-0.1217259211951874,-0.0728956339535138,0.0190821146395041,0.1318664345854304,-0.0906821186201789,-0.1078231654689918,-0.1047139272698479,-0.2875757840965132,-0.2324210398711547,-0.2142714462901753,-0.2383561385573703,-0.1362677855164614,-0.2230556739704454,-0.5320411692200852,0.3909785260063744,0.4280390047538689,0.4021061138511961,-0.4915894527559659,-0.376434929429878,1.0,0.4686899426751019,-0.4088808931499825,-0.2798004142977554,0.3806949457993778,0.4134740604835241,0.3542642804708528,0.3130347908309498,-0.2019124584289933,-0.2703855406101242,0.280747207140396,0.2664789389499394,-0.1875543558292749,-0.2492248617052789
Lonely_Q8,0.112170700714326,-0.0155031128234448,0.0824615980109954,0.1505343898580378,0.0847190069359789,0.1090330695493845,-0.0894464195612897,-0.0065566777808288,-0.0434459744395476,0.065936229471843,-0.0707480647528212,-0.0725068245599182,-0.0029229006292059,0.1047779101181806,0.1140668377433075,0.0611790935522728,0.0675493379142148,-0.0310074544160585,-0.0371988801444868,-0.0840091929205834,-0.0143767445304291,-0.0001308151962336,0.1037907261553476,0.1001243576111399,-0.0086248652403987,0.0348167104074441,0.0268624548459883,-0.0527327436489786,-0.0831747297890422,0.2165249729716263,-0.1487841381993331,0.2734283290866281,-0.0649718070254839,0.0624461936071308,0.1220368179668837,0.1626724180103656,-0.1539231340439432,-0.037267259220799,0.1033617489712363,0.0120865364840411,0.1190195538283279,-0.1934397717258777,0.169143176658277,-0.0017747962887599,-0.0708516224475195,0.223944748981056,-0.0702166809544325,0.2332974491991697,-0.2985827325266642,-0.2967445041631969,-0.3165133188927513,-0.2416252400812862,0.36058248562933,-0.3080020177247546,0.2359122308749425,-0.241257821173102,-0.0161335293368649,-0.1106377644833899,0.2159112105474522,-0.1390425180794195,0.1520826338731071,-0.1385327819647017,0.0743351978270137,-0.0395727915669122,0.1428980144602528,-0.0274648172063848,-0.0859699556055598,0.088340734524882,-0.1275454491752899,-0.1257646789494016,-0.1145763166347338,-0.0744734877560353,-0.0183290847694787,-0.060559909816756,-0.0367433655226765,-0.155100404111255,0.1603931729901517,-0.0452545312531535,-0.1041450746019177,0.0073085388606241,-0.1785226619318911,-0.0097479210396314,-0.0265297854611043,0.0275394857161426,0.113049876135856,-0.0484606431794218,-0.0464808865151035,-0.1610528029094978,-0.1700787889291417,-0.2735465561142673,-0.2529200497467352,-0.2689782653252204,-0.2051178908550358,-0.1526747999765235,-0.3661876895471017,0.4646418310258708,0.4447824183527317,0.3700991826014903,-0.3112889649716787,-0.3393556395380901,0.4686899426751019,1.0,-0.1935003633677602,-0.3342131318542361,0.4601974676069318,0.4645308500881107,0.6295037387374106,0.3611337525121972,-0.2376403650451682,-0.3018648873397143,0.1777149940195127,0.3447734307538329,-0.2583530317438934,-0.2740196018474573
Lonely_Q9,0.1046171405230234,0.1681979225613223,-0.0279407112949811,-0.18415101208776,-0.0034514682516267,-0.1552571242012865,0.1065992689589444,0.2019601884210922,0.1350244553458735,-0.0908725150763825,0.1892084189803612,-0.0647377024051539,-0.0805310981332506,-0.1222430955590984,-0.0520031048776449,0.1830492527494009,-0.0925780686630646,-0.0364019689807325,0.1226992212158171,0.1865748270206814,0.1554894221476967,0.1390846036801464,0.0559824864037769,-0.1194838722357032,0.1875557131309985,0.0692367181730453,0.0838631276314423,0.1225240570063509,0.195024589183958,-0.0919597913716784,0.3342379096805176,-0.175531383542676,0.2561266752092222,0.0896734762265271,0.0169504181894203,-0.0877569943562467,0.2639923866888398,0.1296537437620141,-0.1962357137663275,-0.0267431307902296,-0.1225228346759711,0.306521549496711,-0.1968654824027859,-0.0239370895591404,0.1694757761973318,-0.2118622762143722,0.3045802630482018,-0.1383359544082299,0.2557430463225701,0.2793584554855239,0.2590103842205388,0.1802723947303723,-0.1584238245432429,0.2374067673921094,-0.1711674008900946,0.4916907190535613,0.0030058248780338,0.1793374862246977,-0.1747517680522467,0.2200702295881531,-0.2390252586516429,0.2312981940371879,-0.0166276857572517,0.1414998293632288,-0.1650547423681665,0.0975500547875268,0.1009974042834326,-0.0541289495996812,0.2723290772407169,0.2015216869781105,0.0014317825192762,0.1003473114342205,-0.003918429165361,0.1451874760080786,0.0940980257547959,0.2465940956770519,-0.0424174252547789,0.1828954106658388,0.0606933671276716,0.1245942741498555,0.2504849587271276,0.2438343091714161,0.0771143959148965,-0.0196613901835838,-0.000441751720016,0.1385950587522718,-0.0332763839246379,0.0395613540925248,0.1984144672056532,0.2252991162266651,0.2087748525711711,0.2128281128813318,0.2293917293863007,0.1614842930465265,0.5798405353953495,-0.1267961786025453,-0.1681304816720875,-0.1888511840709689,0.4197753968879474,0.358160224168838,-0.4088808931499825,-0.1935003633677602,1.0,0.2790352952178342,-0.2287937614610946,-0.1376882440184261,-0.0731917843814468,-0.2396991700192468,0.2755745706275881,0.1850888632494349,-0.2021596556578981,0.0600815543707167,0.1643708129697604,0.1761113908655651
Lonely_Q10,-0.0470513225492591,0.1277661833588073,-0.137244053295639,-0.1977247903491093,0.0594976557045927,-0.1248830385694022,0.0222638645946892,0.090812767690933,0.0063651823735915,-0.0451056145202016,0.0781433722569066,-0.1335105544903972,-0.0360105072523059,-0.1405926480201458,-0.1387071499884329,0.0160283790577222,-0.2029078924903391,0.0131922831397495,0.0277959586023288,0.1094264455430063,0.1557878528606237,0.0560461513076215,-0.0406938594439116,-0.1566104023447101,0.0839901111137208,0.0818379235483469,0.061241027969796,0.0685716999097326,0.0013043597583362,-0.1362421010342798,0.1084942378480662,-0.1512190754555074,0.0645096594158186,-0.0836821421411019,-0.0188651347712982,-0.0823652886531947,0.1114229998128934,0.1666827962084004,-0.1650799906798667,-0.0019883035278796,-0.1106316923036809,0.1744500041468832,-0.1784784462001597,0.1003578206362999,0.1604616587688776,-0.1292847754990702,0.0741232718770625,-0.042705912633644,0.3163255933567925,0.2419453751690267,0.2739476514348669,0.1648279278529275,-0.2172384497538274,0.1786345147314605,-0.086527757501491,0.2588807710918723,-0.0714838957181889,0.1547086832994157,-0.1603840456066605,0.1008669471156234,-0.2164009832076982,0.0995651613131363,-0.0365541443634681,0.0865769043824844,-0.2101394075210768,0.1332245680704557,0.1216718328666837,0.0293688213155572,0.062350323741358,0.0594526945471506,0.0560833890247671,0.1130621384827438,0.1534116764457669,0.052463364504839,-0.0829630129025408,0.2197756762348131,0.0666401023364083,0.0453125663194358,0.1230536448847406,0.0890602868366654,0.0673668983133215,0.1269826035177396,0.0737006518316734,0.0469084601661173,0.0959912040982088,0.0857063274343965,0.0018781211826322,0.1768077898041523,0.0929205651741571,0.3089525144644324,0.257468589186019,0.2543195482947096,0.2364828959162956,0.1674064297381064,0.26625430844257,-0.3578370595794896,-0.3028939774365006,-0.2332230952134508,0.3470102088652251,0.3342710594664829,-0.2798004142977554,-0.3342131318542361,0.2790352952178342,1.0,-0.2551402275177465,-0.2480397441643899,-0.2796574375060831,-0.2870099598829957,0.3271954821593384,0.2574320800206977,-0.0971448683969583,-0.1425012863174937,0.3144708791550547,0.3184035776941156
Lonely_Q11,0.1329562395785954,0.0597599101799023,0.1243819750179855,0.1446089230016597,0.1338973019956805,0.1468450680187401,-0.0829983189818396,-0.1215619324904834,0.044958280596961,0.1518080749474946,0.0464400046922933,0.0426528678743723,-0.1028405790868656,-0.0541806429602625,0.0087923344805752,0.1014739583384251,0.1903804233140145,0.0301793086571291,-0.1062566302489487,-0.0227228126803021,-0.0875422466379561,0.1250156166288989,0.1454015742122623,0.1844136938474458,0.0119626592489846,0.0468413099482592,0.0977610030125997,-0.045118362035152,-0.0672995018509067,0.2623957285981448,-0.0407279173244563,0.2834710130279139,-0.179903752769207,0.1442534044207922,0.165365939731457,0.0900241266229973,-0.1329712281858654,-0.0835199134795595,0.2614062619109525,-0.058798243967837,0.2407661591683059,-0.2005293152994435,0.2614423865780438,-0.1233964711703998,-0.1045122275013506,0.2757809291333838,-0.1378163050006186,0.2168042151334444,-0.2152641227133621,-0.2333680181232975,-0.2483426099663394,-0.2930378136003514,0.3037082597516678,-0.2206410464914504,0.2499210670971499,-0.1866538771155802,-0.0846664984947577,-0.157502671483875,0.2162217943774189,-0.1206191144033647,0.1660366279702308,-0.0425891852591455,0.137480921612156,-0.1170299050520864,0.1040534125924836,-0.0762595587500895,-0.1153261527758695,0.1719077517022018,0.0868386782137867,0.005393866765971,-0.1510759702068767,-0.0731039801434347,0.0155251985347121,-0.2060164183297617,0.0545979939701209,-0.0859282240395616,0.0360966244438922,0.0563314462907823,-0.080086326626835,0.0278477757538116,0.0631083698496843,-0.1179445162098356,-0.0138466297856776,-0.0709068087106322,-0.0522239732063826,-0.1393557576728382,-0.0498813549584232,-0.1705811945908638,-0.0268914099678376,-0.2530266103803475,-0.2386167102722788,-0.3261624577362355,-0.1966793520573599,-0.2020618319699804,-0.3139788107482096,0.4225988582861147,0.4506213697350869,0.4740060766684658,-0.3225531195438084,-0.2905962989320607,0.3806949457993778,0.4601974676069318,-0.2287937614610946,-0.2551402275177465,1.0,0.4042350684451528,0.4626076432548137,0.5286889462227267,-0.2905607759635735,-0.2822224982701298,0.1885586140808029,0.3203310027620874,-0.2265344143625,-0.2557517461463259
Lonely_Q12,0.0924015458088354,-0.0439137965821584,0.1523341409813531,0.1570967274726088,0.0322457978011388,0.0414011289375531,0.0168963880461161,-0.0930060806263031,-0.0656555328431761,0.0074594959540332,-0.135179880644041,0.068055643562199,0.0142728757320628,-0.000661610623743,0.0917105619018606,0.1481166223715436,0.0771288414993442,0.0342950855884589,0.0084334339229353,-0.0330796233263689,0.0023528999903056,0.0063157237456001,0.083256598834758,0.1578178651368755,-0.0348514611244115,-0.0173308595297801,0.0217121533601134,-0.1163554047967456,-0.0985557545782826,0.182719488722416,-0.0908565150716134,0.2420348330066477,-0.0211223650609689,0.0609050763187476,0.1196385544536107,0.2513545936146736,-0.1656301646638999,0.0176755759213354,0.0836953255550033,-0.0206125076843638,0.1586278143842969,-0.1632595767473109,0.0887664941788192,-0.0052742039347818,-0.0782702074565769,0.1433214926611424,-0.0820134737611158,0.1012410489562533,-0.2070535786904095,-0.1681832002103157,-0.1770851060713539,-0.1574659697087392,0.2247032672196821,-0.1820935738297786,0.1261357066576891,-0.1849685564243108,0.0509429764169348,-0.1566274342624501,0.0956488014207038,-0.0954172901313123,0.1742191096546561,-0.1783878361079607,0.1152500521492063,-0.0682896229110954,0.0939644547241893,-0.1749316546221688,-0.1538734071088099,-0.0140601947090619,-0.1734242507327502,-0.1150421342816987,0.0004498458840873,-0.0051764190436859,-0.1544122789777101,-0.0878787783342399,-0.0159718314581837,-0.0924919577832094,0.1204942710263844,-0.2181547816758285,-0.1704259208765604,0.0152664785317654,-0.0908347268685622,-0.0626828150548827,-0.0334199809041418,-0.1102339411398571,0.047149889283664,-0.0162290691622001,-0.0626824556435908,-0.0584331340915213,-0.2143599414777454,-0.228125196728337,-0.1771299264997616,-0.204483205634183,-0.1325401104775054,-0.1708972454190619,-0.329502124534221,0.467069188603598,0.4195271483421818,0.3541880627894771,-0.3642340231554734,-0.3474835563332852,0.4134740604835241,0.4645308500881107,-0.1376882440184261,-0.2480397441643899,0.4042350684451528,1.0,0.500055289815083,0.4652152688157971,-0.2184094823532336,-0.3487777040065771,0.1157332617987349,0.4187823074281759,-0.2613933378224188,-0.3015543947773521
Lonely_Q13,0.1037453900065687,-0.0465355413226777,0.0923522931871011,0.1016107860294362,0.0492571118733683,0.0635402698933922,0.0114575071494116,-0.0022920636406947,-0.0183308499792045,0.1124850466903859,-0.0461829688048372,-0.0691113507913242,-0.0420939652796352,0.061333550742746,0.1064273199941596,0.1120422314868985,0.1420833976812764,-0.0018028500938485,-0.0264517936335804,0.0130435517959546,0.0026093438372461,0.032355938040415,0.1061067402500292,0.174434290230955,-0.0029784004549438,0.1216915119594416,0.1457072797032992,-0.0185415547305154,-0.0971890676980894,0.2346113961390684,-0.0875402963294793,0.2566077326701073,-0.1012735344762114,0.1538121441424375,0.1002490838483216,0.229056472107188,-0.2197296035538303,-0.1215447885403017,0.1594942596707534,-0.0747070363638356,0.1965363090915872,-0.2075732360826928,0.2232549248088767,-0.1015811932918423,-0.0849780673875557,0.2101554684035026,-0.1208965229540628,0.2162449809107773,-0.3086595067003264,-0.281729146224168,-0.307567707996277,-0.2695337487984405,0.4250450422499293,-0.2642638263773831,0.2608292266056087,-0.1854959820591753,-0.0236645313508027,-0.1483700455757036,0.2303410888988819,-0.15906610363339,0.1799555854837778,-0.118004112073704,0.1276413690884602,-0.0300966105668145,0.2088176432908368,-0.0157646403620568,-0.0607639731442101,0.1447436414289902,-0.1094266092577344,-0.1197679356661879,-0.1255058214075448,-0.1066124590756322,-0.0439468216107543,-0.0645258885794054,0.0387304439570623,-0.158072433430942,0.113823486659191,-0.0639284058575109,-0.1075228201397003,0.0193812544149597,-0.0707015429849072,-0.0260102295731998,0.0266801895550135,0.0313578644550807,0.0255018005112572,-0.1363839670760311,-0.1059194489279558,-0.1480619282540333,-0.149619201582435,-0.3280690758803453,-0.3100703065756411,-0.3375650111881513,-0.2793777679827404,-0.1971464349783166,-0.2571057426732425,0.5028404243710434,0.4888939691853651,0.4399240947122496,-0.2800219176691876,-0.2747077550286153,0.3542642804708528,0.6295037387374106,-0.0731917843814468,-0.2796574375060831,0.4626076432548137,0.500055289815083,1.0,0.3924257303500659,-0.2738680774367362,-0.4157382158225919,0.1303377291383189,0.4757228301221236,-0.2732470425893784,-0.3154060610690399
Lonely_Q14,-0.0091046000822754,-0.0557831030677347,0.1683069608743281,0.1990540408416413,-0.0413545343913674,0.0904055501018022,0.0225243301321972,-0.1035463096597487,-0.0645294420229899,0.1238559940936821,-0.0499283937565249,0.1468146536183905,0.0272339790652971,0.0333893767953103,0.0285978693711718,0.0649057011527301,0.2204453841814274,0.1187229147307019,-0.048921384624694,-0.1043270044539474,0.0364918599320609,-0.0497589364191033,0.1506103371460069,0.2848667676916172,-0.120807953214035,-0.0208621932141847,0.0673481119048963,-0.0814495061743755,-0.1027609759028649,0.2638574875479917,-0.0564295571002404,0.2570385148103702,-0.1147056040711443,0.0645677485772307,0.1324638676299057,0.1309492618438238,-0.1007189530848005,-0.0105157997406136,0.1669687200723745,0.1297963516433281,0.2733304823582523,-0.1881227767935063,0.1440807903716446,-0.0762443751566052,-0.0678569905011034,0.2123240520843042,-0.0574399875688427,0.2170310085532208,-0.3040220702781075,-0.2955372644925674,-0.268603449427361,-0.193003221236923,0.2842915032250309,-0.2404551289775143,0.1620323885304594,-0.1620977863159906,0.0595346882622635,-0.1004946423704471,0.1645531239995578,-0.0963081225920526,0.1714759469411686,-0.0859818050482749,0.0286738379521403,-0.0462335731561613,0.1647981471181173,-0.0638710874526176,-0.021608499425323,0.09194557714357,-0.0095927644650007,-0.0958730940098835,-0.0171297054984416,-0.0258522475894361,-0.0162259073874663,-0.1227741341551035,0.00687430753828,-0.0590676846740529,0.0591230232758894,-0.1062181668153028,-0.1002849505068692,-0.050782080516438,-0.0569682873520292,-0.1527295849943452,0.031278459783597,-0.147977221465089,-0.1199736230739585,-0.0942813061857505,-0.0003420405336854,-0.0606482653419437,-0.1095829375917316,-0.2603084856535402,-0.1956747840681511,-0.2736812951269117,-0.1900604791177554,-0.1974970592116801,-0.3791892222148927,0.4377388224487035,0.4251081384419279,0.4155839985900816,-0.3597463903542377,-0.2802646982672945,0.3130347908309498,0.3611337525121972,-0.2396991700192468,-0.2870099598829957,0.5286889462227267,0.4652152688157971,0.3924257303500659,1.0,-0.2428558363703795,-0.2165030296408623,0.1574902814588051,0.2751928821083848,-0.20938626951427,-0.2034536432980017
Lonely_Q15,-0.1024581850826866,0.0836381797772625,-0.1157817626801262,-0.0806910051446069,0.0164076249545203,-0.0691638188341943,0.0708811006106746,0.2115641547236942,-0.0204733931203913,-0.0934417814652237,0.152468049136097,-0.1154601835823692,-0.0310065778646962,-0.050670340295754,-0.0861058457509429,0.0657229760897207,-0.2250045559673955,-0.0257939038494424,0.0707482076922021,0.1064846578654132,0.0703758370638594,0.0331233269003755,0.0279245554416516,-0.1116219388466891,0.0237495342481289,-0.0204448908764575,-0.0399870332364295,0.0566657860330717,0.1535192876245678,-0.0815214290101035,0.2150952647402075,-0.0446810958922846,0.3018093392737191,-0.0582532904306341,0.0165369888182173,-0.0939438105584029,0.1860902698120276,0.1502144113571346,-0.105064117234236,0.0750172510188448,-0.1272679373961874,0.2064231127399684,-0.1440620798972954,0.131486281641479,0.1121243009874778,-0.130376347006436,0.2470614640553936,0.0027515601258954,0.2218019173635464,0.222582488606669,0.2363947006775059,0.1960199003085712,-0.2267818372262124,0.1924900365579151,-0.1770271685963433,0.254468424447815,-0.0164802799549556,0.0876667625943246,-0.177323325218828,0.1605315142567744,-0.2448579022297933,0.0814342974839111,-0.0453472109309918,0.0555646071078158,-0.1821927941787114,-0.1099573751241059,0.0294087171466132,-0.0711478841089279,0.0622824329028977,-0.0246357520711885,-0.0192955629245342,0.1064687836258597,-0.0266000355350019,-0.0293383235435305,-0.0825842138056568,0.2041754205970771,0.083748005936062,0.0321506351739813,0.1348203715423357,0.1014343540945242,0.031672824353831,0.0120243147355351,-0.0032445797986976,0.0871681787583708,0.0618647901918641,0.1124150190641354,0.1196634132867415,0.1140783442781206,0.0462770863104721,0.2385332030295542,0.2486096879268978,0.2244781152957077,0.2848804724281485,0.1033851841571017,0.2770505826471528,-0.3297066290619432,-0.3689538280578585,-0.3134577776174544,0.320292252415165,0.3262477612408557,-0.2019124584289933,-0.2376403650451682,0.2755745706275881,0.3271954821593384,-0.2905607759635735,-0.2184094823532336,-0.2738680774367362,-0.2428558363703795,1.0,0.3868393752747625,-0.1756896229886839,-0.2345605255571681,0.5224109746788019,0.6014773615090939
Lonely_Q16,-0.0678684625719647,0.0881779768460253,-0.0953475443233026,-0.0477895933588849,0.0345827359457452,0.0485415202556615,-0.04518488401644,0.0329866224302845,-0.0236788694279486,-0.0137043084197434,0.1392781136127134,-0.1150267247341811,0.0137139583246487,-0.0716312929951151,-0.0848319841279985,0.0743334056737393,-0.1245263327580099,-0.0805136766253476,0.0796085693636707,0.0586851630256983,0.0938530146869503,-0.0381384698230009,0.0341649749913608,-0.0969198854691747,0.1240073055103629,-0.0332151523617233,0.0039177380267483,0.0573036317612663,0.0556158822336277,-0.0304429680462286,0.1865370270228559,-0.0376816619050037,0.1941993371290483,-0.0848615132573691,-0.1443129693795836,-0.0977359089735809,0.2433953002037954,0.1131113504131,-0.0342049460231369,0.115144372244972,-0.1365787036072533,0.213305822732533,-0.1894816861233269,0.1144295621724331,0.1477207244117769,-0.0207683571064421,0.1990185607291797,-0.0395446549630301,0.2169219874508226,0.2046415804419048,0.2683487813933232,0.1865433982429847,-0.2574185084242267,0.1971714090261107,-0.099388635642525,0.2031873111568825,-0.0049088424073335,0.155198890676767,-0.1336345196994202,0.032082745556083,-0.1633141860955102,0.1613509056194789,-0.1549932062768731,0.0298095916790491,-0.1427838373414068,0.0422794784942799,0.0981958329247022,0.0600028912628972,0.1692672158335301,-0.0235897494385711,0.0495339793236957,-0.0025853031843911,0.0811858956041978,0.0386998355044143,-0.044894563966818,0.0772034566647878,0.0410243665583956,0.1436741388247477,0.0639668549297579,0.0238846792521077,0.0271443549747564,0.1357803523387175,-0.0509166857191456,0.0591990204239656,0.0081161534653999,0.0318217616962537,0.1236116543023811,0.0683686065069539,0.0948332825881412,0.1980089835986845,0.1986202017913656,0.178745939677855,0.1569022674973144,0.0431685884033478,0.2944800353975398,-0.3724456370131832,-0.4054469374217893,-0.1970241114867879,0.3772293101120266,0.402429944852112,-0.2703855406101242,-0.3018648873397143,0.1850888632494349,0.2574320800206977,-0.2822224982701298,-0.3487777040065771,-0.4157382158225919,-0.2165030296408623,0.3868393752747625,1.0,-0.1519179754060819,-0.3293116592762111,0.473181808895334,0.4815789844899922
Lonely_Q17,0.1053470507066984,0.05467935964814,0.0621726227610167,0.022743952259353,0.135960805934968,0.1598136005251207,-0.0749251118345691,-0.071843060420976,-0.0777555578946928,0.1453502989287168,-0.1597187117532288,0.0457124718789393,-0.0252496973502185,0.022311410116618,0.0420824586156431,-0.066280107578243,0.2300889939780117,-0.0230151957499597,-0.1694464805463573,0.0028406320810403,-0.0695808157454921,0.230756176452971,0.0516882818842207,0.1600076991209204,0.0300384637515525,0.0211689229393712,0.0415702154106896,-0.0379046998797783,-0.0662152467552698,0.133083571203997,-0.1076213385022206,0.0873003879836549,-0.3013911818381051,0.1920864321009369,0.2110091183582677,0.0368725486665811,-0.1372666428660096,-0.119723698010684,0.2186473113924964,-0.0544261192546463,0.3306992392924874,-0.113572480164271,0.2642944702398201,-0.1497842002370274,-0.0909834255376885,0.237240266012788,-0.2028963402389169,0.2163209461844008,-0.1235290043381233,-0.1179147646629186,-0.1440333860696495,0.0001153890629846,0.0770063569410699,-0.1125164654749377,0.170935673755018,-0.4530644724352468,-0.0445253700849607,-0.1351296758157606,0.1980137377917036,-0.1759536158577091,0.4145584634267298,0.0909263171930755,0.1050851865134946,0.053590268069502,0.192776391351426,-0.0532119037650347,-0.185167491499646,0.1545132627012188,0.0499399660374279,0.0371338153864838,0.0340276899948907,-0.1642105490883263,0.046152835821639,-0.2588372320888666,0.0331059534778095,-0.3183380291107187,-0.1322462936727347,0.0351363467468745,-0.11910048098154,-0.0347142174026794,0.0994803829494329,-0.2755456328766724,0.1068513978147192,0.0991219549349586,-0.1227571768667883,-0.3613217625508353,-0.1651709905504049,-0.1282033569088379,-0.0186845945478499,-0.1735168808034305,-0.1480788410141063,-0.140917571158768,-0.1419431833191435,-0.0690199103253828,-0.2275338912345871,0.1398937388220955,0.109343928309217,0.1452545629745769,-0.1086244231931591,-0.093237143796451,0.280747207140396,0.1777149940195127,-0.2021596556578981,-0.0971448683969583,0.1885586140808029,0.1157332617987349,0.1303377291383189,0.1574902814588051,-0.1756896229886839,-0.1519179754060819,1.0,0.0316462502063026,-0.137816124116565,-0.0780840310423256
Lonely_Q18,0.1023116287897303,-0.0181682842563461,0.1015808446457536,0.0397621902003445,0.0368090044146655,0.0279338124172458,0.0094266697476011,-0.0234349495473688,0.0015169438701432,0.0352813516592062,0.0104359209232052,0.0187172801271365,-0.013324825059844,0.0045889290090481,0.0873434224960868,0.0550354118882516,0.0642896990751639,0.079318684323902,0.0308486520535356,0.0062183417291507,-0.0037220382639377,0.0221829742456975,0.0227652803587894,0.0174181593602839,0.0382362349888568,0.0885900237903498,-0.0010326696424403,-0.0676435039278966,-0.0705763513527257,0.1336032084948579,-0.0536805605057236,0.063854830927322,-0.0570769370928891,0.0198631113478266,0.0740565022290576,0.1081567111409205,-0.1588807981259185,-0.1215820605190418,0.004614154270471,-0.0185383747477199,0.0146776011437969,-0.0881603529922608,0.1167759507691306,-0.103829978884833,-0.0174120193659337,0.1220517519525853,-0.0465832823421238,0.120633165150296,-0.1600972843604562,-0.2148489583747758,-0.2090185746295088,-0.2682826415207965,0.2468835991817552,-0.1882363633961802,0.1611802845163402,-0.0646133454093848,-0.0386906229594648,0.0175172183749454,0.1318703554636372,-0.086239428658425,0.071821258477704,-0.0936827222658033,0.0227833460917161,-0.0118846749533723,0.1046309908830576,-0.0016524689878827,-0.0765822722947456,0.0916110704646428,0.002187089395193,-0.0147146522897251,-0.0995266572560169,-0.0925935583595138,-0.0679084488410526,-0.0431948199721645,0.1186848308264106,-0.0011040584972309,-0.0253536755568786,-0.0623318571042441,-0.0446196062508701,0.0067195245648158,0.056953914257384,0.059064270094353,0.0627392116576334,-0.0893522041963583,0.0163940532817621,0.0530110508544424,-0.1004201439333487,-0.0837159935400215,-0.0485267481818344,-0.1167808191972049,-0.1580125454597775,-0.1456432357268566,-0.1549376013780801,-0.0784730903193038,-0.0720363720306814,0.5758222231527624,0.4854570272210142,0.352312433493027,-0.2465680884454836,-0.2675032547205013,0.2664789389499394,0.3447734307538329,0.0600815543707167,-0.1425012863174937,0.3203310027620874,0.4187823074281759,0.4757228301221236,0.2751928821083848,-0.2345605255571681,-0.3293116592762111,0.0316462502063026,1.0,-0.3526250984992547,-0.3377672257742748
Lonely_Q19,-0.0597766734550575,0.1699924293377847,-0.0250652430564341,-0.1210077723133399,0.0263958355633774,0.0095119172161735,-0.0018359494618546,0.1053660072965637,-0.0351584627949457,0.0357257564852356,0.0513363936055098,-0.0768485472933794,-0.1987795615780155,-0.1118129478194399,-0.0854050466239032,-0.0166509595972461,-0.0906729442271739,-0.165137769711223,0.0092952455839731,0.2117124167655105,0.046763523786963,0.0683728451937203,0.0778324249955287,-0.0453420141936775,0.0722167471935502,-0.0262887455452675,0.0594580871645722,0.0234896457833474,0.1839554881994434,-0.0311284398020411,0.183860669766742,-0.0352938984859448,0.21452343711124,-0.0163872820497641,0.0901971787423995,-0.0441790399568936,0.1662562592436186,0.232094825775506,-0.0148067680070964,0.0598193285889543,-0.0232116422104718,0.2203394370476326,-0.0770004673091278,0.0768828399884151,0.0647078259677773,-0.0295884166648975,0.2329140535353752,0.0471716672049299,0.2345227930124222,0.1974841804777231,0.1969536950066875,0.1582371767679881,-0.1317042530703564,0.0833541796468373,-0.0532150087772694,0.2475740140099173,-0.0065987412500903,0.0531740657197774,-0.0618026718379172,0.1373307550597505,-0.2261766478842338,0.217092074779259,-0.0874689743956736,-0.0653441307099005,-0.167544399201646,0.02237561993334,0.0482088913781715,-0.0386871646055541,0.0833773744286644,0.0026321963752998,0.0565537879987748,0.1476891553558313,0.0303418921724673,-0.0314301789612984,-0.062887941935817,0.1747686254536058,0.1077260819342153,0.1034369075980072,0.0755747662600031,0.0802657734467609,-0.0065447483987415,0.0533093921474217,0.0145128557671878,0.1162503683397621,0.0136268746089062,0.1306149744734721,0.1686485093231543,0.1476137610482783,0.0702003310272558,0.2251074049879148,0.1941648501029588,0.1808578371065176,0.1876820371982935,0.0898742486642878,0.2332233573564648,-0.3597457403626587,-0.3767006579033666,-0.229756893996979,0.3308916103479754,0.3162793408009043,-0.1875543558292749,-0.2583530317438934,0.1643708129697604,0.3144708791550547,-0.2265344143625,-0.2613933378224188,-0.2732470425893784,-0.20938626951427,0.5224109746788019,0.473181808895334,-0.137816124116565,-0.3526250984992547,1.0,0.6950237653584361
Lonely_Q20,-0.081425151066514,0.1147248249172267,-0.1012530078010398,-0.1626495007993366,0.0276986726011051,-0.058560844120776,-0.0079603729037462,0.1210634752721768,-0.0095267120072394,-0.0115727972049815,0.0953951960439342,-0.0992428518129115,-0.1292414264556252,-0.0791916065134131,-0.165053581364961,0.0209140036759093,-0.1490682512936374,-0.1163555212713594,0.0168955576116526,0.2225891448019245,0.0633512493188936,0.0331309337139678,0.0440735358085972,-0.0646418254119264,0.0903601524690793,0.0183712243779156,0.0614944953929545,0.0643886858313042,0.1691867574389952,-0.1045334262583997,0.1876373528869257,-0.0777483807729203,0.2023011562666512,-0.0905659702254216,0.0410379878122161,-0.1152024363732728,0.1645738948048675,0.1820658716094484,-0.0533354504729025,0.0199843087255379,-0.0532636703590299,0.2299090932269878,-0.1606490311411339,0.1003154915457034,0.147706993503259,-0.0674509110676681,0.2473193166086637,-0.0247872763480934,0.2762504538141785,0.2753403076802188,0.2603916433514484,0.2595137318875999,-0.1607705827350904,0.1803302681123169,-0.1121671198813702,0.2175904326348006,-0.0328323186680776,0.084164821733751,-0.1189091776710583,0.1227587798677859,-0.2055369091883478,0.2052370818033098,-0.0917215512832835,-0.0226205650564064,-0.2325620889854567,0.0695454801808567,0.0983023458653087,0.0255558455801057,0.1498964372667413,0.0578512421339763,-0.0122079255282044,0.0454179796987757,0.0706219261368966,-0.0211313278369099,-0.0339605233616988,0.1367127174235142,0.0796408092289917,0.1593137222858006,0.1472980966950929,0.1036045605858846,0.095886238889255,0.0861688491556025,0.0185921574832492,0.1188408621622824,0.0036076412616781,0.104021053630235,0.1428545002359907,0.100824342659926,0.1011183419919277,0.3114551670738706,0.2927371460516081,0.2613301114671195,0.2611167242612387,0.1516606727913494,0.2507873905696687,-0.3532474257567061,-0.4020347026622214,-0.3606853647184687,0.4007504518109639,0.3635278723935936,-0.2492248617052789,-0.2740196018474573,0.1761113908655651,0.3184035776941156,-0.2557517461463259,-0.3015543947773521,-0.3154060610690399,-0.2034536432980017,0.6014773615090939,0.4815789844899922,-0.0780840310423256,-0.3377672257742748,0.6950237653584361,1.0
