label,IRI_Q1,IRI_Q2,IRI_Q3,IRI_Q4,IRI_Q5,IRI_Q6,IRI_Q7,IRI_Q8,IRI_Q9,IRI_Q10,IRI_Q11,IRI_Q12,IRI_Q13,IRI_Q14,IRI_Q15,IRI_Q16,IRI_Q17,IRI_Q18,IRI_Q19,IRI_Q20,IRI_Q21,IRI_Q22,IRI_Q23,IRI_Q24,IRI_Q25,IRI_Q26,IRI_Q27,IRI_Q28,PANAS_Q1,PANAS_Q2,PANAS_Q3,PANAS_Q4,PANAS_Q5,PANAS_Q6,PANAS_Q7,PANAS_Q8,PANAS_Q9,PANAS_Q10,PANAS_Q11,PANAS_Q12,PANAS_Q13,PANAS_Q14,PANAS_Q15,PANAS_Q16,PANAS_Q17,PANAS_Q18,PANAS_Q19,PANAS_Q20,POM_Q1,POM_Q2,POM_Q3,POM_Q4,POM_Q5,POM_Q6,POM_Q7,BigFive_Q1,BigFive_Q2,BigFive_Q3,BigFive_Q4,BigFive_Q5,BigFive_Q6,BigFive_Q7,BigFive_Q8,BigFive_Q9,BigFive_Q10,SelfConst_Q1,SelfConst_Q2,SelfConst_Q3,SelfConst_Q4,SelfConst_Q5,SelfConst_Q6,SelfConst_Q7,SelfConst_Q8,SelfConst_Q9,SelfConst_Q10,SelfConst_Q11,SelfConst_Q12,SelfConst_Q13,SelfConst_Q14,SelfConst_Q15,SelfConst_Q16,SelfConst_Q17,SelfConst_Q18,SelfConst_Q19,SelfConst_Q20,SelfConst_Q21,SelfConst_Q22,SelfConst_Q23,SelfConst_Q24,LifeSat_Q1,LifeSat_Q2,LifeSat_Q3,LifeSat_Q4,LifeSat_Q5,Lonely_Q1,Lonely_Q2,Lonely_Q3,Lonely_Q4,Lonely_Q5,Lonely_Q6,Lonely_Q7,Lonely_Q8,Lonely_Q9,Lonely_Q10,Lonely_Q11,Lonely_Q12,Lonely_Q13,Lonely_Q14,Lonely_Q15,Lonely_Q16,Lonely_Q17,Lonely_Q18,Lonely_Q19,Lonely_Q20
IRI_Q1,1.0,0.1629306245812791,0.0402504285359325,-0.0577881067093128,0.2574063591238653,0.22360354840983,-0.1945684012318745,-0.1340795177315799,0.0954020655612338,0.2180160518657795,0.0241463462823097,-0.1181319828435795,-0.0716599580322676,-0.1350378612576989,0.1181887052559012,0.1799610937376048,0.1990156799342056,-0.0358606844136391,-0.0963124239800578,0.1854978018326149,-0.0039680992269869,0.1797772243936418,0.1211315394988112,0.1071729078051158,0.0299730887945279,0.234637199479663,0.1493053853649166,0.0381897007280531,0.3233382613170645,0.3226439642719769,0.3242202685317638,0.3767635243166045,0.0491555279291787,0.3379181724952265,0.1766561036972692,0.0510557691878328,0.3309173045896665,0.1988942901305642,0.2224035026944385,0.1408780297243329,0.4148033022272685,0.2166283594827563,0.2072000330306852,0.281776329549682,0.1808788817008207,0.2337828168974968,0.285136149562525,0.1894449741601357,0.3569617027034453,0.2532601172863714,0.4016965600865309,0.3692250060944012,0.4121962855519395,0.3227093903012726,0.405440764617246,0.2681104991176624,0.1206593168179337,0.4116283178273542,0.3032597705501169,0.5778299121673217,0.1157760137879599,0.3093205225104306,0.0525979289332962,0.0640639470935072,-0.0614662029091231,0.2713154863819565,0.3236872602969654,0.218083689977984,0.4617655790104363,0.3375731898656924,,0.154153189447122,0.1770520132913178,0.3093994787934104,0.2825634875765679,0.4064045213416133,0.0956498280585054,0.2981662333311035,0.2415529057159409,0.8439549073994337,0.3941923217808429,0.4871979962543025,0.3878451219979651,0.3628176627079193,0.3747205597221216,0.3373764839249658,0.2307975043062342,,0.1934472984777119,0.3076927069183651,0.1205513879858276,0.4209436942919031,0.3769271785734316,0.3775999190591164,0.358007220032604,0.153327584336143,0.0258850776280831,0.2887377218719778,0.3217867428974325,0.3180165190934453,0.2339056342428592,0.4205595764599216,0.3245123994945107,0.3510949481722881,0.2489392551241333,0.0699042891373464,0.1988942901305642,0.1221227835175359,0.3402202577289293,0.1927037090179262,0.409752769136612,0.1809621518486183,0.3959938772339917,0.2564360535553621
IRI_Q2,0.1629306245812791,1.0,-0.1213417403072272,-0.4068782657870591,0.3126269023546147,0.19402856302205,-0.2038623544177101,0.04364206885488,0.4313571299765021,0.1588517548246531,0.1742516782971677,-0.1780248457786501,-0.2254421377888885,-0.3809555237965596,-0.112207590431801,0.1898580910846838,0.1346549750157294,-0.4339872419792718,-0.0791459013151322,0.4710198577153128,0.1131132741751063,0.433687798286946,0.1380577723787997,0.0971145751545771,0.3787597466098497,0.0551759298731606,0.3290042956196934,0.1876949209359912,0.3571216121629163,0.5213274025473956,0.3180826456713392,0.2741574662967659,0.1656621447052428,0.4577855320876203,0.1852119256215135,0.0152005508064088,0.5265212296120138,0.2168720202042274,0.1059124665911137,0.1978440248304863,0.3206859931035959,0.3355335772422094,0.15642893670898,0.3296046163068959,0.2437570013930992,0.1744390841607472,0.4076424045481338,0.1390999628773156,0.6719647203282727,0.401228339409675,0.6472623126047193,0.5869361157276056,0.2853126408682008,0.626189325650754,0.3068357674878258,0.5059960133988548,0.0467611110202784,0.512816969903092,0.1349409537435388,0.4565360251095625,0.2726705707251045,0.7933610287312626,0.0528034366508547,0.2987207146240013,-0.0760658816685292,0.3053847198197508,0.3093296025308216,0.089669687130006,0.5992082882574062,0.4104928730526019,,0.1644922176272181,0.2021965271284896,0.3504461806751963,0.3025782628817306,0.4281004700335771,0.1961278125406261,0.3333876619676008,0.4142411392633486,0.2529928492921713,0.6278179888338693,0.4910349484757796,0.6003354334018229,0.6186675319492434,0.5327433099320005,0.3407309216604943,0.1544242274097338,,0.2161192494837044,0.4699619827737517,0.2966884827983773,0.4924212263834187,0.4470032904822152,0.4314084433006142,0.4827945417681912,-0.040743168943584,-0.0693028138408599,0.0838165645211568,0.4517339369547865,0.4401966459109385,-0.0763538078818085,0.1644922176272182,0.5181822271294341,0.5477269138272799,0.0492186894846962,-0.0257327674658042,0.2168720202042274,-0.0540992551712023,0.4791675340054731,0.4570515402998933,0.0630258452882014,0.2013201463453254,0.5272700502350016,0.5198158500159613
IRI_Q3,0.0495545475267048,-0.1243677723064711,0.9319183659246733,0.2091509695864161,-0.1069208249372183,-0.0620824981136425,0.1465110599137689,-0.3158662889508513,-0.1184955030607518,-0.0060821913780938,-0.3060922479831222,0.1345467306207535,-0.0539982970504138,0.0341614895558033,0.2181371029708643,-0.0027574466578628,0.0600246943029394,0.1297059475448143,-0.0162697511301666,-0.130715011672433,-0.2007347214658403,-0.0848655713540229,-0.0640694188287326,0.1590093547863582,-0.310401963741439,-0.0752032440468383,-0.0124983289887177,-0.3171303751228976,-0.2833431011755411,-0.0076305961564264,-0.2132637844813631,0.2138188245500306,-0.1433131006296717,-0.0108369407137451,0.2241431601062553,0.0996006102508716,-0.1540605315703497,0.0639900212272617,0.3433553146380458,-0.1195504641492715,0.1440873528581802,-0.2189939904556041,0.0775202769088956,-0.1495409434735617,-0.1607640960087543,-0.0391187383325376,-0.3138107170330107,0.0266143005660983,-0.1381334798938316,-0.1278983834833601,-0.1282368923904795,-0.1490003752155905,0.0735228916294845,-0.12654920425912,0.0103482708961073,-0.0635239733411181,0.1631516472790822,-0.1441913791081621,-0.0257795031756114,-0.1250481913956578,0.051326642841648,-0.168698089852972,0.0844182763234632,0.0190800294823129,0.1368679406695523,-0.1348276346690279,-0.2209676887170832,0.0546708681347449,-0.1099601685186589,-0.0730242780551678,,0.082794819062471,-0.0155868171366168,-0.1224297111995897,-0.0094292514360333,-0.1557424051675125,0.1446649132138806,-0.0495063327044844,-0.1155215933205319,0.0101326236485821,-0.1406057173539437,-0.0896509847758264,-0.0562844615031903,-0.1474232998070161,-0.0368246591507946,-0.1043138686525793,0.130095591695267,,0.0639282311039938,-0.1086845297100687,0.0069383817894983,-0.1016335071278981,-0.0537550248244583,-0.0191046152226458,-0.1804337530233473,0.2901095817532289,0.3787464852901429,0.2954819930045007,-0.1964785230104273,-0.2054870560926619,0.1271358995807472,0.082794819062471,-0.1603001821471512,-0.1168493593575053,0.3300905161573376,0.4021190050181726,0.0639900212272617,0.4447919885696052,-0.1815047518694723,-0.278660551745764,0.2609486001149586,0.0396603289801487,-0.1210378207103628,-0.2077428352979864
IRI_Q4,-0.0556673422938798,-0.4091052462836276,0.2109513826536858,0.985913917245416,-0.1992286547796675,-0.0779135705531323,0.1442313037240863,-0.175986794585353,-0.369768641352265,-0.0697552910174694,-0.1839944554456734,0.181730765747708,0.1744838447858174,0.3968691609795765,0.1736703125142834,-0.1579491585510836,-0.1077809805335068,0.4657896632145917,-0.0799076150047423,-0.323050341441789,-0.1892161559940388,-0.291830890431954,-0.0782073780534736,-0.0010154138652087,-0.276604075983154,-0.0877201842164327,-0.2939968274203516,-0.2528712882953051,-0.2862052709618178,-0.2407568592204018,-0.2203571553306676,-0.07608817521925,-0.1615285429993447,-0.1842733085857301,-0.0484136281754707,0.0112893903605798,-0.3053521737098348,0.0538968618975473,0.078740678989839,-0.128931534968944,-0.0510939348076356,-0.2829829608203196,-0.0825524221817384,-0.2642970802844311,-0.1972194957121202,-0.0463214244135158,-0.3317625172259237,-0.1059663646136315,-0.4379813915487536,-0.3263545245948626,-0.3671717984329296,-0.3870191981148436,0.0256715965637655,-0.4356695354422858,-0.2032989048486958,-0.2823458332837147,0.0319118116784598,-0.2960633485412113,-0.0701808648238554,-0.3169816021567357,-0.0741164812281379,-0.4442558987132101,0.0418650261002598,-0.1911207527114738,0.048611333589188,-0.1350109107623401,-0.3194084110367553,0.0709266640240006,-0.3286843526742672,-0.2015007831432722,,0.102495637965712,-0.0231308235084305,-0.1062694293667649,-0.1001413499592978,-0.298004717180338,0.0228452928129628,-0.0927374822331233,-0.1872926164310117,-0.0685238989375264,-0.3737901573909806,-0.2418652752875592,-0.257906649281018,-0.3147035353796557,-0.2452594967253227,-0.1562789077632354,0.0204575234926241,,0.046107531496135,-0.2204498696223219,-0.1773058081954576,-0.2876851558820672,-0.2327251741692304,-0.1918319173001053,-0.2935549631640157,0.0849605335390042,0.1546852093675943,0.0441494062214781,-0.2861500164044644,-0.2917226882246089,0.043338605417191,0.0189895952831107,-0.2913683505338936,-0.2275238435475856,0.0964681444032788,0.1251483634576167,0.0538968618975473,0.1679543055922147,-0.3382226230130251,-0.2484246041337685,0.0869792995550091,0.0431574538476381,-0.3114227945257686,-0.2943867842040053
IRI_Q5,0.2574063591238653,0.3126269023546147,-0.1070154329884996,-0.2077880383566709,1.0,0.2851662937041197,-0.4826296819158512,-0.0155427229476934,0.163747171405758,0.1902385121016869,0.1308622489953813,-0.4444076308591782,-0.2083347080126207,-0.1952796827061214,-0.0645744827510085,0.3882186581488259,0.1798070758649685,-0.1771594816766668,-0.0791800914490894,0.3515875061976718,0.064878854698566,0.2849297078644677,0.4110853675010374,0.0860259739104264,0.2563777853700162,0.4189070389956434,0.1902438874283977,0.1546320292244173,0.319867311821757,0.2818960770755732,0.2459669404805956,0.1512879047726056,0.1040528787127658,0.2888435245494596,0.0665437150200003,0.0186028813235024,0.417813600263009,0.225318922480562,0.0317594098577591,0.0993056827184134,0.1772766866692163,0.2255238238587078,0.1332716484262046,0.1722905478762246,0.1373205193813452,0.1943841333786065,0.2912601878991508,0.116114129148331,0.3995160644307657,0.2281385482816143,0.4400770347773873,0.3323588954469584,0.1871762691666078,0.3573664853161814,0.221285413032042,0.2498074257300359,0.0629148407656387,0.3265930640783032,0.2051487075357042,0.5051331926748097,0.1844046858912849,0.4269771404314003,0.0346525909888594,0.1400987772600414,-0.0831445873110228,0.2087112809747179,0.2647963684741942,-0.0256536003426315,0.4424282780265841,0.3201939433817681,,0.1189817863665319,0.1958309901123314,0.3289432267072099,0.102674681699281,0.4025342978276455,-0.0448772262654352,0.2983889975781857,0.3074424287190084,0.3587112274760767,0.4186405474241225,0.3836310062818516,0.4047041126361008,0.4095303758437811,0.3522860364103453,0.317900753897797,0.0366407076488811,,0.2164566979449887,0.3267831221439969,0.1999068386714362,0.3705940307456803,0.3678298857526321,0.3211329259112635,0.2684207981129229,-0.0113721922147501,-0.1269033813014261,0.0210872943909927,0.2871703984301696,0.3486989379905842,-0.1379411969564684,0.1622137150621123,0.291656526423344,0.3506273722540159,-0.034199518150561,-0.0940490842516082,0.225318922480562,-0.1140434564790505,0.2595074031894634,0.255865714213684,-0.0015402880036784,0.2029279879422283,0.3336995877419114,0.2720841345436485
IRI_Q6,0.22360354840983,0.19402856302205,-0.0577685413996828,-0.0780789139849797,0.2851662937041197,0.9999999999999996,-0.2544133877131385,-0.1187835798964962,0.059775654477179,0.450716133365998,0.0113468357487497,-0.1303531729300953,-0.109047119005336,-0.022973855498493,-0.0445303249019993,0.1899455853316142,0.4586603399323843,-0.1416535622716827,-0.2904878123626755,0.1637642361363218,0.007832636620925,0.19781231543707,0.1643113994288264,0.3436835924069406,0.1720068640766147,0.1344247383708329,0.2610621024520778,0.0168497986452763,0.2158899142633687,0.1919841500998814,0.1108621310614603,0.0923869702854792,-0.0269802476869368,0.2098614861978755,0.1547897132187802,-0.1245924282865244,0.2455683650650092,0.0928659779235394,0.0898942099094222,0.0797014094577369,0.1611604068748438,0.1177731302547997,0.3437143660110978,0.0852363180017785,0.1076637336800152,0.8018350089742239,0.2539986587740523,0.3953730336366122,0.1614114643298705,0.1419850598990046,0.1918752512655001,0.2304851591042215,0.3191718181340318,0.1355438411744436,0.3370876045191503,0.0879835655498759,-0.0555717928194462,0.1587268687612902,0.6424975322531408,0.2780354187510699,0.0301148000509135,0.1725125239042065,-0.0352932939978746,0.0457371021213778,-0.1689719052871951,0.2887074919056771,0.1782185317961234,-0.0266693432942182,0.2178184458158396,0.1377400886300364,,0.0275713389344276,0.1290493367576861,0.1534460605769663,0.0502014962922648,0.2352338877054509,-0.0026871611206496,0.1983892788604475,0.157295673985286,0.1990293887792766,0.2180667205396121,0.2414440770423865,0.2374444308204546,0.1715301025697081,0.1849902775759364,0.1772842312808491,-0.0003880286613054,,0.1250031084765476,0.1782341845805072,0.0606286123094952,0.2155080909274588,0.2249705046697054,0.2015968348662549,0.1230440746738941,-0.046091285188581,-0.1061155869896129,-0.0284066158863963,0.1689725120140021,0.2216709931874273,-0.0881010224249146,0.0765870525956319,0.1640595162367579,0.2080663705614998,-0.0286352881290566,-0.1110856660305237,0.0928659779235394,-0.0523031702174893,0.1328164889033815,0.1661429892022655,0.0319698730891795,0.1141009168392826,0.210193863514318,0.1662621043603823
IRI_Q7,-0.1945684012318745,-0.2038623544177101,0.1808364476527624,0.1543397008978354,-0.4826296819158512,-0.2544133877131385,0.9999999999999996,0.0713643309610673,-0.1057966429204328,-0.1867922909911915,-0.0864423561078434,0.4448128083037581,0.2019491985963793,0.1564358238327165,0.1007631280884473,-0.3533327981634893,-0.1384863913491485,0.1797160748952083,0.0953366085928164,-0.3385255334990606,-0.0320830726468089,-0.1507389978133605,-0.3536477458152105,-0.1372908937319799,-0.2536253236140127,-0.3864543756370851,-0.1714714803912407,-0.0633772014456708,-0.2295435661378067,-0.1736634772596549,-0.1330848509183419,-0.0292138464393565,-0.0706001789094363,-0.1883680818695041,0.0496275432947982,-0.0903039166126298,-0.291427292892934,-0.1542750442780338,0.096577219361424,-0.0428568253340992,-0.0984443241983611,-0.1368594603929274,-0.1166567045067547,-0.1552289683614726,-0.092521467839838,-0.1967351489307165,-0.255193288662643,-0.1448982946437686,-0.2559024806791226,-0.0778055073414674,-0.3166032452078695,-0.200857488697786,-0.2086071118198992,-0.231915203401374,-0.2294817016786121,-0.1264687183524606,0.0096675250232772,-0.2169003517480458,-0.2309222454776304,-0.3574823325474648,-0.1067241515448993,-0.2787643670413544,0.0694726418200201,-0.0319784584059795,0.0331552503348296,-0.2284949782533208,-0.214998428973789,0.0744673141484746,-0.3243721577193801,-0.2243947478454109,,-0.0722349485156653,-0.1450405767249372,-0.1736680693845651,-0.0685729420912054,-0.2931877721454228,0.1208251758683706,-0.1888247058515589,-0.2274605085575378,-0.219901494467134,-0.3364741080155845,-0.2688752795566705,-0.3084140877757472,-0.2566698135554693,-0.1916883145636832,-0.1869330963590494,0.0503146575357775,,-0.1227798457239906,-0.2183377016451898,-0.1599262087890888,-0.2506856267409827,-0.2640067037976616,-0.2319297033951751,-0.2032218660072724,0.1225419871675739,0.2550443640915498,0.0604275846623808,-0.1896960689814292,-0.2823840005391826,0.1034700104186978,-0.1334258719476283,-0.1665140445330662,-0.2234238587132511,0.1463603115582956,0.2008223197581622,-0.1542750442780338,0.2343140055579569,-0.1880242894005291,-0.1019209403902514,0.0631956025058506,-0.1330703388790825,-0.2753149583202113,-0.1863369484126963
IRI_Q8,-0.1340795177315799,0.04364206885488,-0.2973894844000284,-0.1709118332235615,-0.0155427229476934,-0.1187835798964962,0.0713643309610673,1.0,0.0952890221363239,-0.0656487802555534,0.326909198212449,-0.081941987916576,0.144515418957388,-0.0054886722449562,-0.1979642691796495,0.0701471407229599,-0.090136588743195,-0.1242295198399592,0.1463661601620996,0.0738951280021902,0.4273967399168034,-0.0360809447931703,0.0406154916101168,-0.1893929871301887,0.1830619729474408,0.0373454704160014,0.0015212777719725,0.2937378130190069,0.2431859220837294,-0.0848463368400558,0.0985265903745802,-0.1143491779342144,0.1353297699051449,-0.0401764193223051,-0.2197713668001032,-0.2010745693687257,0.0395247869938183,-0.0740732979141696,-0.1302219071601407,0.0113322070208227,-0.1419141420011155,0.2343259744855998,-0.0546596795605719,0.1250392506986363,0.1574077481573207,-0.1275598853941179,0.2113291908602882,-0.0885671964381572,0.1080337312383977,0.0926559044134798,-0.01824697253232,0.0400414976401992,-0.0490043295649928,0.0113042800803947,-0.0088890073526331,0.0429901552819274,-0.0870320546756659,0.1018940895119411,-0.1555114634896117,0.079588648874659,0.1290106285794857,0.0855459974952093,-0.1750931072569068,0.0443689071292425,-0.1891228981561879,0.1134391980924218,0.1083806173182413,0.0490043295649928,0.0758928127345579,0.0148614133131366,,-0.1239933573235182,-0.0615886590333471,0.0390809147372171,0.0305291997617804,0.1649052361972439,-0.0797201208263946,0.0389644399801803,0.1488283207036851,-0.13391710686536,0.0220551446849077,0.0608962154478531,-0.0857362273340621,0.0003620587926104,0.0095466221485142,0.1266952347244239,-0.096513012642864,,-0.0555892354451955,0.0521980453069841,0.1144618815132869,0.1079498094943097,0.0761200299595092,-0.01983295010114,0.0926079141816441,-0.1715267392538368,-0.117594140542672,-0.0827013674976371,0.1027578051357836,0.1407348539464385,0.0130676005525889,-0.0097290280370705,0.086716920879837,0.0462346225286625,-0.1440913148433007,-0.0996414945745263,-0.0740732979141696,-0.1457867729929365,0.092788436602833,0.1493926534480814,-0.2408278294548535,-0.0824687057924132,0.1334866810845321,0.1150485877394088
IRI_Q9,0.0954020655612338,0.4313571299765021,-0.1361455746300565,-0.3791151730173369,0.163747171405758,0.059775654477179,-0.1057966429204328,0.0952890221363239,1.0,0.1378062781287998,0.2821814342128279,-0.0424331098289656,-0.255485964344383,-0.2981973453422244,-0.0167009512429305,0.1570618139745429,0.1328978509266155,-0.3579126713574131,-0.0513156283354671,0.2612356413169262,0.1487602205582273,0.2879703382103833,0.02744303808117,0.0552602633964573,0.2603963790226369,0.0105533092788084,0.3356993080171683,0.2886070748886332,0.2258079330202744,0.304939082728781,0.20040760509032,0.0695977074893367,0.1256019017129448,0.2625271826225592,0.0043673143269945,-0.0161417808651616,0.4267389328091343,0.2290428609935096,-0.0521758532042275,0.0823334957938205,0.1537501619961661,0.2010858868393009,0.0649266622470715,0.2349916334935569,0.0606547672880645,0.0656928468332376,0.2978462283659517,0.1127813354694411,0.4226203727872263,0.3102338383585495,0.4281016301493275,0.3913111610703034,0.2918373234876465,0.4670936808591235,0.1933638818250437,0.2745159259088787,-0.0704768817488727,0.3887908777181141,0.0123988882244959,0.3397822941488478,0.1514110927830008,0.4751268189398972,-0.0057207562943787,0.149590372332471,-0.0888905970944737,0.2261281395267073,0.2573663074309761,0.1277913213862205,0.4222192921790107,0.4123391895339318,,0.1510753593816073,0.2183611085788107,0.3130354565884321,0.2070570834656629,0.3623761902174103,0.1589554275468206,0.3485704616135863,0.3508626109199675,0.1673114960287343,0.4940267882890522,0.4193492653618162,0.4590676600985257,0.4348271459527916,0.4003791958867585,0.3024626389277913,0.1450826432449472,,0.2309811555573664,0.3015492993918039,0.1900031654850212,0.3846269912653636,0.2938329108870227,0.2697387515054962,0.3484541271863646,-0.1017957640863787,-0.1294320389120479,-0.0470073241857138,0.3520339728704432,0.3880022212712411,-0.0260103657512311,0.0668394014233777,0.3167740743808307,0.3791457947351643,-0.0531420993928148,-0.1128218712481551,0.2290428609935096,-0.1260977861291185,0.3014982203449114,0.2693684704411045,0.0080160238567871,0.2147268008003298,0.386201136189599,0.2767698034584697
IRI_Q10,0.2180160518657795,0.1588517548246531,0.0065488342071187,-0.0892197586318047,0.1902385121016869,0.450716133365998,-0.1867922909911915,-0.0656487802555534,0.1378062781287998,1.0,0.1419409889828869,-0.024403994687874,-0.0967467811717677,-0.1256779479854534,-0.0313929332924791,0.1047562979758931,0.4457570431058012,-0.1215114365577587,-0.280639759378776,0.2017754522938497,0.0267738706738576,0.1402263553858551,0.103375685433004,0.3496725989103386,0.1824278254021823,0.1313367757635398,0.3016129201961846,0.0477404462028897,0.1891801473691922,0.2604864826791618,0.0880927033829465,0.1474505220353481,-0.0831229641922915,0.2382463413441345,0.2852953663761293,0.0043034481212658,0.2171191362473101,0.2162672161428736,0.1457245113175166,0.044696950711489,0.2536162012360826,0.1446183012927404,0.3976823622647747,0.063583918034653,0.064736502150292,0.5602441157935286,0.2031629781742912,0.3824890881426583,0.2075354445494119,0.0814421977309809,0.1977902830121994,0.1982359782267081,0.2791002106555829,0.1350228355894145,0.4071969446873373,0.1817671791261772,0.012766804068584,0.1696699093893444,0.5866100947576784,0.3004725208751981,0.177554035871941,0.2131430176803183,0.0165901524590392,0.1263220677544645,-0.1056262407714567,0.2323747385348581,0.145192176908709,0.0219057912389293,0.3011138651858556,0.2107407719749836,,0.0965971373221525,0.1867472348346831,0.2434529192616484,0.1292270381844216,0.2870528506098007,0.0512525630666566,0.2569672371816623,0.2712510577882273,0.2022808396016187,0.2911355845965532,0.2964554098825853,0.2713213235268151,0.1991174451536741,0.2248562418603253,0.1668592252763577,-0.0148973081790304,,0.2070706880329995,0.2781443927072325,0.1404056958737523,0.3430327110603292,0.3194081798976,0.3209121511137386,0.0814888704230829,0.0110173269114665,-0.0369215856715752,0.173316791073052,0.1109645282453117,0.2482278002048637,-0.1003578529371487,0.0973156655402624,0.1500139982523785,0.189238157797847,0.1122305319048165,-0.0568658035910582,0.2162672161428736,0.0249092448351715,0.1243465531906123,0.1131206682214694,0.1205627905279366,0.1942432460292297,0.1836445789025807,0.1211724385426847
IRI_Q11,0.0241463462823097,0.1742516782971677,-0.2733825312196775,-0.1904121540645728,0.1308622489953813,0.0113468357487497,-0.0864423561078434,0.326909198212449,0.2821814342128279,0.1419409889828869,0.9999999999999998,-0.187950740663333,-0.0267340375904999,-0.146621938206522,-0.2512678738769199,0.2445481972714053,0.0971329813684591,-0.0990335506495759,-0.0017260708553822,0.1258361713138652,0.1671943978834852,0.2058365879427574,0.1776661993215479,0.0538169734111684,0.2699222201900457,0.1770603338890408,0.2333840593692113,0.4204947652791032,0.3378053755596886,0.1723772039575461,0.2676127783328709,0.0447498990999594,0.1602713463776919,0.2045286235874899,0.0519120149035363,0.0009116375588122,0.3299439842296138,-0.0201827771575036,-0.037387512017722,0.0685832510273849,0.0923175165284081,0.2720912008107236,0.1010864381624939,0.2476244108148868,0.2606330570516912,-0.0456515191623996,0.285976940731362,0.0751141444999445,0.2175999557557072,0.2077008266909802,0.1779336923303644,0.1896595505747477,0.0780010213000583,0.1556028545103498,0.1218097705628157,0.2352846449321324,0.0310263068047451,0.2173012192474674,0.047885931365655,0.2905911305288562,0.0561123594310393,0.2909728878394964,-0.0900857409027215,0.0194976161966625,-0.1242657389207392,0.1889381683109554,0.1721375487192635,0.0398671886644743,0.3038302139766468,0.1511565545087901,,-0.0906864726772449,0.0514983842872582,0.1228130162332581,0.0938931377520104,0.2390180733381027,0.0238065328532204,0.0659534321240517,0.1381016917819255,0.1047005564222467,0.3446036844512417,0.2710827118008081,0.2635317557770977,0.230897534850602,0.1924439765247069,0.1101366350931475,-0.1354936032387343,,-0.0492428603028081,0.0767642214069707,0.1364781052289602,0.1298215838997979,0.0685324464584861,0.042988683522412,0.3347663996290684,-0.1024528902387329,-0.1074490138269745,-0.0123385413015234,0.3094485530173843,0.3318710119928978,-0.0379660782259687,0.07095596611454,0.2238530479833785,0.1816090631933568,-0.0441537584187591,-0.1631284475049153,-0.0201827771575036,-0.1476523501156254,0.2495845744946557,0.2872059535235507,-0.0775158854896687,-0.0398806914679994,0.2672264359791708,0.2159293356828972
IRI_Q12,-0.1181319828435795,-0.1780248457786501,0.144988556765978,0.1923752600919709,-0.4444076308591782,-0.1303531729300953,0.4448128083037581,-0.081941987916576,-0.0424331098289656,-0.024403994687874,-0.187950740663333,1.0,0.188536993480809,0.19621681564287,0.1426689779557998,-0.2304346426918251,0.0088645644139019,0.1856697551090307,-0.0307603230759849,-0.3443881450342204,-0.1352116349609066,-0.1079575463963391,-0.2119481568873979,-0.0082093002354768,-0.2438252564724093,-0.3364646827148937,-0.115961559981803,-0.1092978316331056,-0.1351931548718311,-0.1191008213538473,-0.0952501368102503,-0.0402785798396234,-0.0600630030235094,-0.1463110990668614,0.0971861142697712,0.0225232802679007,-0.1728664433493212,-0.1280669671516253,0.1074454103384137,-0.0401516585478104,-0.0498542797031673,-0.1052306096172284,0.0512066912753644,-0.0828140007330209,-0.0489035828554953,-0.1063169907131417,-0.1726741706996078,-0.001531423277236,-0.2031255087776692,-0.0967768559804234,-0.2104665696058844,-0.1561787009398709,-0.0271278900850986,-0.1630235909789803,-0.065061077228905,-0.0396825868094048,-0.0339278393424751,-0.2088970669134065,-0.108453376316035,-0.3153076280749846,-0.2019365740420249,-0.2212977942438162,0.0716605210017607,-0.1471276108259173,0.0662018800804131,-0.1912612033144694,-0.1711493743327886,-0.0065344552759726,-0.3159653052665449,-0.1401083612537784,,-0.0857890343541181,-0.1676934244942157,-0.2160759333448422,-0.0538469879122225,-0.3419480712667562,0.104559649626109,-0.2085942670105894,-0.1902951694496445,-0.1552831326001952,-0.2228138058767728,-0.2962182532936174,-0.1343968571549451,-0.2313573797446162,-0.180454653668558,-0.2630394793701182,-0.0050907700825359,,-0.1283128619612127,-0.2031381528498852,-0.2232492085024805,-0.2336959708896707,-0.2086199890056643,-0.1903362844169808,-0.0984217922752536,0.0505781470089221,0.1803035017983984,0.0494096253307293,-0.1174815201340596,-0.1483123333849551,0.1179587867976726,-0.0980110337689517,-0.0893083298281856,-0.1527467260529434,0.0995996083866134,0.0849202869744739,-0.1280669671516253,0.17350865170149,-0.1270297905153316,-0.0851165944248032,0.0265200141585285,-0.1657246261613839,-0.1893763037217612,-0.1175976323723378
IRI_Q13,-0.0716599580322676,-0.2254421377888885,-0.0727811746579695,0.1777496701054164,-0.2083347080126207,-0.109047119005336,0.2019491985963793,0.144515418957388,-0.255485964344383,-0.0967467811717677,-0.0267340375904999,0.188536993480809,1.0,0.2207933901857597,0.0113967955337724,-0.0949049039245976,-0.0813131395485412,0.2267304494738864,0.2516175152015556,-0.2858953878332017,-0.0323549556035286,-0.2974383597172362,-0.121546737312498,-0.1455058300425805,-0.1244826709061905,-0.1309812540568022,-0.258959208596238,-0.0252478307531623,-0.118267333652601,-0.1680707052562737,-0.0093997783504018,-0.0783776677665317,0.0215766548625768,-0.1432774466526827,-0.0396654811973433,-0.1409253874008983,-0.2025124899975117,-0.1043968710240384,0.0145697936541844,-0.0618889759139647,-0.1371825686900142,-0.131899218007043,-0.034133192778956,-0.0002681221229423,-0.0355963704712458,-0.1011125283870416,-0.1196088215283859,-0.0907512119004357,-0.205418842206566,-0.1162514869164827,-0.1996189016264708,-0.1428174043069698,-0.1563637703282462,-0.2194250496219066,-0.1038831832751494,-0.1301806450648097,0.025348572456125,-0.1415339893769908,-0.0600202543920206,-0.1890806813141352,-0.0939280424404632,-0.2312186533504328,-0.0379207318675341,-0.0585118741556959,-0.0500192559703489,-0.0844298143978185,-0.1985129851195225,0.1046768573586315,-0.1851579189526226,-0.1402044140595932,,-0.0649602433501888,-0.1877656506137852,-0.1454069692487282,-0.0258409047655768,-0.2206306087498994,0.0803006578497739,-0.1933424068357529,-0.1928019506706698,-0.1576930511905598,-0.2151453797733603,-0.2069460616914957,-0.2156966832283733,-0.1853590601828891,-0.1921005944977729,-0.1995302384333007,0.0064648842050778,,-0.1022984425473786,-0.1879754311265855,-0.1737121516448014,-0.1901491450971767,-0.1689436032965808,-0.1744351365067679,-0.0701176233692877,-0.0070839185173457,0.033427690923461,0.0603443241712062,-0.0410723761429732,-0.0899091679387416,0.0846203270685734,-0.0051555748690625,-0.1183276914879654,-0.147503603670879,-0.0270316251037824,0.0693381709422525,-0.1043968710240384,0.0991983601817837,-0.065148102405099,-0.1059708311706746,-0.0483139457924433,-0.1517635580683448,-0.1059486365412564,-0.1207428948594788
IRI_Q14,-0.1005448593053449,-0.3509848458366795,0.0222569944917497,0.3473226463341104,-0.1166462260892572,-0.0179533427122177,0.1082800089123015,-0.0329975993898684,-0.2701882104201707,-0.1270340314250123,-0.0967884345871028,0.1248441287921885,0.1942901056457017,0.9478020930469626,0.1835813466958706,-0.1488019901140347,-0.0991332694829169,0.2762303363139031,-0.0313562774243318,-0.2787324999858033,-0.1306237799611276,-0.2352051451468157,-0.1517652025082949,-0.0822284709579913,-0.2169001455571682,-0.0161835718978027,-0.2699109316271877,-0.17350748405751,-0.1593437358597902,-0.193045472909773,-0.0564467891981089,-0.1290896779064635,-0.148058429066905,-0.1438243676871622,-0.1194284051535558,-0.0349881515077224,-0.250631402663838,-0.1192420644650468,0.0144579199322974,-0.1475948176842502,-0.0464743741907636,-0.2192454566488131,-0.04694850356019,-0.0950842803678185,-0.1679816243897086,-0.0530933444677422,-0.220283979554557,-0.0463616429946518,-0.3313277202290611,-0.1946911238772677,-0.3217666856751628,-0.3126682409734989,-0.0775786849114855,-0.2887407778155711,-0.1616383656807473,-0.2483049552692903,-0.0104655264661315,-0.2765299387718752,-0.0897188020287308,-0.2945605002290573,-0.1396431506914954,-0.3892037664657822,-0.0235780505816845,-0.0682228167103253,-0.001537341038816,-0.1188850357389538,-0.2097178910512833,0.0636595541094248,-0.3428679066093569,-0.2119657131610664,,-0.0386316975817422,-0.1680310092466011,-0.2319770459332875,-0.085946764873472,-0.2648447006577086,-0.025349807890973,-0.2302584420609807,-0.2762563661399295,-0.099123444461155,-0.3391886220440078,-0.317520355554887,-0.3137135032079762,-0.3272710271528574,-0.2362005420556906,-0.2264441104973938,0.0396071572897165,,-0.1354175496694962,-0.2969608910455831,-0.1720175434547786,-0.2540766402677682,-0.2895880657219862,-0.2497679627628872,-0.2495715393213315,0.1021453894841849,0.1440708849989848,0.0895759998757364,-0.2640139786562553,-0.2585273853382751,0.0360444816331005,-0.0136871213654389,-0.2337029541863623,-0.234876248923256,0.0461082528590977,0.0466154700348638,-0.1192420644650468,0.0288083667848679,-0.2333792004838187,-0.2010849457929742,-0.0104655264661315,-0.1499706326009388,-0.2961135838735753,-0.2131136023637175
IRI_Q15,0.1181887052559012,-0.112207590431801,0.1660993681709457,0.1710206600620324,-0.0645744827510085,-0.0445303249019993,0.1007631280884473,-0.1979642691796495,-0.0167009512429305,-0.0313929332924791,-0.2512678738769199,0.1426689779557998,0.0113967955337724,0.1832937945874204,1.0,0.0220067121243905,0.0877612791757799,0.1139770330351017,0.017141193792427,-0.0883497986811328,-0.1305748527486964,-0.054016550245587,-0.0585246160410268,0.0218140161839715,-0.1588847183199572,-0.077746640335181,-0.0223092981506851,-0.1779765364591478,-0.1144866829376079,-0.0640081983104418,-0.0415569509219345,0.0441373155200622,0.0760285366451942,-0.0446658350982409,0.0271219516917476,-0.0270421841375016,-0.0479076496261509,0.1148786638475796,0.2110018362432936,-0.0542023590985953,0.0880213747249051,-0.1401471760623245,0.1646700537978497,-0.0204345883513475,-0.1060033793142128,0.048818989883657,-0.1106598874956279,0.1024062970021128,-0.0403206107610773,-0.1196761422572986,-0.059235881132077,-0.0847347757591049,0.2383413382422723,-0.0475624024804191,0.1091737981084094,-0.0382436875399185,0.1193585036205052,-0.0083897597160936,-0.0288620822084909,-0.0617594780869462,0.0556208306647147,-0.1569148966104595,0.0188587747846572,0.0790876584627687,-0.0298773019544794,-0.0052528256957084,-0.0960243376297084,0.2633104308200343,-0.0684968254129032,0.101603859208808,,0.1181022135479681,-0.0290451489957943,-0.0107273147109432,0.146898204535817,-0.0300922882428986,0.3181927716753307,-0.0167752498618195,-0.0113086343222908,0.1338764151915369,-0.1061187446104089,-0.0457486073889487,0.0071535515861097,-0.0712999684889953,0.0066600490649196,0.0468369377532655,0.2359903159354771,,0.0786069147134634,-0.0080669522490855,-0.0416168126899433,0.0454602060690308,-0.0246175777415544,-0.0080937584357527,-0.065895026713493,0.1165370321298037,0.1677555033842629,0.1797881519515733,-0.0501998688743937,-0.096093174465932,0.0155915478578736,0.1109172880089283,-0.0169693025360309,0.0305430163144137,0.1801011200354887,0.19159054221949,0.1148786638475796,0.207177143731245,-0.0180203451071648,-0.0865171394294385,0.1771034871902674,0.0695545244161165,-0.0587828523684033,-0.066369717598817
IRI_Q16,0.1847491139096554,0.1844001093818385,0.0049075523347449,-0.1729083472134614,0.394392669369568,0.1944774300185753,-0.3599722281248894,0.0699825805286693,0.1511096932240804,0.109221296165975,0.2507625331019914,-0.2355180716409386,-0.0899989228802662,-0.1961975161579133,0.0164311612536944,0.9984971178697472,0.1441242325325297,-0.0713168038750845,-0.0500076690631596,0.321303754360591,0.1649985499791186,0.1733331452242781,0.5907119944825371,0.168945596559928,0.2049229883456934,0.4088561617397235,0.170820860572372,0.0882629644825959,0.2464580766521727,0.2380414939261945,0.2895176750667863,0.2448466082227661,0.1602278717468729,0.2827476379757922,0.155795477444678,0.0160759332387165,0.4022718495021078,0.1405371115797729,0.1623310124090486,0.1155739405470513,0.2061757765720417,0.1430344961146116,0.0900513285228492,0.1742726166917632,0.1229482367032738,0.0897912192312747,0.2112433099563968,0.042741034894307,0.2796266057013472,0.233428152350595,0.2847400051535041,0.2488858696895522,0.1738838201933897,0.2563640530536266,0.216233385205708,0.231108075916932,0.0876279104019648,0.1971907205152766,0.1517807084744236,0.3677706697135791,0.1915954659136783,0.2949885935207171,-0.0305929788710202,0.0467983679901268,-0.0645684473649039,0.2190090617514588,0.2311814367132231,0.0155182356694329,0.3015435618979247,0.2604796144379322,,0.0694286204273763,0.1847020494405215,0.1801579531214574,0.1463321607379694,0.3576819985081732,0.0535099896649247,0.2279967940720032,0.211119053540681,0.2529827399676514,0.2948364086738435,0.2957291330500339,0.2383875199968264,0.2750888174012598,0.2847023335394069,0.2383875199968264,0.022074761750067,,0.1037743756642343,0.2347389922790189,0.2631149152231228,0.2705984254934698,0.2481551282720991,0.2050523882749315,0.1774912682782775,0.0135025464769828,-0.0226113116028843,0.0655595759077121,0.1952128044919012,0.2618204889868432,-0.0693215734678231,0.1553878647660326,0.2009237932734797,0.2621740261328166,0.0896299592260568,0.0113045628225508,0.1405371115797729,0.0188490037199372,0.1221875020674903,0.1975405303150332,0.0808796681513038,0.1539531599401546,0.2574649394193994,0.1979572940669382
IRI_Q17,0.1990156799342056,0.1346549750157294,0.0268938278726721,-0.109226389399948,0.1798070758649685,0.4586603399323843,-0.1384863913491485,-0.090136588743195,0.1328978509266155,0.4457570431058012,0.0971329813684591,0.0088645644139019,-0.0813131395485412,-0.1467920317995109,0.0877612791757799,0.1389420462583814,1.0,-0.0782580081482242,-0.2818802259368173,0.1999271573917899,-0.0308459259052099,0.2425121161315595,0.1525673812860654,0.3803689870585978,0.1092589963697003,0.0829914801219901,0.3384686663301361,0.0562946696570189,0.1616342567631818,0.2694773337072738,0.1091520239945319,0.2415910801663923,-0.0188587709775792,0.254823836043748,0.329248350872649,-0.0289225948454454,0.2626798604127422,0.180602620549656,0.2376000588434747,0.0588486318336364,0.2655288493501023,0.0491100711527043,0.6508886612255717,0.138098141513465,0.0991035414628528,0.5292008535998548,0.1544731045884244,0.8687097866422708,0.1788209340459588,0.1399887184506244,0.2399387599988173,0.1855241980010733,0.2827716666796184,0.1577068745409144,0.4350631252565105,0.2285269285269068,0.065168192614149,0.2219340743427161,0.6157007339928331,0.2658602312504139,0.0918839342761085,0.119236879587438,-0.0110887570707873,0.0187379955113551,-0.1458192663162978,0.2409906648776478,0.1056410830807584,-0.0178969409290897,0.2491374282813641,0.2218390939064872,,0.0637299421655608,0.1479715668954025,0.1276861849970313,0.0442865961180893,0.2121596226667146,0.1060613796320278,0.1864520314334816,0.1872398074517044,0.1619763296202714,0.2321432007346,0.280454683189656,0.284975861759505,0.21055106286876,0.2045751559042955,0.1353635343357647,0.0145299622944976,,0.1522754588702431,0.1950494765200957,0.1097811498986418,0.2115685162049278,0.2172117827687833,0.2136104442997413,0.1386441452769204,0.0932163791567221,0.0176175609832153,0.1391340824946395,0.1619578706871343,0.2040251265916233,-0.1072843835757989,0.0977192446538602,0.1979805023205746,0.2293165047854691,0.1512808363698294,0.0306688779706563,0.180602620549656,0.0761784387223366,0.1487301715768786,0.1155475307371217,0.1437271097380546,0.1735222514062219,0.2400634059710792,0.1125458259128134
IRI_Q18,-0.0358606844136391,-0.4339872419792718,0.1241489728313601,0.4755076130215106,-0.1771594816766668,-0.1416535622716827,0.1797160748952083,-0.1242295198399592,-0.3579126713574131,-0.1215114365577587,-0.0990335506495759,0.1856697551090307,0.2267304494738864,0.2939482101703448,0.1139770330351017,-0.0792932012481039,-0.0782580081482242,1.0,0.0886014857303217,-0.3552948703697345,-0.1065538814878045,-0.2330185563328164,-0.0671872101917672,-0.023658864405375,-0.2489075641071385,-0.0638173546066164,-0.2710521931577331,-0.1440569198499426,-0.2370166008559917,-0.2785254051651343,-0.1451623251407546,-0.0061734999524404,-0.0587924684785025,-0.2316908555449065,-0.0525058131995912,0.1690177085228699,-0.3147573112240523,-0.1228858542732031,0.0954942785833148,-0.079185235899606,-0.1055015836199869,-0.2294461080368605,-0.1102261061405542,-0.1631986738739361,-0.0999833416238598,-0.1284955185115225,-0.2923962595121666,-0.1238571118112756,-0.3560407085024475,-0.2898750205843671,-0.316692781370167,-0.318872158288532,-0.0442161238188535,-0.3442600393791821,-0.1815438264649484,-0.1616494758950017,0.1006039942343593,-0.2983011118717902,-0.1239305836816233,-0.2832852485892401,-0.1966525055326859,-0.3828329704874301,0.186422711449087,-0.1319815890680095,0.2099908928259284,-0.1902024101741443,-0.195770288641792,0.1328656497062847,-0.341640422193507,-0.1854409991860515,,-0.1239233403091465,-0.1915788201086926,-0.2294461080368605,0.0052336297023843,-0.3013135940842082,0.0707927290613502,-0.2465200365998931,-0.3317232917524803,-0.1037298096564851,-0.3389054108203578,-0.2808031168840175,-0.2276952200492746,-0.2692781628542848,-0.2884753876558985,-0.2394583919112696,-0.0321932487728262,,-0.1915016144789979,-0.2940270326241171,-0.2113377705720915,-0.3060388266686744,-0.27172889335961,-0.2296902542229661,-0.2496855913879734,0.1384041020667373,0.130810996562201,0.0127231945799871,-0.2040816479836615,-0.3249396224623857,0.1359472566708165,0.0260054182750724,-0.2142600623985942,-0.2836647461571482,0.0602959147218834,0.1349718957789963,-0.1228858542732031,0.1862868974726534,-0.2185511980365119,-0.200564574696439,0.0637546992818334,-0.1759848667532612,-0.3324962442461022,-0.2361449658894585
IRI_Q19,-0.0963124239800578,-0.0791459013151322,-0.0384686078638093,-0.0671077597874628,-0.0791800914490894,-0.2904878123626755,0.0953366085928164,0.1463661601620996,-0.0513156283354671,-0.280639759378776,-0.0017260708553822,-0.0307603230759849,0.2516175152015556,-0.0210387856478293,0.017141193792427,-0.0446225682841909,-0.2818802259368173,0.0886014857303217,1.0,-0.0507108004970418,0.0753890697709007,-0.113466225152102,-0.0862748269125895,-0.3565049957923237,-0.1244060036732806,-0.0300603477520838,-0.2716937565939947,-0.0262629573428586,-0.1023156990904871,-0.1474701789601442,0.1231991512976588,0.0246473149543713,0.2028137391527441,-0.1476796050049552,-0.2130585744403651,0.0324354760653344,-0.0566696990197774,-0.1410068004297025,-0.0156892415513469,0.028226976246245,-0.1418348992068014,-0.1154236040254657,-0.2257080736581606,0.2026504632822678,-0.0872149514652426,-0.2593265327458075,-0.1338884862526055,-0.279772313028496,-0.0071100606206352,0.1075347890679695,-0.0567950087349139,0.0560754174612154,-0.160346391342913,0.033267834406583,-0.2131615594828569,0.0185093536119948,0.0056792075880259,-0.0064410751099252,-0.2523189673521434,-0.1292616148332559,-0.0236177927027631,-0.0300570151384816,-0.0480979287422193,0.0801329116036543,0.0095011951798917,-0.1230370701821434,0.0312027659357642,0.095828316719729,-0.0843493007997062,-0.0367520683497583,,-0.0292812288416269,-0.1299965728540176,-0.1744371760084104,0.0499537533044255,-0.0804226154538185,0.009611586685135,-0.1184522821701765,-0.1488960326351435,-0.1424598962727708,-0.1419142600387976,-0.1439544471185936,-0.0863978366568323,-0.0932374832710812,-0.1272163766301351,-0.0558989281976444,0.089867975464973,,-0.1310365740558839,-0.1348751339219487,-0.0186239344726213,-0.1059990029676908,-0.1442886958772021,-0.123215443133864,0.0483686191876832,0.0164726949442204,0.0309912892842884,0.009993435324782,0.0217064224469965,0.0493373511824348,0.1901796267559868,-0.0090096088743467,-0.0913814603646203,-0.1334312798990226,-0.0652180674254246,0.0804388441155025,-0.1410068004297025,0.0434252972718269,0.0201928771185613,-0.0689945080781102,-0.0184574246610843,-0.1353840769020501,0.0104169639389348,-0.0574349861567185
IRI_Q20,0.1854978018326149,0.4710198577153128,-0.109025561518971,-0.3450140227233327,0.3515875061976718,0.1637642361363218,-0.3385255334990606,0.0738951280021902,0.2612356413169262,0.2017754522938497,0.1258361713138652,-0.3443881450342204,-0.2858953878332017,-0.3166546175550316,-0.0883497986811328,0.3251541866352676,0.1999271573917899,-0.3552948703697345,-0.0507108004970418,1.0,0.1766606154412273,0.4371281416339601,0.3542778293614302,0.1376322938792175,0.2605748704760965,0.2727376948448352,0.3258810880679665,0.183934749673517,0.2648758239362799,0.4120780648032901,0.2627276088924429,0.2113809815187048,0.1555503186111273,0.3415660864118089,0.0986477554596117,-0.0078967955272378,0.4580428258035113,0.1880366288029765,0.0508205865071476,0.0915085964709413,0.2280021949593681,0.28432241596451,0.1952962870518018,0.2504430950671754,0.1763488967753129,0.1573533696543896,0.295322026695193,0.1809185196002865,0.5303354783265757,0.3046618864147179,0.5053289214944974,0.4235076131280648,0.2667995460783265,0.4466416466375192,0.3536762697942325,0.3210751820664006,-0.0118295050907163,0.4369925193590311,0.2008597517285147,0.4484434171998814,0.2806732179865685,0.4968010383712191,0.0190829671750627,0.1814955473493097,-0.054745187819129,0.3694426805086686,0.2749737665093759,0.0355732728104435,0.5087207427217894,0.3461276485259008,,0.1236582536661589,0.1800729443166648,0.3370034085682884,0.1966567062442488,0.4328371008924602,0.0918080813887469,0.2508626003023974,0.3531832324224054,0.2834223453522251,0.5173863539116088,0.4672288097390425,0.387740934402717,0.4399986825143015,0.4571201433634695,0.3074954192828503,0.0790784331293187,,0.190085041536182,0.4060225193546226,0.3096490579719014,0.4016041946646012,0.3988015956620559,0.3503262544209403,0.3670157162923586,-0.0797637922598299,-0.1697840326455592,0.0369587105558815,0.3720416196757549,0.3459924272158615,-0.1308989637031862,0.098524462270598,0.4069455802018429,0.4429244425954921,-0.0357972487116419,-0.1134400653686411,0.1880366288029765,-0.0992395559201394,0.3446406526793446,0.3068032816555362,0.0168992929867377,0.1766362693185511,0.4136099760887866,0.3509380509706716
IRI_Q21,-0.0039680992269869,0.1131132741751063,-0.1811128534071368,-0.1916586534450861,0.064878854698566,0.007832636620925,-0.0320830726468089,0.4273967399168034,0.1487602205582273,0.0267738706738576,0.1671943978834852,-0.1352116349609066,-0.0323549556035286,-0.1062235613038678,-0.1305748527486964,0.1756860557497172,-0.0308459259052099,-0.1065538814878045,0.0753890697709007,0.1766606154412273,0.9999999999999996,0.1161849003963857,0.1779779644137977,0.0052033962154067,0.1474430022285393,0.061328013979475,0.1379254500048013,0.2019580908201141,0.2369742401186539,0.0194468217605416,0.1253151414827743,-0.007597939324993,0.2942286999484185,0.056974804050454,-0.0679240106624943,-0.1561019748651028,0.1572333107256422,-0.0380655066449018,-0.0355963911318812,0.0940364922339209,-0.0392739349122875,0.2736632793634032,-0.0219514377378626,0.2096306907935592,0.220093498271213,-0.028322549215592,0.2109347311217227,-0.0099194233159474,0.2254786621092065,0.2004524891315318,0.1150607970365189,0.1101192904914583,0.0939061231445222,0.1798465574779202,0.0462382082542919,0.0890798287186824,-0.0245099251771805,0.1808719264211153,-0.0424377343578158,0.1396542970418369,0.1545908162804252,0.152630335589726,-0.0744204359533587,0.0403947008805464,-0.1635213376727693,0.1870817848540534,0.156531008001651,-0.0152870433025966,0.1718926176340186,0.0958721391790618,,-0.0492518470027203,0.0438506267566654,0.1138599045526568,0.0028744919940174,0.2112674714687116,-0.0226762858262528,0.0554690101878846,0.1925745131456269,0.0329417718011083,0.1557992306260366,0.181002402128919,0.0825882646322574,0.1234241080730824,0.1890669632964212,0.1225783717173506,0.0206851144432216,,-0.0228900321662752,0.1500484820877146,0.2152287136662679,0.1773112601534903,0.1676529664457811,0.1024594516976166,0.1009620639978848,-0.1189170250020508,-0.0928310705891946,-0.1177489235776181,0.1454454041525738,0.1637897496706783,-3.4694469519536136e-17,-0.0216016872818949,0.1460324237612442,0.1012364399144039,-0.0882426278050148,-0.0620442431876699,-0.0380655066449018,-0.0964546308939125,0.1173026294280427,0.1936842144346677,-0.1378002459961487,-0.0339582171472835,0.0807919326572078,0.1957321243458546
IRI_Q22,0.1780871501817695,0.4300544205061042,-0.0600167655876374,-0.2957374782672672,0.2790152548241578,0.193044007566154,-0.1480468733561398,-0.0406819493042423,0.285036408509602,0.1389261874237494,0.2037207484595476,-0.1064546707398165,-0.297638841385871,-0.2790638789260289,-0.0567130903656474,0.1736641417526144,0.2462519392125729,-0.2299288791286263,-0.1185444371659428,0.4399436622952677,0.1112642292678532,0.9984892618318028,0.3154061167691596,0.2167032629518199,0.2820190504603072,0.0518394361806598,0.3358094324683359,0.2450553019040686,0.3030131614878165,0.3943533074344705,0.3243205069899867,0.2108365181312763,0.2954654316450818,0.3626732732555795,0.1323539430619834,0.1191270618590752,0.469478921861679,0.1641569869717818,0.1223992729098673,0.1738516850448422,0.3234079092000438,0.2461912484005762,0.2516395672665067,0.3609736342789797,0.1856301644577253,0.1636453641696991,0.3479945316748911,0.2372922647135266,0.434486340277497,0.3752810081032087,0.4247019848397992,0.329839348615828,0.2856478440896382,0.4312726762511564,0.2838337594474558,0.3184031353715495,0.0243585052979531,0.4458414461953613,0.1076198968751695,0.4633414580068044,0.1829398007748651,0.54532962428039,0.0598529099371048,0.1659197615431505,-0.0399108418677078,0.2614055839911162,0.3070598836471276,0.1197237050880048,0.4873808280619373,0.4066683829222796,,0.1322032644444575,0.1742693387067622,0.2709103401558205,0.1958766083297877,0.4017691277055228,0.1641357145228824,0.2682272216763967,0.3247605182552275,0.3025478345565844,0.5357997700656462,0.4908018688636819,0.4609721193605973,0.4686769919041239,0.5155018123552066,0.2901889695194083,0.1536645767989846,,0.1756276217288035,0.3279082706143074,0.2040051047209092,0.3738500797723198,0.361250160066066,0.337450634035708,0.3870547440279084,0.0358849109895711,-0.1121642999398667,0.0431802044443687,0.3385833302472312,0.3734783464114608,-0.0804052812928285,0.0803125986500229,0.3615269385921339,0.3881804587653304,0.078123876340139,-0.0524669094394448,0.1641569869717818,-0.0206679452998707,0.3174852068319888,0.3052374622737024,0.1119797410391151,0.1616737655609542,0.3968529943655554,0.3100954007668374
IRI_Q23,0.1211315394988112,0.1380577723787997,-0.0271392529292293,-0.0893176342040484,0.4110853675010374,0.1643113994288264,-0.3536477458152105,0.0406154916101168,0.02744303808117,0.103375685433004,0.1776661993215479,-0.2119481568873979,-0.121546737312498,-0.177050961163345,-0.0585246160410268,0.5942541539574494,0.1525673812860654,-0.0671872101917672,-0.0862748269125895,0.3542778293614302,0.1779779644137977,0.3137887759692185,1.0,0.2650096300180746,0.1871620360069786,0.2915167901428105,0.1690731164438137,0.115276847214423,0.2750998456083218,0.2344445531215332,0.314059578639581,0.201887211678614,0.125882003458948,0.2581985138716572,0.1579114371203161,0.1008474172750716,0.3504083390005607,0.1620504593894742,0.1368031543653109,0.1669399541974248,0.2184320679717821,0.219728015815901,0.0844373516451934,0.2425537403493476,0.160424210230897,0.0544524385969542,0.2639909670115622,0.0689326266796902,0.3126403664677851,0.279026177074273,0.2785079279356165,0.2083138186697218,0.1344570081942479,0.2763345422805818,0.1816347622346465,0.2721420303259106,0.0931726124928039,0.2347682964332953,0.1694396480648888,0.3028432351278054,0.2290146688200359,0.3066996956658185,0.0343762268681084,0.0613691445974621,0.0317841530109304,0.1392470860618949,0.2487633342513211,-0.0460852645186233,0.255282461422184,0.1897433390725341,,0.0967079623885247,0.1873870239752707,0.2819065637787863,0.0959759823111537,0.3802364924605664,0.0661550769466336,0.2596375087166821,0.2607221517149886,0.1989261084998296,0.3296850729895209,0.2244335976113752,0.2676225641827426,0.2826070112366294,0.2604843734263776,0.3230970406839683,0.0304353366250829,,0.1536581016769668,0.2467164338269989,0.2983886053556005,0.3209612607231877,0.2715291528687308,0.2259907071198164,0.1337770671793732,-0.004128659300641,-0.01095901550953,0.0869176610196832,0.1972459311837676,0.2024352725601131,-0.1700414246556739,0.0875315831352985,0.1701447007229049,0.23301055846814,0.095969970223499,0.0069876049462685,0.1620504593894742,0.0390970095689902,0.1230959768298553,0.2135663783281068,0.0660460932548669,0.153343271961409,0.1989215359598583,0.1791664163514888
IRI_Q24,0.1071729078051158,0.0971145751545771,0.1821081581176117,-0.0078322606228647,0.0860259739104264,0.3436835924069406,-0.1372908937319799,-0.1893929871301887,0.0552602633964573,0.3496725989103386,0.0538169734111684,-0.0082093002354768,-0.1455058300425805,-0.0885380450451184,0.0218140161839715,0.1726380397402284,0.3803689870585978,-0.023658864405375,-0.3565049957923237,0.1376322938792175,0.0052033962154067,0.2134456788868958,0.2650096300180746,1.0,0.1116096899749088,0.0992877589025341,0.3549287072401936,0.0006855241925838,0.0607322315842504,0.2086587399881469,0.0276227602304174,0.2192081134391277,0.0223973102933225,0.2262830421234588,0.5289098715979379,0.0622606964205013,0.1809541394716919,0.0857409700787671,0.2919692862258257,0.0449531173998946,0.250611838131095,0.0279849371610588,0.4140011001311393,0.022379279264706,0.0515221901385909,0.3334666628689131,0.0559846681924717,0.3762580409389658,0.1608756096351016,0.0886471960601272,0.1831849711193167,0.1097952707316143,0.2334458550041726,0.1499516424754026,0.3654664679163024,0.1568337434744435,0.1267931492190875,0.1048940181003831,0.3791658539221879,0.197266025082767,0.1137819156151085,0.1182623063726026,0.1592297837654646,0.0647974282372822,0.0302373210847044,0.1446022475159641,-0.0130764150412123,0.0586757983852498,0.1629432618574582,0.1661335680263205,,0.0771091889425142,0.187616750558813,0.1452916600553603,0.127432029407904,0.0830208760051292,0.1291766924134381,0.1019418166358366,0.1140049480749395,0.0701230070214944,0.2449759313561327,0.1865916833937028,0.2235656362526508,0.2354173110429436,0.2402458520779249,0.0051720408386807,-0.0141776879355283,,0.0953519027755567,0.1651651498040106,0.1931579554292903,0.090107266128919,0.1559714974289653,0.1615540962835271,0.0409514011385177,0.0889718746269486,0.0950786987418984,0.1020571019588233,0.0666927400842129,0.0553228956203784,-0.0957852263533634,0.0187383620440949,0.1163696430753794,0.1355638749090973,0.1781089692295425,0.0795698526839821,0.0857409700787671,0.114038933012124,0.0726329200278208,0.0613813598340537,0.1623328612837947,0.1414581070195989,0.1125367419292566,0.0491406257250201
IRI_Q25,0.0215512009532389,0.367517746499714,-0.2982960219489387,-0.2704099908034492,0.2544802415974795,0.1753879661119267,-0.2545772408369179,0.1910762814251014,0.2545734229972888,0.167990196786914,0.2661590544134861,-0.2430343688609932,-0.1363016328057958,-0.2383482830952896,-0.1842526464851851,0.2007040724059656,0.1167839722612237,-0.2523072779868986,-0.112849234149637,0.2720725624041292,0.1852564111777656,0.2875360358429674,0.1959947220359665,0.1106375974469154,0.97633432531,0.1706346620472635,0.2421877322557465,0.3678073238771432,0.3041705784264287,0.2445458770359695,0.1859605735780423,0.0799892922964369,0.0537995201240074,0.1723364978997429,0.0316491999092616,-0.0697228048522079,0.3269627358851972,0.2417103374051422,-0.0045602057342086,0.120498483150514,0.1571611001597349,0.2495878738689329,0.1663878250526382,0.2136934606002236,0.1196084877194434,0.1786331678049801,0.3513244149818203,0.1024139217461636,0.3670847188683718,0.2444429674610677,0.3568360663402442,0.2813129653982432,0.1471297161015919,0.3241127378218887,0.2049749510066659,0.1882962989038444,-0.015224434368466,0.321841292119327,0.1445689371661347,0.314369092038267,0.1668053411774294,0.3908825944315569,-0.1071174438834498,0.1465784889149845,-0.1274101679177283,0.2133597471135654,0.2388950321870915,0.0568692874293387,0.3804550037918737,0.2903465057847428,,0.1021830114864745,0.2175341384021183,0.3144902655442199,0.1089156077688494,0.3940092723792273,0.0865476337619269,0.337585059683438,0.4273199690897901,0.1439208496597588,0.3629073442967835,0.3612988399165018,0.2840193330750297,0.3322967950710117,0.3592139100133554,0.2893154888288967,-0.0338865190112735,,0.2145601916315966,0.3580617773687139,0.1768738099968655,0.3792121316853671,0.3024969243873361,0.2445852628733118,0.214997287415828,-0.1217371535801523,-0.1351680817091455,-0.0851775819821631,0.2411117766690457,0.3511287196325227,-0.1671302744235988,0.0592455036295317,0.2370368821186559,0.3057209588529037,-0.0661527130170474,-0.1136407014136035,0.2417103374051422,-0.1367089960529131,0.2189061947413935,0.3348971949386908,-0.1214051048357162,0.2209544657768945,0.3515385929054789,0.2810286312552755
IRI_Q26,0.234637199479663,0.0551759298731606,-0.0974823885255001,-0.0946492249835235,0.4189070389956434,0.1344247383708329,-0.3864543756370851,0.0373454704160014,0.0105533092788084,0.1313367757635398,0.1770603338890408,-0.3364646827148937,-0.1309812540568022,-0.0878209247299417,-0.077746640335181,0.4022048841154647,0.0829914801219901,-0.0638173546066164,-0.0300603477520838,0.2727376948448352,0.061328013979475,0.0528136371398875,0.2915167901428105,0.0992877589025341,0.1513921074823493,1.0,0.1744693819543117,0.2267253924255749,0.2667707429659971,0.1212979906049695,0.1669154046378924,0.0238840527093829,0.0868486940203619,0.1603485695253843,0.0735085693171777,0.0114154089023028,0.265864712919199,-0.0156864509349623,-0.0349771406891147,0.1121525750109454,0.1104737428049824,0.194286191762625,0.0661646573932102,0.1286575485485674,0.1401342271145451,0.1544091766009371,0.2555213501039418,0.0776041923616181,0.1775982837459982,0.1230991187735688,0.1925229799350793,0.0835023510737926,0.0794156161830902,0.0949284823595547,0.2156303904605761,0.0523383915217891,0.010835189345936,0.1859002340037638,0.1324545719381307,0.341544384345087,-0.0221685725505909,0.1289781400833028,-0.0823651864187842,-0.0296608751252739,-0.0794745747285638,0.2613047038927869,0.2222626304059956,-0.0277384688103616,0.2293517177599691,0.104339101569136,,-0.1429757393449255,0.0474240958017507,0.0682376666357699,0.0053682148415014,0.2482903487566847,-0.0925436866803191,0.1011475183537465,0.1459533569635976,0.2915245575066703,0.2037216653380251,0.2305494913179134,0.1494969548375644,0.1585063148047351,0.2099939661237023,0.084353593741398,-0.143449242531666,,-0.1097202324869795,0.1499432431194536,0.1009503711445038,0.1863405714589187,0.1345551952538234,0.1145227393796381,0.2007045224584988,-0.0310196065239897,-0.1171448346558442,-0.0323672336637278,0.2142369719376275,0.1741570530330926,-0.0588434025249907,0.1071942188779514,0.2394836571967135,0.1892737206104345,-0.0095886992623534,-0.0787658785534841,-0.0156864509349623,-0.1047241030418922,0.1757309428384829,0.1274397878637782,-0.0321264943580669,-0.0367255353540561,0.1508817741940685,0.1374530849059275
IRI_Q27,0.1493053853649166,0.3290042956196934,0.0019577641838343,-0.2976168585485478,0.1902438874283977,0.2610621024520778,-0.1714714803912407,0.0015212777719725,0.3356993080171683,0.3016129201961846,0.2333840593692113,-0.115961559981803,-0.258959208596238,-0.3089811240430912,-0.0223092981506851,0.175810850023331,0.3384686663301361,-0.2710521931577331,-0.2716937565939947,0.3258810880679665,0.1379254500048013,0.3351436669910114,0.1690731164438137,0.3549287072401936,0.2522791486775079,0.1744693819543117,1.0,0.2530794607584681,0.2361397194430982,0.3924423440056398,0.1980028708210508,0.2038837334323716,0.0821541724077231,0.3623687718778353,0.3430573338877746,0.0384679582032351,0.3438381639589465,0.143864411082042,0.131337768045411,0.083852036865567,0.2989447873806599,0.2194178779594308,0.3414704768505774,0.1088350957384683,0.1199761675395572,0.2342913437193399,0.259347024645634,0.372053660349746,0.3723892377532804,0.1918461432214719,0.3365621488873976,0.309178991989131,0.3141510213406278,0.3527599389584963,0.5470047867125368,0.2933558552681172,0.0115063933739152,0.2788471059048386,0.303406055339453,0.3536962101003372,0.1816692458484469,0.3829311479497985,0.0462973272655972,0.1332722471826659,-0.0255398513141371,0.2713924525698546,0.1660524905834229,0.1101727938729587,0.3920515962403831,0.3516047679479003,,0.0870605246897992,0.2011751460861173,0.2575937816726284,0.2116908560377786,0.335620525402589,0.123707105521144,0.2795117740571966,0.3172474220995452,0.2112560378136195,0.4315718687560889,0.3554008280584539,0.3760666651939347,0.3270857926218286,0.3569874491217546,0.2057677162127723,0.0618729203642347,,0.1523168046844843,0.3056200897052218,0.2403291244858171,0.3272395162386295,0.2980461201177862,0.2996733519707498,0.2333688590168354,0.0392072557711674,-0.0581766230158162,0.1143389826268628,0.2485415150865979,0.2376336120398171,-0.0904499613100458,0.1317443086310072,0.2653687206559243,0.3009897014660116,0.1205349108506507,-0.0826208638776634,0.143864411082042,-0.0221223259401788,0.2319161888724679,0.1492271385510594,0.1572370340652755,0.1496158579348101,0.251848132667839,0.1582682679733285
IRI_Q28,0.0219179824518475,0.1771184244438058,-0.3123466142314793,-0.2714063828605858,0.156364087514855,0.0049489936408231,-0.0571517142890144,0.2945340792829959,0.274833964252224,0.0663876754353464,0.4346725846193201,-0.1273251168174214,-0.0173644977802965,-0.2202661978181697,-0.19591682596648,0.097736827262837,0.0555509557879798,-0.1278021616220268,-0.0127223975878074,0.1730920357590048,0.1971208616799665,0.2324284420907434,0.1215981561435222,-0.0049434176011198,0.3800334387008517,0.235178441906437,0.267110712164823,0.9743686953616012,0.2803322338997202,0.113414715260832,0.2620619987712833,0.0861386370636907,0.2619394234111365,0.1137125874996046,0.0542208729868138,-0.0463572924528085,0.3235541771186212,-0.0363639825336424,-0.0519263093301923,0.1654251367568556,0.0544946923811441,0.3245132791699778,0.0563774637915941,0.2609699711543132,0.222883520085332,0.0101965120879478,0.2894106526481835,0.0828303883177644,0.3364126282823189,0.216177487416081,0.2912015099441948,0.230260659464284,0.1182607732322637,0.277614226071478,0.1554177666118426,0.1868812165094914,0.0647904081159254,0.3095204071561206,-0.0558785114500842,0.2793627698927573,-0.0051815409520391,0.2895095768706828,-0.0251255569765891,-0.041577663438884,-0.0954574090261263,0.3061794786879315,0.2825954379139757,0.0822256345742332,0.312993994438383,0.2800138718708906,,-0.1175609290902455,0.0506881260972817,0.1207560955729465,0.1457136349406751,0.2463876426865684,0.1030704709359846,0.1520755834840673,0.2577007774760885,0.1350854211339749,0.3548110618565092,0.247626798075056,0.331452565807144,0.3598329751774851,0.2894311098643223,0.1511423700080576,-0.0492029252321295,,-0.0264592076016024,0.1171975714446898,0.1147186621603757,0.1393720409708418,0.1386783173334993,0.0841429561298506,0.3344702385763016,-0.0861463652103691,-0.1789754546351213,-0.1160830216122215,0.3310398818539073,0.3187471810387609,-0.0433666470900997,-0.0014257665049533,0.357552884691695,0.2962702315997543,-0.0547226885784418,-0.0889827649501504,-0.0363639825336424,-0.1205729520155264,0.3533601723432228,0.28129824176553,-0.0981796642530101,-0.039253222134134,0.2957359736146607,0.2703453983764219
PANAS_Q1,,0.4069199954704311,-0.0259385434156388,0.0232677687151423,0.3908154467339467,-0.0312916577822779,,0.1370426265842324,0.430605560783843,-0.0202868882502361,0.1456191204896888,0.1664954729769052,0.2072035368039692,,0.0515853935796642,0.4226964485621235,-0.0509575789982564,,0.3595889897949434,0.5631534165908181,0.4675059989620453,0.0305409282102003,0.5896748446738689,-0.1015284937873278,0.3411141956431579,0.4593458468264323,0.0133133818067234,0.2042836177928802,0.9999999999999996,-0.0313278395492613,0.5620312174798385,-0.0850613892525228,0.314892401298901,-0.0586475648587969,0.1106137743040094,0.0065530798761088,0.5016713964047368,0.280611312130003,-0.023638946718987,0.1846503165257791,-0.0048854542944089,0.331055245617986,-0.0622900745046311,0.0886126367513769,0.3293507684242323,-0.0337548307918808,0.4679535474273223,-0.0513627700688594,0.4576971373565881,0.3522883256513056,0.5581245704767764,0.3388411841400963,-0.0839554849171641,0.2969810992256323,-0.0424252132645517,0.5837961137498139,-0.01210205739501,0.2925730419911476,-0.0714082278987476,0.5829635666946787,,0.4414457047620453,-0.1844091867902529,0.2308822888728805,-0.143195243081282,0.6263152573003368,0.3400267011203463,-0.0055579816980796,0.3573075027668896,,0.2182509970750783,0.223884958942108,,0.4715140491530402,,0.3679848311734929,0.2679685985292386,0.4823382454898774,0.096724816084995,0.6127415650092811,0.3539108263408109,0.603258734660346,0.0556866142037395,0.4774080542897445,0.3218319953036157,0.4221840877026268,0.2394121093525702,0.25025607358562,0.3673697492123701,0.4942188238315738,0.4351495175774656,0.5525394005224433,0.4357215678336726,0.3227161241282927,0.3411330562726435,-0.0260316016651593,-0.0604945308778969,-0.0008092003960695,0.4575240933360009,0.1567350838858482,0.1175487384097169,0.125216023420801,0.3960178028291923,0.4047125763717336,-0.0442727228568937,-0.1261007582051442,0.1450175758792556,-0.0806173889706882,0.3542197025803612,0.4603996938917392,0.0544151006885616,0.128782183701736,0.3554984040314725,0.3953550103349721
PANAS_Q2,,-0.1176245736762859,0.2349936573404827,0.3590744406613861,0.0994501927895135,0.4941141843554579,,-0.0704156058275687,0.0446610281300511,0.3686922837566159,-0.0062470994596385,2.7755575615628914e-17,-0.1465236397135774,,0.1159626288327291,0.2411123976738819,0.52391688037533,,-0.1944421766548174,0.0643528014388822,-0.1176189685461808,0.0792175565560147,-0.0528117043706765,0.502993773435912,-0.0661870189300284,0.0080370296368483,0.6411834156784613,-0.0699843045985952,-0.0313278395492613,0.9999999999999996,0.0519714431174626,0.6904286398083217,-0.1488105674391807,0.3863748401957592,0.3341823942731828,0.2566422015624945,-0.0045899239196867,-0.0434786396693402,0.4011600859441869,0.0636406112334712,0.2984953132456978,-0.0943860577997455,0.4347278618033643,-0.1387199501674814,-0.1371696957619678,0.4713422781468415,-0.0875007932286364,0.451104073887363,-0.4380208277669025,-0.4623402948588009,-0.3544664729195029,-0.4374714295726254,0.4769473471771019,-0.4179783793191236,0.4631940261065708,-0.2623273086129001,0.1729395570783429,-0.2880816486583372,0.5154850298656033,-0.0388637900537454,,-0.2447579127558571,0.2401740996810203,-0.5802623541120903,0.1317934144171514,0.1396520188016235,-0.2554981572168006,-0.0416473297309233,-0.2336517829732962,,-0.2228191707876873,-0.0360005428922802,,-0.2029894995791938,,-0.2660833139597312,-0.2098709922922275,-0.2055967124510679,-0.1201068869929099,-0.0267119063268511,-0.2956741094195292,-0.1471602184006422,0.1624921595232321,-0.3285872094803693,-0.1937174198826184,-0.3095090360303793,-0.1651839081413489,-0.2180845684168519,-0.2673767587717728,-0.379370937036221,-0.347291661378389,-0.3099614594683307,-0.3820220619882416,-0.2674131621840513,-0.1797114532766258,0.503949941910872,0.5286671656272933,0.6044881405530425,-0.0353380297615187,-0.2415545124393555,0.4422918156028774,0.4667824522303966,-0.0665101057061258,-0.0546699509494025,0.6171537097867099,0.240832110913023,0.2739614635754049,0.6040860087157844,-0.1675015749806087,-0.0465894050667268,0.4077457904370053,-0.0207080839642948,-0.1929414904803772,-0.0781535799413433
PANAS_Q3,,0.3044030724896541,-0.0546264786798485,-0.0230812154346541,0.5020572777250116,-0.0466839602254098,,0.1297376403728228,0.3963847119683059,0.1185685931196138,0.1360273264331201,0.0589392962784017,0.1701294867459355,,0.0388465484432753,0.3882718225792146,-0.0171045876841176,,0.2141476144830435,0.6058708276717926,0.2891211493259331,0.0796117338651412,0.4688246549836101,-0.0284341844083979,0.3024239488375833,0.5023907035644688,-0.0317715384872431,0.1579285178738548,0.5620312174798385,0.0519714431174626,1.0,-0.0057114185629267,0.2827805036154679,0.1380305391160263,0.1436537343961494,0.0006816047124277,0.5097102943754022,0.2605905690312066,0.1021931402708767,0.1290257858275831,0.0642411265763436,0.3841401339404746,0.0242717231594004,0.0779418603292967,0.3033902770436356,-0.0052905370799209,0.4739111283601708,0.0065702712329255,0.3602634854556951,0.2703278542625175,0.4688784810785539,0.2170825475210319,-0.0458211941470759,0.2283040104476269,-0.0648952786193704,0.5107378101597274,-0.0076228107068294,0.2026605765066874,-0.0956827284505476,0.4374403234198635,,0.3165896148778786,-0.0958863857608204,0.1347803555810042,-0.1436948901061272,0.5126338762790055,0.3236291308135816,-0.0418545619794216,0.3530257693615862,,0.1950566866324702,0.1073330429206754,,0.3426349058229347,,0.3438592738260209,0.273619830276032,0.3258428625994551,0.1269478623260226,0.4811807654763104,0.3212960515086568,0.4517775290190403,0.1430862943022804,0.3340033915271805,0.2833694989238583,0.3259343056041122,0.2605905690312066,0.2117149789770019,0.2540775803832668,0.3815373403479853,0.3785776492825982,0.4567646268974641,0.3510646878714277,0.3042215054266503,0.3158352999114867,0.0052913474115481,-0.0138214815738092,-0.0021093611213146,0.5163383416747908,0.1485836950269467,0.0818233658747719,0.06231945650508,0.3971472519642848,0.4818474994159922,-0.0545077928671048,-0.1626762130838746,0.0868473771782925,-0.0395929480526287,0.4014143339138448,0.4870549745690703,-0.0149917568000169,0.0853256123830644,0.3643472575718892,0.3695185676644267
PANAS_Q4,,-0.1352918196518256,0.2144963941452815,0.4229908870305549,0.0954721910021377,0.4987250206076296,,-0.070003133819249,-0.0052003404323464,0.405458536035669,0.0311152621682157,0.0501124732592273,-0.2024811441402642,,0.1273162999742761,0.1719632823354846,0.5132684065925595,,-0.2050345904997922,0.0034264722324057,-0.1391795729094431,0.1223287085932332,-0.0742457479901126,0.5856615730431184,-0.0973978585084614,-0.0532017767232861,0.64966055719344,-0.1041123741504486,-0.0773702555391234,0.6867429355992529,-0.003659086927852,0.9793775573694772,-0.1846903512947147,0.3108860435871392,0.2501853287385897,0.2787583033131063,-0.0613935970583373,-0.074612217170406,0.48056620406536,0.0311786683942069,0.2927087592827075,-0.0605681064986803,0.4816566734253666,-0.0899187618813003,-0.1742831613129795,0.5567358155711077,-0.1179657505619299,0.4491895203202459,-0.4870163857372004,-0.478516360229127,-0.4552365536866873,-0.4740276489773999,0.5825098889486666,-0.4368551054719175,0.5346350624461618,-0.3252935358823225,0.2249293428962988,-0.3231190431554389,0.5253308530211934,-0.1217623757239408,,-0.2953758323097559,0.2236026926127311,-0.6295209662066907,0.0406024040684696,0.1187951986150135,-0.2913352573077045,-0.0371375709749671,-0.2208087829835819,,-0.1504623176374944,-0.0714347218436657,,-0.2568685421751235,,-0.2776891762514346,-0.1522861797517651,-0.2247301704851815,-0.1172822769598551,-0.0479789476956147,-0.3356930001036952,-0.1699997942263831,0.1478053646594057,-0.3587770802464161,-0.1939054756026884,-0.3354222165363795,-0.087489452621136,-0.1415883095788009,-0.3005001710321662,-0.3476077279823775,-0.3495953832437767,-0.2919700449846732,-0.3674462345440711,-0.2446034627534956,-0.1360747869791289,0.5849734718988289,0.5838897752651003,0.6439443101871003,-0.0588843984343113,-0.201747345026173,0.5313519356145173,0.5798237684116254,-0.0979117867937585,-0.0340750545024401,0.597357801533744,0.2940137532652508,0.2714150412707217,0.6256032460995281,-0.1459479536290482,-0.0597013856355689,0.4043387101772546,-0.0184657202021899,-0.1439991000084374,-0.1021406407861712
PANAS_Q5,,0.4622413581728236,-0.0892812443464646,0.0050564889339584,0.2757040121022844,-0.3419667647384343,,0.158608111773523,0.5063942200901247,-0.1389986119182462,0.1430255394199105,0.190028915511643,0.6241434733898303,,0.305693939210792,0.2682353967834813,-0.2990233732565788,,0.4072723231443944,0.4279989280216312,0.5013081330769178,0.0721523875202199,0.3575834183270814,-0.3341017916007167,0.4759467745098508,0.3271466413948093,-0.1978585983248903,0.1653504515425129,0.314892401298901,-0.1488105674391807,0.2827805036154679,-0.1943498652721924,1.0,-0.0112714843235057,-0.1007621166570448,0.0475094295166861,0.3100338515732164,0.2850546988607681,-0.2926739127465815,0.3468402568274651,-0.1076590344495367,0.3284869755789197,-0.3052428099603543,0.2593485749854784,0.361246441462812,-0.2532310818956135,0.4330923798854822,-0.1589281589038138,0.5265845376656006,0.4508894726937013,0.4326072647687157,0.4841154809730092,-0.2933695848028893,0.5284747285004159,-0.3316988073599678,0.5725975322879023,0.0497965540489388,0.5977124882282966,-0.3563239711203918,0.4858678146366292,,0.6154518994438123,-0.1164803132616541,0.442604220942481,-0.0241779496055508,0.2682063143468595,0.5149421340798621,0.0203033100122901,0.413063027473586,,0.3202595801222974,0.1589942517459841,,0.510959027981597,,0.4662214975404242,0.3791429865320864,0.480263267542431,0.1119457560268877,0.3847693377234402,0.5010066596671439,0.3887332768196282,0.021748041228864,0.500183707887526,0.370338215146066,0.4725813745934625,0.264473405320353,0.2989425374045151,0.4865348220059227,0.4285652037534874,0.5172749228008685,0.4917461172722073,0.4619595427623443,0.3424781772837023,0.4152895496861554,-0.2216674323664586,-0.1883272669855961,-0.2813767299742954,0.4550031451072604,0.2251411488029505,-0.0998191179972252,-0.169252040492787,0.5805707118201932,0.4079818849617774,-0.1777014428537925,-0.1355847954857197,-0.0048801870084467,-0.2584540629988719,0.4173629581005789,0.4192905964045122,-0.2073256821501221,0.0711158410030528,0.4207418341384048,0.5418711399947187
PANAS_Q6,,-0.0898495643501424,0.1129229177886219,0.4545147885032589,0.1386805503823052,0.3117197297577393,,0.0142244008882599,0.0037303672710049,0.3044515619101957,0.0103199784099254,-0.0005744079108348,-0.0724745519609925,,-0.0819014038005625,0.1551440760507487,0.3299008324963686,,-0.1240269796944487,0.1481492766959144,-0.0948678816104203,0.1431923022751504,-0.059742483730692,0.3783202524407484,0.0156816576025748,0.0593418684932079,0.406072528136917,-0.1737599654174637,-0.0586475648587969,0.3863748401957592,0.1380305391160263,0.310710029310029,-0.0112714843235057,1.0,0.3133842518540742,0.149516394633076,-0.0017307618854862,-0.0263559410372218,0.2607971062274338,0.0025016709068816,0.5733084009470866,0.058101829581077,0.345869191771022,-0.1647138738283679,-0.0565158497096493,0.3648441063520988,-0.0133813486011391,0.3621302156242591,-0.2139557023580466,-0.2821606498956011,-0.1833704047674185,-0.2379832319733865,0.3292818529529489,-0.2475319657645792,0.3444244201377358,-0.1110180643363817,0.1851027185573679,-0.1601641878026628,0.3690806977331015,-0.0745296265440807,,-0.0915946177841965,0.3472289116575338,-0.3222586062017941,0.2335466205534615,0.0805233693279953,-0.0350753645335812,-0.0201912621063758,-0.0590528158088369,,-0.1439593636101997,-0.0350365130779465,,-0.1084994728111015,,-0.1022803709171209,-0.0944765384811647,-0.0135934711791278,-0.0809860717012522,-0.035565924714506,-0.1193905615997361,-0.161822963944417,0.1806300868798893,-0.1776801479055501,-0.0718408349945265,-0.1706342728615909,-0.0097259254220154,-0.1451300153869685,-0.0877311802168534,-0.2758573671149177,-0.1455322810975151,-0.2144959532893914,-0.324936567443724,-0.2630002239238603,-0.10513982025684,0.3710624704538387,0.4774657231492607,0.3720851282302623,0.0774230582212544,-0.1323649404751307,0.3551828845898708,0.3485036506782386,-0.0413812321621378,0.0730490660398612,0.5239217444034927,0.1926843980982394,0.2203773823962178,0.4645363600183315,-0.0596908536173591,0.0408896662855622,0.2596108474707639,-0.0403814847876767,-0.076442094480675,-0.0547018175422636
PANAS_Q7,,-0.015898319556643,0.1657531717991186,0.2865172148997537,0.1395257699705506,0.3585928694748956,,-0.0109818354167551,0.0981229501619779,0.328712551365808,0.0521408551886744,0.0172034632527392,-0.0306974859175823,,0.0182931073180636,0.1960719783287646,0.3477197075064873,,0.0055693162906558,0.1256508865834622,-0.0575778889825239,0.1950222496423757,0.0988365187507962,0.4394306418227134,3.6197624646721466e-05,0.1092648948385643,0.4113337125800345,0.0708660157680762,0.1106137743040094,0.3341823942731828,0.1436537343961494,0.226166397904332,-0.1007621166570448,0.3133842518540742,0.9999999999999998,0.2543676737228,0.0518361567356032,0.0345492011367874,0.2775291658855394,0.0752736661448473,0.4079057887378585,0.0075484032270871,0.322392692758834,-0.0108310170541791,-0.1127441927145487,0.3285896245416111,0.0175467210299828,0.5364824962109707,-0.2510865753907436,-0.2735947435102929,-0.1460937973855004,-0.2518778132787673,0.2561531066080441,-0.2727319018783486,0.3456871586933513,-0.1155006903208026,0.2323254689673994,-0.1113592914086425,0.3468974784151566,0.0812604869140363,,-0.080080485909327,0.257332826243401,-0.3395591397898678,0.2144746964164264,0.1451208917349124,-0.1150986870880163,-0.0575162010844141,-0.1011086226301248,,-0.1219991030663574,0.1398604109577668,,-0.0666157559704541,,-0.0994867921848263,-0.1292887228757276,0.0126516370280661,-0.0804499293819057,0.1149436059227084,-0.087827853934634,-0.0163426397763244,0.0788507569131914,-0.1059606510889041,-0.0975107591301809,-0.1320386003924938,-0.0190888280253482,-0.1263778001430098,-0.0700549692260365,-0.1285324007362899,-0.184004398750941,-0.0851944815527508,-0.1366674736188847,-0.1770151428759946,-0.0665270498177939,0.3504928414699474,0.3328632183216473,0.3905524877905888,0.0055943710691678,-0.1252455593707335,0.3610694737754888,0.3521937080687196,-0.0419917280985628,0.0137067783719032,0.4315094525532326,0.1700265076367289,0.1346754171751695,0.4333455179477854,-0.008315048780938,-0.006746529038878,0.2212473954362825,0.0804499293819057,-0.0056231702122174,-0.0574087002672207
PANAS_Q8,,-0.135999014262044,0.1284945072139278,0.438004533140931,0.1322943479768436,0.1598237143021108,,0.0784243586054141,0.1628911590737823,0.1402279103666076,-0.0121530416064362,0.1387775764362479,0.0969053061698776,,0.3925309132751858,0.1344016005927863,0.1489677019469049,,0.001927600890205,0.0365966088328122,0.0129867805402899,0.0784243586054141,0.0256848336043932,0.2924548058533436,0.0279888301973719,0.0773001962033729,0.3069906008870913,-0.0860694875304723,0.0065530798761088,0.2566422015624945,0.0006816047124277,0.259882171763202,0.0475094295166861,0.149516394633076,0.2543676737228,1.0,-0.0575932737884808,0.0709884820630641,0.1879371598743055,0.2404174325308405,0.22512132292655,-0.0720995412010165,0.1690510767752225,0.0995785108561186,-0.1317047998488356,0.15794782570315,-0.0849630447605744,0.2272400119232465,-0.1658710978397241,-0.1564901230723886,-0.0891728427291993,-0.112402590360131,0.1783143153552214,-0.1475939966714279,0.159558650091986,-0.0431204416326422,0.8036856715562792,-0.0717271055748557,0.1878086755049223,0.0498994376460012,,-0.099719015078667,0.3227358199336905,-0.1959374533977245,0.2321292688284912,0.0786255925969375,-0.1272210881287179,0.0209032315630702,-0.0348379743070498,,-0.0094054826968879,-0.0200300322024574,,-0.1097130852284858,,-0.1010808684311289,-0.0038400466483773,-0.1043822419961909,-0.0761391958664254,0.0457096448544258,-0.1327578811512553,-0.0563564607349361,0.439501064974707,-0.1854743221184533,-0.0086928078554604,-0.1572058318616665,0.1042509577239658,-0.0062340160620504,-0.1505319700760449,-0.1310640401803127,-0.0878028169303549,-0.0814200498321541,-0.1126154616301503,-0.1209389135311897,0.0238464490553289,0.3818795375126662,0.3611287604777693,0.2768145091121478,0.0570701137869111,-0.0209032315630701,0.322080951652201,0.3101397365758296,-0.0029112313578708,0.0046209130412204,0.398473613895228,0.2099856572343429,0.1821012263953912,0.3724817797837453,0.0556461447938003,-0.0214870174847835,0.1729229134567167,0.0103936045150993,-0.0007264768006125,-0.0181222506850623
PANAS_Q9,,0.4585918570672441,-0.0227697379328882,0.0336508115744917,0.5060462774919641,-0.0873673408013615,,0.1100874077230392,0.4627878585319404,0.0828912669254415,0.1069194902563341,0.1195339785235041,0.2206347485965028,,0.0643608013484403,0.3655500119818232,-0.0535829882735707,,0.3208660846895756,0.6339465817583086,0.4331627469468899,0.063734814997549,0.514309282520329,-0.1216086043725542,0.4037520237227893,0.5459845812990918,-0.043933803996258,0.1696165013545051,0.5016713964047368,-0.0045899239196867,0.5097102943754022,-0.0457559136804893,0.3100338515732164,-0.0017307618854862,0.0518361567356032,-0.0575932737884808,0.9999999999999996,0.2968972110580483,-0.0203932262936514,0.1327144692833488,-0.0539423362021636,0.4662379826117537,-0.0191816177731611,0.1550912383125298,0.3830922274328167,-0.084377656658722,0.5328900402736692,-0.0724128930276068,0.3963553277555036,0.3174155317784612,0.4866325542138939,0.2404689309284607,-0.103192300462156,0.3153912386972007,-0.1373309773167049,0.5330981622794652,-0.0429401006254237,0.3622183352053615,-0.1175745737718493,0.5498824819435539,,0.4500699194242789,-0.231302152945379,0.2145271892688899,-0.0871650860598925,0.3935773880675958,0.3410332803761607,0.0411228808678208,0.4250743446530752,,0.2034085174265272,0.149298247777813,,0.3811858690502712,,0.3820941885566407,0.2621156278453151,0.3682927192802898,0.110415500993189,0.5006374854386116,0.4487391905462075,0.5016431914616344,0.053741607300985,0.3878532960538929,0.3374994232374267,0.39235272725858,0.2541384954120578,0.2226627454374236,0.340865967776612,0.4211440464579246,0.4149404973780061,0.4302787601815209,0.3828752394644406,0.3311464609582428,0.3593109713269063,-0.0757546225799634,-0.0608377779522059,-0.0999398946855029,0.5348447483852837,0.1891652519919757,0.0355533264711661,0.0273855776946479,0.4783152140380778,0.5075503195865341,-0.0613541734607015,-0.1013571232007841,0.0998532647778906,-0.0696654910142547,0.4235838786420604,0.5251042475621243,-0.0556454509531914,0.0858787229947025,0.3933147917012685,0.4391924143405299
PANAS_Q10,,0.3222212103816411,0.0680602900066025,0.0615593389314389,0.3522027050317166,-0.1650211023113127,,0.1256406034692077,0.3431413225203272,0.0097158996027304,0.0131411669067063,0.1273741270631401,0.2928499274311893,,0.2032789070454355,0.2129477757328347,-0.1607773632683036,,0.3124090715536896,0.298511458949223,0.3367380826657974,0.1256406034692077,0.3213754383475525,-0.0977778417907778,0.2903825689844845,0.3854658673989246,0.0001055595589369,0.0513345462246485,0.280611312130003,-0.0434786396693402,0.2605905690312066,-0.0561614854860456,0.2850546988607681,-0.0263559410372218,0.0345492011367874,0.0709884820630641,0.2968972110580483,1.0,0.0179075894598721,0.2292180105338607,-0.0575014217939897,0.2422936910016123,-0.1238946503413976,0.2636842387146949,0.2724189882314105,-0.0605384119943678,0.2193143072856694,-0.0493297917380221,0.3619802922618383,0.2625320493255574,0.3686698089928132,0.2950116963065412,-0.1265464729085093,0.2639632210819251,-0.1166542490792708,0.4503894539400607,0.1825784359445317,0.3195969291337195,-0.1699683753909373,0.4169373852005849,,0.3565789356415648,-0.0278810991285193,0.2077576854886122,-0.012049666698015,0.2518718210178214,0.3349797848458073,-0.0187730955810091,0.3422955005519948,,0.248570105167295,0.1033165492856614,,0.4913114450800919,,0.2820014322524417,0.3052837927805327,0.4003853122151115,0.1521515046892344,0.32782651322423,0.367888688810582,0.3142096626886272,0.1608912788373394,0.3689310112735249,0.3184296308189724,0.4045024905850179,0.2493506493506493,0.2541206327362158,0.346170792497834,0.3581387522325311,0.3933811645638366,0.3361467988685617,0.3200984637944457,0.3461052074821125,0.2923922421377075,-0.0706350227540525,-0.0188460905203811,-0.0867272281279863,0.3162173956832881,0.1783444080195865,-0.0044815632093212,-0.0201680779664652,0.4074826135939415,0.3702147767565098,-0.0163781013019412,-0.0729654296342103,0.0882676464941922,-0.0335441925312528,0.3310542200454233,0.3621357927836734,-0.0880133191615109,0.1017454847308376,0.3184260040126805,0.2903418934352034
PANAS_Q11,,-0.1699376211138928,0.2901516554915616,0.3300747780282429,0.1015068305904707,0.5052842001725889,,-0.0616517285074011,0.0209316337500619,0.3008795536549578,-0.0013061707000304,-0.0016721275300693,-0.2394242419615835,,0.0956368829259423,0.1679435214553287,0.4506005648938803,,-0.1097680010093324,0.0094655509625998,-0.1357006718650038,0.0634920786120997,-0.034046476936923,0.5228827653570134,-0.1668556529860203,0.0150117259067907,0.4441212788231116,-0.133356400534482,-0.023638946718987,0.4011600859441869,0.1021931402708767,0.4657504889326156,-0.2926739127465815,0.2607971062274338,0.2775291658855394,0.1879371598743055,-0.0203932262936514,0.0179075894598721,0.9999999999999996,0.0366692659607803,0.248082521054498,-0.0555832701383093,0.5084564554658966,-0.0033505698971582,-0.1714802153792857,0.5343601590373739,-0.0438651355994378,0.3999485595594008,-0.3979317078516055,-0.3991266459621276,-0.3068566768865118,-0.4409825628432688,0.4384136003912928,-0.4049490637233368,0.5550116197845891,-0.2081141223464699,0.2084073828445021,-0.2322451139210947,0.528788323227277,-0.0544429276437257,,-0.263600286586546,0.1203823666407388,-0.5193648322455181,0.0949510094001123,0.0848867624675789,-0.2270008309305826,-0.0901257783021008,-0.1270678095016857,,-0.1823231651898331,-0.0437829221401003,,-0.1710837351545661,,-0.2007103911212105,-0.1829945413045328,-0.0992696149259444,-0.0729560545722495,0.0490535243796955,-0.2396829101667921,-0.1005425383002874,0.1075723843703139,-0.2759897699318244,-0.1284854045509967,-0.2562376719189354,-0.106222490384298,-0.1668827294149799,-0.2623464310729824,-0.2779407394927513,-0.2796052874048049,-0.2845847422508195,-0.253176834546337,-0.2002126003992101,-0.1654882453866085,0.4578267706553643,0.46054761370081,0.5288394969386128,-0.0854021588303681,-0.2059395803714669,0.4644883147671314,0.4849482903846582,-0.1232438916060095,-0.0259488460026226,0.4369317799405152,0.2538348188024722,0.3432057736112801,0.4809655032416244,-0.1198828532451953,-0.0985990934091912,0.4357966523302043,0.0140716425732825,-0.162014842829319,-0.111423765972461
PANAS_Q12,,0.2623671589954932,0.0747044332775225,0.1593900516899006,0.2952634848845071,-0.0753015792487894,,0.1758717942874102,0.3751241326795856,-0.013312484752837,0.1096331684208784,0.0839843463691712,0.4830521086633607,,0.325558396452753,0.2230903295045719,-0.0683747928310715,,0.3782930957182721,0.2329752371781705,0.2149734466821131,0.0493185454880039,0.2261208783695274,-0.0162852400051916,0.3898602889526902,0.3962867653849256,0.0745939191802538,0.0927529411290576,0.1846503165257791,0.0636406112334712,0.1290257858275831,-0.0021413812668604,0.3468402568274651,0.0025016709068816,0.0752736661448473,0.2404174325308405,0.1327144692833488,0.2292180105338607,0.0366692659607803,1.0,0.0508183581272688,0.1044116564735604,-0.0280029487759485,0.3498231902649337,0.195740230124311,-0.0068467866652411,0.2432149035987701,0.0717311343067969,0.2553817500249969,0.2157047873499397,0.2461460826661697,0.2388760550654244,-0.0432194369765178,0.2542649843642525,-0.0344487450616371,0.3598098588942718,0.1952157351404503,0.3672452410485934,-0.0858617750903747,0.3196540456833522,,0.2669528548031136,-0.0190607211040368,0.1073302879317966,-0.0191252136179374,0.2422936323660178,0.3498730812783452,0.1096331684208784,0.3628254572865333,,0.3175662745783683,0.0947684667336994,,0.3176296779663606,,0.3026385464830475,0.3129033578392052,0.2265497814746085,0.1241304795521561,0.3138871185482763,0.2986606012558008,0.1980447958854124,0.1658235630242379,0.2374654362353961,0.3087887513574279,0.2812616518136064,0.1890490171440177,0.3557182185592069,0.3188827217152077,0.2168647848247835,0.3068831336314296,0.2528136640431757,0.3353472919413255,0.2326976821073759,0.3570587077607764,0.0378242889218203,0.029777235011625,-0.0113660397388854,0.2991364344078944,0.2496466124282654,0.0513325314368851,0.0511460430005471,0.307566068929188,0.3574768157245627,0.0272226279953946,-0.0282432582782442,0.0811549745970148,0.0161973211110263,0.3800451573653475,0.3111419212676788,-0.0569499303189702,0.054512326999095,0.3434708583278215,0.310088191199003
PANAS_Q13,,-0.1458145704062509,0.1685665942359854,0.3698804315412806,0.0845853735839368,0.344388319833527,,0.0334147381589958,0.0076605823474395,0.3708302578534158,-0.0131193717856165,0.0839754816864013,-0.094659020203765,,-0.053077076034668,0.1479037972206701,0.3137976655497591,,-0.1150158887354816,0.07246853146369,-0.1204230871230639,0.1784489208065521,-0.0533213906792486,0.3862185344856422,-0.023853409300738,0.0654360948342016,0.3686754590164711,-0.0692208349286572,-0.0048854542944089,0.2984953132456978,0.0642411265763436,0.2635943394376304,-0.1076590344495367,0.5733084009470866,0.4079057887378585,0.22512132292655,-0.0539423362021636,-0.0575014217939897,0.248082521054498,0.0508183581272688,1.0,-0.0701816136139133,0.3149434604045318,-0.1351085136766539,-0.1351789489301821,0.3290250003766908,-0.072075505554903,0.4286295905528248,-0.2546821409370561,-0.3322028964379346,-0.184577381557435,-0.2700039135675632,0.2644130501069655,-0.3081913734263052,0.3582032830007101,-0.1593042032197297,0.2486181378563256,-0.1897842689925639,0.3736963537918037,-0.0357858447852139,,-0.1106385890268078,0.2911498737095337,-0.3168532014146104,0.2827513239815738,0.0667934369037878,-0.1653256085838187,-0.0131193717856165,-0.1533717091901298,,-0.1244548811150331,0.057865991334261,,-0.1194738853651487,,-0.1834123719855007,-0.1525654507847633,-0.0542045065032673,-0.0787811100003209,-0.0152658697431184,-0.166069833450832,-0.1380380755638937,0.1977325699994342,-0.171703969972606,-0.1496892420323396,-0.1513595024563997,-0.0330453351148682,-0.1279794163737818,-0.1344026986022408,-0.2380847826999065,-0.2204777135206296,-0.1812208092574641,-0.3344200936536038,-0.2707424675286379,-0.1803625915744704,0.4252162582389586,0.459097173748331,0.3769868958207186,0.0163900762056899,-0.1241294407408336,0.3491961083834689,0.3792066978156186,-0.0643316116205663,-0.0242107967536346,0.494192050564047,0.2401268947461983,0.1574980399231515,0.4571718559142467,-0.1155206948989832,0.0082605143238939,0.2540774327122432,0.0105376007006798,-0.1402585709855293,-0.0589743434142861
PANAS_Q14,,0.5120791920610587,-0.037341022387392,-0.0302211847079872,0.459123054453086,-0.1291910191353089,,0.1643088023364541,0.4036761145353112,0.0910235591657597,0.0759258074079521,0.1321199086577762,0.2404156776621219,,0.0014065699314581,0.3104310105406745,-0.0659720151321778,,0.350031991937305,0.5922060384800569,0.3813810599528733,0.0771899051911997,0.4583350802016877,-0.1286944092111251,0.4118140666755197,0.4213701835828291,-0.027328281882827,0.1937056405469414,0.331055245617986,-0.0943860577997455,0.3841401339404746,-0.0528933626628747,0.3284869755789197,0.058101829581077,0.0075484032270871,-0.0720995412010165,0.4662379826117537,0.2422936910016123,-0.0555832701383093,0.1044116564735604,-0.0701816136139133,1.0,-0.0955737809839501,0.1299879210563763,0.229938728342623,-0.0849865654573388,0.408655768439518,0.009340112441606,0.4475034358425467,0.3692997462623784,0.4291085645410573,0.2989133493797247,-0.063195330076577,0.3303345229390959,-0.1689652303061324,0.4064806648092464,-0.0495161039345617,0.2059544228282668,-0.1443304140793117,0.3555289387695459,,0.353151217851139,-0.1038693434263439,0.2358589087122865,-0.0877489967923483,0.3572550139745263,0.340880266325816,0.045009909780762,0.3870559825373887,,0.2907428811521026,0.1547118144137211,,0.3119503615554702,,0.3564152740917882,0.3436603764421543,0.3833055034500963,0.1159693088439963,0.3449157846798769,0.3740795913218547,0.3997191528426895,0.0874441789590107,0.3569791166572802,0.3371815899442948,0.3523180149374311,0.2241469209730122,0.3103050851327322,0.3248013943925913,0.4374834692571153,0.4058105972853272,0.420129718912953,0.3956212613767905,0.37400849676681,0.3399042621934776,-0.075623715923614,-0.123471819299616,-0.059751892318745,0.4344429917430926,0.2332331688639487,-0.0086534019003925,-0.0073407186835173,0.3382841663610605,0.4277122371860423,-0.132042127733308,-0.1110525621971837,0.0615204459063082,-0.1428817186737538,0.3727410318364157,0.428461128861876,-0.0260195062782193,0.0070078919574344,0.3043881462962253,0.3664615113720649
PANAS_Q15,,-0.1691328944732876,0.303765045374339,0.3870805681801615,0.0363206791634077,0.7461106662894548,,-0.069074101156675,-0.0263542656577411,0.336929274720003,0.0659947557532777,-0.0144831187530762,-0.2632194310168394,,0.0700020903714095,0.1464096446144305,0.8328839214970776,,-0.1900544519868654,-0.0079049661002716,-0.2091679293998805,0.0664174049583414,-0.0398504429750048,0.6518719961205754,-0.136878046673332,-0.0601603302691752,0.5502631310117444,-0.099663993549472,-0.0733050332791301,0.4211770339139714,-0.0037013233372897,0.4458575748059297,-0.3097349052468098,0.3234438547830625,0.3432083438028733,0.1445664840385349,-0.0477955587627762,-0.1468056345494645,0.4854659675033764,-0.033707879039304,0.2942535262269003,-0.10235211745614,0.96794153889284,-0.1313695688161517,-0.1028986508502076,0.6335430304730449,-0.1076799797230804,0.5201760492111074,-0.4950893467342676,-0.5226642200360119,-0.4013095235051754,-0.5207581542664861,0.6262370251555801,-0.4715435305616556,0.6872609675856556,-0.3777315931854254,0.1735368308848227,-0.3012035222388624,0.7492840912407384,-0.0914961279036192,,-0.3026229635135115,0.0929484434154569,-0.5978805347974284,0.0686755102989997,0.1692289986956679,-0.278775140296028,0.0339401601016856,-0.2456236394277572,,-0.2023952578167412,0.0293383560820312,,-0.2294002857444991,,-0.3029000703746718,-0.2044174563087824,-0.1365520827199494,-0.1443826000263355,0.0209928334876249,-0.2619459965266464,-0.0769849728663657,0.0946379412881856,-0.3499985241926878,-0.1602072626621711,-0.3468535850942525,-0.0486980457094615,-0.185383425892648,-0.2531366242473828,-0.3593368939492318,-0.3624069584627543,-0.3679214644131824,-0.3614994748223882,-0.2725076797441335,-0.200372961898935,0.5387326491317117,0.4134483458656753,0.5463028073143448,-0.0587468305104097,-0.1621585427080539,0.5131447237533426,0.5048790346506613,-0.1932196706053361,-0.109248347419119,0.4648946665539373,0.2311794618281875,0.2946868058960769,0.5033935278926419,-0.1866722409904251,-0.1229576145783417,0.4331466118413015,0.0806292441705508,-0.1972496292263961,-0.1486589843437437
PANAS_Q16,,0.3290408612411126,0.0107498414760801,0.0463238375602662,0.239727499759547,-0.1764975598815955,,0.1809806062431354,0.3812697344499132,-0.0460940359721102,0.1902626910499867,0.0617342321051951,0.4343382815588363,,0.371623226565679,0.179527126587052,-0.230255656373186,,0.5117464260229807,0.2512675664646968,0.3625054105408797,-0.0710333437473057,0.2316304687412143,-0.0867003123019229,0.3579770015418214,0.2883180952182096,-0.0789308734493727,0.2605159463958448,0.0886126367513769,-0.1387199501674814,0.0779418603292967,-0.0871568880627783,0.2593485749854784,-0.1647138738283679,-0.0108310170541791,0.0995785108561186,0.1550912383125298,0.2636842387146949,-0.0033505698971582,0.3498231902649337,-0.1351085136766539,0.1299879210563763,-0.1195419681970104,1.0,0.3433927232695578,-0.1246174572198248,0.3022195142189587,-0.0224407738996773,0.2711854618114151,0.3427620830826537,0.295424433115343,0.2558836617547378,-0.1123816011582957,0.3432158140763315,-0.1654349742410116,0.3795790121332429,0.1749091541720158,0.6218030865665221,-0.1988006347299266,0.3518198562589156,,0.2817119991837392,-0.1587539955266921,0.1664885135882266,-0.094362590137386,0.2516450703534222,0.3564088548833046,0.1306412026103596,0.3623542823726197,,0.2686223346910428,0.0528008387355525,,0.3966483717076063,,0.3682095819672543,0.3111944501122268,0.3997114440242778,0.0091551602785039,0.3235140732327838,0.2923442485958468,0.3060343846892771,0.1556837221786497,0.3287194897833503,0.3519089341618254,0.4166574534793644,0.4136677454700209,0.2810974143017214,0.3889631347412958,0.3180109506126296,0.306078576903107,0.3183862658685817,0.3972984338370282,0.3362989147720922,0.3358945760296104,-0.0679323484904665,-0.1153519734331247,-0.1138571414963665,0.2861336521785,0.19727698380759,-0.080272762222457,-0.0148176281216648,0.3732736831327401,0.3628791195165796,-0.0901286814903223,-0.1144247821160974,0.0079353084043295,-0.0801762395947963,0.3065213474592827,0.3100380875973298,-0.144813555167703,0.1094259633287846,0.3111962028350293,0.3891394381674847
PANAS_Q17,,0.5016274187398163,-0.0764667494289578,-0.0534201798365664,0.3762231783972551,-0.1696037746828796,,0.1159201179905113,0.4376637310183903,-0.0100847315428931,0.220080765564775,0.1843171770145309,0.418415403969175,,0.0890870806374748,0.3309799418484871,-0.1915012309218893,,0.5019808262712169,0.4092215809320284,0.4427268892800284,0.0666540678445439,0.4520884601629943,-0.2328868863297837,0.4684309374442318,0.4816004098472527,-0.1367028165335693,0.2469685554830983,0.3293507684242323,-0.1371696957619678,0.3033902770436356,-0.1472449877472784,0.361246441462812,-0.0565158497096493,-0.1127441927145487,-0.1317047998488356,0.3830922274328167,0.2724189882314105,-0.1714802153792857,0.195740230124311,-0.1351789489301821,0.229938728342623,-0.1073491545838809,0.3433927232695578,1.0,-0.1379756523978588,0.5121858427357,-0.1269051953655322,0.4759141214592318,0.4435960199554163,0.4741479005728313,0.3995270792281131,-0.1199251436476279,0.4196206159756371,-0.1884024205634841,0.4789974494070873,-0.0780838051523246,0.4939685057264308,-0.1779094436215205,0.4606462522706678,,0.3869638147770368,-0.2112310766554756,0.2971706485816608,-0.1786865988049889,0.3728134613987387,0.3453414148098377,0.0802163538039834,0.3667291005517996,,0.2844516126999132,0.200316002424943,,0.4486644346953402,,0.4010924870238954,0.3327961409154725,0.4622571992386147,0.0470445044310182,0.3853107438864104,0.3999136544235128,0.4620046010008867,-0.0268797626757307,0.4917914956359391,0.3261314422121664,0.5095223360518772,0.3149332526182689,0.2593713559921655,0.3952663882432077,0.4708634510576075,0.4492426673188607,0.3934080240972369,0.4651558820239178,0.395764785447558,0.3934309775427339,-0.1602273933648938,-0.1836609369412165,-0.1531847660832188,0.4491248720158967,0.1995124697175999,-0.052816946932078,-0.0757231089332725,0.4817594129281299,0.4276513017039515,-0.1435542184461515,-0.2417783400487291,0.0172531325673011,-0.1513313407577858,0.3563483225498991,0.464670170494017,-0.1201687610720562,0.1615876456543668,0.4003619689234254,0.4927019369460378
PANAS_Q18,,-0.1508255471796117,0.2632362823569694,0.4277350676867729,0.0662488352653088,0.8282028504198465,,-0.0349271109371872,-0.0360008175713692,0.3930710896925406,0.049578358842042,0.0477421627024155,-0.23840321621289,,0.0637969537927306,0.1316370817526051,0.7093576393673742,,-0.1878364465255223,0.0034422752080751,-0.1653240318084421,0.0911813958094712,-0.0788178167166615,0.7097270191861758,-0.1097605255178853,-0.0426729481435093,0.5843173308989673,-0.1263414516781912,-0.0337548307918808,0.4713422781468415,-0.0052905370799209,0.5323433115907827,-0.2532310818956135,0.3648441063520988,0.3285896245416111,0.15794782570315,-0.084377656658722,-0.0605384119943678,0.5343601590373739,-0.0068467866652411,0.3290250003766908,-0.0849865654573388,0.6453443164925246,-0.1246174572198248,-0.1379756523978588,0.9999999999999996,-0.0773634732864069,0.5886915293770061,-0.4698718588697053,-0.4962301543315657,-0.4176995637385409,-0.4654920157696778,0.7276149622933488,-0.4564905803242359,0.9050786646673517,-0.3540662142054053,0.1993596423894706,-0.2932484223691211,0.8430296555268502,-0.067964133004698,,-0.2911985658434043,0.1601296773333598,-0.6296151478775598,0.0789171580716597,0.1821917184060349,-0.2293472003611753,0.049578358842042,-0.165812455060613,,-0.165422215090064,0.0256631743781666,,-0.2320803870165301,,-0.2458782163767017,-0.2083073606975065,-0.0767339906925113,-0.1136590920054335,0.0167249993274801,-0.2776784274804327,-0.0708593171652203,0.1878435309555836,-0.3455524877659277,-0.1116984420870534,-0.305131397068051,-0.0868066746282047,-0.1556658980743121,-0.252600981621376,-0.3639885208179335,-0.3279647815081433,-0.35400370206003,-0.3479464560959225,-0.2233262100905021,-0.169401278099752,0.6052541074110243,0.5498701801527096,0.6636208039015689,-0.0737287494886667,-0.168917417293683,0.636330296720585,0.6207745210232972,-0.1779120598637825,-0.0399184146885268,0.5326092977796282,0.27353753539283,0.3047870414092191,0.5842824575985449,-0.1533841655016716,-0.0969649702500892,0.4656975320310453,0.0543207560640172,-0.1593297044813736,-0.1494155634506423
PANAS_Q19,,0.5923534920769138,-0.1327611207268759,-0.0560952875399887,0.4949313516923421,-0.1229594854746706,,0.1682790828180845,0.5344202300190396,0.0656391231038247,0.1904637526546256,0.1737772546989995,0.3947420053318933,,0.1269657990935158,0.3863918578400296,-0.1422230931852758,,0.4922312370672345,0.5953718100973325,0.5410872518440211,0.0674598966363246,0.5226288695451523,-0.1437698441134702,0.5318119785228078,0.5880858474127719,-0.0912980209811895,0.2763315313607365,0.4679535474273223,-0.0875007932286364,0.4739111283601708,-0.1177835344542043,0.4330923798854822,-0.0133813486011391,0.0175467210299828,-0.0849630447605744,0.5328900402736692,0.2193143072856694,-0.0438651355994378,0.2432149035987701,-0.072075505554903,0.408655768439518,-0.0984986315821671,0.3022195142189587,0.5121858427357,-0.0773634732864069,1.0,-0.0336836592910809,0.5841437767471803,0.4586704018727872,0.6075771568975796,0.4047277659511416,-0.1208966406959176,0.4627879474895278,-0.1463387227591744,0.6187255126795544,-0.0865826673319618,0.4824457282701377,-0.162045179623392,0.630415351233085,,0.5088205610465046,-0.2264420172742297,0.2795577311087687,-0.1418378696174632,0.4615622720609782,0.4713815464197689,0.0473528666820893,0.440949154536935,,0.3376157724444375,0.1646395709201087,,0.4977769612612613,,0.4905345273124227,0.3969877096017351,0.5155354210800704,0.1187715365811851,0.5423545078666139,0.5204109750661507,0.5403267886709829,0.1049325353586554,0.4597940807166115,0.4051623113781719,0.5405771316252871,0.4188192957277933,0.3148715979276548,0.4711724341526925,0.494475385809067,0.632373639791651,0.5582261832578042,0.5452298283206665,0.4348318659386625,0.4001911278054011,-0.0776021996207454,-0.0328033013863446,-0.1433644580346539,0.6153139840447017,0.2030911837698494,-0.0481362116477483,-0.0710681051300929,0.611275853537315,0.5520529347712844,-0.0706491358329861,-0.1127222376739557,0.036004062956184,-0.0984365304785612,0.4394969968621701,0.5874292098948883,-0.062065346353702,0.0947032956880815,0.446610445219503,0.6599918176467204
PANAS_Q20,,-0.0548246425177272,0.2249457954208913,0.3405013342580679,0.0853814336726216,0.6189698246080853,,-0.063870215601189,0.0578109776987195,0.4497947680387643,0.0560274101649943,0.0326022314949094,-0.1042536941005935,,0.110304767642125,0.2019246536593952,0.5013714499878279,,-0.0717959432448269,0.0399613129455482,-0.0951198483315189,0.0825289302711993,0.0064587858473112,0.685126912572016,-0.0334072307016428,0.0304048589299683,0.5513155882996901,0.0147836703104359,-0.0513627700688594,0.451104073887363,0.0065702712329255,0.4163460634744618,-0.1589281589038138,0.3621302156242591,0.5364824962109707,0.2272400119232465,-0.0724128930276068,-0.0493297917380221,0.3999485595594008,0.0717311343067969,0.4286295905528248,0.009340112441606,0.5274914292318245,-0.0224407738996773,-0.1269051953655322,0.5886915293770061,-0.0336836592910809,1.0,-0.3658165925696401,-0.4296841097936821,-0.2983998942582273,-0.421040483809956,0.505483923242443,-0.4250600359601963,0.6135587928614364,-0.2742194557603454,0.2397438071893921,-0.2122533001882996,0.5986625631032509,-0.0285178711987996,,-0.1979289006319302,0.250112281881833,-0.5057223383063273,0.1509933408076841,0.1573699929509617,-0.1786532678817716,0.0560274101649943,-0.141506126291092,,-0.1256261659305972,0.1382481726455851,,-0.181667214982125,,-0.1504728440470771,-0.1540012931903235,-0.071436420888071,-0.0795225443022137,0.0432699932089667,-0.2182276583299572,-0.0701455624769277,0.1471145864422435,-0.2317272141061299,-0.0938176528386474,-0.2292384557374769,-0.0173828789933982,-0.1291838717214578,-0.1751979629931357,-0.2680005508407569,-0.2382067818412736,-0.2719670728532399,-0.2994051921483349,-0.1852158444588797,-0.1374471306488764,0.4709195352608269,0.4817177777786305,0.4969028624102923,-0.0293746240205775,-0.1599327890164385,0.4150525860589645,0.4437021861260988,-0.1294674102082128,-0.0453421536931648,0.5426351076117484,0.3080533510436477,0.1742711965960655,0.5214340038359166,-0.116607897221675,-0.0578119129428686,0.311605745112901,0.0795225443022136,-0.1286386107960444,-0.085701765259929
POM_Q1,,0.6166694815148686,,-0.3154308285473565,0.6720521104432083,-0.6251542591700407,0.1620104601882976,0.4430336954671823,0.5952247783042786,-0.2645743067309538,0.1194726585427026,-0.104216960170038,0.6261134567499685,0.2421828569031624,-0.0279987584560901,0.2041982889036631,-0.507336296471129,,0.3490747543312562,0.579976927336341,0.1730005963519975,0.5925594193316763,0.6493307535350463,-0.5390359343250194,0.3274903432832214,0.6000352524901523,-0.1194726585427027,0.3880128303007071,0.6142955195661808,-0.3626636053311393,0.2041982889036631,-0.3354796600362282,0.2225080715861053,-0.3383752734561593,0.0559731391719658,0.1692379177369641,0.3053304352412134,0.2163803503047285,-0.5439548779985385,,-0.3591088379554395,0.6187998364519827,-0.5519378795462944,0.3655171472614189,0.4303540982368655,-0.5405769830535123,0.6590759933701691,-0.3102242720216121,1.0,0.8420162447581447,0.7673110021539069,0.5786414970645032,-0.5339532671229744,0.674405234562505,-0.5440599015651388,0.387062699102894,-0.2416451350212231,0.660416366884659,-0.5669288628586373,0.6392059349148276,0.0389697381888924,0.595047793739127,0.1686900058285341,0.7532221925030222,0.0048797270929058,0.6725993807849374,0.6999762444206779,-0.2220365191427391,0.718187875695,0.2612117227477536,0.6295800389627066,0.2694377579829412,,0.6832628728163724,0.1079967976875576,0.5100026680210414,0.7357210959787256,0.6857853865556562,0.4443944713445408,0.461094312063202,0.7007036433415987,0.6521571765896297,-0.3318431570585668,0.7507791869463127,0.4796639755014335,0.6338829554383802,0.1871668568300413,0.5832201746607328,0.4930912824567336,0.7719500741724339,0.6788580447386271,0.8295255353077248,0.7631354073141214,0.6849647821532497,0.6068820866597284,-0.5586898154188602,-0.5575725764936332,-0.5231248653515639,0.562519083068728,0.5290821034977201,-0.4609459517940802,-0.5178565024340194,0.5637587851293839,0.554973635489501,-0.5677027188489379,-0.5002244508567181,-0.5029136370941732,-0.5779282665711489,0.5079733145459084,0.515725357966213,-0.5681195030632404,-0.2041982889036629,0.5581530756790334,0.5691850256400175
POM_Q2,,0.650598190843227,,-0.361185236985748,0.6778435587620835,-0.6279958277421529,0.1712912651298347,0.5218610832683237,0.5736472004868292,-0.1730527780626502,0.1202123448931547,-0.0699799331614821,0.6656062389904296,0.3224093059485068,0.0203616227049529,0.1853741767043975,-0.5393594242701487,,0.3715800845702851,0.6605659658487715,0.1946069793784758,0.6719847539538837,0.6156492669769065,-0.5407450433017875,0.336216774299811,0.633481893192452,-0.1202123448931547,0.3852817198869701,0.6456657178530463,-0.269390356997222,0.1853741767043975,-0.3345269775811602,0.3291342426719287,-0.3947465175430252,0.0595661850043379,0.1318563269162762,0.3027406601199204,0.1943276198376552,-0.5791893320243515,,-0.2943445123713867,0.7042780999899618,-0.5701580489188613,0.3825871756055471,0.4030301775535128,-0.5825901800954385,0.7089843083501782,-0.3194053072845272,0.8420162447581447,0.9999999999999994,0.7954003135900753,0.6788336812008513,-0.5396572132170594,0.6890367703820915,-0.6053334637054815,0.4499156063948516,-0.281984783821237,0.7018563231172156,-0.6143435354187308,0.7169206881544424,0.1159388007162857,0.6307223517324643,0.1848297959318862,0.795612919791838,0.0188890391484564,0.6907159312405076,0.7342511293533989,-0.2496293171662919,0.7681365609641552,0.2514348302238847,0.6866566162093731,0.2431786706101112,,0.7316134169894214,0.0757483196569342,0.4767010188052533,0.7452370881051749,0.7238536519449986,0.4580411012313465,0.4760158746078057,0.6972022379628857,0.6650612547614355,-0.3218097401985672,0.7181370076553208,0.4565708283107406,0.6914420757214091,0.2359360524134963,0.6330614883670349,0.5271021606700669,0.7746222552075284,0.7250471329902342,0.8362391737965653,0.7580108682158627,0.719681344796196,0.6536405388605272,-0.5875162603312031,-0.5847392689487347,-0.5646666727973492,0.6364080317647477,0.5694794053189036,-0.4975160360601368,-0.554911254667046,0.6235895795663081,0.6111274888042464,-0.5866695937979918,-0.5491672987828198,-0.5555370219267278,-0.6034054927014698,0.6032720548332101,0.5762958654055246,-0.6121104027032412,-0.1853741767043978,0.6178800100565603,0.6522667420416997
POM_Q3,,0.7042374426080282,,-0.3506050173144616,0.7244880467744975,-0.61062140420166,0.1972597642566633,0.5605340177109819,0.6249628472990651,-0.1720433365768613,0.1193496118508855,-0.1202982166049738,0.5881353246193386,0.3165771512017307,0.0091344365758102,0.1773879971385191,-0.5222525258859427,,0.4521858750146329,0.6665320593573525,0.3624583452101159,0.6775030669240707,0.673456828397726,-0.510518030140144,0.4161489339007002,0.7010937526318227,-0.0600020900530045,0.3997729798385731,0.7322587852344207,-0.2088920647640277,0.1773879971385191,-0.3006082849433479,0.4195911285151162,-0.3833157861814203,0.1042821052008982,0.174832716754509,0.3156283660341274,0.1851824688588007,-0.5504422305628924,,-0.2235792842159661,0.7268606783084334,-0.5635247914051105,0.3798414459699032,0.5277135131385919,-0.5501784810519667,0.7247623547019999,-0.2271033953777775,0.7673110021539069,0.7954003135900753,1.0,0.726681881206654,-0.5511650816412614,0.7083545312273176,-0.5553087777515751,0.5052523735956804,-0.2552836880079056,0.6815325691955054,-0.5721312409890601,0.7034378356266178,0.1588723215849778,0.6425814334587544,0.2028315866031161,0.7489313660729426,0.0536605515350248,0.6848758639099009,0.7051153296967939,-0.1983719805885988,0.7629495853468844,0.2567979107440548,0.6455043260625386,0.2680526510727437,,0.7088898435755349,0.1135337296390776,0.4900514873610267,0.7537742926604668,0.7232911447844548,0.398591269093183,0.4882768452187647,0.7335509268895275,0.6973487047901289,-0.2927358682372089,0.7111888413426719,0.4996575248943139,0.6535707045940207,0.2335038212248382,0.6079833428031614,0.4923401675260331,0.7891156420076291,0.760360205939436,0.8500202402535901,0.7745954820294654,0.7004252057825755,0.646712591437443,-0.5680180653036376,-0.556694373077517,-0.5380214048143158,0.6225079803775261,0.5554875877939459,-0.4870487344581836,-0.5202164518769449,0.610619741225998,0.6040559931867647,-0.5903715404168899,-0.525104845318589,-0.5300891148831872,-0.6008199303817714,0.5734797485199838,0.5707444609001604,-0.573397209597091,-0.1773879971385191,0.5956353985275374,0.638676645439533
POM_Q4,,0.6278656046361402,,-0.3461599040244068,0.6606159006960023,-0.56335663109039,0.1557674641485288,0.549475987318454,0.5485271730854959,-0.1088462352665564,0.0630024295594121,-0.0614140945077551,0.656459286145853,0.3344221149010431,0.0513130110878502,0.1670198635970992,-0.4965269195537071,,0.3875886709295107,0.630130956701687,0.2817725162250866,0.6473999384776665,0.5952953119784976,-0.438145658145811,0.3539227142826928,0.6468255279535067,-0.0630024295594121,0.3814225203233815,0.6654909536778613,-0.1014748323075291,0.1670198635970992,-0.259580848652778,0.4697162853396054,-0.3627812967719899,0.0445423153791557,0.1112660600140065,0.2832588395399318,0.198656824088977,-0.4981326582737287,,-0.2015626130010949,0.6900383007501565,-0.5180824572323202,0.3704554968694941,0.4522256901647588,-0.5042393264350697,0.6960112249967381,-0.2147792717371583,0.5786414970645032,0.6788336812008513,0.726681881206654,0.9999999999999998,-0.507643654308683,0.6826820035671481,-0.5465055747832921,0.4633559461674839,-0.2577866651253219,0.6829443181389064,-0.5760668094113759,0.6603005857638187,0.2027633824668354,0.632325990294142,0.1821556625940463,0.784999211319437,0.0431201199121849,0.5930915517414004,0.6721679853633473,-0.1940475886775302,0.7122323280961593,0.2403742346709901,0.656039407053554,0.217626385624173,,0.7083127801174606,0.1370963967252478,0.4716900199245672,0.7120107350923457,0.6808667081730835,0.4318827427090736,0.451841175839766,0.6949559571961865,0.6395043762012895,-0.253371089047191,0.6284332923020836,0.439599989439967,0.6246384541201735,0.2801562750632124,0.6136277175304439,0.5141006791106661,0.7147127281178989,0.7625645779912202,0.7447052751828694,0.7116108511228272,0.6683276559010427,0.5698613654116303,-0.5031265026230802,-0.5164317110277534,-0.486535232910513,0.6169259008288341,0.5111607374590363,-0.4785506910658169,-0.5200589049158744,0.5693727562193341,0.5486897991521811,-0.5742589232002339,-0.4914122248383536,-0.5095775473218039,-0.5853469161993934,0.5917839098124633,0.5327235277610431,-0.549462952357381,-0.1670198635970994,0.5767747371556458,0.6398808914751959
POM_Q5,,-0.4697947016859185,,0.3804926396238877,-0.5031833429143571,0.653185420150989,-0.0452195980065116,-0.3437645646821883,-0.3952800665802016,0.4825297952261579,0.1190019959489026,0.016477401315656,-0.4060255675858127,-0.1066144466412484,0.3874414880204451,-0.1190019959489026,0.7515929310908428,,-0.2464362362561427,-0.4916471718539655,-0.1937532938531268,-0.4282574354163675,-0.4457091011517168,0.496595341578511,-0.1793865377299635,-0.4945947786596529,0.0748216142193699,-0.2685903417866847,-0.4750969622812016,0.2359155271921746,-0.1190019959489026,0.4037538356046433,-0.3046834184813141,0.4017643762313076,-0.0350076734017529,-0.0980697442121841,-0.1325019531737532,-0.1381919171066978,0.5489462712020983,,0.29154090810087,-0.5343776185246505,0.5464025641286054,-0.172034518053106,-0.2951697858021223,0.5527863697103812,-0.5476412389424254,0.2754623823721275,-0.5339532671229744,-0.5396572132170594,-0.5511650816412614,-0.507643654308683,1.0,-0.5863261669236763,0.5906908090036487,-0.3707049216913035,0.2552244838802782,-0.4867404255556991,0.6320618726471725,-0.4965484177623286,-0.0707451749680936,-0.5726267803252694,-0.1625870739889224,-0.6210196658636238,-0.0209931468561446,-0.5282984757693239,-0.4898844298269798,0.421721853146977,-0.4824995867925508,-0.1647625664635786,-0.438104001133164,-0.150536156184173,,-0.5164706102571802,-0.0413123217288996,-0.351963423948724,-0.5170628879716761,-0.475566337105397,-0.207251927110805,-0.2198135993494155,-0.5959561694171869,-0.4769957604649388,0.4774378317336159,-0.5504595846648742,-0.2962021851573481,-0.4405927669131252,-0.0384893463681773,-0.3789170889101291,-0.2404785147552612,-0.5315670172331708,-0.5099362838224211,-0.5555938001576892,-0.5288505025167776,-0.4642292190681096,-0.4169343533038913,0.5154357925333803,0.4892504252264287,0.4980543217837807,-0.428725003871936,-0.3662005802635791,0.352453292790259,0.4063136735349888,-0.4214275834608352,-0.36395901883221,0.551128033201238,0.514350152958434,0.3998033043410529,0.5491663092600558,-0.4431435000669685,-0.3386274113668248,0.4326721131746395,0.1190019959489026,-0.4212943972494675,-0.4738019511909261
POM_Q6,,0.6772868616863549,,-0.3599901716910738,0.7352828328501588,-0.6402994578330199,0.1405120659264573,0.5145551022038546,0.6009923729965603,-0.2518773704690781,0.1317687490478361,-0.1511864649392319,0.607612733245609,0.2579988078493425,-0.016268314705223,0.1893880586673198,-0.5752641370685003,,0.3522588338535924,0.6613447385371582,0.324305113392726,0.6690541384116331,0.6289131435294328,-0.5302385608009652,0.3608217375291409,0.6461176147513485,-0.0675373875048049,0.4187919176613056,0.6836683217194506,-0.1128598765263517,0.1893880586673198,-0.3095619449326461,0.4821404005777441,-0.3897751561777101,0.014919907628687,0.0577637648759279,0.3824837847764997,0.2256989871005751,-0.573057740774357,,-0.2570463561305695,0.7242313286750153,-0.6167425052539505,0.4047649270995313,0.482512648343269,-0.5763335023120613,0.7584145278700517,-0.2618721057195981,0.6717840549976428,0.6862744627611153,0.7096316080131204,0.6832504499949691,-0.5934663398990877,0.9960496162375628,-0.5945651884236546,0.4811623669895944,-0.2617558558570613,0.769541617781215,-0.6216690841458088,0.7296526390452147,0.2025844464759228,0.7550928746944305,0.1716244804411068,0.8387411534182503,0.051527194565687,0.6799059638012306,0.7388532761412852,-0.2429832744795587,0.7380510866014333,0.273414527194845,0.6663430154598272,0.2473618126235597,,0.7574457613549297,0.14434206167115,0.4870608108773632,0.7809089608930941,0.7028492250265688,0.4840208655041901,0.4963629680669719,0.7212759035906127,0.6704607612253091,-0.3242118766950818,0.7200347724952005,0.5420741020507929,0.6711893383684379,0.2792498026435571,0.6491447485097654,0.5198052699325051,0.7642238989555721,0.7380205650382863,0.7707438264863383,0.7651769017520884,0.7173546644537517,0.6431495665737368,-0.57990450177823,-0.5809961820068428,-0.5620821647355078,0.6524388069117442,0.5682412310754169,-0.4741445262032626,-0.5339929572921052,0.6559885052675345,0.628022206750781,-0.6323295655827071,-0.5577189085222272,-0.5282759681546457,-0.6639390258192386,0.620074202051311,0.6009905189567657,-0.5964261705492667,-0.1893880586673198,0.6076113550231071,0.6565021239097404
POM_Q7,,-0.539860230103037,,0.5543854634962299,-0.5853298499031774,0.7754328359282034,-0.0584676824087282,-0.4705183840060361,-0.4466024044637636,0.5004106684973276,-0.1299668825682554,0.1046478309557002,-0.5171980359460842,-0.197048508346008,0.2451491000701491,-0.1358300502029134,0.7575748833237252,,-0.2294930671341817,-0.5062365088426045,-0.1813968875574411,-0.5565215423885229,-0.4940233340630855,0.6532965237517687,-0.2587508555494782,-0.498705505058919,0.1299668825682556,-0.2811771654893375,-0.5240691149589773,0.390522953661172,-0.1358300502029134,0.5669456540666462,-0.3774399013020092,0.6659347413901227,0.2467500554233907,0.0211991110452,-0.1647054142010205,-0.1586959456719262,0.939740879431272,,0.5303768794010475,-0.5846795731898189,0.8363142879020417,-0.1961086226051895,-0.3308557521155713,0.9471827655673716,-0.6032076016833844,0.5229825762422622,-0.5440599015651388,-0.6053334637054815,-0.5553087777515751,-0.5465055747832921,0.5906908090036487,-0.6002084397246059,1.0,-0.3046958167341226,0.4863858953950487,-0.5465023288233434,0.9656296561495064,-0.5474940508895498,-0.0403477218872014,-0.6309921719420143,-0.0851524170273367,-0.7061195412391921,0.1341992541756659,-0.5808753607815735,-0.5575371525780115,0.4701713123489606,-0.5689732639302852,-0.2053320479640215,-0.5327476767777246,-0.1731221940013724,,-0.5667752417736236,0.0518969429110372,-0.3378616202453031,-0.591993881293893,-0.5321411983286346,-0.3476127008061762,-0.316064051476778,-0.6687390250806846,-0.5776292706947971,0.5266770343782927,-0.6047368878755901,-0.3897295225407647,-0.5619988616243361,0.0551745273751062,-0.4887706281291039,-0.3343725826950066,-0.5793347797993829,-0.5682850166810371,-0.6051405862941186,-0.5697966765787503,-0.5429833294660645,-0.5225524255748042,0.597284594710561,0.5916780811556241,0.6416423680735779,-0.528529089726,-0.4894539171043655,0.5315932135994007,0.586570190208243,-0.5119442339023016,-0.508410273604594,0.6716139693766152,0.6179999762513104,0.5366697605668573,0.6837802276733865,-0.539863967944401,-0.4515459648876953,0.581551639061734,0.1358300502029132,-0.5265488184624069,-0.5401426585918945
BigFive_Q1,,0.133048300426361,,-0.1718510920447695,0.3563469913979027,-0.1712067116903079,-0.1084231040010027,0.1371418092482077,0.158127985419561,-0.0170406471380881,0.3180846159613569,-0.0761369112225507,-0.0728431844351348,-0.1369575199274902,0.1323623249200261,,-0.1583445509749032,,0.0814868470472374,0.4313806085998849,0.2103385038240936,0.2126758565141638,0.2201745843894424,-0.174756791045209,0.1493145600585249,0.183230902665358,,0.1731053039966855,0.2571000433459522,-0.0381292945544795,0.6145652628714,-0.1224873377526145,0.2566235669208631,-0.0443056825590293,0.0043708538291302,0.1694321449588642,0.8405864427311883,0.2369809219566797,0.0828645901982721,0.5115845491465978,0.0303820639310313,0.6270692766145154,-0.1952659102363465,0.3279770294560133,0.1539465889357616,-0.1729868058165608,0.6286875894788578,-0.2285750707379246,0.2527041627524364,-0.006349068642849,0.306815985778222,-0.0748814561623416,-0.1310741497104741,0.0738665743131952,-0.0579532591708531,1.0,0.1724526670150881,0.0948765719924497,-0.1954797259146857,0.2380538129504549,-0.5319034379788982,0.2172665200124849,0.0786419014615695,-0.0767784549142444,-0.2395870227010282,0.4817769339535996,0.4476129634726168,-0.0848310874001889,0.3600585027000418,0.3536963051401118,0.4186841358176993,0.9162546231082018,0.2591683431549676,0.5090073006389608,-0.0325285088220152,0.8236476851551138,0.1839127187580713,0.4607438117766586,0.2714447138775067,0.3463282646906687,0.2163813591737121,0.385066311814126,0.1065323691485616,0.2268847310948285,0.2445545579326881,0.5521532623934804,0.5511303096088173,0.4321639376858168,0.3230607625381075,0.3731247833265386,0.1835585934275916,0.5578604096509396,0.6533972707951433,0.289131630131435,0.5207144405621029,-0.2212843506939015,-0.2640979787730202,-0.126797131320311,,,-0.1434317317809938,-0.1803591481384017,0.4099244465436724,,-0.0483998361864509,-0.3389303005724505,-0.1729919688067503,-0.1558310529607248,,0.1078730641863428,-0.2306862112973672,,,0.1814465278922764
BigFive_Q2,,-0.2288247028305796,,0.0138339588548436,-0.0927079481547495,0.0013241667939745,0.0455253824070599,0.0892714256478995,-0.2240097720773672,0.0679079404286369,-0.0154539321714794,0.0349432220396334,-0.1877782102336244,-0.1829979787049043,0.1560952892337817,,0.09013428089539,,0.0035084839774283,-0.0717179818413871,-0.1162756007192184,-0.2324921550016533,-0.1344256173146178,0.0840068131018004,-0.2164398397218466,-0.1839464007068493,,-0.1492438857387679,0.0481504244919016,0.094341625818537,0.1103778643783364,0.135942397005165,0.0396068131256848,0.1968759617468884,0.1584151433266229,0.2186199140374812,0.1288449143738782,0.1713392409978247,0.4068039268603196,0.2531358744727544,0.2182838666969501,0.0650631380965553,0.0676132536730595,-0.0915714486172855,-0.1041166740241669,0.0612205648181323,0.0079650655449816,0.0958654060576449,-0.1962636200934166,-0.2915868518387013,-0.1174716709145592,-0.2817442723685752,0.108480736795944,-0.2726148872060501,0.0831722244133648,0.1530356683921068,0.9865568516561573,0.0107157584597477,0.0953859117272729,0.0971332094779379,-0.2484593713681229,-0.1836694034272903,0.1015316999116164,-0.2731160499799792,-0.0710408940382288,0.1421384510840645,-0.0920302534784961,0.3843094794933384,-0.1620701159205833,-0.0045248379268548,-0.0876140686175943,0.1129615077841168,-0.0675505039297247,0.0366506363443088,-0.134487943656745,0.0722055334456423,-0.197455279831376,-0.1972532489095997,-0.1211108570260459,0.067772900417478,-0.2104802922541548,-0.0314879134352489,0.1133958402521118,-0.1017456063296028,0.058316626236169,-0.0163344042798716,0.6481238059308596,-0.1008953674135943,-0.1782908867168935,-0.1960965555654769,-0.1651565473605054,-0.0092190944046798,-0.0078848218840028,-0.1457246318862764,-0.0794098950714691,0.1768282692438842,0.1765052790012807,0.1275979906143324,,,0.1607232333551349,0.1533779989534006,-0.0922057728506067,,0.2067257318377126,0.0418627125756966,0.0762782099086501,0.1803768556192307,,0.1095426664063745,0.1473046510618122,,,0.0708482945026025
BigFive_Q3,,-0.0822030059310985,,-0.0942042901891347,-0.0343303783923941,-0.1966157225566051,-0.0074717933825054,0.1615792404743566,-0.124660521509399,-0.1373962763388482,0.1794787036045832,-0.0582163067275452,0.179997271442913,0.1539283641794816,0.0748394495511649,,-0.2044480944505368,,0.114717197553881,0.1136187232370131,-0.0408896128147015,-0.0946197791698252,0.002733487111252,-0.1857004235704668,-0.0909238546614346,0.0107522874842468,,0.1186526599879601,0.1735321076936103,-0.1576811303097049,0.1206611430212377,-0.1432944741189507,0.3547847036501926,-0.1457233233896875,-0.2082455998458182,-0.0281524156647523,0.1400734269242795,0.1338374340646759,-0.2136847686459984,0.2226530394312485,-0.2227960458174433,0.2587008478175768,-0.2095463424378494,0.6673003419165495,0.0484711460823607,-0.2111209894173536,0.3704566472626745,-0.2101003239326498,0.3540626465266282,0.300325467014224,0.3586419186507379,0.2709660649651902,-0.2028263310260656,0.3294364302506934,-0.2577620896540018,0.07370196169542,0.0069962530096155,0.9923364532394026,-0.1777917194368985,0.0999982086539302,0.0583816885594876,-0.0647371975806488,-0.4184260928960194,0.1997138237175943,-0.0611523676879274,0.2511019171237093,0.4292816879348476,-0.0439820815782437,0.0863983758854267,0.1701052676469383,0.4812651018697824,0.085151429704852,0.2687877954360621,0.2935273414948589,0.3818077521377833,0.2250945527795185,0.3036829624629815,0.3257201892542618,0.1394246928401388,-0.002005166430272,-0.0004797480180805,0.1172330186047952,0.0622797774898621,0.2120972536963198,0.392329787720649,0.3433561584732802,0.189635558033406,0.3798033433271959,0.4210445684468027,0.3530427390164639,0.3029137417476371,0.3068212183879674,0.3239426838981848,0.2337940348864249,0.2745117018286157,-0.2973538759458342,-0.2808323226780076,-0.2929132298199791,,,-0.1759819877701482,-0.2277827491836099,0.2825697971262095,,-0.2219933193929823,-0.2788584172611521,-0.1725972077757402,-0.2952117476953986,,0.0180134442439978,-0.3317776361099314,,,0.2080781248037129
BigFive_Q4,,0.0164304043807986,,0.2639312014142396,-0.0984392585624339,0.7083113623470572,-0.0272800216824704,-0.0246563447704356,0.0100427377015276,0.5333771852991565,-0.0243439916491584,0.1512417698432818,-0.126656407251067,-0.063902757699635,0.0153461351773042,,0.7987993704303257,,-0.0441908401441141,-0.1151572791168673,-0.0412599902413587,-0.05399612731282,-0.0269245394412488,0.7302055772490064,0.0146535475772851,-0.0386842272847219,,-0.0978036661624921,-0.0880588648088051,0.3315981100978151,-0.1653372246234953,0.6547725657965412,-0.1599547006854694,0.3698244557108569,0.4023403644663285,-0.0144960617610531,-0.2513433093967764,-0.0098503968236842,0.530310950688956,-0.0307055343128999,0.3595859848705351,-0.1745022168829866,0.842654578414616,-0.2506374232459121,-0.146981872475958,0.8198997587503465,-0.2818584117315145,0.6983178272511885,-0.3925081979983004,-0.4769587961069071,-0.3264035160924969,-0.4300446945911329,0.6048705856252278,-0.4288102226121688,0.7747180001055538,-0.1984708361025716,0.0910800172281751,-0.1770755340426615,0.99920563510155,-0.1823865203325247,0.144810188275051,0.0455467205346097,0.1382648827214679,-0.3608965466135982,0.1387502253471168,-0.1324543759510347,-0.1914342627323259,0.0192925946006511,-0.1917729835513071,-0.0187728500983113,-0.2518148384969891,-0.2247748546736626,0.0681509843364939,-0.1578666869857227,-0.1660350042055995,-0.2770425322270129,-0.0825110554696948,-0.1051792722327369,-0.101796659155666,-0.2350681582575453,-0.018704960936807,-0.1178741326241754,-0.0327150438558609,-0.14448995662095,-0.1331945078883647,-0.2691359912439746,-0.0609498148230333,-0.2430916958834979,-0.1707487836797271,-0.2743663023883127,-0.1999619085060555,-0.2788341291286428,-0.245499541412497,-0.1700798689160565,-0.1822260283254472,0.2826142946923529,0.2390347096327996,0.4713775421536336,,,0.2058565980271635,0.3766318875714995,-0.2334729532446147,,0.2746339222661562,0.2154459389681136,0.319102493334546,0.322711713405465,,0.069204523244556,0.3090967279121233,,,-0.1085227139923093
BigFive_Q5,,-0.0270668188344708,,-0.0859203765642161,0.2752288672334142,-0.0992805631947537,0.0431442394305721,0.1588399051243244,-0.0149550476087775,-0.0136316975500724,0.1943873754628906,-0.0538951175382376,-0.1615840235499381,-0.1150373954355861,0.0418963447201009,,-0.1598400520322595,,0.1080217780242475,0.3870097846898734,0.0853986363497067,-0.03605731879829,0.1739811550907194,-0.1737245947238837,-0.0155690522974591,0.2099427785156004,,-0.0249428660825177,0.5479758644574918,-0.0593544658260591,0.493817375376113,-0.1360755446450691,0.2115547924816004,-0.0654321482403476,-0.0641810157520835,-0.0644734699425953,0.3872163222916844,0.1055395138761281,-0.0090646635854253,0.3719733660759862,-0.1045796866784015,0.4243256134160226,-0.1656275742488301,0.1832270208243732,0.1195950203828337,-0.1639179535535724,0.3810608289664277,-0.182920915857126,0.1206815821873878,0.0113492571578239,0.1708965153873143,-0.02963636318718,-0.0928698099335598,-0.0296057693599653,-0.1357884117434323,0.2380538129504549,0.0991099571071215,0.1087021398856767,-0.1826725080140825,1.0,-0.2114134543663225,0.008478183368206,0.0753568397719478,-0.0311152317719962,-0.4261508258899049,0.2287145722421065,0.2087746065658862,-0.0407589294358789,0.1435366963673649,0.1534074921174709,0.2420856851427661,0.2637017612149636,0.0749839456472228,0.2468746372040097,-0.1432598019493481,0.3613357767857741,0.1091284541343574,0.1347154734531099,0.0615547488317734,0.7395551063873234,0.0394253746986403,0.460734597664616,0.1061981877569534,0.1100817942022499,0.3248276921309267,0.4407810091513038,0.213659319681147,0.2066297131086231,0.1380331747362683,0.1848703645839904,0.0147107467727619,0.383396646337747,0.328104793798962,0.1739062246769085,0.1758655826687659,-0.1234033777227778,-0.1045599798932272,-0.0641156282442001,,,0.0294615604106506,-0.03231028651292,0.1377855902595243,,-0.0424270043424859,-0.1673750023978895,-0.0295935868538588,-0.0054198844467129,,0.0446986667686541,-0.1057829329824377,,,0.0733896856293236
BigFive_Q6,,0.0097977274511992,,0.188775556737589,-0.1089185270815135,0.1059230124997194,0.0567078940474263,-0.0933851446903638,-0.0252047727136357,0.0382294675442047,-0.1387386702795756,0.0842222755578777,0.2652882808482654,0.2246670862772743,-0.0793716723142198,,0.1064140128198246,,-0.0373655373038886,-0.0812573871275926,-0.0020064447366785,-0.087547527282367,-0.0912826779351825,0.1222123543311607,-0.0189619312400851,-0.0252687141121623,,0.0228222481792773,-0.1316530962136975,0.115372746267784,-0.356003395037142,0.1313231724916252,-0.079866724232846,0.121746150486929,0.0628612905659237,-0.0121778244089903,-0.4229956060428989,-0.006677466248195,-0.1249343844377696,-0.2470704068629161,0.0715616510391049,-0.2799377709812504,0.0990892106532106,0.0326706720972107,-0.1017206318064223,0.0847666604160947,-0.2978522934862773,0.1802371107665564,-0.048701392801589,0.1800817693087346,-0.0437231143883136,0.2680095605202522,0.115683348003444,0.1527936267024691,0.0408231285801047,-0.5306791433650448,-0.2652962662195445,0.0590536833489295,0.1263591939344926,-0.2158787534356262,0.9821903703246329,-0.0137173122275417,-0.1315849646466338,0.2983822765152533,0.4099262083022883,-0.2238269698966588,-0.1345809152914907,0.0706630568687298,-0.151487955816744,-0.0753468340157522,-0.1534719183192345,-0.4839036675500796,0.0567101033315737,-0.1631387393230369,0.077416815272682,-0.4324633915544971,0.130004036738302,-0.1159468864461832,-0.0175464856927796,-0.2508487277778823,-0.0118597383481353,-0.1982176898161861,0.0060289053295378,-0.0238327568791478,-0.0342723336198258,-0.2153026154282616,-0.3990920487110829,-0.1185930494840462,0.0006321483339055,-0.0328080598081166,0.0918225060950047,-0.2328225930015973,-0.267553936237848,-0.0431815212687762,-0.1452308417773959,0.1633609512659619,0.224025550487203,0.0732849237325793,,,0.0917950480625368,0.1580790664358485,-0.1240102358029879,,0.0141040988235792,0.2226267663666353,0.1344317973574629,0.0759990807409947,,-0.119328651389838,0.1196398498228403,,,-0.1129360258778692
BigFive_Q7,,0.8513564898311038,,-0.0717970253090825,0.6555082662041534,0.0801769356993138,-0.0362381466392838,0.1372879844106323,0.8419053774624851,0.1175948819175436,0.5297888333984165,-0.0356992594265447,0.1556847527209569,0.1615209788995403,-0.075854004898994,,-0.0367024149565939,,0.0842996395503883,0.5164549591019144,0.4056746005306337,0.771963844361081,0.4763823481903118,0.0314112351996516,0.8334331660143504,0.4461595644867757,,0.6306752114028987,0.2634530308619217,0.0559699028691329,0.2384171434603553,0.0151810625971306,0.0851162997764699,0.0479090259664067,0.043454577710653,0.0389100842213758,0.279940172960971,0.165423467281555,0.0253267268276576,0.279476882500313,0.008847813182298,0.3231687601047024,0.0706703258996614,0.162559008573351,0.1172289166620817,0.071012301772805,0.3254772546607234,0.0107336293786138,0.2446878851216966,0.1027400616689704,0.1791601492035787,0.0302991902491588,-0.0398819454967169,0.1647756603721827,0.0780561563225245,0.2172665200124849,-0.1629681221254594,-0.0613699153241004,0.0460007978048288,0.008478183368206,-0.0283764998896277,0.9999999999999998,0.0464798419901207,0.0431132347808538,-0.0667048628406162,0.370214170754662,0.3544529791342607,-0.0980085809729376,0.6288038662257909,0.2145581684420004,0.2243078922292224,0.2060709423938402,0.3575108788817565,0.335855638829219,-0.0129428229508665,0.2557800648432547,0.2140437201777011,0.4606463243817227,0.5667545934007585,0.1034096284602611,0.85599452082385,0.2773863868140978,-0.0093700547901676,0.4929044828959474,0.149760155315133,0.280450384897796,0.0526048645942277,0.3036668072665919,0.3839419097471816,0.2870623236615031,0.2297552083536806,0.2702726456184254,0.2785371287597836,0.2271641029150315,0.2112285371267144,-0.0376556961258086,-0.1559188414506338,-0.0497495890812259,,,-0.091151706461265,-0.055187068471021,0.2950637915494231,,-0.0314814642077061,-0.1978884374555424,-0.0688881397127491,-0.1010139923140976,,0.0842996395503882,-0.1573949445289338,,,0.0281852251638874
BigFive_Q8,,0.0251505242470642,,0.1759721424037501,0.0885479082958558,0.1149918814235445,0.0484240645334708,-0.0653881768841147,0.0215321695509752,0.2587720688736936,-0.0907257474684103,0.0676978939604277,-0.0975591583680455,0.1028622173284347,0.0658902442317956,,0.1926626529277036,,-0.095916410886793,-0.0050622217092358,-0.0369899118571074,0.0223833809061137,0.0164143209300344,0.2858416051343896,-0.0015885502488974,0.0652895034735944,,-0.0806841830733774,-0.0328636974007097,0.230969773069277,0.0711326157078014,0.2396737077588233,-0.1076496225148231,0.2472979281301693,0.3501555798639745,0.0788010282631596,0.0407242139569104,-0.0311840303350911,0.4285590006243599,0.0783838674029828,0.3618300283378843,-0.034426905277839,0.1383613160819909,-0.2069603937739812,-0.0488482092320227,0.1447053179489431,-0.1004809447487686,0.2507853708074369,-0.2569032213134639,-0.2701646941465178,-0.2678148231502197,-0.2648573214654199,0.2398875996640136,-0.2987070560772435,0.2282241364966031,0.0786419014615695,0.0843623565343304,-0.4214727516247457,0.1377453322202121,0.0753568397719478,-0.0984366733129721,0.0464798419901207,1.0,-0.2072708820302969,0.0777517810652668,0.0262255808227841,-0.1531499713131954,0.2149645758602052,-0.0272779269076945,0.0400096152643941,-0.1714222633872858,0.078297706791128,0.0132374518924834,-0.1080246460451197,-0.1609134899825599,0.0063768905234167,-0.0269928157273824,-0.119412845739624,-0.0854562873890962,0.0932727827571837,-0.0304436552633545,0.0289459946595015,0.0700434604310358,-0.1443803111780238,-0.1018197664045436,-0.1628278328711086,0.0008734453268064,-0.1509997619959016,-0.136597948264124,-0.1150852752562088,-0.1307528809574353,-0.0922911479990231,-0.0977418283019053,-0.1460063461130355,-0.0636494603272818,0.4297859794507489,0.4060448671474593,0.3797353275572895,,,0.2721477826197557,0.2772301904326031,-0.0691358505889677,,0.4133518069726771,0.3478730954352364,0.2559327319125944,0.516832502274923,,0.0443484480444311,0.5481954303621505,,,-0.1659620278873482
BigFive_Q9,,0.0073615427564257,,-0.0555675239028965,0.1472152089566841,-0.1641216077820121,0.0841398680895073,0.0610346721061005,0.0048587095602479,0.0166367690269634,0.133097207550097,-0.0680340515408909,0.5091787576189739,0.3491356041317778,-0.0690371895130239,,-0.2568752620827217,,0.0963926890503243,0.1928057447540094,0.1190536992642563,0.0113682318689172,0.1699067062965757,-0.2418011672140923,0.0217497064075299,0.1740275515212413,,0.1545399514366437,0.0502727030712487,-0.0496061824763917,0.0096049708842852,-0.1265364784135077,0.2010812277180816,-0.1275485625400531,-0.0795189183706691,-0.0092610419077134,0.0211094197344698,0.081504279702181,-0.3524005639686803,0.0408465629555994,-0.1620938552800988,0.1773059078050118,-0.2691858434463178,0.3150174485350363,0.071447465456122,-0.265729154716314,0.1950818433708468,-0.0977146031353248,0.3845186186152114,0.8569047881058065,0.4787365470645384,0.9116675429714964,-0.2105709893277106,0.7825026500265431,-0.3229747670312259,-0.0767784549142444,-0.279865241479367,0.1842308575945336,-0.3634481511743439,-0.0311152317719962,0.2793670721719591,0.0431132347808538,-0.2072708820302969,1.0,0.1642154461018011,0.1530205284629777,0.2385128052586342,-0.0087800687208604,0.1491250732090099,0.0669294144965663,0.2605703622560514,0.0097115585423492,0.1678581605032295,0.1975579961673094,0.2836465379019229,0.1172779010807598,0.3110402848555054,0.1761444527966338,0.2560981021608017,-0.0398835579466645,0.1089847592630137,0.0734206218758065,0.0923107142895822,0.170500033934871,0.1610120673693971,0.1984430726235988,-0.1591961695582798,0.2913824803709476,0.2671762723874932,0.3625847573758355,0.5423008691753375,0.3211498632290864,0.2405311358134048,0.2246150212980777,0.1455117286646277,-0.1681025213635463,-0.1357728339699347,-0.2363133189185963,,,-0.1477528462439744,-0.2218278659892882,0.1678698566966808,,-0.2285610516552582,-0.0577378062542705,-0.192817307476139,-0.1531176750228216,,0.0391463759025334,-0.1578066334893288,,,0.2208545880437845
BigFive_Q10,,-0.0369694215209818,,0.0466428716597848,-0.1431704168762143,0.0981405170170076,-0.0093319951748933,-0.0512551370252722,-0.0748768981337947,0.1352022822337863,-0.1998298936944486,0.0977824491857231,0.1982557217817549,0.1947883390770479,-0.0464937054950566,,0.1602858389458562,,-0.0177616811473715,-0.1501781314160027,-0.000806362464853,-0.0986906633335494,-0.0778397673456061,0.156852596580196,-0.0605604310746798,-0.0903419694468729,,0.0180456188223751,-0.3096217446035141,0.1488827190798439,-0.2520251418397204,0.2353258910796,-0.0554825359902786,0.2262038183526809,0.2299110343694415,0.1104029385612101,-0.2290264079347684,-0.0505030654555374,0.025827524343905,-0.1782463069506048,0.252040880139354,-0.254094519458985,0.1259615683384518,-0.03394759191667,-0.145292829672052,0.119502318812466,-0.2237514981820905,0.2921503022991571,-0.137964093368096,0.1195968108561566,-0.0314111655283123,0.1660987324115502,0.159993239324083,0.0890949162031039,0.0828587072906097,-0.2395870227010282,-0.0906420169745406,-0.0668816743653261,0.1357911411757263,-0.4261508258899049,0.4251621969704169,-0.0667048628406162,0.0777517810652668,0.1642154461018011,1.0,-0.1093005211654468,-0.0643506525325656,0.0437296531280694,-0.0551831318686383,-0.0606068682704728,-0.1622543420759001,-0.2502663544671103,0.0799721549690619,-0.1693039862587927,0.1276242536185145,-0.2819493090917068,0.0450983696925669,-0.1097420336416093,-0.0385334295186894,-0.3707733310155995,-0.0566232313028591,-0.282173120576596,0.0844975761473159,-0.0293499009846772,-0.2394098313732446,-0.2853526060386555,-0.1848600678408345,-0.1580552133728089,-0.055891373163575,-0.0370305124804595,0.0585838171461235,-0.1759112703420525,-0.153299056093196,-0.0612198540353456,-0.1685429129576669,0.264464740116771,0.2754227743747775,0.1797484179297521,,,0.1187889004376725,0.1866253836651971,-0.1328157098269303,,0.1061288009850507,0.3111529857477111,0.1499834184626782,0.1602331840519764,,-0.0479565390979032,0.1862686748714626,,,-0.0381763438972907
SelfConst_Q1,0.1612930415325714,0.2629506290066419,-0.0642830671147879,-0.0368270538850146,0.2884611052910791,0.2501186343343444,-0.0253581065670222,0.1313910027935747,0.2166557411413386,0.3596757077941285,0.1822198863015821,,,-0.1068187315103382,0.0837681348410443,0.1437921565972961,0.2083088602733061,,0.2644270404962522,0.2824463409897482,0.063864738197587,0.0013980668593481,0.1459633239757809,,0.1462010985924948,0.2122579813557952,0.0888045616171215,0.1786214590910265,0.1700426763509629,0.1679157640594663,0.3930214362945617,0.0809734118481566,0.3510928560957572,0.0908211292523372,0.2010464151711616,-0.1310137013560451,0.3159394610588016,0.2533348282017236,0.3064440491235538,0.1358626990567103,0.1263400015346972,0.4509613873420026,,0.2778355651559555,0.2948254794159878,0.3441062757749235,0.4361955914534012,-0.2371774403779339,0.1933337581718681,0.0842548547091917,0.5135450404965056,,0.2669924608435173,0.0577566897401559,0.0489385129700588,0.1779838583506265,0.0944918125773359,0.4031230393388413,0.1193204759945599,0.3077773326449882,0.0039371427434201,0.1510428239177363,0.0089333459627112,0.134613273517875,0.0971280636718136,1.0,0.3732618256501922,0.0958644587869009,0.1482998736446776,0.1123429704243143,-0.095751242371726,-0.0465858580723547,0.1050162126477002,0.2381777560743184,0.0792343747067899,0.0861781755792327,0.1005307590428768,0.196403910484385,0.1525243148761288,0.0715167650486847,0.0977393769169701,0.0787647808595835,0.0644584265284629,0.036348311934199,0.0251639926568892,-0.0055326594822147,0.0223048539993215,-0.0128693491875636,0.1679675631954328,0.253591103317753,0.1630412120527221,0.4451605000627086,0.5113085903268066,0.4685316039820757,0.1355552911299349,-0.1247452084600213,-0.230165874700072,0.0442336221540555,0.1031531398776086,0.0407647265090981,-0.0638647381975871,-0.0947529105459202,0.227185864644063,0.2016482256848743,-0.1522594722498152,-0.0409897866968471,-0.0638647381975871,0.0206930347579818,0.1986334122195421,0.3550225541298522,-0.1464858080305385,,0.1756804078989939,0.3772731683424393
SelfConst_Q2,0.1803795287106165,0.3521600055472251,-0.0315555965954139,-0.0131159335789,0.3485359471079705,0.2161494703254563,-0.0176969674646145,0.0715490939968136,0.2713119932060929,0.2799055666271068,0.3560937017502056,,,-0.0047736380196274,0.0583883395696571,0.0143753225866902,0.1798910694382933,,0.3155050525905544,0.3040656982220919,0.0840002977789842,-0.0639507642117658,0.2110549493430504,,0.2333213794833607,0.2342805765658775,0.1124587093668513,0.241403990580625,0.2731538031332651,0.1782369637876258,0.3521215586699251,0.0784575791075287,0.3913622767543196,0.1784453308604812,0.2171363375567076,-0.1375585633642387,0.3695108560397969,0.2467897875874534,0.2473424970241182,0.1235812264678307,0.1394729966742052,0.3556990883953317,,0.3552368823361919,0.2891581474298805,0.3154252981952637,0.3503120954893064,-0.0870869610392908,0.2225201221251939,0.1105358823216335,0.4156412064545789,,0.2544976970880738,0.0756202486445724,0.0877621650177395,0.1984123546857778,0.076332146230573,0.5828279712232598,0.1300091738732822,0.332834539280619,0.0040455871924093,0.3506736591986036,-0.0940148795847029,0.0955319109643705,0.0167265261537036,0.3732618256501922,0.9999999999999996,0.1148850415153204,0.2487726671761982,0.1769366745462313,0.0176782507715564,0.032806910392694,0.1290291822201859,0.4394581222462997,0.1414699175828605,0.2743539645595045,0.0925222995673355,0.2179246428759793,0.2561948722273294,0.0264078935792157,0.0841278213555179,0.1443390043691106,0.022307100401959,0.164075415984443,0.0824399102314857,0.0991445344034549,0.0590815147944366,-0.0011889640787307,0.3114649955828304,0.2513991624997496,0.2594044033094964,0.4716318828868306,0.4810355656657299,0.3991967266704724,0.2013329718230838,-0.0207949348315031,-0.1654506523105711,0.071127535304969,0.2281624174643714,0.0840002977789842,-0.0840002977789842,-0.1236933236728859,0.3141928850404148,0.240283729963474,-0.0902116955572516,0.039392190582302,-0.0840002977789842,0.0322597613531638,0.2609713615619954,0.3071787750983779,-0.1239000595899012,,0.1913545559932531,0.3470629437710095
SelfConst_Q3,-0.023405936103082,0.1300686565837711,0.0645969850798428,0.1583435979957677,0.0690431970458157,0.3700485790207042,0.0293073154855357,0.2628968368151237,0.0927713167414678,0.3518907490901632,0.0775322874675111,,,0.2881630933950245,0.0839040633580175,-0.0530847818438105,0.3573242303220583,,-0.0239639474514224,0.0746689389845457,0.0753317260431021,0.0600056478561804,0.1297353453774253,,0.0608568343120704,0.0129642054082565,0.2494850669153067,0.0308635749361808,-0.0082827736797419,0.1134884517768587,0.0191254578771604,0.0804494130688766,-0.0077019643290896,0.1678888173875889,0.083408621708743,-0.0971806623891431,0.0330738082520848,-0.0528913025300267,0.1314462510397002,-0.0161442057715965,0.2055163762911213,-0.0194832209950067,,-0.0047775742471572,0.073360483868053,0.1619429114791251,-0.0287124213734431,-0.0201979377492073,-0.0298323050768768,-0.0267557853748119,0.08658308735441,,0.3432717788225449,-0.0309867833100498,0.201967559447916,-0.206806432430558,-0.034363744501381,0.0742349299844337,0.2118208401532978,-0.0501135782336056,0.0408377776773445,0.1878804610281628,0.0111831754773304,-0.0432090049106532,0.2246207165537125,0.0975383246177775,0.1170131073440852,0.997013324341442,0.2752354820140285,0.2054097594530831,-0.1033362721599907,-0.1206942424892267,0.245026450953418,-0.0557339000340739,0.2075253116335894,-0.1520823454707666,-0.0773822288442824,0.2261086798555035,0.0758703492208993,-0.027632770746239,0.1987440630620119,-0.1945197570426904,0.2494659736875542,0.1879659811595041,-0.0819102434926376,-0.1984168803564011,-0.1124687731791321,-0.1904852159083209,0.1533043552461107,0.0221900964269635,-0.054884713108771,0.0845586003607569,0.1032132118585576,0.0626899926574912,0.1569696238588008,0.2165842805475989,0.0301581172990064,0.2875833946646071,0.2060664873603939,0.1530935077650141,-0.0753317260431022,0.0905289018651934,0.0600056478561804,0.1533767522398604,0.0229240930121698,0.0662989817199563,-0.0753317260431022,0.1826252036006651,0.0830771447819541,0.1039740238095814,0.2663815750284916,,0.092221510569495,0.1267503317875823
SelfConst_Q4,0.1147593919168483,0.5720320677388467,0.0015737633482905,0.1615733723615016,0.3133605265313042,0.427377038465672,-0.218190131287013,0.3768124948808896,0.5548500214424948,0.5079120258419944,0.5182030432876915,,,0.0079283769374087,-0.1208329450168705,0.1033620021945893,0.4253060941131616,,0.1802169599501182,0.3947005578527944,0.0089602389139175,0.1218784278789893,0.2280964144467797,,0.2714430092523047,0.171278259095922,0.5223857214215283,0.310929995202709,0.0110183198865214,0.3327226648221505,0.1932340599600911,0.3154221857110009,0.1445906510271604,0.4450879007687685,0.2974395247170653,-0.0909344638082879,0.2514821517005899,0.0393825312729548,0.3023317007495093,0.0708280279681036,0.3573696036922922,0.2388732763439755,,0.0952466000015141,0.1606263349126098,0.1519874728025032,0.0871326699098996,0.1384879473721297,0.2664174095798634,0.0873905966953594,0.3359511277198548,,0.388437505322552,0.0419584996833126,0.1416484529050438,0.1259949111915266,0.0108708021799961,0.1930790350981393,0.4005391053661218,0.0501102708107455,0.0395149827957868,0.6958998812707136,0.0845671828685596,0.2060007660524151,0.1748545553399852,0.1453471186430259,0.2498135402784995,0.281145065860749,0.9991536176582786,0.5226453674022836,0.0536406100890661,-0.0286042911998746,0.093117699557766,0.068152815348908,0.3172289570290961,0.0853923308427138,-0.1879073843794885,0.4512882774931678,0.2691007745383099,0.1275542260458384,0.5117618956678455,-0.0997965815850652,0.2599383626378958,0.1242150600770717,-0.2001960879934445,-0.0871770861320864,-0.101321428861758,-0.055703455479587,0.4737499984322793,0.2881055174961091,0.1749334769185868,0.252523856272273,0.1663887583091033,0.2008173080440298,0.071339843036458,0.1571026646127636,0.0990771399237343,0.2467412464808845,0.2826480024034198,0.0502684589916389,0.1562726413969681,0.1025636369434202,0.0262507383123976,0.271130291611746,0.1760076764327309,0.1162813644923958,0.1562726413969681,0.1849258995257302,0.0560375649722644,0.1674258414757365,0.1623598873139007,,0.0819584118718836,0.3132611341217571
SelfConst_Q5,0.0867134165594855,0.4006968295440354,-0.0173567154482422,0.1798628205862789,0.2571449151405128,0.2869407204904073,-0.1109055734572738,0.3601797203880985,0.3711607579876949,0.4022224292847329,0.3343549407735996,,,0.0772180168242103,0.0400985839149569,0.1801547944681857,0.3297153101737569,,0.1887229393517886,0.284760539090874,0.110599163886746,0.1508719512666696,0.2469928105336521,,0.3071768050923067,0.1169472723563505,0.3733593511142016,0.2256980875860569,0.050222862226972,0.1723959489487539,0.1532265619435266,0.2354631310278024,0.1272354391969788,0.354328121647313,0.1841863670516878,-0.1116468451284809,0.1902752666741443,0.0205562299498884,0.2612244397185942,0.0582038099537532,0.2321717286963899,0.1651306498027702,,0.1127928515565066,0.1257089825534927,0.1260224051458615,0.0950532437532435,0.0800049448919744,0.1290867768548823,0.1188211248518123,0.2292918673527983,,0.2320343366597561,0.1267687169444075,0.0788008108555279,0.0881945738754966,0.0059784458447218,0.1770730435521316,0.2857202404217513,0.0162305550645889,0.0208837128527427,0.5034697706133443,0.0612736816077235,0.1452043640413792,0.1275978931885795,0.1123429704243143,0.1769366745462313,0.2092684332971457,0.5231245045434634,1.0,0.1687329250169221,0.0164749140792437,0.1384698677433903,0.028205974254443,0.3966589960340871,0.1069042689336414,-0.3470773703308196,0.3810466718262263,0.2460027765997676,0.0599306857858841,0.4017682250352324,-0.1284014223861178,0.3185737375393446,0.1588394964678532,-0.0061258312988201,-0.0824926492096881,-0.1281679334681896,0.0151750422873024,0.5221494972151866,0.2202147597623962,0.1192850291684603,0.2517631570869991,0.2238770697626217,0.2331417272434936,0.0052247704049581,0.1197376727092145,0.1112908286174314,0.2355475793659165,0.256605621144621,0.0683477979075397,0.1429090319884923,0.0059352396894833,0.0095893189364408,0.1727418602899592,0.148967538306896,0.0505363291456686,0.1429090319884923,0.0856984229239949,0.0673886891574383,0.0856006788269556,0.1723339297195012,,-0.0247792140017578,0.1679721852360456
SelfConst_Q6,0.0091619054555933,0.0600218819637428,-0.034910296405442,-0.0661819688467359,-0.0772978999936522,0.0108993464392606,0.2164272740658762,0.1442943128965615,-0.0060851710591698,0.1179709252208578,0.0589848220085784,,,0.0610563585033868,0.075658554581745,-0.0122770755961439,-0.0057828618758599,,0.0882738062852248,-0.0062862946919523,-0.0713259190880467,0.1133344266083004,-0.0049509419109916,,0.0144371704013667,0.0266089979600156,0.0225723365604069,0.0399723010095852,0.0747076877424935,-0.1043644888825357,0.0879511970998955,-0.1805534733210204,-0.0118559606449108,-0.2499331682009242,-0.1912496135161715,-0.1215323982116196,-0.0069839409069098,-0.0091689283903245,-0.2266922411189972,0.0720445344577789,-0.1575660695916163,0.1176908514386547,,0.0386723338712979,0.0104782956633796,-0.1725670880695097,0.0503971957231526,0.0756864352997897,0.0913690572830541,-0.043116992136839,0.0882811698965172,,0.0704297110836715,-0.035139621966519,0.0736071702203365,0.3122393646722798,-0.013191054546541,0.1578432973906601,-0.2329027518519977,0.1403891623317019,0.0377645379405418,0.0096622884590613,-0.0729805099096954,0.1433789057952518,-0.141577423233376,-0.1104144228889784,-0.0231638054413477,-0.1095821164488144,-0.0327776784100842,0.0794340518049211,0.8475133084116279,0.3404687990271632,0.0002157645752333,-0.0619205271506473,0.0179474946743821,0.059657437174537,0.0374732469565378,-0.1459858666881341,-0.0775849526394939,-0.077469413564185,-0.042327594758865,0.0245821912103114,-0.0573742696414866,-0.152837524991544,0.0302097498494348,0.0548817416851063,0.0471394499119177,0.5883630352636386,-0.0737468752733238,0.0655999603603805,-0.0656742946169316,0.0955384136183413,0.0982651625120019,0.2156673531510668,0.0581200221359291,-0.1250257580822648,-0.0327592316690681,-0.0956618828582294,-0.0299010558496853,-0.0015394083256412,-0.2078201239615753,-0.1955743487676857,0.1013674374633247,0.0606620869187828,-0.1255828128901761,-0.0666181276869577,-0.2078201239615753,-0.0898122117433962,0.0768251889438758,-0.0761431693665626,-0.0178179655883816,,0.0997889847393208,-0.0290535737665707
SelfConst_Q7,0.0695077960294985,0.1117254104035947,-0.0190852728064906,-0.0666998113440613,0.082040147270753,0.0065784573841098,0.1415745966583814,0.057622917015383,0.0550059865088953,0.1035824400320901,0.0671075968508955,,,0.0911987768293702,0.0856509859131588,0.085417967015567,-0.0063765875533623,,0.1414940002959637,0.0347448975967479,-0.0783015311770031,0.0469583200375474,0.1099970628648853,,0.1046414532131251,0.2275699746951484,0.0003428096930326,0.1300625783224216,0.1353540576572352,-0.0094510211549098,0.1990599563956245,-0.0815157842480658,0.1159794292703664,-0.1802891138444478,-0.0084557774917594,-0.0822748410114341,0.0994315720718005,0.1825870080605383,-0.073089706485856,0.1464899597635746,-0.0771434215130255,0.1556494696926404,,0.1492700891585478,0.0980743016901234,-0.0886840484005024,0.1485282248606711,0.0541898126983075,0.2512807370632803,0.1561269034748827,0.1412731241510432,,0.1063098754080613,0.1089191984478116,0.0838557613521714,0.4410709994393347,0.0897204065600561,0.0788650652641829,-0.0172581024950761,0.2739316707681456,0.0212411933261222,0.0420665371925363,-0.0586042082074071,0.1423804826760771,-0.0971994281270798,-0.0465858580723547,0.032806910392694,-0.117259967466121,-0.03029652390093,0.0164749140792437,0.2757418892603198,1.0,0.1006922795191641,0.0875076328699591,0.049130549889816,0.2966501614329173,0.1996571727519343,-0.0646652594875558,-0.0382863439835344,0.145740601314371,-0.0834990859070049,0.1349285182644929,-0.1013764835216407,-0.0727897683906709,0.1316268745411297,0.2233396106157594,0.1737222817031007,0.2372063181557804,-0.0637896825098857,0.1429372439990505,0.0821435115605069,0.139808001747346,0.1684150442704307,0.2121896950587797,0.1167151590044122,-0.0723391829730557,0.0318130884570559,-0.0403262554772088,0.0115435278905904,0.1350665756368341,-0.1156694750173944,-0.1183924771517668,0.1168088210933994,0.0102880524588446,-0.1439652332893522,-0.0075622302965546,-0.1156694750173944,-0.0941727584043181,0.1118116085339823,-0.0764757903857299,-0.1790851805486377,,0.1474272560666144,0.0097717832686616
SelfConst_Q8,-0.0523603121535561,0.12086831989984,0.1089155129995655,0.1376069762921847,-0.0104803942368091,0.2308156357788932,-0.0044516696041356,0.168011812459667,0.0382549424942893,0.2033744846354152,0.0803072944179532,,,0.1212960554413876,0.0721188453928754,0.0777377670847507,0.2190072490181701,,0.0638562607273904,0.1979966356604197,0.0989917391250487,0.0057470561327028,-0.0481048992194809,,-0.0106497487929212,0.067611984542614,0.1060201696397916,0.0441424362373234,-0.0228163803872409,0.1735254067473794,0.1001354248105035,0.0987559554819582,0.0903577089144469,0.0706035594940853,0.0829511048286104,0.013430003711382,0.0741465295113879,0.0617916215411874,0.1068605439309553,0.1203986391272891,0.1914273524244627,0.0183949880551097,,0.0945651661227676,0.0580168417464116,0.1458401167794906,0.0182557382816874,0.0677171204256544,0.0856670564374991,0.0987253071663876,0.1803819918197458,,0.2849334940729291,0.0804594615817666,0.1427120016359848,0.0979144443952383,0.0784910742157735,0.172100190434688,0.0986485152277089,0.0503428975611839,0.0987253071663876,0.086679607571562,0.1581105497243695,0.1379451132416358,0.2309904284725924,0.1050162126477002,0.1290291822201859,0.246381618230606,0.0939233645093879,0.1384698677433903,-0.0071264234472155,0.1006922795191641,1.0,0.0836490564828822,0.1310879628922094,0.0513345736355886,-0.0769643045674273,0.1391209278242908,0.1231474017376266,-0.0424700973354669,0.0425640882857701,0.0471107975586007,0.1911294346646617,0.0945002912144932,0.0376090205560257,0.0482164719684553,0.0858291068559594,-0.0348304363255307,0.1227334672847936,0.1813557000264626,0.0595747695053615,0.0853454717503463,0.1044352233452055,0.1694867953521869,-0.0738939710729985,-0.0171927398347043,-0.0796955898034011,-0.0105747630757793,-0.0029371827875852,0.0778900517880477,-0.0989917391250486,-0.0921881459942256,0.0491692580242352,-0.031244753032547,0.0623325071448227,0.0025878437437476,-0.0989917391250486,-0.050138874439846,0.0267053621009303,-0.0085691782699577,0.0568828937757637,,-0.0752512323889805,0.1358321869444721
SelfConst_Q9,0.0251088528939635,0.1379205260676476,-0.0368138446792116,-0.0685254256466701,0.2657124745991768,0.054827104745561,0.1213768085079803,0.0159920543091392,0.102431086520573,0.0923146392398272,0.2152584114661457,,,-0.0026734480154042,0.1255477751396071,0.0547799031436797,0.017746294041845,,0.2320723314497609,0.2577108652741415,0.0790774434560507,-0.0018046843990825,0.1520300262649981,,0.080939227457875,0.122117187063042,0.0011208978756944,0.0850258217123099,0.2535903410520702,0.1574096001686625,0.3075417529833836,0.138067967159132,0.242253526891276,0.0555587127208929,0.148839714165679,-0.0963300427023129,0.2760852874915659,0.3575390337204919,0.1681298659949008,0.2340307140121066,-0.0042742006381702,0.1981322037680575,,0.3171644493634356,0.1796291609123138,0.2311568506788842,0.2723128685665962,-0.0092457147284787,0.2346099069455823,0.0683560199699009,0.3590554109642725,,0.1594725718682335,0.0275438571506173,0.0699210591889438,0.2850608114525179,0.1594996309145958,0.3166743391668513,0.1034127265911472,0.3782012015400529,-0.0007623347952033,0.0907258966135603,-0.1013814946913034,0.078713861148514,-0.0542143441149261,0.2381777560743184,0.4394581222462997,-0.0555231153148117,0.0699239771921733,0.028205974254443,-0.0675561441686649,0.0875076328699591,0.0836490564828822,1.0,0.0330283499965626,0.3230498427584926,0.0357189692103562,0.088032629347702,0.0799554319502694,0.1056992960917102,-0.0429682001113722,0.3167192847515284,-0.0852067962361647,0.0883119807036913,0.0654004334294237,0.2757986202442679,0.0829425345330942,-0.0041177310314236,0.1428122164647001,0.1831937586241127,0.16836844666285,0.3483133044731905,0.3782901219728883,0.3348118608592049,0.1811819762027473,-0.0444817940162987,-0.0471156319228966,0.034071406320908,0.1361191128768659,0.0591984558219971,-0.0790774434560506,-0.0841936016218047,0.274312028660547,0.1990112260504401,-0.1013319890500536,0.0935881088950144,-0.0790774434560506,0.0622000429893507,0.232797356248871,0.3040551254471155,-0.1555082435383655,,0.2031768007165497,0.2601789947838291
SelfConst_Q10,-0.0858253108939904,0.3139471572490622,0.0741651585929702,0.1815477035156421,0.213950578833611,0.1561893576652807,-0.1612585295379667,0.2953015792611511,0.3718254028200932,0.299167026679962,0.2373317497844927,,,0.1898657554749332,0.0324880767181509,0.1617814619459514,0.3937656742080193,,0.1198727885170728,0.1521642553235195,0.1198615683073416,0.0866999133916751,0.1948480492053241,,0.2259895921895204,-0.0394679056432845,0.3901624198145855,0.191906352563711,-0.0442147888011012,0.1784762870902934,0.1326415576480565,0.150579397997283,0.094478595171242,0.3412470146583882,0.1984136350585943,-0.0916098350589973,0.1926864036075671,0.049565763920379,0.1563786598391832,0.0044400135842632,0.1995731139548103,0.053258535335855,,0.1031156134347198,0.1271436803317225,0.1122287264838397,-0.0649251876653014,0.0108682425358919,0.1711795240459045,0.1167751265064409,0.1412466569690808,,0.148029994695592,0.0858380461149756,0.101699331110287,0.1172313867190589,-0.026242779793837,0.145451613050584,0.2137467631308848,0.0369526565603939,0.0709743559083848,0.3707104936233162,0.0749801904270136,0.2107279371420749,0.1892645058614365,0.0792343747067899,0.1414699175828605,0.2098175426468272,0.3179781552501375,0.3966589960340871,0.0616932829630672,0.049130549889816,0.1310879628922094,0.0330283499965626,1.0,0.0375564344078955,-0.2335522085167896,0.3078520586899266,0.1783669253165053,-0.0860589719068797,0.2455731187668424,-0.1463220214862886,0.2131603102661134,0.0803507448014685,-0.0598826479987942,-0.0207573160687388,-0.1318962697647116,0.0266124794561324,0.3301236337313055,0.2825846554714055,0.139460144627341,0.2600794572335574,0.2578736450598607,0.1837430640841391,0.048812108823425,0.1009089865003412,0.0653818063164617,0.1995722472353992,0.2811190680641718,0.1001025703803131,0.1172464068169997,-0.0792443917583643,0.0460406436631653,0.1785966602669531,0.0657540409643374,0.107442630721726,0.1172464068169997,0.0787332812815965,0.1210912495815183,0.0406927670920126,0.1612416635395634,,0.131300483996873,0.1446314275698564
SelfConst_Q11,0.1950451617507655,0.220938383946964,0.0031319052879809,-0.0331063687028343,0.2424942269848882,0.0517742108413393,0.1032491960831082,0.0777047913697382,0.2678715058552683,0.1464881876368188,0.261754050150714,,,0.055976370767502,-0.0428302684913273,0.15214342913537,0.0476266460601964,,0.2943413655281859,0.2391359695614526,0.0924262412947225,0.1011879666681983,0.2409505001350219,,0.2743786030015819,0.28530464094961,0.1671666021816484,0.3096569464799888,0.2087260293117138,0.1502069427073879,0.3086678560601356,0.0999220279760865,0.3252971500579845,0.0854594382201361,0.2318993416401742,-0.0187582903836363,0.2869417888490508,0.2756662131017497,0.229203929997251,0.3280574509382293,-0.0575671619144535,0.3217059063574339,,0.3207398531373804,0.2143050438605332,-0.0998101800844181,0.2959032960010766,0.1713726251132518,0.3274882133400701,0.1201004409087543,0.3684978538492204,,0.0495227593871441,0.081343614727244,0.0984292255480571,0.3419433231627905,0.2089462528964162,0.2817110332140953,0.1448954091700854,0.3642203002694734,0.0186491367870736,0.2148911137224305,-0.1101875957210173,0.1595697886824018,-0.0922534338106915,0.0861781755792327,0.2743539645595045,-0.1452170706181673,0.0865033470770288,0.1069042689336414,0.1273527602105476,0.2966501614329173,0.0513345736355886,0.3230498427584926,0.0375564344078955,0.9999999999999996,0.1194854730029479,0.0829724938679828,0.1333731329036304,0.2144309095013513,0.0832753916726573,0.252277600973558,0.0985420563829052,0.0083795891708383,0.1813932559462858,0.364890168848481,0.0141822334929488,0.1990411235169694,0.2305769820022451,0.2444990339901187,0.123564851514026,0.20432350267908,0.2468908685489244,0.2642488044783349,0.1268429836574274,-0.0239109478861708,0.0342829059732004,0.0170140447862596,0.0540576311667974,-0.0126152808452406,0.1176568029852038,0.044512894838153,0.1552255195485975,0.0228268969050117,0.0683002402415359,0.1618196551514416,0.1176568029852038,0.0264885182383767,0.1411305831299686,0.1410157312954673,-0.105640703389763,,0.0607758306182495,0.1234100014846334
SelfConst_Q12,0.0657721132564289,-0.1005699795238703,-0.0104728228970538,-0.0476063422666078,0.0392732410947343,-0.0623141350499766,0.0394607888833037,-0.1573791646978787,-0.1423508639522415,-0.0213494532437321,0.0131884171138926,,,-0.0318639613692091,0.064548295682589,-0.0295161377556506,-0.0670922676040205,,0.0165463524910894,-0.0379575239328377,-0.179062612976602,-0.0303482903439456,-0.0009280219520327,,-0.0822254472433674,0.1222290485195745,-0.1494807778339463,0.0199529826451267,0.2433044639375482,-0.0411875851063732,0.1551859762854568,-0.1087845411044522,0.0626712739207953,-0.1960011500096118,-0.0471866298509376,0.0656014013416801,0.0283637126254015,0.2130375996584105,-0.0947438514897103,0.0598533578605107,-0.1852868319530023,0.2283787323409416,,0.1215500297037058,0.0235181210068521,0.0333498643059655,0.2947036743613445,-0.0202121993540554,0.1104596050880012,0.0424537269855885,0.1352866908444937,,0.0033726696354105,-0.0065866942406784,0.0835923971287012,0.0629927166344756,0.095420930445267,0.0957410176788295,-0.053491778805383,0.186673678199874,-0.0333498643059656,-0.0988333498269797,-0.1312115213465379,0.0476428361118333,-0.0874514692204228,0.1005307590428768,0.0925222995673355,-0.0734100656983046,-0.188510968525091,-0.3470773703308196,0.0065649616268123,0.1996571727519343,-0.0769643045674273,0.0357189692103562,-0.2335522085167896,0.1194854730029479,0.9999999999999996,-0.1716697500869281,-0.0495807639320064,0.1054176773152081,-0.234631721413967,0.16829283648472,-0.1642550256988667,0.0322563863231313,0.2957392097196689,0.0077509694679736,0.164182583800467,0.1092304547032482,-0.0835619491966402,0.0010978827788404,0.0,0.0381382918958319,0.0591970302588679,0.1384686602869037,0.0875581671228888,-0.1039612836997817,-0.1289936316652396,0.0304903694550623,-0.1235214565612783,0.0607562491657404,-0.0825579639059534,0.0966245589509462,0.0593770898033719,-0.0197542078645479,-0.0877482102641274,0.0539524815427554,-0.0825579639059534,0.0565854480958522,0.009260089075925,0.0611471945973655,-0.0949760284723419,,0.069189192201554,0.0950351952131547
SelfConst_Q13,0.0194659916871767,0.3763638761688651,-0.0126568477458008,0.1745888921350956,0.1957734051086954,0.2476245139438593,-0.161275966283259,0.2178717930185689,0.3892122201000503,0.3335924975488832,0.3346297066152101,,,0.0415882992457581,-0.0889608586931001,0.117775176029645,0.262719177068392,,0.0692570017024085,0.1774017069293745,0.0686691567963741,0.0778781165113354,0.2208491410061702,,0.2323343604987518,0.1095707429458534,0.3265285184039969,0.2284441161578361,0.0091190965611414,0.2141431196463065,0.1330658955480994,0.1842433620470137,0.1819436251310318,0.3989831359215448,0.1781534952751808,-0.0307788443357252,0.231291985398637,0.029892328626625,0.2218275729295688,0.0020736692787252,0.2481292513207874,0.2203068580111115,,0.0889811996379134,0.1394149692379348,0.1881136244390401,0.1482970069528668,0.0400146681295424,0.0879362718337485,0.1193798001247754,0.216865510230806,,0.2052159505463351,0.0972925252649767,0.0350698192181144,-0.0179008583207475,-0.0141063043660156,0.1670264887716443,0.300742921619883,-0.0311117879680468,0.0271317727556308,0.4284826108666897,0.0790042834234883,0.0431120132445373,0.261628235156381,0.196403910484385,0.2179246428759793,0.2282836498936118,0.452921077479431,0.3810466718262263,-0.0273913035144418,-0.0646652594875558,0.1391209278242908,0.088032629347702,0.3078520586899266,0.0829724938679828,-0.1716697500869281,0.9999999999999996,0.3071204206989323,0.0802458812628882,0.4599504046245397,-0.1163114040542317,0.136934153137669,0.1281215001383961,-0.0504569080667243,-0.0419849266240329,-0.1300803479819004,-0.0673004952569775,0.5085185903678681,0.0592316274834539,0.1498073570437127,0.1818256989626898,0.1670350323788872,0.0755100829773801,0.0417560843886664,0.1558060597876279,0.0631658917091202,0.1835062375401924,0.259862090170597,0.0421378916705022,0.2497060247140876,0.1200083153582744,0.0096344061663507,0.2333598523355467,0.1105991617289414,0.1491082846466135,0.2497060247140876,0.1885882599156713,0.1177487625943214,0.232530563822373,0.0988007199187748,,0.0672586020336972,0.318652279801776
SelfConst_Q14,0.1424363335593546,0.2306896427195315,0.007932253849498,0.03188134301285,0.2150877547104803,0.0927109223971129,-0.1437887325092684,0.0667175593838965,0.2161562368162045,0.1519690330159094,0.1694180469471103,,,0.0631897775826774,-0.059838092009211,0.058272341385926,0.2365018327228113,,0.2077324028332954,0.2016633745706631,0.0707315569972744,-0.0330503252647143,0.1734426797924271,,0.2111419811691977,0.1623423461396564,0.1861988277371928,0.1388708208162687,0.0888846459785681,0.1283774647129821,0.1450457903682196,0.098556378195562,0.1710618578395547,0.151322439790877,0.036945058328917,-0.1561781259297235,0.1382594793776979,0.0631168459613208,0.0817893080844606,0.116143424453294,-0.0215791190030908,0.1724960537898833,,0.1524202529006528,0.1283067532038641,0.2178292479944024,0.1341088918143463,-0.0334613045617603,0.1352417699783873,0.1229652369532904,0.0845821683839131,,0.0167099157049541,0.1002145958569836,0.074731192216263,0.0529833411634486,-0.1539534264678238,0.252734932867939,0.0616601020109835,-0.0027601902820365,0.0742803105321914,0.1842093917043309,-0.0351297220822679,0.0388367549740412,0.0304201380295728,0.1525243148761288,0.2561948722273294,0.0734110764431641,0.2691427429675964,0.2460027765997676,-0.0458764341632542,-0.0382863439835344,0.1231474017376266,0.0799554319502694,0.1783669253165053,0.1333731329036304,-0.0495807639320064,0.3071204206989323,1.0,0.0805319637896443,0.153496668292957,-5.683763161253019e-05,0.1158768047971841,0.2235693505059119,0.0680772850548703,0.0616906053133134,0.0518570182577206,-0.0688504588086077,0.2592873423648641,0.1424334779133933,0.0,0.2726754914058941,0.2961176246411751,0.1459388115647281,0.1089662801476235,-0.0093416298329995,-0.0979029598607089,-0.009247587876799,0.179287014577699,0.1127380711965292,-0.0707315569972745,-0.1324739535714885,0.1506332132257172,0.1884507160058712,-0.011726104515153,-0.006773327876765,-0.0707315569972745,-0.0074570687105443,0.1882502747490454,0.1971090310076089,-0.0853069954693915,,0.0788737043271404,0.2506894859449721
SelfConst_Q15,0.3113195262568274,0.1125938073893021,-0.0490939277938092,0.0073640200725275,0.269661910295462,0.0665877191648609,0.0967475827015313,0.0447857631219656,0.123398279845565,0.0862849623320027,0.0503003523339053,,,-0.0050021554701667,-0.1234621748434696,0.0040935560123075,-0.0249564456031405,,0.0930075712447382,0.1909557164936283,0.077452471024683,0.0286676663904146,0.2055720692692413,,0.1918289808131863,0.6058089963047324,0.1032080609236618,0.1605104725353872,0.231691699853845,0.0619417774641995,0.2849929123352873,0.1315657112590644,0.1672279611173234,0.1155170848568434,0.1430058185754459,-0.0745937300911469,0.1978886432105608,0.1804707416273264,0.2062823157982738,0.3320948228099916,0.1256574872797199,0.1926798184509922,,0.1335796330423523,0.1316127445660911,0.0222012923308415,0.2662814954471547,0.0463786071477966,0.1986456405752938,0.0562240520066765,0.1602261541633485,,0.025920642309818,0.0138639878852437,-0.0119463678593041,0.056746838044186,0.0611960041060245,0.0489991096355402,0.2738767005252396,0.3570738819911254,-0.0483430737766808,0.1042952062640852,-0.0930075712447381,0.0387584343130068,-0.0453731928488605,0.0715167650486847,0.0264078935792157,-0.0300427462388815,0.1254463497381815,0.0599306857858841,-0.0320195146492816,0.145740601314371,-0.0424700973354669,0.1056992960917102,-0.0860589719068797,0.2144309095013513,0.1054176773152081,0.0802458812628882,0.0805319637896443,0.9999999999999998,0.19400520930851,0.1919367908031892,0.1584496000840345,0.0405403264555212,0.1530022561902311,0.0737149252485558,-0.0280634020201524,-0.0744677129375591,0.0799852518007403,0.1086633945092299,0.0636799175847548,0.0432192619029662,0.0088538372588262,0.0540234070039588,0.0865294089482719,0.1172339163439875,0.0754149751938098,0.0361674078769797,-0.1139538193662384,-0.0353262876408083,0.1932165497724961,0.1550984686811777,-0.0177466506226376,-0.0004984738905734,0.010570371404345,0.0549988845998069,0.1932165497724961,0.0762839219275342,-0.0318693599610165,0.0733275987656635,0.0046688441837863,,0.0024536365299389,0.1157467840056085
SelfConst_Q16,0.1033691477335422,0.5941289463770165,0.0474091672835699,0.1576961811082168,0.228165542820271,0.4167584397145092,-0.0476884394521354,0.3941389871394183,0.5424668509620887,0.3815164920827986,0.3941389871394183,,,0.1270853349432636,-0.0364275086848693,0.1483175394215619,0.3974615624435303,,0.070273358403719,0.3417441200246408,0.1041142973316699,0.2245258315467797,0.1891206971938512,,0.2727121161337865,0.2188003854001687,0.4296588935122908,0.349800786330859,0.0217653928841196,0.3290521829074816,0.1478595923923571,0.331480209580542,0.0196269995340452,0.336583831710065,0.2232232253380686,0.0247917668709047,0.1725624892081378,-0.1046634461378084,0.2575234408231958,0.1988375143389204,0.3404444899086412,0.2289852624831969,,0.032204928319712,0.0668074373049268,0.1034517771677071,0.0776602079722637,0.1632173350536403,0.1357239656263437,0.0278338374028201,0.1890836692074177,,0.2607673084834102,0.0672655931648119,0.1591330586115622,0.0744097116867509,0.002226149449486,0.1175452194205989,0.3416308581943472,0.0893188025487222,0.0278338374028201,0.5719120061413252,0.1531411628590138,0.175958258446672,0.22993551020296,0.0977393769169701,0.0841278213555179,0.204652984187083,0.5140630314700256,0.4017682250352324,-0.0036606959320969,-0.0834990859070049,0.0425640882857701,-0.0429682001113722,0.2455731187668424,0.0832753916726573,-0.234631721413967,0.4599504046245397,0.153496668292957,0.19400520930851,1.0,-0.1223609554299682,0.1643571988124536,0.1012309223965609,-0.1544565743991277,-0.0865396679517135,-0.1155564165012766,-0.0571215910204892,0.4143157347132287,0.2180321417247898,0.0533007357923424,0.0998300078058299,0.0420844132460563,0.0631242428776602,0.004350865418637,0.1974409053965917,0.1849769067994542,0.2555705183950276,0.1818584636473275,-0.0846796284964249,0.1224384136620439,0.1524942155241471,-0.1542543880855738,0.1080619726355252,0.1850630351314992,0.1633007158246636,0.1224384136620439,0.1542378531952083,-0.0324027327635529,0.0509710985430191,0.2286734166739347,,0.006964784882493,0.1592271310076948
SelfConst_Q17,0.1222897947118522,-0.0721309629232889,-0.0914753641505203,-0.099063874188097,0.0658864821491923,-0.0710230352389637,0.1497355679337925,-0.1202771688995745,-0.1170952321424766,-0.073135541925971,0.0716350564253504,,,-0.0022207115510348,0.1361532265036545,0.0703145007989077,-0.176873854932192,,0.1191930910405705,0.2224207147631335,0.0794465070713414,0.0062877623417854,0.0624581302495334,,0.0044087589536203,0.2279330695000543,-0.1290905546456408,-0.0103490431264317,0.2364049240418391,-0.0017773718425236,0.1928373759612242,-0.0293674416678626,0.2300938003665198,-0.1214851641176269,0.0187161104906881,-0.001115966020325,0.1160360295237865,0.2492230144858863,0.0333395382637703,0.4078099675599783,-0.0664635956162781,0.1225389572920871,,0.2585443457123476,0.1276698670593011,0.0759441163454638,0.2360482295791432,-0.0747100063276897,0.1173457244990615,0.0578434461284102,0.0974668336483384,,0.0168370853240449,0.0144310511612711,0.0388779645302539,0.2992313463749511,0.1759093389139908,0.1563415857786645,-0.0548127849735005,0.4518374642474437,-0.0759441163454638,-0.1300406009849063,0.0249992999935279,-0.0396713319846551,-0.1007097355362839,0.0787647808595835,0.1443390043691106,-0.2000379338440328,-0.0986429293097814,-0.1284014223861178,0.0310097481909222,0.1349285182644929,0.0471107975586007,0.3167192847515284,-0.1463220214862886,0.252277600973558,0.16829283648472,-0.1163114040542317,-5.683763161253019e-05,0.1919367908031892,-0.1223609554299682,1.0,-0.1235582887722168,-0.0129742385441945,0.2167288904013916,0.3032858145607596,0.1126627580992626,0.0816880870364881,-0.0796066261144994,0.0666561729807365,0.0,0.1156906332830924,0.2004747578622677,0.0956302934110727,0.036075838564052,-0.0914162508218446,-0.0542825212023455,-0.1554698773921388,-0.0890605440389809,-0.1052496461201533,-0.0794465070713415,-0.0953482445396644,0.0775490688820202,-0.0255107353394621,-0.0738996135858618,-0.1082891945819609,-0.0794465070713415,-0.0641459559362444,0.0224137393505016,0.0974629609536963,-0.104737462927225,,0.0624581302495334,0.0921199831342562
SelfConst_Q18,0.222694083411642,0.2439209002436951,0.0842217500338465,0.1249276190218609,0.2190044876311967,0.2068308342424346,-0.0257789688547162,0.3554972584536278,0.2751135022952109,0.2451509172213172,0.2002277634470702,,,0.1508512431156343,0.012525660129329,0.1509884934535178,0.384949232359047,,0.1476404067155633,0.1910613610960544,0.1297617717780401,0.2271259162273834,0.2192695001447476,,0.20908485476423,0.171852433793341,0.4407149892789322,0.1639088012319506,-0.0532621208038271,0.1597188353194013,0.0887257530613402,0.1414786898957197,0.0814905491868037,0.2940271515672334,0.1664641878970906,-0.0548071999852181,0.1667018268008623,0.1072003046959439,0.1874496157508026,0.0265110543048583,0.2830849091455377,0.0413830164463542,,0.0277280025474776,0.1137430667889579,0.0197625213345608,-0.0288108518777311,0.0699917824748304,0.1216480387189323,0.1586741858189845,0.1240307533077952,,0.2032962397477757,0.1020499919178906,0.1973227966226798,-0.0645322668091485,0.0591862060759761,0.0663512953846785,0.3173515783434427,0.0470804632114216,0.0694558322422118,0.2938256255822624,0.105404272721319,0.1822407066328925,0.1538970784943954,0.0644584265284629,0.022307100401959,0.2505428666707694,0.2626851425732088,0.3185737375393446,-0.0006548787606269,-0.1013764835216407,0.1911294346646617,-0.0852067962361647,0.2131603102661134,0.0985420563829052,-0.1642550256988667,0.136934153137669,0.1158768047971841,0.1584496000840345,0.1643571988124536,-0.1235582887722168,0.9999999999999998,0.184248202941357,-0.0456303798877705,-0.0048665502062305,-0.1323069792332776,-0.1093320881029609,0.2641107739076019,0.1909184437610416,0.1629981897347121,0.1177750423095445,0.0472920927978246,0.1156105189759738,0.0970855449087798,0.1878183471017113,0.1456351631680455,0.195550868194363,0.1210625269581881,0.0912719114469311,0.1011773902086135,0.0877260446846868,0.0984212303651994,0.071451398070348,0.1735714111451414,0.1436332731714341,0.1011773902086135,0.1298754988782777,0.1072644335901942,0.0470198310926585,0.1568263686784093,,-0.0159286685451767,0.0654815305218526
SelfConst_Q19,0.0671518417492997,0.2015177548881264,-0.0142400989997503,0.1561768559382046,0.0784604751835701,0.095851889739052,0.0090742174806218,0.0904088029218775,0.1686781071560485,0.1070317692423111,0.1550799255905183,,,0.1003020313579547,-0.0777173740983803,0.070491966596098,0.189078147665998,,0.1934024133387868,-0.0213861239265151,0.0598082025921845,-0.0770443903569524,0.1498149481224764,,0.1546960155803156,0.1304309289383531,0.1271679680539131,0.1198084291119886,0.0438014913939012,0.0401252924184623,0.0382693650050312,-0.0219886954889887,0.2024248410914089,-0.0176176787008575,0.0333795406022704,-0.1025550708918127,0.1588308502606201,0.0573920636427672,-0.0161048741145271,0.0090451157854716,-0.0307358989551686,0.2080277775972414,,0.1660211158518506,0.1688534161865081,-0.0273322416476734,0.2078572420866082,-0.1270686296949347,0.0791320036895614,0.0273322416476734,0.0707848760111077,,0.0752639290797721,0.0847380590241966,0.1326144932635523,-0.0603040634404764,-0.1687825551841718,0.1743617660497664,0.0132402913152578,0.0745381203362323,0.0273322416476734,0.0664544221766711,-0.2042713092950162,-0.0061756922222674,-0.1194403799014183,0.036348311934199,0.164075415984443,0.1878574969806961,0.1242265726105895,0.1588394964678532,-0.0855536011075795,-0.0727897683906709,0.0945002912144932,0.0883119807036913,0.0803507448014685,0.0083795891708383,0.0322563863231313,0.1281215001383961,0.2235693505059119,0.0405403264555212,0.1012309223965609,-0.0129742385441945,0.184248202941357,1.0,0.1429747822530531,0.0097930516432657,0.0185437935840614,-0.1099958058858435,0.2682531777603565,0.1404200549040367,-0.0933490148444826,0.0580289113636857,0.0961893208685443,0.1376916475950282,0.1347430378165655,-0.0305836965820572,-0.0285417084480994,0.0183697460046077,0.2377247546744382,0.0928728999602215,-0.0598082025921845,0.0181145131857,0.1610928162009005,0.198024512433187,-0.0558275109816433,-0.0329902657278312,-0.0598082025921845,-0.0176392070186145,0.1920294270662977,0.199047672393682,-0.0741181814408926,,0.1072787624342576,0.2521168580518022
SelfConst_Q20,0.0874259249232285,-0.0095424777960358,-0.0120349015700973,-0.017481894504736,-0.0109811983905169,-0.0772365018340772,0.047453955706758,-0.1121223258313961,-0.0888453371415657,-0.0222783157122553,0.0295480490622314,,,0.0696520230653258,0.0916215629604536,0.0232922658728013,-0.034813662637896,,0.1826129209613644,0.026822599147583,0.0748905682201117,-0.1045363369500714,0.0258250401552171,,0.0165678743470665,0.1132691245747522,-0.0962009837049171,-0.0308036830149158,0.2795198105103283,-0.1263126263178067,0.0885630384563459,-0.1577931833398062,0.2413371487063114,-0.1496915022859863,-0.1447102841345234,-0.0918390387934789,0.1291142328701928,0.2098298478632018,-0.1792764222732229,0.2353786540658284,-0.2092093558967238,0.2375536783523476,,0.2340119964323429,0.2137698460595202,-0.0268747998958082,0.3438600644293421,-0.1247801252306734,0.0861972391161568,0.0785351926283865,0.1199467858457502,,-0.0650142976094621,0.074530445854079,-0.0043382143420419,-0.0076696212951294,-0.1037560136442867,0.1748117264297034,-0.1855921768082723,0.1703258838135245,-0.02478559283677,-0.1831958457369333,-0.1606347287040675,0.0045789258535685,-0.0710068710783277,0.0251639926568892,0.0824399102314857,-0.0874340272000997,-0.201222909029887,-0.0061258312988201,0.0532163040265819,0.1316268745411297,0.0376090205560257,0.0654004334294237,-0.0598826479987942,0.1813932559462858,0.2957392097196689,-0.0504569080667243,0.0680772850548703,0.1530022561902311,-0.1544565743991277,0.2167288904013916,-0.0456303798877705,0.1429747822530531,1.0,0.1825733412334735,0.0945803358345054,0.1104329355643748,-0.0116402251515993,0.060605063950046,-0.0314604568784106,0.0480263059429285,0.1641744510411809,0.1785622396814569,0.0811135450472088,-0.1518025265091483,-0.1414285176202074,-0.2122234690399214,3.1654652409646156e-05,0.0971774769245651,-0.0748905682201116,-0.065589054355752,0.1935608303527128,0.0064029232494167,-0.0947535510622006,-0.0364594784880895,-0.0748905682201116,-0.091362646263853,0.1466290569227509,0.0928420578393451,-0.2160974079425251,,0.0975027026268403,0.0981653430411283
SelfConst_Q21,0.1252119951772014,0.052676233679256,-0.1091553705632006,-0.0478054781019341,0.1822295318158151,-0.0449682552486951,0.1674749139558694,0.0721214484479314,0.080450507222099,-0.0103256662154246,0.1033445584626793,,,0.0281105209539712,0.1601088119683156,0.2229440079581977,-0.1145084988205458,,0.2816885125963114,0.1260305675863519,0.1193914856584738,0.0690109517432383,0.2196877012407089,,0.1644917698645578,0.1320841209650305,0.0678950286979749,0.1567477016801541,0.1874678405424473,0.0440950193726612,0.2372015968244731,-0.0054049063835692,0.2328854715637676,-0.0178115835072505,-0.0170225242201805,0.0119052668573942,0.2105746917128094,0.2593105841530918,0.0238899777972662,0.2249433508095152,-0.0800038840746681,0.160273577182088,,0.3085747828545616,0.2258866268281827,0.0038868808892173,0.1706824910491653,-0.0511387296291555,0.2613845893028169,0.1652701754095231,0.1627827586088978,,-0.0528176000319152,0.1174598889863298,0.0176737516346001,0.4175041957406903,0.1022033844709414,0.2322952006848226,-0.0795833709072329,0.2746160888354786,-0.067320777001245,-0.0612522268344782,-0.0478006179797121,0.1277834524566473,-0.0980120258917166,-0.0055326594822147,0.0991445344034549,-0.2013716734759549,-0.0899687225202138,-0.0824926492096881,0.0833775132549159,0.2233396106157594,0.0482164719684553,0.2757986202442679,-0.0207573160687388,0.364890168848481,0.0077509694679736,-0.0419849266240329,0.0616906053133134,0.0737149252485558,-0.0865396679517135,0.3032858145607596,-0.0048665502062305,0.0097930516432657,0.1825733412334735,1.0,0.2699477673182669,0.1579211693285076,-0.0328000545202723,0.2103890150512581,0.1030142821970722,0.1859567470458226,0.1788775860505698,0.1830002477248176,0.0823458238984786,-0.1502965627785562,-0.0430457490267941,-0.1370240550138572,-0.0013992771201182,-0.1177817128181349,-0.0099269325154236,-0.0894427602227715,0.2285642721736055,0.0116924458085919,-0.017593420630425,0.0338924268881952,-0.0099269325154236,-0.0407580789001113,0.2071676717106726,0.0591884913851338,-0.1890968522060616,,0.0436614205922225,0.0863913796062648
SelfConst_Q22,0.1042783177816036,-0.0288053609023838,-0.0214083043441528,-0.1326210291987127,0.126384604812905,0.0349236582110752,0.1303375391623428,-0.0791106801092235,-0.0433676155520398,0.0177796916066511,0.0369851244329539,,,-0.0382653281023046,0.2689588177817499,0.145355270750787,-0.0062968367276066,,0.1973110757310199,-0.0103353679623489,-0.1003449173275774,0.0968389946923413,0.1155161377819253,,0.0995503296175831,0.0911283113089488,-0.1105583965586812,0.0547573301392131,-0.0126401305843019,0.1070569331896596,0.1549237081313617,0.0080198081818164,0.1619378726880598,-0.1191961037132644,0.0481586761210363,-0.0563019399149347,0.1301674656223779,0.0816601213430348,0.0269086646586291,0.0699928778259846,-0.0140615330037777,0.0309471325446025,,0.2635395767500917,0.160990928158066,0.1744474045258098,0.080753835603274,0.0036142602206052,0.118365709779845,0.0887632028071317,0.0360079701464716,,0.0447140505826546,0.0625899594487224,-0.015047051956739,0.1921116761347562,0.0855816419770373,0.0306574452138509,-0.1224691512477822,0.1438007237613978,-0.0787344564047402,-0.0694607358783958,-0.1226582256314736,0.0219800550558813,-0.003923376404308,0.0223048539993215,0.0590815147944366,-0.1139289944089676,-0.0988698130344717,-0.1281679334681896,0.0056866803464775,0.1737222817031007,0.0858291068559594,0.0829425345330942,-0.1318962697647116,0.0141822334929488,0.164182583800467,-0.1300803479819004,0.0518570182577206,-0.0280634020201524,-0.1155564165012766,0.1126627580992626,-0.1323069792332776,0.0185437935840614,0.0945803358345054,0.2699477673182669,1.0,0.1344216396131567,-0.075005753147938,0.0911449565237364,-0.029143923592063,0.0592808395526316,0.0369714520538697,0.0822422927725266,-0.0475215404510864,-0.0500170930978959,0.1137022137985454,0.0808368943431582,-0.0299396201077243,-0.1209907702119203,-0.1061136115158499,-0.0082656154534666,0.1499442498462059,0.0250946202249592,-0.0286068410198436,0.0284608997474268,-0.1061136115158499,0.1114750412088386,0.0832174133834536,0.0800171820486484,-0.0154200908000623,,-0.017283479617414,0.020331545767251
SelfConst_Q23,0.0378917596303004,-0.0064554653310468,0.0677409560415359,0.0199810320098144,-0.0340418244325889,0.0039045471918733,0.2484364129140078,0.2038467731659003,0.0316917961741547,0.1397931427142163,0.0653916742243595,,,0.2215467565076668,0.0611507141138393,0.0672945553858807,-0.0428498155357799,,0.1416691910236895,0.0439937745798573,-0.0751013132964102,0.09670254290807,0.0446721679578977,,0.0737971014114345,0.0119642966862562,-0.0194553152342699,0.0441979387216828,0.0829131033003537,0.1080722929885407,0.1108023204376972,-0.002618815843389,-0.0045700237690334,-0.1158310311950086,-0.0122197979506326,-0.0222412694104285,0.0339592876003065,0.0504765516745935,-0.0020543898680086,0.0958359269000476,-0.0284616054473681,0.1334445229539008,,0.0928793184563087,0.0950155286060504,-0.1272871395201082,0.1413306454179438,0.1279867678981082,0.1502214157562674,0.0100830029274561,0.1563886655303089,,0.0943110601610101,0.0368732963084675,0.0650964610210058,0.3142427929695393,0.0958927151009842,0.1365051568005104,-0.1099107294636921,0.1106117716868158,0.0804054848830474,-0.0135885217325296,0.0444854947658928,0.1405267795253504,-0.0834826912173118,-0.0128693491875636,-0.0011889640787307,-0.1840804781802209,-0.0505809692053494,0.0151750422873024,0.7292871986107581,0.2372063181557804,-0.0348304363255307,-0.0041177310314236,0.0266124794561324,0.1990411235169694,0.1092304547032482,-0.0673004952569775,-0.0688504588086077,-0.0744677129375591,-0.0571215910204892,0.0816880870364881,-0.1093320881029609,-0.1099958058858435,0.1104329355643748,0.1579211693285076,0.1344216396131567,0.9999999999999998,0.0244926375090254,0.0760478859111079,-0.0856508165781523,0.0171345013224217,0.0509761297382081,0.1802271542012353,-0.0308651698706675,0.0470080813696707,0.0442784431666269,0.0117708710378675,-0.0501277495966122,-0.095326617471285,0.0751013132964102,0.0123589571604397,0.0238696150216122,-0.0183258458132768,0.0093413766007442,0.0531747793527044,0.0751013132964102,0.0086722713480916,0.0443551461303241,-0.0875031076042449,0.0942436223865089,,0.0316627143341844,-0.0032980707580502
SelfConst_Q24,0.0846381546277787,0.4345084205162007,0.0364099215369445,0.1842850297022979,0.3297197985219989,0.2454983207848997,-0.1349851239219721,0.2485246016127858,0.508325701806731,0.4171173758869005,0.447325421345165,,,0.0765089872231428,-0.0400284373589531,0.1459310846456054,0.3698493468380852,,0.180687224506587,0.3086724430016827,0.1000988447624264,0.1420821082229262,0.2881873494738,,0.3182489827184107,0.1337214536764726,0.3505705592490429,0.2464277959786017,0.0849907803805411,0.2396380864651,0.2879044223590377,0.3283033211847927,0.2275326091144148,0.4456279677246097,0.3316006257268274,-0.0246183192202966,0.2756252408133039,0.1188119228596219,0.3527511997679068,0.1278770793487703,0.2591929413389177,0.3421984215774826,,0.1497786885576804,0.1722567460790143,0.0387827910462705,0.2343375074531891,0.1077317444755194,0.1880220973914188,0.1132189260226859,0.3210171711159865,,0.2063648487613033,0.1418230518240119,0.1874888572420742,-0.0102512272193121,0.0636295400611605,0.3503888311862019,0.3566525108056191,0.053562520675776,0.1132189260226858,0.5757655971420963,0.0607362670446703,0.1048420444123673,0.1855966742905846,0.1679675631954328,0.3114649955828304,0.1531900947544207,0.4767532343794739,0.5221494972151866,0.054986046847556,-0.0637896825098857,0.1227334672847936,0.1428122164647001,0.3301236337313055,0.2305769820022451,-0.0835619491966402,0.5085185903678681,0.2592873423648641,0.0799852518007403,0.4143157347132287,-0.0796066261144994,0.2641107739076019,0.2682531777603565,-0.0116402251515993,-0.0328000545202723,-0.075005753147938,0.0244926375090254,1.0,0.2404015833966363,0.1481070727447753,0.2083469566728347,0.2597084748164893,0.2077159393215352,0.067304666011328,0.1146507079622258,0.0919267831561304,0.2128156185918656,0.2807188573810263,0.0476385638850083,0.2146628405020822,0.2017354620945729,-0.0063500383563319,0.1779606982295508,0.2095018144138105,0.1487066183784723,0.2146628405020822,0.1102019325016404,0.060252479159395,0.151524643991081,0.0889972980367007,,-0.0155072831184782,0.2675556769402148
LifeSat_Q1,0.1880129010221267,0.8095764477469554,-0.0179258420043269,-0.0963687064462952,0.8647749276975025,0.1789540398110909,0.0187124969331952,0.7816253266268494,0.8415843022104819,0.1596747591156658,0.6756555006685403,0.1972796115248358,0.3877627884885688,0.1905004212999805,0.399836452565041,0.3331745060647872,0.3360891918707428,,0.7691229433956412,0.7446311392588089,0.5452743914753215,0.5279904689114499,0.7952965044275269,0.1727255051747384,0.7535840483382581,0.7887333059486383,0.1880129010221267,0.5923979766773666,0.6805031489683966,0.1361073996056053,0.4058447899080125,0.3130229997029823,0.7019994248380237,0.6132754048032036,0.3899573406661998,0.0233616119397059,0.6740820606004222,0.4139095022732213,0.723465215883804,0.1880129010221267,0.3237627908203789,0.7268084458029351,0.2833403908517501,0.5447271859038674,0.3415203716526711,0.2056358785647806,0.7676962949586812,0.1387322496839264,0.8448707665053037,0.8076121050225585,0.8897018412603745,0.8268116129912388,0.2437926787853393,0.8158929464031978,0.1974510558663027,0.8367884735851435,0.6085059080383539,0.6022173286754536,0.6492313944124875,0.5997515564419594,0.1140773385337572,0.5566496379395627,0.0143536745876817,0.7119004847197765,0.1928479101651716,0.3383435561955649,0.7617439645556294,0.587496715860037,0.7570938737822633,0.1059238170661654,0.7119313543900508,0.689517628828626,0.6336801557919732,0.83697949279286,0.2899927013655228,0.6219044067754884,0.6687858414723165,0.7219171999588858,0.5959377909736289,0.7186889146984816,0.7134848360808874,0.560871153520316,0.4738645282873425,0.5044465581314587,0.3681421407638204,0.6999691226332895,0.744673881597415,0.7792891246618503,0.7435818103495063,1.0,0.8676131042912235,0.8272093407006155,0.6192207826973242,0.5240818828856283,0.5899567149047088,-0.6825205567905099,-0.495716962699015,-0.3858534762511664,0.5833918551957751,0.5071858049610154,-0.507776752983473,-0.1714253177630786,0.5305145852139403,0.515880819533207,-0.2315770240257441,-0.2806902722731533,-0.5943768433933256,-0.3288912741698074,0.4871991824985521,0.594227227483118,-0.38072083071981,-0.2822439853109464,0.482944024579762,0.567768267865529
LifeSat_Q2,0.1747660870761754,0.7952632656803704,-0.0073844825525144,-0.1364732035460212,0.8299466994226068,0.1578380956600175,0.0428790238356801,0.730832173312582,0.8237613590948687,0.152561732294228,0.6833306021458858,0.192307627888177,0.5098709801217796,0.2306237988010029,0.43376651622233,0.3367036953168674,0.326063526377193,,0.7526203427123321,0.7514121246214157,0.5658761461113406,0.5885028408241011,0.7909930193856247,0.1181184559389634,0.7763635110443057,0.7587473032543354,0.1747660870761754,0.6310787704774186,0.6628309062719026,0.1822288934520934,0.3781476753346436,0.3423536459352478,0.6526287756301724,0.5606620087576222,0.2740028135341678,-0.0307311541359043,0.642715997721873,0.3860841080268522,0.6939086941827602,0.1747660870761754,0.2310789847014082,0.6357298648377262,0.2374337153089841,0.5361026096364447,0.2837609976057464,0.1440613725429592,0.7834208682060744,0.0146620056145296,0.8271754725974183,0.8013553002172145,0.8527792647189851,0.8132166942137968,0.2631766114132791,0.8049135794080606,0.1458973672716346,0.8206245496706308,0.5808214610132048,0.6036056181792138,0.6411515565009749,0.6039954721124083,0.1205711681053781,0.5861911177455613,0.0431425749768683,0.7339090520088237,0.2043529150613097,0.3679866125406162,0.7441967648611709,0.521044133467097,0.7344672208295661,0.0896804476335888,0.6941810955675443,0.6694406662133252,0.6774911651377735,0.8097964118312266,0.2621405795804559,0.6199997715778307,0.6299861127772501,0.7254116017198288,0.600057579463776,0.7109475914379892,0.7005469339086496,0.5596326239091072,0.3871114950578898,0.5315602327604834,0.4222057588751829,0.7093155763448096,0.7219877945256843,0.7098419305760739,0.7108469183466893,0.8676131042912235,1.0,0.821007597197392,0.6241856165559883,0.4787815636907775,0.576495386500213,-0.6801447936449709,-0.5107624046976413,-0.3909280640000675,0.58774234368751,0.4849145930031092,-0.5298789579360744,-0.2334258249322846,0.5325702971558393,0.4991036128060179,-0.2364430212824653,-0.3011827497330597,-0.629545189513877,-0.3275578585345005,0.4655525585449944,0.5981490067049087,-0.4138000807144822,-0.296778812826001,0.4598440581603433,0.5773534785304322
LifeSat_Q3,0.209188392195654,0.8220710542110663,-0.0351845919595136,-0.0654692144984114,0.8063306900306524,0.2541990125529066,0.0166926798658479,0.7355794389354606,0.8149366411637926,0.1708632444827102,0.6344669774354407,0.1970561498236341,0.3946827360207502,0.2553635678550571,0.4245864166661538,0.3263454728387712,0.3122945494659501,,0.7472410264346304,0.6970814007009105,0.5221287056933673,0.506008719336922,0.7947734408772764,0.1678347197075556,0.7509763331464714,0.8037595581486577,0.209188392195654,0.5564231961242642,0.737745310387998,0.1971256478381735,0.4548653674747204,0.2693058541499747,0.688093343340251,0.5985330184105838,0.3605381818827828,0.0863983967154796,0.6414228093156167,0.4713662183620404,0.7169329524675154,0.209188392195654,0.2960682300729526,0.6752811298625676,0.2890978885617139,0.5559607917524328,0.3410239168121047,0.2072401439996042,0.7844241465469887,0.1331687427561302,0.8159348382758819,0.7928262246920468,0.8631830863921897,0.8005311181147015,0.2965421834721337,0.8173316224053653,0.2121392579121875,0.8078944727852349,0.5998913695777284,0.6114158938065135,0.6391354805538022,0.6336159293753629,0.1688377421409292,0.5979314353541051,0.0513947315575524,0.6710744505867129,0.1739504834649929,0.3705236055500678,0.7377502998640239,0.5700416706209022,0.7750244158871431,0.1322755251696493,0.6755569109016976,0.6583904059464161,0.5956538015505763,0.8457397931151744,0.3348415877440911,0.576668869483168,0.7072793476675203,0.7294967081439985,0.591473144135476,0.7456298946077409,0.7632275824078883,0.6091552773525752,0.46715028581958,0.4592111840322588,0.3416857300367064,0.706298021385054,0.7117671689824185,0.7700773212409631,0.7269593530835086,0.8272093407006155,0.821007597197392,1.0,0.6783928460620121,0.5229882052380056,0.5835469429339346,-0.5875321338487305,-0.3935102332853071,-0.3071917873672695,0.5313503799666431,0.4819509183586383,-0.4580544223096718,-0.1390796979072636,0.5276622535439786,0.4933656435273343,-0.1982495407753509,-0.2192697631362571,-0.5095546941806324,-0.3050439615700307,0.4406307043785906,0.543666754381691,-0.3167942900820393,-0.2574958806897308,0.4374811014843451,0.5093233206880937
LifeSat_Q4,0.2185742438608953,0.6569739446781633,0.0189969622536442,-0.0694457655195481,0.6600229241822952,0.2266937566822666,0.0453134504097059,0.5688990032674972,0.6790192824341378,0.203392691913213,0.6347861995399575,0.2765288889655759,0.3800590224450953,0.2158040211006001,0.3821688610496371,0.3304156749278373,0.3498560339017484,,0.7669860480496081,0.6678633189539807,0.58558722076565,0.5029528352718451,0.7184041045873876,0.1657141482199314,0.6457464006595632,0.6797454258617941,0.2185742438608953,0.5195338150480089,0.6985028481243903,0.2015570013751162,0.4950990462002118,0.2799861335034321,0.603618745214784,0.5454345574861517,0.3296855190984225,0.0978297482652758,0.6172093893808741,0.4782023158907441,0.575714432741363,0.2185742438608953,0.2434059988477668,0.6256072675813165,0.3329959010516579,0.5426348348810857,0.4399228465998316,0.2486657551528244,0.662319371114833,0.1271297412661664,0.7020303387862888,0.6906596461786305,0.7117079019293858,0.7300544855828336,0.306647095642773,0.699430766036379,0.1886756615531427,0.6823881289955868,0.5889543533936326,0.5926873798288852,0.5712819075600089,0.6728637690587773,0.2078410846707709,0.5623117253891677,0.1036819442116066,0.5789999018612617,0.1902640152411872,0.3322072156973943,0.5942019974499623,0.4246865825253606,0.6557783163755834,0.141648046728488,0.5379836034541783,0.59014651965077,0.556277551927693,0.7328422094055933,0.3369376965089092,0.5512152483146229,0.6289931178356463,0.6465902534748613,0.5057747397058744,0.6249402664934652,0.6341610759846158,0.5806560646391722,0.4535267803950179,0.4927843591038008,0.3328120061825138,0.6959913449318343,0.6204010890116423,0.5417902924013565,0.5921231845320059,0.6192207826973242,0.6241856165559883,0.6783928460620121,1.0,0.3941011398018052,0.58773421460828,-0.5190894395713461,-0.2801948104688528,-0.318805431633116,0.5767120434482584,0.5182553870279089,-0.4236218409895177,-0.0957580896111877,0.546952916852957,0.5230337892783071,-0.1050616456636511,-0.172685903002741,-0.4513311020871117,-0.1781305509759459,0.5029793635335127,0.5887104959303489,-0.2891905796460897,-0.2470985673099167,0.4936228638181951,0.5555401094906647
LifeSat_Q5,0.162317305389481,0.6489876730263806,0.0257564201310251,0.0495561089344563,0.5812479976520251,0.1814525262457719,0.0002623901695493,0.627907779665106,0.6193492414669544,0.1562373909525263,0.5163523916356536,0.2884639387925647,0.3342227244021633,0.3856606570026636,0.3308702183792499,0.2708000165907688,0.3408804266722129,,0.5869611757736397,0.6123113515981038,0.4826480401567929,0.4532284304606203,0.5929740283208726,0.1832333547818682,0.5567430752550254,0.57628968051907,0.162317305389481,0.4693485865054953,0.5313031267854676,0.2453106777300313,0.428337648603421,0.2301063936397167,0.5362331163377345,0.4946135996465387,0.2759399497666601,0.0972801365229423,0.556716265635938,0.4216494832520933,0.4904264022543962,0.162317305389481,0.3100814140958599,0.5837097708483133,0.2949511840780809,0.4441113523257537,0.387493781140607,0.2383601864098408,0.5719240709317344,0.2240399779854311,0.6548256931236532,0.6562817825891059,0.647809021189351,0.6478934013870554,0.2931368558146242,0.6509200673580323,0.1840893993177704,0.5715410786137471,0.3993685635976189,0.5066009427136944,0.4385804261382741,0.5872305731699989,0.1503665578873464,0.4828697691393461,0.0985975290889375,0.4977761305800126,0.1958649331379828,0.3514510891625561,0.5790936397854423,0.4702376015513605,0.607366364435528,0.0969227684664015,0.4941572049736937,0.5236411777530524,0.5498600392585752,0.6197259440251041,0.2612538200624485,0.5517303573816585,0.5450617407844738,0.5466352985227758,0.5084838070242077,0.537720839094121,0.5809719580942532,0.4692829516462051,0.569871746744198,0.3679536552066084,0.2468853215818249,0.5052153875024958,0.599368864316047,0.5701078662842167,0.579105479072449,0.5240818828856283,0.4787815636907775,0.5229882052380056,0.3941011398018052,0.9999999999999998,0.3811733561903191,-0.3600941728549718,-0.1878087895246756,-0.2126987877592667,0.4350396077963969,0.3797257585086523,-0.2978989748441848,-0.0521844807435864,0.3563108956057002,0.3938767650652068,-0.0012271966628438,-0.0442077620771768,-0.2808172469087971,-0.1492036682615725,0.3396280666006637,0.4132930403901488,-0.2061158954521537,-0.1953694328339137,0.329924299137041,0.4118344704527603
Lonely_Q1,,0.1893480875201669,,-0.1986387115830665,0.1093355537634197,-0.2958729179918811,,,0.1461221450060776,-0.232391673240243,0.2703216974131454,0.1136062497974594,,0.3208188404177302,-0.1644765843130939,0.2727570883645994,-0.2607627235702548,,0.5354073555813452,0.0840517782435325,0.2434675204941118,0.2078099598019963,0.3460383398607887,-0.1318682230766601,0.4063548969601527,0.0840517782435325,0.1549247062398212,0.2099315106795143,0.4477236602117245,-0.1108406459012712,,-0.2075633100426083,0.4131614475994847,-0.0628387497621792,0.0403315520526333,0.078371508513055,0.0840517782435325,0.4790759568945248,-0.1108861974527637,,-0.2666681042936976,0.406445377430127,0.0730149744237542,0.3749481441691352,0.1876487227612001,-0.1798100719220224,0.3939763505552316,-0.0901495976562438,0.4715935906802569,0.4828539893736863,0.5062568502477685,0.4422540204569437,-0.258570662510706,0.4251292504340578,-0.1428357770961935,0.6991927686571832,0.4192779109095145,0.2367696286246764,0.0506427256242146,0.632640095912548,,0.3869063735463258,0.2638908754608158,0.5542454742545517,0.1712931922289833,0.0356546058579402,0.259584571219527,-0.1751003746363716,0.2933037511304999,0.4997668126874292,0.0752658780787032,0.2022523285980955,,0.2360089633553911,0.2788397179235057,0.5413570405589122,,0.1403368984773775,0.0794886836042003,,0.4236557122569206,0.4274449849524032,0.054787505921309,0.5704733626882849,0.4993848610876776,0.4884446575722718,0.1536276113587993,,,0.524991673111496,0.5946081695485783,0.4251850420548595,0.5039759486241426,0.4948147088310591,1.0,-0.3625305310067387,-0.3640569030393986,-0.3031234746339464,0.5841965445351347,0.4405264679451066,-0.5320411692200849,-0.3661876895471019,0.5798405353953494,0.2662543084425701,-0.315209557155611,-0.3295021245342209,-0.2571057426732427,-0.3600414514339914,0.269844862454649,0.29448003539754,-0.227533891234587,-0.0720363720306815,0.2332233573564651,0.2507873905696688
Lonely_Q2,,-0.1332870433308761,,0.4956962803171827,-0.1355782534013831,0.3241252267596767,,,-0.1329670032751804,0.264518919918655,-0.106738578635249,-0.0857981621764014,,-0.0913921377388397,0.2596302065017355,-0.1142659308554949,0.4192827630910921,,-0.3409587318609919,-0.0981328556999406,-0.18670281684316,-0.135578253401383,-0.2463868856745009,0.3526782886368261,-0.2659262881719142,-0.0981328556999406,0.0981328556999406,-0.2807131889812236,-0.3643888167195953,0.3633095383323574,,0.5400804457770996,-0.3532857183094037,0.3884531913734221,0.0527559336058812,0.1365154149910036,-0.0981328556999406,-0.2713368537886197,0.4127114898638276,,0.2194115820048472,-0.3559555018724628,0.2114261834392092,-0.3784282094663679,-0.3278282970637393,0.4670660295036036,-0.3931354659044394,0.2658606120485959,-0.4479585864651517,-0.4248593423548806,-0.4691276789207711,-0.4266135997170662,0.4763171630978499,-0.4466874085901312,0.2457990106401494,-0.3687962570515177,0.0556511811438897,-0.329780644650162,0.2613699101441694,-0.4496984557605153,,-0.4591863472654984,-0.0198988196609088,-0.6133171693739194,0.0846280366831618,-0.0833016832324541,-0.1121626211551525,0.1450182248431193,-0.2274529999407249,-0.5289430508615528,-0.0967002592663647,-0.2285551855605485,,-0.2079440946789463,-0.2669455712122957,-0.5955934202846953,,-0.0940370853890401,-0.1487677007427527,,-0.3251506809899906,-0.2918484331531531,0.1657522692006577,-0.3440927373409857,-0.4584285442036335,-0.5119330713784278,0.0853343868168143,,,-0.5513460125794114,-0.4400856334871538,-0.6203788096356919,-0.6332152543385594,-0.512326532512848,-0.3625305310067387,1.0,0.7803615174659211,0.4693742555199971,-0.3958211452251401,-0.3365315910322913,0.3909785260063739,0.464641831025871,-0.1267961786025452,-0.3578370595794897,0.4221679901992328,0.4670691886035979,0.5028404243710434,0.4893675650539009,-0.350533511932705,-0.3724456370131832,0.1398937388220955,0.5758222231527627,-0.3597457403626587,-0.3532474257567061
Lonely_Q3,,-0.1217713845018574,,0.4209217938035534,-0.176011820495603,0.3467472954943154,,,-0.1237631958629306,0.3147504663797167,-0.1531791778965921,-0.1019411504141146,,-0.1874115266064896,0.2113244099120891,-0.1259261212526168,0.4310592744699503,,-0.3450630416194929,-0.0926107228156207,-0.2158503888526972,-0.2024914749064459,-0.2807014338928421,0.2937268583316609,-0.2939955980956631,-0.0926107228156207,0.0926107228156206,-0.2362284992645263,-0.3634596972306591,0.3357615711052827,,0.5072515393429026,-0.3746673719544398,0.3510357225184439,0.0441265324441375,0.1570802741439299,-0.0926107228156207,-0.297496361049467,0.3655844423811449,,0.1718828611630307,-0.3722929733577373,0.1963364256089188,-0.4324655250361609,-0.3048552151382146,0.414930371003521,-0.4221774516026504,0.2657545338612802,-0.5033504944520915,-0.4731563391010417,-0.4881232086068466,-0.4420336222658644,0.4789478370455601,-0.4933490192727299,0.2613039267419972,-0.4242642665140781,-0.0427466972762291,-0.3476974302154575,0.2361213442443317,-0.4872315209829383,,-0.4974318783403625,-0.009423930463289,-0.6156257058460141,0.081712091763488,-0.0455187915277893,-0.0760684450350749,0.1515650462211682,-0.2808284928104187,-0.5667407522127444,-0.1001707818209775,-0.1963310936282642,,-0.2108469135605037,-0.239818838164015,-0.608746627711953,,-0.0534031795277893,-0.1427649639482434,,-0.3404041027123491,-0.3002994741574167,0.1319480711491222,-0.3691960451339097,-0.5195752199409682,-0.5918151343012767,0.0708490688644788,,,-0.5334543876591099,-0.4853276922262079,-0.585400640553187,-0.5953781733720709,-0.5108434527758091,-0.3640569030393986,0.7803615174659211,1.0,0.4728660609626761,-0.3970063322453412,-0.3226683108253144,0.4280390047538688,0.4447824183527319,-0.1681304816720875,-0.3028939774365007,0.4507006169894033,0.4195271483421821,0.488893969185365,0.4802010696152392,-0.3924039034224318,-0.4054469374217891,0.1093439283092169,0.4854570272210143,-0.3767006579033669,-0.4020347026622212
Lonely_Q4,,-0.2116173968286626,,0.3852784665904145,-0.1549648594457309,0.4383941078723661,,,-0.1716681967065496,0.3248133942365637,-0.093312562442909,-0.1839693223860245,,-0.1184443119913147,0.2485445872035486,-0.0874005790132738,0.452142584928236,,-0.3191157273985723,-0.1227919185288421,-0.1713614389852508,-0.1846901357286919,-0.2739146827681878,0.4336894169384996,-0.2623744514865209,-0.1227919185288421,0.1227919185288422,-0.1241153878042294,-0.3425465235490738,0.3844270089561007,,0.533486618263531,-0.3250966288372037,0.3514022176861634,0.0898273086609782,0.1366273266332195,-0.1227919185288421,-0.2272038152817606,0.3711012054457659,,0.2360138364766197,-0.3490118957095413,0.1968413040385905,-0.4044590371189935,-0.1352876939911507,0.5105369685123784,-0.3646885589431964,0.3073989628384441,-0.5116712556064112,-0.4664409112033126,-0.5038148985721054,-0.4518361220855194,0.4728449789489956,-0.497110389676563,0.3773550110950445,-0.3840850523560994,-0.0032685195495597,-0.38624906420638,0.3905232123884703,-0.4090193873918297,,-0.449507274457759,0.0229841920972568,-0.5893889913302953,0.1204682092184654,-0.0041605062083578,-0.1490289180826396,0.1542588847035178,-0.2314902143236334,-0.3806957460670114,-0.0936188925284692,-0.1874617860067766,,-0.1880485998987333,-0.2499025105300469,-0.5375922458125454,,-0.0708069073471413,-0.0946189776421524,,-0.3466578081566377,-0.2050020355961357,0.2068724561393952,-0.3065389809023796,-0.4468041070081367,-0.460887405732149,0.1365276495647209,,,-0.5145224666527679,-0.4320635498379579,-0.5201693363874305,-0.5613564370487365,-0.3812949704839268,-0.3347357925947367,0.4639349320025572,0.4744843190174664,0.956512467141938,-0.3378470069138412,-0.2367469216102024,0.402106113851196,0.37009918260149,-0.1888511840709689,-0.2332230952134507,0.4724950680838404,0.3541880627894771,0.4399240947122494,0.4483994994269646,-0.328532655105247,-0.197024111486788,0.1452545629745767,0.3523124334930269,-0.229756893996979,-0.3606853647184687
Lonely_Q5,,0.1473412150760787,,-0.3004060556144831,0.1689439764360823,-0.2955380354860578,,,0.0933510511985665,-0.1922411319029534,0.1538696594164993,0.2354690957676367,,0.174752410206588,-0.3058489144240349,0.202601464075426,-0.3493195416995537,,0.43527857269625,0.0829667183456768,0.2059335666809925,0.1327606995930789,0.3154172351247823,-0.1744772046863792,0.3716020857036388,0.0829667183456768,-0.0829667183456767,0.1945618510947692,0.4361937567928826,-0.2102848640767258,,-0.3503623784717177,0.397631469071331,-0.0920836882476452,0.0149650052213668,-0.0346321553676044,0.0829667183456768,0.4208815823170415,-0.2178909995850501,,-0.1662103194394404,0.4982845824681297,-0.0490314045479341,0.3666854187778838,0.2276126988945305,-0.2402096947063494,0.4601292990817323,-0.1361781821496581,0.5040348578715342,0.5012619419409059,0.5513093162737881,0.5025061441677999,-0.3478991518952037,0.4662246912812876,-0.2495778356623654,0.5675176374607594,0.2632451126648362,0.3739835337562162,-0.0892696062646279,0.4889819921416308,,0.4630683525801453,0.1260910542058344,0.5071310775882749,0.0954855209878351,0.0480048243638885,0.2534134974137123,-0.1635227212874907,0.3544608753359844,0.3501428512431841,0.09265154928097,0.1930157972712065,,0.2047311330483925,0.2321882573172214,0.4620009663935806,,0.0984764313956961,0.1184820118939955,,0.368113568621463,0.2930575790844768,-0.1134687775612622,0.5251260535542388,0.4936813774189403,0.3396777164255073,0.0351019098650358,,,0.572832637707654,0.4945654683882606,0.5464270187893686,0.5567748618950253,0.4784378673298881,0.5841965445351347,-0.3958211452251401,-0.3970063322453412,-0.3331193122214779,1.0,0.5273068933314424,-0.4915894527559656,-0.3112889649716787,0.4197753968879471,0.347010208865225,-0.3178134920708603,-0.3642340231554734,-0.2800219176691878,-0.3489650123613277,0.3254981505135136,0.3772293101120266,-0.1086244231931588,-0.2465680884454837,0.3308916103479755,0.4007504518109639
Lonely_Q6,,0.1053513440706244,,-0.2266231131378333,0.1665125791120125,-0.2886094345505822,,,0.0723551437991467,-0.2260627712016528,0.2993482336759384,0.1573142132193314,,0.1158204770305364,-0.2480173075616359,0.1480021144025134,-0.3279593275133519,,0.4598338111747061,0.0930770692670991,0.3234992510816973,0.1347068055737629,0.3381912370452348,-0.2512175517217355,0.3955054753168238,0.0930770692670991,-0.093077069267099,0.2954042047382738,0.5789832642374089,-0.1811912583299013,,-0.2972895060578931,0.4941374304579334,-0.1007579322550164,0.0222762640836316,-0.0334530867061689,0.0930770692670991,0.4716357475671037,-0.186858773187984,,-0.1672874341562996,0.5029031028384013,-0.1008366054170971,0.3499110060384832,0.3319152170569838,-0.2590291855991256,0.5201217165837537,-0.1294088169917447,0.4129454145411232,0.3611713777760746,0.4092547679103229,0.3836158326111017,-0.3237373016729706,0.3887449594812777,-0.262619737215004,0.5368330853951017,0.1626430148698263,0.3020618281515185,-0.0657156253771301,0.4507752488570951,,0.3782978749639097,0.1482310283781914,0.4867283553995467,0.0825823976709996,0.0260832208618775,0.2671318467639757,-0.2312122582473491,0.1723077637744427,0.2983993261587436,0.0612946553710165,0.1866597300800859,,0.1571049871123614,0.183435184592495,0.4778505456994584,,0.1426892260755168,0.1656678109103115,,0.2550395955772661,0.2412336388832702,-0.1392774329453774,0.5135517750718002,0.4655946526060664,0.3341434114526014,0.0237856176968857,,,0.4953836706777947,0.4091298667377563,0.4684353216352506,0.4763933215462329,0.4129454145411233,0.4405264679451066,-0.3365315910322913,-0.3226683108253144,-0.2392344407632044,0.5273068933314424,1.0,-0.3764349294298776,-0.3393556395380904,0.3581602241688376,0.3342710594664829,-0.2849234545194318,-0.347483556333285,-0.2747077550286153,-0.278753032738079,0.3171795148386418,0.4024299448521123,-0.0932371437964508,-0.2675032547205013,0.3162793408009046,0.3635278723935937
Lonely_Q7,,-0.2710633913156328,,0.3749573845538338,-0.2189080401262732,0.3488068150141807,,,-0.2601892807627562,0.2595817951961049,-0.2218512216737082,-0.1238727110304737,,-0.2025593859233222,0.2039267425640883,-0.1228717615275143,0.3631154263172028,,-0.3285381283402467,-0.1496650061296717,-0.2763447930263157,-0.3398075059422049,-0.3301252548491469,0.281575090662494,-0.3271881163483036,-0.1496650061296717,-0.0703830028826022,-0.150826044878682,-0.3230347935116752,0.2436975174125878,,0.3864499786296449,-0.2663585409448246,0.2435672527919941,0.0902420791463335,0.0969604145832858,-0.1496650061296717,-0.3278474751575262,0.377338271602198,,0.2975514707325896,-0.3652108176287232,0.113598421034872,-0.3464919036835676,-0.123685233651756,0.3741812070025384,-0.3530216865657027,0.1854896253971958,-0.4239267422181516,-0.4256362058162018,-0.3715505692484682,-0.3631763184238845,0.3708749409464649,-0.4181598430687751,0.2541314496290345,-0.5259792696978447,-0.138745043970146,-0.2801056449621508,0.1604369967368968,-0.442538026521645,,-0.4811473485645388,-0.0736970650579156,-0.5325829498420132,-0.0383657032875121,0.0412913945830139,-0.1452369934351061,0.1827653028615834,-0.1791808537833779,-0.3366703758504553,-0.0703830028826023,-0.1150609320561441,,-0.1353250654560341,-0.1927932023522487,-0.4734348392821843,,-0.0440067768698101,0.0151909311616589,,-0.2783218809913881,-0.236174987506154,0.0398530914795656,-0.4563370283619121,-0.385352742540789,-0.3779574269675351,-0.0080995347313855,,,-0.4763997950641292,-0.4868981417417561,-0.4225647477804085,-0.4980887163090691,-0.4025448860611762,-0.5320411692200849,0.3909785260063739,0.4280390047538688,0.4258820202581762,-0.4915894527559656,-0.3764349294298776,1.0,0.4686899426751016,-0.4088808931499824,-0.2798004142977551,0.3767544768112464,0.4134740604835238,0.3542642804708525,0.3305594184611315,-0.2144256755330846,-0.2703855406101242,0.2807472071403956,0.2664789389499392,-0.1875543558292747,-0.2492248617052788
Lonely_Q8,,-0.157569676609141,,0.4914074122908946,-0.2261031617094975,0.4375929124158891,,,-0.1382146777472254,0.3033372904871095,-0.1557891526149115,-0.0374669352289103,,-0.0837772076085649,0.2505855792826765,-0.0203914987889681,0.561728911343794,,-0.3208085978634459,0.0160763533517941,-0.3026122924792481,-0.1670252942887642,-0.3135500755541964,0.3695340567730933,-0.3328812791048852,0.0160763533517941,0.127293092933059,-0.1468015050770283,-0.3494680987183953,0.2870217310925537,,0.5556791243596328,-0.2986866535287449,0.3435370492200528,0.0247014810685077,0.260046196453873,0.0160763533517941,-0.2507097544040625,0.4555453865279004,,0.2693808609230247,-0.3695458645852025,0.2107121541526702,-0.3722702575593959,-0.1172271576439036,0.4458786964283598,-0.3894738674086241,0.3014657430774791,-0.4669163012012909,-0.4519455080403033,-0.4230512806709331,-0.3981279150458521,0.5504850010076638,-0.4922362255580296,0.3826379481360755,-0.3795005712723761,0.0211657324609686,-0.2774079706041712,0.2362981797707777,-0.4057359899068989,,-0.4144327291626942,-0.0895457392941339,-0.5378824419242452,-0.0266530863642545,0.0138008261799538,-0.1879320702180406,0.1208321546852997,-0.166977492193349,-0.3747034240255669,-0.0877610764942206,-0.1217239049043793,,-0.1537813512238236,-0.186474604787655,-0.5186718225902649,,-0.0320660898100229,-0.0517366994928326,,-0.2941461498741374,-0.1604023983147629,0.2192753394058244,-0.3763078340512282,-0.3863124120183399,-0.4504211585435372,0.1516259485251918,,,-0.4693246396575199,-0.3965501005029603,-0.4667812391673772,-0.4772104875382367,-0.4042264726867042,-0.3661876895471019,0.464641831025871,0.4447824183527319,0.3977771671923393,-0.3112889649716787,-0.3393556395380904,0.4686899426751016,1.0,-0.1935003633677602,-0.3342131318542363,0.4582384687648786,0.4645308500881102,0.6295037387374108,0.4075725443180419,-0.2489376780183284,-0.3018648873397145,0.1777149940195126,0.344773430753833,-0.2583530317438934,-0.2740196018474573
Lonely_Q9,,0.2394167254099335,,-0.0459429302090099,0.1747421409772532,-0.1685690134331766,,,0.1847607014436022,-0.1332293662262185,0.250205723980907,0.1492295097531009,,0.2529899223027437,-0.0634520929198746,0.2310430068823564,-0.1457553668941991,,0.395984003276294,0.1062772894910024,0.254244222719911,0.2627604045806104,0.3284669880419244,-0.1086040617500037,0.3615788639258599,0.1062772894910024,0.1073243563825395,0.1977995974438452,0.3383425423462167,-0.0310019471457978,,-0.0691869401250152,0.3868031466667291,0.0356682847262153,0.0827269149071036,0.0648038891541488,0.1062772894910024,0.5198658444271893,-0.0086184482277936,,-0.2318949908880962,0.3473025241716648,0.078014521804432,0.3578282532386824,0.1391007758626914,-0.148301484111785,0.3783185270988337,-0.0576973934960301,0.3810459957611041,0.400393002710281,0.3606023012701954,0.3751036599267549,-0.0896048067945887,0.3782760493961719,-0.0882078701323924,0.597385842759804,0.4054949303552123,0.2772757874872286,0.0147561262022311,0.4470424985323835,,0.4175867128785041,0.1798707506777054,0.3518491423578675,0.1861589954930873,0.0702153644720406,0.206044777222862,-0.1790940277753359,0.2993713171184743,0.3227570783115642,0.1073243563825395,0.2304662019146507,,0.202535009026609,0.1877082396714129,0.3668599428104539,,0.143398260244643,0.1090303568482353,,0.3619187721522185,0.3559378367842292,0.0745231512663056,0.5343142835690298,0.4235997338450674,0.3044696139066077,0.1590735672853227,,,0.4003741103780774,0.4408128294208276,0.2946210634255866,0.3143231527999393,0.381045995761104,0.5798405353953494,-0.1267961786025452,-0.1681304816720875,-0.1605582905601536,0.4197753968879471,0.3581602241688376,-0.4088808931499824,-0.1935003633677602,1.0,0.2790352952178344,-0.2327000888750551,-0.137688244018426,-0.0731917843814467,-0.1852075523380701,0.2489238754615121,0.1850888632494348,-0.2021596556578981,0.0600815543707166,0.1643708129697604,0.176111390865565
Lonely_Q10,,0.1860684121119478,,-0.2483600161410453,0.1746336936618108,-0.1895905897605736,,,0.1435911809395851,-0.1840924225965925,0.1963865095589654,0.0952013397059279,,0.1190954832343843,-0.1130657816849708,0.1746843315511059,-0.2639271674440679,,0.3642958809635387,0.0825959275204929,0.2476132030300649,0.0859032490615383,0.2468177489875067,-0.1894894759724347,0.2774831570365284,0.0825959275204929,-0.0825959275204927,0.2698828480452328,0.3154799472661631,-0.1881961652508275,,-0.2960123019081748,0.3343765324490104,-0.1385309942618142,-0.0156256417183215,-0.1017253960480154,0.0825959275204929,0.1894309730543879,-0.2302368379051481,,-0.187263847486455,0.3485327177079317,-0.0824268057968421,0.3063328581642819,0.2549924814228655,-0.2369624853394125,0.3243278861531146,-0.1514275894151959,0.3859137917119537,0.365907732201868,0.4301333216683584,0.3826015083396401,-0.2709521793503228,0.3651233753293055,-0.1878415306486524,0.3067660796629761,0.0456379464966109,0.2647876762051995,-0.1340807208069771,0.3976853514033037,,0.3518957551726677,0.0704878726785064,0.4232416111744402,0.0454839478996871,-0.0237305463951172,0.1688774319028342,-0.1058079167783485,0.2653000124811261,0.3532634755233971,0.0609573778186384,0.1856326236136596,,0.1777289825599206,0.2060093876452721,0.4261183064819347,,0.1304070167611014,0.0824344145352575,,0.3674091427321849,0.1733200155255081,-0.092113260143354,0.3481717182342021,0.386807824650322,0.3640811183916101,0.0508116015206912,,,0.4709865164189443,0.3106876058290733,0.4752078830214102,0.4435120912440153,0.4989001928574086,0.2662543084425701,-0.3578370595794897,-0.3028939774365007,-0.211761557856012,0.347010208865225,0.3342710594664829,-0.2798004142977551,-0.3342131318542363,0.2790352952178344,1.0,-0.2555855360896082,-0.2480397441643897,-0.2796574375060828,-0.3091582799653089,0.3375895369330861,0.2574320800206977,-0.0971448683969584,-0.1425012863174935,0.3144708791550547,0.3184035776941156
Lonely_Q11,,-0.1634423078044396,,0.4597625588011759,-0.1604817543296299,0.3392371838208838,,,-0.134988459037656,0.3568982452476849,-0.1841757344932094,-0.0078288184691767,,-0.1431370548793484,0.2710103331191127,-0.1151484096091313,0.3818815644714183,,-0.2716009972624599,-0.0266942569385283,-0.2867943333162959,-0.1604817543296299,-0.2830796706293975,0.3152351948949652,-0.3479228345440546,-0.0266942569385283,0.1031241294362094,-0.225156412949026,-0.3266348850928477,0.4420304068947808,,0.546364530259313,-0.2924728307425396,0.3926499912034824,0.0480143579286139,0.2295592543539832,-0.0266942569385283,-0.2258627137538704,0.4116886397604895,,0.188801746788548,-0.3839137075858969,0.1586310258251669,-0.4470177651285824,-0.1539049850068903,0.4379265070296628,-0.3728466438282309,0.3086070466506456,-0.4713499802307752,-0.4543630418794296,-0.4425896479758244,-0.4070188920804288,0.3866098545453725,-0.4592217070157388,0.3391037944018489,-0.3684832337695778,0.0020169308152963,-0.3149525357695493,0.2502274483901203,-0.3223073236464747,,-0.4232757758690232,-0.0791940465234483,-0.4298259199397763,0.041154359603013,-0.0843747928416712,-0.1841421186763741,0.1330140331527345,-0.2091180812646156,-0.3147449098863168,-0.1261654880568338,-0.0997367553804277,,-0.2009397225100532,-0.2385300862179191,-0.3844688759702446,,-0.1035382762242218,-0.0753072961056649,,-0.3280925590037239,-0.1635128172335861,0.2137486196810919,-0.3460056594043497,-0.3992374198240136,-0.4005045506217216,0.0985940167869556,,,-0.442095993160133,-0.3878231885243995,-0.4775763698305973,-0.4411026637475941,-0.3510387660359049,-0.3139788107482096,0.4225988582861144,0.450621369735087,0.4539207591357324,-0.3225531195438081,-0.2905962989320607,0.3806949457993774,0.4601974676069319,-0.2287937614610947,-0.2551402275177464,0.997098595785296,0.4042350684451526,0.4626076432548133,0.5193014126615347,-0.2878730631639929,-0.2822224982701297,0.1885586140808027,0.3203310027620875,-0.2265344143625001,-0.2557517461463258
Lonely_Q12,,-0.0603401294740306,,0.4645962465423157,-0.115171183168235,0.3381669764235231,,,-0.0618619637230754,0.2868890318721379,-0.1710400035958771,-0.0402113373564224,,-0.0990238118846339,0.2402117859250366,-0.1265383627392461,0.4211483503352096,,-0.2390113372582206,-0.0135866120377637,-0.1917118818318998,-0.1423643791940682,-0.2592188422012755,0.2720163143216946,-0.3019178349425052,-0.0135866120377637,0.0795787276497592,-0.1960692028056532,-0.3203354777505578,0.324820323743296,,0.4599368137741614,-0.3007456277632029,0.347326240069259,0.0926014449656461,0.1452961810329919,-0.0135866120377637,-0.227037074017858,0.351471783358483,,0.169629232655358,-0.3015603538695636,0.1807690896274947,-0.3534434387322884,-0.1613367302892567,0.3086813769917865,-0.3216150373264461,0.2729157647572822,-0.3992279340865735,-0.4047936423294153,-0.3659366051215807,-0.3461297329305254,0.4633247679537449,-0.3746918926220647,0.3575328548982722,-0.3551606623655128,-0.0318067580578341,-0.2105346455835227,0.1441597283450315,-0.3673904140872006,,-0.3643669685605403,-0.0797272568828202,-0.5041713287338963,0.0299428703950537,-0.0004288566671642,-0.1067417244161626,0.130692819490522,-0.1685430692368132,-0.3303656499047991,-0.1183976191862273,-0.1595897243024966,,-0.184232775197868,-0.2582076350402144,-0.4593398949419998,,-0.1219959668888313,-0.0430724581658686,,-0.2180529176107412,-0.1528207957991309,0.1589674828653173,-0.3127757978712328,-0.2883792704841882,-0.3475528931460762,0.0872194854971324,,,-0.4079482086946592,-0.3793445410616577,-0.4292899728129947,-0.4861683945995993,-0.3376689782637005,-0.3295021245342209,0.4670691886035979,0.4195271483421821,0.3701197794995301,-0.3642340231554734,-0.347483556333285,0.4134740604835238,0.4645308500881102,-0.137688244018426,-0.2480397441643897,0.405212664367105,1.0,0.500055289815083,0.4841747466831846,-0.2425174001484362,-0.3487777040065769,0.1157332617987347,0.4187823074281757,-0.2613933378224188,-0.3015543947773522
Lonely_Q13,,-0.2169133367087724,,0.4772984032788945,-0.1898116883805631,0.4669026448826275,,,-0.1900132124531947,0.3166644829362864,-0.1004559451826714,-0.0288750375087329,,-0.1109427936637727,0.3147719443811169,-0.0363246980280895,0.5482578014664337,,-0.2715784506246254,-0.1092986172341834,-0.2155595342128638,-0.163005468630037,-0.2991848435962432,0.4518315539611659,-0.2633948985918846,-0.1092986172341834,0.1092986172341834,-0.1157490145037992,-0.3021341754699533,0.3282028744860939,,0.616128470497252,-0.2814072466465652,0.3754454898121846,0.1293994551692933,0.2715139165466347,-0.1092986172341834,-0.1244921952570687,0.5000193761649991,,0.2085949189784595,-0.3513959676978885,0.243306939622109,-0.39849622102222,-0.1572657981790284,0.5086579493950172,-0.3439041570715497,0.2972076506898473,-0.4894234730323569,-0.4642208227162964,-0.4470181933880207,-0.4472548976057098,0.5570892266300004,-0.5046792299655404,0.3591930627716169,-0.3623113171359137,0.1410611848965867,-0.3368351562682132,0.3365050360370413,-0.3468545318690356,,-0.4672725752521394,-0.0320844426736227,-0.4940383403475649,0.0258271689592027,0.005020200985218,-0.1295444552325251,0.1787638501994802,-0.192450823006925,-0.3432330730901499,-0.0858604017222579,-0.1734227845076895,,-0.1712099970512638,-0.2302114454018725,-0.4765170797553182,,-0.0630261108091872,-0.0926760458813405,,-0.3572546741440813,-0.1005436588056384,0.228046653439822,-0.3092097401948318,-0.291370106308331,-0.3861802690614589,0.1187770131623678,,,-0.3970284692471975,-0.4036627471544018,-0.446551844256529,-0.4504400419932015,-0.3415088234048003,-0.2571057426732427,0.5028404243710434,0.488893969185365,0.4818868034061643,-0.2800219176691878,-0.2747077550286153,0.3542642804708525,0.6295037387374108,-0.0731917843814467,-0.2796574375060828,0.4665086875452324,0.500055289815083,1.0,0.4224710327770097,-0.2910070329600964,-0.4157382158225917,0.1303377291383189,0.4757228301221232,-0.2732470425893784,-0.3154060610690398
Lonely_Q14,,-0.1256820394668976,,0.4115737176537695,-0.1443629587544581,0.2328052590155234,,,-0.1241037333926888,0.2897979281238633,-0.1794292336827493,-0.0829485454309009,,-0.1617925076549872,0.2334414202630663,-0.0747627787089603,0.2945654182745165,,-0.2392401307678386,-0.0713864382286674,-0.2135598443187958,-0.1764961214232081,-0.2515088281162442,0.3061155803729753,-0.2871956569333855,-0.0713864382286674,0.0713864382286674,-0.1492224572446304,-0.2802156059515801,0.4052335693276335,,0.4739720567913276,-0.2256378658429383,0.3333464440439161,0.0992378888776013,0.1835200572170825,-0.0713864382286674,-0.2419632638261167,0.306771047087773,,0.207887095120668,-0.3182363935449668,0.1487039884211189,-0.3795923597965832,-0.0977341687438095,0.3133525429666269,-0.3319593775492379,0.2342440623412741,-0.4620579654046662,-0.456376719531911,-0.392640777011417,-0.3418782795727454,0.2827013110247762,-0.4108025022437384,0.3094664418591083,-0.3684601554639777,-0.0141719669785245,-0.2385807502438477,0.2076935878461606,-0.3281415571993557,,-0.4027002745014212,-0.0667779308943278,-0.4692792311092783,0.0501795953969888,-0.0917875512819251,-0.1454224606933419,0.1646204275907031,-0.2720021785015984,-0.2769553446987061,-0.006593928029154,-0.0728520572307708,,-0.1254381856913592,-0.2139498225464128,-0.4270566161092591,,-0.086131087556297,-0.0504076861364692,,-0.2901001365423362,-0.1938708718810641,0.1749357445803467,-0.3495864639222266,-0.3797702132301693,-0.3561284350860573,0.0889794246214736,,,-0.420106168399544,-0.3277847052585206,-0.4152255806693963,-0.4549846566055799,-0.3302133252978798,-0.3791892222148927,0.437738822448704,0.4251081384419283,0.3898802368622319,-0.359746390354238,-0.2802646982672945,0.3130347908309494,0.3611337525121971,-0.2396991700192467,-0.2870099598829956,0.5318320329378194,0.465215268815797,0.392425730350066,0.9237315465938049,-0.2561894596734881,-0.2165030296408623,0.1574902814588049,0.2751928821083845,-0.20938626951427,-0.2034536432980015
Lonely_Q15,,0.1563516752409945,,-0.1819163671737537,0.1190747168857661,-0.1921671656106518,,,0.1042447764473122,-0.0533985865411036,0.1321202465725545,0.1199569669773661,,0.0929721604032141,-0.1159877317243098,0.1663645981910699,-0.2645201891631273,,0.4564098681024431,0.0835667301743414,0.1982096339101175,0.060717378159769,0.2694680602198289,-0.1847712762633836,0.2996647993047577,0.0835667301743414,-0.0835667301743414,0.2573352301764886,0.4741369744941219,-0.1266796587758192,,-0.2630558287848907,0.4804706247333509,-0.2185039664523375,0.0867661093533643,-0.1077216093499501,0.0835667301743414,0.2795601554724061,-0.201423844189741,,-0.2556010464299261,0.4036936226055996,-0.0619204558289633,0.3929961331622057,0.2850497246387037,-0.2053299810891821,0.4403725539469305,-0.0623279281837591,0.4914557626429471,0.4257075501886563,0.4779789800176165,0.433290300790941,-0.2310999775142653,0.4539753275427421,-0.1055633052762789,0.3908959796658683,0.1293591011735136,0.2949586384454126,-0.2044623025645112,0.3630571558498077,,0.3768690733432926,-0.0239214183490335,0.3488479687579366,-0.0483424069329079,0.0649413556950812,0.2389085259182677,-0.1107258877737858,0.2778041686487554,0.3678436982614289,0.1288645839137038,0.2007512316916928,,0.2533075890540607,0.2614636662962227,0.459652106187999,,0.1706847351692689,0.1159877317243098,,0.4099182921333469,0.3029286899522192,0.0192761516138755,0.3410932981489245,0.407697765301555,0.3429091766914429,0.093284625804579,,,0.4949112883960324,0.3680511613316222,0.4706280135010973,0.4733813960184536,0.4790707131581836,0.2770505826471532,-0.3297066290619433,-0.3689538280578585,-0.3011796413191477,0.3202922524151651,0.3262477612408557,-0.2019124584289933,-0.2376403650451682,0.2755745706275882,0.3271954821593386,-0.2964536609560984,-0.2184094823532335,-0.2738680774367362,-0.227719396449631,0.9729018003178888,0.3868393752747626,-0.1756896229886838,-0.2345605255571682,0.5224109746788022,0.6014773615090943
Lonely_Q16,,0.163494743216054,,-0.1857000258608998,0.2148542533293508,-0.2415619108034504,,,0.1510753593816075,-0.1671990220034066,0.2564486599047234,0.0854090322711125,,0.0872240330428312,-0.1051888221005595,0.1358347050157402,-0.3410366245318047,,0.4605482859676698,0.0869009458099364,0.3023705018580618,0.2148542533293508,0.3163447669473404,-0.2605316781505686,0.3965167654189667,0.0869009458099364,-0.0869009458099363,0.3306406350980764,0.5050151435408886,-0.1640750832062028,,-0.2835861376329108,0.5362737491683702,-0.0990108878364324,0.0222759425159221,-0.0751265195011052,0.0869009458099364,0.3973597926454369,-0.23409329176108,,-0.2164704754627794,0.4711019524955136,-0.069426627008045,0.4301490622749429,0.4604557954619348,-0.2331829076535156,0.4977020735410699,-0.0700522950144522,0.4425313300203854,0.3728435698593058,0.4607811236145393,0.3971942819578081,-0.3671930118410436,0.4166190931794664,-0.1694065010890537,0.4289370593860542,0.1358802820561177,0.3121488137653496,-0.1031097864770534,0.3644789024781083,,0.4122504943928025,-0.0348893072769482,0.3496156748182519,-0.0356093617263118,0.1197443319880094,0.2056620491998806,-0.1676932952598619,0.2273144660450056,0.3780498494801902,-0.0152734995665948,0.147377635685341,,0.1722807305769219,0.1684454706664639,0.391353073907678,,0.1327173914449795,0.1816080518317352,,0.2770580627297635,0.2209833649138025,-0.0635095926208415,0.4736796479107239,0.3539490018818135,0.3283496901155319,0.1038644788689323,,,0.4673629371816994,0.4012443857516293,0.4273494545946727,0.4254706086516722,0.4425313300203854,0.29448003539754,-0.3724456370131832,-0.4054469374217891,-0.2299351546587055,0.3772293101120266,0.4024299448521123,-0.2703855406101242,-0.3018648873397145,0.1850888632494348,0.2574320800206977,-0.2879436560950292,-0.3487777040065769,-0.4157382158225917,-0.2324658481474432,0.3913327370495374,0.9999999999999998,-0.1519179754060819,-0.3293116592762111,0.4731818088953342,0.4815789844899921
Lonely_Q17,,-0.1864705111185348,,0.330501460188324,-0.193365257317483,0.1680061741647737,,,-0.175646176506137,0.0871339201505068,-0.0680107589501596,-0.0136683255000309,,0.0160711167599253,0.2569855419811789,-0.0129856746026135,0.2465612991683327,,-0.1098903299807938,-0.1238595329989765,-0.1750957860183848,-0.1651488678376786,-0.2171415737257112,0.2689772222575045,-0.1942323863806705,-0.1238595329989765,0.0553843440239326,-0.0022988323517777,-0.1134173091201923,0.2463001270651727,,0.2354816313319276,-0.0723190673424088,0.2889422960673338,0.1093741965201249,0.1555116617672922,-0.1238595329989765,-0.0007681948591858,0.4724478013277127,,0.8961340872669299,-0.1670043730953543,0.1587138006986079,-0.2403537530153114,0.1469796394674434,0.2391129979443659,-0.1567455761791893,0.3252797421903377,-0.2101776655169613,-0.2768647536338613,-0.1328480412447545,-0.1903762735944804,0.2275702693056393,-0.2274617334848671,0.2045697834806507,-0.1925791573920402,-0.040231594323038,-0.1989409565927396,0.1787337029137762,-0.1980279687031678,,-0.2768955550982334,0.0059773945025207,-0.1702286457648187,-0.025124122349082,0.0598515826002895,-0.1240614202317651,0.0991523089948795,-0.1522145557455953,-0.229788305194783,0.0553843440239326,0.0296434738232114,,-0.1184308248516715,-0.086317047991677,-0.1791535629435041,,-0.0714225380806209,0.0936836925617007,,-0.1901441358842484,-0.0715403671110647,0.0818657941386432,-0.1766622187686204,-0.1730487122788611,-0.1022729632750267,0.0560357649332227,,,-0.2142663579244527,-0.2531690102048352,-0.2126176624784071,-0.2002442057920097,-0.1542868449660822,-0.227533891234587,0.1398937388220955,0.1093439283092169,0.1219996416768869,-0.1086244231931588,-0.0932371437964508,0.2807472071403956,0.1777149940195126,-0.2021596556578981,-0.0971448683969584,0.1957417889605452,0.1157332617987347,0.1303377291383189,0.1566600898854662,-0.1816608503649757,-0.1519179754060819,1.0,0.0316462502063026,-0.137816124116565,-0.0780840310423257
Lonely_Q18,,-0.1241829625505792,,0.4677525610046117,-0.1309967163542006,0.294444739548097,,,-0.1107244539945568,0.1903625302266305,-0.0739843911798806,-0.042350471912977,,-0.0127911439863317,0.2221477493837811,0.0291033698724296,0.3696103227440598,,-0.2021774835457438,-0.106518168277146,-0.1574660075355894,-0.1574685639384077,-0.186739947503845,0.3501725653862837,-0.2042667002753778,-0.106518168277146,0.106518168277146,-0.1914072899627913,-0.2746712642361283,0.3155957959609907,,0.4798548876362155,-0.2583792091988549,0.3559398234989487,0.1538379195393052,0.2252490712909616,-0.106518168277146,-0.1742290993051476,0.4082452047218989,,0.1137550398286131,-0.2966718769199011,0.2131991048794264,-0.3000491156856957,-0.2378057745566738,0.4273285834186776,-0.3268064409204032,0.2270813322253641,-0.308718010251963,-0.2805804468286034,-0.3093481182416731,-0.2601475116794396,0.4068053836655407,-0.3480599383741479,0.2439006149858912,-0.2724718045804547,0.1249076640608899,-0.2283824332305001,0.2923659004707949,-0.2419001119417116,,-0.3299934742441696,0.0686959004836388,-0.3807574115563413,0.1272551515115296,-0.0431570438560666,-0.1034022671997901,0.2156927505644597,0.012001574749919,-0.1923842267807227,-0.0219649437910744,-0.0234153300909175,,-0.0978005518028777,-0.0939690779113882,-0.4047116996031197,,-0.0243784460891905,-0.0165300503171234,,-0.1423079873692688,-0.04201997057267,0.1690978480128625,-0.2639479721024257,-0.2679251343886062,-0.2619426993956385,0.1279636466820073,,,-0.3335339257216898,-0.3405704063187662,-0.3907015436652576,-0.4281123706136562,-0.2600281403032146,-0.0720363720306815,0.5758222231527627,0.4854570272210143,0.367040411703306,-0.2465680884454837,-0.2675032547205013,0.2664789389499392,0.344773430753833,0.0600815543707166,-0.1425012863174935,0.318694254993121,0.4187823074281757,0.4757228301221232,0.3249904235310784,-0.2635771922624281,-0.3293116592762111,0.0316462502063026,1.0,-0.3526250984992549,-0.3377672257742745
Lonely_Q19,,0.1148472586032213,,-0.1615155723607155,0.1373488798803741,-0.1957366611934965,,,0.0568359265445054,-0.0999274852614988,0.1860171037613769,0.0754704383977871,,0.0255286779402931,-0.1252453541265449,0.1929142912626449,-0.2560429053873972,,0.4402636930352479,0.0784125999130077,0.252148502127052,0.1090895036871352,0.2956229455915138,-0.1904950928168234,0.3874878091267453,0.0784125999130077,-0.0784125999130077,0.3505304344738025,0.4684757242773413,-0.1629355647317474,,-0.2261044049735943,0.5149421522266725,-0.1755539587539074,0.0531494809993013,-0.034775923065471,0.0784125999130077,0.3765401408800334,-0.1369695567109912,,-0.2087633173475754,0.4724910104851465,-0.126441951202108,0.3947989239828061,0.3860974677229234,-0.2232233321044504,0.4627421844801268,-0.1619294847968014,0.4558631117690493,0.3951566710997874,0.47504884454365,0.401543239167299,-0.272495470700253,0.3921316294325046,-0.1815070681382677,0.3324200461149296,0.1508934426471545,0.3216930616988968,-0.1400164938738264,0.3660014864572199,,0.3697912796807693,0.0533397226673961,0.3524111362932257,0.0725579838292734,0.1586032067043325,0.2650004358752651,-0.1459691203688677,0.1889362910915469,0.3300539184865019,0.0587464172981698,0.2253094371093978,,0.1963187814822618,0.1985373040480281,0.395430386232679,,0.1638533111395936,0.1691457875317256,,0.3395536815280902,0.2099979357099972,0.0355851022234813,0.4054301637750881,0.3566829980608118,0.3196565620930212,0.0979771672064236,,,0.4912935606078763,0.3836623613684092,0.453600758699917,0.4642522789097185,0.4918476628334967,0.2332233573564651,-0.3597457403626587,-0.3767006579033669,-0.2193193647202712,0.3308916103479755,0.3162793408009046,-0.1875543558292747,-0.2583530317438934,0.1643708129697604,0.3144708791550547,-0.2321607499185563,-0.2613933378224188,-0.2732470425893784,-0.2234003842225903,0.5374898252195703,0.4731818088953342,-0.137816124116565,-0.3526250984992549,1.0,0.6950237653584369
Lonely_Q20,,0.1806713091911002,,-0.1693217866018164,0.1692903414122303,-0.2245764528892738,,,0.139426173170342,-0.1833449709916372,0.1900393691926435,0.138615606369351,,0.1005829073628208,-0.1298386473508946,0.1734830359668589,-0.2847225583710854,,0.5127497083501171,0.0802001489108342,0.2576638554594251,0.1402935071149213,0.3340173921696997,-0.2064152449068093,0.3831122716604109,0.0802001489108342,-0.0802001489108341,0.341959771467942,0.4779276173048608,-0.126556304750236,,-0.2704137681885268,0.5421240998229417,-0.1028299328151843,0.0775590925570787,-0.096985752674703,0.0802001489108342,0.3838006630022167,-0.1533206412651124,,-0.1841340418162306,0.4931854864025149,-0.1037932693818813,0.4285506123524166,0.3561077632142928,-0.2584157301720726,0.522956664040983,-0.1042156905755958,0.5329789753901476,0.4707145698698587,0.5288676315324408,0.5078864837781762,-0.2915630234227868,0.5012883631010272,-0.2156505834742322,0.4027814594098076,0.1765194414826067,0.3195365392767355,-0.223487244319335,0.3971954165991597,,0.4075758741328724,0.0057741613951245,0.4074753152489048,-0.0446413125940815,0.1274727560445436,0.2061823578307655,-0.1013695588951435,0.2625938043660172,0.3405632540893797,0.0605381769197909,0.2319769698377637,,0.1751243555401943,0.1829729328166623,0.4448743410388169,,0.1274022777546446,0.1598693549014417,,0.3216056752188396,0.2596209438322422,-0.0064114049103174,0.430897272261395,0.4043631755185968,0.352010045407083,0.1013170530764507,,,0.5585512774241879,0.4736603675953393,0.5150966997645829,0.547599942617202,0.5411842211059117,0.2507873905696688,-0.3532474257567061,-0.4020347026622212,-0.3598754910745352,0.4007504518109639,0.3635278723935937,-0.2492248617052788,-0.2740196018474573,0.176111390865565,0.3184035776941156,-0.2616610143253294,-0.3015543947773522,-0.3154060610690398,-0.2394850865776359,0.6184892200368135,0.4815789844899921,-0.0780840310423257,-0.3377672257742745,0.6950237653584369,1.0
