label,IRI_Q1,IRI_Q2,IRI_Q3,IRI_Q4,IRI_Q5,IRI_Q6,IRI_Q7,IRI_Q8,IRI_Q9,IRI_Q10,IRI_Q11,IRI_Q12,IRI_Q13,IRI_Q14,IRI_Q15,IRI_Q16,IRI_Q17,IRI_Q18,IRI_Q19,IRI_Q20,IRI_Q21,IRI_Q22,IRI_Q23,IRI_Q24,IRI_Q25,IRI_Q26,IRI_Q27,IRI_Q28,PANAS_Q1,PANAS_Q2,PANAS_Q3,PANAS_Q4,PANAS_Q5,PANAS_Q6,PANAS_Q7,PANAS_Q8,PANAS_Q9,PANAS_Q10,PANAS_Q11,PANAS_Q12,PANAS_Q13,PANAS_Q14,PANAS_Q15,PANAS_Q16,PANAS_Q17,PANAS_Q18,PANAS_Q19,PANAS_Q20,POM_Q1,POM_Q2,POM_Q3,POM_Q4,POM_Q5,POM_Q6,POM_Q7,BigFive_Q1,BigFive_Q2,BigFive_Q3,BigFive_Q4,BigFive_Q5,BigFive_Q6,BigFive_Q7,BigFive_Q8,BigFive_Q9,BigFive_Q10,SelfConst_Q1,SelfConst_Q2,SelfConst_Q3,SelfConst_Q4,SelfConst_Q5,SelfConst_Q6,SelfConst_Q7,SelfConst_Q8,SelfConst_Q9,SelfConst_Q10,SelfConst_Q11,SelfConst_Q12,SelfConst_Q13,SelfConst_Q14,SelfConst_Q15,SelfConst_Q16,SelfConst_Q17,SelfConst_Q18,SelfConst_Q19,SelfConst_Q20,SelfConst_Q21,SelfConst_Q22,SelfConst_Q23,SelfConst_Q24,LifeSat_Q1,LifeSat_Q2,LifeSat_Q3,LifeSat_Q4,LifeSat_Q5,Lonely_Q1,Lonely_Q2,Lonely_Q3,Lonely_Q4,Lonely_Q5,Lonely_Q6,Lonely_Q7,Lonely_Q8,Lonely_Q9,Lonely_Q10,Lonely_Q11,Lonely_Q12,Lonely_Q13,Lonely_Q14,Lonely_Q15,Lonely_Q16,Lonely_Q17,Lonely_Q18,Lonely_Q19,Lonely_Q20
IRI_Q1,1.0,0.1629306245812791,0.0495545475267048,-0.0556673422938798,0.2574063591238653,0.22360354840983,-0.1945684012318745,-0.1340795177315799,0.0954020655612338,0.2180160518657795,0.0241463462823097,-0.1181319828435795,-0.0716599580322676,-0.1005448593053449,0.1181887052559012,0.1971978288557304,0.1990156799342056,-0.0358606844136391,-0.0963124239800578,0.2891167163629341,-0.0039680992269869,0.1780871501817695,0.1211315394988112,0.1071729078051158,0.0314052131456248,0.234637199479663,0.1493053853649166,0.0219179824518475,0.3696900571556437,0.4260111992601302,0.4123140764505577,0.4298154188750331,0.2822070713114974,0.4388905451757743,0.3929320419604288,-0.1531891220476974,0.4489888803143444,0.5166287061126846,0.3489475988105963,0.1588329331432597,0.4813461436454559,0.4119403214429834,0.3713306490822204,0.3044871687872618,0.3142341276439503,0.3468980499631828,0.2574955931567979,0.3994827600905224,0.4873631975581028,0.5805256334193292,0.5910269629607422,0.5561442004150877,0.4515190438890029,0.5156265027296243,0.5593145723529768,0.5025996987555352,-0.089082849935635,0.1871934077303751,0.3063172325678465,0.2268495517907878,-0.1631882562235007,0.2661751088331531,-0.1321167420518866,0.210994974255096,-0.1496655779299816,0.3140387405511237,0.2540557718554457,0.3182809033881387,0.488984361989709,0.2249477900610242,0.3207400763445615,0.3820359194269986,0.2658865306925874,0.3620458621464928,0.4492903161683843,0.2867330885901752,0.2604930471296978,0.3311135903080864,0.2634408123113877,0.4336111717231912,0.3207611933890711,-0.0290536921886187,0.4527465371058669,0.3617895136035911,0.2349199113491442,0.1355191868117099,0.3842374712693223,0.3208708081476563,0.1186384010424889,0.5172030882353246,0.4762370342259046,0.1299170018536251,0.3304050697910722,0.3934146644689804,0.3097665942114014,0.3643668924272655,0.3137002917452217,0.2970311097779058,0.2321207772499209,0.3909701361237107,0.1947071528543395,0.1383632131379615,0.5733859740541747,0.459561080472426,0.2183717374646247,0.164834969954968,0.364743655769327,0.1925718372074599,0.4914980841632956,0.3313278839051617,0.1955067749165271,0.1542457558309517,0.5059471036373338,0.5584890897548803
IRI_Q2,0.1629306245812791,1.0,-0.1243677723064711,-0.4091052462836276,0.3126269023546147,0.19402856302205,-0.2038623544177101,0.04364206885488,0.4313571299765021,0.1588517548246531,0.1742516782971677,-0.1780248457786501,-0.2254421377888885,-0.3509848458366795,-0.112207590431801,0.1866480467079444,0.1346549750157294,-0.4339872419792718,-0.0791459013151322,0.4393728559789366,0.1131132741751063,0.4300544205061042,0.1380577723787997,0.0971145751545771,0.3624868366599705,0.0551759298731606,0.3290042956196934,0.1771184244438058,0.2322004449664001,0.4503470458757935,0.205176225812497,0.2871561538806547,0.2464234869627996,0.2229966966854704,0.3285005622059821,-0.1312391189475878,0.3268192126443724,0.3172488678349321,0.1703348496388803,-0.117009461041838,0.280394567225396,0.3141043567044449,0.1423552484346682,0.1596553307028357,0.2459775258317615,0.2406899135790829,0.2401581194745276,0.2042391963878314,0.305223285355028,0.3200656568819419,0.2745374891781494,0.2973786983609747,0.2005187658719397,0.3485668761612249,0.2310098591370668,0.5200618256169298,-0.0339959632190373,0.3369514154594683,0.2051610037102755,0.2607617056946643,-0.1141350950556911,0.2872771414376783,-0.1075072233025662,0.3703356377999079,-0.1538614669855744,0.1664039606328976,0.4105228457503786,0.4204037927080957,0.431923387647229,0.2951356423940121,0.3243553743216113,0.3554568534050756,0.3985666913335815,0.2639512505989564,0.488722871887175,0.3367398989367096,0.1193031085614688,0.1450936140043542,0.3446132139018573,0.357470758483796,0.3002814155660597,0.029166397557829,0.4746353975998896,0.2399062921234515,0.1317680120242342,0.1613435652009278,0.3760644910444237,0.1271000284164387,0.1326082729320108,0.3151869872352835,0.3991645648360301,0.1490971278205306,0.2514168444113588,0.3531771892182831,0.4280349582593811,0.2362677940710666,0.3173850354589214,0.2675371320813414,0.3789757822366116,0.4463779192043965,0.1947457982240591,0.1799470821684874,0.3988642332975196,0.4990414502565739,0.2060265548985028,0.2638185490477525,0.2476574071862001,0.1750653801410879,0.4760388124976853,0.454052988740953,0.1885618083164127,0.1984401248223889,0.431543789619402,0.4113663633437274
IRI_Q3,0.0495545475267048,-0.1243677723064711,1.0,0.2037935271060543,-0.1069208249372183,-0.0620824981136425,0.1465110599137689,-0.3158662889508513,-0.1184955030607518,-0.0060821913780938,-0.3060922479831222,0.1345467306207535,-0.0539982970504138,0.0241315006455984,0.2181371029708643,-0.0086329345442062,0.0600246943029394,0.1297059475448143,-0.0162697511301666,-0.123051145068463,-0.2007347214658403,-0.0828440152465092,-0.0640694188287326,0.1590093547863582,-0.2892397778382832,-0.0752032440468383,-0.0124983289887177,-0.3073232524434461,-0.1203993240895052,0.0088775085992841,0.0203355187022681,0.1423037516794929,-0.1451967454006386,0.0865339674220483,0.0707900632624911,0.1005366005118711,-0.0844728723799776,0.0818251055466707,0.1441932023171858,0.1880225711022607,0.016389324022297,-0.05474358266218,-0.0445407372466999,-0.1087844144884028,-0.1177928957486193,-0.0611375261691707,-0.1594056923022237,0.0273453307238954,0.0310361602699726,0.0023464283117888,0.0412454551048175,0.0010916271029088,-0.0080527006095319,0.0202975846583017,-0.0170251961393287,-0.0293995139607336,0.1454467703426805,-0.068756636894602,0.0874922081754726,-0.0256741395841407,0.1003015869795405,-0.1223828371713805,0.0052738375516319,0.0722627185031352,0.0167019287983214,-0.0573746203475685,-0.0775553886718523,-0.0725247523382133,-0.1320083625998213,-0.0742541047001845,-0.1422290246774004,-0.0742485937502159,-0.1513798098590739,-0.0521090210938685,-0.0506976573220794,-0.1204796819252197,0.171013428008698,-0.0357195145043729,-0.1250615319366781,-0.1006277181026579,-0.0505997514309926,0.2469361255814732,-0.0767123885288174,-0.1793715869127745,0.053385003670436,-0.0973770409603023,-0.0353437985384394,-0.0636858211131636,-0.0325259302566883,-0.0300138978868952,-0.0255990566889448,-0.0423941282005299,-0.0188873008404371,-0.0398885719187481,-0.0946372481167329,0.0427616248028565,0.0142416398462502,0.1232312184392597,-0.1762704387211789,-0.1303963236444292,0.213927545794957,0.1317808069538869,-0.0436937184426188,-0.0874628176334154,0.1762909132578165,0.063152054884302,0.078998404172841,0.1956825151078036,-0.0660539231127018,-0.1112610173103988,0.1308217613935094,0.1765665129568334,-0.0535511372404563,-0.0396010541728756
IRI_Q4,-0.0556673422938798,-0.4091052462836276,0.2037935271060543,1.0,-0.1992286547796675,-0.0779135705531323,0.1442313037240863,-0.175986794585353,-0.369768641352265,-0.0697552910174694,-0.1839944554456734,0.181730765747708,0.1744838447858174,0.3459425679945995,0.1736703125142834,-0.161421971705357,-0.1077809805335068,0.4657896632145917,-0.0799076150047423,-0.2761623941048929,-0.1892161559940388,-0.2877933448370404,-0.0782073780534736,-0.0010154138652087,-0.2662693175753867,-0.0877201842164327,-0.2939968274203516,-0.2643459498845611,-0.0979354239472877,-0.2804577829211524,-0.0363628838704397,-0.0666250634827967,-0.1148784371679361,-0.0564085569685851,-0.079270547993477,-0.0062280565482221,-0.0716031107887301,-0.1337742818479974,-0.0987238086431513,0.0822668407814461,-0.1541947736412413,-0.0838621463569679,-0.1012099431102796,-0.0836665442723433,-0.1012863514461465,-0.1185126656190568,-0.1274549832996475,-0.1140607207360074,-0.1349544268370186,-0.1556282781452189,-0.1273374724914417,-0.0919523932748079,-0.0324472402105946,-0.1391836351406792,-0.157750987539951,-0.3462976063085918,-0.0175612261634786,-0.1163379254542884,-0.1357223073524773,-0.0394960542652146,0.034948915248686,-0.174840714393379,0.0590830145028949,-0.2214107915188232,0.0888408312036812,-0.0680139666245125,-0.1961933226025083,-0.1841440052964491,-0.2177309191384372,-0.1435963900992435,-0.1844614409270283,-0.2371162761108896,-0.2212952573817318,-0.0978441624168867,-0.2546240569474928,-0.1452379181344081,0.0417746920916652,-0.0167204472398494,-0.2260920630301889,-0.2186964724074028,-0.1383711137472099,-0.0098199634032679,-0.2396252873626832,-0.1093302484076471,-0.0315825592767304,-0.097427591005926,-0.1983347333675162,0.0034278131316608,-0.1174949185220545,-0.1526073241534125,-0.2597601537356726,-0.1089489758170977,-0.1289470047333975,-0.238311967628543,-0.1621213427175823,0.0923194644952524,-0.0465230346179868,-0.045163403897447,-0.1635144012389692,-0.1473869485643172,-0.0206047054513332,0.0041064414252238,-0.1307405535634488,-0.1581914525150539,-0.0259014431828235,-0.0411922867646495,0.0187087762216346,0.0312339463966463,-0.1070532320386082,-0.1712131265211475,0.0,0.0591560313420179,-0.1302287246062499,-0.1148793878240114
IRI_Q5,0.2574063591238653,0.3126269023546147,-0.1069208249372183,-0.1992286547796675,1.0,0.2851662937041197,-0.4826296819158512,-0.0155427229476934,0.163747171405758,0.1902385121016869,0.1308622489953813,-0.4444076308591782,-0.2083347080126207,-0.1166462260892572,-0.0645744827510085,0.3902810629924361,0.1798070758649685,-0.1771594816766668,-0.0791800914490894,0.358008458518658,0.064878854698566,0.2790152548241578,0.4110853675010374,0.0860259739104264,0.2491614260630685,0.4189070389956434,0.1902438874283977,0.156364087514855,0.1950044337844173,0.3403138164291472,0.2505313127133238,0.2549713570745153,0.1327452892963689,0.2781963093233908,0.2904265435311607,-0.057840267029954,0.2817100222875646,0.3874060032120064,0.2306227463551419,-0.0560920175202013,0.3110722424728049,0.2507022741157736,0.1798306234314297,0.0987257906949106,0.1956217675754274,0.3456118558154829,0.1859446889130967,0.2428921269216604,0.2647387868002385,0.345907316916952,0.3215058630123185,0.203839858975842,0.2498791370896846,0.3427013037111804,0.3026394834369876,0.388230415680654,0.0054483078640181,0.2502368798957774,0.2933495660557811,0.2198235670375106,-0.1436727986045084,0.3291089336363528,-0.129292225959051,0.167599808052506,-0.1495055933267284,0.1569251568747225,0.3009068237130847,0.263503605766741,0.2881391235010133,0.1778572148923713,0.2646371004135429,0.4345730683107766,0.2758478368544889,0.2502460877956899,0.4063608197081098,0.2906697809445974,0.090385071845262,0.1011957118014169,0.2799293028688511,0.4249993160912088,0.3207101736111069,-0.0060942163041517,0.3424321092897952,0.2474529741360034,0.0956714721480812,0.1364540259888268,0.461439673095638,0.1543142405227893,0.0667426020981717,0.2935332526842484,0.3557380133132968,0.1391667872953803,0.2289253371299766,0.3391295552660635,0.3440195860265264,0.2777769893174084,0.2962190336916849,0.2459836383026127,0.344687308322119,0.3911202169126461,0.1205864834525263,0.2237201612702655,0.4109308311287449,0.3937281488436105,0.2227248678366996,0.1815294665816215,0.2916436570549144,0.1564366270799445,0.348321187795038,0.3228255984956149,0.2490823691676538,0.1660207936729799,0.288910627074354,0.3066076916412004
IRI_Q6,0.22360354840983,0.19402856302205,-0.0620824981136425,-0.0779135705531323,0.2851662937041197,0.9999999999999996,-0.2544133877131385,-0.1187835798964962,0.059775654477179,0.450716133365998,0.0113468357487497,-0.1303531729300953,-0.109047119005336,-0.0179533427122177,-0.0445303249019993,0.1951410593774399,0.4586603399323843,-0.1416535622716827,-0.2904878123626755,0.1857609505695657,0.007832636620925,0.193044007566154,0.1643113994288264,0.3436835924069406,0.1603676117501768,0.1344247383708329,0.2610621024520778,0.0049489936408231,0.1877022946918329,0.2952765376016508,0.3467969842439793,0.3403834205455847,0.1850598299193713,0.4003442336619504,0.5434008773242576,-0.0914700654068972,0.2435407188009268,0.2541786050700759,0.4579367009937828,-0.0067718271632808,0.3801372006218939,0.2619899142437499,0.372936312067945,0.1518695921318117,0.1687791952979355,0.7097089018728475,0.1556916597378134,0.5185785216501868,0.2535584456152853,0.2782403651348479,0.2662591118696312,0.1954439239804912,0.4321485303975594,0.2462110580565573,0.5126283718438699,0.1697655800453468,-0.1166026364862531,0.1373602250771172,0.4818336159209005,0.0960005741926424,-0.1357101432885822,0.1047828242085993,-0.0775869675067462,0.1463594696157967,-0.1198505222874049,0.1175023213905835,0.2261831110047201,0.1847447537257625,0.1724215106139383,0.1278975675792153,0.1858250736013353,0.1616161716825595,0.2103142329244068,0.2321347384943073,0.2311436297812578,0.2249673708061517,-0.0035239756114384,0.074257367715988,0.1081740193798833,0.3096716310203662,0.1916810900468293,-0.0366116805680386,0.1376652186278537,0.1146300633028188,-0.0452734830742525,0.1906242450660561,0.257036134691521,0.1196040367968186,0.1194510005623194,0.2046674133041086,0.1838673526573172,0.0929483190846868,0.1906908241278788,0.257730281786994,0.1815184937578423,0.1850218654624338,0.2341339389804822,0.1099049524490917,0.1499449807526033,0.2143304365920482,0.0436741729181463,0.0791281889500557,0.2490371188067716,0.2238128513179053,0.0217430697535491,0.0643137704682161,0.2072902229185535,0.0656909282391959,0.270099149805926,0.1872564059096896,0.0939718579840911,0.0774988367443489,0.2006858280577413,0.2263465168692138
IRI_Q7,-0.1945684012318745,-0.2038623544177101,0.1465110599137689,0.1442313037240863,-0.4826296819158512,-0.2544133877131385,0.9999999999999996,0.0713643309610673,-0.1057966429204328,-0.1867922909911915,-0.0864423561078434,0.4448128083037581,0.2019491985963793,0.1082800089123015,0.1007631280884473,-0.373348675743869,-0.1384863913491485,0.1797160748952083,0.0953366085928164,-0.3259934962131676,-0.0320830726468089,-0.1480468733561398,-0.3536477458152105,-0.1372908937319799,-0.2573153910788736,-0.3864543756370851,-0.1714714803912407,-0.0571517142890144,-0.1464192365212116,-0.2642345867517519,-0.1649102761471404,-0.1787930091779376,-0.1495202377752875,-0.218732123033784,-0.2535663519992839,0.0943820942545301,-0.2117507087845853,-0.214504586067674,-0.1391003308481076,0.2967321876974755,-0.1991456182363837,-0.1991677699000885,-0.1143890026493639,-0.0980780577600558,-0.1404222316704702,-0.2761831562982809,-0.1850266183901566,-0.2114693939537076,-0.2201020162797786,-0.2343548710812328,-0.2392874979115996,-0.0793299757928009,-0.2310379806826147,-0.2179430125874689,-0.2974572932004363,-0.2369761950656239,0.1133221284999024,-0.2432857800885711,-0.1959679100954751,-0.1957083178052598,0.1024681462383799,-0.2884994119931044,0.1001599593243508,-0.1069805080991426,0.1172073175152782,-0.1523592459209829,-0.2405196835035525,-0.1391018415007821,-0.2845218561256222,-0.1733298802433396,-0.1432196019204262,-0.2029253630897182,-0.1727278079444252,-0.1627211768593655,-0.2906267545734958,-0.1780846345968609,0.0411185026329706,-0.1093539934599128,-0.2010403959156727,-0.2782221968241646,-0.2207513501954012,0.1609815029237011,-0.2118136050410061,-0.1345685457248852,-0.0458037631012351,-0.1238436986824774,-0.2616870036255961,-0.1691625028299772,-0.0918447647804005,-0.1689794438665002,-0.2308421472356313,-0.1672982470209038,-0.1987379673111913,-0.1561227327913923,-0.2047123551442479,-0.1782344339042916,-0.2123565323829582,-0.1088559459319765,-0.1459599800075391,-0.2372618659189281,-0.0701004547968475,-0.1556741919281373,-0.2694397555024786,-0.2097640607146024,-0.0097219543342895,-0.1482348036281162,-0.1822710410192928,-0.1097931332571547,-0.2047164351623799,-0.235344749829793,-0.1939270671355402,-0.1034879083698424,-0.1724350105463599,-0.2133098128870965
IRI_Q8,-0.1340795177315799,0.04364206885488,-0.3158662889508513,-0.175986794585353,-0.0155427229476934,-0.1187835798964962,0.0713643309610673,1.0,0.0952890221363239,-0.0656487802555534,0.326909198212449,-0.081941987916576,0.144515418957388,-0.0329975993898684,-0.1979642691796495,0.0589365852614711,-0.090136588743195,-0.1242295198399592,0.1463661601620996,0.0513958612089603,0.4273967399168034,-0.0406819493042423,0.0406154916101168,-0.1893929871301887,0.1883221334945759,0.0373454704160014,0.0015212777719725,0.2945340792829959,0.2350413652944871,0.0215721339296454,0.0119140045176172,-0.1173309358399353,0.2746368066320179,0.0290279274811046,-0.0388118976112126,-0.1212541282446389,0.1543200558923781,0.0189135147699565,-0.0373044169748124,0.0705580367501772,0.0847484471363895,0.1195909729074836,0.0410237358672147,0.2700564000200329,0.2580623401576746,0.0125773598632507,0.2171864390181425,-0.0172891435083786,0.0678122689619184,0.0564944926378456,0.0365683431983782,0.0570548958983972,-0.0166708756242934,-0.0399671103449682,-0.0477005789891783,0.0239822187170997,-0.2316391433227617,0.1516860275770699,-0.1469054781541903,-0.0017122189368757,-0.1655480469179997,-0.0462549983629784,-0.0661401355026353,0.0195590511479485,-0.0637492623724102,0.0956644471758454,0.276335902484477,0.1321232619629849,0.0490033145057583,0.3231183846973755,0.3152284024027268,0.1622261173463352,0.3860622861775404,0.1973609470314197,0.0264610253649252,0.2510393408153559,-0.1017354925081301,0.0451583753517459,0.3550079426654743,0.2194841932114145,0.2965679787165897,-0.1919823715070364,0.1209575774363263,0.3136716807476545,-0.1168904504820215,0.1846212074493907,0.0688802394407911,0.0226589386912067,0.2304775643566025,0.0633298966105483,0.033741377336858,0.0209680951019108,0.0321003281730589,0.213489062926953,0.1856561674078981,-0.1041670091593566,0.0941461403384935,-0.1068538293202099,0.3017991762298548,0.1929991914324839,0.017706478198527,0.0917497223760751,-0.0317865635601548,0.0189105436708584,-0.0242415872654305,-0.0214864846951655,0.0453085503883809,-0.1510565457975485,0.0103650282502609,0.198199452593476,0.0457179301219198,0.056915312683085,-0.0310738642001946,0.0002105366257814
IRI_Q9,0.0954020655612338,0.4313571299765021,-0.1184955030607518,-0.369768641352265,0.163747171405758,0.059775654477179,-0.1057966429204328,0.0952890221363239,1.0,0.1378062781287998,0.2821814342128279,-0.0424331098289656,-0.255485964344383,-0.2701882104201707,-0.0167009512429305,0.1347012023556569,0.1328978509266155,-0.3579126713574131,-0.0513156283354671,0.2128404564722087,0.1487602205582273,0.285036408509602,0.02744303808117,0.0552602633964573,0.2505555706418908,0.0105533092788084,0.3356993080171683,0.274833964252224,0.1524186513378444,0.3302574091896311,0.1876795863132689,0.2026975580899476,0.1382195814380084,0.1863362705365828,0.1547179894189975,-0.0975386356626533,0.2430268700883003,0.2255406848502437,0.1568589064736126,-0.0765053857306833,0.1597474568639288,0.2438117087383642,0.1156886293114823,0.128127674117979,0.1461608544475989,0.1293110405267189,0.1752114450015546,0.1392923133137968,0.1878656932893536,0.2098541378658496,0.1551760131494667,0.1540996524973046,0.0795713281544612,0.1861166573717346,0.1628933072837586,0.3510433516048844,-0.0069699989097304,0.1630602972272281,0.1744065677308455,0.1943868406310871,-0.079921602284344,0.2732713451159206,-0.0377121916509492,0.2151896308929952,-0.0363489488179109,0.1744492728704052,0.2644472085888645,0.3563174728394368,0.2713187121434057,0.289609057730069,0.2487300288911782,0.2985015473283533,0.3370492502569459,0.3084534584351179,0.4253507232463667,0.3060235501123339,0.1202122325397839,0.0934506480232695,0.2414781085774459,0.2204829223174983,0.2429758596626779,-0.0203964610583531,0.3326263499467203,0.1440701506593512,0.0912188201512192,0.1582595695561344,0.2977391561300541,0.142320022433443,0.096203408131136,0.259848524500941,0.3249626157879919,0.1149500299164016,0.1545134176005775,0.1883434858190362,0.2402020442715107,0.170433293874566,0.1833361930278641,0.075808908526565,0.1782314650967956,0.2440488666364239,0.0913728294476091,0.0368935264002509,0.2466917013295536,0.3010528859500208,0.0012997062248613,0.1858449987204462,0.1497683752254857,0.0644227209397953,0.3117178808793029,0.2916168546345535,0.0505550638209201,0.0022278645215241,0.2994605064087008,0.2800575732023003
IRI_Q10,0.2180160518657795,0.1588517548246531,-0.0060821913780938,-0.0697552910174694,0.1902385121016869,0.450716133365998,-0.1867922909911915,-0.0656487802555534,0.1378062781287998,1.0,0.1419409889828869,-0.024403994687874,-0.0967467811717677,-0.1270340314250123,-0.0313929332924791,0.1263014640676426,0.4457570431058012,-0.1215114365577587,-0.280639759378776,0.2258464994326972,0.0267738706738576,0.1389261874237494,0.103375685433004,0.3496725989103386,0.158799448423872,0.1313367757635398,0.3016129201961846,0.0663876754353464,0.0763338877949227,0.4213429167769039,0.2757465941297436,0.4772286499234169,0.0831514627147232,0.5049403345439685,0.500943831557177,-0.0053677199299735,0.1136427808739342,0.2842676530478166,0.4360652894711546,-0.0348434764706877,0.4520862779973084,0.1625142906540806,0.3223802027665005,0.0773561028692466,0.0482595322342967,0.551197874848103,0.1067858586350364,0.5137891870173732,0.2184254030603374,0.2069610304541508,0.2348481177301838,0.1383471041972923,0.281048172890552,0.2048500472826974,0.4809031435224764,0.1681540838124412,-0.0347907151447061,0.2425303331849014,0.5395405762158232,0.202349601905057,-0.0664269256273586,0.2221000189523241,-0.0145605373871646,0.1637147851768736,-0.0378180004408112,0.1040510791700133,0.2339501124488689,0.184567608735967,0.1487120689135194,0.2520234527677029,0.1228162171741291,0.2030771107022059,0.1966610414653867,0.1836667291837316,0.2328452111600855,0.1459773736152737,0.0605922497197689,0.1610304535349924,0.2000490653120605,0.2332967993411044,0.1971359185022258,0.0054377588665872,0.2228951080561619,0.1998689117503308,0.0713039438081737,-0.0102460876179998,0.1392238597550841,0.0917283227562144,-0.0861080917947972,0.1327050554854323,0.1363288528780725,0.0995437457869589,0.1874049693692878,0.234551663228519,0.2709393189321635,0.1736377075636283,0.2968720576543823,0.2273515203808869,0.2293870241868114,0.3135923038130619,0.1382887778809154,0.2409450663507388,0.2127576817746787,0.2213208030646926,0.0398737119326229,0.1729019179188994,0.2325791830150232,0.1531577710220133,0.2597343278673704,0.2870730758545912,0.2082850519945074,0.1698531876527532,0.2306717490185147,0.227599233063809
IRI_Q11,0.0241463462823097,0.1742516782971677,-0.3060922479831222,-0.1839944554456734,0.1308622489953813,0.0113468357487497,-0.0864423561078434,0.326909198212449,0.2821814342128279,0.1419409889828869,0.9999999999999998,-0.187950740663333,-0.0267340375904999,-0.0967884345871028,-0.2512678738769199,0.2514381896151064,0.0971329813684591,-0.0990335506495759,-0.0017260708553822,0.1358205232672594,0.1671943978834852,0.2037207484595476,0.1776661993215479,0.0538169734111684,0.2557336191751701,0.1770603338890408,0.2333840593692113,0.4346725846193201,0.2400733252157135,0.2098501835307527,0.1088294182637169,0.1038273318226588,0.1008359917280724,0.0707853458879722,0.1102713381362025,-0.0226736522695819,0.2066628200277838,0.1064287657526136,0.1100569896179726,-0.0111251410403115,0.1509778175359589,0.1477263580172828,0.1360082537039247,0.0735926571081226,0.1165956200279369,0.1473416134422867,0.1581975557331474,0.0885990651024146,0.1264805334010138,0.1931882188960592,0.0660461633816252,0.0048640867283379,0.023194226998793,0.0645195738825357,0.073175994327706,0.2827099383939795,-0.0492109869548913,0.1675512226603072,0.1361685178344943,0.0707340792283547,-0.0877421994090923,0.2050186899206337,-0.0430020038407645,0.1414026615172916,-0.0414475417165582,-0.0094025580651266,0.2158172110173916,0.3095311094017686,0.1940365133116162,0.2144744009683257,0.217036301795805,0.295578516544279,0.3354280663168926,0.108986240269156,0.3022846510991918,0.1827980557045764,-0.0082748652300223,-0.010947478367059,0.3779177141622608,0.2324121768359716,0.2338053093988043,-0.046321494818006,0.2703230927137479,0.2583387845625543,0.0338198950583326,0.0470518412741776,0.1961896432855025,0.0225215982807703,0.019126747375461,0.1425105653154267,0.1236550471776875,-0.0443366057725605,0.0415683799732888,0.1699441304893824,0.3421341543560267,0.0467103304993657,0.1105673931417173,-0.004086660820396,0.4459605136329329,0.3991321858101011,-0.0406134361219115,0.0436591241466805,0.1294506684264795,0.2673889343973032,-0.0097726569084534,0.0124912491184483,0.1134229156124315,-0.0625189636337989,0.179086006847608,0.4503130331282652,0.0699089607699654,-0.0116078393506764,0.1745703260500151,0.1624827458490253
IRI_Q12,-0.1181319828435795,-0.1780248457786501,0.1345467306207535,0.181730765747708,-0.4444076308591782,-0.1303531729300953,0.4448128083037581,-0.081941987916576,-0.0424331098289656,-0.024403994687874,-0.187950740663333,1.0,0.188536993480809,0.1248441287921885,0.1426689779557998,-0.2484542834273738,0.0088645644139019,0.1856697551090307,-0.0307603230759849,-0.3193987135416268,-0.1352116349609066,-0.1064546707398165,-0.2119481568873979,-0.0082093002354768,-0.2474177227978868,-0.3364646827148937,-0.115961559981803,-0.1273251168174214,-0.1980057313638876,-0.2259046435273655,-0.150466382767856,-0.0241318116885338,-0.184207497089555,-0.135419410562922,-0.1621300214482278,-0.0077705258799654,-0.2273169825088475,-0.2156636945759067,-0.0811157356491824,0.2091718333866065,-0.2024095057209984,-0.205895581501787,-0.0659040422614661,-0.1579635093176105,-0.1332002524951454,-0.113193225168453,-0.1005356181607409,-0.0840545474643379,-0.1672362114034646,-0.2423140555913932,-0.1908624143823572,-0.1101882219395717,-0.1514021566152995,-0.1332178983051629,-0.1303371145270892,-0.2952852158680226,0.0706050794572934,-0.2545176345420227,-0.1317816685635877,-0.1264942598719265,0.0482404037306186,-0.211182435958716,0.0206541198693411,-0.1276273823510242,0.0199075024055458,-0.0401269446364956,-0.2797762191097437,-0.1020960160475525,-0.2307506001010532,-0.1916747290578588,-0.2199942418373239,-0.2660863586285175,-0.2057146022654779,-0.2137720207434896,-0.2131493851656327,-0.2735979266927,0.059365636524038,-0.077196722019227,-0.288475588805469,-0.3358504373227156,-0.2742796609975728,0.1835644581489355,-0.2393169930673386,-0.2504704041285867,0.0589853478347495,-0.2096278137135319,-0.3406616531475631,-0.1803536351546349,-0.19844334471663,-0.1629410088041046,-0.2793600634447084,-0.2299478853290363,-0.1671485267704736,-0.3088429039474154,-0.2135451094009065,-0.0244537375516992,-0.1050569774291163,-0.0445241572754899,-0.1709766429534752,-0.1890848410456224,0.0502619710460541,-0.101263011650382,-0.196437910638422,-0.1428020065694604,-0.1316198615558224,-0.0277696180079315,-0.0522752773162198,-0.0056699794968099,-0.1293556913062054,-0.1443199192589468,-0.1427534363265465,-0.0110294467706748,-0.1748797793751539,-0.070233897221028
IRI_Q13,-0.0716599580322676,-0.2254421377888885,-0.0539982970504138,0.1744838447858174,-0.2083347080126207,-0.109047119005336,0.2019491985963793,0.144515418957388,-0.255485964344383,-0.0967467811717677,-0.0267340375904999,0.188536993480809,1.0,0.1942901056457017,0.0113967955337724,-0.0897037607148165,-0.0813131395485412,0.2267304494738864,0.2516175152015556,-0.2104812744236694,-0.0323549556035286,-0.297638841385871,-0.121546737312498,-0.1455058300425805,-0.1299540038842729,-0.1309812540568022,-0.258959208596238,-0.0173644977802965,-0.0786605619628481,-0.2305753342124185,-0.0653329294134166,-0.0957929279140897,-0.0146141947919787,-0.0283952825515342,-0.0288404552187325,-0.065993465439345,-0.0737516631177869,-0.0088658965165387,-0.0551301142222483,0.2530000400898504,-0.0285665711091352,-0.1178804547342913,0.0479638118014259,-0.0135879761563487,-0.0190635329810467,-0.0086197084464502,-0.0146241248125831,-0.0600868281917696,-0.0753029802505434,-0.1416394534333875,-0.1251380449827418,-0.1008542822855696,-0.0707578034588902,-0.1384241078827357,-0.0597849755672873,-0.2427918857357028,-0.0588696393803957,-0.0247700023785428,-0.1607950972139735,-0.1284842753387035,-0.0650704254530661,-0.1844860854631539,0.0031244737047608,-0.116543483835366,-0.0197422414889584,-0.0174102652846701,-0.0237219491708709,-0.1468154578908941,-0.100297831828333,0.0048385915597206,-0.1007760606822691,-0.0199577088637379,-0.0018601259181849,-0.1063364665132143,-0.1911753545944526,-0.0674239817809201,-0.0612068060929363,-0.0543655469720197,0.00819213746334,-0.0769004152742819,-0.0403607993621508,0.0255469756951667,-0.1092280449180033,0.0206012307058677,-0.0704198095519447,-0.0570318369889203,-0.1372429789606428,-0.0451476398937453,-0.0137030523475714,-0.0746830106139767,-0.283315116073396,-0.1737304464543699,-0.0889084627995412,-0.0533905856520503,-0.0887200490864388,-0.0771749695694334,-0.0176681202827192,-0.0987241445723674,-0.072148820431699,-0.1022291137631139,0.0220499543355646,0.0535326853563567,-0.1707640240455981,-0.187679634181338,-0.0450077933685235,-0.1450068310448277,-0.096465017768049,-0.0505257821862335,-0.1670662453822098,-0.0973891278501553,-0.0426995529631379,-0.0025089163364125,-0.1211366137474885,-0.1608749832302151
IRI_Q14,-0.1005448593053449,-0.3509848458366795,0.0241315006455984,0.3459425679945995,-0.1166462260892572,-0.0179533427122177,0.1082800089123015,-0.0329975993898684,-0.2701882104201707,-0.1270340314250123,-0.0967884345871028,0.1248441287921885,0.1942901056457017,1.0,0.1835813466958706,-0.1591627246130745,-0.0991332694829169,0.2762303363139031,-0.0313562774243318,-0.277741685208942,-0.1306237799611276,-0.2302423857462095,-0.1517652025082949,-0.0822284709579913,-0.2233334317203354,-0.0161835718978027,-0.2699109316271877,-0.1854471963468739,-0.02387477446795,-0.2172088133863545,0.0063786874709513,-0.1232063456016539,-0.057519115303111,-0.0577981509366975,-0.1081706620750813,-0.0471659992651762,-0.0643110448745785,-0.1569590711795313,-0.0519822047281486,0.0969962472282942,-0.1333618831926316,-0.0770433218883658,-0.0546698829732391,0.0150942052287506,-0.0414889184484223,-0.0561773629515789,-0.0163682808907258,-0.0598487165241305,-0.1779470576093794,-0.1917047135311176,-0.129369947229657,-0.1504115417494451,-0.0495969178107589,-0.1169320199119073,-0.1036690026497412,-0.3041677572253761,-0.05591378404334,-0.1294475307063169,-0.1631666032918729,-0.2019438931276587,0.0252204081750396,-0.0975732626396877,0.0483460971149019,-0.1730523607495889,0.089491107849267,-0.0265900557419358,-0.0342642491294645,-0.2019373368356899,-0.1529312359338202,-0.0575771171538666,-0.0653685847143879,-0.1581653639191229,-0.1368259416465125,-0.0276430660690226,-0.2174101323522941,-0.1004435159634019,-0.0245093309933662,-0.0193919187442072,-0.1195487777092928,-0.1596546838313893,-0.0946115493510956,-0.0563570863575385,-0.2052339353273349,-0.1074394568651765,0.0079857115538263,0.0016798362466351,-0.170104363775206,-0.0595748083606491,-0.0273448914658045,-0.125668406840395,-0.2371348367301878,-0.0345539794998866,-0.15163570864454,-0.0781652343533803,-0.1841340887351505,-0.1088527425266555,-0.1183545499222175,-0.1753874673909061,-0.1675485531678656,-0.2151272391786424,-0.0415659064664265,-0.1521230982891976,-0.1729588005747226,-0.1974059053333215,-0.2317669195490865,-0.0684535539528896,-0.1025017911804374,-0.0230786185253778,-0.2116023007664288,-0.272516833709073,-0.1207380476358638,-0.1287945712309356,-0.1850074803151452,-0.2403460532216598
IRI_Q15,0.1181887052559012,-0.112207590431801,0.2181371029708643,0.1736703125142834,-0.0645744827510085,-0.0445303249019993,0.1007631280884473,-0.1979642691796495,-0.0167009512429305,-0.0313929332924791,-0.2512678738769199,0.1426689779557998,0.0113967955337724,0.1835813466958706,1.0,0.0240809768404923,0.0877612791757799,0.1139770330351017,0.017141193792427,-0.0957816999967224,-0.1305748527486964,-0.0567130903656474,-0.0585246160410268,0.0218140161839715,-0.1788118038818169,-0.077746640335181,-0.0223092981506851,-0.19591682596648,0.0041970778145066,-0.0426262476741604,0.0947676001511242,0.0826920188163831,0.0104418971725197,0.1424322392542432,0.0712034638952689,-0.0045680455342662,0.0803975579748291,0.1220720738527523,0.04871770088196,0.3567556659853931,0.0771719814409829,0.0845066168716512,0.0730614464895094,0.0701665339159232,-0.043471781599608,0.0014649536957299,-0.034305262734923,0.0819514824717615,0.0215509863339819,0.0248709050274983,0.0611015622721472,0.0466610776734563,0.0069655340511636,0.0645907239028655,0.0927977496404527,-0.0688826693945735,0.0394432973976871,0.0057700639174126,0.0032902686590449,0.0339089802743873,0.0248956183454009,0.0098238418009483,-0.0034774219885311,-0.125948856882509,0.0362859911829966,0.1530499958152417,-0.0311273985279655,0.0035596858734149,-0.0108218420767419,0.0079774114608237,0.0082108008430672,0.0620837358785076,-0.0843852043334906,0.0122498163782409,0.0137208046176731,-0.0372126064510093,0.159024858986643,0.1179484637813047,-0.0428128039849264,-0.0491486506144183,-0.0593150148130852,0.1263465103907493,0.0280665496947646,-0.1131766800958025,0.0764639020453084,-0.0527802557255994,-0.0129900754175505,0.0479264070569099,-0.0647130707840973,-0.01049747968904,-0.0812919874449466,0.0112300190171936,0.0287615004266545,0.0684218004423728,-0.0373284376062945,0.1682895893241073,0.0960724652911518,0.0536668667603905,-0.0697592835408133,-0.0279849430630558,0.1440436603190584,0.0396683625081161,0.0403778946373062,0.0079970228399921,0.007649253294527,0.1772108362934381,0.0796627393057939,0.0741376812913247,0.0034366376536458,-0.0687764721450147,0.0123973043898326,0.1219086069279896,0.0434747282191534,0.0379084862554232
IRI_Q16,0.1847491139096554,0.1844001093818385,-0.0076760656866445,-0.1516279042367101,0.394392669369568,0.1944774300185753,-0.3599722281248894,0.0699825805286693,0.1511096932240804,0.109221296165975,0.2507625331019914,-0.2355180716409386,-0.0899989228802662,-0.1530785210249988,0.0164311612536944,0.9730148507050592,0.1441242325325297,-0.0713168038750845,-0.0500076690631596,0.2795925337708959,0.1649985499791186,0.1668100669340519,0.5907119944825371,0.168945596559928,0.1993170144436046,0.4088561617397235,0.170820860572372,0.1031033810830361,0.2375392982421696,0.2925329803541299,0.2150844685153631,0.2015431369327563,0.1193423731024412,0.2169594177059212,0.2171973224794813,-0.0712669368352138,0.2578487507580612,0.2957415491307454,0.2223991821771861,-0.0294415606015191,0.2725781548805565,0.1788732988832123,0.1508258199879851,0.0755770209410145,0.1090296687681734,0.2476816266781361,0.1545245039239347,0.2015321262461153,0.1547240696131544,0.1937339417353636,0.1343001180054708,0.0797205290711554,0.1626396031945096,0.1638991335943355,0.2029267963470779,0.2827825180416331,-0.0945860246892774,0.1789842675583166,0.0993158989280447,0.1216114647794467,-0.1025089522494877,0.2431798887144597,-0.0790323436119503,0.0549363631310096,-0.0865978287953196,0.1717534426267477,0.2020769466287368,0.258427658983048,0.2874171772026979,0.1572006305238522,0.1665482825861186,0.1397367145265653,0.250639728075561,0.1759756836362122,0.3217048428501701,0.1706339625293849,0.0058233987180869,0.1409602090712334,0.1943494308642826,0.3117909058206228,0.2468167177779604,0.0793432353638609,0.1816460044126947,0.1777002990124159,0.0878694780921791,0.0424506977477988,0.2706518656384064,0.0863387266937902,0.0602170978902276,0.2562330382768727,0.2048269488006254,0.0382973956482855,0.1145136111364585,0.2058682652536557,0.2899786107695418,0.1464145741435422,0.1944609512921239,0.2461777221720884,0.3456515170735184,0.2901311706470827,0.17170016917525,0.202021416423707,0.2754162869245828,0.27734428685094,0.1734750680863542,0.2356348633807529,0.2330182297302173,0.1306711942902049,0.1996257063291893,0.2654861333778309,0.2347030220317904,0.1738594120991312,0.2430115535091557,0.2448934071179605
IRI_Q17,0.1990156799342056,0.1346549750157294,0.0600246943029394,-0.1077809805335068,0.1798070758649685,0.4586603399323843,-0.1384863913491485,-0.090136588743195,0.1328978509266155,0.4457570431058012,0.0971329813684591,0.0088645644139019,-0.0813131395485412,-0.0991332694829169,0.0877612791757799,0.1507985283971576,1.0,-0.0782580081482242,-0.2818802259368173,0.1982351112617631,-0.0308459259052099,0.2462519392125729,0.1525673812860654,0.3803689870585978,0.1106777758364773,0.0829914801219901,0.3384686663301361,0.0555509557879798,0.0697603466537805,0.3301213543745986,0.2574037226143179,0.412723025063855,0.0235223169756129,0.3368978869574478,0.4392826696786767,0.0108048914773616,0.1603866033284805,0.2316339698097752,0.5374639831419099,0.0739179603757775,0.3206508381376548,0.175899000887734,0.4522572156950196,0.065398499886234,0.0316383672682442,0.6011922338882788,0.0835395660744364,0.6603698818677045,0.2393608155570763,0.1526886598103927,0.157503406908049,0.1098502393113034,0.2620298520458758,0.1860860638755545,0.5034577081726286,0.1022161139859897,0.0373184150371886,0.1273818012078071,0.6680587189356015,0.2074576051441058,-0.0501158425211152,0.1792532609000766,-0.0386227595485249,0.0863873756394165,-0.0703169129303988,0.1275346026585747,0.1878739354778713,0.1632801287076185,0.1683336308108418,0.2093405853534671,0.066586885956428,0.2013914462037737,0.2312143796409756,0.1328597883542681,0.248152435253715,0.1412294112464411,0.0705098722584377,0.1459152838125077,0.1257095177375127,0.2263319269688375,0.1676299943284265,0.0771528047726985,0.1362852744736417,0.1155682902776263,0.1091912670018607,-0.0086395998440136,0.1304428105083225,0.0883636880074367,-0.0299958678394429,0.1850709731327939,0.0945574775456141,0.0418562079922683,0.1849295437847261,0.1478644860366166,0.2540380615049182,0.1714020919410846,0.280802676478511,0.1038815223986519,0.2075392587288258,0.2750892794418366,0.1282670735589731,0.1711956565740023,0.2099610209900045,0.2564649940271786,0.0542788055265026,0.1077115244237808,0.2249885440735103,0.0896815058277835,0.2406109789924474,0.2689389900825555,0.2345887798869806,0.1550681515433723,0.2125957983270502,0.2584101157602969
IRI_Q18,-0.0358606844136391,-0.4339872419792718,0.1297059475448143,0.4657896632145917,-0.1771594816766668,-0.1416535622716827,0.1797160748952083,-0.1242295198399592,-0.3579126713574131,-0.1215114365577587,-0.0990335506495759,0.1856697551090307,0.2267304494738864,0.2762303363139031,0.1139770330351017,-0.0785043519930892,-0.0782580081482242,1.0,0.0886014857303217,-0.3489683424683549,-0.1065538814878045,-0.2299288791286263,-0.0671872101917672,-0.023658864405375,-0.2417035620861021,-0.0638173546066164,-0.2710521931577331,-0.1278021616220268,-0.1206219773674096,-0.2939378498860072,-0.1542976748426032,-0.1427376534206419,-0.1950750975995303,-0.16718101582112,-0.1833758184071781,0.071163549429718,-0.2034003382963449,-0.0850836157080232,-0.1590412633427392,0.1311797670431647,-0.1872656316443433,-0.194379591952329,-0.0871583269843776,-0.1216233864842594,-0.1734770075005702,-0.1828378205819952,-0.1582423468077207,-0.168640673110988,-0.1800084397975629,-0.1508421963237425,-0.1050360366215737,-0.1170709032413122,-0.1557786001680476,-0.1643922826476345,-0.2156763878245012,-0.2157813405888039,0.0844966470901084,-0.2416498002377665,-0.1059476291193038,-0.1751008198382884,0.0873100800636708,-0.2266904796515592,0.0669051630000993,-0.0741863311806821,0.0986340033508982,-0.2357181747853292,-0.28927209411081,-0.1204005291827694,-0.2420561578674225,-0.2254936904448906,-0.2152364254389611,-0.1432361202728111,-0.2628326763517106,-0.1860941446634695,-0.1682984680756186,-0.2378503178035705,-0.016375873785888,-0.1039813600261552,-0.2236983440447119,-0.2543488458602586,-0.2262558369821632,0.1374960021332846,-0.2461535249528546,-0.171812725928136,-0.0938642374470626,-0.1649383826226133,-0.1220000995593519,-0.1338153789075454,-0.1114453746319042,-0.1699145697226416,-0.1394649457167435,-0.2204942384012951,-0.1760472768135164,-0.2604065606266815,-0.2515592530859414,-0.0889863382986331,-0.1677399414420707,-0.0847757904910798,-0.1821060849627149,-0.197878892010903,-0.077212631773109,-0.1075174926287413,-0.1871055269586767,-0.2370108668561519,-0.0958256815162743,-0.1084999655964534,-0.1028857063738599,0.0097212546267424,-0.2482689997806723,-0.221112568024676,-0.0712007707081183,-0.0290011386617994,-0.2140567055657448,-0.1978083959683639
IRI_Q19,-0.0963124239800578,-0.0791459013151322,-0.0162697511301666,-0.0799076150047423,-0.0791800914490894,-0.2904878123626755,0.0953366085928164,0.1463661601620996,-0.0513156283354671,-0.280639759378776,-0.0017260708553822,-0.0307603230759849,0.2516175152015556,-0.0313562774243318,0.017141193792427,-0.0467069411082789,-0.2818802259368173,0.0886014857303217,1.0,-0.0846844064533747,0.0753890697709007,-0.1185444371659428,-0.0862748269125895,-0.3565049957923237,-0.1159532447600765,-0.0300603477520838,-0.2716937565939947,-0.0127223975878074,-0.0378364689760245,-0.2050885324830041,-0.1054729703406201,-0.2478655073509595,0.064346285384517,-0.1326335063974281,-0.1390346153920861,0.0696924448579484,-0.0519615324945665,-0.0212823763231063,-0.2023117893905777,0.2061279124845917,-0.1295853023575829,-0.0537787159093325,-0.0073097974335865,0.0339223222771582,-0.0008675629672558,-0.1797957157139792,-0.0675210224074926,-0.2681983638822121,-0.0704975837211756,-0.0380042687423934,-0.052945184251354,-0.0184049071267263,-0.2177336343229997,-0.1109109505004706,-0.143990804231804,-0.0584167676289714,0.0064298409835677,-0.0461389679514691,-0.3132736528779644,-0.1652740408287929,0.0059779356418263,-0.132426069933867,-0.0022750684722376,0.0877228597546678,0.0226592220257799,-0.0292279649752934,-0.0437433314297604,-0.0506263083018667,-0.1131613055217996,-0.0505830000207543,-0.004412578037124,0.0687308862253963,-0.0504529098641925,-0.0584458913661777,-0.1168090394712318,-0.0963140819041255,-0.0842523098639272,-0.0931541551366703,-0.0286939963574788,-0.0623316707953381,-0.0562011073796264,-0.1011788309002179,-0.0921135531514182,-0.0441887315044111,-0.0454332799868145,0.0077863913958684,0.0251830469388748,-0.0265046685763794,0.0762366492485147,-0.0972510526803656,-0.0273289266929153,-0.0443796177463145,-0.0958026129352387,-0.0599870405961108,-0.1029236580862128,-0.1470622879897437,-0.0777410268226897,-0.1060267451505038,-0.0654206566713078,-0.1089219153184035,0.0361249962369797,-0.004363380516928,-0.207958784339295,-0.1614890064098107,-0.0011989821604628,-0.013467593426235,-0.155059164230365,-0.0738631455349149,-0.14627355163668,-0.0769102634496022,-0.0777286160042378,-0.0735961075971385,-0.1825352728037995,-0.0879697245529546
IRI_Q20,0.1854978018326149,0.4710198577153128,-0.130715011672433,-0.323050341441789,0.3515875061976718,0.1637642361363218,-0.3385255334990606,0.0738951280021902,0.2612356413169262,0.2017754522938497,0.1258361713138652,-0.3443881450342204,-0.2858953878332017,-0.2787324999858033,-0.0883497986811328,0.3269659914172584,0.1999271573917899,-0.3552948703697345,-0.0507108004970418,0.8753355656178842,0.1766606154412273,0.4399436622952677,0.3542778293614302,0.1376322938792175,0.2598989800634949,0.2727376948448352,0.3258810880679665,0.1730920357590048,0.2615762023978124,0.5550799908859205,0.2614005750772853,0.273712297699113,0.1876866558405138,0.2796069582830301,0.23135849807876,-0.0051134750018417,0.344674510563161,0.4006809961230646,0.2189617480143978,-0.0960046484944737,0.3594186377232886,0.3076760799438879,0.1742282804034701,0.1514110694318273,0.1729643504375121,0.259509540840719,0.2012425040116126,0.254852026697622,0.3062724127258006,0.3463532869001244,0.2436062998640193,0.1856336713016286,0.1933712093394099,0.3048447633581234,0.2600684092142055,0.446347676027917,-0.0984608974661773,0.2403877129275312,0.200388359032976,0.2591320490006485,-0.123331526653221,0.271385780731876,-0.0988389492701616,0.2320728847108489,-0.0952660598856169,0.2327810353546263,0.2766496848825878,0.3101017060021924,0.4391538268613157,0.2581253163896728,0.2584472041037248,0.2652784487473449,0.2780928512386958,0.2183959679889362,0.3901416099664938,0.2450712167389665,0.0753160385668738,0.074161415657868,0.2892007641309043,0.4214959948522971,0.2840894688046936,0.0214347536085876,0.3639358386020777,0.2497501020779303,0.1354677149967012,0.152918827018252,0.3570153303486256,0.1238050863287933,0.1227511509050994,0.249144550146787,0.2947077499997574,0.1615169560436978,0.124123813328413,0.2724436308672246,0.3279305905137374,0.0976605909328476,0.2121340956277215,0.2651099751647541,0.3393425965633627,0.3905625956487532,0.1612426256897191,0.1238660404158692,0.3315405430862205,0.394347568769499,0.1450287364716092,0.2269833668938956,0.1796800727489978,0.0701055378323184,0.3495252319902995,0.3308395695267114,0.2081633346650127,0.1097308368345429,0.2810578378235593,0.3362063158921443
IRI_Q21,-0.0039680992269869,0.1131132741751063,-0.2007347214658403,-0.1892161559940388,0.064878854698566,0.007832636620925,-0.0320830726468089,0.4273967399168034,0.1487602205582273,0.0267738706738576,0.1671943978834852,-0.1352116349609066,-0.0323549556035286,-0.1306237799611276,-0.1305748527486964,0.1740103897540328,-0.0308459259052099,-0.1065538814878045,0.0753890697709007,0.1209475942588907,0.9999999999999996,0.1112642292678532,0.1779779644137977,0.0052033962154067,0.184573639602622,0.061328013979475,0.1379254500048013,0.1971208616799665,0.221978865284063,0.0684758410896478,0.0340269937104195,-0.0186349977778767,0.2083835199990322,0.0637910064279626,0.0460027467165834,-0.1648075386465802,0.176826403754031,0.0967475972936031,0.0295020597533922,-0.0426721202848474,0.1312495470157321,0.1561015896143024,0.0471103513712103,0.2253405232865507,0.1883732176950054,0.0644807941243898,0.2632022450111863,0.0547156520960214,0.043589068977576,0.1035371273819802,0.073548554884942,0.0973716475413035,0.0961794361397889,0.0288876528292756,0.0836501493864435,0.1570164889736843,-0.1411664636388505,0.1559195911659151,-0.0613496957621411,0.0753913332848029,-0.140653169479342,0.0526578724854663,-0.1125863920517479,-0.0186024122771775,-0.1085165518928208,0.1248228736676033,0.238546027888137,0.1053431349908482,0.1822656459020002,0.1920193647389054,0.309209922827774,0.1105860091628842,0.1613330210090649,0.1948905571943878,0.1007558992791367,0.2196655894931934,-0.096423289192095,0.0037616669866905,0.1960063504209276,0.2363671732877015,0.2615484467574612,-0.2246907666543277,0.105438438548468,0.2963947521549008,-0.0634349702121573,0.2582892691524425,0.1909144481772604,0.1418753325190702,0.2465270891552517,0.1268233903622364,0.1040605375535505,0.0399430996528845,0.1051073991139512,0.1958333636315135,0.0718265802710624,-0.1045761799676404,-0.0139597234601694,0.0148085041734583,0.1517209588987011,0.1090947063970379,0.0391292790435614,-0.1365887612840869,0.0043742088041188,0.0185851442720609,0.0496750366715406,0.04339812862114,0.0183027268097958,-0.0625333210814782,0.0277733592324852,0.0905835238786495,-0.0673542427043628,-0.0333389325514879,-0.016918612796305,0.0427110252598551
IRI_Q22,0.1780871501817695,0.4300544205061042,-0.0828440152465092,-0.2877933448370404,0.2790152548241578,0.193044007566154,-0.1480468733561398,-0.0406819493042423,0.285036408509602,0.1389261874237494,0.2037207484595476,-0.1064546707398165,-0.297638841385871,-0.2302423857462095,-0.0567130903656474,0.173529879818374,0.2462519392125729,-0.2299288791286263,-0.1185444371659428,0.394022684680296,0.1112642292678532,0.9999999999999996,0.3154061167691596,0.2167032629518199,0.2865892299567157,0.0518394361806598,0.3358094324683359,0.2294820970800391,0.1708492186130863,0.4042064060480062,0.2339970751789215,0.2973193885638523,0.0645352706870828,0.1523423832112113,0.1889992450879721,-0.027892513956527,0.2205938940881025,0.310572708604253,0.1682395586868073,-0.0986978503241859,0.2590922840753129,0.2217126543161251,0.1685046025628717,0.073931657422135,0.0641698941976234,0.2076109410081164,0.0963661802920913,0.2177849696815862,0.2295911993602287,0.2571194249585524,0.1529202243039406,0.1252471545537408,0.1482038528477198,0.2630651083919934,0.1509593695304776,0.460868396338747,-0.0039363262670871,0.1154086952627746,0.2706937249623647,0.2419537918031928,-0.0815186451728,0.3403725258097834,-0.0767530586705143,0.2767481100431647,-0.073978543253463,0.0766278507825508,0.163355042875427,0.3726299259851943,0.3306509473735211,0.137918133215144,0.1910939220905701,0.2543529145944462,0.2142758175438898,0.1651703540663118,0.4343459046521114,0.1985320034372193,0.1305676470468497,0.1211090872098751,0.2345661430052281,0.2241290015713088,0.1417427548871243,0.1576018365302035,0.3681183665228362,0.1128448332471451,0.1286383355616797,0.0529993084548508,0.3123305634035213,0.1107622633662189,0.0251254689564664,0.2528956278927051,0.2726992901776897,0.0884483574650834,0.140861255947651,0.2163311651926271,0.2172213883803262,0.2416429515417543,0.1672631498092311,0.2036517992647749,0.2624548105089869,0.2871083424712759,0.161405058374993,0.0332640468151518,0.3619358765790685,0.3644818083733129,0.0851261576368866,0.1592507484902268,0.1798610789598679,0.0540546103364859,0.3766184040088152,0.3101684062267564,0.0911632025324976,0.0452161024952903,0.2583691240395807,0.3392366343418083
IRI_Q23,0.1211315394988112,0.1380577723787997,-0.0640694188287326,-0.0782073780534736,0.4110853675010374,0.1643113994288264,-0.3536477458152105,0.0406154916101168,0.02744303808117,0.103375685433004,0.1776661993215479,-0.2119481568873979,-0.121546737312498,-0.1517652025082949,-0.0585246160410268,0.6166365038187128,0.1525673812860654,-0.0671872101917672,-0.0862748269125895,0.2821622303382201,0.1779779644137977,0.3154061167691596,1.0,0.2650096300180746,0.1892635180767597,0.2915167901428105,0.1690731164438137,0.1215981561435222,0.0832383594346666,0.254838817469261,0.1254476741163448,0.1675222553325985,-0.0092235809716553,0.1296424036129744,0.1247922130222576,-0.0588447035772672,0.1319984090636766,0.1695349761105202,0.1696066410763618,-0.0417053976074389,0.1883152014039715,0.0902140989558402,0.0647980760712347,-0.0422197901876077,0.0448818935120409,0.2401488554191243,0.1034622713445812,0.1812336966666151,0.1492997095278745,0.0867926582688575,0.0460776744752529,0.0492614347639421,0.1215819281059022,0.156991178774474,0.1303675241930789,0.2330993792391884,0.0243888547194146,0.1589439233046753,0.1198502853135459,0.1648611052108812,-0.0629854024311159,0.1974718829910574,-0.0269671883157408,0.0685489566548083,-0.0574142402413955,0.1048531100907579,0.1016801839648772,0.1996375738217176,0.1930879946598321,0.0562788090096267,0.1114782142812975,0.064683158699245,0.1925489001333805,0.0453958238241678,0.3003342670992314,0.1072016459922692,0.0774306715633635,0.0808734159747677,0.1829577675804823,0.221602521771855,0.1407287358289625,0.1582764223444067,0.1796017111968705,0.0717802707836744,0.0083954618044272,-0.0073835872857374,0.2319167105514276,-0.043123169673524,0.0034988330293566,0.1663265838177861,0.1896248685096105,-0.0343204614881863,0.0876455348244192,0.0875290382679165,0.2401333327726982,0.1574689361347281,0.1979210411693557,0.2297981847382325,0.2907039029684498,0.2562252130198226,0.152249710410971,0.1460132458177223,0.244541454422354,0.2295651143937265,0.2488671766746641,0.1776005166567809,0.1809694439503792,0.0908847312427453,0.1910393515972978,0.1936548442402706,0.157242824769758,0.1590872258342037,0.1809660961766617,0.1796547482967879
IRI_Q24,0.1071729078051158,0.0971145751545771,0.1590093547863582,-0.0010154138652087,0.0860259739104264,0.3436835924069406,-0.1372908937319799,-0.1893929871301887,0.0552602633964573,0.3496725989103386,0.0538169734111684,-0.0082093002354768,-0.1455058300425805,-0.0822284709579913,0.0218140161839715,0.1738840093208805,0.3803689870585978,-0.023658864405375,-0.3565049957923237,0.121445756326378,0.0052033962154067,0.2167032629518199,0.2650096300180746,1.0,0.1104628720933587,0.0992877589025341,0.3549287072401936,-0.0049434176011198,-0.0036443110923242,0.2502649682958942,0.1393954929943882,0.3335136055863443,-0.0556357105633045,0.2376571462218697,0.2978675303156803,0.0202424261509948,0.0264673946926751,0.115116451508232,0.3997098522292621,-0.0085774768998894,0.202934242536495,0.0273834859734001,0.1922312668729216,-0.0421440814967087,-0.0961907283304831,0.3314805958536237,-0.0033674708612441,0.3842040156537343,0.1484388225836583,0.0873054576300023,0.0322480479214886,0.0077659982390177,0.1255029496971826,0.0754232396703286,0.2507231817600814,0.1941281830088044,0.0926363047893536,0.0767994680250879,0.4597601758609019,0.0821658005701714,-0.0105625727363696,0.1018349297288564,-0.0273016762409125,0.0321304857186676,-0.0263147589381516,-0.0118220438070347,0.067183932951372,0.1191541439098552,0.0375917943919992,0.0298477296291357,0.0188420272854696,0.0088428948312509,0.1171170700462284,0.03012029786005,0.1870565672235531,-0.0079965920629298,0.1097096508745719,0.0214168016129445,0.0785035072497901,0.0317327849452662,0.0373162897986377,0.1682055598201136,0.0760596945321365,-0.0379613526309961,-0.0106459063543106,-0.0103184858118816,0.1401112935930262,-0.0040841686528005,-0.03987420072097,0.0648831376134755,0.1333099347202492,-0.01771889186268,0.0559039501063323,0.1059926900354511,0.1037464255246392,0.1521062925387278,0.1415030427079559,0.1235680643577352,0.0597670886416169,0.0760970208165577,0.0744685808645697,0.0732428391765155,0.1329959857343611,0.1151711853393712,0.1371737374286844,0.0925674021740472,0.2291932534711209,0.1432617971993459,0.1382558123263328,0.0700334943340928,0.1098725994301633,0.1329786202047743,0.0833373598568513,0.1330718659787862
IRI_Q25,0.0215512009532389,0.367517746499714,-0.3097772319330488,-0.2664732588705962,0.2544802415974795,0.1753879661119267,-0.2545772408369179,0.1910762814251014,0.2545734229972888,0.167990196786914,0.2661590544134861,-0.2430343688609932,-0.1363016328057958,-0.2240326557521956,-0.1842526464851851,0.1980643417372312,0.1167839722612237,-0.2523072779868986,-0.112849234149637,0.2974639576970618,0.1852564111777656,0.2849714376220845,0.1959947220359665,0.1106375974469154,0.9948403349425752,0.1706346620472635,0.2421877322557465,0.3606161996541942,0.22542482568871,0.230167959933175,0.1960395092029047,0.1797923170174992,0.1789752959990709,0.1465943937059278,0.2061876078639694,-0.0986959864551052,0.2883308071014195,0.1684653506851907,0.1589647810074019,-0.0484605716835732,0.1825497097579682,0.1995785028076765,0.0782484488944986,0.1410684083612412,0.1331018254080919,0.204808147580655,0.1479186983211589,0.1636797107454537,0.1253439897517897,0.1352486723175424,0.134028050342044,0.1299080553511079,0.1078188119985766,0.1622634811695736,0.166645535740147,0.2338428824487291,-0.1033520938705239,0.3167981649873775,0.1607425937715543,0.2513332648496639,-0.1409856247713599,0.2999904869249366,-0.0585906538267422,0.0699963922542384,-0.0838046589817453,0.1026301960031838,0.3319477616123817,0.2466369535195481,0.2236475204740812,0.3252726772191829,0.2049001539575532,0.2615049825753952,0.4221145028450617,0.2249732226045081,0.2570589769608341,0.2770867293955797,0.0104709260906206,0.1243177154188104,0.355613444241842,0.2909158331262007,0.2672285508857753,-0.0788123580566709,0.2837778258165238,0.2258475408199614,0.053074037895569,0.1584224616799844,0.1739792472883586,0.2115033813764755,0.1262805574947884,0.1847197375203953,0.0971667972766272,0.1522125991638548,0.206727825433851,0.2733542643369387,0.3296478792888384,0.1413557469240721,0.2373950859431685,0.1410886813964537,0.4139782693497907,0.2957182848981785,0.0662163684346574,0.1881126292720764,0.2345327458938616,0.2588142762197944,0.0046151897794602,0.0719838489916619,0.1880226138502416,-0.0331471121369681,0.2292530501278056,0.340194733574527,0.2051639137550103,0.118611663851258,0.2674421410592643,0.2208323666071825
IRI_Q26,0.234637199479663,0.0551759298731606,-0.0752032440468383,-0.0877201842164327,0.4189070389956434,0.1344247383708329,-0.3864543756370851,0.0373454704160014,0.0105533092788084,0.1313367757635398,0.1770603338890408,-0.3364646827148937,-0.1309812540568022,-0.0161835718978027,-0.077746640335181,0.401950042971089,0.0829914801219901,-0.0638173546066164,-0.0300603477520838,0.3154117343190269,0.061328013979475,0.0518394361806598,0.2915167901428105,0.0992877589025341,0.1710918935553475,1.0,0.1744693819543117,0.235178441906437,0.2922358327959776,0.2666988727886548,0.2746197128484239,0.1797163675638697,0.1565830098570432,0.2949816469698455,0.3072916778731357,-0.046772952752217,0.2480256123990246,0.3029603367641443,0.2438199023247338,0.0049849821853523,0.3560822396949703,0.2175687919898763,0.2231382827149044,0.1893466362357597,0.1426461572829357,0.2251823691915802,0.1325407059777874,0.274233179721318,0.1672037716048045,0.1707038147190951,0.1660496917766076,0.0173821323571841,0.1098292423038084,0.1667243374926921,0.2997305200966821,0.2279738335999232,-0.1206976890473106,0.1641462526563502,0.105350745629056,0.0311694298324615,-0.1010833113404517,0.2450288252929083,-0.0897465661122011,-0.0685103054569131,-0.0865023536258345,0.1548495558425213,0.2926951066404066,0.0671160725135985,0.2588369682769197,0.2233898309737393,0.1614019751748649,0.2572632734100087,0.2232568846271893,0.1465422622881919,0.2272144435061172,0.2151749979102455,-0.0534285144361269,0.1101754002965659,0.2331258350420873,0.3190056981306169,0.2744772768068972,-0.1043302673796424,0.1646136893167015,0.2437403406143197,0.1442853939856381,0.1340885900167754,0.2577126752191375,0.1609491384193585,0.1314299004701136,0.128807693823233,0.210547594424045,0.0021647098725627,0.078452012580464,0.2709315516622068,0.2324807063800686,0.0718248295554955,0.1596454683370299,0.1293448308691527,0.1985513510733647,0.2214545641715667,0.1028803452692875,0.1318758870624292,0.2126329046696951,0.1820261746347236,0.0329720405278384,0.0488298787500345,0.1767432955471462,-0.0072536133701248,0.1513822233328422,0.1710892542188123,0.2158291762683439,0.0685118305371125,0.1821845754671121,0.1217475046530592
IRI_Q27,0.1493053853649166,0.3290042956196934,-0.0124983289887177,-0.2939968274203516,0.1902438874283977,0.2610621024520778,-0.1714714803912407,0.0015212777719725,0.3356993080171683,0.3016129201961846,0.2333840593692113,-0.115961559981803,-0.258959208596238,-0.2699109316271877,-0.0223092981506851,0.1839117303618633,0.3384686663301361,-0.2710521931577331,-0.2716937565939947,0.2895423137413169,0.1379254500048013,0.3358094324683359,0.1690731164438137,0.3549287072401936,0.249642384431793,0.1744693819543117,1.0,0.267110712164823,0.0854834617958156,0.3893329136694806,0.1568136908690463,0.3235758666846186,0.08957041394155,0.2422244431848983,0.3049580653733393,-0.0048377884318961,0.2190803054375086,0.2000314338725466,0.2388747745697873,-0.1344715367023741,0.2707293395624809,0.2125071268777003,0.2190969398614687,0.0953208314523182,0.0307739381907697,0.3553666698085823,0.0696286840683629,0.3396496943940357,0.2252376108197227,0.2620892806160023,0.184302617104106,0.0924651120045832,0.1877272974167187,0.2317030789073542,0.3438883472649333,0.3544246898932405,0.0121584412602188,0.2247367310256175,0.3620660729997882,0.1294977664684138,-0.0501294499686369,0.2646838039733381,-0.0576023747844658,0.1845851544095182,-0.0448022622441628,0.1041056044521487,0.2552586731650275,0.3585584190348598,0.3228929734130267,0.2160720956063013,0.1574203076312718,0.25478138853719,0.2864770112413147,0.1215855762639066,0.3883434948091726,0.1470283746578224,0.0357098552272591,0.0452841971797008,0.2300643084558738,0.2331137777837418,0.2240281139916318,0.0243260240281429,0.3137487023546094,0.1244852065307871,0.0710277843048917,0.0646417535900734,0.2954561500507654,0.0103672768111544,0.0458380625097515,0.1533551351107241,0.2098845177605872,0.056344858026162,0.1197093324815021,0.2394302893446264,0.2361631262701375,0.060071475228314,0.1705484913108608,0.212453081327331,0.206740647149133,0.2559024936343506,0.1142497876943542,0.0252158755012505,0.2315613424412891,0.2529400554733059,0.0710986876563832,0.1242358531276159,0.2241923010008898,0.0757922947790355,0.2629783615165258,0.265326584164693,0.1609045545628971,0.1071632487190527,0.2528067339790688,0.2387206783460296
IRI_Q28,0.0219179824518475,0.1771184244438058,-0.3073232524434461,-0.2643459498845611,0.156364087514855,0.0049489936408231,-0.0571517142890144,0.2945340792829959,0.274833964252224,0.0663876754353464,0.4346725846193201,-0.1273251168174214,-0.0173644977802965,-0.1854471963468739,-0.19591682596648,0.0817080386279996,0.0555509557879798,-0.1278021616220268,-0.0127223975878074,0.1749488224744173,0.1971208616799665,0.2294820970800391,0.1215981561435222,-0.0049434176011198,0.3706729329744119,0.235178441906437,0.267110712164823,1.0,0.2188115244290316,0.2013844520158429,0.0946248769303636,0.1097357119307181,0.1801180666982292,0.0965509162491354,0.0409040242336008,-0.0662551930869682,0.2128007814177786,0.2210706868976517,0.0054655210204434,-0.0348974367188358,0.1552629378141675,0.1848899711858966,0.163434373405439,0.2403485992986294,0.1249768182572737,0.1030146955669417,0.1872986194449371,0.0606477083883578,0.130088176319642,0.1497886806359492,0.0678874049881124,0.0552004780422644,0.0435397665337446,0.1317798201590752,0.1034785569470067,0.314465325488224,-0.0762783781515063,0.137750390739299,0.1186952419039334,0.1180369600388589,-0.1372950342800713,0.1958543546459175,-0.051364073213991,0.1804503783650188,-0.0380663868135773,0.0877846758841762,0.1950266658426917,0.3645403623660197,0.3607108578472512,0.1701739690743162,0.237559147032082,0.3229645958332987,0.3139100841455475,0.1025370952521973,0.3548415181584127,0.2160128510605575,0.0767977144024865,0.0834495402312854,0.2308135064703019,0.2636187756571593,0.1969370231710481,-0.0326567023046685,0.2577626618743423,0.2566877832754306,0.1432385177534857,0.076171924452401,0.306556055562252,0.0598737060574187,0.1281667473387501,0.1513826511186215,0.1778174004607959,-0.0406976993663453,0.1145714963141365,0.2687861864861056,0.2188275103261855,0.0355022342136225,0.1180911372243673,0.0474186643743369,0.2635825821999525,0.26687275748151,0.0332611736289075,0.1032490276257256,0.1669450115038747,0.1963806278721301,0.0687197919365909,0.0815296378016382,0.1047871638375402,-0.1285891149129296,0.1761976049433354,0.3086947077518875,0.0858799810267147,0.0477125610158317,0.1745504397664464,0.1622290760276055
PANAS_Q1,0.4719847806666103,0.2825179939790218,0.4174496543574763,0.0975919644741922,0.500785949899589,-0.0896530958630419,0.4371209119656604,0.5549549089244978,0.4071026480041003,0.2903049616387287,0.4862654853187829,,0.3209881382428259,0.1381328828010985,0.2238849589421082,0.5169128858542469,0.2740285525904898,-0.2431832962873539,0.5573054403465316,0.4593461225504613,0.1292116193508477,0.3939587325972169,0.5874177606578341,0.1561076602869618,0.2395711458896103,0.3575524620874042,0.2936539173104295,0.3822806848343906,0.9999999999999996,-0.0313278395492613,0.5620312174798385,-0.0773702555391234,0.314892401298901,-0.0650533694254232,0.1106137743040094,0.0065530798761088,0.5016713964047368,0.280611312130003,-0.023638946718987,0.1846503165257791,-0.0048854542944089,0.331055245617986,-0.0733050332791301,0.0886126367513769,0.3293507684242323,-0.0337548307918808,0.4679535474273223,-0.0513627700688594,0.4572256216559514,0.1269994058759287,0.4599514851304189,0.3676716081862772,0.4144525095504646,0.4646827845105623,0.0206436582214778,0.5732846516674512,0.0401646523538921,0.4037870224887256,-0.0404163021220063,0.6405013451366148,-0.2235564803200583,0.5673922018519656,-0.2426248350416415,-0.045629105298725,-0.2235208983848942,0.533583541547114,0.3572368323637693,-0.0018613236887305,0.2864888917604982,0.630334735965846,0.6354913022568958,0.6628493737193988,0.513947073681241,0.6429628552499181,0.2905742133728977,0.5880426128198646,0.5433117246936876,0.451449885123812,0.3598728541201164,0.6958694852636367,0.6609356877161248,0.7367557156705353,0.0549079551143721,0.6296078923747344,0.2846200123042206,0.5920865826696857,0.6251880176067316,0.4945784837942462,0.3432443009616597,0.5618059625502227,-0.2018510983562834,0.6403292814510464,0.5088494067576783,-0.1041293517353035,0.4855268228998538,-0.0187222524992634,-0.0813730125061425,-0.033866022919099,0.5392053388979512,0.5715274890294535,-0.0281447395080567,0.1905865655194464,0.4952566651947469,0.4907354157060217,-0.1037475883865072,-0.0878789373957989,0.3764209200974859,-0.1792383059341982,0.5728932916823983,0.4653351251867973,0.0645047868805646,0.2888043899338435,0.5654851095483369,0.4312194920160139
PANAS_Q2,0.2745943302410519,0.1465861769172626,0.2771086343219886,0.1564010736732043,0.1162688151950836,0.4611477158360802,0.1974619926479831,0.0848690326926115,0.1616963119084374,0.3485361291805933,0.142217381425329,,0.1996052619555866,0.0223737111221243,0.0456006876635549,0.2615141705873782,0.3004208917911877,0.079257335567559,0.0447345138885933,0.3873486698287532,0.0704156058275687,0.1092410794967077,0.0666010043507184,0.5431937486525164,0.1334812957077183,0.140863770600478,0.3077541962768035,0.1126819386569357,-0.0313278395492613,0.9999999999999996,0.0519714431174626,0.6867429355992529,-0.1488105674391807,0.3884181015504925,0.3341823942731828,0.2566422015624945,-0.0045899239196867,-0.0434786396693402,0.4011600859441869,0.0636406112334712,0.2984953132456978,-0.0943860577997455,0.4211770339139714,-0.1387199501674814,-0.1371696957619678,0.4713422781468415,-0.0875007932286364,0.451104073887363,-0.3605618969397387,-0.0420871806542464,-0.077994404685986,-0.3490857911494381,0.1771418910887403,-0.2908945186766102,0.4575850108216824,0.0862703874981458,0.3729240301236822,-0.224199317944955,0.4785737712124813,0.0253771897121808,0.0051480145277453,0.2381780981474731,0.1472414724362064,-0.157327421455049,-0.1369465089253479,0.1235103071484726,-0.1881426687225328,0.0903788808892707,0.3126064195463039,0.1133466148487898,0.0070318458987374,0.0760432878774513,0.1675465164781645,0.0633834158851477,0.3082202113992739,0.0742825826882718,0.1368360163359861,0.1496312716981894,-0.0694188071024538,0.0615678339703888,0.1055423568253441,0.074740610959521,0.5335167269246335,0.1149564430218071,0.1349276933185619,0.0382105264364287,0.1827379587409193,0.1097159402431399,0.1472527288896389,-0.1404964490223087,-0.1055525552896045,-0.1128310461884321,-0.1112018045092533,0.0107376186242106,0.1904201729650896,0.6921878481304755,0.6390490055973612,0.7038428643983404,0.1601341136342451,0.2161198865686394,0.6632953791677962,0.5019423847109474,0.193617739890993,0.1828160837999869,0.6137418207537575,0.6084619817839763,0.3448388262641406,0.6469114643108188,0.1537730487379047,0.2409441523277226,0.5934807497087559,0.4620025211277544,0.1574580707046927,0.2123731029459087
PANAS_Q3,0.5674201447944808,0.2346771331159295,0.3774027213215786,0.1306995499984879,0.3354598663337077,-0.0985245666133874,0.3702950241667256,0.4693561642253634,0.3223686714061398,0.4680166700878027,0.3523841466585728,,0.253062690814307,0.1013232119303801,0.1483366772948659,0.5936240608055354,0.1707279186256511,-0.2163699070769765,0.4270925222464484,0.5698551802102068,0.1208918921655849,0.2461709659756777,0.4667178383179927,0.1815833820721724,0.1700584470098973,0.2618946807007147,0.193569357733038,0.2793701450757575,0.5620312174798385,0.0519714431174626,1.0,-0.003659086927852,0.2827805036154679,0.1318345186949009,0.1436537343961494,0.0006816047124277,0.5097102943754022,0.2605905690312066,0.1021931402708767,0.1290257858275831,0.0642411265763436,0.3841401339404746,-0.0037013233372897,0.0779418603292967,0.3033902770436356,-0.0052905370799209,0.4739111283601708,0.0065702712329255,0.2727684171635603,0.1174905598599061,0.4200046426698444,0.1882876569759006,0.3614413032153023,0.293749157418644,0.0793566996250676,0.6901060095313631,0.0131874794015748,0.3437211367675534,-0.0159997569003338,0.5629731520144454,-0.2630791082181369,0.5076605076626424,-0.1071178181415691,-0.1827175660308973,-0.1659876352304932,0.4350367171411581,0.2854476815412132,-0.0426109461049121,0.3674945848438146,0.5729612144914821,0.4845046816430951,0.5951048106093502,0.502626525537109,0.5946047924467954,0.4135342486230103,0.5893802793922416,0.3967063510539312,0.3418898049494496,0.3526153296943716,0.6035377557413429,0.577597781017428,0.582501615312373,0.1952672038981596,0.4792684143041692,0.2192549604127414,0.4623665889147271,0.4854530323132068,0.353354849165819,0.2762394903707775,0.4861219900892718,-0.11632392095446,0.5178396850625613,0.502192270768104,-0.0853006632486671,0.5010144239895524,-0.0166260060711753,-0.0716467755276527,0.0409009073906601,0.525027125798721,0.597986987944712,0.0050756029911492,0.329919052630538,0.5276399853405602,0.552343038401236,-0.0364692712409966,0.0397828949648283,0.3940115621863873,-0.0729628899401065,0.444857261755791,0.5838845917067083,0.1998360806144441,0.4139911134323279,0.4332524596503032,0.5029224579197424
PANAS_Q4,0.2794161999889981,0.133506538978623,0.2235447149777897,0.1290741371035893,0.1123515973942382,0.5150744367148468,0.128781662912141,0.0702287484460636,0.1285451931756146,0.3264694096358911,0.0900773649531297,,0.0694757411920772,0.1431281026421617,0.0858951918525051,0.1319630027172145,0.3500462398517127,0.0206311125285142,0.0364229921954075,0.2597291657684085,0.0219201732161284,0.0991333851222786,0.0271856836166177,0.5260800260667196,0.0987883903680519,0.12753417585351,0.2298557506392183,0.1246180995842119,-0.0773702555391234,0.6867429355992529,-0.003659086927852,0.9999999999999998,-0.1846903512947147,0.3127479243278508,0.2501853287385897,0.2787583033131063,-0.0613935970583373,-0.074612217170406,0.48056620406536,0.0311786683942069,0.2927087592827075,-0.0605681064986803,0.4509098342338845,-0.0899187618813003,-0.1742831613129795,0.5567358155711077,-0.1179657505619299,0.4491895203202459,-0.4077542436171174,-0.1496120121449563,-0.1215378888395637,-0.3923355560395913,0.113374737619937,-0.3603624527844878,0.5363377168797244,0.042373780445418,0.3054874598757794,-0.2218465070074621,0.5528910199015711,-0.0255760388108439,0.0045905645365385,0.1727103976088653,0.1781772605161196,-0.1761518359111316,-0.0830117802074764,0.0949795893715394,-0.1881232213262036,0.0492777118011079,0.2128326539359178,0.0802849756789134,-0.0346099542831068,0.0024296829889955,0.0999436874286491,0.0148893197641393,0.2207389637755894,-0.0269482717436961,0.1061749972664384,0.137660019628888,-0.1088051585734463,0.0156624457643474,0.0785351872919733,0.0515031645221887,0.4975940692107649,0.0699057219938454,0.1185338675619755,-0.0133546001715107,0.1692039414040931,0.0887046545970795,0.1395882022065981,-0.2131013419701372,-0.0484200797178437,-0.1783168752917529,-0.1874032383701261,-0.0262477990737707,0.1058834907600964,0.6644100012185453,0.7015645344177334,0.7529454318450837,0.061681588346023,0.1400465345065258,0.696561815537477,0.4676131462010703,0.1114779098663716,0.1023767026528762,0.6071532134191955,0.6578786780197239,0.3678157069252554,0.6957552741418376,0.1505896174880253,0.1627015101630292,0.5404225853458473,0.4063445138858212,0.1442449348690909,0.1662352315282277
PANAS_Q5,0.2077189758922517,0.1357216331579491,0.1487612894807466,0.2003777092667174,0.1647226580316977,-0.3090702534550682,0.1365833397937746,0.3089104632655632,0.1300416580750199,0.1119194255987745,0.1732345838301585,,0.0872035657473075,0.069700749452837,0.088272360535996,0.291906700796714,-0.078441506777063,-0.0222091822991589,0.2487328430405463,0.2182359047001693,0.0143033367330832,0.1193017534794105,0.2321862090092621,-0.1555586678811012,0.0771993346727605,0.1310870058715515,-0.0794758728005937,0.20473650891932,0.314892401298901,-0.1488105674391807,0.2827805036154679,-0.1846903512947147,1.0,-0.0198473626598951,-0.1007621166570448,0.0475094295166861,0.3100338515732164,0.2850546988607681,-0.2926739127465815,0.3468402568274651,-0.1076590344495367,0.3284869755789197,-0.3097349052468098,0.2593485749854784,0.361246441462812,-0.2532310818956135,0.4330923798854822,-0.1589281589038138,0.3712902093481024,0.0977216162830949,0.4270046688776882,0.4111366558574904,0.1270914357198267,0.473183141786995,-0.2588726275275902,0.3903394556739317,0.0130923541322248,0.7974738182090624,-0.2769577495495054,0.3547639664544409,-0.176960773019528,0.3066295226109301,-0.2021945153986785,0.0226253135107315,-0.097558234065583,0.2903296771347816,0.4813710390370092,0.0139916879611483,0.1188220378578831,0.3388198957534939,0.3586268075030948,0.2876913393816575,0.290799549856489,0.3106676529198063,0.2214961225710402,0.4232833439586522,0.2713127921925434,0.1819831794366915,0.374320924993366,0.312089849708365,0.2597456120804996,0.2510634786375807,-0.0329866180982186,0.3478378174331245,0.1306129811201639,0.1840483403092439,0.3202937251607491,0.2208759065547237,0.1584621456169296,0.4446851893413349,0.0150084289770813,0.4162455263775894,0.5405553490800876,0.156263999984195,0.3313827616305844,-0.3297268721951413,-0.3415617827733915,-0.2181180208226271,0.2876455838264271,0.3487411656013495,-0.2145621305029069,0.0703265001354281,0.3515436161503321,0.3462661300609854,-0.1736114007298524,-0.1521797278854668,0.1567401351554188,-0.2582372107986759,0.2662110878015026,0.3647959737758898,-0.1845981195698658,0.1080063460697533,0.225085229728199,0.35957557903056
PANAS_Q6,0.1753713317754512,0.0710672193975116,0.1767626566672331,0.1991808026773803,0.0560795658635544,0.3183538492904227,0.1430653739144928,0.0591879131071812,0.0626255588797334,0.191645140550434,0.09974418793407,,0.0482617748977397,-0.0098979944209159,0.0352950851301823,0.1870049502773539,0.2205214652946906,0.009518499977712,0.0006512905759479,0.1078905692548514,0.0287648995740368,0.0783562231485829,0.0196514759699183,0.4079989322561341,0.0464263285895504,0.1104321637666717,0.2278991541446503,0.0394395407759077,-0.0586475648587969,0.3863748401957592,0.1380305391160263,0.3108860435871392,-0.0112714843235057,0.9963630138556137,0.3133842518540742,0.149516394633076,-0.0017307618854862,-0.0263559410372218,0.2607971062274338,0.0025016709068816,0.5733084009470866,0.058101829581077,0.3234438547830625,-0.1647138738283679,-0.0565158497096493,0.3648441063520988,-0.0133813486011391,0.3621302156242591,-0.2355932575720082,-0.0727113043055301,-0.0039142238724707,-0.1674989087817389,0.138166833299876,-0.1576995327801454,0.3583100260121286,0.1123448023562227,0.1296309564117712,-0.05360708906804,0.3824181816137341,-0.0086314808298916,0.0251247504712143,0.1936101053384662,0.2075768895855131,-0.0987990632668108,-0.0367512939653072,0.0959424904241191,-0.0803519646574478,0.0392189761917183,0.205220047400381,0.0433659126710937,-0.0324521999834422,0.0422480333140927,0.08393122090276,0.0307292489483232,0.2158496902783744,0.0155646742095803,0.1224569447052717,0.1050700592042725,-0.002873493353989,0.0192473783366193,0.0558329959983842,0.0679562287278814,0.5200853650158682,0.0715349243565191,0.0694008690509142,-0.0570106622677601,0.1232946835608534,0.0541339060787882,0.1216280445638698,-0.0428723381571833,-0.0061382345635287,-0.1271648917716877,-0.0556274405953919,0.0393875087988804,0.0704686370229361,0.3311392257403616,0.3200247030562231,0.3799224173427256,0.0612200069461968,0.1897028305441364,0.372591241581331,0.3379959857168833,0.0723646893326416,0.1145517775179558,0.3867643636706369,0.3848948683007699,0.2627560527503864,0.3864643296171757,0.0658778569890294,0.1367965825552514,0.3549640749449357,0.2329749311322766,0.0720497778266882,0.1290307597623748
PANAS_Q7,0.1575662462098878,-0.0129797352161023,0.2631938274653786,0.0880018146841864,0.0438984025629339,0.2791912875723744,0.1611254533242143,0.1301752856867021,0.0358942130006088,0.1786508092477824,0.1029458702762432,,0.219230599608095,0.1612980273488269,0.0134749233148678,0.2759546517063527,0.3603657429634678,0.1729954064683967,0.0678811997716727,0.2294017857452127,0.0109818354167551,0.0393160515730609,0.0418187275289004,0.4105173083398009,0.0051548916788601,0.0039392238944733,0.2125935370671231,0.0744162653258025,0.1106137743040094,0.3341823942731828,0.1436537343961494,0.2501853287385897,-0.1007621166570448,0.3120767687664262,0.9999999999999998,0.2543676737228,0.0518361567356032,0.0345492011367874,0.2775291658855394,0.0752736661448473,0.4079057887378585,0.0075484032270871,0.3432083438028733,-0.0108310170541791,-0.1127441927145487,0.3285896245416111,0.0175467210299828,0.5364824962109707,-0.2504830368520829,-0.0265354587774761,-0.0202413321700938,-0.1081511089035982,0.1597287729064651,-0.1286071033659706,0.3689400332552477,0.1400190301957778,0.2144661208622217,-0.1391715012087071,0.338707911831022,0.0465050986442772,0.0297006901689604,0.1342479145452717,0.2005552817369894,-0.0949947463001709,0.0011783626296392,0.0629563979636573,-0.0215472031705809,0.214543118488777,0.3880023223227015,0.1193587514898915,0.0396913135902941,0.1278968667619336,0.1364970050525066,0.0944609914036566,0.2929901386841802,0.0898576484243879,0.06953129134542,0.0160125836386602,0.0382754681000273,0.1263621311541634,0.0867323516448475,0.1292844276641961,0.4424166647436529,0.079465657246604,-0.015167793960708,0.0945042429056449,0.2203509522527808,0.0992365042154065,0.0367442464340984,0.0378735203295061,0.0339812897441939,-0.1028183974308299,-0.024127504205214,0.0304234779206395,0.0877968258569853,0.312317926998955,0.329191226011356,0.3284587990021891,0.1016701709344177,0.1610980226158945,0.3692069406943156,0.224006502060722,0.0683933920093983,0.1375320396471308,0.3944381752738202,0.3253182963477201,0.1994396867318499,0.3184752703851419,0.0594337666911957,0.1013332829304327,0.2854713036980162,0.1942192679003321,0.0294265509685395,0.0915339552568987
PANAS_Q8,0.1020648327241003,0.0157173553823879,0.2155560116278507,0.0529085216691633,0.1088468914461344,0.1147944743586453,0.032748277343183,0.0256008427806003,0.0538687947488594,0.1653396113027668,0.1054473818783879,,0.1214663481018971,0.1039227686266125,0.0180690500287902,0.0800788920401372,0.1397609270197818,0.1320596395097266,0.0526390017741092,0.1226958368711393,0.0147259712665188,0.0260414385265812,0.0890846187465937,0.2365182572050707,-0.0017175229272578,0.0494907026287902,0.1532248318534573,0.0368540292831386,0.0065530798761088,0.2566422015624945,0.0006816047124277,0.2787583033131063,0.0475094295166861,0.1480839110158477,0.2543676737228,1.0,-0.0575932737884808,0.0709884820630641,0.1879371598743055,0.2404174325308405,0.22512132292655,-0.0720995412010165,0.1445664840385349,0.0995785108561186,-0.1317047998488356,0.15794782570315,-0.0849630447605744,0.2272400119232465,-0.2027088623328349,-0.1060683551173051,-0.0247242026452968,-0.1534401977524374,0.06766886731638,-0.1182267675266899,0.1517404225722862,-0.0094840565792573,0.320488682424898,-0.0635924753261317,0.1496279880996695,-0.001126091816653,-0.0189281484046053,0.0689830167797896,0.0989950496976601,-0.1002119599182058,-0.0374917576575702,-0.0172371664060293,-0.0198290104199514,0.1808037514981187,0.1484917264156236,0.0024054906850292,-0.037762989951886,0.0005850109866398,0.0813485423645422,0.0018567782777239,0.2009550662173683,-0.0031499372412533,-0.0078818154623037,0.0369156443917067,0.0933243203843247,-0.0018733790845087,0.0391423384741941,0.0520250166107049,0.3043683483039772,0.0555923903323051,0.0005080391921512,0.0048550483688526,0.162085225367337,0.0820210809169559,0.0492717926160926,-0.2152907703182029,-0.0391314288691243,-0.1006321461583937,-0.1151380946010481,0.0097282360320798,0.0592081402917408,0.2969674113252464,0.3097239972455606,0.2908954483658659,-0.0184821612462071,0.0713582074400846,0.3107779825081272,0.3014754584199416,0.0701263465518639,0.055649058987805,0.3144112797639012,0.3403104147126505,0.2813383811016247,0.3032209147146799,0.0620082757124997,0.1172179310253057,0.2303151126288893,0.2120777645544294,0.0343325867957948,0.1153211463867702
PANAS_Q9,0.3732843038404115,0.2591860709120741,0.2483862251226078,0.0843112922366249,0.3397345208320804,-0.1377447812507847,0.3114105996958509,0.4288115043028597,0.3422344500789541,0.2335978618695596,0.37424006113842,,0.10991653023396,0.0886440198027038,0.1492982477778131,0.4494125467464505,0.1471635467161117,-0.1744741486220338,0.3891839921973486,0.3994560021349217,0.0753229631789216,0.289577242367264,0.45026455679023,0.0299803420367034,0.161896575094583,0.3050705734820814,0.1964553230290045,0.2982073730053201,0.5016713964047368,-0.0045899239196867,0.5097102943754022,-0.0613935970583373,0.3100338515732164,-0.0002469587258521,0.0518361567356032,-0.0575932737884808,0.9999999999999996,0.2968972110580483,-0.0203932262936514,0.1327144692833488,-0.0539423362021636,0.4662379826117537,-0.0477955587627762,0.1550912383125298,0.3830922274328167,-0.084377656658722,0.5328900402736692,-0.0724128930276068,0.3028907226927093,0.134895967484636,0.4495890983390241,0.2340826040092818,0.2929642324312296,0.3135004521066311,-0.0295883969399669,0.623920522419203,-0.1191202759440397,0.3995701264544434,-0.0881741538853117,0.5823309095714286,-0.2409430900422057,0.4662226131752292,-0.2034838553193899,-0.0689212269314777,-0.1655445017692677,0.3835396036608928,0.3206389621981831,-0.0710620980357585,0.2616231450364737,0.5094967651874395,0.4990793681156339,0.4961344767952564,0.3930704279892036,0.562780230600767,0.271829710478907,0.4947056143352075,0.3918273891806801,0.3783219210855645,0.3489764088087686,0.5575246906075031,0.4886679880027753,0.519121037031147,0.0598634494588807,0.4441064032969941,0.2492664139957696,0.4123776835258047,0.4499326754793655,0.3998213846385426,0.2885161036975931,0.5161140471117134,-0.1527819891024442,0.5483697254019386,0.5573292105917445,-0.0838094785090739,0.4553310749970117,-0.1210994562946087,-0.1253038583843282,-0.1070696925810965,0.4763194552166866,0.5030385188281057,-0.1272408397354383,0.183929809837527,0.4794801513427997,0.4952679719293025,-0.1481365612722736,-0.1073601403227759,0.3244315555191366,-0.1749551235208295,0.4384558152194718,0.4084870411452185,0.0209669067129851,0.1854461884180256,0.4456186864838307,0.3689806014110882
PANAS_Q10,0.2001227133853172,0.1183215956619923,0.1585678822297568,0.1493200444191021,0.184359793510382,-0.1197272633897524,0.1162832525100181,0.1821328150407762,0.1503290114268346,0.246565991489989,0.1795295073153853,,0.1635118306170798,-0.0188468147617834,0.0665336940425987,0.3721604361963405,-0.0242949446466427,-0.0970487505855933,0.1776672288014899,0.1984248268256031,0.0092577286766784,0.1554907370691008,0.2093377202803716,-0.0382506939221668,0.0843306455904292,0.1246642932748645,0.0219440175945249,0.090241199308104,0.280611312130003,-0.0434786396693402,0.2605905690312066,-0.074612217170406,0.2850546988607681,-0.0347801862932501,0.0345492011367874,0.0709884820630641,0.2968972110580483,1.0,0.0179075894598721,0.2292180105338607,-0.0575014217939897,0.2422936910016123,-0.1468056345494645,0.2636842387146949,0.2724189882314105,-0.0605384119943678,0.2193143072856694,-0.0493297917380221,0.1176463243862555,0.0846935907010849,0.2362456272498522,0.1338244643951071,0.1621178626961021,0.2377126973977017,-0.0306047479126273,0.417497333020798,0.0075368571880261,0.3026419442961952,-0.0732208356051608,0.3376901058745929,-0.175200542031559,0.1554979153164388,-0.0842966020668774,-0.0225237839173042,-0.0998911499425232,0.1311161553947092,0.3512220041007181,-0.0383504547918222,0.1925314041318823,0.2739828787317352,0.2043089849456612,0.2872301845553371,0.2401901373761635,0.2884329835727945,0.2953383179115924,0.3159471774765303,0.1049912442554572,0.2151192433230433,0.2944142440333355,0.3221191267432358,0.196438948967049,0.2710683761521048,0.0650309628841017,0.1883304983530068,0.1108502252242353,0.1836157800880106,0.2561843350762122,0.2189198086210014,0.119477076426407,0.3173487784314055,-0.0705578471167766,0.2563293222323278,0.3418573638921445,-0.0029962687330933,0.2669141498095367,-0.1443731319027133,-0.1459832432854607,-0.07877709683831,0.1866513050514766,0.2468664462525519,-0.0657445406662864,0.0835147654492921,0.2536390747536175,0.2406320841871559,-0.0518174342778177,-0.0614305562345621,0.176726654565983,-0.0735738014852653,0.1739160449642995,0.3002111897266776,-0.067569346201894,0.1656296694123311,0.1539579913073631,0.204801182315932
PANAS_Q11,0.2584886004632435,0.1124386047130114,0.2757950173827627,0.0424671303421963,0.1717058129170236,0.5109589857847703,0.1224187938688284,0.1049811826242032,0.1848101563661552,0.3310918960047321,0.0975922608584302,,0.0724331495903791,0.067553138912027,0.058586317018415,0.2113553385070465,0.4068415347517752,0.00590044697887,0.0888562221779138,0.2069562768210849,0.0616517285074011,0.1131927405983974,0.0843040793070127,0.5772331334548642,0.1175687746603786,0.1471147841585162,0.3359387371560492,0.1028508896005392,-0.023638946718987,0.4011600859441869,0.1021931402708767,0.48056620406536,-0.2926739127465815,0.2587885381618567,0.2775291658855394,0.1879371598743055,-0.0203932262936514,0.0179075894598721,0.9999999999999996,0.0366692659607803,0.248082521054498,-0.0555832701383093,0.4854659675033764,-0.0033505698971582,-0.1714802153792857,0.5343601590373739,-0.0438651355994378,0.3999485595594008,-0.2327263258188761,-0.0524319665462818,-0.0410790640667355,-0.2448738518811145,0.2156955333255367,-0.2340822265711262,0.7023562170654998,0.0382748130345534,0.2115039330988013,-0.278896286397005,0.5397932219562164,0.018724384391141,-0.0364350990010166,0.0581721630036446,0.0988332060374592,-0.2327531741482001,-0.1451625149440222,0.001964875020486,-0.0776379094354436,0.0521120338261877,0.2677137416175268,0.0700606882168987,-0.0505651548986613,0.0901270585887716,0.0873570912208768,0.0358255271812363,0.3060519464024893,0.0256020522410244,0.0111642244860321,0.1004534975959365,-0.0346435472282947,0.0862867392759065,0.1060639929228855,0.1299685531233069,0.4102083710729335,-0.0303494780435991,0.1055647463057345,0.0578555348414362,0.1301168987815962,0.108552255179119,0.136494532446467,-0.1308246790394179,-0.0870863023191679,-0.1059962925935085,-0.144116738788889,-0.0786308325725716,0.090780436824692,0.4857855951747383,0.4418424546979759,0.5333390128907272,0.0472864234632251,0.0466019881845447,0.5224674926959045,0.358754815556713,0.0798532308305735,0.0963603281819873,0.3378175134187019,0.3675449287461713,0.2611046713627989,0.3605385077173959,0.0999784666970143,0.1400593731165276,0.4499772171932327,0.289074159711693,0.1010608031360313,0.1114584906583417
PANAS_Q12,0.2880635848344509,0.1263188147540402,0.2370259005108271,0.17629519300375,0.1141843199155783,-0.0435758073809976,0.1388489181165662,0.2536371347937812,0.0973039237259673,0.1931424230378386,0.1463891589975258,,0.2313530025996072,0.1434134902675208,-0.008753713794679,0.2974157966059252,0.0270210569759644,0.0017592383516565,0.1818868725282474,0.2338266680676606,-0.0071341292215351,0.0952786047412805,0.1618802724929054,0.0898131216295628,0.0602242550110131,0.1245472586558952,0.0411282793738108,0.1586745852802257,0.1846503165257791,0.0636406112334712,0.1290257858275831,0.0311786683942069,0.3468402568274651,-0.0076812093045232,0.0752736661448473,0.2404174325308405,0.1327144692833488,0.2292180105338607,0.0366692659607803,1.0,0.0508183581272688,0.1044116564735604,-0.033707879039304,0.3498231902649337,0.195740230124311,-0.0068467866652411,0.2432149035987701,0.0717311343067969,0.0289534946574152,0.0149197470223227,0.1861768001261072,0.0164633750656104,0.1170073541683804,0.1358731061415907,-0.0129429965587149,0.2463342973828184,0.3825066827165531,0.2814326281091083,-0.0181345903936905,0.2195515639510774,-0.1282787748351769,0.1261218140436551,-0.0219584962006207,-0.0424365306569535,-0.1131033310795816,0.111745352548926,0.3612609307059003,0.0718085854723816,0.237610788027645,0.2593779362310775,0.1874210809129879,0.2107566397136258,0.3192874249244883,0.1799456973303628,0.2729195209809535,0.2448763007755438,0.0829922306882076,0.1404664723382575,0.2400859351289838,0.2326801953943933,0.1606561466567597,0.1936124665832931,0.1222587202374178,0.1560419536389857,0.1118152740881797,0.1623740753435121,0.2093547921341228,0.2044526818173385,0.1048211508737861,0.1197065673230969,-0.0845165362771492,0.1917515189857466,0.2153118708905596,-0.0276226307034287,0.2029849728264002,-0.0046173381239455,-0.0106782752483672,0.0230316594862587,0.1446782400502779,0.2487624261587946,0.0425690903554158,0.1420646585834876,0.2156524921406835,0.2628553808305967,0.0897054398537034,0.0632215074250804,0.2670659208732452,0.0016793491584558,0.0975703898150343,0.2808224760739227,-0.0236093061522736,0.2300657944098447,0.0955156942611557,0.2550690134887014
PANAS_Q13,0.1439576612675964,0.001239077148584,0.1965092675494932,0.176962190744471,0.007081735254467,0.298597335866217,0.1123083879650718,0.0627359337326784,-0.0566864044089174,0.1183678640565551,0.0038196334158136,,0.0581341310816283,0.0444902960608299,0.0183193841912484,0.1353677985096301,0.2012191733753549,0.116271288457032,-0.0372072219746882,0.0877842740065472,0.0149299893901896,-0.0157807216386967,-0.0282060359770016,0.3525797450935817,-0.0198652402325496,0.0347024725892807,0.1504811883730273,0.0277204710383181,-0.0048854542944089,0.2984953132456978,0.0642411265763436,0.2927087592827075,-0.1076590344495367,0.5795986879341049,0.4079057887378585,0.22512132292655,-0.0539423362021636,-0.0575014217939897,0.248082521054498,0.0508183581272688,1.0,-0.0701816136139133,0.2942535262269003,-0.1351085136766539,-0.1351789489301821,0.3290250003766908,-0.072075505554903,0.4286295905528248,-0.2744242793162857,-0.1592489420957026,-0.0425788190040322,-0.1732410067661473,0.0986195980798227,-0.1790203478117185,0.2876018601650001,0.059534012623962,0.1673455100601065,-0.1557601475586743,0.3523365200314304,-0.0377089628108426,0.0440348980451063,0.1386414571752719,0.2306597220815806,-0.1358198622756268,0.0303687205052618,0.0295670975773929,-0.0939547228548816,0.1380933743262887,0.2486811488008719,0.0259802377627684,-0.0295984474927133,0.0574153729775931,0.0993375794967647,0.012042040784268,0.2831149406646621,0.0107808926901942,0.1080504921436696,-0.0131542388218054,-0.0499622254584676,0.0219957937364295,0.0201210030960086,0.0469107993906485,0.4874948378459107,0.0270586437202202,-0.0184569517400946,-0.0419218866054078,0.104040777187344,0.0098451112320315,0.0404392916904026,-0.1737369756245188,0.0591470404751383,-0.192831229611945,-0.1401475820380908,0.0372938913770053,-0.0099510846322436,0.321452628358557,0.3536294618373736,0.3521272205221383,0.0499517476324759,0.1685849710065233,0.3920276178486028,0.248547903820657,0.0330671641855727,0.0612207420972599,0.4060281466898491,0.3731792827980787,0.1901976711453067,0.3670669774389136,-0.0018225835125474,0.1021181129885328,0.3283909339799236,0.2320678064036568,-0.0048934399907927,0.026880396899925
PANAS_Q14,0.3200695095403922,0.1806756323645982,0.1649841630233935,0.1473714572615994,0.1857493253231163,-0.138123224448682,0.2432827284339479,0.2424375608845305,0.2221577595881919,0.1593631113081574,0.2254219697244376,,0.1312011060934287,0.0804020549189508,0.0834474392731078,0.3534474732610254,0.0103544124092348,-0.070884154442086,0.2139487727826576,0.3607246658163371,0.0534884405266818,0.1852559966563165,0.2706474247068143,-0.0515864459708727,0.1149662063592766,0.1449070948220502,0.0946885175738843,0.2262882790734448,0.331055245617986,-0.0943860577997455,0.3841401339404746,-0.0605681064986803,0.3284869755789197,0.0534733469547241,0.0075484032270871,-0.0720995412010165,0.4662379826117537,0.2422936910016123,-0.0555832701383093,0.1044116564735604,-0.0701816136139133,1.0,-0.10235211745614,0.1299879210563763,0.229938728342623,-0.0849865654573388,0.408655768439518,0.009340112441606,0.2631008669043833,0.1504324979048353,0.4159288174186754,0.2532737883336007,0.1636521252273546,0.2655286347514874,-0.0546530887539575,0.448997415568528,-0.0234512660452102,0.3344191397527494,-0.0898912043528401,0.3885310974914522,-0.169888388774226,0.3074958118609174,-0.1442598702259705,0.0361758113243392,-0.136179516679295,0.3375654217004554,0.3302026544543079,0.0140381106451515,0.3301683496146914,0.3452348783641671,0.2988683491425492,0.3051549262297826,0.3000185886837862,0.4186707895419955,0.2415770139750189,0.3921951423954013,0.2556634402069135,0.2446750609490156,0.3331326122061478,0.3762373840262384,0.3301434581691118,0.3568243601140741,0.1366918652594092,0.2864720682239059,0.1829304143338842,0.2147975668780474,0.2672041871451277,0.2297939239368673,0.1961141676651193,0.4585382130859549,-0.0263843814007421,0.4452383987523272,0.3956297989593614,0.0374538948329322,0.3596208348850203,-0.1100456849712228,-0.0766437734390178,-0.1178665875326838,0.3694738069232666,0.3263895662251803,-0.0991572730522001,0.07948094182146,0.3004560427072037,0.3856455445380011,-0.0992230558460018,-0.1243762444282977,0.2520321157125756,-0.1446509366045358,0.3184308185558124,0.3166759281092038,-0.0691291216293854,0.1621985386977401,0.2978042865657755,0.3721498976992987
PANAS_Q15,0.2161412280898652,0.0956908632283329,0.2124137735906741,-0.0016586101528549,0.1440453088239639,0.623340215853614,0.2206976022886864,0.0793640214001163,0.1298073719342679,0.2650347362963983,0.1386092766807206,,0.191863311443939,0.048495454464199,0.0662829526297742,0.1115924518409341,0.5145893821390144,0.0051262012070288,0.1012667674320571,0.14468761619357,0.0239102657850028,0.1567451338430036,0.0999677318350693,0.6758069410917489,0.1161076243901682,0.1092686037827305,0.2731106632992641,0.0569724617038612,-0.0733050332791301,0.4211770339139714,-0.0037013233372897,0.4509098342338845,-0.3097349052468098,0.3171723606345408,0.3432083438028733,0.1445664840385349,-0.0477955587627762,-0.1468056345494645,0.4854659675033764,-0.033707879039304,0.2942535262269003,-0.10235211745614,0.9999999999999996,-0.1313695688161517,-0.1028986508502076,0.6335430304730449,-0.1076799797230804,0.5201760492111074,-0.3643118564517195,-0.1158409949057187,-0.1824203913748436,-0.3630971851579672,0.3071027264600945,-0.3082537296853619,0.6867763630635073,0.0244661974985559,0.2349574125440779,-0.3030119699773532,0.6337579391805109,0.0170916850462612,-0.0160821117197906,0.0919552167130758,0.1307824873581904,-0.1293162831891847,-0.0864269282180853,0.072937494500467,-0.2731420560518506,0.0457177385785786,0.21110659155808,0.0869262226681091,0.0243164010496245,0.0329155055687381,0.0781211684382304,0.010607678359964,0.2012049069938082,-0.0088903994509721,0.0189896046618112,0.1235146860502845,-0.1121521128094724,0.0178683107493253,0.0720779743487876,0.0743604574431718,0.3968049317114783,0.0337793293530534,0.1253780230335692,0.0506860506087656,0.1532411742605894,0.1480888449854909,0.142225114265569,-0.2040521813878227,-0.0912325011490198,-0.1394141138998538,-0.2012785105711685,-0.1094974589783113,0.0496497401344146,0.5109233927666162,0.5000856834138596,0.5614516488701615,0.0467102069513494,0.0879364529170305,0.563884258029919,0.2976223900292883,0.0597770107460957,0.0745762863059324,0.4258451116436195,0.4560401794618941,0.2033747484697211,0.4453146122120969,0.0950969773664923,0.104558285534144,0.5346215141566854,0.3054587216740357,0.1041500340853239,0.0877633448849159
PANAS_Q16,0.1562749570105228,0.1209292077781251,0.1665259051669914,0.1326851712767555,0.0933543555231914,-0.1673928758243401,0.0220560759954474,0.2275406536057586,0.0706830938157213,0.1226784202285141,0.1070041931669676,,0.10885364543993,0.0534319978523543,0.0528008387355525,0.2172012895252872,-0.0408146581809936,-0.0076927892741856,0.170793075257511,0.0453766935119289,0.0710333437473057,0.0979190059319707,0.1061069486551774,-0.0827099862211793,0.092491050989173,0.1177325514412256,-0.088318150715601,0.1642514432516945,0.0886126367513769,-0.1387199501674814,0.0779418603292967,-0.0899187618813003,0.2593485749854784,-0.1669934592418313,-0.0108310170541791,0.0995785108561186,0.1550912383125298,0.2636842387146949,-0.0033505698971582,0.3498231902649337,-0.1351085136766539,0.1299879210563763,-0.1313695688161517,1.0,0.3433927232695578,-0.1246174572198248,0.3022195142189587,-0.0224407738996773,0.0847992433447907,-0.0050982841321712,0.1438504045106044,0.0708560876632934,0.0191088405156067,0.1755796436789075,-0.0489057250364312,0.2190434632271674,-0.0211648314556829,0.222499913703544,-0.1141844344532381,0.218912932321408,-0.2040782980451429,0.0556529954260455,-0.1157453977353466,-0.0977086877490791,-0.0976754833791659,0.1088449196787262,0.2598445322607972,0.0038171747794948,0.0991214381180219,0.2332425465083841,0.2027495929224706,0.1645422834000537,0.2865186830830715,0.1872557635539835,0.1783986643715926,0.2026738530998663,0.0934994676453548,0.1015838850277105,0.1445296881115033,0.1918214850456245,0.1436160250748949,0.1139983355540448,0.0196905923108255,0.1346626234755877,0.1017112802151175,0.1393657533478737,0.1311772863558543,0.1534219859636597,0.0888683850958125,0.1745028579645188,-0.0342162266797697,0.2784144938805726,0.3161460605360042,0.0481174875968343,0.1860009324660542,-0.1371791988829314,-0.1093192472730482,-0.1244893142989191,0.0991666623547283,0.1213305602805428,-0.0776822891796826,0.0880039148109641,0.167897007001147,0.1792995949074375,-0.0947531994604347,-0.0945173633497664,0.2096895767682477,-0.1143985840208108,0.1132479008709988,0.1911284446615769,-0.130739760335549,0.0794228918388091,0.1215672171865371,0.2418629557864059
PANAS_Q17,0.2346948205325433,0.1498392941085779,0.1964088600772172,0.0903238816201379,0.2179831797848206,-0.1696455477364745,0.2058929998952529,0.4187254324918245,0.217757342128009,0.1182271461622147,0.273680763421571,,0.1763042330954949,-0.0360495373805863,0.0391149590533913,0.3000832675954646,0.0166860223402793,-0.1045499432933334,0.3696092201598171,0.1557824641131702,0.0318780324473906,0.2411181552506285,0.3286249211379616,-0.0656146986335932,0.1038144571897493,0.2175164176215347,-0.0066900705845761,0.253108798867333,0.3293507684242323,-0.1371696957619678,0.3033902770436356,-0.1742831613129795,0.361246441462812,-0.0633660330806806,-0.1127441927145487,-0.1317047998488356,0.3830922274328167,0.2724189882314105,-0.1714802153792857,0.195740230124311,-0.1351789489301821,0.229938728342623,-0.1028986508502076,0.3433927232695578,1.0,-0.1379756523978588,0.5121858427357,-0.1269051953655322,0.3580329324843089,0.1113510228965135,0.3402759251423336,0.2472499263491286,0.1713544555825027,0.4200992796349455,-0.1073270312750798,0.4251089352993835,-0.0796490472647354,0.4449957697808162,-0.1453112138983873,0.4841255609291055,-0.1784793703088906,0.3389255170236178,-0.1753698641485079,-0.0727744397048966,-0.1369066794904123,0.3802787119719784,0.3028235389802618,-0.0832089490740028,0.088336717503914,0.3843113191156631,0.4807440946417758,0.3826664508328692,0.3420713505603941,0.3974392368294033,0.1692002125156003,0.4564668263204722,0.3408330685187941,0.2337619660285401,0.2185739309163706,0.4310172365091364,0.3374313929818339,0.3294526798436437,-0.1050575915919378,0.4135380102861696,0.1676660580274415,0.3356386128836737,0.3124432059079954,0.3039452445923696,0.1890809819105529,0.4310511667806062,-0.0645689503364811,0.5155732390931778,0.4746161757820739,-0.0777768850271045,0.4248907532174752,-0.2135198481261923,-0.2418253613276915,-0.1820791643756431,0.3952290814392911,0.392736743153061,-0.2036229876436749,0.1030746030733318,0.4153087359327522,0.4067501166157109,-0.1842701931254837,-0.185701127115058,0.2096965611934644,-0.2385111171630942,0.2941440021077713,0.3565349986902159,-0.0634549266171259,0.1496345164572051,0.3026707665182622,0.3193393503314132
PANAS_Q18,0.2479438438934366,0.1014540892431489,0.2476345087724415,0.0222507639193926,0.1409431933816907,0.9421037632717686,0.1649669627400418,0.0500879260538077,0.1398634052154803,0.3335256540419197,0.1458747082371523,,0.2305399661089469,0.0908191988251665,0.0600492996533455,0.1397099109168872,0.5088993951181613,-0.0326574437197137,0.1032971630589587,0.1765877007317795,0.0349271109371872,0.1551412188629797,0.0538547403206845,0.6175521240009123,0.1202466704068336,0.1375642501297752,0.3139113939035011,0.1253366148223609,-0.0337548307918808,0.4713422781468415,-0.0052905370799209,0.5567358155711077,-0.2532310818956135,0.3686011958376265,0.3285896245416111,0.15794782570315,-0.084377656658722,-0.0605384119943678,0.5343601590373739,-0.0068467866652411,0.3290250003766908,-0.0849865654573388,0.6335430304730449,-0.1246174572198248,-0.1379756523978588,0.9999999999999996,-0.0773634732864069,0.5886915293770061,-0.3533188000046777,-0.1526319028270225,-0.1527686238507905,-0.3696139374186897,0.2354543245093857,-0.3385535645905417,0.7800079302266127,-0.0144560741789193,0.2447065169333533,-0.2958979816877576,0.9732160957905768,0.0084401091028428,-0.0466949007870483,0.11442872770921,0.1729792966798937,-0.1311808055064343,-0.1127058556444257,0.0536491596247587,-0.2289313210794033,0.035587102897561,0.3199493109201057,0.0809339271804336,-0.0390511977311551,0.0597973556986243,0.1159796981968705,-0.000896371736058,0.2754416656521597,-0.0164253298019322,0.0656527858937411,0.1147089925855885,-0.1167150948246478,0.0320699230693068,0.0599610207805601,0.0613677141936882,0.4389182615019276,0.0114238313177996,0.1270122802012464,0.0365554290579961,0.1489766694257667,0.1447865369386079,0.158230450790548,-0.1754344432566871,-0.084219522504752,-0.1448326486573132,-0.2080688552061597,-0.0641544791191579,0.0576434264118604,0.5263392768930123,0.6781928607911845,0.721056138985928,0.0699761736859474,0.0996248956166675,0.7046214450842919,0.3826211795933711,0.0688932397971613,0.095734461165275,0.5011392676006268,0.5379019589307303,0.2604419690506743,0.5607172160961988,0.1371397867728908,0.1235146308618575,0.5591533453170744,0.323014582027836,0.1454987188352469,0.1635377992724404
PANAS_Q19,0.432870230010263,0.2872546063049051,0.3606726695847039,0.1526218928648975,0.3244659715801873,-0.1280758798013786,0.2760086058868479,0.4398259395069384,0.3161544832652166,0.3141915442727565,0.3318094001862599,,0.1967874009960514,0.1385356308556122,0.1646395709201086,0.4485819211999691,0.0784005895546227,-0.1873826294957464,0.4139299911816025,0.4164048120042575,0.083768882636315,0.3359951048496885,0.3765789080714087,-0.0069842739972833,0.1981080489592688,0.3218655154254044,0.0692022880399837,0.3595713335856284,0.4679535474273223,-0.0875007932286364,0.4739111283601708,-0.1179657505619299,0.4330923798854822,-0.0205063944668315,0.0175467210299828,-0.0849630447605744,0.5328900402736692,0.2193143072856694,-0.0438651355994378,0.2432149035987701,-0.072075505554903,0.408655768439518,-0.1076799797230804,0.3022195142189587,0.5121858427357,-0.0773634732864069,1.0,-0.0336836592910809,0.3576089911880335,0.1647847176575176,0.5326342694673171,0.3274094839237595,0.2419135838401577,0.3788609867386792,-0.0007844161530244,0.5588861390791583,-0.0640110890225105,0.5220197018029717,-0.0741908338094804,0.5787712222177762,-0.2358219187138881,0.4363342886262157,-0.2277370071981717,-0.0957109841437799,-0.1990122613100878,0.4669719261130245,0.4063661920281107,-0.0919769621745456,0.3091179727831221,0.5795653960740588,0.5010468426939462,0.5304248250759744,0.5349520842602495,0.6059150454001048,0.3391643689560453,0.5997045032577577,0.4334501350722241,0.3508577913289729,0.3331632026439833,0.5877410286156891,0.5243902089778564,0.5016701684093847,0.0322875110146008,0.4806477394195436,0.2765820505379552,0.4098707759308422,0.4224085436686667,0.3973266993028563,0.3199693682309335,0.5352605279638624,-0.129862424342374,0.654295154582919,0.6734679511378432,-0.0308768637676539,0.5521364873208738,-0.1967398506984562,-0.225828046352454,-0.1312607000610053,0.5476751569078455,0.5603412695608999,-0.1322871742419817,0.1571379228953132,0.5915250200314196,0.6082842916483435,-0.0701514462018477,-0.1336535439247669,0.263292024678537,-0.1956419218275946,0.4198539040032932,0.483695851951644,0.0146860535798241,0.2743869813528323,0.4344473192769013,0.4970348080219172
PANAS_Q20,0.213412076217947,-0.0270993341919696,0.2182824462162701,0.1411306541509999,-0.0191267564855138,0.6043612796167306,0.1596956415359518,0.085732567119985,0.0174864009350726,0.2458099349271088,0.0388128508610154,,0.2310632901600987,0.2216719605180837,-0.0214269991573836,0.230101279753975,0.4999028216431949,0.2143799141086642,0.022771016637869,0.2264939621288718,0.0150705003103929,0.0399772516091002,-0.0234816429122012,0.5631563514733983,-0.0025707946643369,-0.0118294887715861,0.2223065782241005,0.0755496646693292,-0.0513627700688594,0.451104073887363,0.0065702712329255,0.4491895203202459,-0.1589281589038138,0.3562564881197037,0.5364824962109707,0.2272400119232465,-0.0724128930276068,-0.0493297917380221,0.3999485595594008,0.0717311343067969,0.4286295905528248,0.009340112441606,0.5201760492111074,-0.0224407738996773,-0.1269051953655322,0.5886915293770061,-0.0336836592910809,1.0,-0.335651834860439,-0.1329691777934767,-0.1037880485888116,-0.2990811889663898,0.1036060398583403,-0.3262625131748203,0.5372673055014341,0.0279936556529216,0.2674875811428051,-0.2001941072577417,0.6065152678675072,-0.0066688692918649,0.0487305626618259,0.1007664261614063,0.2475835799493399,-0.1223557918930396,0.0168498411457804,0.0620987871125328,-0.1260928725885434,0.2553832875950612,0.4477772515086137,0.0609358455973179,-0.0117283937026334,0.0426248664253223,0.1600186193508709,-0.0063039027527541,0.336296741848112,0.0090160243638451,0.0546428351458587,-0.0216576807919551,-0.0423298827787483,0.0418957243147684,0.0380421021300993,0.066685560387712,0.5801938349992659,0.0438318514987238,-0.0367290076109566,0.0022417015081213,0.1334255798113131,0.0384511902687296,0.0312152014649735,-0.1411580383030687,0.0597036922494473,-0.1528648457615279,-0.1453603935009196,0.1141852887990772,0.0815363327479258,0.4492190189634494,0.5388557972318737,0.5381391521328931,0.0636728216804547,0.0973521614739711,0.5789950455015032,0.2908643862605657,0.062855371845927,0.0540793896842381,0.5961879176923943,0.5311996725747986,0.2381889649814189,0.5336563992682213,-0.020373377510691,0.1257632705532279,0.421273362017411,0.2995574831216102,-0.0146753074424421,0.0797422870130627
POM_Q1,0.5788238650898028,0.6463633471082336,0.5233246079073541,0.5346680287814155,0.6726181547486946,-0.2520064414500488,0.6833245397074743,0.640832937433919,0.6283249943033986,0.4480576702099396,0.6437053878648248,-0.2602215549560033,0.7394575686160838,0.6016196132666398,0.1797486505939427,0.7329703011026352,0.1601827343747606,0.2148231739170396,0.575529518946235,0.7091250752246718,0.4579104889079617,0.4817825490151127,0.6948599874395123,0.2582543781043958,0.6124134088359445,0.6866125059786163,0.2027314411339973,0.6864039882019307,0.7553499274324226,-0.6249047973777881,0.476528987620568,-0.5288867816954251,0.7247466937515887,-0.6507007042215667,-0.6149661980792858,-0.3688620432115889,0.7914087098681285,0.55441621287634,-0.5450464809545842,-0.2035373783906723,-0.268889108218599,0.8005959617908261,-0.4388512413804665,0.6848335437686413,0.7456728554980278,-0.5482532014141565,0.7186822750128689,-0.4625815460237029,1.0,0.8420162447581447,0.7673110021539069,0.5840328050200224,-0.5339532671229744,0.6717840549976428,-0.5440599015651388,0.7433359726451354,0.1538905090207743,0.8401172809270834,-0.5519087930570011,0.6836772794172022,0.6717325019205996,0.7400997883131355,-0.4229878192445695,0.8286795873210315,-0.3803530443296969,0.366829787627669,0.8509144542554292,0.6786005142369582,0.6632994212544159,0.3687644159775265,0.7249135887771465,0.570306533505438,0.8127447452334792,0.8328492262059635,0.6733057028426115,0.8098759131662825,,0.665838741020399,0.597416917649823,0.8558188034403256,0.7981291110539797,0.8592253274750147,0.4716985003636722,0.5222915816295288,0.1254831984457756,0.8661685308950267,0.4541668563903622,0.6968282887797319,0.4817142891949843,0.8045564131531613,0.7201835935273431,0.8151638408668751,0.7919380042099973,0.631520426809199,0.6795629806334804,-0.0085582090597829,-0.3307094345893082,-0.3533292072191207,0.6522500802083436,0.6007568993728528,-0.2304252648918462,0.1760461964938686,0.7188142189770483,0.652095671293598,-0.3847949349652203,-0.3650050117809162,0.3247894922066268,-0.5440262219653804,0.6211987565048711,0.5626605090164984,-0.2423785082946699,0.4660420377712412,0.6884939945728925,0.6497897559002414
POM_Q2,0.5927770022173832,0.6034686233571662,0.5364651642424554,0.5302598212701499,0.6177695987509055,-0.2878205025861723,0.6993488165321019,0.6602737577325863,0.5684081761332577,0.463555073882315,0.5812851658216799,-0.2141176804638999,0.7060417564944749,0.5447607486326322,0.1469401947257574,0.6995327371394165,0.1343603788724823,0.1998513171718327,0.5401260078066925,0.7242496770504416,0.4301264369478909,0.4188949590052448,0.6388258640250091,0.2199216233558893,0.5588032327292944,0.6595561695950675,0.1848016043963148,0.656662595808487,0.7372004931789042,-0.668333406314191,0.5083000539489346,-0.5919445542388466,0.6841298726175653,-0.6601832642942045,-0.6975091889217331,-0.3316321014827365,0.7428481709031393,0.5870078086328967,-0.6032041102111263,-0.2740718979645392,-0.3353953832289629,0.7315021447400744,-0.4985597304786192,0.7188046875946716,0.7326566180637609,-0.5953555964828445,0.6591226556024767,-0.5142149072104816,0.8420162447581447,0.9999999999999994,0.7954003135900753,0.6769837483519731,-0.5396572132170594,0.6862744627611153,-0.6053334637054815,0.8175122889067357,0.1157502031584074,0.793813351310053,-0.6141931290011133,0.6030201394817559,0.7599588506453177,0.6873501695058247,-0.377126241745757,0.8307698005238642,-0.3512217450087867,0.3231089274503119,0.8409499880277553,0.6590537911269476,0.5578216648808023,0.3192460397227893,0.6134090725646084,0.4891425294609026,0.8485282789517161,0.8081766550670263,0.6980995868385368,0.80057326894916,,0.6377483865951084,0.5142888177310786,0.8085991412530515,0.8059119184617067,0.8066673008268461,0.432580858106589,0.4765244600281749,0.1271628885914476,0.833379143856514,0.4419892047235457,0.6183575615751996,0.4288891512398355,0.8286065991207593,0.8105327547448633,0.8444581532672328,0.8284187635779645,0.6591411532316486,0.7071742310850271,-0.0132345439009699,-0.3927917487659462,-0.3757943036159989,0.684145311508201,0.6099805081259617,-0.2589733500708274,0.1900575099111054,0.7894534338058188,0.7071566667039098,-0.44032269368737,-0.4331345288571628,0.3428531272788984,-0.5946427227375655,0.6716797536829362,0.5634183860091249,-0.2396816610774391,0.4612518520128035,0.7490939686910272,0.70351271988003
POM_Q3,0.5895816359376178,0.5839679881032924,0.5113933272926137,0.4796558355885817,0.5878698546138758,-0.249455307837799,0.6451743901735367,0.6389768169638069,0.5497272584977391,0.4345498397857701,0.6190698080308714,-0.1550523109481606,0.6562136969609339,0.5607490297974191,0.1118705766400619,0.6609465007671795,0.1297619580071566,0.2025212668314804,0.5492138235237771,0.6610241457456925,0.4088392626261434,0.4003871624118463,0.6708491912573282,0.2404127142029389,0.5494888474861861,0.6111792589360223,0.1509862369687035,0.6387794265697977,0.7403808648851276,-0.6545420153082359,0.4837193756233007,-0.5978725691656912,0.674788890823431,-0.661182220904035,-0.6680592263978666,-0.2670545758084086,0.7223785264564325,0.6043753469098376,-0.5740402613010723,-0.252206724363546,-0.3346905437452693,0.7144341516503722,-0.4546714428600978,0.7108416606229201,0.7187530668903523,-0.5649881651063213,0.6953087618249789,-0.4806689350597584,0.7673110021539069,0.7954003135900753,1.0,0.7250776535112513,-0.5511650816412614,0.7096316080131204,-0.5553087777515751,0.7887979085528877,0.145796081277268,0.759600879313633,-0.5577473214371653,0.5356940063751378,0.7541006449270207,0.6581741151533069,-0.3692415199295561,0.8211641481925429,-0.3291926388336489,0.3382299742258999,0.7860526292591763,0.6508625737133193,0.4932119684913493,0.3333855043074515,0.5906128659458632,0.4993283884352748,0.8295556277105641,0.7358942227266012,0.6471920708170655,0.7627609367762882,,0.5789246868431134,0.5101771728595372,0.7602930879974324,0.7252757437422279,0.7705803894485836,0.4530267070648407,0.3820565436810193,0.1454327239102846,0.8187332098272494,0.4074912828019215,0.5666666874753673,0.4378480061719881,0.856993882542893,0.8124472773400565,0.8544553023960921,0.8484198473513168,0.6212592251616605,0.6746501396080364,0.010416324396651,-0.3531382028557313,-0.3562742957499502,0.639665482944442,0.581104596852951,-0.2802869842779746,0.2120616539817563,0.7252152579113061,0.664460949983892,-0.4119712558854542,-0.4163669359263168,0.3325376201529344,-0.5855824349488923,0.636951828276437,0.512088781679661,-0.2365707942950501,0.4412258652079128,0.7003990121044923,0.6538082072644287
POM_Q4,0.5120776975754537,0.4465894655814577,0.4506049183703102,0.3869883095977017,0.4942082722036777,-0.2469508124370237,0.5731244973596551,0.5812287028362401,0.4483851461776651,0.3714724641586657,0.4830241950254587,-0.0718231149457092,0.5265062311899715,0.4403697543237143,0.0934693551318817,0.5504774040301588,0.0700163660733199,0.1021840988237534,0.412377218258446,0.5488326452312554,0.2660642648128031,0.2713886926841592,0.5554874546012947,0.142322009644565,0.4587561539123012,0.4822790464233726,0.1104589870690087,0.536870364887932,0.6236341577074116,-0.5906476422935318,0.4395615056916593,-0.5666912699242266,0.6149283067748883,-0.590755245506164,-0.5892051406709559,-0.2321320023934369,0.6035671387837807,0.5392132394561978,-0.5372823272047311,-0.332692633650538,-0.3286667178965303,0.6163171564830054,-0.4384395766177446,0.613981050580966,0.5793070017535855,-0.5285620676015124,0.5429261670026514,-0.4605923108666908,0.5786414970645032,0.6788336812008513,0.726681881206654,0.9934133005773984,-0.507643654308683,0.6832504499949691,-0.5465055747832921,0.7131782824498165,0.1561710349530624,0.635354232921419,-0.5192889222785778,0.4604938968524079,0.703939769598053,0.5176253658865254,-0.2377365840255019,0.7259980341144472,-0.2132340537155897,0.2103968264798661,0.6353781095038427,0.5248493616624976,0.3777947975538026,0.202806481673063,0.4404444761600061,0.3556129496898682,0.7203708390967865,0.5655165480444395,0.5750227364139648,0.6400805793509998,,0.4712898090131029,0.3651277472680882,0.6038894996190374,0.5713765497530991,0.5817689640051588,0.3693590227494165,0.2136620559247137,0.0637120338270544,0.6484977889547859,0.2884684214929723,0.4255736188361154,0.3228957048496027,0.7754784864195258,0.7675769470645488,0.7588811672964635,0.7696920446174631,0.5348710891009647,0.6361494980976037,-0.0432558708806949,-0.4188260025556166,-0.3888441368009985,0.6037971997748235,0.512631104715338,-0.2592962573400951,0.1841296353848406,0.6420068757445905,0.5995093415203228,-0.4345841798001031,-0.4778915624609313,0.2438447875282676,-0.5571341410886562,0.5915684690159958,0.4792313187803215,-0.2483565666405675,0.4002682148430667,0.670484332003024,0.6478072274574205
POM_Q5,-0.3494001052078307,-0.3986399923265998,-0.2913559067699611,-0.178785787353822,-0.4180400657877561,0.4867920744617965,-0.3754295409269294,-0.3743078233866714,-0.406367693345024,-0.2557631391985077,-0.454249438918591,0.1254487305494457,-0.3823452811283626,-0.1897056785155474,-0.0306289092490613,-0.3996433035192114,0.067376605149169,0.0428947450066483,-0.3978216625319232,-0.369203497014151,-0.1977727224617826,-0.2453337806302435,-0.5465172320879981,0.0896197906491106,-0.3252758230799457,-0.4541923581475599,-0.03152389318709,-0.4436872692261225,-0.560043633957956,0.5779978828035326,-0.2383363485970805,0.6815604535447239,-0.5175276659998284,0.6328337002163762,0.5759466836813459,0.2701357091324704,-0.4546055485723355,-0.320869717961857,0.583612288846084,0.3861870771563021,0.5140210620582213,-0.5116010426604365,0.5599379907367741,-0.4240827370125325,-0.5551319784120896,0.6288373378441163,-0.4145435830716963,0.6046649691759072,-0.5339532671229744,-0.5396572132170594,-0.5511650816412614,-0.5083179203670327,1.0,-0.5934663398990877,0.5906908090036487,-0.5124443213414691,0.0055349349726872,-0.5860546324041689,0.6295970758270779,-0.4116803863669596,-0.4780091396806853,-0.4564793449444912,0.1137201256928498,-0.6602393127457016,0.056157814177836,-0.1444001545956233,-0.5183635453450246,-0.3097056074890373,-0.2877781548760059,-0.055663866678285,-0.4595555543337098,-0.2582986098328039,-0.5607757292045388,-0.5162495313614139,-0.3728435312517957,-0.5242481274493347,,-0.3845790730180926,-0.3401115973489305,-0.5535490452875638,-0.5227728687381401,-0.5052533127290105,-0.1376227691800036,-0.1728908705979199,0.0079471671412678,-0.6043588324142,-0.1409872059782498,-0.371139455320263,-0.2465116599120749,-0.6191491837734548,-0.5499162067385133,-0.636166114574291,-0.6312887438213439,-0.3436115467345835,-0.482658136088958,0.116193975189406,0.4145893920619758,0.325566104874592,-0.4797734988481956,-0.3966714565910366,0.1650911308547711,-0.147131886112219,-0.4851531379947794,-0.4312790030285619,0.3639700603767818,0.4546607936922557,-0.1395113882416634,0.5229000275938488,-0.5344183622981795,-0.3359165120835091,0.2613115873024055,-0.2375579791634138,-0.5401664341423412,-0.4731607766883794
POM_Q6,0.5096890517890733,0.5053999490965755,0.4315880777551749,0.3682044287903581,0.5258966763445508,-0.3230701919571124,0.5816799053684789,0.5803471641214449,0.5188023937385187,0.4218977960362375,0.5284973723906916,-0.1291609992816894,0.5560500144040905,0.4053964643121598,0.0884512094403527,0.5514274900881591,0.0789713715007647,0.0672608595819167,0.4743774784144779,0.5829083297540043,0.3067415886894056,0.3410294056982224,0.6226056273137828,0.1143332373346338,0.4427791063381349,0.5030375406655545,0.112702659329917,0.5529988488494694,0.6575785281905873,-0.6411798216557838,0.3927777066132548,-0.6080034135680991,0.667696190836224,-0.648103599774811,-0.6615205557661998,-0.3651780931010773,0.6308908690841283,0.5150028826099879,-0.5924469289028125,-0.2759870075151049,-0.3181082774498309,0.6725935342809655,-0.4824437279573659,0.5965519099472664,0.6349766626047718,-0.5981917629194842,0.5913066415593133,-0.538120823117742,0.6717840549976428,0.6862744627611153,0.7096316080131204,0.6804583834440179,-0.5934663398990877,1.0,-0.5945651884236546,0.7042281556422609,0.1154048219594366,0.6970288629329386,-0.5879208080032252,0.5068153452810042,0.6700639193022543,0.6122300791584024,-0.2622563944445835,0.8057307216280748,-0.2967239367481152,0.3100021074329318,0.6922706368347034,0.5135845927856157,0.4179266232289266,0.2284870003597206,0.5591486631114376,0.4537074170640326,0.7551959287370925,0.6519566319888386,0.6066977635804596,0.6949957838545713,,0.4933712891044501,0.4408642234969396,0.7053405856457967,0.6420031123904024,0.6735176595217183,0.3506267713589683,0.4285355843863179,0.1655256986407117,0.749577824585135,0.3340694407670138,0.5385063962150043,0.3835281390691641,0.7862157182700114,0.7170777437322471,0.7984131978986673,0.7660197683832055,0.6000822948451459,0.6510536696062783,-0.0038066387036594,-0.3756305025102978,-0.3821498828791958,0.6194167196303495,0.5742776012484718,-0.2490566868986994,0.2378668805693418,0.6459427060618451,0.5950698538166146,-0.4343586622222111,-0.4679518630546473,0.3298148748302782,-0.597237037396757,0.6033193938918113,0.5156569444651694,-0.2598381117482294,0.4543014375121834,0.6393078128887548,0.6502119236682209
POM_Q7,-0.3922410916543557,-0.3606651950725595,-0.3162254335542818,-0.1874811771374957,-0.3808567599779026,0.5168280251145501,-0.4211531977550118,-0.4316063140040794,-0.3375337579261503,-0.2547202892200277,-0.4230933646926931,0.1414038590779842,-0.4324482224253057,-0.1663838896303056,-0.0498029272530764,-0.4443645173057192,0.1112870631536359,0.0250786958549116,-0.3262178930485893,-0.4396321491985641,-0.2369745433088188,-0.2334427580521722,-0.5363785521516211,0.0010892753741081,-0.28348761718659,-0.4458291047186972,-0.0704929581236804,-0.4076951638463983,-0.5186082951211273,0.6462264762176885,-0.2513125140090426,0.6851527776022303,-0.4722112750687073,0.6412733654332036,0.766763560938106,0.3245922929162162,-0.4807811126286667,-0.3846520518313411,0.9324057166168256,0.3342437847361725,0.5403484425937294,-0.5059823040133735,0.7693782029760712,-0.4497373652128109,-0.5079670097839795,0.8824762765464099,-0.405606876643457,0.7769983449601837,-0.5440599015651388,-0.6053334637054815,-0.5553087777515751,-0.5539141751531029,0.5906908090036487,-0.5945651884236546,1.0,-0.58770062978064,0.0222415076772693,-0.5843687546819577,0.949961501310785,-0.4216980372892446,-0.5221272936145395,-0.50853844752883,0.1325084599962814,-0.6814941893027177,0.1388223576265208,-0.0635879854099073,-0.532062034914323,-0.3295380787723092,-0.2394245646576921,-0.061583275343602,-0.3999149588409413,-0.1921721874907446,-0.5770056041109219,-0.5044664758872741,-0.389636363662302,-0.5077024599353404,,-0.4080033342501813,-0.2797215783523945,-0.5265523033967523,-0.5143430508582285,-0.5142021186330521,-0.1245183060555711,-0.1327695228795251,0.1152428962449979,-0.5982010962391483,-0.0998071614059628,-0.3562693427193484,-0.3234920133869821,-0.6458995482586054,-0.6615352495274838,-0.6482509502104724,-0.661121014934964,-0.4572987967785104,-0.5537865917421428,0.0960891454033626,0.5092860843425238,0.4438807826034007,-0.5685485520104407,-0.4620956396291714,0.2977680864340998,-0.19573282515049,-0.5836546689579581,-0.5026197173953124,0.4349587919900929,0.4393274541150773,-0.1980843955021424,0.6120572105950238,-0.5941257585456798,-0.4390912621549969,0.2456351201768118,-0.3597486658897444,-0.5880637397918282,-0.5414026755133453
BigFive_Q1,0.5614962236287402,0.1262211940264107,0.2323895650070599,0.3533379518058243,0.4674655332818184,-0.217661787139503,0.4699875913660458,0.4431843226354888,0.4759690692885998,0.243136752890017,0.3752243183604018,-0.1223433730825872,0.2141785747655635,0.1719188114754969,0.2336190781905463,0.6144793758778955,-0.1065343451551186,0.1758551318477305,0.6027646220789254,0.4598106545165693,0.3506433345223366,0.1880183005796583,0.5572475415246069,0.2132652230117187,0.2863585084339866,0.4358073545810238,0.2042177234411237,0.5341905924249037,0.4012332838582237,0.1336201298508164,0.776796422159342,0.0073293534517943,0.40599099041884,0.0551773235153752,0.1821883450208279,-0.0121708028428461,0.671278456222977,0.6777509525860079,0.0470870993829399,0.2769493282760815,0.3261821239390948,0.6818326438985325,-0.216891130348234,0.5774867418852515,0.3229672485018034,-0.2211941470087826,0.3878306356003382,-0.0070565977437594,0.2729289576786592,-0.0731867487799045,0.0406969198369099,-0.072089686152736,-0.167127225870049,-0.072089686152736,-0.1852256266788502,1.0,0.1530356683921068,0.07370196169542,-0.1984708361025716,0.2380538129504549,-0.5306791433650448,0.2172665200124849,0.0786419014615695,-0.0767784549142444,-0.2395870227010282,0.1960151803840921,0.5344004655294019,0.432495333638262,0.4342249473991916,0.4695796709918168,0.4230091137651922,0.6751751548720035,0.3311387626585123,0.5646067047038403,0.5070621170921767,0.5260135886926467,0.4708892899442272,0.2360119482928312,0.2569012791267069,0.385281702405874,0.3993897748431231,0.6287767923656035,0.4923956290057484,0.2664425532282656,0.1231275358234342,0.2932065146533731,0.497092691697362,0.2199564659223543,0.3342894254176186,0.508832282319647,0.6175505825002857,0.4390339236557758,0.6204545790620267,0.3247359710754943,0.5612200494709091,0.1826633634708947,0.0208085496969295,0.0035018824005709,0.4152671727008602,0.3361856090182639,0.1155984453378023,0.1960989839386437,0.5683420762680373,0.3189628012991865,0.2048622149434918,0.1491077361733974,0.2393506881922552,0.0586425655809804,0.4900952234529776,0.1821357426043648,-0.066438869625534,0.1133837454896978,0.5109030219865531,0.2986580608371748
BigFive_Q2,0.283694818451428,-0.2102316049392068,0.1965090148619863,0.2152611192404399,0.2216067310162207,0.0559022874964484,0.3088240676013164,0.422833261133527,0.1978836618821522,0.1933756294483173,0.1912870550434309,0.06253841239925,0.0788962249504196,0.1747699550879585,0.2926731489696016,0.2413038760055181,0.1023513422707976,0.2733793973495248,0.3244208337290732,0.1200085271819279,0.2524626298478276,-0.1989313300070375,0.2178170461738053,0.3434522085703048,0.1162541913798767,0.154038498041914,0.206583523534429,0.3306258590172769,0.0499997245164544,0.1801833455086408,0.1768721449459958,0.2170319064797023,0.111136286512647,0.2171453950029736,0.2000123234927378,0.0786175575965418,0.1692484211316129,0.3288196618919031,0.2574215474780885,0.5405236747190105,0.1518868482758451,0.1835717017382521,0.0927723311479891,0.3185720623299249,-0.0071179770389454,0.0518097099487879,0.0434632296500498,0.2235438954339437,-0.1320932204302704,-0.2972463307986957,-0.2818909637871953,-0.2897770246790468,0.1062742737961558,-0.2897770246790468,0.0674397236154902,0.1530356683921068,0.9999999999999998,-0.0017463124877311,0.0955268757885032,0.0971332094779379,-0.2626791031911955,-0.1836694034272903,0.1015316999116164,-0.2731160499799792,-0.0710408940382288,0.0871720207832691,0.2835117706260405,0.7571762218365959,0.088720840709223,0.3533702650639571,0.0950177426004434,0.3390955990072381,0.2110192819271906,0.2225060584782274,0.4472334267437824,0.2683937177488087,0.0870776770554657,0.0167602197807258,0.1344766596511557,0.2326390579482014,0.0809061911937585,0.2459267709595258,0.4096050259739627,0.1012800277294536,-0.0396419167324448,0.1085055743790648,0.4110342747147866,0.0042660775010864,0.0843024971013048,0.1569141170751234,0.2567984282422257,0.1906475173313189,0.1913881125846544,0.2049465652577048,0.2035190364615294,0.2776021407093514,0.1976387411345619,0.1386195925018386,0.1574157452387349,0.180547203093109,0.2113520628144278,0.0757399237814877,0.1086047654374579,0.2244130307043995,0.2052926189444924,0.2583625239756668,0.2186816701611958,0.1756774244560507,0.219274377306879,0.167731792684617,0.1391975950811781,0.1147348314214735,0.1925605016386464,0.021454706900673
BigFive_Q3,0.1146952845864501,-0.10874978957497,-0.0178135755952917,-0.1136318521832435,0.0627448110503262,-0.1960048583176031,0.0293183472258737,-0.0080641058882431,0.1266557706781751,-0.0010646119893816,0.1613682658278647,-0.3427136347950315,0.0596816278759227,-0.1666887754379518,-0.0468667243575548,0.0353238993107782,-0.217940708821552,-0.1136056642314072,0.2090791620231564,0.0102665195867423,0.1446983394752232,-0.035578001158775,0.0957034566833832,-0.1365229971965082,0.0899271606013407,0.1037089374378407,-0.0778168583611318,0.1297762097511816,0.0643317176436767,-0.189592463583919,0.0059105353975959,-0.2053344464574984,0.3833471832326021,-0.1927937028392168,-0.2171332683617085,-0.2276812475419554,0.0945625748087138,0.0320950958612164,-0.2173421228689034,-0.0417998996788553,-0.2057868548227033,0.1408396808569083,-0.3372334267202933,0.1870936356569892,0.3713364699463989,-0.2681545045236729,0.2478737840574934,-0.2428501816682367,0.1673941060752826,0.1965015596157333,0.2211592724554363,0.2046809826271893,-0.2003795517119958,0.2046809826271893,-0.1991624086811991,0.07370196169542,-0.0017463124877311,1.0,-0.1791777225008909,0.0999982086539302,0.0733819390469216,-0.0647371975806488,-0.4184260928960194,0.1997138237175943,-0.0611523676879274,0.132294255004669,0.26358283001345,0.0675334606824902,0.1227828393514436,0.2221850419552483,0.3146718388834502,0.0884194523896946,0.4712096669219701,0.1656386087988392,0.1545027568496277,0.2331205104632,0.2143838162213877,0.1033768847920175,0.1571264267039965,0.1432926781148303,0.1585442973787544,0.0677533975751025,0.1077216552602513,0.2109139365702069,-0.0084486813246877,0.2120059143096785,0.1526107541378666,0.1495149400382843,0.1407081459802627,0.2387173213285949,0.1914386063815579,0.2462066291198535,0.2232268535772315,0.1874099350001726,0.0476132819174987,-0.0927701185057992,-0.25397334417463,-0.1620752170074539,0.0382721055758162,0.0238307056026167,-0.1188224040014712,-0.140457227321149,0.0115732976493171,0.0072685827651219,-0.0979783623352383,-0.1835731470483337,-0.0990392241306932,-0.2460281613168591,0.0834260969180527,0.05562629480911,-0.1762011813546679,0.0582163067275452,0.088698147442737,-0.0034392383888478
BigFive_Q4,-0.0609907095363775,0.021412043237714,-0.0482519698377117,0.1909453410855422,0.0130662387402202,0.8906061445877044,-0.1127051949962243,-0.0249655214394201,0.0204105760984992,0.1123532989617452,0.0448131499268211,0.057047414888967,0.0134597785288462,0.0272704924033233,0.2764646948834961,-0.0310657518055282,0.8377030599171571,0.1267763215648552,-0.0924332048214906,0.0632025367889416,-0.007811400273673,0.009161484419557,-0.039990061180492,0.3502003728928579,0.0494353987099453,-0.0505592893918028,0.3680290269364348,-0.0494187812482987,-0.1691352451864746,0.5396446259316715,-0.1726906131710995,0.604211238187358,-0.1030466226260229,0.5900507774362651,0.5004278110182628,0.0795008645897536,-0.1843419234674876,-0.0930283640151686,0.5468121271701147,0.094076469310075,0.3426027574927189,-0.1203997506355494,0.7583999791908289,-0.1334284450893864,-0.2009073344786654,0.8835054729028236,-0.1428406778822425,0.6662449660249884,-0.2994545737923291,-0.3735665292237894,-0.3542184636817479,-0.3737240391299244,0.8608526590649905,-0.3737240391299244,0.9398962129749372,-0.1984708361025716,0.0955268757885032,-0.1791777225008909,1.0,-0.1823865203325247,0.1292077847712115,0.0455467205346097,0.1382648827214679,-0.3608965466135982,0.1387502253471168,0.008049145460902,-0.116672093748076,0.0468888836944893,0.1871274637362628,0.1157724567989928,-0.1093406087488506,-0.0314257199979829,-0.0490170726422622,0.0196166814693784,0.0656414866158245,-0.0445693072453056,0.2009996292897892,-0.0083548179836138,-0.006863426041007,-0.103819048676578,0.0155444390024083,-0.0723356917150777,0.1742463447860732,-0.0104488057061637,-0.0232628643738869,-0.013124135338016,0.0990507238922511,0.0440662889568474,0.0403668455832704,-0.1102457186564302,-0.2207589759977744,-0.037300107111623,-0.1032304623568574,-0.001166856322117,-0.1096692169642276,0.2215346230648273,0.5824944984386647,0.5430743069393889,-0.0580073127773904,-0.0285385726142733,0.3428764607416127,0.1235256992684298,-0.1614184793005486,-0.0819892946070042,0.3451459946781026,0.3774505045392148,0.1793057133456864,0.6039306900068682,-0.1174429420489737,-0.1141484841219646,0.5212084202556191,-0.1512417698432818,-0.108421126213138,0.0588510989958434
BigFive_Q5,0.3580551158596774,-0.0350740952409581,0.1817678644645749,0.0965732297658976,0.4306867691231757,-0.1680660999677307,0.3582921421588605,0.3376163150765442,0.3030586055652026,0.1882235808628761,0.3602967635301626,-0.2325682820148758,0.0164111639341391,0.032112163177103,0.0702592885560058,0.4109878017544814,-0.1269914049250829,0.029024156544908,0.2738165290357031,0.3284507217643401,0.4808929220273346,0.0110707461186965,0.4250251691724161,0.0966856173884468,0.3284220718594368,0.5893113413456401,0.1285920183362695,0.3515082758187824,0.6789086041840725,-0.0229120146129849,0.4115429491370294,-0.0800799654732553,0.2213397545477713,-0.0819507582903737,-0.0318318397934124,-0.0702675770878455,0.3688816380157803,0.3211922198240924,-0.0219875544291656,0.0803960771411798,0.0635996350452125,0.3799406320436577,-0.1253682922820095,0.3295327757090112,0.2590790104729992,-0.162964080760173,0.4254507342332575,-0.1167538512629609,0.1141658705233247,-0.0434268864676877,-0.0351115935280846,-0.0263981040670839,-0.1205225318163405,-0.0263981040670839,-0.1950789345707051,0.2380538129504549,0.0971332094779379,0.0999982086539302,-0.1823865203325247,1.0,-0.2158787534356262,0.008478183368206,0.0753568397719478,-0.0311152317719962,-0.4261508258899049,0.1538061330076391,0.1508804653819997,0.1579535195662944,0.2513996256793194,0.2464747927881692,0.2578462686922941,0.3240827504856069,0.1506759090547952,0.3471061668508477,0.2661249654619168,0.3802998777625068,0.1698659521848212,0.2036299359555606,0.204019015781838,0.6422267971640685,0.2783485923605818,0.4964577303947657,0.2417170391917879,0.2372746929679795,0.0671634841170002,0.3888546581597639,0.2347334380768073,0.2450513888357533,0.2661908507273612,0.3899835106389802,0.2770581553042394,0.2979463053084852,0.330300291656456,0.27497726141157,0.223667632335298,0.0627174893422116,-0.0522282264336171,-0.0756361091541403,0.191272302226103,0.1299839482473262,-0.0499653540431227,0.0785467644655076,0.2241514635740746,0.1502371855279763,-0.0560051033105592,-0.0606597777082186,0.1247161800391883,-0.1097167254710728,0.289744430608662,0.1092748709653356,-0.0927672401818034,0.0985886296431176,0.2225991103639478,0.1387916359810979
BigFive_Q6,-0.3673716113343733,0.0158207323380137,-0.1773395710400648,-0.2698579923044413,-0.3492871679363944,0.1460836887231355,-0.412900052244356,-0.4299460016868145,-0.335238518510064,-0.1995282156609399,-0.2845054145026666,0.1468351231566509,0.0225731749412636,-0.0835179529395615,-0.2095162285119541,-0.3979632142735921,0.0437213823227891,-0.1296258474231112,-0.4309494648146783,-0.339983351496455,-0.2957305493580867,-0.0418066351871413,-0.3975762459034844,-0.1868497100804293,-0.2027078688951127,-0.3309184052358364,-0.1704549445028286,-0.4533088767885808,-0.2793853264641056,-0.0929278912920404,-0.4695096470572429,-0.0457742822413597,-0.2176291768434037,-0.0773082114763305,-0.1297640432742384,-0.0127429115264498,-0.3755005717475626,-0.3921957376313743,-0.0971305117145882,-0.1634176826696944,-0.194325819870368,-0.4798244629484637,0.1092619939505702,-0.3340849022579396,-0.1529564927947115,0.1590839574246899,-0.2619997558595558,0.0011583636619455,0.005209914417689,0.288221694841247,0.221576669122008,0.2846555624150376,0.0817827327642826,0.2846555624150376,0.1294574289749327,-0.5306791433650448,-0.2626791031911955,0.0733819390469216,0.1292077847712115,-0.2158787534356262,1.0,-0.0137173122275417,-0.1315849646466338,0.2983822765152533,0.4099262083022883,-0.1139620721067585,-0.2552139379624045,-0.2785020492289917,-0.1518584459599368,-0.3499490298263226,-0.1568431241820537,-0.4119827526824126,-0.0007361060982884,-0.3041943934032421,-0.3155486103360297,-0.35565433826084,-0.2137505702703271,-0.1735523637969625,-0.1177102221488906,-0.3058136054708963,-0.2072878887326898,-0.4020701567600758,-0.3040766811539431,-0.0907619199908736,-0.0351684309073698,-0.176640828337301,-0.3051240087527882,-0.0871527416447325,-0.1632457879287122,-0.3281085553187257,-0.3358378560851902,-0.2615698737039418,-0.381604385340386,-0.1105808782577396,-0.3484530198604356,-0.1835387060695655,-0.0886538958575788,-0.0460970983041274,-0.2651753353462825,-0.2011222026901548,-0.0994231678586001,-0.1238264745328407,-0.343865889289714,-0.2195057908282205,-0.0978016125411118,-0.125577246536135,-0.2711991272630594,-0.0532300232313011,-0.4238815113698042,-0.1257256777616517,0.0201374968345367,-0.1227887047695659,-0.258811680238691,-0.2313254539403932
BigFive_Q7,0.0711509857697628,0.826887100724093,0.0597364688517645,0.0721696516398786,0.1845643685840949,0.0299966850201238,0.0251088171855262,0.0688019529137966,0.3327347935013992,0.0899285346984202,0.2753008690339851,-0.1389366713150887,0.0320896899048577,-0.0877876224720647,0.0248917782391777,0.1365599537827212,0.0437071575988479,0.0461576432117433,0.0858688030326343,0.4035009687988571,0.1596245846707427,0.735950310879195,0.1955899009685894,-0.0301811832562995,0.2650447197724979,0.1598642870930959,0.0970074642352098,0.2075553306182345,0.1602094358620358,0.090687004519931,0.1490759825044923,0.057107578276408,0.202292522697553,0.0894150893396473,0.0650684515764638,-0.038014116542032,0.1805218465954514,0.1425363092007107,0.0353702062577047,0.0077742771278928,0.1456693597320925,0.2642557543111904,-0.0116599986151936,0.1171867325382496,0.1619312234561959,0.0275575110653048,0.28588432884615,0.0810141920256408,0.2164157682182046,0.0485339971054744,0.0639354493392069,0.0417570303125668,0.020113839640781,0.0417570303125668,0.0595037467365026,0.2172665200124849,-0.1836694034272903,-0.0647371975806488,0.0455467205346097,0.008478183368206,-0.0137173122275417,0.9999999999999998,0.0464798419901207,0.0431132347808538,-0.0667048628406162,0.1657198143002246,0.2684238723387351,-0.10933424464007,0.4500058755517295,0.1871558952307222,0.2001002247405436,0.0818482039599105,0.1078415364223303,0.278110710354928,0.0543139988269537,0.1802458208510711,0.3370104266825439,0.2671439308061462,0.2365513469678296,0.0760755885412284,0.4447770353486515,0.1508942921666068,0.1117393989003026,0.311073658058861,0.1418205221583469,0.2025084589959527,0.1522125018650195,0.2188311721870728,0.3072692681801883,0.1268955835356337,0.0542932512067644,0.195643578510799,0.1692492402166169,0.1219065811285629,0.1174541440868445,-0.0326979381539304,-0.0165894811672927,-0.0187077035805219,0.2089394208073283,0.1082013910898723,-0.0270039032396236,0.0425415063562131,0.157026566121921,0.050579783730233,0.0545496316810171,0.0604544045683207,0.0645144704823828,0.0586711921219931,0.078635617916866,0.0,0.0734810028887854,-0.0118997531421815,0.0795908779641192,0.0996051160280304
BigFive_Q8,0.0829869786113231,0.0264857145337858,0.0703602015994728,0.2174478821046157,0.0622601348789342,0.1144577071114724,0.2364478195742193,0.2059456842178604,-0.0088070740661845,0.1158711341742924,0.0220014616719204,0.2958781754628071,-0.0231342907297227,0.2434967393238021,0.1169947443503916,0.154932841247938,0.1511304096562592,0.249168805040522,-0.0358590156901219,0.1088118982919513,0.0021983109652056,0.0400656894490535,0.0917529384232019,0.2905654089106048,0.0519678123423691,0.0516821631926458,0.0911438865617244,0.0427985429918817,0.0168308653834262,0.2074115460054048,0.1247370200971915,0.2150699877197811,-0.0934359156116786,0.1955766655786351,0.1834842275296487,0.1971015807979189,0.0357094075076455,0.1541251317309967,0.2462939945338817,0.333257372156208,0.1565775669657097,0.1050774249590666,0.2621497753233391,0.0768588389112481,-0.0802687677028204,0.1775736003501502,-0.0516391382746366,0.1813219499027922,-0.0252074388257138,-0.2316242345265271,-0.2047614602624705,-0.217306131992287,0.1335026225431862,-0.217306131992287,0.1536703088071591,0.0786419014615695,0.1015316999116164,-0.4184260928960194,0.1382648827214679,0.0753568397719478,-0.1315849646466338,0.0464798419901207,1.0,-0.2072708820302969,0.0777517810652668,-0.0808099530535901,-0.0163307237641995,0.1620011975698786,-0.0216661045142273,-0.0136745309643933,-0.0458870832078981,0.0699195914236412,-0.15562732126902,0.0283262136348815,0.0754181858682138,-0.0088208299268783,-0.0293125632838542,-0.0003156357787902,-0.0698358692289961,0.0388065803600989,0.0345405700098859,0.1002371615743887,0.1570752983940177,-0.0397839383663267,-0.0190173316496898,-0.0112609072944441,0.0335158962883039,-0.0202458198472992,-0.0130468740405052,-0.0129013175915149,0.0800438209908767,0.0514539418260965,0.001683629225576,0.0277603875109132,0.002466468851971,0.1372140999835238,0.2503042254634545,0.1607794187316738,-0.0284225488900095,-0.0624384743370037,0.2025215631985538,0.081565350094943,-0.0341887031242598,0.0443484480444311,0.1680631047319619,0.2392690285244497,0.1196576836843213,0.2381589179580409,-0.0282846551057288,0.0161367353948796,0.1783229221917565,-0.1072975222555596,-0.011242388381936,0.0182364405179037
BigFive_Q9,-0.0580281389927214,-0.0079270530132155,-0.0938674465064604,-0.2101558483859681,-0.2048305937007224,-0.2467488971972112,-0.0187692974019572,-0.2039539882055666,-0.1810795046111377,-0.1445184427944413,-0.0932661515193452,-0.0209851178542127,0.3092768363124309,-0.0222716072130768,-0.1812287755083725,-0.1394817976846364,-0.2873923603888935,-0.1896998323551106,-0.1219118948367831,-0.1152561003395681,-0.137104206761024,-0.0301008489167101,-0.1534181086672526,-0.28684207510424,-0.0859240298131682,-0.0968208639666083,-0.147439967291135,-0.17381581711658,-0.0431342631118425,-0.1876971483880611,-0.0247838455387203,-0.2793987790489824,0.0726078637760291,-0.2486985601373569,-0.2838257468075991,-0.0942109191080247,-0.0668611574799799,-0.1198161708892577,-0.2549967253532075,-0.1384490007062734,-0.1547501543428341,-0.1370388545209286,-0.2706316956295663,-0.0350914161838433,0.1813934015739939,-0.2779089824777696,0.0067584730127883,-0.2805216467363367,0.6712506125419464,0.981776516378272,0.8424429447237964,0.99062833731132,-0.3191744205925723,0.99062833731132,-0.2928667375618838,-0.0767784549142444,-0.2731160499799792,0.1997138237175943,-0.3608965466135982,-0.0311152317719962,0.2983822765152533,0.0431132347808538,-0.2072708820302969,1.0,0.1642154461018011,-0.0036941056803944,0.1340762106865377,-0.1142620071525969,-0.0866191682541208,-0.1747647991112951,0.1157881370435789,-0.1528267788214458,0.1102529473815189,-0.0561759726940122,-0.1502711808765769,-0.0702009036566247,-0.0730766040096736,0.0476012403113987,0.0441461640307371,-0.0862856525187479,-0.021158550973922,-0.149043447431194,-0.251896863720696,0.058485887400255,0.0153898762153676,0.0448092625422572,-0.1351142648653707,0.0500274989326279,-0.0044945109549681,-0.0127969259771788,-0.001034669756728,-0.074143065521243,0.0301051475549193,0.0257228834136477,-0.0486250992593844,-0.1761076903395277,-0.2943761169617288,-0.275659259617095,-0.1541687135117567,-0.1107565964058411,-0.2224812332572495,-0.1488458503033073,-0.0616219812979725,-0.1230515113495407,-0.1590216709252468,-0.206273505983777,-0.2525550724915679,-0.2750681858955904,-0.1284827990647078,-0.0658588768874227,-0.2304972663068459,-0.0531794551345828,-0.0482319445789746,-0.1225494677666432
BigFive_Q10,-0.1894733654303806,-0.0121633869966247,-0.0633128767354828,-0.0812134848889721,-0.3120654150494861,0.1491569923723792,-0.197921421162652,-0.2763042112843591,-0.2238006341916412,-0.1129381003679409,-0.2530593947822029,0.2920624433072731,0.0922778782469462,0.0278002620351351,-0.0267656621946482,-0.2656686000709075,0.0627494726844017,-0.0295498799572773,-0.3258121544981678,-0.2637772546354728,-0.2732854322099788,-0.0782777796295451,-0.2952372920467485,-0.0674358756586274,-0.2468017611009956,-0.3360077220714468,-0.0617346712086282,-0.3368177815299482,-0.4045923382799212,0.0569440734151786,-0.2362253236415101,0.0307179977074948,-0.1870200817274778,0.0269345848908499,-0.0636523064190983,0.079738627085331,-0.3492714131031547,-0.1593112373031857,-0.009790403041408,0.0563225799781074,-0.0547029213180905,-0.3100607951097152,0.1403063930902092,-0.2343468964906856,-0.2118341646259237,0.1768981468224782,-0.2995756935496951,0.1118705309489579,-0.0038386200312395,0.1689329844895879,0.1644425113235782,0.1595314689581713,0.0729610446279782,0.1595314689581713,0.1429247745018669,-0.2395870227010282,-0.0710408940382288,-0.0611523676879274,0.1387502253471168,-0.4261508258899049,0.4099262083022883,-0.0667048628406162,0.0777517810652668,0.1642154461018011,1.0,-0.1421607184924481,-0.1128236576617576,-0.089535997450043,-0.1326707396642838,-0.2368194109781228,-0.1565962061322217,-0.2220207445268488,0.0747881244466145,-0.2484391818113856,-0.1569975402193153,-0.2468521490561171,-0.1539650910515813,-0.1679825387125914,-0.1324743410196482,-0.3412433219020974,-0.1992774571169721,-0.3087433343640696,-0.1380408074711683,-0.1410781493709509,-0.0792886187146865,-0.2039434382427561,-0.2012456211906084,-0.1095419639129857,-0.1876719020750887,-0.3316962872457539,-0.1425528364225367,-0.2353890652241871,-0.250621971759243,-0.1022235538390099,-0.1728612887804548,-0.1052192777620109,-0.0349535391213215,0.0015766628079027,-0.1991927670470032,-0.142485678059426,0.0188469371330087,-0.0992372859277301,-0.2039707937586291,-0.088216349698612,-0.0304238216694197,-0.03078244071296,-0.1236963489751756,0.0379685213537068,-0.3339430650004876,-0.0521063975053742,0.0149292901860207,-0.0551593303098951,-0.2023780895307265,-0.1712056507444616
SelfConst_Q1,0.0640973690206389,0.1209353553103246,0.3400727629233623,0.2208951714181413,0.2494196389234599,0.3726301769760326,0.3563290904722377,0.2216377634397981,0.3150851957413556,0.3373586018264036,0.163859371442733,-0.1336256598122942,0.2854389674908753,-0.0789527284562425,0.1618464712064712,0.2408195031635134,0.4350522877385661,0.3705684598002851,0.3213852718867322,0.2725889252248238,0.1867725458173817,0.0489874464827956,0.2406314840351383,0.39659796133679,0.2349429719509689,0.0728203764596571,0.2038755080184449,0.3523349901922211,0.099670844623802,-0.1437320856976765,0.4271100302588861,-0.0384234130924125,0.1497114139313209,0.1579322732510835,-0.0657094402144032,-0.0925435526543782,0.2887408184755355,0.3751332807986347,-0.0510578888243244,0.1840194475317216,0.3257289729526884,0.2667670496154428,0.262836569557439,0.3437757865240433,0.2275904285893166,0.2207589092259184,0.0404296828181091,0.1459619021919026,0.2132473504846342,0.3883062857614231,0.3761000030043482,0.4699059947438213,0.3837896822396665,0.4611339994316417,0.2993166980747789,0.2600929458630079,-0.0735273037802936,0.3797041110537599,-0.1458083801563349,0.3079170266698667,-0.1877094829382422,0.3029051087250476,-0.2313745544911272,0.435494034272452,-0.1670624887660748,1.0,0.3732618256501922,0.0975383246177775,0.1453471186430259,0.1123429704243143,-0.0035834985751021,-0.0465858580723547,0.1050162126477002,0.2381777560743184,0.0792343747067899,0.0861781755792327,0.1005307590428768,0.196403910484385,0.1525243148761288,0.0715167650486847,0.0977393769169701,0.0787647808595835,0.0644584265284629,0.036348311934199,0.0251639926568892,-0.0055326594822147,0.0223048539993215,-0.0128693491875636,0.1679675631954328,0.6218129604589955,0.6089384182144182,0.5509906640786674,0.5937690909797289,0.4663731269942656,0.2887131852942778,0.1179569779922041,0.1356368599922645,-0.0947227682192646,0.2500995319074408,0.2562243448878614,-0.0252204146189791,-0.0217610035575267,0.3522795813927474,0.313617086599965,0.008321687220867,0.0085229747864067,0.2052746004938997,-0.2516196459933375,0.3456534013604823,0.2546052753437454,-0.0993560022798015,0.2376372877649906,0.3556504699095841,0.3668909379057491
SelfConst_Q2,-0.0050108691054571,0.0997644287294638,0.2717565361747565,0.1228883520247635,0.1594063549057426,0.3551338919690253,0.3183605849054322,0.3983006252671424,0.3378189026564009,0.3079866223533178,0.25887168539168,-0.0657446274812951,0.2266270431434005,-0.1554021272268814,0.154528645242159,0.1436662139519253,0.4397474881515643,0.3079424307689586,0.2830846549515136,0.1656760171285199,0.1258509163457261,0.1323248326014351,0.1972580971078042,0.315081164932514,0.2845287737380974,0.0811142070838269,0.2986533373022297,0.505378702853635,0.1790542759740611,-0.1789572478932872,0.2893482103332145,-0.1971131133876666,0.262188841035253,0.0429030250163343,-0.1276089512163207,-0.1658273451106692,0.2984316968996889,0.275913311929399,-0.0559330328411154,0.1862180939901334,0.2965158491922331,0.2995212426251535,0.2721769240123948,0.2487841602438105,0.3245376972916545,0.1104323604394979,0.1413492411373231,0.0695616688541791,0.3812924193161527,0.4039723638453159,0.3693941493517116,0.4775962737684683,0.3381691523477629,0.4848027292969032,0.2751608299814012,0.2466793909113576,-0.0853946286993093,0.4791503159540037,-0.2247421715903239,0.3660186323439026,-0.204468675975803,0.3224118447112852,-0.1803596393570822,0.5340870547937068,-0.2223978612107641,0.3732618256501922,0.9999999999999996,0.1170131073440852,0.2498135402784995,0.1769366745462313,0.0180994553577499,0.032806910392694,0.1290291822201859,0.4394581222462997,0.1414699175828605,0.2743539645595045,0.0925222995673355,0.2179246428759793,0.2561948722273294,0.0264078935792157,0.0841278213555179,0.1443390043691106,0.022307100401959,0.164075415984443,0.0824399102314857,0.0991445344034549,0.0590815147944366,-0.0011889640787307,0.3114649955828304,0.4112108802993707,0.5269411984326214,0.3276763511936594,0.4549963182371805,0.3969164255401686,0.2661033391789146,0.1985310626245113,0.0864132813766775,-0.1539313381030312,0.2341952959571938,0.2542306316230839,-0.0402606529839874,0.0696057223004528,0.3138430251551691,0.2909419685342193,-0.0472799221930504,-0.1228571116845682,0.203718439090041,-0.3259088073056407,0.2242886045983049,0.301286679601188,-0.1074246869457234,0.3364058242797756,0.3147082764590724,0.3551899666073249
SelfConst_Q3,-0.0324420686733108,0.0801918374007217,0.2726491141826206,0.2605155652129933,0.0530847818438105,0.2881524027262899,0.191722550446254,0.1036263461491721,0.067565501631265,0.1985194757522524,0.0896580438216774,-0.0218379606600683,0.2997347411252451,-0.0003999865462474,0.3109077549588416,-0.0272575938052482,0.1918148426931379,0.270193418433392,0.0205561486533371,0.0917748065953689,0.1210906000498024,-0.0470723029760678,0.0556513540540046,0.2360053868201378,0.014301697383693,0.0099782111698102,-0.0315624853105329,0.0847666680974648,0.0447106681404962,0.005886493014628,-0.0286881868157407,-0.0288415154973086,0.0535473340941335,0.1755062183427954,-0.0274479633286914,-0.0262178891387775,0.0310235738048243,-0.0606130379544567,-0.0129516972053991,-0.0419779774820845,0.179303024813861,0.0321035256119638,0.2033524732903893,0.049938738483215,0.0468680189296087,0.1518812190367928,0.0034429759233388,0.219266228626604,0.1214831553998213,0.0605250380603521,0.0802468574469547,0.1265461266554607,0.1595449951364494,0.0836621535311597,0.2668286511776053,0.0285543816821423,0.0456445865341332,0.0454104419027201,-0.0742108835424569,0.0947286418772458,-0.0468791071537703,0.0453126729168832,-0.0861142750363098,0.1197278107379783,-0.0265838742359734,0.0975383246177775,0.1170131073440852,1.0,0.2763337803745792,0.2054097594530831,-0.1335290926478251,-0.1206942424892267,0.245026450953418,-0.0557339000340739,0.2075253116335894,-0.1520823454707666,-0.0773822288442824,0.2261086798555035,0.0758703492208993,-0.027632770746239,0.1987440630620119,-0.1945197570426904,0.2494659736875542,0.1879659811595041,-0.0819102434926376,-0.1984168803564011,-0.1124687731791321,-0.1904852159083209,0.1533043552461107,0.1917083932929237,0.1288854844581263,0.1010232382021139,0.1658929846295985,0.1828420824417883,0.1780212377744289,0.1246641610205883,0.1753354102094829,0.0314541459099329,0.198101932304514,0.0903465675373633,0.0106374935968489,0.1154517760132416,0.1504213027346645,0.1866001479632901,0.0172074327276048,0.0293954341227974,0.2302915255223104,-0.0884133643664898,0.1101126915424714,0.2119248986052403,-0.0725604982009838,0.198194340024321,0.235013331619346,0.1759694667093635
SelfConst_Q4,0.1488181676091677,0.1149644213192466,0.3091717992092883,0.4218660957680258,0.1661805929406132,0.3861235751044533,0.2692974065979498,0.3356971223704091,0.1978866211762939,0.3190690259359476,0.2309949136548585,0.0891319928819802,0.3399332600741663,0.0373379462903191,0.3819997089677553,0.243383489089891,0.3039775504701648,0.4718588075482769,0.1544178747316782,0.1305696552578583,0.2060537506960531,0.0918503066159183,0.0978311028068697,0.3367157509197643,0.2000414521488179,0.0872875957789364,0.1914709747520835,0.2774747923965983,0.0771580687766883,0.0890098126166312,0.1305823982513811,0.1454190919570226,0.0683113274700175,0.4015150979562365,0.1125006326519088,-0.0176139816913611,0.0958651333401255,0.1340007791021973,0.1338793334374477,0.1288460658173616,0.5566065289661049,0.0966308336295462,0.3698020674960788,0.0965925604485514,0.0286225478288002,0.42653411461239,-0.0126951358016176,0.3654920995150958,0.0903841257951872,0.2271953534444948,0.2385804194791269,0.2532176204473477,0.231081573745417,0.1689250693116437,0.4869098229270989,0.0922181396965171,0.0600053199779905,0.1425676856374902,-0.0697499890404127,0.1724579265759219,-0.0363534033246989,0.0307541799673552,-0.0589843852597824,0.1941494950841617,-0.0249207372554617,0.1453471186430259,0.2498135402784995,0.2763337803745792,1.0,0.5226453674022836,-0.0363674680612538,-0.0286042911998746,0.093117699557766,0.068152815348908,0.3172289570290961,0.0853923308427138,-0.1879073843794885,0.4512882774931678,0.2691007745383099,0.1275542260458384,0.5117618956678455,-0.0997965815850652,0.2599383626378958,0.1242150600770717,-0.2001960879934445,-0.0871770861320864,-0.101321428861758,-0.055703455479587,0.4737499984322793,0.2182562041807335,0.1228243189749414,0.0700316803446673,0.0990801169707853,0.1268270092591247,0.2540405347540568,0.4793125685146477,0.4684612853387264,0.2502665839631722,0.5323047097955811,0.5260313356826971,0.3713569845645406,0.2818815531466014,0.2791089512869842,0.4684847830162905,0.2476602318701561,0.168128064444238,0.5091455831536837,0.0099788349205838,0.2979016155676852,0.2600891724051819,0.1962753717734376,0.2470300326469861,0.2534153090451028,0.4594753081678283
SelfConst_Q5,0.0447938009767181,0.0584063000300794,0.2691393055610704,0.4174806103183203,0.0595815269376192,0.2926795262559259,0.2410905758904145,0.3312730658736852,0.1737653394704377,0.2677730042092545,0.1875662520145533,0.1569199539362168,0.3875482474714581,0.0953866191876084,0.4188298581236582,0.2137809853445149,0.3162966149348059,0.4076176640724526,0.1206783185392357,0.0759690697465047,0.1117949163957996,0.1598109227565874,0.0865044302277959,0.2520036139051367,0.1682135719537925,0.0891006368580348,0.1541695401898974,0.2509377151222947,0.1057852176352823,0.1192631503677827,0.1549585111144308,0.1460630520650411,0.0595395180158921,0.4286865399833354,0.1396329379771381,-0.0008379601246688,0.0715683430079094,0.1053878588897048,0.204327802171523,0.1759871807270978,0.408781976797905,0.0935396995649207,0.2667961624094215,0.0942108102226689,0.0491963876971797,0.377480463937138,0.0827518013387104,0.4212247720914532,0.0500165671567272,0.1934464219074871,0.2205547549155609,0.2290158175954715,0.2251981583148043,0.1506531027899114,0.3918260545011998,0.1293591728838205,0.0742507199216649,0.1931059674731586,-0.0032741284627904,0.1129739860811415,0.0039312868287669,0.0796242758676739,-0.0242205193834029,0.2189063205153802,0.0030896636957297,0.1123429704243143,0.1769366745462313,0.2054097594530831,0.5226453674022836,1.0,0.0708631992593295,0.0164749140792437,0.1384698677433903,0.028205974254443,0.3966589960340871,0.1069042689336414,-0.3470773703308196,0.3810466718262263,0.2460027765997676,0.0599306857858841,0.4017682250352324,-0.1284014223861178,0.3185737375393446,0.1588394964678532,-0.0061258312988201,-0.0824926492096881,-0.1281679334681896,0.0151750422873024,0.5221494972151866,0.1736683112291606,0.1500927426501475,0.0365604365635918,0.1162665708667563,0.1265651958641666,0.1524338679474954,0.3305025500974928,0.3375563630357998,0.2315865444578157,0.391925315129782,0.3658221136447627,0.1266391247434853,0.1552287218444978,0.1650068995737883,0.3335784994245706,0.1945419535166223,0.1562617067892441,0.2863256589850789,0.0542106375320775,0.225238684610532,0.1757600309165509,0.1933977661081108,0.2039451527414902,0.2152459460557915,0.2847780030509574
SelfConst_Q6,-0.0670338155745038,0.0248015785797764,0.0103185979436078,0.1315112107181129,0.025476145011761,-0.0311927886877884,-0.072783738261663,0.0196318363401001,0.0250716379361714,0.0977632887308253,0.0613868641518617,0.2956975638259687,0.0174123946656461,0.1971250933949898,0.0230033833158146,-0.0019185919257665,-0.0641945849542114,-0.0192556051942643,-0.0189253792303601,-0.0183259823812759,0.0259129860942367,0.0533809177648976,-0.0190428063520522,0.0452513623014818,-0.0207589553764249,0.0848391453757097,-0.0500243522505467,-0.102226166305592,-0.0129659240398059,0.1257408389965772,0.1127435626089222,0.1008023644162485,-0.0100623505258645,0.0422944476957746,0.2170270504375331,0.1056497103772147,-0.0405192020663247,-0.0280855931360945,0.0020056006444937,0.2171441830263498,0.0272735746636935,0.0123494391076554,-0.1020713780012644,0.0224195803346817,-0.0189253792303601,0.0308138759583777,-0.0307774619982614,-0.0658989620825753,-0.0263668878297007,-0.0029912054969065,0.0339101783857061,0.020428019166153,0.0656724323414924,-0.0375611627200752,0.0089196157938827,0.2411990092949519,0.2291446325373551,-0.0683333765353723,0.140133545230416,-0.1143432831781716,0.1026302123450703,-0.0822823666378443,0.086071345336231,-0.1592617449351668,0.1107392745661791,-0.1104144228889784,-0.0231638054413477,-0.1118526004668906,-0.0336000268899102,0.0794340518049211,0.7832036704572036,0.3404687990271632,0.0002157645752333,-0.0619205271506473,0.0179474946743821,0.059657437174537,0.0374732469565378,-0.1459858666881341,-0.0775849526394939,-0.077469413564185,-0.042327594758865,0.0245821912103114,-0.0573742696414866,-0.152837524991544,0.0302097498494348,0.0548817416851063,0.0471394499119177,0.5883630352636386,-0.0737468752733238,-0.1294978515193327,-0.1530083876110114,-0.0438679559150177,-0.1203946026507591,-0.1232914379658459,0.0002081471276528,-0.1426642771226385,-0.0410035906310269,-0.071834199288467,-0.0544776625534172,0.0003587276300097,0.0944318223574161,-0.2599520075367295,0.0348358348582981,-0.0163341633982637,-0.079447315974541,0.0139215136926698,-0.1466405900716399,0.051240688286512,-0.0243206887603619,0.0498902123653194,0.0578411543044071,0.0254108568537999,-0.0478754774906959,-0.0166154170925481
SelfConst_Q7,0.0344854041456387,0.0783015311770031,0.1142473350989524,0.1898455851078565,0.1016842023259686,0.0208002452705142,0.0422435619764125,0.1742720434501293,0.1233179808520981,0.1175298763474231,0.1265444283400662,0.1581205231991238,0.2483641976490294,0.1238367465255753,0.1259619477988232,0.1932742414533183,0.0484260794286961,0.1998845396886036,0.1071844997325509,0.1868992787275214,0.0790366195770498,0.0745952023306006,0.1705272619540638,0.0712972068797457,0.0887722840145146,0.2206079343646273,0.0357080956209962,0.055390082325456,0.0590264500508304,0.0480563277599885,0.3056056755378315,0.0975023979844582,0.0567725965925714,0.0362114110611491,0.2714511686884887,-0.0215430626368763,0.0686661724421682,0.2040807228094689,0.2260733305931128,0.572295930480383,0.1340737981760651,0.0620043842971147,-0.0295446096902903,0.1923884206637882,0.0940578973339674,0.1198536998536617,0.0559751724861666,0.1068352503350417,0.1055293058594458,0.1228208968583511,0.158554820177273,0.1287545660349144,0.1470781330464878,0.0828356758748896,0.1251763263804838,0.5677714098345812,0.1693322247892211,0.0586619912705419,0.0032282778903311,0.1109447182227031,-0.0124832492519827,0.0910471210310013,-0.0624705466524266,0.0664893833890265,-0.0073758252360914,-0.0465858580723547,0.032806910392694,-0.1206942424892267,-0.0286042911998746,0.0164749140792437,0.3137137311242973,1.0,0.1006922795191641,0.0875076328699591,0.049130549889816,0.2966501614329173,0.1996571727519343,-0.0646652594875558,-0.0382863439835344,0.145740601314371,-0.0834990859070049,0.1349285182644929,-0.1013764835216407,-0.0727897683906709,0.1316268745411297,0.2233396106157594,0.1737222817031007,0.2372063181557804,-0.0637896825098857,0.0152481008977601,0.0069281856811446,0.1009804345527542,0.0504062503614506,0.0559643634685561,0.0200291638645674,-0.036025139478271,-0.0518578212898875,-0.0994902194061141,-0.0386551613968292,0.0108500472008761,0.0924272589898697,-0.0824557134651995,0.1521632341266924,0.0299396195592773,-0.0467031368860813,-0.0015974887509401,0.0106587759545833,-0.0059120626501513,0.029817908638667,0.0018965444105891,0.0092849735347583,0.0431454702106077,-0.0332065515766079,0.0199004198106854
SelfConst_Q8,-0.047965148722807,0.0698217595709591,0.2050970774458912,0.1982005888362951,0.0300210402898074,0.1555631627285974,0.1581363211000294,0.1231345202554925,0.0036020379404403,0.1107249008689412,0.0812359529489066,0.0724269112981894,0.3010283238234641,0.0444893013220581,0.197499704256908,0.09236954457352,0.1703433964447255,0.2710444213247153,-0.0301353114526901,0.063207545362233,-0.0102742801635526,0.0026716217769905,0.0166761101255937,0.1996392837728532,-0.0420056265512923,0.0843926329296185,0.0560106081526863,0.1642953792758273,0.0331154911033186,0.0219426895860792,0.0482359668294498,0.0431615219125109,-0.0042031820939189,0.1821664894174268,0.0638222876006632,0.010881108236093,0.0419942411092028,0.1371845622148343,0.0178625099899771,0.2165480885183024,0.2298725259651578,-0.0103920880614225,0.0455507411999409,0.1204164237510704,0.0269852788966597,0.0975931171600444,-0.0505619567317113,0.1088903335998536,0.0621617421811655,0.0907754347619031,0.1492955901505434,0.0809934484343944,0.1929635545060365,0.0916547737155925,0.2437904249372983,0.1806611399945004,-0.0469780466652726,0.0552728460556189,-0.0301397969822239,0.1285430670589971,-0.0258515746652602,0.0116919499164405,-0.0705995973981823,0.1233614662366593,-0.0165109254758696,0.1050162126477002,0.1290291822201859,0.245026450953418,0.093117699557766,0.1384698677433903,0.0096729213970939,0.1006922795191641,1.0,0.0836490564828822,0.1310879628922094,0.0513345736355886,-0.0769643045674273,0.1391209278242908,0.1231474017376266,-0.0424700973354669,0.0425640882857701,0.0471107975586007,0.1911294346646617,0.0945002912144932,0.0376090205560257,0.0482164719684553,0.0858291068559594,-0.0348304363255307,0.1227334672847936,0.1892573428458298,0.0770066685471827,0.0650989252968057,0.1687933477312366,0.1345787235611358,0.1326994518334648,-0.0046864603810403,-0.0021951363861495,0.0260843858890602,0.119726269177896,0.0524798653995221,0.0080961327025958,-0.1316951516537174,0.2174743270520691,0.1909687355123747,0.1200252768560498,0.0232179906510746,0.1303788941230013,-0.0746515599033537,0.1234496396256124,0.0545008913906715,0.0006875830494241,0.0416461683801409,0.1824495389938148,0.234030997003743
SelfConst_Q9,0.0182564886721143,0.1197124328844832,0.0606473912874469,0.030677554309019,0.1256910570995407,0.191613849565369,0.2535194425299106,0.1441840310579099,0.1251978824789887,0.1518824273069061,0.0841630913490815,0.0355713108642009,0.1405856921095676,-0.0809117103967555,4.782928933818112e-05,0.1019459580583734,0.2633534725912466,0.1908217218121326,0.1358624778875875,0.1466122600606851,0.0406222820587427,0.0330332547526095,0.1282970480207843,0.1625712635469777,0.1405934083779384,0.0820727145725168,0.1964618917241638,0.3330054304358927,0.1669918457911562,-0.1323398987405129,0.2553900342729843,-0.0992211484163921,0.2020891933550696,-0.0117605761228635,0.0158221628357643,-0.0950153789205509,0.1933676671907484,0.3415513527935661,0.1029905241529721,0.2378736504458445,0.1310989956470657,0.20913640691084,0.1822731243073372,0.2089309080532789,0.189673317327593,0.1147848421705968,0.0851167314955168,0.0571522029499034,0.262264895571645,0.3072830072418943,0.3127584226078103,0.2248446879975161,0.1519239142950422,0.2711776754721049,0.2157364742306109,0.3193449503081274,-0.0531471861734106,0.2878378156145955,-0.1537129755510614,0.2623032727792376,-0.136411274114568,0.2658841801188772,-0.0694095260340183,0.4088894544233926,-0.1587403587914232,0.2381777560743184,0.4394581222462997,-0.0557339000340739,0.068152815348908,0.028205974254443,-0.0075136564307968,0.0875076328699591,0.0836490564828822,1.0,0.0330283499965626,0.3230498427584926,0.0357189692103562,0.088032629347702,0.0799554319502694,0.1056992960917102,-0.0429682001113722,0.3167192847515284,-0.0852067962361647,0.0883119807036913,0.0654004334294237,0.2757986202442679,0.0829425345330942,-0.0041177310314236,0.1428122164647001,0.2545458000357767,0.3139105318525573,0.2216555516793013,0.3321797325105947,0.2709375676951724,0.0694067519109455,0.0594328009213914,-0.0543869039642505,-0.136199917647507,0.0682819601005869,0.1643415219093731,0.0234185244546453,0.0320694538626096,0.1804260548667867,0.1524631964116327,0.0534581806193978,-0.1345758312713073,0.1109050320707693,-0.1389322305982862,0.1152459725979482,0.1755605250103364,-0.0932903098636717,0.2516920003886596,0.1525060425467574,0.1693543791991867
SelfConst_Q10,-0.0603008623270869,-0.0408255765992278,0.1482419976868627,0.2928756333745463,0.0400228788661194,0.1665362461870279,0.1576576708684932,0.2184334544203857,0.1173827501637646,0.1836000512655989,0.0835622611736526,0.1618017791932149,0.2583715013951396,0.0699808093527552,0.2714092363968106,0.0972821902992092,0.2004416475473643,0.3359337592373739,0.0628755892637807,0.010197621965582,0.0110296010228912,0.0609771793394421,0.0206553084826483,0.2011206583740794,0.0710625460051841,-0.0325360896740197,0.0867387436959165,0.1710724817173065,-0.0229176800583652,0.116558582001257,0.0014293271298282,0.1553751375634757,-0.0353922510322106,0.3302118327108447,0.1922755145456569,0.0168506232934507,0.0288115265987821,0.1811485828616151,0.135201249336141,0.1440031007239174,0.3083185382091604,0.0441458972452656,0.1476888179844396,0.0389647455417759,-0.0039819567868383,0.286002355226375,-0.0018526197003232,0.2918046696249725,0.0109368756213643,0.1229566188749318,0.169481021661044,0.1613296315874661,0.1775602578133295,0.142724641736468,0.3352073637473679,0.0510288618708117,0.0863812974635268,0.1279645235764328,0.0016529541603215,0.0929300057567085,0.0022980999104972,0.0319855437932987,0.0144159399277438,0.139087927115933,0.0434912476802396,0.0792343747067899,0.1414699175828605,0.2075253116335894,0.3172289570290961,0.3966589960340871,0.0429066310113749,0.049130549889816,0.1310879628922094,0.0330283499965626,1.0,0.0375564344078955,-0.2335522085167896,0.3078520586899266,0.1783669253165053,-0.0860589719068797,0.2455731187668424,-0.1463220214862886,0.2131603102661134,0.0803507448014685,-0.0598826479987942,-0.0207573160687388,-0.1318962697647116,0.0266124794561324,0.3301236337313055,0.1508379572811489,0.1500038962401315,0.0625363854317684,0.1358306090536746,0.0857988077038431,0.1585199192374238,0.2191284323581085,0.2460386814054496,0.119562966441048,0.4153315760788546,0.3199125003696401,0.1515941601092052,0.10477936045104,0.1382852280523977,0.2201876070715771,0.1582387066794848,0.1091588519964683,0.2274864749551936,0.053044155622604,0.1009296161806797,0.172594001662509,0.0113283860774476,0.1951260812855001,0.1468275586857174,0.275849186917749
SelfConst_Q11,0.1893464517469896,0.0826429622718827,0.2764717631599033,0.140864652711624,0.1955295054226528,0.2581947426532389,0.1438506167734847,0.3026304783872735,0.1219690160790769,0.2084182308202644,0.2085237413997071,0.1267216346975496,0.2652779726238362,0.0870846937470652,0.0433857036289127,0.4068805261268996,0.1430146163616223,0.338110129014157,0.1213493560975075,0.2359910141696263,0.1030630361125051,0.1213533223052119,0.2029755240430863,0.2576281599931312,0.1590968211424178,0.2057650897318695,0.1110411884714159,0.1506760301842408,0.1113491298610095,-0.0537824283580868,0.4019605204327969,-0.0986958795941976,0.1110163208027459,0.0904348776627255,0.0466492033427794,-0.0694420207472291,0.1557954557588786,0.3219326052445543,0.0299135389032863,0.4429777587171273,0.2346132624062089,0.1286934505634652,0.2302776763269297,0.1938037132261238,0.0976544351653308,0.1315181379595612,0.0922867019102813,0.081244883626977,0.1805773939118256,0.2708210036263943,0.2570077568518332,0.2059227710824361,0.2414581473093642,0.1819607375635667,0.2727675462285411,0.356571466998657,0.147883434574074,0.2269187767391015,-0.0359818009465522,0.2682431359531589,-0.0583701679235685,0.1753340998912005,-0.0622220253213916,0.2359947023445727,-0.0181789399928065,0.0861781755792327,0.2743539645595045,-0.1520823454707666,0.0853923308427138,0.1069042689336414,0.1415911857617226,0.2966501614329173,0.0513345736355886,0.3230498427584926,0.0375564344078955,0.9999999999999996,0.1194854730029479,0.0829724938679828,0.1333731329036304,0.2144309095013513,0.0832753916726573,0.252277600973558,0.0985420563829052,0.0083795891708383,0.1813932559462858,0.364890168848481,0.0141822334929488,0.1990411235169694,0.2305769820022451,0.1660040829067715,0.1023203935181753,0.2585188407972082,0.154552771433331,0.1363121127244585,0.2426819279939057,0.1409510761513732,0.0342787500546356,-0.1005754892116175,0.1159605597106662,0.1505481561596511,-0.0435923614497075,0.2216815746593072,0.3204181447002217,0.1145289316515351,-0.0200536478519239,-0.0387176463730234,0.0980581175328236,-0.1159928915511885,0.1587380643752168,0.1448081426881132,-0.0670143159244303,0.1865168003125969,0.1561110569817443,0.1193623574560497
SelfConst_Q12,0.0889826495210378,0.0046488950548983,0.0867516082499147,0.0552617717111515,0.0295161377556506,0.0286226479108287,0.0230145168198846,-0.0117883486744208,0.0305944545337344,0.0727374591116279,0.0031493281179436,-0.0430949356601309,0.0486697901694317,-0.1018077053240742,-0.1041239964038473,0.1283492024867955,-0.0320683311213606,0.0997317165164854,0.0436649675136576,0.1102973477625716,-0.0505558452308147,0.0100059068347174,0.0913444931774065,0.0262891114023224,0.0224645275153635,0.0315114161854947,-0.0718691970777453,-0.0580316607801829,0.1195132665039862,-0.1011671633922655,0.1873586786861003,-0.1098876542792391,0.1620704099205802,-0.0501620671097174,-0.0639779404556937,-0.1154474946929564,0.1655905355444128,0.1298760201105332,-0.0681812711754051,0.1330791767658984,-0.0464713269998036,0.1228825863979802,0.0107758422235748,0.1894404278739477,0.1764498625117119,-0.0366845238756033,0.0683653436704901,-0.0706394263401992,0.1892689740412217,0.0670269930359538,0.1391527127380539,0.1017260823049664,0.0975188833621126,0.1208797082584643,0.022322580349779,0.1613965144024298,-0.0138191421682265,0.1144219339679877,-0.1439681073950204,0.0692617008177985,-0.2020092653802663,0.1665957070864517,-0.1963289769894016,0.1097253152869809,-0.1651660809432452,0.1005307590428768,0.0925222995673355,-0.0773822288442824,-0.1879073843794885,-0.3470773703308196,0.0925155213308993,0.1996571727519343,-0.0769643045674273,0.0357189692103562,-0.2335522085167896,0.1194854730029479,0.9999999999999996,-0.1716697500869281,-0.0495807639320064,0.1054176773152081,-0.234631721413967,0.16829283648472,-0.1642550256988667,0.0322563863231313,0.2957392097196689,0.0077509694679736,0.164182583800467,0.1092304547032482,-0.0835619491966402,0.1049104059012006,0.1353712390871836,0.1932657085197572,0.1700255112486162,0.1128553400531567,3.9015829146660935e-05,-0.0367949644520612,-0.17561553568043,-0.2052227866200501,-0.1866699295251604,-0.0797419120922383,-0.045669091893279,0.0373962081544651,0.03934194625707,-0.1036037440321758,-0.1759475802724476,-0.1959995931838093,-0.0807774846380979,-0.1758740091026734,0.0226935844593576,0.0665796038341142,-0.1041740490081866,-0.047407233345585,0.0568459396540535,-0.0464336506123383
SelfConst_Q13,0.0796374391107037,0.0374559037071131,0.1847276356075435,0.2339625687093846,0.0628724623917653,0.2752517460550617,0.2164878249798429,0.2802808715792401,0.1301784432910103,0.2228346057964286,0.1545474281674304,-0.0080143230459395,0.2474194649825464,-0.0491506012864545,0.2211238093026574,0.1621583795688138,0.2028407131727673,0.3585506980050592,0.1140639234131561,0.0474918966458153,0.0981239055521873,0.0806170667390379,0.0339717882576978,0.2274553606053584,0.1166746567422247,-0.0121594132051765,0.1453882616967707,0.2377212292699195,0.0359890649933378,-0.0417655434490459,0.0525866183367969,0.031241526228933,0.0233472583669622,0.199347804246105,0.0216677448417163,-0.0473568784003201,0.0478184925233145,0.0788493206128757,0.1006479344614828,0.0747748910680254,0.3803993754480902,0.0776769387846725,0.3372042158222771,0.0689959160139739,0.0422458975604282,0.2347859571211854,0.0154783562921553,0.3028749156542267,0.1278016050913029,0.2259905075496678,0.2048740413973048,0.2557395635042129,0.2240190030937612,0.2063040352414171,0.3335736705840951,0.0841521934620449,0.0059534912050693,0.2546287318515631,-0.1469070985804618,0.2636676497916557,-0.1546993650646685,0.149219047540433,-0.0807459631424935,0.3253288997894562,-0.1090346994373151,0.196403910484385,0.2179246428759793,0.2261086798555035,0.4512882774931678,0.3810466718262263,-0.1462791536312455,-0.0646652594875558,0.1391209278242908,0.088032629347702,0.3078520586899266,0.0829724938679828,-0.1716697500869281,0.9999999999999996,0.3071204206989323,0.0802458812628882,0.4599504046245397,-0.1163114040542317,0.136934153137669,0.1281215001383961,-0.0504569080667243,-0.0419849266240329,-0.1300803479819004,-0.0673004952569775,0.5085185903678681,0.300007876943357,0.2438921217064846,0.1996322667004619,0.2557007936960245,0.2180792198568628,0.2138486580147033,0.3846645126117141,0.3216269657111377,0.1002743451241914,0.5517247031578271,0.3897993901711312,0.1513916357177491,0.2182753616387413,0.2121534046786837,0.3836264434224525,0.0725794116763984,0.0983558337301898,0.3142502930421225,-0.0915292035606702,0.1765512352137111,0.224236727045415,0.0207480448997168,0.1985552762807444,0.224403604531563,0.3903787756522005
SelfConst_Q14,0.1063872925313028,0.0552879856004896,0.1768483676000621,0.1038556634669862,0.1681573279993865,0.1984513612219141,0.2352990473298161,0.0827948719954643,0.1785114014001035,0.1993970100984341,0.1896859372163815,0.0254254743642488,0.1653117919681561,-0.0421803847740431,0.0518481988227081,0.1416096377986621,0.1546467696367382,0.1866516346652437,0.1825812421293394,0.165687851714153,0.1345953604783457,0.1529016895255797,0.1584894751302117,0.2385206165994038,0.2114066857285573,0.0680642123856491,-0.0385956989379312,0.1491633598173416,0.0255353202375827,-0.0430749865458956,0.1157732809992144,-0.0253233692297925,0.0688729015511301,0.0751028715423165,-0.159174873591035,-0.014579320775595,0.120487923918268,0.1644109118613492,-0.0187669218413106,0.0532552985928311,0.2479207718164632,0.1352261393873091,0.147031575216101,0.1474847963761675,0.0688729470882854,0.0984269210909092,-0.0406985039943208,0.1717898020909424,0.2240210010775334,0.2645087730962667,0.1506895990610902,0.2366459375520245,0.2234154459402197,0.2139829217150411,0.1442308900991929,0.0617527038649824,0.0136140032923663,0.2319298337239472,-0.1280237465565821,0.280164512347572,-0.1188836799332781,0.2599812068605563,-0.0901911392661239,0.3290475232170454,-0.1081259069665413,0.1525243148761288,0.2561948722273294,0.0758703492208993,0.2691007745383099,0.2460027765997676,-0.070786373442546,-0.0382863439835344,0.1231474017376266,0.0799554319502694,0.1783669253165053,0.1333731329036304,-0.0495807639320064,0.3071204206989323,1.0,0.0805319637896443,0.153496668292957,-5.683763161253019e-05,0.1158768047971841,0.2235693505059119,0.0680772850548703,0.0616906053133134,0.0518570182577206,-0.0688504588086077,0.2592873423648641,0.2955611063227447,0.2529961508115512,0.2431797977542466,0.3303567369661494,0.323881945472158,0.2329637821053824,0.1067872947766802,0.0959898093023979,0.0356927100521935,0.1692867810611219,0.1027623408725481,-0.0924278555796548,-0.0601817742559569,0.2133108504749381,0.1326984621144804,0.1238397010499456,-0.0736650159148868,0.1160324866037055,-0.080453356005197,0.1956521552233967,0.1789553315884419,-0.0362719159226288,0.0814871812819581,0.1822306875303081,0.1740226010349756
SelfConst_Q15,0.8249992670199537,0.102993542840103,0.2415702836646465,0.1242186058157638,0.2902660579301777,0.1511372576381336,0.1773989500488044,0.158230115745242,0.1308635715590528,0.1095225969810579,0.0901449497905833,-0.001115700169681,0.2132934260817379,-0.0470908637169999,0.0665888528116043,0.4389004984444119,0.054352230503461,0.2034671893731072,0.1610031830236784,0.3775147520191835,0.15713499290366,0.100307043428141,0.3676733481097047,0.0712236949837143,0.2220472302742045,0.5346643892218101,0.0575674603890647,-0.0029569406512563,0.1783296429304959,-0.1031356578192296,0.3589605384375756,-0.0570845060811675,0.2068370328798156,0.0514818567371221,0.0724350946906641,-0.1104935323099655,0.1366871289167071,0.1918259303044843,0.074075207054461,0.1811432858401464,0.2248488099907685,0.181756334603662,0.2259285136958871,0.2184472215121846,0.130474869477188,0.113925818784146,0.1139666800736137,0.1460859624032661,0.2373673223306609,0.2600664630928889,0.1815873068689952,0.1886124349524643,0.1096587916838301,0.1903168770564703,0.2426174342040782,0.2470941813545833,0.0552422062804237,0.1851009398393136,-0.1328986668960744,0.3303599689065747,-0.0802754451238968,0.1737829979286848,-0.152339427738386,0.1511311813964901,-0.1674147827631285,0.0715167650486847,0.0264078935792157,-0.027632770746239,0.1275542260458384,0.0599306857858841,-0.103100602667396,0.145740601314371,-0.0424700973354669,0.1056992960917102,-0.0860589719068797,0.2144309095013513,0.1054176773152081,0.0802458812628882,0.0805319637896443,0.9999999999999998,0.19400520930851,0.1919367908031892,0.1584496000840345,0.0405403264555212,0.1530022561902311,0.0737149252485558,-0.0280634020201524,-0.0744677129375591,0.0799852518007403,0.0933026551144006,0.0815225042409256,0.1486100693316943,0.112460067093309,0.1313026456013585,0.1017607594010151,0.1776040002577477,0.2102111658599357,-0.0889993121608073,0.059083362823626,0.0971089001513041,0.0303471398676467,0.2837532328345261,0.1843495074368234,0.0356808952799496,0.1107433096502612,-0.0488184129428448,0.2713158577088207,-0.078925005077872,0.0927218076204472,0.0853797256231574,0.0691739869462566,-0.0045971101828569,0.1613299446410249,0.0585848914645631
SelfConst_Q16,0.2274182494899995,0.0846796284964249,0.2830384196510744,0.3717499601893647,0.1087766977913844,0.2157710056847165,0.1874462454192372,0.261022836568179,0.1594109503311295,0.1654559188657117,0.1301512264579678,0.1149850246104153,0.2832832409878232,0.1449729841573871,0.1986856312884861,0.2843126194442681,0.1301698049701587,0.2784234506108564,0.1045586062396981,0.1360088863483013,0.0784591776737092,0.070512777906072,0.1206811263442857,0.1295761582513173,0.1387128442532975,0.1365402932145958,0.14760014854561,0.1525884685869806,0.0895650410867782,0.2010260536433979,0.1215471402979044,0.2502373181728845,0.0775118164971475,0.3792598766800554,0.1151165251389637,0.0198447889949369,0.0445031384881478,0.0786519769536543,0.1494551678198811,0.0134832562760477,0.3266242190445657,0.0541652658629196,0.1953888915750601,0.0551859864181881,0.0406773373780676,0.2896989808950556,0.066478861081013,0.3198380616060929,0.0182593255841861,0.1872959977003744,0.1570281442825233,0.1824146865939718,0.2333768309002325,0.0685867733395818,0.3284531326289445,0.073177510995906,0.1091921181824986,0.0808914586861364,0.0509720918298543,0.0336079948312205,0.1010066201733144,-0.0019813410448806,0.0249903159307125,0.0969851753697852,0.0887706594167484,0.0977393769169701,0.0841278213555179,0.1987440630620119,0.5117618956678455,0.4017682250352324,-0.080264693332907,-0.0834990859070049,0.0425640882857701,-0.0429682001113722,0.2455731187668424,0.0832753916726573,-0.234631721413967,0.4599504046245397,0.153496668292957,0.19400520930851,1.0,-0.1223609554299682,0.1643571988124536,0.1012309223965609,-0.1544565743991277,-0.0865396679517135,-0.1155564165012766,-0.0571215910204892,0.4143157347132287,0.1325977610232908,0.0606753756953802,0.0518505849545409,0.0341862912581301,-0.0051117043645586,0.1681872608322513,0.3145964538103885,0.3386301166798302,0.2751555263158873,0.3687800949188353,0.2876997434698939,0.2777323105594842,0.1862982474194747,0.1538643324003955,0.3107316832640297,0.1486174149191771,0.2022136625316595,0.2557138199180137,0.0942293101713396,0.2131755601704185,0.0817481380043533,0.198173008034147,0.0709218327077022,0.1240245953995609,0.2706795333246579
SelfConst_Q17,0.0690975847366132,0.0129015695244058,0.0838696640712391,-0.0136057657870099,0.086881753041938,0.0427580302101561,0.113293708910064,0.0378890787099004,0.0335437484145378,0.0399045547725219,0.0621447754037691,0.0143313985624254,-0.0032916741128076,-0.0852791068863433,-0.0917651060048463,0.1208230748517589,-0.0362153941486186,0.0546949786806244,0.0705363265009026,0.1888599894215714,-0.0247527458332725,0.0401909574533989,0.1765999195287883,0.1101426525276103,0.101852167276675,0.1524936152984783,-0.0653859408045759,0.0142117999233491,0.1141072370267968,-0.1750602673268222,0.245834252957496,-0.1260871543613811,0.1925935545278668,-0.0968497551254178,-0.0388282558497124,-0.1204221038048364,0.1523801921422904,0.4937702029447702,-0.0358289927215063,0.3065265771458967,-0.0301585155871459,0.114532658024528,-0.0768504286218219,0.2304230295001368,0.1486547337005992,0.0109980009991235,0.0837000967353728,-0.1095719434076148,0.2039123668550745,0.2338962675538465,0.3350826992229767,0.0940130359044918,0.0382810109821056,0.0898195800611205,-0.0039499606621617,0.2120147456458488,0.0177661431158374,0.146830212944734,-0.1345854594773358,0.2431301236400613,-0.1553818612780562,0.2107679906307921,-0.1754185026870521,0.2813275191876919,-0.1816563526911779,0.0787647808595835,0.1443390043691106,-0.1945197570426904,-0.0997965815850652,-0.1284014223861178,0.0777064395297523,0.1349285182644929,0.0471107975586007,0.3167192847515284,-0.1463220214862886,0.252277600973558,0.16829283648472,-0.1163114040542317,-5.683763161253019e-05,0.1919367908031892,-0.1223609554299682,1.0,-0.1235582887722168,-0.0129742385441945,0.2167288904013916,0.3032858145607596,0.1126627580992626,0.0816880870364881,-0.0796066261144994,0.0977030638590249,0.1211269775475243,0.1155213583505539,0.1705111297660634,0.2129656708154121,0.0061147649344331,-0.2014160688946105,-0.1992847140254117,-0.2027875576227487,-0.0947254257704584,-0.0757365701885337,-0.0386416253583012,-0.0793829891091849,0.0684053364773114,-0.0358935384181577,-0.0354772317483368,-0.1461273679823513,-0.1013551475714662,-0.1203309299178161,0.0791500019015899,0.0167686988389412,-0.1594103654205351,-0.0039267988882585,0.0194576973357089,-0.0140917214316367
SelfConst_Q18,0.1138956207397345,-0.0142921907847132,0.241715453492245,0.3037997267993246,0.0674048605446573,0.2756109246001033,0.0631427750016168,0.1734696185026894,0.0564195324337123,0.1655999888237324,0.0704490738534542,0.0733279330535737,0.3013442151177981,0.1050856937930507,0.191558542893184,0.1311747043543695,0.1942050133929866,0.2736245729514743,0.0346179419153568,-0.0179037924938042,0.0919513627684841,0.0727917305598344,0.0279469053111827,0.173422480826951,0.0257272458884575,0.01044401070438,0.0842285613750776,0.1385406293514781,-0.0480101743581434,0.1428421007707134,0.0492817728823971,0.050872511894509,-0.0842476628443873,0.3750233065497137,0.0873763552173537,0.0580152978127017,-0.0417918164544302,0.0303847228062214,0.1084542999120299,-0.0209854479468448,0.2569738027290825,-0.0128252989279354,0.2502267572795703,0.0034456481301988,-0.0695710506265747,0.1994264407612059,-0.0202496054689724,0.2458403722442129,-0.0282803824043875,0.0447685214144567,0.0502133533264772,0.0690570360082994,0.0149803681793616,0.0621857714809688,0.2937641042931791,0.0394575730595022,0.0500790183786012,0.0310555952100702,0.0616017491114545,0.0230360247949004,0.0935613783953297,0.0017482377358126,0.0128373777752943,0.0461296881443271,0.1090657769944989,0.0644584265284629,0.022307100401959,0.2494659736875542,0.2599383626378958,0.3185737375393446,-0.0934608297943707,-0.1013764835216407,0.1911294346646617,-0.0852067962361647,0.2131603102661134,0.0985420563829052,-0.1642550256988667,0.136934153137669,0.1158768047971841,0.1584496000840345,0.1643571988124536,-0.1235582887722168,0.9999999999999998,0.184248202941357,-0.0456303798877705,-0.0048665502062305,-0.1323069792332776,-0.1093320881029609,0.2641107739076019,0.0860097115015392,0.0598267513939312,0.039731380524101,0.0582554296258539,0.0425438123009675,0.101633232054652,0.2667393771788216,0.3023663599851875,0.0953553967805062,0.1733682592906957,0.1414009777090525,-0.0354072941066934,0.2800234513840501,0.0944289393537776,0.1786286251366043,0.1691792396868125,0.1239858587420088,0.2591055406303729,0.1505354401954945,0.0807921434293959,0.1627274531843543,0.0137211508319255,0.1039275921263554,0.1189678094762495,0.1679515208360171
SelfConst_Q19,-0.0719840016845201,-0.0598082025921845,0.0895462269291987,-0.0204103763811719,-0.0329698239069812,0.1933871864773678,0.1050265860423897,0.0648650852508732,-0.0101068988851201,0.2031308119798108,0.0020969132224947,-0.2196085726595302,0.0418172312544313,-0.2665462046390324,-0.0822592518605845,0.0250890814781123,0.0776406904268156,0.1268432175314141,-0.0702536723422798,0.0611686764664403,-0.0557773269899038,0.0313966713161206,0.000110253853298,0.1492422385705261,-0.0419976611052492,-0.0399832905087588,-0.0803598239173341,-0.0011307673721304,0.0008350016839851,-0.1621529465337128,0.0707983252593077,-0.1824673552586799,0.0032438794819285,0.0582816422048965,-0.189482294351268,-0.1285296195320475,0.0233133901266939,-0.0342177250741022,-0.0368005612194812,-0.0914451904336348,0.1194855607701604,-0.0192714059054206,0.098723547816701,0.0882536623562754,-0.0255019185317409,-0.0034304507792974,0.0089560550188175,0.0977307998937216,0.2496822851420562,0.1337346624871314,0.0920872562131158,0.1360079339672145,0.1415747548529414,0.1374063688618353,0.0392738940201157,-0.0935450651215506,-0.2424059844616864,0.2941782031103128,-0.3309363653233106,0.2676041833965953,-0.2968833504643566,0.3635344101409861,-0.1823056935978215,0.2673726174884208,-0.278298157700985,0.036348311934199,0.164075415984443,0.1879659811595041,0.1242150600770717,0.1588394964678532,-0.0444610929024662,-0.0727897683906709,0.0945002912144932,0.0883119807036913,0.0803507448014685,0.0083795891708383,0.0322563863231313,0.1281215001383961,0.2235693505059119,0.0405403264555212,0.1012309223965609,-0.0129742385441945,0.184248202941357,1.0,0.1429747822530531,0.0097930516432657,0.0185437935840614,-0.1099958058858435,0.2682531777603565,0.1913541606531083,0.172735607467566,0.1834844883337513,0.2129655377132146,0.2342645933701938,0.0697043738638889,0.1121677765468041,0.0528170827912595,-0.0382939880718681,0.0729404572765577,0.0028739430290895,-0.1255829666450793,0.0210249535611159,0.0645648143154762,0.0711855356757571,-0.0646753184437192,-0.1376079384794663,0.0375074000238424,-0.1134525317306001,0.0803830467376814,0.1401478234753795,-0.1214371295752018,0.1556260847085809,0.1709333668610765,0.0785803520328662
SelfConst_Q20,0.0679183509540762,-0.0303167508112049,0.147039820863668,-0.070105206590367,0.1031647464505911,0.0877789222273975,0.1570566290428898,0.0791470377662895,-0.0024330171567079,0.0872443151167767,0.1022099129904291,0.0211980981792865,0.0172119831987265,-0.0652133495991867,-0.169823411865704,0.1883625525635887,-0.0325130817204091,0.0631651515053704,-0.0018298284767048,0.1687050116272441,-0.0208806416288407,0.1146307144060052,0.158849254900288,0.1204422995659942,0.061803364106204,0.1154101434393009,-0.0806613690661214,-0.0138463019485036,0.0822125104305571,-0.19199834796256,0.3169567966113645,-0.2516718729210035,0.1185680713307025,-0.1700305230197451,-0.1332715112244631,-0.1060824824777899,0.0905190452182518,0.2185175136028121,-0.1912782098400524,0.0739758757536891,-0.0447813872540899,0.1166554433751527,-0.0586752342881045,0.2499732504835971,0.0886635070985181,-0.1745104187586894,0.0833533646779263,-0.1368341356748089,0.2237036435024487,0.2114612913303812,0.2213004274205469,0.1208532215667723,0.1831359065718324,0.1322518571350696,0.0409230110756757,0.0807958098374943,-0.051621177050861,0.2208430518100184,-0.171939556946051,0.2250233434323441,-0.1550083195852996,0.2851633505438585,-0.1084792622150735,0.2720359633344128,-0.1602041667750218,0.0251639926568892,0.0824399102314857,-0.0819102434926376,-0.2001960879934445,-0.0061258312988201,0.0967990548469955,0.1316268745411297,0.0376090205560257,0.0654004334294237,-0.0598826479987942,0.1813932559462858,0.2957392097196689,-0.0504569080667243,0.0680772850548703,0.1530022561902311,-0.1544565743991277,0.2167288904013916,-0.0456303798877705,0.1429747822530531,1.0,0.1825733412334735,0.0945803358345054,0.1104329355643748,-0.0116402251515993,0.1477043958380021,0.0896911182355613,0.2185288041186352,0.1540332613958945,0.196673128743556,0.1086044606730107,-0.030623817194627,-0.1707137962041157,-0.2991852124145061,-0.0998280200367831,0.0274013109173166,-0.3546889107446718,-0.0756695968409414,0.2180337219021273,0.0313343618687867,-0.2580810516627905,-0.3381452710918454,-0.0735789140244474,-0.2408347226741324,0.1253135538858135,0.1195105894704212,-0.2301197781278903,0.0768272468285854,0.1800352062789528,0.0248912446582078
SelfConst_Q21,-0.0443351662756047,0.026561251865593,0.0110347064127673,0.0010594746917858,0.0979613991950154,0.0088494336930704,0.0714838119998505,0.1229966475236159,0.0533767822730182,0.0560990912963419,-0.0014998314099064,0.0897605637559333,0.1071784525744599,0.0759428301563955,-0.0836651933275796,0.1004516958506725,0.0300714907541991,0.0397702660861444,0.0561939435581946,0.1827997534797615,-0.0165994237676283,-0.0017323726256757,0.1182018525955402,0.1660984786496746,0.0422918453753956,0.0577668274734478,0.0356883743438553,0.0322360201153381,0.035871002948717,-0.0738112979862485,0.2087831562553689,-0.0488798761359198,0.0845579785419198,-0.0553802716359988,-0.0204555432860034,-0.0162823606656364,0.0669060372124464,0.1892870875408084,0.0491906142953668,0.282889642330338,-0.0187565803004108,0.0673447044264844,-0.0342294320646462,0.1851918521104142,0.0685402704142761,0.0059450486477774,0.01178400180769,-0.0265141316911169,0.1545094929568288,0.2166802366328602,0.1614491826749289,0.1249077295461618,0.1071604821992149,0.1169775612513563,0.0768882449167396,0.2382251238864758,0.230314604784759,0.1937329132613156,-0.0073580040930823,0.216178463574997,0.0099022304503041,0.1650526160275427,-0.0212970911197736,0.1984890075913581,0.019211231522227,-0.0055326594822147,0.0991445344034549,-0.1984168803564011,-0.0871770861320864,-0.0824926492096881,0.0875390477943579,0.2233396106157594,0.0482164719684553,0.2757986202442679,-0.0207573160687388,0.364890168848481,0.0077509694679736,-0.0419849266240329,0.0616906053133134,0.0737149252485558,-0.0865396679517135,0.3032858145607596,-0.0048665502062305,0.0097930516432657,0.1825733412334735,1.0,0.2699477673182669,0.1579211693285076,-0.0328000545202723,0.1162434032929557,0.0926438418695969,0.1911570150873443,0.1082909251981911,0.123035477804274,0.1456806974380891,-0.0722832116961034,-0.1195658435974458,-0.1554374789166407,-0.0170694513566429,-0.018159442859734,-0.0701384609063298,0.0336570148742764,0.1404806251414435,0.0515341482991593,-0.0579702828149698,-0.1766574996397341,-0.0701494787863033,-0.0636680681022961,0.0706795981681354,0.0038456151426481,-0.1107696514686498,0.074634438254428,0.0654856579018739,0.0315117285992532
SelfConst_Q22,-0.0353543923892625,0.0590532115588921,-0.0292498075630739,0.0589039809956251,-0.0399242476995495,-0.010966209986618,0.0881591510072514,-0.0801855014931258,-0.0005327320538721,-0.0014318112714426,-0.0138934338192358,0.0455655106342025,0.0303901545789612,0.0054722659300741,-0.0453527128663452,-0.0392003900731414,-0.0190081288411123,0.0059559429698241,0.0820321988058851,0.0073281158673984,0.0158908158879092,-0.0506445049859442,0.0471232793180857,0.0241203889122958,0.0527612403966357,0.111547278128551,-0.0686028340437873,0.0208287669556182,0.007411065785524,-0.0686262546124623,0.0161295891499232,-0.0011707256974948,0.021636059568648,-0.0979530950119429,-0.0878783087222031,0.0495451100281586,0.0303631010012755,0.0199962089529559,0.1001670820897349,0.113159104185436,-0.0590560499757946,0.0473399736044616,-0.0589364204256614,0.0839702101488459,0.0820321988058851,-0.0650293101842053,-0.0625899594487224,0.023264443614515,0.0573853255209141,-0.001689406666114,0.0009742759529362,-0.0346987680431154,0.0582008246140845,0.0137669126009293,-0.0660743520284517,0.1025282828725426,0.1244381289144499,0.0511289260513677,-0.0471783208382597,0.0230589459830907,-0.0363388698653564,0.072492137261181,-0.0275437334081718,0.0993412649904435,-0.0543507804599477,0.0223048539993215,0.0590815147944366,-0.1124687731791321,-0.101321428861758,-0.1281679334681896,0.0991091497586197,0.1737222817031007,0.0858291068559594,0.0829425345330942,-0.1318962697647116,0.0141822334929488,0.164182583800467,-0.1300803479819004,0.0518570182577206,-0.0280634020201524,-0.1155564165012766,0.1126627580992626,-0.1323069792332776,0.0185437935840614,0.0945803358345054,0.2699477673182669,1.0,0.1344216396131567,-0.075005753147938,0.1251486125353297,0.0896451514042219,0.0781594517759967,0.1580311678456061,0.1397011237649147,-0.0026232601683328,-0.1537100224062379,-0.0706599053076878,-0.0206676807229494,-0.1826804565011454,-0.1178878783340878,0.0303293178777132,-0.1668570855448735,-0.0290752771956208,-0.0941482368420828,2.9053071424756105e-05,-0.1230360490581275,-0.0373197799360838,-0.0665264492845316,0.1323108885413126,-0.0055315998568237,-0.0885280667810722,0.0008778971381101,-0.0505695837784292,-0.1552421755837587
SelfConst_Q23,-0.0434582450974086,0.0346507049466605,0.0181226383186678,0.1207806338122144,-0.0099148717966658,-0.0092834285578807,-0.0702063114054064,0.0959397968541093,-0.0289442949047852,0.0219891700452332,0.0303799988183786,0.219154532614394,0.0651226516126226,0.1158405578868582,0.0192217012023209,0.1035463910411548,-0.097790441075883,0.0671497576988957,-0.0039752894966254,-0.0341432859735753,0.0173575937174389,0.0419308978140865,-0.0367890896564307,0.0798833214075006,0.0127974385938856,0.0345565474698617,-0.0621433652819788,-0.0930306515678628,-0.0057278215333263,0.1079530703754097,0.0942209872736052,0.0534803239412189,0.0174673658816801,-0.0159159228252596,0.1595782356471655,0.0838347254614758,-0.0558186186680377,0.0077818891033807,0.001426721206794,0.2289304253385164,0.041973640561226,0.0301099210827692,-0.0108127315909867,0.0447639005255785,0.0097117832006166,0.073487219748356,-0.0368732963084675,-0.084843343899416,0.0172323382516157,-0.0208844487362485,0.026429042585396,-0.0128455316523038,0.0975762299688152,-0.033581477136258,0.0389289322173174,0.2379083952150399,0.1863544789172659,0.0402269144101456,0.0517384587773694,-0.0752588999524183,0.0553582685709627,0.0466855861721901,0.0651378694581691,-0.0532401192300739,0.0303193145408981,-0.0128693491875636,-0.0011889640787307,-0.1904852159083209,-0.055703455479587,0.0151750422873024,0.7919024593718178,0.2372063181557804,-0.0348304363255307,-0.0041177310314236,0.0266124794561324,0.1990411235169694,0.1092304547032482,-0.0673004952569775,-0.0688504588086077,-0.0744677129375591,-0.0571215910204892,0.0816880870364881,-0.1093320881029609,-0.1099958058858435,0.1104329355643748,0.1579211693285076,0.1344216396131567,0.9999999999999998,0.0244926375090254,-0.0176410585262136,-0.0805498667578521,0.0596369464439892,-0.0337882500815355,-0.0621206991846158,-0.0073475286403177,-0.058616601805258,0.0135355354580432,-0.0784124284757238,0.0491595610700212,0.0744864107844841,0.1470993679525917,-0.0678760647291341,-0.0003249014155785,-0.0631152746963553,-0.0374265709072041,0.0401766161080969,-0.1053285639453479,0.0510118416380828,-0.0200302594787099,-0.0307928380551742,0.1071546105173376,0.0266011438589049,0.0268624320164444,0.0060411723516699
SelfConst_Q24,0.1086591924875502,0.0048217169924097,0.3055906282146509,0.3494712374504938,0.0921986792755324,0.3265427158936463,0.2092911221202941,0.4300319961689036,0.2177815719973322,0.2237477495297994,0.2355666752222502,0.104677516773192,0.3088460086492333,0.0112275499537092,0.2851954691469306,0.2785751472621336,0.2757721027514231,0.4105998604990698,0.15668931574278,0.1234084995817825,0.0606958879452716,0.1515169726181365,0.1062251516115807,0.1941800900294376,0.1829960819207958,0.016874642874717,0.1944438329251986,0.2626817152552048,0.0644898304700136,0.0465641896680731,0.1825334277083002,0.0653077362394641,0.0550933271623578,0.2448382405837102,0.0114370734761522,-0.0395363712970079,0.1368480100107457,0.1492965891410089,0.1025894512661612,0.1377315709971382,0.433035116994352,0.0968829855697998,0.3399916369952704,0.177426622621484,0.1034371367981284,0.2890974269031161,0.0811588562461108,0.3905023916414044,0.1537107441501334,0.2813772025951986,0.2670717940421871,0.3225415476742376,0.2569159138679693,0.2930130688365562,0.427772818932935,0.0353069272972737,0.039897902282193,0.3086984681652251,-0.1069664753927771,0.2082644286424461,-0.1071825196339587,0.2170701880947711,-0.0877577856735426,0.2978149994419813,-0.1085644165468822,0.1679675631954328,0.3114649955828304,0.1533043552461107,0.4737499984322793,0.5221494972151866,-0.0176020829643168,-0.0637896825098857,0.1227334672847936,0.1428122164647001,0.3301236337313055,0.2305769820022451,-0.0835619491966402,0.5085185903678681,0.2592873423648641,0.0799852518007403,0.4143157347132287,-0.0796066261144994,0.2641107739076019,0.2682531777603565,-0.0116402251515993,-0.0328000545202723,-0.075005753147938,0.0244926375090254,1.0,0.187436520751095,0.2197459497791509,0.1543159160729069,0.1790778381145906,0.1690307940450455,0.2120317482791522,0.4640114844738106,0.337956210955162,0.1454259019665569,0.4429070352989174,0.3934284089424245,0.1472756243881459,0.3666300585070784,0.2138186876887642,0.3108439049745105,0.1058986411639734,0.0362055892588671,0.3348350137774976,-0.0732092188601335,0.2098064727346047,0.2030730463906868,0.0683141461674742,0.1766484651211325,0.2184024932739181,0.3140724664982489
LifeSat_Q1,0.6321706537466169,0.6134100001444568,0.4114900653197325,0.4650038267233501,0.7984567253488704,0.5384870632473658,-0.0735201287270083,0.5372928429218691,0.8309209624189728,0.4146742148768181,0.8313963128209445,-0.4265241157120787,0.4215647544766562,0.095181609870929,0.3616138251222241,0.6443287452567518,0.7630397376092929,0.5325486255527161,0.8504143590938777,0.6888238603116551,0.7353917621374316,0.6788551023374407,0.8213135769386084,0.5692245667249096,0.8552880853791331,0.821363475519605,0.332396462266169,0.8238858803029478,0.8410348686596325,-0.2432046086540654,0.6081682898990639,0.0681208399553432,0.8532394666672385,-0.0124730032005049,-0.2573634288640616,-0.190829131264383,0.829752187999623,0.6629129357139121,0.4481989238198249,0.4312355914121339,0.5977404395314527,0.8360125651452307,0.4137744886846403,0.708549612252722,0.7908912732980855,0.5604725832888903,0.7022352276076724,0.5011982150612997,0.9138310335755204,0.8705494162520148,0.886159700752726,0.8935676880371187,0.8258969498077222,0.920305661097466,0.5708879381007818,0.9013370112875536,0.8758230801399767,0.7675351152167011,0.6238950232320225,0.6265267044457972,0.7398202813918461,0.6458257908260814,-0.5042162338005723,0.8483681423170012,-0.4996478632950031,0.2076838314314122,0.8709687528144598,0.6719962347751789,0.7032652330479029,0.3171701430037574,0.2726364740097882,0.5545516741839241,0.6979560225029754,0.5784199616969118,0.8114222499601931,0.6320684938357416,0.2106668524958616,0.3587455198830024,0.2678747886106947,0.6596254019435053,0.7576589297124953,0.5519487088620674,0.8095336959704409,0.3586813189377317,0.0526679456233201,0.3654575139855149,0.3377236212064788,0.4025732768927738,0.3063280238690712,1.0,0.8676131042912235,0.8272093407006155,0.6192207826973242,0.5240818828856283,0.6494788042462791,0.0953666819348692,-0.1226332748126664,-0.1500807763064827,0.5785289353647369,0.5863004949921877,0.1199948335549815,0.3807864318641226,0.6979074288068835,0.6186273480673022,-0.0154675046307051,0.0003430856501635,0.3842603966918971,-0.4650283141363395,0.7086172717955186,0.3807864318641226,-0.1144821807493206,0.3309133672102705,0.670831385428378,0.6877085574271018
LifeSat_Q2,0.629477246383702,0.5741966492663708,0.4235786068549409,0.4689514267818832,0.7596544493809134,0.5560028895646777,-0.0947818588774441,0.5772958511372227,0.816099879240157,0.4427232438503737,0.7779293452541509,-0.367705851501463,0.4265181854334962,0.13601929289676,0.3256532646741579,0.6836109571345439,0.6801529606022627,0.5595020876257397,0.7800013668638114,0.706715694191913,0.6734179586382818,0.6333484434318877,0.7576965496001362,0.5778387986264258,0.7792641192058031,0.7484120190633491,0.2948094290956221,0.7812721858491065,0.7684441031029436,-0.1848807416890254,0.654098173846078,0.0948734128131326,0.7797598780720274,-0.0012198364188318,-0.1740505619033248,-0.1546536742504475,0.7725355945800956,0.7023524027811034,0.4488779431465172,0.4080724352734071,0.6080160482256811,0.802617566710432,0.4177230677079143,0.7147193408989512,0.7083994663979147,0.5836608216185932,0.6570796433577356,0.5165673916580354,0.881469074507472,0.85404163684188,0.8559275794485021,0.865972170662767,0.8371358266506908,0.876691957698359,0.6158959685555623,0.8641571773420859,0.8339282025085815,0.7228041062497073,0.6532153697417389,0.6026325278060669,0.762073627769674,0.6054306499184514,-0.4395065676504155,0.7890703806257697,-0.4251515513086893,0.1828758322150121,0.8263192752095145,0.6107262842097453,0.6487854022569364,0.2751132744370979,0.2229808611307319,0.4902183581773879,0.6611762638793639,0.5566577672857991,0.754331301369113,0.584147506508985,0.1897807442941147,0.3403055123566796,0.219644985527734,0.6350519985971799,0.6989713182794691,0.5050066026202469,0.7505335028417182,0.3198596376049964,-0.0341673903790901,0.3429845257824208,0.2819543117150286,0.3381234187307348,0.264959538285562,0.8676131042912235,1.0,0.821007597197392,0.6241856165559883,0.4787815636907775,0.6427534727112663,0.0921406302704006,-0.1091189670564611,-0.1494816050719177,0.5852671609580131,0.5841628853202627,0.037245302632758,0.3763064105622127,0.7086663671243058,0.6303933550075127,-0.0439353531992576,0.0052670035001063,0.3742979559496707,-0.4340421884265486,0.6968358561880452,0.3763064105622127,-0.1317692659105792,0.3312528209739695,0.6569769981672586,0.6862576965742373
LifeSat_Q3,0.5323839193566793,0.6672936213263075,0.3730106625007555,0.4057829076750426,0.6994326730382551,0.4789966855338066,-0.061433957129295,0.4761626926102587,0.7433415455197249,0.4016342139595059,0.7804667092033021,-0.4167182089971389,0.3932842187190609,0.0368954045412885,0.4163785270641292,0.5866498458721754,0.6823818832665156,0.4866272454337702,0.7952478221464183,0.5944995489583045,0.6829392286052482,0.6920039321846695,0.7672851227361954,0.4998090590085364,0.7820147209984512,0.7271623343801357,0.3598922285711612,0.7637810240317544,0.7952574759530325,-0.2026257897307219,0.5785585313917925,0.0401528053733902,0.7971424672509883,-0.0055875540381512,-0.2423560656995186,-0.1947015300310738,0.7527778682725992,0.6227472298500145,0.4280320763463897,0.44139059094117,0.5580764720705674,0.7907090698131711,0.3890842107669202,0.6519978960213773,0.7812088760306093,0.5166845039950242,0.733446564259497,0.4687286668860525,0.8880972437462034,0.8072757678961936,0.915434347963988,0.904920779714773,0.6983042732052644,0.8834033416725133,0.5251586905538889,0.8852832825282018,0.856354015746368,0.8229356969618582,0.5967617578491398,0.6193206755220284,0.6725543632778257,0.6630412072596075,-0.4839260871953527,0.881330784418408,-0.4718189660368547,0.2386773658571273,0.8403668242161396,0.6995203775305736,0.7082743645352203,0.3386461130679064,0.2910110212073292,0.5412673992012118,0.7157423865086789,0.6364765453502638,0.8083202450727807,0.6375546686290723,0.244319772223036,0.3762189324740923,0.289083602601779,0.6429998828198733,0.7545815394892472,0.5386110444099945,0.7616606016131156,0.3952915069099671,-0.0161040307482547,0.4098435286552651,0.3121533844936496,0.4178011012223461,0.2900980651140121,0.8272093407006155,0.821007597197392,1.0,0.6783928460620121,0.5229882052380056,0.608231411286082,0.1052027550674358,-0.1269872234133147,-0.1350107833879709,0.5887986417347375,0.5778922860893292,0.1068477235501099,0.3512946648376432,0.6587277044242466,0.5960225205984818,-0.0253267411425498,0.0179353937447832,0.3407142312455037,-0.4311059321330963,0.6650319733716537,0.3512946648376432,-0.0857332557131262,0.3293305131650044,0.6468771235926921,0.6569978172215107
LifeSat_Q4,0.4492450835742632,0.5529221814339347,0.3674457450588071,0.3482528794987489,0.5381384923378705,0.452208534692434,-0.017930255950839,0.4477451932973249,0.5553079589054357,0.3513675546745793,0.570967554478536,-0.2731002766144068,0.3688198807010978,0.0505363930176513,0.3647904263241051,0.5171391778123626,0.4696190784630636,0.4539128476774018,0.5787465517488432,0.5008979091650314,0.4555575282618916,0.4938614544614175,0.5688651716286954,0.4571097705065707,0.5659813047942985,0.4919419209350398,0.3652757811301007,0.5913320871623682,0.5962102524205035,-0.2363893559202039,0.537240546870438,-0.001139679498456,0.5877385615823745,0.0061273953619427,-0.1527466733052246,-0.1844063875252975,0.5785312199171563,0.5417874851145326,0.3535866753703492,0.3542377368407302,0.406172814413798,0.6112665588425228,0.3676131136698141,0.5380680247452874,0.5556889438224912,0.4916125582469608,0.5961608769598568,0.4202464437265199,0.6598370352017247,0.6410343354384622,0.6775392828761682,0.6605464782412009,0.5247709805568466,0.6722238103778061,0.4713898385874832,0.6687000345311407,0.6377084351464862,0.6581407306405478,0.4610102151550466,0.5822410544624704,0.5249512968617064,0.6220834720668806,-0.2888200193617882,0.6613370731303152,-0.2426825173298034,0.2521138947192581,0.6671889388512247,0.5947480088832893,0.632322096742151,0.3640435505342245,0.3199166986891587,0.5050186204415822,0.622306991583778,0.5366055634658797,0.6140540355611666,0.550442091340535,0.2576478673173775,0.419478053216205,0.2771838103219336,0.5451972359140118,0.6259757831720736,0.4634511236874588,0.604971960540721,0.3831696154429367,-0.0134080740128542,0.3706892360380738,0.3784501641181974,0.3883102327107742,0.2970935657332108,0.6192207826973242,0.6241856165559883,0.6783928460620121,1.0,0.3941011398018052,0.551354325937456,0.0644662257851304,-0.0854955657479283,-0.1590603352628639,0.5293341961872966,0.5308129928240601,0.1262728543512498,0.3864459545046276,0.6217385629259697,0.5592727695168823,-0.0842904628931325,0.0231098603321827,0.3742866007236231,-0.4139272961453194,0.6147611345176174,0.3864459545046276,-0.0796538727676453,0.3348458398440782,0.6117731157781203,0.6348503757340386
LifeSat_Q5,0.402160845256211,0.4647096876584717,0.2223320096397436,0.3558872502702515,0.4807644234627511,0.3200280188952119,0.0465016709777072,0.3293152739893858,0.4867544430927191,0.2192548431398391,0.5193047674506027,-0.2896174767015301,0.2048976206661998,0.1270364695537011,0.2864399498569314,0.4609821250358455,0.447840502283237,0.349958751202405,0.5124847408479087,0.4334268031726733,0.4530667492690434,0.4314537391129874,0.5067010222763237,0.30699533554831,0.4893398136763128,0.4655792763480709,0.2419576479267138,0.5269121396470415,0.5233014540203091,-0.1546654768122685,0.3777698919185542,0.0265810714302876,0.5374887064647631,0.1317416354393129,-0.0355844921150273,-0.1536023340884423,0.5743240036022514,0.439871327380868,0.2200649841015272,0.5247352225054881,0.4015599669186387,0.5684845359234755,0.1738724368181118,0.5399409378584163,0.5477207298958273,0.3243217295224865,0.4835703256511379,0.2157681367421595,0.5825476286108733,0.5443907616397544,0.5889052925079522,0.5557502810529562,0.4449772540586595,0.5757742458344781,0.2680957217989512,0.5847542242031225,0.5713824753958889,0.6141229525876839,0.4630545213579011,0.3916865439537227,0.5196602346832557,0.4829827600478957,-0.2785438919838219,0.6171585580566926,-0.2610205601807305,0.1835269457516048,0.5504470784649144,0.5692038357544056,0.6159643985498389,0.3554101245395592,0.2517972448914254,0.4649616412706657,0.5816155394910655,0.4518258426215178,0.5765932290065482,0.5044961340222027,0.1856437382285196,0.4092143105834206,0.2858600624238255,0.4652556026591589,0.5863661868105835,0.4543057891951026,0.5634960448635756,0.3946379627949473,0.0481924012997135,0.3427427161194735,0.3292468925349984,0.3772608547838721,0.2949435023725153,0.5240818828856283,0.4787815636907775,0.5229882052380056,0.3941011398018052,0.9999999999999998,0.4100792333683998,0.0222607186469615,-0.201985132661052,-0.2049785795691976,0.3866671455780958,0.3353043295181011,0.0091095159685567,0.2280593794562558,0.4301288376892251,0.3603302236269254,-0.1814586310950339,-0.006117290891739,0.2289107738661439,-0.4517316982598591,0.4293070356341645,0.2280593794562558,-0.1180649518012902,0.2195633139626881,0.4303626648646249,0.4704881540781773
Lonely_Q1,0.2693331522934323,0.4854704295702704,0.0939840010178436,0.0282762166922971,0.5717890378141257,-0.2212531942954388,-0.0007991339578363,0.2284272795490857,0.6100386157218529,-0.0868082508355854,0.5331265456806589,0.0088349381279919,0.0205151863786268,0.0309408948012441,0.4021152042969674,0.5538519201497119,0.1765508803875607,-0.0606150895956028,0.7167456784569948,0.4832296436827288,0.5277985782514034,0.2651982124571946,0.6076322191517218,-0.0795122616557984,0.7329650930561513,0.5976704204299743,0.2902951619793726,0.5899511138777522,0.7454613084366131,-0.1625651820332032,0.5126960230299831,-0.2410399886832748,0.6923002359151214,-0.0103447462376998,0.0324520177467339,0.0043929500824145,0.7094792020335206,0.2320041107816665,-0.0361973187063248,0.0439231818371991,-0.0458949261593142,0.657232274316983,-0.0928452556212458,0.6387699167723844,0.7278993385371083,-0.1449745692021432,0.7135513157288836,-0.2735752425802304,0.405645562165434,0.190237174536348,0.3528908072023983,0.3514991932734074,-0.1307096445496044,0.4729231375128825,0.1260878346360151,0.592534665589826,0.1424785563758192,0.6199369903213756,-0.3464233329241235,0.6958063858511844,-0.0676797542615894,0.6379885782256044,-0.0161910480303611,0.3915690272711832,,0.3668001004319366,0.7197138939179415,0.0174710892245702,0.7249270006186193,0.6447930901177337,0.7667761358481775,0.5268674244875354,0.5165631652799688,0.7020560814010117,0.6665607619663784,0.7038002920266768,0.5140774150932912,0.5971012784026898,0.7688777327776358,0.6838072120612794,0.6754482133525046,0.6853893038806066,0.1495024795224349,0.8273623372327257,0.1366074608229318,0.7492950857608693,0.4667029235938991,0.4293142606492165,0.2479208977913277,0.5329414759484956,0.3695215283004274,0.5264126581982371,0.5435733529369302,0.2939528547157083,1.0,-0.3625305310067387,-0.3640569030393986,-0.3307001674827066,0.5841965445351347,0.438121668212074,-0.5320411692200849,-0.3661876895471019,0.5798405353953494,0.2662543084425701,-0.3139788107482096,-0.3295021245342209,-0.2571057426732427,-0.3791892222148927,0.2770505826471532,0.29448003539754,-0.227533891234587,-0.0720363720306815,0.2332233573564651,0.2507873905696688
Lonely_Q2,0.0576974405470867,-0.2465826145127861,0.1612987937959278,0.0168188127349551,-0.2155058966238245,0.4498724609098338,-0.0727240163896104,-0.1066372643366655,-0.2342879136717456,0.3385076370378057,-0.2690954832713988,-0.0667474470672534,-0.0698775289729382,-0.0778169694368186,-0.0081380184462644,-0.2476379881699223,0.30448660576398,0.0419161933708276,-0.326926822029309,-0.1967239622815141,-0.2043672372177306,-0.0559540494704275,-0.3500083670409465,0.259299514760319,-0.3573707368253891,-0.265915068928395,-0.0013680478907575,-0.3037841653298844,-0.3016627704312077,0.51646609025245,-0.2611388696495847,0.6047122629086853,-0.3639063500982565,0.2269549667638408,0.1053274759073692,-0.0331884840445054,-0.3766961397925014,-0.1652831639281992,0.2968722769025098,-0.0551163927175468,0.1336430532475841,-0.3569664411795999,0.2914759182785519,-0.2816545799057572,-0.2723665834004276,0.3899983930324294,-0.3848685290763842,0.5409754278285127,-0.2283857813846969,-0.034438037621364,-0.1970426005271432,-0.2325002534254178,0.4092719896736585,-0.2609230996618447,0.1711074031655498,-0.3747394144239636,-0.0185924446863374,-0.4283991191555605,0.3563785222283553,-0.5399834732000576,-0.04805269891287,-0.5128992683344822,0.0153336382372424,-0.1611985001137611,,0.0301020859227562,-0.3544737682843558,0.0574185679259525,-0.3347762402834298,-0.179043282812005,-0.4163661268023475,-0.2316426350929073,-0.1892282750050979,-0.2424633010778825,-0.309550005288998,-0.2516861665955098,-0.2329049055623943,-0.2333888227933057,-0.3167325346408473,-0.3078514963784531,-0.2533240462360039,-0.3485601661339948,0.1266526673498552,-0.2872081499206982,0.077076185461022,-0.3083406993358073,0.0799491192805279,-0.1600206098801882,-0.0450103945810894,-0.3502889074289481,-0.2017205281561226,-0.3235098033257085,-0.342493593514794,-0.1178810183362031,-0.3625305310067387,1.0,0.7803615174659211,0.4635784758490294,-0.3958211452251401,-0.3316562857515159,0.3909785260063739,0.464641831025871,-0.1267961786025452,-0.3578370595794897,0.4225988582861144,0.4670691886035979,0.5028404243710434,0.437738822448704,-0.3297066290619433,-0.3724456370131832,0.1398937388220955,0.5758222231527627,-0.3597457403626587,-0.3532474257567061
Lonely_Q3,0.0492862284409901,-0.2196767263394324,0.1449509997374775,0.0203361007515727,-0.241119343499022,0.4702741492012151,-0.127327237098925,-0.131486267892557,-0.2436058598005362,0.3217558086688719,-0.2700281661688585,0.0076022550112364,-0.0612267196639807,-0.0762411887084336,-0.0186602983013049,-0.264149748085012,0.319576115872788,-0.0079410670337086,-0.3517010510300971,-0.1780071692286848,-0.1890113704895985,-0.0649076125464232,-0.3416669847063102,0.2565690674076585,-0.3360670647702286,-0.3177117111595464,0.0397068385320209,-0.3765667410802215,-0.3219126749889836,0.4913024728246615,-0.2244203343921801,0.5808373442058594,-0.3833526805262452,0.2099048504571774,0.1103222637986626,-0.0283502212700879,-0.4177777530736241,-0.189143963187529,0.3137614964559957,-0.0812177631919036,0.1517920166001801,-0.3700634133675441,0.2910967468817028,-0.3096757777728443,-0.2977153366507593,0.3517998348263584,-0.4108178085450309,0.5013056836021896,-0.2990344499402031,-0.0649173716346567,-0.1935598967196095,-0.234274973900315,0.3952839738691569,-0.3058836389943791,0.156837382899084,-0.4393142992620517,0.0560338773799438,-0.4541115680933007,0.4146148018742407,-0.5194720119993661,-0.054339085308981,-0.5125999044177811,0.0327191222827287,-0.1660977571831891,,0.0385522648490204,-0.3712356163853062,0.0576282575451572,-0.3960230618000516,-0.1447201908271639,-0.39884415087048,-0.2628746839320036,-0.226952344421001,-0.2735287119536949,-0.3366268173528621,-0.2880810880092356,-0.2584837914137555,-0.2427614998239476,-0.360873315735401,-0.3586653399333562,-0.2948839069936871,-0.3991974784070173,0.134646203196334,-0.3321505943204381,0.068117427850982,-0.349289938350439,0.0540839413083169,-0.1270037862311892,0.0152124438654544,-0.3040660276204711,-0.2053289262153492,-0.3023946694585707,-0.3093494863224655,-0.0404387710386582,-0.3640569030393986,0.7803615174659211,1.0,0.4738720431690433,-0.3970063322453412,-0.3174161486002984,0.4280390047538688,0.4447824183527319,-0.1681304816720875,-0.3028939774365007,0.450621369735087,0.4195271483421821,0.488893969185365,0.4251081384419283,-0.3689538280578585,-0.4054469374217891,0.1093439283092169,0.4854570272210143,-0.3767006579033669,-0.4020347026622212
Lonely_Q4,0.0462597378770558,-0.1718084494314709,0.1653142610438284,0.0285739288227793,-0.1654446676440368,0.3869858955233251,-0.0607725904142306,-0.0904884494349539,-0.2487312894132213,0.3942045379586597,-0.2999680682927568,0.0432037114542401,-0.0514750465761848,-0.0565479601294433,-0.0934668277950961,-0.2643323625499258,0.2276809724944188,0.0189754130427931,-0.2907967237885244,-0.2218500568508684,-0.2223996876637831,-0.0740431471342925,-0.3329683015845606,0.1620094730661458,-0.2613756516022363,-0.2510513713558847,0.0531845542680691,-0.3073375683211238,-0.2953822121540873,0.5018361135573199,-0.1995164955374124,0.5344054581349045,-0.305670532271533,0.1284672315037879,0.1200378120228262,-0.0506549815097383,-0.3075641134267737,-0.0947520786333037,0.3014100157925887,-0.0628898715241136,0.1959644981737678,-0.3433471770488962,0.2434400843567326,-0.2468470145650917,-0.2705958021002397,0.3365898029933121,-0.3312062318324341,0.4591494986707009,-0.158862505747543,-0.0209408965341294,-0.0737635680341139,-0.2082579981882886,0.4477368452035312,-0.1794919578845271,0.2408868128505073,-0.333748630838237,0.0809010305446266,-0.3838718986479986,0.3091487660445344,-0.3948359050968582,-0.0071745132304328,-0.3610942161998674,0.0739033451621674,-0.1004775639923418,,0.1047831407550803,-0.3351960658857578,0.0280565420732106,-0.3423532797254042,-0.1602291950824631,-0.3385613891834161,-0.2060413135212183,-0.2488725310504778,-0.2132506553102669,-0.309634978419049,-0.2554302275625908,-0.218729253592041,-0.2022170889586447,-0.2928368256373127,-0.3176444743009174,-0.2452257046637571,-0.3008752905845123,0.065730361925043,-0.2400035754416783,0.0171224689516545,-0.348528729308414,-0.0004410515830487,-0.0283494526427258,-0.0354648160942269,-0.3606782651526719,-0.1561991846737027,-0.2702471586470872,-0.3263777780353332,-0.0398367510188779,-0.3347357925947367,0.4639349320025572,0.4744843190174664,0.9974151182796742,-0.3378470069138412,-0.2313338607680639,0.402106113851196,0.37009918260149,-0.1888511840709689,-0.2332230952134507,0.4740060766684661,0.3541880627894771,0.4399240947122494,0.4155839985900815,-0.3134577776174547,-0.197024111486788,0.1452545629745767,0.3523124334930269,-0.229756893996979,-0.3606853647184687
Lonely_Q5,0.0084184314708124,0.2454375621567098,-0.0080772872783993,0.0444150979184078,0.3073443236832441,-0.2582969207561683,0.0754243994130059,0.2277304085383186,0.3613831981823109,-0.1758560505907159,0.3337380779783673,0.0344107313299002,0.1111045523978233,0.1486221690065131,0.2276847298531329,0.4413890020381531,-0.0079987817898414,-0.0026931214178934,0.4639949290335642,0.2326871082773072,0.245193872636636,0.1139112547034476,0.406610164328164,-0.1533832498322933,0.4939766811975554,0.3617100021116646,0.0548742031290554,0.5085032499739313,0.5337170034294005,-0.2019226412854955,0.4060286933324535,-0.268456479512953,0.5082668099532395,-0.0277168957263373,0.0538541727776181,-0.0926515492809699,0.53151906126866,0.1884515699808839,-0.087889263511081,0.1003904430633961,-0.0003275991764275,0.4874079061880263,-0.2133955390552999,0.4777378684021999,0.4639949290335642,-0.2483396112886589,0.5273596209685459,-0.3012006022539381,0.3864301473928002,0.1831912676778805,0.2802835528343256,0.3088581783853499,-0.2122965356956401,0.4057214315547952,0.0134505030443312,0.490301456082773,0.1409124559393008,0.5466236462492281,-0.2624472496160428,0.534215349548552,0.0106913419448377,0.5439541165413174,-0.0434472796061598,0.3297258405790083,,0.163937301235317,0.568604049397347,-0.0891033377733039,0.5696220934732947,0.434109337930312,0.5801632305261861,0.4044337745811239,0.4183753145812882,0.4340150351656628,0.4610039873268709,0.4716921210756035,0.3943870167799485,0.3743313398091923,0.5884306350697892,0.4368155069112467,0.5085260562564771,0.4973384002558576,0.0899148109560938,0.5430325358055562,0.0315566131325767,0.5305017194829,0.2811547178090954,0.2959716457370669,0.0986932905189736,0.4848259689908814,0.3593801758545253,0.4723265966509849,0.4742281037664806,0.2766648656190062,0.5841965445351347,-0.3958211452251401,-0.3970063322453412,-0.3325696100032916,1.0,0.5242300532661437,-0.4915894527559656,-0.3112889649716787,0.4197753968879471,0.347010208865225,-0.3225531195438081,-0.3642340231554734,-0.2800219176691878,-0.359746390354238,0.3202922524151651,0.3772293101120266,-0.1086244231931588,-0.2465680884454837,0.3308916103479755,0.4007504518109639
Lonely_Q6,0.106559393595107,0.2729438252833185,0.0740878517885031,0.0439677092916761,0.2660148640204709,-0.256557384051709,0.1141183376073266,0.1665577737049497,0.2672831902856818,-0.0466857529565447,0.2744076921849089,0.109576475968689,0.1005700723213124,0.0995711058747859,0.2512275763628214,0.343267654655939,0.0131795939292323,0.0194913775373245,0.3614121923462009,0.1720385920531653,0.2264664781876847,0.1151269066301765,0.3512092110545236,-0.1348267303122934,0.3700040455070462,0.2569600481672529,0.0303503926679411,0.4690399799525638,0.4086384010103032,-0.1852420350924868,0.2686127649423841,-0.2503709847988686,0.3891488097723955,-0.0325089700770924,-0.0322953937219388,-0.0612946553710165,0.4237503230062467,0.171567359242955,-0.0389378820598524,0.0953555105567255,-0.0388342411302774,0.393005423434308,-0.0984093486829003,0.3227013578076418,0.3722195929968349,-0.1966514844686929,0.4308745786127882,-0.2740789758001662,0.3518725814835096,0.1867213967758862,0.2639529704230465,0.263099606113196,-0.1027898937217242,0.3980052676524723,0.1032563171681516,0.3829901594445165,0.1183911089176411,0.4212116024808111,-0.2148280353819577,0.4742909528357762,-0.020103907963482,0.4302958057960374,0.0621197473397917,0.2488829015746648,,0.1984305877605126,0.412564292255462,0.0836654397182296,0.475185974663439,0.3483075366400668,0.4651239270694082,0.2446139293221993,0.2847171758158504,0.3278990695011147,0.3292325152087638,0.3885712874819155,0.382377077996136,0.3466477125503463,0.4880877642146708,0.3183580350439371,0.3750172854334052,0.4066823711651057,0.0527935074682182,0.4059883573610801,0.1512760629118149,0.445394591371991,0.2417538174193576,0.2706114435624164,0.1593214210303804,0.3820120328576916,0.3286297429872568,0.3737835374925975,0.3662543907102975,0.2147769249532927,0.4405264679451066,-0.3365315910322913,-0.3226683108253144,-0.2333108373527159,0.5273068933314424,0.9970500709030684,-0.3764349294298776,-0.3393556395380904,0.3581602241688376,0.3342710594664829,-0.2905962989320607,-0.347483556333285,-0.2747077550286153,-0.2802646982672945,0.3262477612408557,0.4024299448521123,-0.0932371437964508,-0.2675032547205013,0.3162793408009046,0.3635278723935937
Lonely_Q7,-0.1223592833857286,-0.2550022511814554,-0.0302156132934653,-0.0373332523327017,-0.3325101519782545,0.2293602106719253,-0.1106535938689154,-0.2064926453621006,-0.3982920546691769,0.0540805555080141,-0.3570326537681009,0.0309135858545002,-0.0693638092157068,-0.1148240459600345,-0.1543986682266769,-0.4559985668539795,-0.0076880312098623,0.0239578120824499,-0.4381078837240492,-0.2848624442309493,-0.2933739419266188,-0.2121392024849618,-0.3966447439616768,0.1098215682638024,-0.453271622713459,-0.3846321854776716,-0.1169123991487065,-0.5320384346314848,-0.4208522246717577,0.2479210322289464,-0.3926275342454481,0.336991224571879,-0.464474677169733,0.1376974590099524,0.106297330243783,-0.076315669792247,-0.5063702728153027,-0.1971924488648784,0.0742572361354759,-0.1113439134842887,0.1759585075943275,-0.4593467681976743,0.1300954776484797,-0.4561774630859582,-0.4072972284522382,0.3520464820997444,-0.4818245370126455,0.3145012272687802,-0.3824981676110955,-0.1587026966484407,-0.3534909175180576,-0.3756117770752967,0.1645454959860501,-0.4722934125277905,0.0082394163473091,-0.5675854993974828,-0.0464281856272847,-0.5992960021170384,0.2215491481420931,-0.5435372225340658,-0.0432798665221404,-0.5859029621897285,-0.0218358470758742,-0.4322053798697701,,-0.1126854813463008,-0.5232372198385408,-0.0117973287851572,-0.5564325167008941,-0.3492687035582713,-0.475930223823037,-0.408159819575684,-0.4478239473232578,-0.3614873365745866,-0.4523515276974768,-0.4205498722821059,-0.346419618453937,-0.2947263954969761,-0.5119793613516385,-0.4347378739032153,-0.508656400494488,-0.5281052569498839,-0.1853377651202284,-0.5017584907136334,-0.0516713691643521,-0.4437708419121926,-0.1687617550773729,-0.2017814362461439,-0.0569281953298516,-0.476831686970362,-0.353339700841237,-0.4837285957267768,-0.446511132691985,-0.1767832389457851,-0.5320411692200849,0.3909785260063739,0.4280390047538688,0.4039976807542864,-0.4915894527559656,-0.3739097699506498,1.0,0.4686899426751016,-0.4088808931499824,-0.2798004142977551,0.3806949457993774,0.4134740604835238,0.3542642804708525,0.3130347908309494,-0.2019124584289933,-0.2703855406101242,0.2807472071403956,0.2664789389499392,-0.1875543558292747,-0.2492248617052788
Lonely_Q8,-0.0279483823510964,-0.2328155621281586,-0.032970266141382,-0.0089608102685024,-0.276382377978679,0.3747946944350231,-0.076819927498382,-0.1597556061620712,-0.3017180952367333,0.119031840388338,-0.2940457547458278,-0.0037102484500794,-0.0923077510500567,-0.0933182863933531,-0.0583984419800517,-0.2783909258537101,0.1234135821047107,0.0130149690593452,-0.3694185174207031,-0.2043795062439956,-0.2294969215681576,-0.128165304057607,-0.3480568573088171,0.1431056568317987,-0.327507324946355,-0.3105596278236543,-0.0055367870981603,-0.4337815272100371,-0.3064935702222804,0.3976959639043411,-0.1452482318787621,0.4672604276723126,-0.3486399986566034,0.2495705299568074,0.1855269148871417,-0.0556083697906323,-0.3432962460426411,-0.104566563357552,0.1591433963965541,-0.0544563723283367,0.2428756030046696,-0.3526443893303144,0.2244351220783634,-0.260212282014464,-0.3393070889704689,0.349402467271827,-0.3737542307327262,0.4395601270188879,-0.3328513165195695,-0.1578756633435015,-0.2516782628381621,-0.2186696645359842,0.2562751692415058,-0.4009552026417992,0.0549029209711294,-0.3836098325820002,0.0374669352289103,-0.4025115052392715,0.3480210526539281,-0.4335402282479381,-0.0215804384948764,-0.3801777994661925,-0.0472430032302128,-0.2869943233594176,,-0.020833890513749,-0.4193347841227597,-0.0310949722416724,-0.454716425521807,-0.1444552004134338,-0.3837295142520085,-0.2910610154867645,-0.2745050347745715,-0.3015144039596357,-0.3325933143973813,-0.3416982197044353,-0.2856669702241817,-0.2548646183097514,-0.4038604244376205,-0.327468418825973,-0.3449730918991792,-0.4263881684237475,-0.0118560312282245,-0.358481442350249,-0.0849389881804191,-0.3559954797823725,-0.0465641843487078,-0.0716567364084449,0.0131368533808885,-0.370109568617296,-0.2559870399251352,-0.3694253415463315,-0.3153804318099849,-0.0914490881369484,-0.3661876895471019,0.464641831025871,0.4447824183527319,0.3704828845501762,-0.3112889649716787,-0.3351951038908675,0.4686899426751016,1.0,-0.1935003633677602,-0.3342131318542363,0.4601974676069319,0.4645308500881102,0.6295037387374108,0.3611337525121971,-0.2376403650451682,-0.3018648873397145,0.1777149940195126,0.344773430753833,-0.2583530317438934,-0.2740196018474573
Lonely_Q9,0.1865810039208792,0.2786551761926564,-0.0176552157775542,0.1229516436094483,0.3860284101775327,-0.1844975032316344,0.0842851413865415,0.1587387343575879,0.4060079033524252,-0.081031222740929,0.4019848709160759,0.0705450390906095,0.123067125912689,0.1672741736048804,0.3047850944271358,0.4192257662783626,0.1757966273370159,0.0328038172651607,0.4605692966336305,0.3187903156777354,0.3344431489480576,0.2821738977524649,0.445749934090442,-0.0533021585581655,0.4911723935578845,0.4172791222425838,0.1389845940028293,0.4765905447498713,0.53707281285818,-0.1038651532929686,0.4331839611319102,-0.1205240494519803,0.5800221003755275,0.0669400785503981,0.0474586507053307,0.0350767408664885,0.636132948616773,0.2957864696583697,-0.0753743782564091,0.1852382735449296,-0.0519887020963217,0.5615447417058008,-0.0785420348838692,0.6008920156836577,0.5004466955463625,-0.1512054605211596,0.615881750748872,-0.1840618875166274,0.2929071381066579,0.1278726396320915,0.2753353422939471,0.2566157947535657,-0.0846599434301363,0.3597335784791852,0.075617837660698,0.5797938169087473,0.0415149763974792,0.5323668385216982,-0.2184366957940133,0.4839816599349199,0.0382966272434456,0.5202782903233543,0.077475620435628,0.3094452982476112,,0.3107192625033015,0.506471643917243,0.0828688318748225,0.5145411102509476,0.4656310782951975,0.5286832373854673,0.4304411029536026,0.5266750530391532,0.469399414863483,0.4776667623040266,0.4787506197487011,0.481473984076512,0.4410877614041109,0.5762200494167272,0.4698453373685768,0.5640584198062548,0.5035365272232931,0.1946700158827333,0.5922879395973304,0.102487200353703,0.5146168384070522,0.3571778236027512,0.3541221701523305,0.1933192333015504,0.4618949998033669,0.3270131879787041,0.4338041471173368,0.4584935623925612,0.1487440715058542,0.5798405353953494,-0.1267961786025452,-0.1681304816720875,-0.1870319105527287,0.4197753968879471,0.3581479510474066,-0.4088808931499824,-0.1935003633677602,1.0,0.2790352952178344,-0.2287937614610947,-0.137688244018426,-0.0731917843814467,-0.2396991700192467,0.2755745706275882,0.1850888632494348,-0.2021596556578981,0.0600815543707166,0.1643708129697604,0.176111390865565
Lonely_Q10,-0.0188090684297858,0.151362909389771,-0.0353090727447458,0.0668947560210754,0.1355506155814806,-0.230011578426689,0.0676696678329766,0.1876543810418905,0.1770114680813509,-0.0983751461418729,0.1803599512009852,0.0217593239404945,0.0849735863129629,0.1106724470534029,0.1424338800830499,0.1545477481097456,-0.0128851762453516,0.0028120104041031,0.2329608162335606,0.1242672253087571,0.1174953601332736,0.0341367239398025,0.24687179601502,-0.1253780303988295,0.2316309740792127,0.1477450028039455,-0.0478790288765092,0.2613444123008798,0.2528966696159707,-0.2070371197120123,0.1697745416398427,-0.2651385357221743,0.2312892266699938,-0.0940007790871115,-0.0317997079873361,0.0108192748509271,0.283638581195673,0.1473529118867118,-0.0856674458830157,0.0838496168238498,-0.0467858717711208,0.2341151446043092,-0.2372690492899078,0.1977018127533012,0.2128607870454469,-0.2645483412009976,0.3018079446841348,-0.2521822868609903,0.3203279324106833,0.1486323322998836,0.2159434066679716,0.2125351007625104,-0.2053968494524528,0.3349628734839016,-0.0923551931771617,0.316185175707318,-0.005467007626677,0.3007326592843647,-0.2508510962089727,0.2590850876831249,0.050995148005714,0.3591387969657689,0.0623346351045582,0.1845168895916131,,0.0774544654597707,0.2917954816693161,-0.014063156462397,0.3227570543114122,0.1492580813034084,0.3517472905074381,0.1953031092277677,0.2011549990211392,0.2171697791078939,0.2218846428865375,0.2261965025633314,0.2643079704053464,0.2039398402729602,0.3638420170159071,0.2018229592513061,0.2667504789005546,0.2726630015348614,0.1049469120886803,0.2905209835485597,-0.056858260261817,0.307763056376613,0.0924154984694463,0.2388889949785108,0.1072045203464983,0.2972064609185709,0.3057932979152844,0.2832252210858961,0.2711253106859865,0.1490257933873092,0.2662543084425701,-0.3578370595794897,-0.3028939774365007,-0.2401571179933442,0.347010208865225,0.3265855239348105,-0.2798004142977551,-0.3342131318542363,0.2790352952178344,1.0,-0.2551402275177464,-0.2480397441643897,-0.2796574375060828,-0.2870099598829956,0.3271954821593386,0.2574320800206977,-0.0971448683969584,-0.1425012863174935,0.3144708791550547,0.3184035776941156
Lonely_Q11,0.0464073713217515,-0.2804493588296888,0.0663316604861839,0.0767139326635445,-0.2315097056905041,0.3307060774431887,-0.0414892189535241,-0.0814624522368412,-0.2851246346159257,0.1847836310946124,-0.3014890247242978,0.1000264236968489,-0.0576504066985179,-0.0779051275758619,-0.1075207816719242,-0.2220157737720579,0.1209793707689734,0.0890935750691406,-0.3351709271446714,-0.2100165690161322,-0.258477589078716,-0.0248498488823159,-0.371619603192205,0.1335061823168033,-0.2396207771265201,-0.2546325945499677,-0.0724495063055308,-0.3341035049469791,-0.3006098702627919,0.3706250679032132,-0.2498564183788703,0.4905541297230432,-0.3398595238032975,0.2963499085729654,0.246493453856209,-0.0266942569385283,-0.3208483987035332,-0.1365603434880201,0.1908255078925179,-0.0171088056821756,0.2327193136058433,-0.3400395337992919,0.2588255428009638,-0.3090822921231342,-0.2816631843442543,0.2834798119341445,-0.3633090713079418,0.4346130529171453,-0.1723099830688057,-0.0278078427157092,-0.1566570748961666,-0.2133458828704036,0.2514285591816679,-0.2999985216573047,0.1006839905753235,-0.3248133821161248,-0.0194716767053883,-0.3964645406196581,0.3565543010297806,-0.3886472750603175,0.0311217344287621,-0.3987635681963823,0.0983867305837786,-0.2247243634453697,,-0.1022257628629494,-0.3239800927093225,0.0964798131502442,-0.3536924368964835,-0.1797913778100605,-0.3421901757111057,-0.240116282172185,-0.2476872187912965,-0.23859884277111,-0.2958932242337137,-0.3164971969046656,-0.2552608385748907,-0.2845387534737923,-0.3144588064795708,-0.3387599990287991,-0.3005574956463653,-0.2968501367303952,0.0008979830102611,-0.3107407951691817,-0.0110014372178319,-0.2995190995567742,-0.0396559572894691,-0.18632634521868,-0.0855067588532849,-0.3642616004132568,-0.1380155899460495,-0.3586107074565649,-0.3434971265275316,-0.0526775434680356,-0.3139788107482096,0.4225988582861144,0.450621369735087,0.472394009732635,-0.3225531195438081,-0.2890032940684386,0.3806949457993774,0.4601974676069319,-0.2287937614610947,-0.2551402275177464,1.0,0.4042350684451526,0.4626076432548133,0.5286889462227269,-0.2905607759635731,-0.2822224982701297,0.1885586140808027,0.3203310027620875,-0.2265344143625001,-0.2557517461463258
Lonely_Q12,-0.0146219186981814,-0.1893628668619995,-0.0095015083082076,0.0002784545777718,-0.1625325706559582,0.2990860166777895,-0.1135749385022572,-0.1188996085304487,-0.1876276913158577,0.1113424894422703,-0.2146368610644625,-0.027324889759889,-0.0494414157358615,-0.127385769680288,-0.1977968637779133,-0.2056467782737146,0.0810911276473788,0.0355749425602986,-0.2812787838211314,-0.1630667095691336,-0.2426909061502326,-0.0514603262286624,-0.2490752298246458,0.0988060423098567,-0.3017410108495931,-0.2308103736159648,-0.0556047412690971,-0.321845849283943,-0.2544150243805211,0.2781564531991636,-0.2640860586950448,0.3443995871743426,-0.308420587264385,0.0949951260659405,0.0781302781973233,-0.0135866120377637,-0.259154789646589,-0.1667962894744347,0.1224704639839021,-0.0975031639637228,0.0953864761062277,-0.320170826405288,0.1632348973406317,-0.2668386970924085,-0.2165982518893156,0.2936166543289615,-0.2904301646489184,0.2903728250355988,-0.2495530368740568,-0.0945083291520508,-0.216528348901672,-0.186338948743475,0.2050602550992351,-0.2661680187703936,0.0033695323534642,-0.30299440945033,-0.1012216423109943,-0.4461155967959728,0.1920217410043185,-0.4321176403271462,-0.0308448891552927,-0.3488928596038932,0.0113809152860793,-0.2321854118833544,,-0.0615331935459345,-0.3436747717766339,0.0334502174461957,-0.3525108292418943,-0.1581653528099446,-0.3180509504855099,-0.2291506602917495,-0.2572379938131751,-0.2262551199172866,-0.2561001192414447,-0.2274932885744231,-0.2502214950293064,-0.172923662047906,-0.3006340332415784,-0.2397170739619685,-0.23105657478431,-0.3074659259590427,0.0165089620719781,-0.2676502025096088,-0.0266727165869111,-0.2665549437206395,-0.0023374106717126,-0.1691665649700896,-0.0476893410821498,-0.3894547337532643,-0.1778589640200891,-0.3474963736777047,-0.3566147170997176,-0.1788266597151935,-0.3295021245342209,0.4670691886035979,0.4195271483421821,0.3518834563236634,-0.3642340231554734,-0.3461263524622648,0.4134740604835238,0.4645308500881102,-0.137688244018426,-0.2480397441643897,0.4042350684451526,1.0,0.500055289815083,0.465215268815797,-0.2184094823532335,-0.3487777040065769,0.1157332617987347,0.4187823074281757,-0.2613933378224188,-0.3015543947773522
Lonely_Q13,0.0015245407271956,-0.2175491433635301,0.0382457081421999,0.0667358660584819,-0.1379071647434174,0.3280617651545183,-0.0708443301316277,-0.1537213917123835,-0.2386813022639061,0.2104558180671574,-0.2630784443492285,0.0091390133678411,-0.0415198661460757,-0.0721279004068811,-0.0344750346674968,-0.2531456954278353,0.148344903217784,0.0242480759091878,-0.2722194063305349,-0.1367153105607463,-0.2103402933938434,-0.0935829710922536,-0.3056887311631659,0.178566612052135,-0.2611659165980349,-0.2305874046417578,0.0068516813553956,-0.3486849304792174,-0.2066802298203279,0.4189599180987546,-0.1386984983975244,0.483362214928602,-0.2410829473438544,0.1994181869246082,0.1296405792512302,-0.0442456109153696,-0.2126398438301042,-0.1032306181838825,0.2248228951331902,-0.0722893779238795,0.2532058529717779,-0.2932408605181812,0.2333892324818173,-0.1765543960895012,-0.2357850707311226,0.4362292047619622,-0.232098471327529,0.3937501291055258,-0.2743885991158766,-0.0355028153674959,-0.158593783192194,-0.1998391435768084,0.3346689670147362,-0.3186276502485283,0.1454852823893763,-0.3526029726094992,0.0637301123713453,-0.3598205683719626,0.3178823240813931,-0.3891168178026444,-0.0680362077231853,-0.3126429428733255,0.0359273764651428,-0.1883209200358503,,0.0182011797006744,-0.2841584162299875,0.0655045161856583,-0.3270229692635646,-0.027613289250467,-0.295293644256712,-0.2477921071183002,-0.1925230608838932,-0.1655974530583238,-0.2396672658417239,-0.1980674229586302,-0.2032263520775541,-0.1342147267912307,-0.2461331882010833,-0.2458903063008995,-0.2482202803114318,-0.3782506348806738,0.0486221897313864,-0.2341249346042432,-0.0208980909425386,-0.2705251131360872,0.1229564610750798,-0.0981248581544357,-0.0198917366786908,-0.3158811438406786,-0.2150712588915487,-0.3800072879654265,-0.3034307245254012,-0.0364817086158586,-0.2571057426732427,0.5028404243710434,0.488893969185365,0.4355626645293574,-0.2800219176691878,-0.2701914076922571,0.3542642804708525,0.6295037387374108,-0.0731917843814467,-0.2796574375060828,0.4626076432548133,0.500055289815083,1.0,0.392425730350066,-0.2738680774367362,-0.4157382158225917,0.1303377291383189,0.4757228301221232,-0.2732470425893784,-0.3154060610690398
Lonely_Q14,-0.0566524405447214,-0.2949311965214991,-0.0003118769446103,0.003660560599911,-0.2001146870114288,0.3529797685193609,-0.0011995200730187,-0.0737212019964903,-0.251291917600736,0.2338367217206717,-0.3500693878073165,0.0132614632684345,-0.0440554139324636,-0.1283150087948241,-0.1984579835268212,-0.2252985638750577,0.0696376030921368,0.1008517205371589,-0.355217254408904,-0.3004876665242844,-0.233380642472121,-0.0746335027995101,-0.3415228790982943,0.1945922200037257,-0.2780437705384099,-0.284136168104106,-0.1407203545900043,-0.2607404073448836,-0.32756044549343,0.2835738753646827,-0.2323103195005458,0.3290047304582817,-0.3801736172648232,0.197882674826554,0.0875135266989564,0.006593928029154,-0.3685810038796383,-0.0896371149287814,0.1650734657481361,0.0243965923359196,0.1602192598746191,-0.4128949643678259,0.2531947298244633,-0.2935388672357608,-0.3333799635965587,0.2404097044374478,-0.3951767986282583,0.3178021957905002,-0.0982002742046053,0.0313902604858079,-0.1475186962010768,-0.1414573016047374,0.2132591827485394,-0.1671132163865364,0.0087596253299161,-0.3087901654278236,0.0133127295136013,-0.3753957950845565,0.3169267685639713,-0.4447089709788361,0.0686882181478099,-0.4311206414128397,0.112870445918277,-0.1987795456445329,,-0.126986657543963,-0.3100897367574282,0.1089268666997342,-0.2696853246778358,-0.2403278311439914,-0.3295733249877103,-0.2585495113684412,-0.3409443398506289,-0.2658551553659137,-0.2911760964847802,-0.3064090332268995,-0.2464994821375828,-0.2641655255036982,-0.2819793267222057,-0.3188293318684568,-0.2793727124169269,-0.246444190597294,0.0411444246669759,-0.2780202161773637,-0.0119679699208447,-0.3033618114199639,-0.0927745828524664,-0.227491696198815,-0.1582490007011962,-0.3442213979793555,-0.1212108966554093,-0.3018824550917449,-0.3462682858290271,-0.0744434748371029,-0.3791892222148927,0.437738822448704,0.4251081384419283,0.4168418127540932,-0.359746390354238,-0.2758912712953797,0.3130347908309494,0.3611337525121971,-0.2396991700192467,-0.2870099598829956,0.5286889462227269,0.465215268815797,0.392425730350066,0.9999999999999998,-0.2428558363703795,-0.2165030296408623,0.1574902814588049,0.2751928821083845,-0.20938626951427,-0.2034536432980015
Lonely_Q15,-0.145278899737716,0.1817244983321733,-0.2149498057811772,0.0543416220840287,0.2794491195524872,-0.280094968319226,0.1350802859936418,0.1925457833520408,0.2598054804706943,-0.2017096439711812,0.1791928644398391,0.0612578122893252,0.0746034072906449,0.1465214364332387,0.1803895071782428,0.1624469971827197,-0.1467920700425207,0.0447511121242523,0.2715250126389133,0.1059543493865762,0.1982437328482669,0.1333654006557402,0.2613228727512102,-0.1413603038488947,0.280362537824916,0.1675055604707322,-0.0671227245166521,0.3279661814278108,0.2990774771652111,-0.204578815725131,0.1805275395537733,-0.3415333722813611,0.3536516466893376,-0.0751062269388656,-0.0349588674181125,0.0127562921449929,0.3737526419214362,0.16847103191113,-0.1600710020176368,0.0144013118414142,-0.1678299551562945,0.393552020385844,-0.1196637960686701,0.2748443778102779,0.2814397399093905,-0.2354659606746043,0.3920559345680331,-0.273253633885663,0.3419145435353483,0.1225127007161529,0.0990322109834564,0.2290322545958174,-0.2340651254283098,0.3428509366849628,-0.2075328033692424,0.3107161665555734,-0.0567238370978242,0.2977504954582632,-0.3236202225556235,0.3432503406831003,-0.0247279960556689,0.2927426341390329,-0.019335471862892,0.090519158429297,,0.0584978009569266,0.3093074872567745,-0.0431400702986958,0.3828865377990639,0.1576103181351844,0.3486112808676538,0.155202345734056,0.2151195109752854,0.279931393930653,0.3044619732735515,0.2878366183786932,0.2589345217636687,0.2915689986724127,0.365285420088178,0.2695882028534408,0.2896713887241677,0.2649289545813863,-0.0024446814456407,0.3055970971073136,-0.0231526519576481,0.3569406507999019,0.0874690618026911,0.224588143006208,0.0516492049057309,0.3081386283420175,0.2210893453486722,0.316273561741946,0.3354688060098702,0.0963964197084541,0.2770505826471532,-0.3297066290619433,-0.3689538280578585,-0.3105755836931522,0.3202922524151651,0.3242875191080693,-0.2019124584289933,-0.2376403650451682,0.2755745706275882,0.3271954821593386,-0.2905607759635731,-0.2184094823532335,-0.2738680774367362,-0.2428558363703795,0.9999999999999996,0.3868393752747626,-0.1756896229886838,-0.2345605255571682,0.5224109746788022,0.6014773615090943
Lonely_Q16,-0.0680602124082797,0.1878593265434793,-0.0303657025043946,0.0147338552209668,0.2006833094854277,-0.2169123882442088,0.0971178460528532,0.1139217165924724,0.2612528863663283,-0.0780967658840438,0.1248788932679751,0.0667311105579757,0.1182636693333097,0.1305074907820489,0.1571270351544582,0.2591004871571955,-0.1163534239673569,0.0483301773587134,0.3283800355786044,0.0904085477042035,0.2687018327194802,0.0842506738290156,0.24983190153912,-0.0893695711277282,0.3128807509230304,0.2771335294421341,-0.0271588736114325,0.456069139033877,0.335530048118948,-0.2030739344175762,0.1871715996042286,-0.2695387677506542,0.3445162398094273,-0.0769951560358222,-0.1211219084470643,0.0152734995665948,0.3050390587492085,0.1279475550863295,-0.1427286400979023,0.0278598948914065,-0.2017956008417,0.3563920618818403,-0.1625499435407413,0.2606192080203274,0.2882635434710902,-0.2952108654747409,0.3725741939955346,-0.2922095962448517,0.3380529217807759,0.1341841250524283,0.2409305282627374,0.2211138033479316,-0.1782840496357683,0.3332609862688827,-0.1419020835543688,0.357946785252648,0.0041387636783359,0.3636485851273064,-0.2967708818888954,0.3666292804742188,-0.0354594770149892,0.3227324464849734,0.0397053551270287,0.2459754944913529,,0.0505222647158272,0.3845891249985833,-0.0152208712091657,0.3862745082641438,0.1681479366999368,0.359363302972404,0.1994221838602166,0.2084665029287433,0.2851601496517115,0.329227762592014,0.3309378713746935,0.2832707009551817,0.216526488917385,0.3235130108097237,0.2868224239766548,0.3231834489959707,0.3556229583056681,-0.0218287398913426,0.3415105498257103,-0.0091494209256686,0.3355903436483233,0.0888860105949659,0.1847803920392177,0.0595706054779346,0.2870593323075696,0.2689492030498697,0.3675518143094981,0.2928450727842284,0.1539287304787855,0.29448003539754,-0.3724456370131832,-0.4054469374217891,-0.1937788926526966,0.3772293101120266,0.3956431805066692,-0.2703855406101242,-0.3018648873397145,0.1850888632494348,0.2574320800206977,-0.2822224982701297,-0.3487777040065769,-0.4157382158225917,-0.2165030296408623,0.3868393752747626,0.9999999999999998,-0.1519179754060819,-0.3293116592762111,0.4731818088953342,0.4815789844899921
Lonely_Q17,0.0962844489153242,-0.1273367492020679,0.0876357318909371,0.0495518273082598,-0.1567635527372825,0.1455984608444386,-0.0189900793038309,-0.0834444272551901,-0.2124714809786997,0.0462439219260832,-0.1786174222088576,-0.0081008681228862,-0.0058550897677006,-0.0283701034187031,-0.1373737557495995,-0.1469029742936375,0.0410272149098475,0.0595399045697836,-0.1837182220787197,-0.1626195891114721,-0.1655939448532224,-0.1227405402457822,-0.2017262730133748,0.0341745997800874,-0.1893052192716376,-0.180469345488517,-0.0365414148286208,-0.1869980367140206,-0.1182939577902702,0.1492382253709706,-0.1573949845958597,0.206045828635939,-0.219569600418034,0.1740027090704934,0.2417327107320524,-0.0553843440239326,-0.2886916827079042,-0.0258994723230394,0.1906179568738049,0.0181621840677283,0.6448009939099567,-0.2476829592231116,0.103597514506014,-0.2037176572572904,-0.1549549701185825,0.2653049232568282,-0.2599213852013042,0.2072318869270397,-0.1774362780434632,-0.0074210879823087,-0.1187571143837938,-0.1809795373777888,0.1107303778173263,-0.2470040273431822,0.1062880409371077,-0.3392887371073004,0.0625865430790893,-0.1988348953257233,0.2468929080117533,-0.2152554031014335,0.0475195929597045,-0.2571641175960576,0.0033740408345802,-0.1903104717389956,,-0.0340690273088477,-0.2482421176308718,0.0339078694168058,-0.2362659482590431,-0.0601760910111736,-0.162689692960921,-0.2562979829694686,-0.2498988405331792,-0.1459497099608001,-0.1905089473752262,-0.1677940579282524,-0.1440582871788514,-0.0724246876090859,-0.1434120502341458,-0.1765602314019542,-0.1976002183456163,-0.2447407763381223,0.0071788166474,-0.1927880484234537,-0.0060052405592013,-0.1447291561088826,-0.0487959333141578,-0.0962521508302302,0.0297186824914851,-0.2072438968442664,-0.1839959113434068,-0.2149370031728282,-0.1966629539796472,-0.0914585552231586,-0.227533891234587,0.1398937388220955,0.1093439283092169,0.139973779452346,-0.1086244231931588,-0.0876413372900632,0.2807472071403956,0.1777149940195126,-0.2021596556578981,-0.0971448683969584,0.1885586140808027,0.1157332617987347,0.1303377291383189,0.1574902814588049,-0.1756896229886838,-0.1519179754060819,1.0,0.0316462502063026,-0.137816124116565,-0.0780840310423257
Lonely_Q18,-0.0009580607885809,-0.1767288410294224,0.0680863300753419,0.0971440192969202,-0.0889330018755403,0.3033089307655495,-0.0702184281529793,-0.0704904056391297,-0.1702835663653753,0.183801038670095,-0.1811572138848569,-0.0204250367842478,0.0349857240298175,-0.0098297940783964,0.0868461899097401,-0.1790658779073095,0.120197473469463,0.011433490990558,-0.1707390120592231,-0.0880052267440802,-0.1059216977991603,-0.0845987711749351,-0.1876048980942896,0.0801541952485854,-0.176425004809449,-0.1777451669326966,0.0599937790749963,-0.2333013488264286,-0.1451516774101121,0.3450702897017226,-0.1565846217138434,0.4279986823249599,-0.1802884089044837,0.1813277717414484,0.0671833254923842,0.0219649437910744,-0.1891047136700862,-0.0372821586200854,0.1155144496043417,-0.0323345804487574,0.1113794792822124,-0.2271398147983261,0.1158287646120166,-0.164166706141107,-0.1257641802946398,0.2700096031981023,-0.188747493632288,0.3687816040473692,-0.2364035773770517,-0.0303355722621366,-0.1050976977956799,-0.1758232970505185,0.2052222631918687,-0.2061081855562254,0.0616668095929954,-0.2257560793448224,0.0079301680474499,-0.3179844182938613,0.1818484531708829,-0.3132888873737728,-0.0344676408400137,-0.3174924819406892,0.0948311015404351,-0.1597317142039077,,0.068936356517302,-0.2098120680659768,0.1043891116470306,-0.1839968907766646,-0.051444799154374,-0.200684425508491,-0.1435739693135865,-0.1283583332213358,-0.0593138556981766,-0.1926674861820043,-0.1006094648753504,-0.1225926207720484,-0.1086029538047697,-0.1306944982804016,-0.1641332122084465,-0.1398864640432784,-0.1853405326340794,0.0501290793464111,-0.068184550809745,0.0101043722683532,-0.1554781514362608,0.1364025021520056,-0.0901963868889648,-0.0575968091725625,-0.2522993384673105,-0.1646315009341781,-0.2335406707894626,-0.2522059385877022,-0.0552775278624414,-0.0720363720306815,0.5758222231527627,0.4854570272210143,0.3475605318347762,-0.2465680884454837,-0.2629040163492029,0.2664789389499392,0.344773430753833,0.0600815543707166,-0.1425012863174935,0.3203310027620875,0.4187823074281757,0.4757228301221232,0.2751928821083845,-0.2345605255571682,-0.3293116592762111,0.0316462502063026,1.0,-0.3526250984992549,-0.3377672257742745
Lonely_Q19,-0.136318559038621,0.2301268713274856,-0.10669448475699,0.049518803295028,0.2122649461145958,-0.2731794597867747,0.0564301978141899,0.144933185833632,0.2839612546941754,-0.0819078262788851,0.1720209141253209,0.0542570886718455,0.0763019370222364,0.1131689792124503,0.0793332035313924,0.1589398748008394,-0.1380374066809376,0.0238430329069349,0.2773033688593905,0.0854015745989605,0.2176809770183034,0.1274588016149049,0.2448737951860563,-0.0684533272501145,0.2201417378410637,0.2542990543046553,-0.0698233847794628,0.4119662519188303,0.3013967170780351,-0.1625577512537523,0.1286438631267015,-0.2935646464498667,0.3042089317306945,-0.0406143455287545,-0.0568580236863386,-0.0587464172981697,0.3401348308048102,0.1038479171523537,-0.1794024852823982,0.0468480288316403,-0.2091083546646322,0.3304091729945791,-0.117404709591351,0.2166672241835528,0.248496297059357,-0.1520849034766024,0.3752362651267421,-0.2580784433399515,0.4054386630103437,0.161389121611669,0.1626488135771684,0.2162116239032781,-0.142972822953352,0.3622921173349878,-0.1939910585864317,0.3214539924118714,-0.0509740669846629,0.3293658710953988,-0.298241167863964,0.3490330324284123,-0.0433405181337941,0.3440611912428083,-0.0477309326347001,0.126647002034016,,-0.0059277887416403,0.3759759194499484,-0.033625279595026,0.3942669366875311,0.165592178668262,0.3338117970240815,0.2199385696975342,0.2060993809690561,0.2722441128436214,0.3739749304928521,0.33779511244854,0.2579563180617946,0.2611749378070548,0.3705172490056208,0.3210577833645802,0.2962506690546663,0.3064535319095592,-0.0308539586926487,0.3231184706848832,-0.0356287194582593,0.3570606378903536,0.1118088211326746,0.2005139517215213,0.0804267713998656,0.3370160447212931,0.3077449999819764,0.3233411460256,0.3442415415274819,0.1109743658021648,0.2332233573564651,-0.3597457403626587,-0.3767006579033669,-0.2264755594759508,0.3308916103479755,0.3088729178948063,-0.1875543558292747,-0.2583530317438934,0.1643708129697604,0.3144708791550547,-0.2265344143625001,-0.2613933378224188,-0.2732470425893784,-0.20938626951427,0.5224109746788022,0.4731818088953342,-0.137816124116565,-0.3526250984992549,1.0,0.6950237653584369
Lonely_Q20,-0.1394261731703419,0.1861690534209036,-0.1469098407934483,0.0888543828044083,0.2256556434193719,-0.3020436724644323,0.1304891672086446,0.2104497546776263,0.2685267120626493,-0.1920921067944599,0.2189538179465053,0.0551526761244829,0.1342372367636978,0.1706218400429296,0.0975953399789419,0.1922890697434369,-0.1860813874323341,0.0417468712296932,0.2929076464622147,0.1386799882167242,0.1597226130534261,0.1168364172017788,0.2831788618576142,-0.1404793774496649,0.2797890397745124,0.2123040353177144,-0.0998095921902027,0.4547083715778557,0.3169106139116605,-0.2209026383965123,0.1625042491483712,-0.3496652373992003,0.3289406344425984,-0.0186718944892767,-0.0539682220256771,0.0098309859955216,0.3255587607579534,0.1326376696243592,-0.168297853656054,0.1034065448943521,-0.1356925536032613,0.3473369587321328,-0.148738038755586,0.2510664682923977,0.2534958830005662,-0.2605085897318589,0.3707153136865584,-0.2985008003857402,0.4181733590322664,0.1871179417032841,0.1688651917337353,0.2514669234305218,-0.2443204784631259,0.4013258406590478,-0.1983348544740501,0.367709185915179,-0.0380730865494485,0.4348429375713076,-0.2826549724982785,0.3765146639754366,0.0278064781558958,0.3433814502280993,0.0089573579064269,0.1613564188171277,,-0.0384446684175265,0.3462995934343432,-0.0728467954526685,0.4008462884382178,0.1434759193640856,0.3722323150014863,0.1965465332809025,0.2075657673936797,0.264919730972101,0.3666762495978373,0.307998058245491,0.3032522655828094,0.2796836691099128,0.3590958822894498,0.2740326931273866,0.2826177938287478,0.3230005887089984,0.0238874395483961,0.2661482986963447,-0.0543346340098041,0.3647333943656744,0.0178328411858387,0.1973698310716656,0.0414271898485143,0.3690851680248602,0.3108300409527134,0.3414659199245983,0.3840553662174777,0.1259201318198713,0.2507873905696688,-0.3532474257567061,-0.4020347026622212,-0.3578209155997513,0.4007504518109639,0.3616652448099788,-0.2492248617052788,-0.2740196018474573,0.176111390865565,0.3184035776941156,-0.2557517461463258,-0.3015543947773522,-0.3154060610690398,-0.2034536432980015,0.6014773615090943,0.4815789844899921,-0.0780840310423257,-0.3377672257742745,0.6950237653584369,1.0
