,IRI_Q1,IRI_Q2,IRI_Q3,IRI_Q4,IRI_Q5,IRI_Q6,IRI_Q7,IRI_Q8,IRI_Q9,IRI_Q10,IRI_Q11,IRI_Q12,IRI_Q13,IRI_Q14,IRI_Q15,IRI_Q16,IRI_Q17,IRI_Q18,IRI_Q19,IRI_Q20,IRI_Q21,IRI_Q22,IRI_Q23,IRI_Q24,IRI_Q25,IRI_Q26,IRI_Q27,IRI_Q28,PANAS_Q1,PANAS_Q2,PANAS_Q3,PANAS_Q4,PANAS_Q5,PANAS_Q6,PANAS_Q7,PANAS_Q8,PANAS_Q9,PANAS_Q10,PANAS_Q11,PANAS_Q12,PANAS_Q13,PANAS_Q14,PANAS_Q15,PANAS_Q16,PANAS_Q17,PANAS_Q18,PANAS_Q19,PANAS_Q20,POM_Q1,POM_Q2,POM_Q3,POM_Q4,POM_Q5,POM_Q6,POM_Q7,BigFive_Q1,BigFive_Q2,BigFive_Q3,BigFive_Q4,BigFive_Q5,BigFive_Q6,BigFive_Q7,BigFive_Q8,BigFive_Q9,BigFive_Q10,SelfConst_Q1,SelfConst_Q2,SelfConst_Q3,SelfConst_Q4,SelfConst_Q5,SelfConst_Q6,SelfConst_Q7,SelfConst_Q8,SelfConst_Q9,SelfConst_Q10,SelfConst_Q11,SelfConst_Q12,SelfConst_Q13,SelfConst_Q14,SelfConst_Q15,SelfConst_Q16,SelfConst_Q17,SelfConst_Q18,SelfConst_Q19,SelfConst_Q20,SelfConst_Q21,SelfConst_Q22,SelfConst_Q23,SelfConst_Q24,LifeSat_Q1,LifeSat_Q2,LifeSat_Q3,LifeSat_Q4,LifeSat_Q5,Lonely_Q1,Lonely_Q2,Lonely_Q3,Lonely_Q4,Lonely_Q5,Lonely_Q6,Lonely_Q7,Lonely_Q8,Lonely_Q9,Lonely_Q10,Lonely_Q11,Lonely_Q12,Lonely_Q13,Lonely_Q14,Lonely_Q15,Lonely_Q16,Lonely_Q17,Lonely_Q18,Lonely_Q19,Lonely_Q20
IRI_Q1,1.0,0.23288188451612737,0.3519607443034578,-0.06335258142077771,-0.037560111337639174,0.17922964494636542,-0.029439720813371793,-0.06863804238165325,0.2229853610295665,-0.02617120395256778,-0.005932455890065615,-0.09603583394403253,0.03640948962129026,-0.18619819801643692,0.17169614680576045,-0.022955143992120827,0.2786803812605751,-0.21477538686224704,0.20098156668368328,0.13586378215916228,-0.07641533391602846,0.04077630431332624,-0.17218043406724057,0.02201698985184458,-0.15950190886173465,0.28485722658354384,0.3127362808043468,-0.11021786851787863,0.32501725132505577,-0.13602422839342543,0.4633236136612193,-0.2577650717971559,0.14602963808700528,-0.2279581621921823,0.18831317871482384,-0.1926666141559492,0.3025269390262199,-0.2372381721044775,-0.08421059687894411,0.23125635204420308,-0.22322646750306982,0.3650719895621128,0.17465177012471805,0.061945658554572715,0.2428838522500318,0.21658748851381787,0.21798745329087396,0.24341032095042703,0.035557829417409474,-0.07246259922428924,0.2700003677452403,0.2616921341254475,0.2075604277293229,0.19046253792305917,-0.177941379129531,0.3430177930866509,-0.33541167165751656,0.18043104078577377,0.20570244760416254,0.3833934013076523,0.15919708055308532,0.2389196756912992,-0.2896239576661751,-0.11461448422230495,-0.32311143983480695,0.4429829346055189,0.23085193017564215,0.0009079456055990642,0.33140778093912526,-0.28312235735109176,0.11196542976338655,-0.15865979125140778,-0.03205994575894953,0.09937133976842835,-0.16235840508665575,0.03812610722795426,-0.4184456333389033,0.05146381567348899,0.1808375706862788,0.8610123685151939,0.28583197751142386,-0.03939428296501697,0.1733437276434353,0.2005195345626702,-0.07968646579866415,-0.03236162842322477,-0.2696533159005695,0.29601637657262486,-0.07389583853939678,0.1501159251901274,0.16208321556529567,0.3719128290001176,0.29794030063746935,0.40954603214333973,0.30340567488234516,-0.2670224379568796,-0.2921712816982297,-0.20833899990757557,0.281743448520671,0.1644518416072307,-0.24071882874523035,-0.21192096716624167,0.36279549706465153,0.24236462765279368,-0.14954883975643085,-0.2660987639941499,-0.2948507848553752,-0.21106207790289655,0.3502244260703492,0.011902189860280287,-0.1828081528348702,-0.2646661154198241,0.2830411064157507,0.35170418655350266
IRI_Q2,0.2328824797566751,0.9999999999303072,0.002268990756359012,-0.5096562763147399,0.2031715326185412,0.2733836843979376,-0.13460084488866914,-0.06148845960490719,0.2863499736855468,0.05055934584718548,0.03210537573353983,-0.13579097180158134,-0.36107307555712054,-0.23233247450509067,-0.04277081769605081,0.17293923633931768,0.1396120229970131,-0.4361045390573203,0.0011071431483586185,0.4996663020755722,-0.055198609202333326,0.3910914413115911,-0.23832163040124038,0.13138230489251515,0.2405798831882563,0.2547892682824624,0.2798242852821099,0.13236027754405816,0.535828903274635,0.15038277906657738,0.4650467267622533,-0.16989562285467016,-0.006616661161556306,-0.23513582833231436,0.24247618731742096,-0.21795435820271444,0.516980733521172,-0.2647917403419785,-0.09442223073446948,0.1908130441155647,-0.2387461127515284,0.6701152894881055,0.14344894275943654,0.2133695816956695,0.22428452787729197,0.2523919042744529,0.5956085428870457,0.15482103398000768,0.05114189062963213,0.11631787664320403,0.23694851490902807,0.19586940189470758,0.22552640435304305,0.2124335154301756,0.12890691534367646,0.3890900719826406,-0.23993461255302362,0.20802484134257893,0.2780264925732401,0.5255366985315775,0.27347223355002365,0.8598011409837388,-0.2436788494402931,0.28230742029209865,-0.289351546484111,0.5226852153258261,0.17484970399831454,0.15372261539055881,0.7771030282616191,-0.4373693632615816,0.4999734803013237,-0.5435031035584205,0.21640165512777276,0.237839885240425,0.31717586521721075,0.3434127009608193,-0.2797060196259865,0.1761807018913864,0.36130213584242415,0.41941032187862154,0.8212942370489447,0.04408833357625001,0.6139907978094736,0.6184171965460918,0.12475644524770126,0.07905668701722754,-0.5316552262237935,0.37905193699819983,0.12842851291525403,0.20774774865468665,0.4722406898735102,0.5099762156793173,0.3648111580657254,0.5788947550616842,0.6071201455069528,-0.26936146970624975,-0.29896165010139963,-0.21636499752133212,0.5665954096768695,0.5934835246006374,-0.26317924342976395,-0.23110632330177217,0.5411168642244285,0.7265125767225861,-0.1674472482702784,-0.28169666232239077,-0.30028521638040284,-0.24557531472278127,0.3018871523657928,0.46528407509595604,-0.19495005445532823,-0.2780884018298792,0.42615255980277755,0.487704433120754
IRI_Q3,0.22661158286707755,-0.07120280561261923,0.8841371273551584,0.23772921240296332,-0.0982175529656101,0.09489501907787008,0.23280189771742582,-0.30946430637201827,-0.08621728617199802,-0.0713639638652937,-0.4843920154282681,0.12146375632024888,0.21400965816245654,0.010930562083385255,0.48625158429151283,-0.13353360376741616,0.08672400587186994,0.16780371752670925,0.004612270665405711,-0.010977027832181505,-0.23373686584566303,-0.09898021513368757,0.0244125760511142,0.2895076422497593,-0.5285931938525659,-0.18790762188249246,0.025433322701032934,-0.5348702809879198,-0.20656610406917136,-0.28815348006642955,-0.02522428758142975,-0.367597211289039,0.04118478502598435,-0.3020077326409295,0.15598357931635162,-0.06581721290395887,-0.3382769138718241,-0.3015733212996621,-0.1073881707654748,0.236734714129802,-0.2897670076270691,-0.2279929521885239,0.09148957886033021,0.23764726400427705,-0.05748608870640393,-0.008789875615400858,-0.2932342632872482,0.06443685917917072,-0.07982415493363539,-0.22252414546038868,-0.12377657144702786,-0.20669399543249486,0.337424727125747,-0.11450090080171461,-0.23520270467811394,-0.09001468682048808,-0.03291913300955776,-0.30357791828486186,-0.034918095648318395,-0.17905915727894578,0.29470639890963246,-0.19607793989323868,0.30493875895622236,-0.1547939072323984,0.3734106160248051,0.009028043523629015,-0.08201102079957104,0.050998217046382174,-0.3439037820116013,0.30221976398073686,-0.5185812469659782,0.375040033001395,-0.2593042156575446,-0.26275806949605884,-0.08362387155521198,-0.17990872416182707,0.0999887282596215,-0.1687217748449251,-0.15907971108860788,0.06800639962878523,-0.2934204182992215,-0.16536196353092647,-0.384407911436486,-0.42206347844131675,-0.17355049470474987,-0.28798258468131877,0.232846413471613,-0.22575214990620912,-0.18462960534576933,-0.05872878133567215,-0.2027740401791546,-0.31046643071930746,-0.2581955601557175,-0.07880262207960266,-0.3646254634603805,-0.3045665218504366,-0.2994784982970625,-0.2615805266315012,-0.40333398508081064,-0.3516309633773156,-0.15679423922935182,-0.22463710912850515,-0.3380280739076377,-0.2358304189266563,-0.23676896862563168,-0.3229523997509761,-0.2925459003725212,-0.20531723995797732,-0.35271940260394785,-0.22532852192941172,-0.244221361845068,-0.24620958990372338,-0.46908300737460096,-0.3166893154065378
IRI_Q4,-0.06335101051611619,-0.5096470709145262,0.16194319876284974,0.9999999985372993,-0.2643701990997753,-0.16545271804649359,0.21232547462938375,0.10031077969289764,-0.4108162201849771,-0.06483860583883044,-0.2528598777661806,0.31521050434354503,0.42897288368819025,0.3357560403211028,0.17835854529598008,-0.2805430123187283,-0.22077972879049917,0.6105954299971317,0.05982895289969453,-0.3357682894673806,-0.1119441033608652,-0.3502108186025133,0.019130701573247658,-0.0840420900304154,-0.38805840546655174,-0.2921187851577734,-0.3717668646118888,-0.22692186334221223,-0.4118676565288233,-0.18716561385880198,-0.3948523641022146,0.008454898037394354,-0.00963259829700576,0.07853701741519108,-0.20667985454165191,0.2666759912666748,-0.5592444382923636,0.11658905979441322,-0.12627305517334544,-0.060337457391679235,0.10035426080679063,-0.5455488728422706,-0.23788656839848202,-0.08868278956357145,-0.30620918402382324,-0.14639412988795789,-0.5002613653316713,-0.24913545997074782,-0.11593738598004283,-0.2087751874546831,-0.31336458759033625,-0.34172983753563274,-0.05570224636811075,-0.2953516173200923,-0.052448147288226055,-0.30139183601314234,0.2932329194210467,-0.3193053076618017,-0.11418548484459079,-0.4543580864072141,-0.12763172936982395,-0.6208913621531733,0.3437668303336854,-0.24830663449062546,0.3814028663593377,-0.32730080220862523,-0.2957143281852548,-0.2576149047222488,-0.6540164808759773,0.34309895354521613,-0.5532644996040647,0.4978443249576945,-0.238823211006173,-0.3148780740456125,-0.2804573921202799,-0.3200392903530387,0.14280625130415936,-0.31472494715993987,-0.4978377067703059,-0.3069176081768934,-0.6110543126567213,-0.2216430901788439,-0.5308029602751649,-0.5748394269761803,-0.13004323846121085,-0.08181084692008209,0.4425457868058369,-0.32899228117281637,-0.012167812000333475,-0.225197871839736,-0.3608110792330455,-0.5197986441816504,-0.42729108233005175,-0.4845807168042273,-0.575138509962238,0.11632514703907496,0.1528475633089008,0.08929303293594806,-0.5324721475224102,-0.5280436465747596,0.16024244590044184,0.13521854348242057,-0.5811847227614048,-0.48854731450997896,0.07886440674519564,0.12613821685004517,0.1664478228675375,0.15065874632655646,-0.368637763392357,-0.23012977304491009,0.08810815789735962,0.15683164407464414,-0.5654222009367478,-0.5191860947976794
IRI_Q5,-0.0375601771329276,0.2031710663560741,-0.005432883232349911,-0.26437346796683703,0.9999999999999347,0.23483215122492762,-0.33426591857243515,0.11657237829694683,0.16090427914570676,-0.1931963559479146,0.2590954835612719,-0.26331995977545625,-0.10495174653996628,-0.14968540429293103,-0.053367830847597914,0.44056104016141834,0.0816912189687097,-0.20336501760764686,0.18692333933155522,0.22924550454003184,0.23895394105599635,0.38499115043434673,0.5058707243428241,-0.17697711886029574,0.17083308914926176,0.49622818723823386,0.011283415990547357,-0.02418120807495426,0.5249704715237906,-0.14004371287846937,0.14551384256207073,0.01828329275140314,0.05428671986434049,0.1388545112470917,-0.0519978134831721,-0.4012778158063095,0.4873148276853523,0.059151047858429714,-0.18935444244708957,0.16848848793166438,0.12351139870427004,0.3868003937701905,0.037330093975705275,0.05678955782125701,0.23489649178614067,0.12435699911943683,0.2958070516680089,0.0790020683876411,0.026747107422591208,0.12915032100977794,0.24451455308436681,0.26553414990578084,-0.16559046098434857,0.20643020597218725,-0.014959032465697821,0.22576593800837605,-0.29831273296539923,0.10863401791130434,0.07956176728393222,0.3652422367538125,0.14840789636488844,0.24440032233108128,-0.14346846000974792,0.07413069002782577,-0.17052603953383363,0.3956641042490368,-0.017634652828327012,-0.07316565575322755,0.35340138254255954,-0.18524530102186906,0.29703834805868023,-0.4453410375160171,0.010820719292588227,0.05256010640029095,0.25875259918572935,0.34419178773376163,-0.06368872617558305,0.06343021364738405,0.2384074867277626,0.18719580481484527,0.32644643754305985,0.0744021661382315,0.23401750795827264,0.19004019074125642,-0.17967337895264837,-0.07609250790382358,-0.5652856032287228,0.13164173428771275,-0.01730125777041687,0.18138543131379375,0.21126136059220735,0.35956242255665627,0.2968497968438687,0.3891975699089095,0.3755031103788643,-0.10082348050567888,-0.02206346804834608,0.14799435337141567,0.40925624095044605,0.4525288132540466,-0.20383719569051012,0.0981139305604178,0.32904899693846656,0.35732356137789223,0.13280228090906376,0.04233262247047129,-0.07009321429528712,0.01691804169110086,0.20730004032128282,0.5311301887521424,0.1658456308413428,-0.14590764422410263,0.35915428782845793,0.25729627092892005
IRI_Q6,0.17878330548986282,0.2726056764098034,0.17926814483481937,-0.1645156902791906,0.23432860259466348,0.9999758790834485,-0.19325508811393133,-0.18200048305199423,0.22249967666541137,0.39645937902810835,0.029060104619096996,-0.1466722629786675,-0.16405433188441298,-0.08564090097428195,0.060021462901616335,0.09629656212241075,0.6010475383611247,-0.14164462527272403,0.14125756905424836,0.20288401731506495,-0.001548618598357622,0.20012612978750532,0.3356942389960436,0.3683069685970041,0.030051318356532082,-0.04894829995392705,0.22920491841925483,-0.21442339097481838,0.2154987560680079,0.0259798360363004,0.2434559794950958,0.014060636413451788,0.032315101936652185,0.031436651701359626,0.5035952907315495,-0.21594658167150715,0.2971937379122032,0.002760860469685378,0.14739215985167864,0.27461733924924514,0.034433019437585546,0.34550617661037886,0.6161888985566906,0.1650394696502516,0.20691433330906359,0.7615985293751097,0.3198416410399909,0.6037206768502078,-0.04441380500841142,0.036486154880478856,0.1514241812904986,0.1760887084537131,0.0017975809603623383,0.11307348797781788,0.45241011819652416,0.13140408692701913,-0.284473906677046,0.02524277006839721,0.7361564037613975,0.29362950312629266,0.06974451106508385,0.22211487298669177,-0.20354962455518238,0.06083273009297068,-0.2269453568547506,0.34094549337175784,0.2757193354262871,0.09432037957886921,0.32210794970529927,-0.08795506648207034,0.07757548041096098,-0.2647512876702052,-0.09074195260292905,0.11043394242971644,0.14919554856163478,0.2725544152674649,-0.08649550697591303,0.14758581193713785,0.15372585400448954,0.2562969244095067,0.3314277102821001,-0.10072466244428052,0.19814066925041945,0.25286141115958777,-0.038226024222792615,-0.10121860350852717,-0.27335926583876885,0.19619479309931012,-0.14749383940123412,0.07351355244128122,0.17579666810504052,0.2526455944334104,0.21086904919943897,0.34793184204363026,0.25862808607711013,-0.09880276379793655,-0.05501970596443084,0.05346371125171765,0.3163831498927713,0.2276462240258847,-0.17285886782602447,0.052875184927051386,0.2878724198959528,0.2596883531521951,0.08959754332437884,-0.020491412573970545,-0.08407716536988369,0.05003987575978684,0.1817224660684406,0.08682842068898425,0.06380343889689873,-0.1267615548975359,0.22670806644631009,0.29927383497285903
IRI_Q7,-0.029439720812518912,-0.1346000620164536,0.2124493554652186,0.21231414980344665,-0.3342659621348379,-0.19399505384812493,1.0,-0.1412547372857038,-0.2575626380610535,-0.04687040570936303,-0.15092540945841573,0.4632809724512854,0.05651303828645616,-0.003629157767486041,0.2516603877902111,-0.0041366895676373805,-0.03552867217136506,0.21769255996521675,-0.24239952161355655,-0.2442218571927832,0.180884587573235,-0.028351646008835774,-0.12608760656418244,0.06922262182630542,-0.1010681256200357,-0.35417826984351447,0.12675527503231312,-0.24277678100169603,-0.1956016663450354,0.1267933930119584,-0.1311890764398469,0.06648707928860158,-0.10337877690222161,0.09847990098578235,0.04644664946280762,0.2769499820072433,-0.27207948181933206,0.1794010214219944,0.1428163078972303,-0.1296917979210768,0.09343865427593925,-0.17687538522553306,-0.08088898901117131,-0.05141901963520328,-0.24568094049729328,-0.2604094857502315,-0.25177423329571846,-0.07428646601579836,-0.07110027567823468,-0.2243078518883398,-0.290131980408305,-0.307998412341823,-0.01881332305159633,-0.26700271751107335,0.05315803928849717,-0.21863781893203255,0.15374164567335386,0.02300674837793608,-0.21678979591412953,-0.00030776568322282705,0.043841661998732795,-0.24601585314486063,0.18858384824971747,-0.1452746169505604,0.21110923388250769,-0.21324810494209023,-0.057460180918693565,0.0951847306149868,-0.29249830124040865,0.16180474939574455,-0.18221216217148162,0.2545319405425821,-0.01166727479999679,-0.024284097487050113,-0.1851313343239428,-0.2829511448767248,0.18062177241867028,-0.08554927854214486,-0.13318681660631523,-0.15570193990234202,-0.24190744596054362,0.061379912477827994,-0.07211523438735983,-0.07083926660362447,0.3456246220142697,0.017934560751533435,0.4573631220171426,-0.16382287964227887,0.07754975366834826,-0.12827828220367904,-0.29270271597109987,-0.2067372604193456,-0.2694926352996728,-0.35019006317381646,-0.2876790711164763,0.22381911462045864,0.2052568299175083,0.0591062082101002,-0.31387312271231715,-0.22474476304490204,0.24632258512410155,0.09433500500704342,-0.26259796290141785,-0.1336596722910839,0.07886249459107339,0.1633741662754168,0.21846359693426767,0.18068024359157067,-0.26066126700055925,-0.09065890550718975,0.05899551655021086,0.22967326445790395,-0.28728160607693465,-0.3223291488399831
IRI_Q8,-0.06866009923521646,-0.06143136989957317,-0.2216811694056282,0.100273003455668,0.11661349647846311,-0.18227768354683868,-0.1410855776491614,0.9999997597847259,0.26428413324325484,-0.06903944237828431,0.3616306966594076,0.046895200435920804,-0.009604882171150325,0.2283303973622688,-0.20620391677079022,0.1695616187366693,-0.1171267045126376,0.014465771015531592,0.09627763557287786,-0.19513310640405884,0.3532087154597797,-0.05504930338401215,0.11459379383063739,-0.302665106284492,0.05016847570260666,-0.03558220901559739,-0.10421002627282161,0.4561861167978372,-0.0385936953221289,-0.3185246948597366,-0.14666817142806285,-0.07583433345926938,-0.005001541298250867,0.36367740511654134,-0.06537537647385756,-0.003442014621268724,0.08427984220306448,0.21938871881815192,-0.06661676556331908,-0.15046469280519886,0.38544722745328575,-0.05659430603179848,-0.0431439425060922,-0.09630451287174298,0.030510384150510106,-0.1293504669363314,0.014250148738972478,-0.09415496730709641,-0.0010609584921041984,-0.0683430283705268,0.09618058670767411,0.07000570922484711,-0.45751353721579807,0.08881822542978336,-0.22282511398316573,0.2327910726266061,0.18751899427956828,0.25633952385779696,-0.12954586335762186,-0.00831250496586819,0.044815866104446725,-0.04460738111762708,-0.18786851601795732,-0.03713275526771753,-0.1711975606961082,0.08135412764773672,-0.10721619940605741,0.04114817538921744,0.1128984524579862,-0.072834208463282,0.16140017330608375,-0.22609075507678797,-0.007011380044097876,-0.14837111049097754,0.01103217732526944,0.0488063452996392,-0.07069117798831279,0.018941725984286645,-0.07243859762970101,-0.01664961597017084,-0.07025943710017808,-0.1089832405828375,0.10220034874471592,0.11348747258992316,-0.034722499231691184,-0.05719598489900701,-0.22257855973486257,0.2977910604451723,-0.038692251591057505,0.03502545388514977,-0.059399087871319985,0.16448315305672093,0.10157479591628829,0.0927435843311272,0.1998955737427598,-0.020465157781125065,0.18484761468090274,0.4012545218741878,0.15059917492710287,0.14643275344954354,-0.25354951426901035,0.39670369670840294,0.2613171908072715,0.008618494880169377,0.4106916535995512,0.2681487143154776,0.09615312342826005,0.2940895053879161,0.19581529245377993,0.08498522147158666,0.44090043432121934,-0.10812370421843547,0.17251097670916876,0.19371115959459267
IRI_Q9,0.22296967241633675,0.28635936083272784,-0.03291723468752132,-0.41080879543527987,0.16095369284298575,0.22204818368258933,-0.257589541617991,0.26428959857326106,0.9999999869160302,0.059997576589970805,0.21904514204227404,-0.25904241955346435,-0.11964003882736154,-0.222629861675513,-0.013465844432201314,0.1473372799274998,0.06605330108109975,-0.36980404988687887,0.2265618770693657,0.25148190314383234,0.185084163292971,0.08413191535793267,-0.07678526067093125,-0.021872261335594986,0.08577481007757147,0.1407679865455222,0.18772778353841896,0.2701058591643088,0.2408506444030256,-0.14677621429751914,0.1519840622443624,-0.18360060132200035,0.11012402021636708,-0.12027550065419394,0.16075615975518742,-0.29689072977843617,0.3878022372014642,-0.2175826406899456,-0.1217946158023438,0.07121128337397586,-0.1279669211633207,0.462020924516951,0.23724281252585294,0.05050658405217528,0.25116857548004434,0.17332842037188617,0.37565210494882173,0.10604848682798848,0.08754258334616455,0.15914964957594088,0.2610218806474357,0.2236211317422854,0.062004024109388975,0.24467165109184552,-0.07024282281383071,0.3522349358039239,-0.031284539370658275,0.40449995581505693,0.07390733084196591,0.3598718503105142,0.3099946587601012,0.33726211736186895,-0.30020508252042843,0.1024071187210326,-0.2779092237060664,0.49037903749971545,0.161598794657294,0.10232723616824646,0.5109061143743695,-0.08592215834057323,0.3676223336112622,-0.39823839367084485,0.030437456340965827,0.009365530933483288,0.11982397142349377,0.2800672177179464,-0.24154732978584523,0.1305675030600448,0.2748452814477633,0.2838917935561704,0.36620274915743783,0.08206559561445369,0.43893510957400256,0.40016314416965904,0.06908667687854746,-0.08377864960969246,-0.41094725298120627,0.3816045097963735,-0.012040675343635433,0.2304931529889231,0.25539664679433416,0.46214223645201274,0.33203586081733527,0.4678477792510067,0.4919489012589353,-0.2732342828310499,-0.2477058347723318,-0.10292062320071302,0.4994410820942886,0.5051975659865897,-0.3297988692620243,-0.12349233428058365,0.48126850107655256,0.47437332025544,-0.08123525760579897,-0.20412251475429416,-0.28094926487265115,-0.16961727519014577,0.3001769726121081,0.16850365815529963,-0.0746345884454861,-0.3175774975646255,0.3728805553750685,0.4136428635294003
IRI_Q10,-0.02617119612521325,0.05055909033803911,0.040885904990101724,-0.06483041039473425,-0.19319629068553745,0.3971826904811445,-0.046870423033419435,-0.0690030791151574,0.059973642679461536,0.9999999999999393,0.3117499528339491,0.03903749065143568,-0.06956114446063744,-0.048102244744341674,-0.21580612239575075,-0.021916343494148158,0.42864170742024843,0.21825946417154304,-0.10818938416491544,-0.02403401767684847,1.817088146616186e-13,0.022912651671204654,0.02294402925620692,0.46737137259117845,0.02933352385854389,-0.14314753897783436,0.11792404398706764,-0.015906472086202827,-0.0720164930110808,0.13387625685181836,0.22851879549715884,0.20025693651764181,-0.15979166386504245,0.07349297554659527,0.40787693290087157,0.04614313339726579,0.08508651195267436,0.15239127380532236,0.4260104321740168,0.08516857105996972,0.07201992967004794,0.0396344756542345,0.3468273488351951,0.15619464860533963,0.10073604420422047,0.4237698055363132,-0.02760454671466303,0.40251308646383277,0.013954919247966746,-0.22372710413264885,-0.003774098244185453,0.08187040355557709,0.029893718180264834,-0.02484729120978979,0.32279348148088893,-0.11586684901069433,0.04907551528908842,-0.12940419853371077,0.4553934396832492,-0.033710623562240805,-0.3125147962532722,0.07664099235996275,-0.21139971662014762,0.08555291724774275,-0.2601848269220355,0.033821041384812095,0.11073573356132267,0.06626112284130181,0.06515980593033822,-0.05582292415651604,0.13916196069054143,-0.040007437287780404,0.10414697568170148,0.1077221996119257,0.045136480282754486,0.013002879124500797,-0.08599357889570622,0.19757726266508815,0.15402322835114382,-0.01258801658447696,0.006449212479624544,-0.002880858978821302,0.15228126884926688,-0.0028013026103906914,0.05790104540030046,-0.016618521173118114,-0.10556927730823823,0.10097455861089712,-0.034604670336276136,-0.08781137993142782,-0.08887850944950884,-0.009221909368997916,0.04536232861395165,0.042293818242197634,0.03145506126571003,0.2737146846715798,0.19063406834275878,0.027306049572167285,0.04380178467124948,0.05566276899961861,0.267387415589851,0.05312698369239176,0.10181795542363296,0.014133808851528581,0.06067367217902128,0.159965551342291,0.22784385388898595,0.12354174767976348,0.18768433066060863,-0.04783632597432161,0.009354787578001823,0.28781176100526235,0.07239824101902809,0.19810253786763066
IRI_Q11,-0.005934221726088942,0.032101160750352395,-0.315736621776208,-0.25287765272077084,0.2590842946874551,0.029408566277881482,-0.1509132649009624,0.36154808954649353,0.21901547287812378,0.31177615644510576,0.9999999936319152,-0.1743766219891003,-0.06309108028097218,-0.15151568173768115,-0.4883527779860727,0.4176531901035414,0.18210883681665513,-0.19201935742124573,0.06256596082930876,-0.03923729601669683,0.18998234316930251,0.10079000563966956,0.2675973626086502,-0.09113835119521532,0.17009781271294674,0.2207512560179449,0.06862985323179278,0.2648018905260118,0.29814092598132497,-0.04924672226693082,0.25697771060170205,0.11746410571065073,-0.039337567217199,0.30887653969354295,0.024205277678052025,-0.18754206898813044,0.5471622870322382,0.23273250560533437,0.11076481455567143,0.132914851647241,0.30440063267177236,0.3136809279066237,0.12469647637037078,0.08220938119410275,0.35098472931838864,0.16074324381114521,0.0786617846476676,0.1718058930911663,0.24427524415294888,0.018449926781187058,0.3418996220654379,0.33890973882480774,-0.3724562817150886,0.31960026955649334,0.13267302747940404,0.31501159976400694,-0.09699553322814361,0.24537801881282068,0.2373655492399942,0.28141002962042344,0.017941134179457217,0.21869078403440143,-0.16710314912407964,0.10239965309134279,-0.24936976071129913,0.16077767325610184,-0.0006544401821385916,-0.004364023748277546,0.4021465722397486,-0.30948582375459655,0.4353165409098478,-0.3850176881401885,0.2046662261869416,0.22256561199020763,0.08992618935910365,0.1600793000977952,-0.2254587618211279,0.13829631264776368,0.3583805057240103,0.09637886471088768,0.2540236336516154,0.2002258474534232,0.3322844654064057,0.2930527700499178,0.02993519459697105,0.1167131824992208,-0.45795848031204134,0.15407633087413924,0.06503193375218924,0.28090727936460924,0.06414326621467079,0.45204798003863256,0.38473567803251707,0.2857822989127782,0.4919086550985738,0.07269244608829253,0.16741315973259677,0.303171263874317,0.5139965064356883,0.5451109292090521,-0.05649052050172848,0.2633906698120207,0.5210257854005608,0.296031168003062,0.2987102832021252,0.23916591883238186,0.1321201196006172,0.20716833583617622,0.39105018688217275,0.31321060201230355,0.32410925977170907,0.03773586980217221,0.4494135747718218,0.4017354160431292
IRI_Q12,-0.09603583409312674,-0.13579043641928074,0.14342328815139835,0.31520870109793186,-0.26332000539712924,-0.14717286757625245,0.46328097041754424,0.04704875919434487,-0.2590416350354824,0.03903750455736571,-0.1743574241124864,0.9999999999999951,0.20094591527112843,0.21463422134485177,0.28710738178513573,-0.14037623552031525,0.07256879696851617,0.44714543655136635,-0.15754305556471243,-0.27096016823639274,-0.005451345137008623,-0.13631457304146102,-0.13778356050218923,0.07407506555629766,-0.24887280064438022,-0.484891056855551,-0.13687671679938243,-0.1913343250276307,-0.24981913072406778,0.018768626384455867,-0.0566552632984696,-0.015549462276100209,-0.06494000748109378,0.043133701352871985,-0.026764706007847652,0.3483573151831052,-0.29786300407253585,0.09269868629723477,0.15701079874332946,-0.127355382470271,0.06106595259927019,-0.24737871758789481,0.011329389622980607,-0.045460328837009456,-0.10294089707452177,-0.04949483542574559,-0.37644859141617903,0.06365033457131937,-0.03373736443416686,-0.36544277412564385,-0.1551663564437427,-0.16386733634637732,0.017912109478942416,-0.16369321582187396,0.15846328809836033,-0.027892792467757235,0.3027480190779515,-0.12418724224776073,0.08948549312442856,-0.13070965972659282,-0.0325713649307902,-0.28338193643325116,0.2405096721735817,-0.13797601887816446,0.23577554826307867,-0.4034431437668773,0.02558647496186242,0.01421315497441257,-0.35622558067858506,0.14912552636962167,-0.17938463240633093,0.2482449335248512,0.06619565090391177,0.0016094156957564831,-0.09986747980777858,-0.2617489753642299,0.06582458294334684,0.0905267297869224,-0.09463454638283,-0.25622033885074125,-0.30655966678867697,0.09889343882977106,-0.08522626869275372,-0.1842067989376837,0.214529030748839,0.11643757541608704,0.36733362688358034,-0.19548220689066143,0.011330716243380785,-0.05968229830184739,-0.437936487942176,-0.23108046932991458,-0.16228142449009408,-0.30182453146067917,-0.19508696219364458,0.16160763498066566,0.15471688133841288,0.03487522858969934,-0.24668101467270892,-0.238444851193498,0.20981420676698392,0.07368546331433681,-0.23760104354105144,-0.13474081816285152,0.05091856470048919,0.11549668359242216,0.16916465184556628,0.13584827047640508,-0.1600926858668484,-0.06688429818401134,0.037280117144456934,0.19561652662752094,-0.288926555770686,-0.2136123561036009
IRI_Q13,0.036409804782049277,-0.3610718109693464,0.1627292928182945,0.42897102177708185,-0.10495133503963754,-0.16467272905782865,0.05651265937566412,-0.00951806181820243,-0.11962936177535238,-0.06956087586390386,-0.06308069476918218,0.2009455321491032,0.9999999999985125,0.2050654771530125,0.14411301689643205,-0.08133375859839409,0.033478371662320136,0.3684240766637243,0.41886331603333526,-0.42798754042382214,0.23254110201798267,-0.38464264132279435,0.12206967820216079,-0.1668883121746922,-0.33698365130238406,-0.22572680884590954,-0.43019689462837996,-0.180191651586357,-0.3336083715618721,-0.2847773187437776,-0.1103791879316306,-0.2665503133675729,0.3494422780107991,-0.14249886288810817,-0.16897385641657875,0.16085912864504193,-0.2360994444474186,-0.13680473393216905,0.002743383538764854,0.2178388355809056,-0.12911230360389833,-0.3392532196512368,-0.15577618757832778,0.14710779908372126,0.23671332510107848,-0.11665213508967334,-0.38064420882620764,-0.043076582889018805,0.10964273508452602,-0.29889085795566034,0.2004991429357608,0.24360316185050546,0.08786798609200253,0.19537621487871026,-0.10331944781094293,0.037531941352751126,0.1736061463236654,-0.036024072834599546,-0.17797096137986346,-0.2063258424858264,0.061706769155311564,-0.35404422687281256,0.17216073104467794,0.07192058644908574,0.19531575665760412,-0.1527713906870124,-0.2891130148284303,-0.10283323090574549,-0.36619977902508183,0.22201978714140183,-0.25499206835577354,0.2344194149229167,-0.18275220613420204,-0.1856184410956135,-0.17906102048020395,-0.1850112597022651,-0.08186290563567047,-0.20630531022083495,-0.03648678923742877,-0.0628837645441841,-0.4386695263798253,-0.11137098146232774,-0.4232125782006302,-0.44607295515122725,-0.022488926434091037,0.013625367706460348,0.25382597864217316,-0.3217571857353814,0.01511113570594574,0.13950668056885096,-0.2717306971452902,-0.1299191364166013,0.08512236232471104,-0.06472845282000421,-0.2690664045585989,-0.16004016928225828,-0.1647225312024877,-0.12896451874708914,-0.259821787248504,-0.2862901743988751,-0.035147174613589044,-0.08928833369416683,-0.20227320245952268,-0.28858594567966156,-0.10329292272607032,-0.1536744633996513,-0.14701664773509548,-0.08231026329898385,0.03334737362174377,-0.24952189536472552,-0.10719520332656575,-0.07497408476250185,-0.22177416543048245,-0.05391376467532684
IRI_Q14,-0.18618370202737752,-0.23233456681353337,-0.0882498438800604,0.3357812325802088,-0.14964643999527977,-0.08589863501512199,-0.003604750658791789,0.22843523620257608,-0.22263188764988906,-0.04806797553709691,-0.1514892244228882,0.21466647521238727,0.20507777351349504,0.9999999850034491,-0.03153482958348244,-0.07166916676532761,-0.18565256750312956,0.29123859833049237,0.06447866600108121,-0.39926062822079317,-0.20259259378576702,-0.2960471979152319,0.11245585664411875,-0.14108403042800066,-0.18474246416247608,-0.23132217206730588,-0.34085897107215585,0.03206776391272545,-0.29080907486526175,-0.23035114424039227,-0.2574289630708,-0.17674779588006315,0.010930266323760901,0.09732734650406955,-0.08946997315279487,0.13039273892126668,-0.4565986046904907,0.049884608442816336,0.08824270499066797,-0.14284973138707738,0.13418888997360387,-0.5040592283078107,-0.19520926241128672,-0.18229154600198033,-0.209827800557262,-0.26429631048632013,-0.24382461468285588,-0.1954592014376137,-0.03015731103215486,-0.29707574777081286,-0.08640663022003353,-0.15379164401276296,-0.18410358240687347,-0.07202799054312112,-0.13700807149951993,-0.05571312960577099,0.3078056711087344,-0.2658921119128698,-0.15048498342544997,-0.4155889486265347,-0.0513290293051197,-0.31560872752612623,-0.005039444783831476,-0.12211821746407242,0.018451739060189695,-0.2158996429918208,-0.20274114500165463,-0.17398132688549295,-0.45502521282225317,0.1184160161911383,-0.19000209440664895,0.22046382078006047,-0.035169745875091,-0.25335093649888885,-0.299464521501351,0.08918953778151477,0.08561451810854825,-0.12417911257861636,-0.29816157706078905,-0.30425636019370983,-0.4572160761782983,-0.1999557251639327,-0.34318645676812154,-0.34430894649539595,-0.14706140972073423,-0.018639497786757248,0.2835739966207652,0.16672337788703612,-0.03462253804834667,-0.11046967018864932,-0.31876434005077015,-0.32443307601525007,-0.23739441754708365,-0.2589392152879393,-0.3915935486347955,-0.04683982957072763,0.07538992259298827,0.14892666792158646,-0.380233495019218,-0.42179435550747235,-0.1398722890681852,0.20230692944137252,-0.31443410459627547,-0.4865434466280367,0.17704651692260756,0.08303421068854622,0.023265159237870328,0.18791247111201584,-0.11549147831749558,-0.04459342802943493,0.16288926297982226,-0.0835630911258963,-0.3475750448116194,-0.20513428056634436
IRI_Q15,0.17169628818569144,-0.042769632682821405,0.43331730627572285,0.1783672383012892,-0.05336691109841504,0.059220315768060194,0.251659309166637,-0.20614576302537557,-0.013442423406026832,-0.21580618501508134,-0.48833808950886093,0.2871079454214642,0.1441121775880796,-0.03156041938965131,0.9999999999477717,0.030265702836118027,0.11762550637999998,0.11455140427817839,0.06253280661296703,-0.05145194523575407,-0.19834964340544964,-0.06012743843243907,-0.028242839800095232,0.2323852513056293,-0.22661397631580862,-0.10861992454384925,0.07397052047831804,-0.3432501234696589,-0.054004904955086405,-0.09518717720737083,-0.05567694730759211,-0.12600640708630081,0.28138348778465355,-0.17667808264231655,0.23119751533102695,0.1564249753674817,-0.24347619448926802,-0.1635464318488169,0.06661327914538347,0.18694865964108426,-0.17401543756330462,-0.04340596477683482,0.17213348194099076,0.16132452528287453,-0.03755634023336678,0.12235021636395466,-0.09732159800546328,0.13032683781890209,-0.14216527224124897,0.007017528660201694,-0.13989766860193598,-0.14903645128880616,0.2057924076758632,-0.15740770724383768,-0.008753843025992162,-0.07980616286011288,0.10916042986322788,-0.03252715797593736,0.014346335130844788,-0.002708689522865973,0.15876827004904825,-0.09411579291247814,0.3059697909525655,-0.1702093664803751,0.33540982457820573,-0.12287084829937273,0.15060612828959202,0.2504677043765382,-0.2200235684622287,0.36761796440389005,-0.3694902380556851,0.36729946025282745,-0.1175861973424952,-0.09854785242596263,0.05212564826366114,-0.17098126085029391,0.07332676735557173,-0.19872934007352058,-0.05330770319025464,-0.003695618223362479,-0.11274350686296626,-0.10818279487438144,-0.16754096163309737,-0.15543626451426798,0.05635190486716482,0.03250567234623889,0.4235009971253798,-0.2643187817867293,0.08599524525078539,-0.12483318919581748,-0.10120169557128424,-0.33338244682031454,-0.2934973958523963,-0.11272599905626135,-0.2133330690950967,-0.1747785130004692,-0.17489967427181402,-0.13971806261776,-0.18601373027272017,-0.19104515840321576,-0.08112935312223983,-0.13965677222955045,-0.2963143566244406,-0.05587363145820602,-0.12572228449063955,-0.1955697814881736,-0.17522879294709476,-0.09639873455812356,-0.2628741216704665,0.0029338754970012204,-0.14529097478568914,-0.13656251263884034,-0.4015520241117418,-0.2727379938886978
IRI_Q16,-0.022953657435333688,0.17294141380833986,-0.07480821931727974,-0.28054446240639896,0.4405552068638285,0.09707087672290443,-0.004110808038911673,0.16950788548626755,0.14733643880179365,-0.02192653203785741,0.417618770936667,-0.14037638304203862,-0.08134561395599853,-0.0716861603456832,0.03028438471650527,0.99999999797573,0.15433476030223764,-0.27565375112535884,-0.03318066269592962,0.26138242778882625,0.1447440710074375,0.044210622966775526,0.569264004796412,-0.032793076671429555,0.07197512844383255,0.4017217932413407,-0.08274115745179655,0.06629945378542756,0.4123949976398099,-0.15243402345764234,0.029941867555464935,-0.020399628298802874,-0.040605890773196304,0.25861708007822565,-0.022090491688390723,-0.1836392488152055,0.4222336476172118,0.1614014993019162,0.24948935595745492,0.11644322492669677,0.27796438709751325,0.2646220961399542,0.0789380660101512,0.08490740867626628,0.3006127363300116,0.11641958523568084,0.09616746774226452,0.1199324688728372,0.10630075074677561,0.0013631648217982406,0.31589922350926253,0.3285310625661271,-0.34968605673580494,0.26830367756226403,0.1895767527806328,0.22337773656651988,-0.11966470189894857,0.09035822578023756,0.06442252164547663,0.26437320033456113,0.2265975529566033,0.19727409926093697,0.0352717374205775,0.014944829592368973,-0.061153452469511094,0.2871565642658721,0.10092374602508734,-0.035621504261967446,0.30382472646734726,-0.2686530656678675,0.2779634107407409,-0.3635904145522755,0.21829334339912213,0.18647143660408222,-0.02659509690235995,0.19348482376003745,-0.1909252883428988,0.15574262984623016,0.2599574253940394,0.1106945940318732,0.2544320592731211,0.18651386914245333,0.22906612818762528,0.17698615438911058,0.09400211690944511,0.08697199391199566,-0.32659006592281764,-0.010886427463895412,0.11961054059372357,0.24315228811179002,0.16240539443267793,0.33632527600629625,0.26930554812252294,0.27837998793477153,0.33093371444686126,-0.08990425411085076,0.07075344153648286,0.3103853390336451,0.3606508487012659,0.44753258004754237,-0.17482860724168087,0.2806449691360309,0.3060857202378986,0.30623185693616783,0.3445873790240205,0.15927245902616333,0.023550295628892742,0.23504928694528587,0.1588450908137405,0.47288065773225496,0.33355385276166993,-0.0909616841644691,0.2175125548191134,0.2224877110897166
IRI_Q17,0.2786803812596203,0.13961139198759184,0.19245098671342908,-0.22076803910795822,0.08169123276176117,0.6023926885192588,-0.03552867210959218,-0.11716619622358725,0.06606336481269667,0.42864166671599147,0.1821198654345624,0.0725688017602303,0.03347808169657823,-0.18567228147453305,0.11762285058631165,0.15434417818645502,1.0,-0.07405625820354006,0.0742091336943704,0.14227579936719548,0.12257833031306492,0.2042834353014209,0.28084319105002653,0.4124789736737544,-0.07614655292883947,-0.10839659119169502,0.3561349394096319,-0.1599503967718946,0.17801746546591898,0.037488876302198,0.3934858200933441,-0.09695004304861103,0.07965454429349808,-0.04142667157331864,0.7036517203884056,-0.08248096316501793,0.31158961289003584,-0.023528807621104014,0.4111466062680812,0.2827624747391184,-0.03688749225678694,0.28275031503888104,0.857937310902158,0.20008151640042643,0.2727617292466285,0.7249982435584394,0.13975326204644054,0.9783802714499625,0.054424442807384246,-0.21196052347975583,0.19808476623725807,0.2193146183862511,0.08866617805166957,0.1745850638355799,0.2586494573046953,0.17080297923911633,-0.25303219400738963,0.008053527005761452,0.6919737919579303,0.24708714768007972,-0.009430589543745014,0.19453225980871486,-0.13792114526925603,-0.10631426488136211,-0.17230542987368425,0.3343715376783414,0.2556814043011486,0.2220614079165912,0.25721533475275477,-0.09895478776932941,0.07807673777097351,-0.20302227411338908,0.04359995698542836,0.2670507634034982,0.03177769411487702,0.10533235398842429,-0.1195123423112834,0.22852621898357933,0.26055147233990744,0.2693802532375293,0.22584490848508676,0.04791054241899788,0.20986457191063027,0.2206316000100606,0.03215216109079166,0.01933737459626712,-0.13361674469159548,0.07806640667886235,-0.15426870764466943,0.10099582432645254,0.06729288223383059,0.17197021985441513,0.21440124717194442,0.22131921828650578,0.2706807134719419,-0.04542730589222672,-0.05812241143600049,-0.03899929759619591,0.2766710983751428,0.24672100508536682,-0.05408485814336373,-0.04669615035594112,0.31906921989626225,0.24406318752935502,0.01133843388237113,-0.04942618268975178,-0.07333177535654171,-0.0006022789225991008,0.22547367254080977,0.06182145453094136,-0.02704089628789739,-0.0478954974522125,0.25440983167797604,0.33920307087298185
IRI_Q18,-0.21477538597272858,-0.43610308203378984,0.05311771275946285,0.6106057342447673,-0.20336505772283114,-0.14242418232562493,0.217692560758494,0.014642525456152085,-0.3698142858165515,0.21825940850514258,-0.19203527445124816,0.44714542399334434,0.3684246221018659,0.2912181180266411,0.11455065941718665,-0.2756529598652115,-0.07405625619635471,0.9999999999999994,0.049090645846745926,-0.5010646711363389,0.0709319931668781,-0.28485144141214747,-0.051272427041728616,0.002448400876243803,-0.30081004101677467,-0.38497548060382847,-0.2546343121357667,-0.25646635005503937,-0.5335347813841073,-0.2142357821213273,-0.37076361626034987,0.014782118312229052,0.11190005314499038,0.10419752387032116,-0.16241386489273998,0.3907227335538235,-0.5157041876972451,0.16545263204616706,-0.0613157551414704,-0.053997513645081985,0.11564584701204048,-0.5206900346466905,-0.1360121029667385,-0.03898793605277321,-0.2986044982707082,-0.1356804841791739,-0.4862952203582007,-0.1038956213287943,-0.09561379604685702,-0.36665365378165643,-0.3159574198262971,-0.32168203366216874,-0.04288569440753431,-0.2656648501540272,-0.06781285616111728,-0.3849175617778705,0.36685608138265613,-0.2672836586928363,-0.06857636005093762,-0.4378542190653546,-0.2861029825468594,-0.5211073706197593,0.30923581022736213,0.036915086414624196,0.3602582683074167,-0.4376048063853324,-0.10084063341221519,-0.12140028090287541,-0.5923196839415898,0.2627539467732729,-0.41437114054087004,0.49864211354951016,-0.11804658234281495,-0.20099149237873565,-0.12132511708314099,-0.31533917415073726,0.11380467302011826,-0.16809083078185263,-0.416304617105466,-0.4195992495966819,-0.6008459682919886,-0.13543685019178472,-0.38268240462003567,-0.5089598805303996,0.01826872580106763,0.006805499722669736,0.386469376424688,-0.342861167218253,-0.060579324064731224,-0.24705997190181994,-0.4344124865228256,-0.5506407119793575,-0.3720522790157258,-0.4587529959401586,-0.5041574827455182,0.23804548888114208,0.23948294753376395,0.08735552030486911,-0.48590523775313654,-0.5164823858104874,0.28824088127858055,0.13870959768805735,-0.5712442247983132,-0.5001389519193927,0.10578255468766934,0.18542590626256023,0.25344752927263714,0.1965413396028622,-0.3834874568296784,-0.22333711373965365,0.07327668762165992,0.27279263174387247,-0.4967986169609641,-0.4556689719887549
IRI_Q19,0.20101380632838517,0.0010968513682611328,0.0656491261332331,0.05985899005214922,0.1869041622727386,0.14093876122904042,-0.24236546484721413,0.09642364222127059,0.2265159940318499,-0.10817929332978611,0.06256387326514998,-0.1575196404832613,0.4188938441168199,0.06447245584169717,0.06256724275637847,-0.033192247103894415,0.07419222155280661,0.049111185361040456,0.9999999500712994,-0.03847973378226235,0.14625902747521224,-0.038171590829439286,0.03294977257099388,-0.40397359720408954,-0.0938149123512757,0.0030513933708996716,-0.2687457613033518,0.0321553007864273,-0.1557954013760279,-0.1846164332016947,0.15446150861276764,-0.12726886253942168,0.6099372794737168,0.015921083383454673,-0.053112391471678594,0.02650895699978907,0.14733853902905877,-0.047326967412388926,-0.061184882506592306,0.47475167838201227,0.013523128537226148,0.06257715244408507,0.035961255147315435,0.24098441010231353,0.21466588656553115,0.0022895626942543157,-0.07863260332960309,0.036294368277168094,0.09817963637193677,0.06465392789558165,0.21839440996185977,0.21289203153028283,-0.07449832121098375,0.2626287261658772,0.07038593046302032,0.23989710758854452,-0.02636818233062898,0.09631336388468917,-0.03747047783007423,0.04621970946705143,0.09133903580664814,-0.007407576128967674,-0.15350018735703436,0.36248106099367217,-0.11110801304371198,0.11012564033590665,-0.18990298628585417,0.07945798082549758,0.06706875884456792,0.20382990819317537,0.061264326544832756,-0.09420657693562648,-0.21591249264382759,-0.18428116930223376,0.20284133313120845,-0.05164026205284646,-0.010026578909359443,-0.21516436160629865,0.1017286356466196,0.19165173615262115,-0.0872753502688065,-0.13635371493999687,-0.04424795490158259,-0.04531506823450114,-0.26136030241508446,-0.06368435690403361,-0.17794891172493296,0.1582277247630856,-0.06077798600782404,0.16777367601397877,0.10065000404448644,0.21059839772038338,0.252046324930974,0.3318765013022693,0.21695811279396382,-0.21004836454283116,-0.12648829349482596,0.049304378679210996,0.18146385561593253,0.04073154140841025,-0.2855260804634766,0.04518066120198126,0.22187421767006552,0.007015746935220016,0.07316715185526797,-0.08053466959807128,-0.17681355971853863,0.012567661497234657,0.22861870149664543,-0.11055897827714828,0.07275679757819009,-0.2501128587303797,0.21792748173478077,0.30167455943784205
IRI_Q20,0.13586378255585294,0.4996654208576403,0.005433172682033596,-0.3357727789516026,0.22924558506449808,0.20338658391849943,-0.24422185715647152,-0.19511589203197838,0.2514731885314956,-0.024034026101665773,-0.039236588455409754,-0.2709601557063187,-0.42798776923320925,-0.3992515433228449,-0.0514519423666312,0.26137502465648754,0.1422757993767731,-0.5010646754163225,-0.03847516458610428,1.0,-0.10251673420831925,0.3621291467354449,0.09047607832935389,0.16354949085948367,0.043927817638523756,0.3688261609537091,0.13301852756892313,0.03546338232437812,0.5200367653773517,0.14767032818988535,0.2543599531164344,-0.10710947307330104,-0.05450882570823624,-0.20899412531517234,0.1185116448520134,-0.3159647178693531,0.43125037421061774,-0.2363945098609027,0.021031346829406328,0.04935604367620025,-0.20524676725045382,0.5052463143006954,0.18295261268618002,0.02016660986770174,0.0998528181498976,0.27493744815643834,0.30278948387880544,0.15597875863202162,0.02535591866065038,0.1583422063903425,0.14178279851121592,0.11025743336832525,0.19638077400373832,0.14844315690491866,0.29332724355968387,0.16643019734209558,-0.3149622411444684,-0.04149470812179174,0.24882280920544664,0.31270282463944576,0.2422945381520193,0.4497980159812156,-0.2099776369408733,0.062313172565469234,-0.22260824571933527,0.4389113414259332,0.10263986488536028,-0.04637713560432055,0.4698207477674466,-0.2215910575264058,0.3267771890490009,-0.4280096633023472,0.04133050532480102,0.1629404708860303,0.09004052718940203,0.20201858602903433,-0.03721655202561974,0.10195564810885681,0.277563920879466,0.2152213798043966,0.5423567819193946,0.1767302868653648,0.3552451212712418,0.42532409687184924,0.0009250282023695183,-0.034444065704633736,-0.3770477778557607,0.2775351775286985,0.029478778080711823,0.15501889116082213,0.36778218277093855,0.38750381382093735,0.2498769249789893,0.4222352911805044,0.42918840293072635,-0.237156332656843,-0.26579903919752856,-0.19103274760105138,0.42126184885988427,0.47204979922778334,-0.225015418983681,-0.2293601897080786,0.3142417844914044,0.5526368985306762,-0.2263552646934529,-0.24401883971275157,-0.26333167161595855,-0.309852606855666,0.11909764888100707,0.2676171860750485,-0.17646822198898798,-0.24942292286308118,0.3441600712304592,0.2837732900186205
IRI_Q21,-0.07641533390994325,-0.05519853773343866,-0.13199786731714772,-0.11195709465106024,0.23895380684349504,-0.0014640045235693733,0.180884587571326,0.35327975406590906,0.18509683683674422,-4.016550491509063e-09,0.18999100436369903,-0.005451323265234995,0.23254081193966245,-0.2025755118490372,-0.1983493059825844,0.14474539415145443,0.1225783302702296,0.07093199348496446,0.14620905600798556,-0.10251673419103177,1.0,0.0936613355338418,0.11838889539664847,-0.233176048256034,0.345165125953049,0.025451500036697924,0.11277654580291632,0.26226825069807025,0.09040139387643355,-0.09878637154977044,-0.0014742197665873341,0.07616529521534283,0.14864529030323273,0.3827883759248095,-0.0063974729056769375,-0.0277420462430433,0.2806339816828496,0.3402473305165924,-0.09511097203364047,0.04669047052902305,0.37880159063872054,0.20087152460353014,0.019815137873408994,0.038119779474828044,0.17043117407018138,0.007170291337750816,0.22729048948643002,0.068438544029016,0.026726959228479556,-0.052254299765163714,0.13718507014981396,0.1969330592444241,-0.38283167748842534,0.1515275096990198,-0.020634836450276587,0.10548939599822157,-0.07444480411822764,0.4141979964865289,-0.08130841382729012,0.3694841111169822,0.02201530260271111,-0.0037107160750382076,-0.301030695756766,0.08994598266891356,-0.2240021809428991,0.17728627385558415,0.009041933525136464,0.15890654141523258,0.19316557430028575,-0.030161351194426096,0.3331035629082207,-0.32077678762327544,0.032650071935287156,0.027258300354171094,0.1189617969606022,0.10644692116776139,-0.025993608604919782,0.09685783707136761,0.17006672115111715,0.06418639857163153,0.06859527538583371,0.09926116587503392,0.25467799351574805,0.307591261754144,0.3281419987646909,0.040093136842662094,-0.1458995445439108,0.18387423092324046,0.038909888518908996,0.11793365844565457,0.10505798508935243,0.30803262399661824,0.2773422889376399,0.1610501013288044,0.23890386387245366,0.1376410421609213,0.2494835656926465,0.35781501666690174,0.20985454570947812,0.24381200627820104,-0.07450361881632919,0.3329965764404789,0.2579830018470677,0.21429540068553565,0.39028434239968585,0.32526239919047756,0.18880694448976443,0.2872029311445741,0.20666006425241884,-0.014020076028364505,0.3917196725280854,0.0527194499326093,0.34283828122693444,0.2441883293155288
IRI_Q22,0.04077629791626193,0.3910904421338978,-0.004157429523113851,-0.3502164995883225,0.3849910638572111,0.20076473426528227,-0.02835163499086983,-0.055242350437861534,0.08414357453104758,0.02291263673834426,0.10079830799168828,-0.13631453225590795,-0.384643124134107,-0.2960637585421726,-0.06012833774611767,0.04419921232955184,0.2042833965915374,-0.2848514173287635,-0.03815996096197234,0.36212915538700907,0.09366132289706414,0.9999999999999813,0.12311456152448144,0.12721949976008867,0.3459104983900791,0.2545396780108113,0.2867678511045331,0.24368675691080074,0.3915934446146748,0.13259150607390865,0.3413317036445679,0.21623935111550946,0.07588994624427828,0.14458436258771806,0.14105135019931087,-0.02655348168011608,0.4746012411254141,0.11386630587098484,-0.10523736828227546,0.17693928205999798,0.108589960212242,0.4428749733567593,0.20947036220098514,0.1140403784168336,0.23025027836249407,0.23723934254445309,0.36987884484209743,0.2371328303333457,0.06328325832509124,0.377551872051745,0.2579573162853443,0.25142951183863144,-0.09012844169059867,0.18570287337983774,-0.039285153255595624,0.2839180303995088,-0.1372306806446724,0.1596587730725098,0.20970400251579185,0.3814986769762133,0.2155582503832601,0.517509118600494,-0.2604973862999275,0.02287002448057838,-0.3403924737757611,0.2334063945201132,0.1709508386465052,0.2740885118487767,0.4786131602614652,-0.0344445460860239,0.42089042244549246,-0.35455386615383905,0.1244313976984276,0.2129279768155642,0.27009993552792577,0.17460924218218962,0.07537466928391544,0.25054381776619095,0.397979639162947,0.18187230454635303,0.4935990347033676,0.298602498177942,0.45142131796048973,0.4385116386969286,0.10181060555682037,0.04567438395450078,-0.3105096613175227,0.2909211261072795,-0.015079204089793925,0.18193842518368405,0.34176458418858535,0.4109849607144751,0.3204100334158741,0.4086596923775052,0.49038025170215593,0.025921789706084695,0.04149610430975748,0.12201510477796325,0.4197485903945918,0.45768051211017236,-0.09466890485329642,0.10247783109479772,0.4479921798039281,0.44081257317825906,0.1102332937987911,0.07269914375958203,0.01987377999904026,0.08115322701349834,0.31065569816899585,0.23266503598037644,0.11233354736181542,-0.025085071472865733,0.40573513646101356,0.3624064168644573
IRI_Q23,-0.169354112080217,-0.24265138517083762,0.03244866596057436,0.048176300099482,0.47328057161464,0.3357282243461649,-0.11542213777850514,0.11283501201675397,-0.08521092474774633,0.022468706593596344,0.23739947427355523,-0.11718394438943026,0.1375390530775678,0.14774451336296118,-0.010860905836240609,0.5478408594369844,0.27007521329298917,-0.026677907298894438,0.03503557637843849,0.06825793404789404,0.08785358938485499,0.11696704978418951,0.9942325554823936,0.15037818283231166,-0.07056066194875832,0.020553471011633212,-0.2317532198642388,-0.11084571285651856,0.17710386867177402,-0.23139670962442876,-0.008829914033714944,-0.03284681436959447,0.011932727196319937,0.272080375444855,0.0388718972693223,-0.03855080591776596,0.2683474245005441,0.17102910964405715,0.20156923094409596,0.17394855643210555,0.2815193690019309,0.0652141265264227,0.2108353723980562,0.11073589614403735,0.33334055370909155,0.19159134729295083,-0.05629463219670158,0.250275149972827,0.11384068458251657,-0.010665231260035019,0.306187401642184,0.3133275106877582,-0.3182811512119903,0.2510957881459026,0.18863363020877946,0.17155429583217074,0.0022143841647961487,-0.05189403496431502,0.17176563780621357,0.10100293818379982,0.25483352091181677,-0.09296792400578312,0.05753810551723422,-0.04875151566887318,-0.022739618554939445,0.07457310957844371,0.08510090500041094,0.01342333468071226,-0.04294740919396699,0.08556061614784133,0.04751945132578542,-0.06381355271961033,0.06436799478424915,0.11720418559690621,-0.004982025201691498,0.14688295131854448,0.10642197054055301,0.10005832460064014,0.1905395625235333,-0.08032626164595888,-0.056014620569374646,0.23677595053452957,-0.02857861934899462,-0.12371752219839732,-0.07782998965754605,0.05916076816868955,-0.05642907927462402,-0.0554676444222089,0.0583505724189386,0.25555949742203765,0.06645155687818732,0.16373644781946686,0.18699468915964146,0.19770580047040642,0.07200825813118969,-0.08164457761988805,0.08920939616662932,0.311706013012161,0.15422545976311502,0.16879186776774718,-0.18046682177485043,0.33427131558819134,0.08864931079370089,0.02198758845698187,0.3065924520993816,0.16272971147725607,0.032299839844043415,0.2701603995792512,0.0966739795567034,0.15764346787673178,0.3317755479456353,-0.08120743896087565,-0.002726621088026765,0.08384072993903498
IRI_Q24,0.022017002058943108,0.1313794082620639,0.2567762640010467,-0.08403993966244488,-0.17697696864161555,0.36857118011369083,0.06922262460942828,-0.3026498230087842,-0.021880421786251505,0.46737141444688124,-0.09114847251416973,0.07407470142748333,-0.16688871406404,-0.141114138970342,0.23238403160502252,-0.032799484239247514,0.4124789377220269,0.0024481938638190315,-0.40397567660444883,0.163549740335816,-0.23317595453994286,0.1272195535322057,0.12491378995829755,0.9999999999995521,-0.09419669350557214,-0.24357382002251143,0.23956338095944293,-0.1258269807826995,0.09120370887596907,0.18193247788614425,0.20457900797757705,0.01758944590491672,-0.11014890015466144,-0.18259081468195038,0.5725630839475957,-0.08149549774706576,-0.022761941738316104,-0.0920944047386494,0.1589188787341807,0.11089900071322777,-0.18765028887087495,0.1459175973070274,0.4657828076968631,0.2380183216053541,0.15800329317364692,0.455646828687962,-0.010397831544015287,0.41405501837305025,0.10086433864997413,-0.1941916066225315,0.03237873487910731,0.047479549994349814,0.30081702716929715,0.0006870469378554419,0.213869374673469,-0.06958048097363154,0.10597179451122932,-0.07913432567851822,0.38695986529062365,0.06030397674430734,0.018965633418064815,0.16102887123549606,0.12775910461170636,-0.060988904496483066,0.01348866480223028,0.08207942904315717,0.2783075077643968,0.1533264054394535,0.05990651073414382,0.06431014500095533,-0.10659337460874996,0.1939212968916887,0.029972949131344906,0.17302093035361346,0.09006921337061267,0.0033896612080707295,0.10085796710774705,0.11051219634645368,0.1374943210094777,-0.05584116438270517,0.1730845358482433,0.1398751568376423,0.07424260005477892,0.07634422945579394,0.1366897098445456,0.04364543352589825,0.1762995246076629,-0.1788186888178323,-0.016283435712353106,0.03418913987367589,-0.02751810076735174,-0.12020699410789959,-0.04304326197526216,0.08995200514923529,-0.03790583712515608,0.08645915870300325,-0.039331458621351595,-0.21400120232152775,-0.013646802282397681,0.008157202638886134,0.2332801892669185,-0.166429115792784,-0.06009873456532182,0.09492215355228181,-0.2048917600514382,-0.1003608171390328,0.023854081301977498,-0.09644520905901927,-0.0023795375969850874,0.00506180242358166,-0.2322227919085189,0.18007620350381287,-0.12446164952928454,0.031121106056537423
IRI_Q25,-0.1595001978364357,0.24058220446258607,-0.4417037298273744,-0.38807197891378076,0.170792451580575,0.0304017064445993,-0.1010766888827598,0.05015705594544065,0.08579927555374167,0.029300569441992066,0.17009228667696738,-0.24889436423166839,-0.3369769992764955,-0.1847296201014736,-0.226623212347208,0.07195308588838839,-0.07614959939736408,-0.3008255542351043,-0.09381570795806532,0.04394255342289913,0.34518459234767257,0.3458800660061958,-0.045522891668372326,-0.09421606949101849,0.9999999871723301,0.22820648256081602,0.25522631538166685,0.49894110494218874,0.2990032763603433,0.4780650494393093,0.22874098058021547,0.5630209608864649,-0.02582777502257043,0.4297331933814452,-0.12392536016710581,0.026889186743267984,0.3574403070237875,0.47477062627082744,-0.008960483087615594,0.08400855672788887,0.39928952361703923,0.38709652958327506,-0.0633211916761531,0.1439740270257126,0.22963348776445047,0.033156488192753325,0.5540462644040198,-0.0656594693328217,0.245497579041629,0.46729316134299737,0.1453750746868019,0.20727096408157808,-0.33970000379202486,0.18357112737694686,-0.0530384468658758,0.05113466384466335,-0.019283221568847663,0.4351722298355232,-0.02850986245502312,0.4044726457187672,-0.11871275973559975,0.3659185246671208,-0.29545925298125625,0.23746718943253536,-0.3429930970471403,0.11087691955842192,0.1368127730310481,0.332432037860264,0.38043572040792645,-0.02142364649769052,0.4568840949590791,-0.33530110487891396,0.1546199971146306,0.2119373074210119,0.3976005066011413,0.29287387235218854,0.10043838410451494,0.1565118594398697,0.37237743630608156,0.07664765834172829,0.4200680022673013,0.31744125752700764,0.5251531740262816,0.3966627816676557,0.21005850366381434,0.19350210617406438,-0.2472132651264915,0.15422759496056662,0.12112978743102853,0.20714704272092693,0.4073769111250388,0.3173390021343423,0.28664077286092376,0.2362946569947876,0.3607234899952277,0.42732599724204023,0.42381969395854724,0.37138237355388387,0.37001736829835324,0.3820087496350848,0.24746377634756883,0.3334597992221521,0.31526685323448683,0.3736665645820957,0.37147764503350433,0.44709947512570436,0.4220977821097932,0.3639560609659566,0.3065223704980476,0.23722273373490538,0.33595771042309414,0.3551622252264516,0.48149215763792497,0.339507729455985
IRI_Q26,0.28472608290442775,0.2547606984622658,-0.16632141899012076,-0.2920653394847548,0.4962271063589713,-0.04885262931857799,-0.3542606252818557,-0.03562444707853393,0.1408335244842417,-0.14314966359200884,0.2207292888899328,-0.48505578639072383,-0.2257061640317855,-0.23120973911015077,-0.10874183891710346,0.4017662451831333,-0.1085101069084952,-0.38492301834898196,0.003103633155138924,0.36881727327989455,0.025441764701571862,0.25452307154163323,0.04686714475709705,-0.2435306959236505,0.22818860197281973,0.9999997296604871,0.1395484497213017,0.1652011300392683,0.6349125636224113,-0.003994300699535339,0.20853615723075541,0.12204760095249356,0.1529029433063448,-0.009659219099447272,-0.1355954859885502,-0.4422446304342815,0.4439252803146794,-0.023825370329011934,-0.21495338503142902,0.0944841476471111,-0.021578255960274385,0.35846487071390276,-0.14440962537917162,0.04457609141020777,0.19094470430999544,0.09242908580547675,0.4211520870884894,-0.1034631528420463,0.03284763149040761,0.2803804329607973,0.16468443335309707,0.21896348339908045,-0.05144279419022777,0.16157186045487915,-0.20383245933443309,0.04214094750899502,-0.41388392685730985,-0.03647462995656929,-0.022858667538306857,0.29861792268969245,-0.05760732330502456,0.3511277228543446,-0.3090585732835584,-0.002322075137441343,-0.29360892212813144,0.3661709937258721,0.06011126083827113,-0.33084306722449636,0.41897669198135434,-0.4252594822908329,0.3975547512489554,-0.49477411339670196,0.09345610890325795,0.13741682237545177,-0.12047129660487962,0.2071712254948358,-0.45136044045776735,0.09053284556609394,0.13661296564912406,0.38919735117473186,0.4202249803368257,-0.0020688691900187794,0.24999442054804277,0.2965907549306912,-0.02520968117329117,0.07535733500210845,-0.5360344707120744,0.23319535439124509,0.061452052720012515,0.09027842642895201,0.3840752830489805,0.33825460950328934,0.2762343224156126,0.3037337092914877,0.3271501491557123,-0.046788159902243526,-0.07164002679016392,-0.010778971798726975,0.37228851945420993,0.3890952453741685,-0.09908193907752152,-0.054161810784937564,0.27406757166190965,0.30080661025673794,-0.001872738150700234,-0.03824180747766381,-0.06567495519187164,-0.09191810269354408,0.22226925960414193,0.40186921852192525,-0.02376296860655974,-0.07582905199876236,0.39618706367451384,0.273014809046328
IRI_Q27,0.31273601751652924,0.27982124098814304,0.09167992634096288,-0.37176432685273386,0.011282797176056153,0.22976750662794812,0.1267558632324383,-0.1043689297516345,0.18774307606810178,0.11792399107126356,0.06861968245577679,-0.1368760319499302,-0.43019590729324725,-0.34087845370647074,0.07396994333969595,-0.08274337519284669,0.3561355068671123,-0.2546347904283501,-0.2687614186039762,0.1330178059107705,0.11277641682988543,0.286766997455045,-0.2068882206832209,0.23956326780262677,0.2552483836271597,0.13964529718069918,0.999999999994617,0.14693647016237774,0.3336786439884026,0.275826219201293,0.30119780612179403,0.10602455966530198,-0.2279960232958617,-0.08289973350456073,0.509450441298389,-0.17891800970619354,0.2920367126582316,-0.04383489269725342,0.028080156765716686,-0.13784341751057383,-0.11204426759983213,0.4512352918703662,0.3998888986992717,-0.1299635154035841,-0.10096800943321566,0.18645793048320797,0.4892512238554569,0.3990288019627346,0.014218931068268874,0.11958520000888556,-0.09363466090560613,-0.13245814181239582,0.17673225016500713,-0.05773425258097228,-0.13992405467840227,0.027222495361477986,-0.42314431876374037,0.07788658050535399,0.21029748799632061,0.46474884858186555,-0.09452627869576714,0.3804691198893244,-0.20685633407262272,-0.20968836778898473,-0.2320331235212646,0.3230036759571705,0.34698684574547545,0.30851329192001214,0.4728323094472852,-0.27970652724814277,0.27328177658908354,-0.35235250514806976,0.14353062547370563,0.22068949751443795,0.003616656036311394,0.19581782607851753,-0.14448344304545438,0.1289890633425595,0.14143884786425526,0.36755591481712513,0.42954651188098564,-0.0020400183185532716,0.5064629208003266,0.4617361699882363,0.15530184321729318,0.011309637391574336,-0.2998759782274788,0.27495236255922395,0.011121296229163118,-0.049758424698076495,0.20691197923019006,0.16859414730185415,-0.0037139408617826025,-0.010991905340408337,0.3010806692057444,0.05769975558115297,-0.034314151100401855,-0.12025377374662366,0.3026599777476228,0.28984683036496806,0.03181690443114754,-0.16386595925892433,0.28461052534596387,0.384745158203626,-0.10020077314714759,-0.06131979301284446,-0.026814364566726784,-0.1065514300724842,0.0767134612957414,0.09638863379367027,-0.13783015919234637,0.007239601484341843,0.308001072377475,0.16994067187452472
IRI_Q28,-0.002560762788705498,0.06332489694115888,-0.3570989803639648,-0.2994475291631107,0.05779092913872346,-0.270746554932474,-0.11098390898861958,0.39251567603269555,0.27066243576214594,0.024461728549227367,0.3760473267609785,-0.22803524907082068,-0.12932005074058786,-0.10064055834727012,-0.34798808262185355,0.13731336430034957,-0.05386125014009913,-0.23235272117644473,0.027025284453181156,0.03010108363911295,0.3459394450829596,0.26768582723499756,0.016538401396765587,-0.0507613455966503,0.38877248182694557,0.19325523522229765,0.2315383849316357,0.8650858792431413,0.17697778447822257,0.14580746541624806,0.15359006267776748,0.26738777481841053,-0.020736076378982594,0.29066930351250236,-0.0832174845063796,-0.009320717717868895,0.3441646440819939,0.2972343363813654,-0.039169683172360026,-0.09187366902619604,0.2632465606370393,0.26716338257497474,-0.07106023660061045,0.054543119205701505,0.1909218189057672,-0.13603145603101816,0.21398288068520088,-0.05182468990511534,0.11671774492847475,0.11237623260811483,0.15281201484701112,0.23803030233521105,-0.2764844867960576,0.1442364491890944,-0.25661074522002436,0.15053680649587353,0.21844440475683424,0.28796129370686724,-0.1962773476279094,0.235350504436741,-0.1380681058543581,0.2716868616862867,-0.34527049552246447,-0.03397526590482929,-0.4115608135363431,0.2250981109933003,0.13512015000073155,0.2504466989671664,0.3664992717421057,-0.19108822955738922,0.5329041580597322,-0.38866650644260436,0.27022810833304756,0.18689167217286484,0.124726949958911,0.17199410338361498,-0.07714874086725144,0.21697524122282014,0.31199757977252485,0.1147710961337192,0.25125639992096316,0.20767556992952418,0.4608819197810722,0.39896982983846474,0.17103811853484413,0.18051059359013377,-0.2701431560717709,0.26773231378576057,0.167628460980202,0.10302215860980032,0.203970609876151,0.34050428191092286,0.25890552883003776,0.18411134043607197,0.4089218571912199,0.2823511975068304,0.27724271557858693,0.2317486606578368,0.35287112538069004,0.349830371560134,0.13314704084814488,0.2295244754677556,0.4204056856601386,0.24370476579992378,0.21667762596628964,0.2942238069240553,0.26810844384098964,0.2110957835102839,0.39389918491201703,0.0730002268280297,0.22219355702687138,0.23095756020967245,0.45760688984904196,0.4394538972129724
PANAS_Q1,-0.033216118671022844,0.43620934551575535,-0.42275914189979286,-0.26835547599101756,0.5933863842461119,-0.10186924916878431,-0.46834107169333505,0.20659787336117766,0.4756328195518903,-0.29871359951794296,0.11483846784147379,-0.33372410101252703,0.2810261331635038,0.12393934996200483,-0.06691263869242828,0.2582160202305354,-0.19349949855452073,-0.3799669536861694,0.5411207033067443,0.5173972016164446,0.2891611968524324,-0.18038540853636478,0.660835870331196,-0.4649730514186197,-0.3463561647433997,0.6496848787483186,-0.31729368988480233,0.017637034447625745,1.0,-0.19046304412037934,0.4774165204231299,-0.1904640194646239,0.22088917029450006,-0.06945221387165022,-0.08092254275521758,-0.02837543707003827,0.5310934777790344,0.05692456400456612,-0.09801323648671734,0.254088482288513,0.04933151270892252,0.05652914274641289,-0.17198362767186307,0.09541234351757011,0.3423201796212801,-0.22120645800343086,0.4970806262869183,-0.4103877498232903,0.3680316843206447,0.428280121532387,0.5484899944565351,0.42154468041954113,-0.24199253166240853,0.3082666625626841,-0.12176874909347697,0.7509592128070754,-0.2968494317609337,0.32726155976292537,-0.26300351301235536,0.6822956223256884,0.2160712326591558,0.25040667519747034,-0.43125096456041134,0.3431507969620518,-0.16197011501132497,0.43652695325432345,0.26873663114628155,-0.5283565862121925,0.7378405661914736,-0.21396958605045546,0.4348451077375333,0.11012304580894879,0.15240714746049547,0.2315681065636001,-0.32556930966413555,0.5147281788223204,0.30738153115116135,0.2072575832441918,-0.06027114248018314,0.7809883627494489,0.1643750292062071,0.4673364883459282,-0.0716738148047711,0.23020852555080218,0.6111915092994281,0.6237567232617556,0.25262719700132746,0.5954413030398379,0.3441513718927417,0.5091011048586594,0.3913396157324279,0.5979743996679827,0.6147865699500514,0.4493103699449319,0.46803486752498086,-0.3783147573138477,-0.44071678760258926,-0.37779470265728876,0.6722297505079728,0.3853262077058187,-0.21314250529457723,-0.3622810488575002,0.4621467549382716,0.5677032908636812,-0.4318573210731316,-0.4237727693616352,-0.3924178421563653,-0.3447014522396304,0.40071578047674616,0.5615173451650723,-0.1102218104058929,-0.01914829104711256,0.3764300095505016,0.37360800669402616
PANAS_Q2,0.1660494065696408,-0.546242554075143,0.5178020276313964,0.36712521477031324,0.10217600426539965,0.5398091387338655,-0.313032137935521,-0.11140862977836112,-0.3042509089509049,0.6057778960701975,-0.13436989701342827,0.23001793475255616,-0.4518706834511643,-0.7162411710636862,0.3243225263120166,0.15132999111814682,0.5708424449369063,0.2064248944761464,-0.430155217137215,-0.2623114121648571,-0.31162420213845987,0.3154753664771519,-0.18555767410179008,0.644920070289254,-0.08594188458386498,-0.19515295148532052,0.6325372518372158,-0.3027078589659745,-0.19046304238230435,1.0,0.22156995126204704,0.7425101052829748,-0.20907253174325505,0.3772560104831143,0.43843475209729854,0.41402301757083215,-0.05700932415748064,-0.08174021645365681,0.4524928388173968,-0.039832944304611595,0.4008190317076394,-0.24729733499032275,0.4193886429535648,-0.17730232309457386,-0.008530409271540688,0.4532421832173537,-0.16675089100741172,0.38820352938152736,-0.58053820611555,-0.5959755922706953,-0.6374114464306393,-0.6235773281384291,0.6220393137040137,-0.5877965680491952,0.508704510331,-0.4209349758952229,0.330312477774408,-0.4869337909344809,0.45160466701895186,-0.4505596971119791,-0.17270204620730562,-0.30890628232322515,0.2306516798822403,-0.6406158805571481,-0.12803334667678287,-0.09562143787498258,-0.19014523762107555,-0.24055559644183497,-0.34058573932499947,-0.5176704106745875,-0.3624138030698722,-0.10284402294919073,-0.10652574835950375,-0.6489030336473346,-0.10705323881113524,-0.510499956930311,-0.4809615947606198,-0.29883295788932535,-0.14991342995409423,-0.0840341612300142,-0.37110757504062797,-0.12344059437822577,-0.42338872403741806,-0.2779714185216533,-0.2040987568533268,-0.6023521155587384,-0.06373511682001574,-0.46924823930647497,-0.42144734946779905,-0.5876873743466995,-0.5273917992724653,-0.6381260359589892,-0.5794285028146156,-0.6783554265161131,-0.23587583785579602,0.6329682873805553,0.5554900073122511,0.6865764525383986,-0.3018189970995425,-0.3042979849365779,0.38031592622768284,0.6314018765497839,-0.14196359090200233,-0.2340196859709664,0.4902869653303918,0.3295216122798122,0.637415538142996,0.5145891795245081,-0.33069465753600574,-0.4001482231439478,0.37889283982133637,0.4301363021993343,-0.2590077294703361,-0.3589063579665377
PANAS_Q3,-0.05473535819006854,0.0719483507620077,-0.12181324391722381,-0.20009948552164558,0.7170772567669508,0.04504656051216502,-0.5938905175871778,0.18530874563938604,0.3032809090028551,0.010389282687771525,-0.06200850407248079,-0.11828040054136982,0.14481123309697344,-0.1529946021090433,0.05623369194621882,0.39645784947700086,-0.016774000976590653,-0.21938844556958273,0.2081088260093676,0.47575949995776234,0.1344823519019628,-0.10297071154410362,0.5372258103657379,0.02239352357345143,-0.42693396644031834,0.5103540539840237,0.03155170047972,-0.1308813584964806,0.4773314679080864,0.22175320140788093,0.9999998271416,0.066318503583895,0.22394961687667755,0.1538182940776578,0.2723243993588108,-0.024855004703387057,0.669188830928121,0.2607415998628631,0.17952164769396936,0.3032040725359399,0.11116575531643061,0.15379495939637694,0.031202490676036712,0.055186685864333423,0.28861107033274896,-0.027159402059835025,0.49049357637887975,-0.06869595904568702,0.11299868801489926,0.16488145454897873,0.11412680254473524,0.12060506943258563,-0.10846355772591967,0.03920536469664408,0.025012080358208053,0.5177566052627665,-0.016220619204803548,-0.010878619400086838,-0.1594786782586156,0.3127348816551939,0.217922090074387,0.011449509599503888,-0.29788600764056156,-0.07445491848718429,-0.267319814169091,0.4899242075483488,0.14676454036202063,-0.4207444053020276,0.5248721676189432,-0.363086366715513,0.4354210723663173,0.3795050152801278,-0.054273628914019385,-0.15174327653167152,-0.432437135865189,0.2781138462986699,0.22344847545998875,0.12626541560286625,0.06705672930191475,0.5694242121710078,0.1294726301085538,0.3335519543897554,-0.07102093123759763,0.1818169602035961,0.4359100659422188,0.15067517650196577,0.19107017110646451,0.3210456720188767,0.20790800205581958,0.17388763187246103,0.2621164838976256,0.20587618712448635,0.244776994203499,0.08447874282913635,0.3636666073292381,0.044430133466841104,-0.0584178731206068,-0.07760192664146322,0.40856675253459424,0.38877117400606426,-0.009289554762908221,0.04248799973607112,0.4278471523130788,0.4147105543666394,-0.15216706840753014,-0.1711729894248771,-0.02899521672662339,-0.1561941606639919,0.10743210943577342,0.3513396122789516,0.029080783752480445,0.16489513808523443,0.3502489787866704,0.07134654018133671
PANAS_Q4,0.20669523274266186,-0.6770186857394901,0.5742250190979339,0.47585262543217494,0.0017307998579004086,0.6640495088234646,-0.2389455610388821,-0.09879997914526478,-0.34855025563638126,0.7459466535671055,-0.1636989965601529,0.29387996738647115,-0.46414892197949703,-0.7522872755086178,0.33229437857578237,0.14984520606742358,0.6978359189324329,0.29270455365165915,-0.4816852857020535,-0.23367731485619792,-0.36434925692739684,0.3055085136753215,-0.30103927535382724,0.6487759880786079,-0.15419694456574684,-0.27226587383665685,0.6816698346266962,-0.3197561989630414,-0.1904630423824213,0.7425093643220171,0.06620441054782586,0.9999999999749254,-0.28100115498848566,0.42689495922572096,0.3163760794644122,0.48725822115057044,-0.17383197535981057,-0.2500288973916083,0.5710706267665351,-0.06412132404910537,0.4495804786453556,-0.13787373547114495,0.5969128740287538,-0.17730232321725936,-0.06946190406642411,0.6066236327053747,-0.3587338247339437,0.5606289548704256,-0.7086351299331671,-0.7709687244037169,-0.7358670139519977,-0.7875383886706047,0.7673656882960016,-0.7280404848141131,0.6243554520397396,-0.5043974518159473,0.5184746746042974,-0.4907176781926592,0.6306981695437198,-0.43105480123088036,-0.3091106097296967,-0.3404537947438361,0.290246837127134,-0.7878048073245886,-0.06049188549044471,-0.1275618214646943,-0.3094656163497228,-0.2385587126337409,-0.3748320231914244,-0.3188367854915609,-0.3917643544643671,-0.35671641681054034,-0.229981116205727,-0.46926444799267647,0.0632973642838538,-0.6310219831175716,-0.5907102669997824,-0.4547551589708411,-0.3445344711816978,-0.23974070556069077,-0.46624425532358443,-0.06076022872033465,-0.3846007896959847,-0.30802942279408496,-0.1632195892371533,-0.6081309579680714,-0.02753497743357848,-0.5380609870146469,-0.5190749401253358,-0.6742272654480953,-0.6050740821361755,-0.6921970827576255,-0.6830634936590771,-0.718858600736277,-0.41649889960103403,0.5264757193836007,0.5214045084800252,0.724032109282607,-0.426336895991797,-0.434320310321574,0.4238203950548691,0.6609114985650799,-0.4093444687010885,-0.4553015780005023,0.4907078580410946,0.29476349265864554,0.6649419334927826,0.5503533256604128,-0.34048330008013244,-0.45088936281546144,0.43636472145903876,0.45511576485735356,-0.4107055880460778,-0.36326321443719894
PANAS_Q5,-0.34895315289872797,0.16398478684348655,-0.3762629174031461,0.024509664559116767,0.19676038529940998,-0.41711317742527687,-0.11661810063580673,0.33538413135379874,0.34680797719257545,-0.3540640345608852,0.3511884908841817,-0.20149243141437345,0.4286460025359127,0.4873788631145772,-0.2295833584897175,-0.029235717004009648,-0.34373922822937275,-0.23872712137450672,0.38534305520391854,0.12818588163083752,0.31605622194215854,-0.070045676826516,0.3003104453242614,-0.39490080653285586,0.03585698024431325,0.2112075594325015,-0.42277808701071357,0.3842718566496575,0.2208891702551503,-0.20907253005077067,0.22409843145228403,-0.2810013949044966,1.0,-0.055927705061593946,-0.2990484497735889,-0.04900793992952521,0.22591275400708763,0.182221796283112,-0.36630801296192433,0.41396498334928805,-0.0859046630208965,0.11319939555559261,-0.3835804889370701,0.20998000140835094,0.19596712353138,-0.3464121920974931,0.4236211772013189,-0.3219331344626812,0.5354349386957276,0.4608654874315815,0.42357266460815524,0.42601165223605086,-0.41004715779931666,0.5059516392010062,-0.4007403260933338,0.48373772586361585,-0.028184701048782915,0.6504600806989151,-0.4998995440920381,0.5054294086026828,0.40815517850248195,0.4584790272362763,-0.4853664552331566,0.3483390127145432,-0.1031925094225777,0.27265052845555127,0.5601376773535574,0.07757623846599113,0.3952243822324034,0.1350427828712431,0.6042328241160855,0.5083688468125324,0.3157981750234332,0.49605446064592745,0.11043002321109556,0.6053203242884603,0.5352016553021398,0.45172221931425033,0.3309776226917944,0.2900447301738029,0.45236717322147163,0.18277017819974106,0.3324364019165047,0.4472309303521073,0.31441051990757773,0.42237433318816153,0.06323342145079527,0.5517403986021262,0.6278017896842911,0.44967000720452543,0.6058345480175141,0.26562871716115205,0.3148767872796929,0.418360727677933,0.6206706894549563,-0.29579493312328276,-0.328863238844585,-0.43729287302340325,0.3261526358768621,0.6145565859815647,-0.21537324350821702,-0.3772397452139942,0.48570804983964244,0.5001403203922918,-0.18450227476692216,-0.06531550510848753,-0.3811778990587923,-0.15877391781399902,0.47870303502721623,0.4183306307637761,-0.3214221603450249,-0.14526241666831172,0.6229601820128597,0.48374065923673154
PANAS_Q6,0.18125405951433482,-0.3848549486191437,0.46466350201201534,0.28439607237083486,0.06941108148363231,0.4093932037661815,-0.09659532466412296,0.13436112403788802,-0.3039221938387271,0.5686541483636954,0.11967473324989936,0.08712952602131573,-0.2279000908843703,-0.41792879042794556,0.2888534880078522,0.3166718680655311,0.3824522481014817,0.4823393484338502,-0.2393559455758828,-0.18354870010250365,0.04305891792698694,0.4543149841229625,-0.1108378665451742,0.5072948311004803,-0.07461972464544683,-0.14647064288369177,0.5422694066187221,-0.27374828956594266,-0.06945221379585233,0.3772560132165925,0.15370793650724127,0.4268948917338623,-0.055927704937180994,1.0,0.4037820982277034,0.22259782338207446,-0.034682192018764164,-0.22941573386511813,0.3721507333602711,-0.03605374763293406,0.5273519445230914,-0.27264823024920803,0.3489819809417497,-0.11749470364003474,-0.025841971760862822,0.4756883679822165,0.03489551828835938,0.4335459944165118,-0.38388409852792077,-0.38990336829706507,-0.3881978472748689,-0.368483626521384,0.3287142874680572,-0.3586758967439868,0.4567919719469698,-0.27863390961019163,0.33280966451468574,-0.2624606415956396,0.41678010172721347,-0.322368920190658,-0.011075708449491302,0.11965109394278686,0.2545455602608857,-0.4049262090461388,0.03838820109395136,0.05652939496987757,0.07662049679325554,-0.12170915311272702,-0.15375267061148595,-0.14082940166002747,-0.09598650934992681,0.029671217804035657,0.031176332062815774,-0.2114028902925152,0.0560614770979163,-0.1834738184762062,-0.1544916207350481,-0.04321894574656218,-0.12430620482279499,-0.08279978461566706,-0.09706776484570209,-0.10792867847077542,-0.15017128689777035,0.06273434629940959,-0.09560338601339735,-0.4092089389471572,0.08188986253814776,-0.13195610728691412,-0.13215462123129462,-0.20414198200930694,-0.36256113812052504,-0.45796368125484826,-0.38972253452273475,-0.4748730930070657,-0.1751037587936678,0.54158589594921,0.5231832262444924,0.45424949145517546,-0.13986681417910574,-0.04845901913164756,0.45252971112299223,0.5307378211126382,-0.15676455694595148,-0.15457948661193027,0.5252460651443218,0.35157288549586435,0.4711535538924503,0.5395693987591621,-0.1415644610972043,-0.2957181848410262,0.49718711617623157,0.4878127571615913,-0.05616278301160879,-0.2748414033717576
PANAS_Q7,0.18785754172459612,-0.27792531160334366,0.537768221270138,0.21462563028168602,0.19535483952024563,0.4490910913881639,-0.12308262046789359,0.16932933645907478,-0.18406602005667205,0.5935355187558105,0.03896650114798172,0.37566982996188636,-0.05401786419462638,-0.45767769306592415,0.2713086687592877,0.4385737812602848,0.41498917385528034,0.4681407384301182,-0.17905870856689984,-0.07157476732563958,0.0388132228266469,0.1770677695343553,-0.0911692127759927,0.556395369298148,-0.08564731631107424,-0.10515002346530863,0.5711114183845443,-0.33844723618515077,-0.08092254275513124,0.4384347498158445,0.27235568372171903,0.3163772172540009,-0.2990484497808939,0.4037820982780549,0.9999999999999997,0.2362525458248485,0.17251245369194745,0.02005749700536119,0.456062264378124,0.06281742070652714,0.30307677746525963,-0.04906924034339698,0.41344993492964294,0.0231129033118631,-0.0012708717058332111,0.4302838046319227,0.04461892107332652,0.6082958405739327,-0.49294253975092855,-0.30588597291152386,-0.37199573843521067,-0.3114622839578544,0.30045805582593726,-0.4041364896179563,0.4309351679216001,-0.21077460268840978,0.2581195017115771,-0.4151440308694287,0.45146269823717733,-0.27184943503546055,0.014667323226557338,-0.13727175697859784,0.28957737121635246,-0.3768271602920646,0.02298744690722873,-0.06155139131603228,-0.11282269402968974,-0.023907188125307864,-0.10292872993137178,-0.17530443372968596,-0.1931580492844192,-0.045124025528863715,0.035531071538777464,-0.3365262876236462,0.17950421705316444,-0.19700980556045278,-0.17578698052300107,0.00325773275812144,0.03320416456394795,0.028528192768547816,-0.13060032772771774,-0.16618258905797867,-0.1337691225451921,-0.16698286175125543,-0.09800149995418274,-0.3755004815118144,-0.09066837246549647,-0.10710114143131189,-0.13087555492338687,-0.27500736799953507,-0.34681328144137025,-0.3552823491525334,-0.2866890899464844,-0.3626812286422103,-0.17611149683454555,0.5074140807497479,0.5020128279896148,0.4262066757144267,-0.18114025645448328,-0.16725114644476993,0.5333928492370065,0.5174214505636574,-0.11454697085198706,-0.17001355256916406,0.45040522024574453,0.28051835458524765,0.4504841562731399,0.40999583302741177,-0.15874841546428411,-0.2566550191670126,0.41132920199925516,0.5387576731265624,-0.09919297250537806,-0.2547691131139663
PANAS_Q8,0.1493154125589286,-0.5494811152006414,0.4940346734487414,0.7247455088851587,-0.08899879509862006,0.29424292950165737,-0.18607962056871752,0.20434528174616443,-0.11202565821833635,0.3460195972640341,0.04292444327061384,0.2651929961624311,-0.13720969983408882,-0.31278813861086385,0.20138807995051086,0.22333553102059372,0.3319628015545857,0.4320258635654997,-0.3454473099311083,-0.14955200065149082,-0.10235564174448711,0.1357598751416409,-0.19187131792424592,0.3423609141958576,-0.1288925594592158,-0.18670068304299814,0.31470156404217614,-0.14752818437394088,-0.02837543706994723,0.4140230198927245,-0.025005966823109113,0.48725726857986096,-0.04900793989761214,0.2225978234743514,0.2362525458248862,0.9999999999999998,-0.11988136174144423,-0.2557330866890185,0.28293667595111405,0.16413584518710586,0.30307671871282665,-0.10612649670432919,0.2514571837192571,0.05200403281987785,-0.22367342012339028,0.2303377987739864,-0.09839044136585536,0.22297330642728228,-0.3411179801456222,-0.3589379639491589,-0.2913294510934996,-0.36550050642885656,0.3237592048792518,-0.34209567617392334,0.2739948972613889,-0.17686369246325723,0.6408734985550224,-0.1660018481182768,0.24934553449845126,-0.1974491928421354,-0.04329299928435355,-0.02657903406477056,0.40467119602316737,-0.2893095972618731,0.19051650808952725,-0.1850420910429405,-0.24451597875293057,-0.11066352419113333,-0.22321050112781893,-0.19297308170935876,-0.2778686514224413,-0.17307651880010255,-0.1162583138744856,-0.18962095709596766,0.19289411879441964,-0.26674563599936013,-0.17245699803247483,-0.15622516707750903,-0.05270804858109736,-0.12273348689570937,-0.19170643200352572,-0.10818543461399423,-0.17259455933621898,-0.121372266433131,-0.048245598857851096,-0.32014515116537307,-0.0684254335404695,-0.2909111245873357,-0.08268651665881083,-0.3036570002632134,-0.39038345864419044,-0.37919233590178797,-0.29783358084604206,-0.3453339650479404,-0.25736674247622104,0.36712609458929574,0.36192460252536507,0.4136274459063252,-0.21121693645510997,-0.30449914557907065,0.4328566887057229,0.46653010585445953,-0.2808432962067838,-0.30766752476700976,0.5081266871844894,0.2735162341140079,0.3978657832216317,0.5068819196627267,-0.15171539520874242,-0.25973368600117497,0.2395609858046503,0.40518764636400684,-0.274702971400033,-0.09910593118338916
PANAS_Q9,0.03550923766492746,0.24287362072608262,-0.1412796628421214,-0.288834194021061,0.7313452889306814,-0.05183612111744203,-0.29034857725882124,0.30136564698668955,0.4986281424771105,-0.1788760962265098,-6.666382126959552e-05,-0.17539936177159693,0.4081088857772179,0.05605239409102332,-0.10462667713601263,0.3305815483852126,-0.21451552584290562,-0.3214134453937084,0.4358413173696263,0.5899917604517246,0.35523348174075264,-0.22128961293981364,0.7034483250341501,-0.24919356128682557,-0.30114990365985606,0.7044417043149531,-0.136413832055575,-0.04494231531452328,0.5310936016995753,-0.05700944947045984,0.6692985053369135,-0.1738329312471707,0.22591273911582732,-0.03468237663916014,0.17251232558120386,-0.11988144659036867,0.9999999999997491,0.47512763406917646,-0.051129944917449405,0.44316246780356167,-0.21609651374915007,0.24792772075897315,-0.08260376327439778,0.1603801714143886,0.4731617868470709,-0.10104271494035852,0.5518783348582468,-0.1848882622584595,0.372017012545785,0.3353315687908282,0.39972507419914016,0.3381760144677275,-0.3531668674803071,0.2330257724514428,-0.09282931746429197,0.6551174675441701,-0.024088278270035582,0.2547110416506023,-0.23326557035444717,0.4991916629011038,0.3542021212077458,0.14517772564881265,-0.44876423173090424,0.19816579978360563,-0.11957388152085295,0.48578548369519403,0.2643421365282418,-0.3456670332784022,0.6577512850249736,-0.07779245652518431,0.40524851256197136,0.36382698934194163,0.13247482702331131,0.1450778353720336,-0.22798850646856572,0.4920551998187054,0.32763723369083836,0.3768176247155487,0.03763973318994311,0.7295796113860351,0.26827152575071067,0.37096001768160947,-0.03563774011619052,0.33678634688490977,0.514784475339769,0.43749093932692107,0.2051746795413841,0.4976396375939828,0.4516822454769093,0.4447442634333764,0.42237339776814115,0.4305320465668797,0.4505572499167966,0.3136345376810189,0.5457937254787277,-0.16660377841860666,-0.16636406181887584,-0.20065730459767642,0.6090144106758683,0.5301170646414564,0.0749355098259242,-0.1524264134181923,0.5970032445727422,0.5866000202669274,-0.35180498983748903,-0.2576578841744537,-0.22859235967539884,-0.3144975780474728,0.3380433600900585,0.6314032579966062,-0.043636091802838055,0.12835300834018004,0.5155785155015746,0.2980611467085216
PANAS_Q10,-0.04856908764471719,0.11094018940154068,-0.03012841670309971,-0.18049904451016235,0.30294960503234625,-0.12076367065492155,-0.101437519599933,0.11780439235907432,0.30105693351317875,-0.30372384652246,0.10158816246192409,-0.1120375760625045,0.41931476111927257,0.2091536058769189,0.11454621121791587,0.2101424932622014,-0.19933689891604625,-0.32242206279939833,0.27228377652700936,0.31490225171668135,0.08366199067804436,-0.1283651747082499,0.38616069766993427,-0.13736102105708156,-0.2179562842384683,0.3366801803377113,-0.13722988026195937,0.1991319186811928,0.056924564012770754,-0.0817402198682851,0.26087497653636077,-0.2500276743151962,0.18222179626497928,-0.22941573385836417,0.020057496995849675,-0.25573308669706396,0.475127738500313,1.0,-0.026792555289604544,0.34424349683232136,-0.28295226177444044,0.27533739032029786,-0.15057612776611773,0.38411064092225616,0.3473145088384876,-0.01575291566945866,0.15773959494323914,-0.11890202050840465,0.30333289279640113,0.18944466292208434,0.2562186430677338,0.1527612317455737,-0.26756577426610506,0.16240204588034013,-0.09015528342765564,0.35491019745556435,-0.08910258116993394,0.08573033483467932,-0.16864615591473361,0.20631961740400434,0.11375570398910886,0.02197782698965873,-0.31519427469161926,0.1471310681349321,-0.14526312294115482,0.30480010251031764,0.3722696061069442,-0.08265132253394689,0.2796576977151488,0.08239550111365808,0.423150261749397,0.38658403185700346,0.39970214315770414,0.25233840383747946,-0.17537260405617294,0.4240073442332311,0.37319452532293,0.36180553860877923,0.23331042048888082,0.42140606264532365,0.10778003384711354,0.19240933478555122,-0.03618797861203056,0.29017632337903104,0.26865604313723934,0.29273527767363033,0.21327792666997236,0.40274456019165433,0.3380267537497974,0.338039748302058,0.31938978305670723,0.251803761543882,0.29759993956538744,0.27950423433595706,0.3389038319027688,-0.017057973306304867,-0.017416053211144325,-0.11469999199321618,0.3037612003003932,0.43238633684221883,0.13203359914618717,-0.08679086376798138,0.4450045947467103,0.42928427738405694,-0.18826910317763798,-0.043519346807279174,-0.09674043722898934,-0.26105536664185436,0.03048677233552434,0.39839550670269974,-0.16863337699275607,0.032938976521607974,0.4278809353518617,0.11045162652938766
PANAS_Q11,0.32407433295266286,-0.5298082071018432,0.5776625063922829,0.33204283414828273,0.06253289315967411,0.6638519673038429,-0.23833499971478678,-0.13327041182849297,-0.2054213855006738,0.582426750656764,-0.08686795123003967,0.2968075943676585,-0.34500264535771735,-0.6766357880467336,0.447722949646691,0.3704364990441519,0.5277244434073569,0.2672603104160731,-0.3718598149582317,-0.16138721090994318,-0.259271161457325,0.2062523823639188,-0.16792439649392882,0.6094347155007773,-0.40657493179589943,-0.07836015450019157,0.6370145446334435,-0.3925763072852253,-0.09801323648814127,0.4524928370569384,0.17949408161161226,0.5710720125899124,-0.3663080129792537,0.37215073348306893,0.45606226437937436,0.2829366759490583,-0.0511298686482761,-0.026792555293498648,0.9999999999999999,-0.07283746991437352,0.3374129546439121,-0.20952574103411523,0.6143397559201007,-0.03087390922450549,-0.04382932328966946,0.6790767455651885,-0.17005154820495857,0.5275611829211158,-0.6624573002739869,-0.6597640858609076,-0.6262697260480274,-0.630651026192447,0.5865694631154572,-0.635308378815175,0.7326878477238123,-0.2689687978824459,0.3344471721501693,-0.49256250874295265,0.6528262477680598,-0.29882391368772765,-0.22776410328192942,-0.25871284025667224,0.3346996778671074,-0.6466552040654283,-0.11864229665263731,-0.0888378211015101,-0.2351153461709652,-0.26965700804480086,-0.1602722219724019,-0.25770722348776687,-0.20946795569953983,-0.03604298510947161,-0.1824991554210285,-0.3756002982615142,-0.10315754806132801,-0.4415295170172822,-0.37201645302693104,-0.33565170961338436,-0.2098510090149656,0.02044546185818652,-0.3663786214227536,0.020326711209827777,-0.3360208986675278,-0.18427792592364844,-0.052956374273867374,-0.4496021045215326,0.22939783830902555,-0.30952226419188483,-0.4074316911782606,-0.5688709735205774,-0.5029945035832326,-0.4744520178390982,-0.3974711019904512,-0.5466924575285155,-0.3921677073436409,0.5584956271737376,0.5245433327546545,0.6263760303018999,-0.31312710793166865,-0.37062501982481355,0.45223259969981056,0.6421615515694237,-0.3215198805284478,-0.35289936987530346,0.3893644252957726,0.25181149136468256,0.6691144022094364,0.3869911334685086,-0.3167566334877159,-0.32362853049058393,0.57473953979996,0.5440074890786708,-0.3332822299948948,-0.3089915611998063
PANAS_Q12,-0.2373655959775249,0.046262637320385255,-0.032912362487993285,-0.03348092988417815,0.4507571977474615,-0.103271475405163,-0.14600665396346466,0.49769306415690273,0.34837103429253513,-0.1383891101985555,0.1819108537464304,-0.11144514711717717,0.5030294571166506,0.22474397741881733,0.04870405236654855,0.2511092325600926,-0.10416772132983225,-0.1425915798350184,0.24926287418996115,0.12788564955516407,0.40305245744462775,-0.08531630947992017,0.4811268148841035,-0.14049891045182872,-0.051325787545273685,0.47029496041353286,-0.1532473310422272,0.06160786029329228,0.25408848103796544,-0.039832945670510086,0.3032207321751219,-0.06412256766293646,0.41396498256495895,-0.036053746980517026,0.06281742205187503,0.16413584471609116,0.4431625415057241,0.34424349555448996,-0.07283746818040022,1.0,0.018214141989983293,0.04200901624932078,-0.1045031408326034,0.2817022553422964,0.29588127118526797,-0.0732083231858837,0.25497780824079963,-0.10530046103357198,0.24281934566962746,0.24914887849481623,0.2745435284900827,0.2681433186146512,-0.19403053939725387,0.2557230441160832,-0.13874114805805068,0.3779610493657086,0.07511615720157491,0.260184441863079,-0.15390679270875224,0.271845948716293,0.40456676884475906,0.12109290394124297,-0.27145012265226753,0.21648955068684772,-0.06932346619897077,0.24652935235883555,0.38164023673718456,-0.21174284306442445,0.2959470110543152,0.10937307735104854,0.5215417455761093,0.3312916536776122,0.245218107764557,0.2328438564083682,0.018343865857005745,0.4470961650656958,0.20579526087807312,0.2731949335549345,0.055451513348378195,0.4191992289151582,0.1661849028710138,0.08176166965192377,0.0891032061782244,0.1753247248331806,0.1922441647835152,0.2966691789596999,0.12320331027243184,0.5240406421772884,0.35768516786223137,0.30026976241959125,0.361091747260298,0.20353359976201835,0.19935565954134418,0.2260417247737722,0.42906454689028806,-0.13012614079297405,-0.0783737461458464,-0.22093626265978988,0.3426326818576147,0.5266815465109571,0.11536288806124453,-0.08317800757565977,0.49536192989480826,0.4673077519081975,-0.09309805564816462,-0.030039532184670606,-0.15027758400723973,-0.173512092913754,0.20658924432950515,0.43257796238884927,-0.09171753838690201,0.11245291738142668,0.5573539357590827,0.23954556764350338
PANAS_Q13,0.08956486297752331,-0.36318124531661594,0.312090964996741,0.3772385226027952,0.03410529446657712,0.3528493990737575,-0.29061055943496694,0.08463993620965683,-0.1723557074894402,0.4788943249497462,-0.08919533349091191,0.2501109632343428,-0.2594656933270095,-0.35997778349920395,0.16453575029395243,0.22307477634249023,0.33222617250696446,0.3773255413046834,-0.2975348793252094,-0.25280358469683906,-0.08148193988940677,0.21301699573449537,-0.17452228685705024,0.41048459767201356,-0.08861249507982859,-0.16885541564689616,0.41864301838855544,-0.37092309161107806,0.04933152454893227,0.400819034801584,0.11119767999056167,0.44958097480580406,-0.08590465576942077,0.5273518977509908,0.30307677682424305,0.3030767768242512,-0.2160964307117373,-0.2829522006296493,0.3374129955238804,0.01821414405680201,0.9999999999999549,-0.20172607080520277,0.29554566507683144,-0.18178278442967732,-0.09709816655305444,0.3450677363424559,-0.09026708807857908,0.43665716239662655,-0.43049160683479243,-0.3442551650315646,-0.36993983686526355,-0.3241717634998191,0.31324000885891595,-0.351675296358956,0.3364548892613934,-0.21274861724126726,0.3164079739102396,-0.31698174085022496,0.3650844278214226,-0.24777340542260506,-0.12196024787217709,-0.17646437803234027,0.17227664730206038,-0.43253200914692413,-0.06545324627763788,-0.003629964294637411,-0.003333011350800396,-0.20768974233654897,-0.22092568505144783,-0.32398314076743273,-0.11300408460746189,-0.19362517045349315,-0.07946599148497716,-0.3761153209192179,0.021182795830305225,-0.29228388978758,-0.29993503913524,-0.19500813227711306,-0.0994840931329733,-0.06368506448845514,-0.301999025961582,-0.1006587351882663,-0.1718896116381003,-0.24485327166970489,0.04072886531072313,-0.39184159908078436,0.06963131776979742,-0.20841088466359292,-0.26216330188350706,-0.31458273215146926,-0.34799934378925734,-0.42628814582381297,-0.38505228524083307,-0.43960565978312577,-0.13590839466162244,0.4625765282015585,0.4018740049683456,0.3718279870421687,-0.2518824452578292,-0.12672165077789108,0.2543171744182409,0.36268914660291696,-0.17523674799527944,-0.20000855117592278,0.5726900103704531,0.2850129901400854,0.36793692625503843,0.5299653179421326,-0.016087295822306363,-0.35666223714133627,0.3483462511968938,0.3597987608561704,-0.14476079784113677,-0.15158248172789518
PANAS_Q14,0.04081945381249225,0.21385313217595822,-0.1327044674365585,-0.1940884024024529,0.2201135757263195,-0.16424283223329877,-0.14645848136655584,0.27940952575519856,0.3964511723698452,-0.2555671738641608,0.1140760686584827,-0.020305869540038057,0.4761962896382447,0.3172878683447134,-0.1764184985608524,0.14346470294391384,-0.25278396599206343,-0.13078639901911648,0.19704474571308211,0.5988862859475881,0.034505728183191156,-0.17712708041222014,0.2597297449294741,-0.2802202459256261,-0.0448221407190119,0.25606915425105076,-0.23466370946905982,0.1119090365212444,0.056529142850688975,-0.24729733855924402,0.15398236207666088,-0.13787525993603797,0.11319939567917955,-0.2726482303698582,-0.04906924040832514,-0.1061264966972165,0.24792761101882732,0.2753373903623119,-0.20952574106355798,0.04200901788135461,-0.20172609453241058,1.0,-0.16027430498472295,0.058275928203019134,0.21219754078054198,-0.100379057698369,0.14615432669535494,-0.06678416510175944,0.2209934251312417,0.23155616164511342,0.2619732081640293,0.2285374507040409,-0.19514561967869778,0.1947309494404328,-0.17880755363528478,0.25569402942304864,-0.002270746998727747,0.27829961459077784,-0.193393314524621,0.36333036201219915,-0.07498517104190823,0.1936139477894152,-0.15145975048189123,0.18078538360508425,0.017273562199720816,0.3361399577950631,-0.010071818158469373,-0.1674980503620439,0.3098484256794968,0.1456959479752064,0.16246296470818994,0.062293476372343226,0.03768685961037216,0.20558222630182638,-0.03799709490480885,0.257185315981758,0.3255242385989907,0.15641662054665803,0.20779209491343117,0.16723220124044014,0.2585307668967825,0.2935894135438897,-0.09409606848402545,0.2912022127528157,0.315589883389976,0.24679963447470923,-0.08697971574211233,0.07251555067423138,0.3004907890865152,0.2645082857762504,0.23750976909636415,0.37271521864069856,0.3548979048682228,0.35473497496126294,0.17003160963844163,-0.26318477087387393,-0.2571446620336434,-0.24962000824739322,0.21110311740088855,0.25439466524275245,-0.010683122562861625,-0.19550631747002634,0.14040812006648098,0.1092750381559476,-0.2610564903024391,-0.23635639457533192,-0.2295062234259152,-0.3039879996152733,0.3278640987526753,0.3304049717936689,-0.170982393578963,-0.10802227301627806,0.17288937435563584,0.3265175244612787
PANAS_Q15,0.43831435648951905,-0.5165046729944398,0.5066347422650277,0.3385396028613348,-0.00801353261062246,0.825031737779238,-0.1244209783140824,-0.26033567398661284,-0.19244959067215284,0.6717029697501926,0.010445760838136475,0.2773878518393984,-0.38472422324676103,-0.6505384917177718,0.1998097292744816,0.352337369583822,0.7167119402816718,0.2890272790873037,-0.3456460277770543,-0.23795076048185454,-0.29741328314186066,0.20075043362456352,-0.24981928946875634,0.6550761954109472,-0.2412473580416057,-0.15001891967775877,0.7046483489820384,-0.3534522269425119,-0.17294375888770191,0.4190329269079855,0.030372227366440227,0.5965889073425856,-0.38373405382339565,0.348282538536696,0.41292473096148646,0.25090269527039266,-0.08329557884881658,-0.15044515563700284,0.6143154544484447,-0.10501245300124411,0.2949677608614081,-0.15977510950941448,0.9999944922691085,-0.22589692637952294,0.08319203169286728,0.7009665304253729,-0.16434597351284988,0.6315203643751011,-0.6788466339470995,-0.7134520132769964,-0.6478797545737316,-0.6814534675962014,0.7070874769656675,-0.6598634133277116,0.7992182394166507,-0.39175036073561936,0.43351956629548755,-0.45226458934474423,0.7727525698192808,-0.43303263336946757,-0.3366212306920116,-0.1532806241815236,0.29756043122179543,-0.700096222963153,0.04803648075752562,-0.07112562195358418,-0.25408459985024173,-0.1296482342046358,-0.22418725841368436,-0.3691013249106405,-0.4689903900171791,-0.3092100742218344,-0.04836606829783857,-0.511997254897069,0.04707464330940658,-0.4646507566424697,-0.5060010727504385,-0.20589757874189057,-0.1656124380085065,-0.05698973585246977,-0.26077859959264993,-0.06402213019734848,-0.32906493216862454,-0.26620242722192805,-0.0731722906658136,-0.4959067163963651,0.19351204591168591,-0.3882872519527098,-0.376923117676409,-0.5489128846270983,-0.6368438623519321,-0.4907875902781367,-0.48361192703005446,-0.5009094300408764,-0.33949717575132904,0.547445371951319,0.5288550003527959,0.6120373188926909,-0.25922723265099257,-0.3753205560341082,0.4126990679459544,0.6482779313656669,-0.30084318972595603,-0.3480928901003989,0.42267587957413,0.29298153911088665,0.6140604945707058,0.5027412163927428,-0.3919217541862657,-0.28154503041032647,0.5155311964810454,0.5722015772585921,-0.34124309106233586,-0.42991002014267093
PANAS_Q16,-0.4010011965640118,0.2284013654349376,0.01223757632821474,0.06536968603664176,0.09497239037299268,-0.2041271436398471,0.057250704730778146,0.4347115705124303,0.2858925285418402,-0.2995062523120055,0.03706376359006719,0.04352484598319657,0.4300012622658354,0.3097675362341936,0.16760642237834839,0.17982966794443897,-0.30888323309855487,-0.10594161888413645,0.49772026522562474,0.10665747647081837,0.38048187506004655,-0.0766517456391663,0.2030086296586336,-0.31908261974590774,-0.020007220317867683,0.16711727502531293,-0.2665941974823239,0.24228155983782554,0.09541235215957385,-0.17730233000863285,0.05537101514071614,-0.1773012811740026,0.20997999228064046,-0.11749469905530927,0.023112894011475198,0.05200401152588016,0.1603802392924282,0.3841106398061812,-0.030873916663533854,0.2817022570675509,-0.18178277802199577,0.05827593003902937,-0.22543059506932728,0.9999999999999977,0.29205359606252457,-0.06353405641312072,0.18176837024455975,-0.22447071703423083,0.39241792810266946,0.4091937215468078,0.35535860305244016,0.35667363960090964,-0.1466305687240679,0.3850272630201429,-0.13076446072751904,0.25311244493025087,-0.11338854329782418,0.3804034668794023,-0.1524152786590126,0.20582597134584832,0.41839408450927434,0.08544854011584292,-0.07986439791532815,0.2713164633000904,0.06506712110728213,0.18367253470968067,0.46639889356746056,0.11353634016562505,0.18083293303894765,0.4385839956646505,0.3665371318606494,0.21663533733139395,0.3338761019035912,0.5189418618513694,0.21166336008498204,0.370298964968077,0.3195631099493861,0.27819798488544556,0.15925273696415074,0.13660796247343895,-0.030446985264589072,0.002220499670861291,0.2973185962806544,0.33432081207893727,0.25458026744534257,0.44795910926104315,0.30656204905887974,0.43474391862143913,0.39239993047751653,0.29684089146152615,0.42610215730295103,0.24986732702021439,0.29252331181545327,0.31756004953002237,0.41315049627364414,-0.126215442920709,-0.1296688445751474,-0.10351261570923634,0.3169467871902853,0.2645072624147824,0.10011052211170453,-0.1558161728538416,0.3831788323919729,0.4372599330544724,-0.15802803316750028,-0.06989300525921711,-0.14827446343391315,-0.16488177913068985,0.17176135958051275,0.31548315012381994,-0.1565100753396224,-0.011089419949354319,0.5020923135043692,0.20810055862768007
PANAS_Q17,0.050930859023739714,0.2125156053445017,-0.12134486461736226,-0.21999524032558374,0.5294383121413072,0.0010095032931241553,-0.15894387423873457,0.13827362512041,0.4728976731255785,-0.18257780590304679,0.08545786106495869,-0.22415701496304852,0.3306420737614901,0.09286787064870039,-0.0533190323115075,0.3470997275150449,-0.12104850605760122,-0.44864029177841713,0.6090406873201476,0.3278659102458704,0.2055071738911075,0.043119305543936844,0.5686410520632053,-0.22308620372984223,-0.23294316468878717,0.5766564360010372,-0.09467989785018695,0.06664924243959888,0.3423201796205519,-0.008530414217126886,0.2887699031426698,-0.06946262726981495,0.19596712352608878,-0.025841971812944287,-0.0012708717052724305,-0.22367342012350533,0.47316180707872085,0.3473145088366659,-0.04382932328782248,0.2958812714088868,-0.0970980916651277,0.21219754078081984,0.08407288816783937,0.2920535901494234,1.0,0.015970036371828193,0.42548467274428436,-0.15195839186971524,0.3849357957878725,0.2660579189506247,0.31928321552343175,0.27412027774052283,-0.0846394962346032,0.3404131283255626,0.015949677955349358,0.3827006684376937,-0.19029862631842948,0.33991969112589665,-0.1526881220378947,0.35190857998900554,0.15328043893463944,0.16682018321575875,-0.28857675466847676,0.1216439105326453,-0.11033707005133084,0.5164204501067649,0.2764997711624214,-0.2998130129417277,0.57541638513572,-0.041642567044544936,0.2660570166304722,0.22465862693404698,0.22222248159209984,0.19214267300398724,-0.1946564532751191,0.39110606459886266,0.18341301056874926,0.3675318144707638,-0.005840491014609775,0.46719953792709223,0.2421751658698713,0.23749478560526194,-0.13142799368811858,0.43122261721632704,0.47889796102095317,0.42339508569598555,0.3991589962075367,0.4736515066375044,0.41029812987304104,0.369226600427954,0.33608177248725163,0.3109328557186544,0.3625644666309503,0.35105319534601553,0.5766612447806254,-0.05179493491454103,-0.08860500096039092,-0.08053331702009725,0.6296500487251337,0.4452721042890169,0.013694231842491168,-0.10136730364430602,0.6213789942407655,0.6027969236336472,-0.1866854136572843,0.023211353784181613,-0.12061747246756681,-0.13849807471079867,0.304803809729372,0.5844166436962421,0.0010697089371441842,0.1317756397515832,0.4923173208400114,0.30185394244746044
PANAS_Q18,0.40427545893545935,-0.6128482906027894,0.6612166778843567,0.33140872073123273,-0.045734784147369964,0.8778677638843397,-0.06030919919658963,-0.13980074598783518,-0.2733206685584875,0.702659891499722,0.021926947050063022,0.28413785877696496,-0.3141274733300635,-0.6257179701302443,0.2782880935115335,0.32274837395975436,0.6365063750596499,0.23999865640077317,-0.34618824730798814,-0.31307027263088916,-0.16273833479125527,0.24499017568779932,-0.27598170893520124,0.6843708950350673,-0.20948680682868825,-0.21045333190769422,0.8099640953929265,-0.3431609635982901,-0.22120645799830987,0.45324218191951526,-0.027159981569884847,0.6066234678159852,-0.34641219213421415,0.4756883680396297,0.43028380463891513,0.23033779876588498,-0.10104264557715205,-0.01575291566784589,0.6790767455685698,-0.07320832440940571,0.3450677070181347,-0.100379057646798,0.7012942143281954,-0.06353405736153411,0.015970036379728957,1.0,-0.17880997653136685,0.7085522283750152,-0.6567511449987888,-0.7261268687278699,-0.6759465136832186,-0.6853100813190464,0.740018738430724,-0.6381333487982488,0.9351535653844182,-0.41197179085194596,0.4332470644688506,-0.5236300263754042,0.9121824347295192,-0.44301586765588064,-0.30079659580761003,-0.2057803826238333,0.2805347805799052,-0.7412766969907192,-0.17071047016866964,-0.10026395026851917,-0.1419728651322711,-0.15011838480446263,-0.25738330158319594,-0.09406539301468651,-0.33604791197965506,-0.10890508888943336,0.028181340150102027,-0.3411892156667464,0.16473876664879072,-0.4411506854002427,-0.4243519173364749,-0.19466040716821487,-0.12076238013495827,-0.055270260808621824,-0.27980585487048043,-0.05739960497202656,-0.2869720053569119,-0.06880760893677319,-0.12849657410049115,-0.5036071629690824,0.19661201174654624,-0.2786656834177956,-0.31784424318643867,-0.5629179017328914,-0.5636005383815131,-0.5559947670754979,-0.5294988283588654,-0.5666584702876517,-0.4025062242986032,0.6060636638102026,0.6213565858060817,0.6591200617486277,-0.30085191743124007,-0.2641157520868797,0.5616477044553768,0.6976919238242025,-0.35210258466426864,-0.3869199589752018,0.44947534515898224,0.259724987927789,0.7157104572834168,0.46358204480736276,-0.34380884153728347,-0.32863212743786885,0.6360192884428246,0.5946414383807465,-0.25485763261658245,-0.3892775727264156
PANAS_Q19,-0.12255060841918608,0.3563380586226551,-0.20885675968257617,-0.22931540901798272,0.5711288420507954,-0.2013778060738904,-0.3150068691866671,0.19760332212924497,0.5034335949240332,-0.3148140986489666,0.24428311353829607,-0.3154854739182409,0.3247935068139071,0.22992856439638543,-0.16795628810583219,0.21845994346261385,-0.31195860637227935,-0.3490927560674915,0.6217910682217633,0.38073278775867436,0.2586050345223097,-0.1268239332970821,0.5906437948197552,-0.3462592450529933,-0.3335200825679369,0.5635808626099703,-0.2572702173593957,0.14173019713676738,0.4970806262512885,-0.16675089382919087,0.49056422751352347,-0.3587355287419629,0.42362117713908626,0.03489551829454827,0.044618921094329786,-0.09839044138759043,0.5518782537729217,0.15773959492880962,-0.17005154812716428,0.2549778086374118,-0.09026708763605933,0.14615432652304716,-0.16417178993852757,0.1817683662219955,0.42548467277981195,-0.17880997654931308,0.9999999999999999,-0.27821217282752353,0.48838770776896506,0.5021986758511647,0.505311360798533,0.49786627321593424,-0.47393140963425057,0.4413502772221506,-0.20128714602531567,0.6411412766919694,-0.09290195508768756,0.41673788508697934,-0.3217271650452571,0.5660933238172848,0.40512400677047233,0.40572510599242817,-0.4051589893591023,0.3584509417751192,-0.14217237114086315,0.5378863950032697,0.387441072992525,-0.08929139462442208,0.718232976460547,-0.03899853660000691,0.4918076666077438,0.5338532784537784,0.30763555252225644,0.2720629666260894,-0.1346975345897906,0.6452240131678393,0.5941694295401245,0.551970441477706,0.05465381285771259,0.5581377957576935,0.4309617365593413,0.3448053186446488,0.12680523771103303,0.5263892250500627,0.5001564714817879,0.48841445329372507,0.1918653793778887,0.58169520633601,0.6300519605734276,0.5928167908597362,0.4690023501213322,0.5863198014160538,0.6067078792139229,0.5299070772626773,0.7006155885216123,-0.15231970229304304,-0.21900979377022084,-0.280501642502305,0.7328593272932307,0.6273544691707746,-0.08354032921065191,-0.23972591251674646,0.6960129181848893,0.6701845148402771,-0.2930375977608347,-0.24165447248122146,-0.27821480614249816,-0.3017312614797203,0.2940679304444688,0.6559212428554502,-0.055674750989322716,-0.05765007060321628,0.6751477609098583,0.28895055639518696
PANAS_Q20,0.30393393702883287,-0.6763219996173241,0.6738157492200718,0.3226353632807912,-0.06324351569604067,0.6595530600888363,-0.09362847799608337,-0.1512278132574287,-0.3687546311371495,0.776783742002387,-0.03209273382685343,0.44664992878204923,-0.33821500869869864,-0.584392661347565,0.2848800390443196,0.26389775602107834,0.6019183318808593,0.46997532619429705,-0.5062670262872271,-0.3354205711530748,-0.14606089995713936,0.16666376897283655,-0.37267839442594974,0.8069574551039411,-0.07799592770069441,-0.3412930318162232,0.779673625506052,-0.3818671366247163,-0.4103877498266455,0.38820353183139744,-0.06865555653138425,0.5606281724417914,-0.32193313447549704,0.4335459944778942,0.6082958405740031,0.22297330642662203,-0.18488819767477954,-0.11890202050144782,0.5275611829185829,-0.10530046303589347,0.4366571335395105,-0.06678416498730531,0.6315250176761759,-0.22447070775734113,-0.15195839187297505,0.7085522283759182,-0.27821217288005007,1.0,-0.6910853583983355,-0.690077261396659,-0.7227821618491832,-0.6961399803711277,0.5755152818968222,-0.6919322460481766,0.650288051366937,-0.5018089136586641,0.4721180776078099,-0.5538939097707027,0.7297065915401147,-0.5148127836341667,-0.18838406698091653,-0.2828801091564641,0.31903146217403644,-0.7410616025131955,-0.06236259554547599,-0.29763988553360604,-0.26688924184147517,0.022897044289155885,-0.39283283773071903,-0.18324374088743808,-0.310736051265753,-0.13127846855796566,-0.12650918795180424,-0.4465930947865898,0.23631815825116753,-0.47524508452199915,-0.43881233192791025,-0.23581075297910636,-0.11627842871999555,-0.25229256349599494,-0.2921688053921334,-0.280043599031543,-0.1071145260238396,-0.3282213502474158,-0.32963378762012946,-0.7169921269648227,0.03278023181116721,-0.38472517160226954,-0.36161043525846426,-0.5607242870515651,-0.5701269014411009,-0.6976797666957224,-0.6850207324743043,-0.6088158587468893,-0.44268770998139,0.6312795352563714,0.7028752448489854,0.6303981787284221,-0.5122166485043816,-0.3430741862040249,0.5699165810806448,0.7069234461933882,-0.4424727264268085,-0.5229945954495314,0.671931971800132,0.4721219049960331,0.6890727730944762,0.5788288477865906,-0.30263874937471047,-0.509198246067541,0.5307495175499275,0.5514373568840727,-0.35760046821071945,-0.3502326197294129
POM_Q1,0.21739484084061375,0.5563138498422137,-0.6470505356310449,-0.4358969622246613,0.7199689573328059,-0.743730766172805,-0.2884500054639028,0.2800245948777996,0.7391922394798288,-0.4990769451538537,0.48126671428381,0.011482818058929242,0.6931891189801407,0.4393241912567113,-0.4844703581079196,0.32392498344929277,-0.7861060289396313,-0.338835140675385,0.5890248619396217,0.5308606632759735,0.5999474845679433,0.7472592065837779,0.7481174828678279,-0.6673335334644185,0.5941091240042249,0.6449144715178444,-0.49850580955636026,0.4099081638294122,0.71634787695945,-0.09173342502917319,0.47668207234034715,-0.023139410232829647,0.7216081966909935,-0.4506678022455006,-0.37051481044011536,-0.34935995371144024,0.4866360819385273,0.3617689896817128,-0.7583261366103295,-0.11240738679097015,-0.6129806923954078,0.6068670440393414,-0.7895552359982858,0.40168393725547136,0.6308139577670789,-0.789839141624693,0.7870413615644207,-0.3929288038932416,1.0,0.8188172034764984,0.6556416323739842,0.40578063892978344,-0.5610952708724137,0.5704081255095075,-0.6947572301190668,0.7147293296744778,-0.2146901690154848,0.5876319120668985,-0.7467939117347935,0.6674450818267871,0.4939264394414852,0.7276082915516506,-0.48330433297106246,0.6432258847424432,-0.08151502548877616,0.3919786969429193,0.6686310691015929,0.21083821872623393,0.7814846865534189,0.3091246281345551,0.6834197786155778,0.48208382017812934,0.609784173618704,0.8858650050063894,-0.27316796420974426,0.5444713996399595,0.7856328748927317,0.762953640456742,0.529826034544295,0.4219983658133826,0.7312631701003476,0.8387401356604637,-0.10088219323221453,0.5552914307846988,0.757564083648887,0.6457247473949166,0.17049680038420642,0.726342900966471,0.6376044374035332,0.7915918508350682,0.7513713686276862,0.7699072691446005,0.748426674580014,0.55563181463566,0.535522586037657,-0.5347977474548802,-0.5271903681201886,-0.26286293957204604,0.6597694604236177,0.4346725035215647,-0.49604028113458987,-0.4817639430127164,0.5879133436759454,0.48047315282937203,-0.6676898299547771,-0.6068218608763286,-0.38748952083810567,-0.6698331304166278,0.46823360224069055,0.47911194131259727,-0.2793031889544252,-0.21192760685459971,0.4607977243677387,0.48543982904914895
POM_Q2,0.3889697357247647,0.6936833619010498,-0.7447437546861413,-0.34713635823114675,0.6269132137865743,-0.7098336411787447,-0.2004772383406226,0.4065569809976084,0.7009856218591841,-0.5200360228433866,0.3871465764182352,0.18822920452896236,0.7608128594905561,0.5429377894468443,-0.5306205244874149,0.48978676741698113,-0.7134423861323138,-0.3671872881872955,0.6595873675508579,0.588991574364704,0.5558396171950832,0.7420898285619814,0.7667826181970846,-0.7735554813027774,0.7709577070222324,0.60317124589556,-0.5071594809097943,0.4459515317398931,0.7941315039480188,0.028198725623359414,0.4859307740428544,0.03553587463150976,0.6924726216981631,-0.5001139415957684,-0.37204697436943646,-0.29268321777852696,0.586462034264364,0.32095269751328026,-0.848891202627953,-0.09232704486873122,-0.4947502329137937,0.632180752923007,-0.8433593793695421,0.4922785855937603,0.6802552857750448,-0.8252257550291638,0.7514325677478984,-0.46769210048349147,0.8188172035814539,0.9999999999999999,0.7682212795969247,0.6246006779503326,-0.6060836426003307,0.657820666363627,-0.6486989889315483,0.7761275941970718,-0.20492853399010377,0.7113079973843282,-0.7169115408511783,0.687127524281643,0.5045871681396539,0.6505259481407011,-0.5080939770869788,0.7780151601654955,-0.024141111639193566,0.403398353386351,0.5870913009947277,0.19648562248204565,0.8652771080187809,0.20629727640683773,0.6517654963992712,0.6294184130874042,0.31426538372697316,0.8278625841242305,-0.07566102544392593,0.6226519025253776,0.9214784961020988,0.5676372154040873,0.35752545816406334,0.4744946403629148,0.6909333381934549,0.7427032458817312,-0.0660552472585085,0.6020297402935143,0.7751755598970425,0.633202988073852,0.10780689815999547,0.6409612468741799,0.3667050023251446,0.8452300970679479,0.8049097639842225,0.8803001771819174,0.7807595413743402,0.722915827440066,0.7319087009148335,-0.4437017171907274,-0.5072377652962647,-0.2501842944521136,0.7303246491964909,0.5090528085075219,-0.4758149855342371,-0.4289955952408036,0.5916695741462215,0.6061216307492638,-0.5796066523123129,-0.5307249320405776,-0.40610211694560233,-0.5334284586306508,0.6450883112122503,0.5635498317886873,-0.21905954247171905,-0.22220566819330698,0.5772286297981148,0.6319156485603639
POM_Q3,0.5446935826106878,0.7226954893775279,-0.6952298622975013,-0.3743054502148502,0.6490799407393062,-0.6590587839355295,-0.1960446489695607,0.45510715419383485,0.6752567068356612,-0.4965707739634862,0.46506412621614407,0.16261543330493083,0.6323904127802826,0.4446663625943591,-0.5167910002549332,0.49054710213790054,-0.6699372354830688,-0.35532221942686026,0.6014895922124145,0.605148950140127,0.5850171609824678,0.633557319822937,0.6588917522816145,-0.6953664236955754,0.7165199415441791,0.6368689600373549,-0.505182662508642,0.4909219745376453,0.712221704632376,-0.05997399015920165,0.4978457807577895,0.013688958660093807,0.5950726839635894,-0.48529979087320063,-0.21653298506036384,-0.22814364697127898,0.5966957894818359,0.3758831051405962,-0.7136522575177491,-0.12455438584738282,-0.48648694681238835,0.6366106074577004,-0.7176771656377171,0.5257923509819805,0.6084038368197624,-0.7225729294430382,0.6611584589701667,-0.21825766854044382,0.6556416323744153,0.7682212810608025,1.0,0.6984497292058556,-0.5121049884591184,0.4890321741397969,-0.6156727974658333,0.6069049666846376,-0.257040912356034,0.6263990139228927,-0.6591365415799011,0.6526325706527304,0.5647303771169826,0.5802171493587689,-0.4820488467181969,0.6785381398526213,-0.05038258342894268,0.23418838779359763,0.5453298627536194,0.2396223660796237,0.6833068907731247,0.24947848594339916,0.6104551335248595,0.5971401533454669,0.3184318999373597,0.7896580472896233,-0.0833747804935789,0.6175747815711949,0.7833064595269965,0.5752588721902574,0.20255440607179706,0.4723813106677229,0.6485024784732825,0.7431610837275435,-0.16495839167509926,0.530630510498118,0.7141781445299362,0.5782179634041322,0.06109154307185327,0.5974447745675957,0.3485019967099454,0.6897618556062547,0.741568694288029,0.8035848334252687,0.6832053393390264,0.7245589369356451,0.7703021509086836,-0.4378912554014308,-0.4969200492774347,-0.25653144616663626,0.731605883728344,0.5083524857367945,-0.4672350847730825,-0.4237476351783524,0.6162373976694092,0.6182459902083204,-0.5625053183883129,-0.5360544357320367,-0.4017603627627049,-0.5301313174962021,0.7071059664168772,0.5761117814345347,-0.2144056106109093,-0.21714601893078345,0.5954826467172752,0.6839862890835853
POM_Q4,0.4878595976896626,0.6569088640086997,-0.5415030636925695,-0.23200160310720158,0.5476166519124309,-0.5785123313253937,-0.13939396392831419,0.4912121251258561,0.5732334896884812,-0.47480722152808663,0.30264535487095645,0.29573234965613016,0.6340122385441608,0.5376208956304795,-0.49919362223437924,0.4986467726481194,-0.5285757702977847,-0.2932680302490752,0.7058054055318361,0.5886058884027803,0.5313988043020823,0.6097747195724188,0.6340606781935345,-0.5489808697751642,0.5465100501225396,0.5732229209984956,-0.4727510922433576,0.4737157613207058,0.6124391058281792,0.06643477584245094,0.5342670572204634,0.08517789030873057,0.5875539255518472,-0.37388768480206186,-0.04971610802122816,-0.08825654805387628,0.6157276273437976,0.3372565956064711,-0.5659398294345377,0.032963384384387354,-0.3034201281053338,0.5788795399921836,-0.5881259074534557,0.5073731053050405,0.6085426949536924,-0.6019038518256126,0.672864190797166,-0.0783067762321665,0.4057809077803788,0.6246008771984286,0.6984498807020457,0.9999999999993281,-0.465306624275771,0.5834184587976409,-0.44882366055597633,0.6348834566365336,-0.1844709182917751,0.5784614569395812,-0.5318768822859777,0.680602208146083,0.6011205994222026,0.5107123597893557,-0.4035469612581112,0.6430339323198953,0.03754146598207481,0.33921632055848333,0.384851703416239,0.2515679121291683,0.5963988241575608,0.33000286949690855,0.5139837999280805,0.4788324437328617,0.032437007026803494,0.6118417180036051,0.2010878354024277,0.5570172774187849,0.638919526179854,0.33975456560380113,0.10337193899754998,0.4687845690767938,0.43105411327046916,0.5163398851728446,-0.05465404858479621,0.5078469457989487,0.5913952684343154,0.3974935570011303,-0.1807008008214554,0.47902550433277546,0.15648290872214235,0.6482547265416652,0.6936907851270087,0.6913149587595598,0.627339323864553,0.6098907976882295,0.6731224849137589,-0.3382396414421365,-0.45032149869485305,-0.14372267702758001,0.6530993817023211,0.5307045869319956,-0.33614118219082995,-0.27244989198723946,0.559116323404437,0.5863004086507292,-0.419427403579265,-0.42420509273187246,-0.3168379119590595,-0.3780411798280521,0.6302531888685978,0.6040400718354293,-0.03456831557057899,-0.06108581128559963,0.6240386035473422,0.6444608232486506
POM_Q5,-0.1779932282343715,-0.5061923258770227,0.4880509580990619,0.30867606430838684,-0.4482107678554141,0.7723615985549599,0.048355940827613964,-0.18446328392159114,-0.4614303314707754,0.42294494690088774,-0.3463020907027322,-0.061044692835355255,-0.4204756244081011,-0.16318425046156998,0.42324660501055383,-0.17085189669758452,0.5705493811732123,0.29418107686529027,-0.4117636479888422,-0.45768936722684006,-0.3928231899363365,-0.37038068269134383,-0.4350182935787341,0.4992506812941001,-0.3931212468967221,-0.3773374524992358,0.4182805340743162,-0.3409584508255632,-0.44485352727743205,0.150753178780685,-0.3888492582784613,0.16949005690917726,-0.42645485968797137,0.3788181824113159,0.24619623759953582,0.1511307086764135,-0.30867057861563574,-0.07397298998832799,0.559492416014812,0.04245152809017546,0.41137891457303144,-0.48787135474954124,0.6237904888000327,-0.3801197862302112,-0.3642871136075826,0.6317150974695115,-0.5641426358597713,0.2615884395943986,-0.5610952708859797,-0.6060836429140196,-0.5121049884419736,-0.46530642818461715,1.0,-0.6001413974123018,0.6036181104898498,-0.42208035717233733,0.2831543355341112,-0.4612211875957689,0.6369346558770368,-0.4580304356690389,-0.2970557517911597,-0.5833311471978306,0.4820408968572792,-0.6344135756082568,0.1844650753360216,-0.25501560714144406,-0.4693194534958656,-0.25163980637226446,-0.5175238611277101,-0.20243875342991668,-0.5468043208469021,-0.3855026283488539,-0.3065533700366222,-0.6776153925722657,0.0988391998250081,-0.3976189018477045,-0.5999624225270861,-0.48983553277612213,-0.30746250545250997,-0.39415264104980596,-0.6147176504443908,-0.6646822870846925,0.007334525270079235,-0.36610205377863214,-0.4407308761017774,-0.5052571939462814,0.06724753075262913,-0.5744227724251911,-0.3743267943307319,-0.48844202653828045,-0.4853330869890232,-0.5394670098134915,-0.4542272358677951,-0.48536179994307005,-0.4028516410298557,0.33926636724404224,0.36618136269216267,0.24771724599557673,-0.5211208276257073,-0.4017143167736147,0.33360095975814846,0.3040636307662902,-0.42435535408450387,-0.41761356077278283,0.47884894149846613,0.408346638744159,0.290200794677277,0.4976625098459114,-0.36163695125803297,-0.4274498796140416,0.1286066676819781,0.09304303333254432,-0.4111257071192739,-0.36680537395232693
POM_Q6,0.011177566782905875,0.4304083327408236,-0.6013155084067221,-0.23901589831471692,0.549577570470139,-0.6839765913858573,-0.26630783448291734,0.2769633235387394,0.547691164775411,-0.543345493261206,0.43105535065133227,0.1279899076960786,0.5458000249815803,0.3609693265633678,-0.5352685677360945,0.31562351147548906,-0.6381489428424143,-0.3789320104914412,0.6250057978644062,0.5248162874655733,0.4974461961333766,0.6265779629416743,0.6213216247693021,-0.6576149083312322,0.3222248262706936,0.49944178045877163,-0.5128386805096744,0.4275602964223024,0.5901928829968512,0.009981377277532587,0.5310685240165308,0.020021609261442332,0.6257430523123444,-0.47579995533508257,-0.14897664499754606,-0.16868850204883262,0.48987421781892315,0.28481450817900844,-0.5430045662461754,-0.1023152267802282,-0.4396441322864326,0.5685240704463308,-0.6076933809243962,0.46282476128369304,0.6714075289828405,-0.6422249075658113,0.7141583318974777,-0.16228843772380294,0.5654201226599815,0.6488569367714893,0.4766414608834372,0.573861519263903,-0.612328173526326,0.9896112616854379,-0.5666269199399516,0.6335698529761311,-0.1723069945038451,0.6702447143626831,-0.6365009900069761,0.6632079298669928,0.47010638741363586,0.6621231148843228,-0.4664321420155417,0.7943601180466187,-0.0413801734154371,0.4367772009218096,0.5456097870629357,0.18857358210107866,0.5935206013923547,0.2731298987669142,0.6176428056644884,0.2155441616995962,0.3622828691413072,0.7163877428842345,-0.0014744787288180974,0.510227194237218,0.6603915026088911,0.5400710698258074,0.4448020962075681,0.49875618166354574,0.5816053797464911,0.6722016937914781,0.08352442282822678,0.5936911052153673,0.6062695186161687,0.5527647086519536,-0.029719964792152546,0.6318643607604201,0.33934569502346096,0.6423060338761843,0.6003944907994562,0.6311963216975871,0.5698949975998553,0.40965789328183433,0.4356934889332028,-0.4338346004658651,-0.504158885866389,-0.2648899192715052,0.5478297449130908,0.513503516948085,-0.4697296172155799,-0.41589695020467365,0.5400145108762162,0.5352746843072524,-0.47532055327215705,-0.4660508058760379,-0.41904706712727174,-0.48215933880109463,0.33096693968294116,0.5118542443884453,-0.22804259978434527,-0.22107268412403883,0.5242518382136246,0.46803946476858826
POM_Q7,-0.22441644614950534,-0.40282044933779904,0.6032636579038575,0.47223591656820735,-0.6225639951280684,0.806514356620426,0.30898853574342255,-0.39356476316761324,-0.5984590458798805,0.4802609044904059,-0.384720901126379,-0.09501331872456999,-0.492954869603215,-0.2780120933109102,0.41047224871915367,-0.21449410436852062,0.8621590573209559,0.28960131641429865,-0.5168873631921507,-0.6145935683935879,-0.5754377001605931,-0.5625845417276287,-0.5911001032471315,0.56958135173738,-0.4443261583225039,-0.5454587859055495,0.4101112307710718,-0.41180041906289716,-0.5394985802204324,0.23879122937214783,-0.49145775474961906,0.14838240644867834,-0.5757433171458628,0.38004328947741317,0.3802785092060894,0.4388154171666112,-0.4858629455918655,-0.2902854473365304,0.744839738407898,0.058961111901638635,0.6081059674399372,-0.6655219363666046,0.7933123349565838,-0.4990806022793998,-0.4825178410290083,0.7987418541900735,-0.7025280775752427,0.29284553707971295,-0.6870209305099644,-0.6402523450739259,-0.608963920403089,-0.45274610317160013,0.5894648251773089,-0.5929127182867839,0.993831284870656,-0.5637328158652819,0.22336597450254983,-0.4798841724631989,0.9209601083158759,-0.6182575132356432,-0.39136331012471404,-0.6625911950144063,0.5068039737698878,-0.6428763538685973,0.08343032490720075,-0.12271164626264153,-0.5214909355516661,-0.17772807806140084,-0.5529729001595527,-0.22109385126408365,-0.5899536182747094,-0.3853172067080166,-0.33171963786786723,-0.6967847693221974,0.10942126813587628,-0.38320110111958394,-0.7305725798047025,-0.6305237557797142,-0.44564648004918617,-0.3154753612912197,-0.7150214981472058,-0.7251306254529141,-0.0035263209607506903,-0.4596578075819814,-0.6746598463733489,-0.6211702035466005,0.13567309772932057,-0.6011841284815039,-0.3552215017152467,-0.5852894103840509,-0.6011981586664084,-0.623618023190978,-0.5710328959304213,-0.46116668537256755,-0.489302823894188,0.3835831867153725,0.40407597602867706,0.21890182621441354,-0.7190857292672064,-0.390090752344463,0.3585170383979688,0.3809687376516733,-0.59203577254742,-0.5576175116320514,0.6710009378802052,0.5640098200122775,0.305432776963246,0.6748970438539678,-0.41125995665510817,-0.5813697324724266,0.16065746123394706,0.13433821597383436,-0.4490928064959596,-0.5445361752944143
BigFive_Q1,-0.019463655732353646,-0.03482562252604002,-0.1710437985845617,-0.24775692633279733,-0.042154746909489796,-0.2275203904363598,-0.5053437479025659,-0.016793314192280875,0.0033541937757851775,-0.2850570883121938,0.04329067021677235,-0.244358433473263,-0.5308652111462787,-0.3260804083729155,0.21155050878750487,-0.06183922473376008,-0.20912666101032182,-0.33256240590429276,0.04445797191209991,0.2532806113547636,0.0740708165321084,-0.016297000717157006,0.30594459664020546,-0.4015590414963239,0.019192565421824917,0.1784201887771348,-0.1578063763091297,-0.12244008697882275,0.4815716629050756,-0.2982731925233918,0.8573859709601794,-0.23961244752716274,0.12841844101752553,-0.21503250106411353,-0.3102220747248233,0.3222295995007962,0.8409933305943345,0.19957809424954115,-0.1234640438900618,0.5142148856510746,-0.2883433427754213,0.8154486994608336,-0.23521906409712007,0.16600351920267464,0.14386890251093593,-0.19222615296031278,0.7952062119335849,-0.25195728173928356,-0.056581536290106205,-0.38567114283034315,-0.3563385060717458,-0.4156738812138051,-0.21796006036381294,-0.3969105127974548,-0.27998020528527395,1.0,0.5409636227371671,-0.08816521925323477,-0.086872479095077,0.38675235220838367,-0.7051069451870633,0.23158812209307147,0.15393391648205934,-0.4159860694645447,-0.4121249201062812,-0.152538927319204,-0.21571601613360863,-0.3472444030592903,0.16121294832439254,-0.0029280880097327794,0.412617382785726,0.9877904021606133,-0.3902590425958473,0.8592905996676947,-0.5819920058805736,0.9906250196331938,-0.642190455778643,-0.12700689054395328,0.16474707756254203,0.45155572093252927,0.22701291215060354,0.6460755811423657,-0.07522507007005423,0.09370358091860112,0.26859490132965014,0.8852441678002156,0.6859043247545551,0.28672484302135726,-0.23086079504861534,0.17340698211892702,0.07587170135710841,0.5088544386533529,0.4730946765504777,-0.4022609898670928,0.5125024548320702,-0.32506652218268683,-0.4402999098341326,-0.5421852582690679,0.5804549946220607,0.45843254784258414,-0.4131037033164987,-0.46022388288681537,0.48731671667276566,0.010203799540821568,-0.5101197171332932,-0.4882991464309359,-0.35074703041038474,-0.52152183043754,0.2865078240822847,0.1680335684588766,-0.15916780506422026,-0.36690836548693206,-0.2564708915752227,-0.3306312148110648
BigFive_Q2,-0.09519908906233143,-0.11722641631621175,-0.2802950879332558,-0.014343244609298138,-0.15182309537143898,-0.06229788666491237,-0.41783917601656595,0.18207868357212167,-0.08094145339366707,-0.17727586451140864,-0.047149186115348414,-0.12298229703186861,-0.47812455673484044,-0.36469447696865187,0.06636908237503217,-0.051068278595830595,0.00922486349693366,-0.3677464859703232,-0.07499450358092716,0.16905965243166024,0.006832004290275376,-0.1421188700024359,0.3466304701731513,-0.21441154943670623,-0.10638320012851352,0.2534088462506672,-0.19547671883772566,-0.3369095325073695,0.4984983341355308,-0.14301663415336624,0.6012316185315599,0.007195399464425073,0.059101056534842974,0.13919230687904222,-0.05036563082409898,0.509762888648401,0.5774549584899948,0.46889993648819694,0.19390153983314462,0.5200130752515683,0.17146179709320347,0.44914615549652415,0.013030126155078592,0.1969891918989386,-0.0870767709664904,0.02566137616928535,0.39790038355985813,0.001168329240150895,-0.31313668408250855,-0.36851424024537516,-0.32939852662591523,-0.3992029961419902,-0.17151317773515487,-0.39036199898002216,-0.19818110099348119,0.5409634689357221,0.9999999999997856,-0.027477776877341466,0.1486304447886198,0.3530258288782609,-0.3987327090323781,0.037125896687045724,0.18992706806120874,-0.38778500833646057,-0.2622145545216651,-0.18402777413841426,-0.2902252769170298,-0.2805816971503513,-0.00481222147981019,0.18637691701548503,0.14186235210301532,0.5313998746739345,-0.5083081786933643,0.4983749619435901,-0.5960468546492013,0.5574960040842118,-0.46545914304471797,-0.5501365596182867,0.08191331579316886,0.3975478622415468,0.0185295252461078,0.5542486422472266,-0.09052396456952566,0.12602499025388844,0.260369544753741,0.6436198200461094,0.8687112805818975,0.10886831065789943,-0.15093479919271718,0.10166235187636152,0.1213556940825444,0.14425625979429563,0.24035213077098475,-0.35911417281862157,0.16012169878710697,-0.32533508687182155,-0.4688606087540226,-0.5141847650858343,0.4514879220816585,0.4463647073447481,-0.2065419577643015,-0.3996073652820338,0.19949285900338803,0.0835992969446471,-0.46080420464170513,-0.5032693597550884,-0.36160016667316774,-0.46809287299117297,0.08968516579766621,0.19175804439084712,-0.1990379531880539,-0.34549928049236944,-0.029381070411604475,-0.2191715081134066
BigFive_Q3,0.0460552548189774,-0.1263416376384823,-0.07484798564928292,0.051815496559623454,-0.06129352238637674,-0.172374149518682,0.03910687223036284,0.1366550411678113,-0.10644731673259698,0.04286399698657773,-0.0805526787038817,0.036376970444671274,0.1324165325116467,0.048355550584889495,-0.11389023623642505,-0.0801334383025628,-0.14125186439017365,0.1531836588487453,0.4865943045258036,-0.09084009989981914,0.07216620205128303,-0.06247801722033047,0.018088329334792576,0.02187214252250392,-0.08473841339897177,-0.011075224104144389,-0.026016968595415878,-0.030807042228391077,-0.006410510706153172,0.016420829419075522,-0.12185627549768507,0.20052273563649464,0.37773166147816783,0.02429245411943739,0.001063081591851589,0.030130456479759544,-0.007818300682714715,0.16277520015809815,-0.06057063904108165,-0.039764003217048774,-0.031598396972143346,0.07497701566134363,-0.10703968091673982,0.5512325955992851,0.34419905774274084,-0.12545700873898802,0.048084622200108354,0.0517367045526446,0.1673111715606923,0.066560401433221,0.05387046496537126,0.08587854679068062,-0.35205563008738244,0.06427908270971626,-0.34415244177247317,-0.08816525124652555,-0.027477749147608026,0.9999999999999676,0.031033683334259737,-0.21379483536365443,-0.020862185001005645,-0.21498351691693388,-0.3582523703577912,0.06272312721151947,0.10956124694441607,0.11056921186048282,0.5257218198140854,-0.14747907391332243,-0.14350064609875018,0.38514939498801853,0.46257820576699127,-0.0989868943900053,0.32162836945966217,-0.009171086392095434,0.30778627092284355,-0.0914364201962797,0.2347857152695468,0.268180745420059,0.18360980650368697,-0.10856220243475011,-0.18799202416867253,-0.1127676159670351,0.05257174577325506,0.32516027545011456,0.23943026333884918,0.04878662917888357,-0.01879569251319933,0.4916754891143019,0.7248415279422105,0.3738810762772019,0.32199966598481405,-0.06650722448503602,0.35313091404673747,0.09509116188750584,0.35195849221345565,0.12083041278172697,-0.052719092848301286,0.030907358280775524,-0.04778393229980832,0.1511323453714143,0.06483485535914695,0.023818581033024956,0.35165519951587587,0.0505438005775505,-0.06232851162932916,-0.07336527499798419,-0.04332636449218526,-0.06007989837718922,0.0632773154340658,0.15161830033235696,-0.010409421248961478,0.059903829371762016,0.21805187970555312,0.24217525142341328
BigFive_Q4,-0.19072015735579306,-0.12352579714406214,0.18724460545527832,0.13493324351389227,-0.14525874906564096,0.6494253910121545,-0.0034035279565764742,0.17181670987545977,-0.0759500777032379,0.3409544858912987,-0.02965821555424976,0.05632850621314725,-0.24579727630110254,-0.39452420999131765,0.11204038911397535,-0.21711933811001877,0.8170221085193543,0.17047261258267352,-0.21354869913330987,-0.3166706802797231,-0.26189054616559826,-0.10955660640812798,-0.2537730686978187,0.5343393831533434,-0.0992276352415903,-0.24341695828359622,0.024596010762628587,-0.20937019428096257,-0.12731479549790803,-0.03998903555855689,-0.19503305856744602,0.4702754720243095,-0.30194854376039426,0.03539267471983219,0.7783665404541604,0.4786742477255015,-0.20164333005416007,0.07561002076399947,0.697850752259471,0.004624935316661666,0.1134542816718554,-0.33929105875438137,0.8460298473054062,-0.270139158589777,-0.41982020978334644,0.8254712903297413,-0.34990316954989575,0.7871654708125684,-0.40579634643579815,-0.46075785488707804,-0.4924701514452064,-0.4484878326247439,0.652500515235021,-0.4851158298683421,0.7286469952255292,-0.08690007977334042,0.14863958671643795,0.03101148212794967,0.9999999921083831,-0.2269687961236344,0.030609996850963342,-0.14396366166021868,0.08002152429720741,-0.4248881189459708,0.1512941315884194,0.03828170634774852,0.05884339453083364,0.07209778840310238,-0.14440101941812275,-0.21993878764935304,0.018967363484054423,-0.06708066457852482,0.11655861898759591,-0.25885630693269523,-0.15592376234945265,-0.07520700261453442,-0.0730782046297862,-0.42998899620166986,-0.0440184277610765,-0.23653994785524984,-0.2033733536244614,-0.07808568173280915,-0.019206909273160558,-0.07537697722807572,-0.06434286845788736,-0.05153788254625713,0.09438922130682467,-0.0034901700111003367,0.00399440319132522,-0.17112597974672966,-0.2661664699387525,-0.5637048612338555,-0.37527307480802385,-0.11321316727696945,-0.15817687033746247,-0.040278417691059304,0.11650135028075242,0.054707844054163984,-0.1888774554814052,-0.21492616652738572,0.12143633817588073,0.35186285340243395,-0.23333951113360754,-0.06398980476230672,0.018241066139906392,-0.004998905617087157,0.36090396804015923,0.0470451818500931,-0.17605000892569883,-0.18182996121529968,-0.0409856909529046,0.09577409236072269,-0.1547838340993934,0.07069264371485398
BigFive_Q5,-0.15212228822179488,-0.1693621066723295,-0.31233978933724516,0.06610073844493683,-0.010677334775045913,-0.21483443231990668,-0.5192812422217994,-0.06112537110021064,-0.19471315512932857,-0.36099698043307604,-0.18627097194478662,-0.3495711421312054,-0.295616808328258,-0.1301004334643764,0.08014560455480284,0.20370046169632772,-0.2566591363264343,-0.3729569630822123,0.10381632326214217,0.23499873648988462,0.043369752828112146,-0.13978436434234576,0.43516812602427457,-0.3110903468197902,-0.22001150168750838,0.44412484925590084,-0.14510346767334634,-0.15522718845213182,0.6847055661438259,-0.2848115288996719,0.5362181866570419,-0.3074367580488292,0.018557374324506368,-8.712580970880734e-05,-0.3011245439711916,0.07783894257994887,0.456583237985748,0.2311390248263097,-0.1857120999672935,0.36431158339524217,-0.0636990088580595,0.5650397158944352,-0.2758292140330374,0.13556436640605904,0.12834281574140996,-0.27032935716766154,0.49269483206874315,-0.30129374668607967,0.0646482553832347,-0.006451584791154954,0.05682933533592531,-0.038342153720157805,-0.14765948555296504,-0.04532611091782174,-0.22272296855050686,0.3867522540645118,0.35302574050293367,-0.21379498044814396,-0.22696661417513855,0.9999999999998965,-0.2730181247720267,0.03144205564962646,0.05136029029396175,-0.050267434547769614,-0.5959338405821856,-0.220969390941106,-0.1316361496979931,-0.11363562488281828,-0.06846776030688734,0.09056094869298406,0.12163614672791616,0.3660113227850307,-0.39418819511705094,0.4902588669064106,-0.3798983153938956,0.3976711748100308,-0.3458256016686001,-0.15812845876683132,-0.24878169132544595,0.8662404149782852,-0.035692889543301215,0.7961862761120222,-0.23542009807040043,-0.1359960835164316,0.1811056594747149,0.38390407548714034,0.22539032048954055,0.09484201832922548,-0.06803425853562532,0.17270471992729866,0.05512192706703817,0.574166751181296,0.5280537800242343,-0.13198253308092106,0.10694848001175261,-0.3420105948795295,-0.3515278329997476,-0.3901425247991097,0.48562872407190366,0.37824917178684775,-0.23424208092523263,-0.36364762986911847,0.1194335812173449,0.10465430333015024,-0.5180905293125919,-0.47963118643707403,-0.33451790779876583,-0.43011392198713017,0.2662234921448883,0.34793700720064186,-0.15995651184147722,-0.19528756245650195,-0.04237676197497573,-0.16434822154595802
BigFive_Q6,0.007548802611389467,-0.09837599307288085,0.1294064315713221,0.30789397683087943,-0.10652685310455298,0.11903523476966504,0.3335928263135779,-0.16206257370290073,-0.1182197575565043,0.30933797574379607,-0.15306804526495937,0.23120098419992755,0.5433601670450197,0.4351191583486255,-0.04275383703571615,0.18961892381677373,0.11349773906092327,0.32497007051770216,0.02612660227389329,-0.2702464796652133,-0.028070256820511064,-0.10979063472684969,-0.20232017485873788,0.35107090094080723,-0.12307279641889116,-0.22360076001798335,0.3003289308016617,-0.1885165627216869,-0.3797302939538073,0.2625205539145014,-0.6648312469825342,0.27852279287877824,-0.06938290564310656,0.1827206816099548,0.2434661644561555,-0.06598070280895665,-0.5837180716137655,-0.08489122453577101,0.052636495792443797,-0.3735412084177772,0.19717568558298842,-0.6080693293210943,0.1538452901512048,0.002415865322488414,0.013944859783558916,0.09450836008175297,-0.6169564184790377,0.20357641816810135,0.02964642324740349,0.47078723694855135,0.3911123001879267,0.4807725151047202,0.1587169610379512,0.4588968945629195,0.18680424492037234,-0.708225908461982,-0.4088517605733818,-0.01413131829333901,0.03132080037458147,-0.26656865779156236,0.9991166609010896,-0.2233552597220865,-0.02771852728720743,0.5108394319371926,0.45292507034841345,0.1058756092642362,0.2341553708869591,0.19925890317517483,-0.07152185592405574,0.03417073408378181,-0.3474663062713159,-0.6993882336315899,0.27366632622547277,-0.6428257631011907,0.5374515149053356,-0.7051080784290704,0.6357258176605511,0.044657542729968,-0.18961201128113248,-0.3325463354035517,-0.2069902317181098,-0.4542742840361406,0.16235153050995682,-0.04728984129936188,-0.17098864982564793,-0.6965725805769617,-0.5737875418538955,-0.26901669882532026,0.10526995968064431,-0.1173991501766262,-0.08339079295729987,-0.3027247399858026,-0.3583460256527145,0.2802687847323274,-0.4139252816495307,0.2135150281741792,0.18660504794758132,0.38509885350312395,-0.38119953341344043,-0.1899360636343732,0.4314257699280495,0.23012530945809212,-0.3290597856280543,-0.015939390722022904,0.4764635742455906,0.41197665411663775,0.11711631346564191,0.4076107373825036,-0.14649148204166437,-0.04640676207118039,0.31027043876742566,0.2570153707942384,0.29170091778394897,0.22304619923324698
BigFive_Q7,-0.1817091977183715,0.7032865393646847,-0.4031095231280576,-0.595583698458195,0.5860941952396178,-0.1042419195087727,-0.1989241264178025,-0.14274239834179978,0.7198232796682407,-0.14492873071562584,0.7122063706302397,-0.264437223581667,-0.22274486846752628,-0.04402248101314041,-0.22573081623005806,-0.12788955942161678,-0.18017989540446433,-0.6145936377185496,0.15588769454351176,0.5589404910579658,0.04884831651278588,0.6866580364631575,0.195855344652618,-0.011454570788341598,0.6939414456326852,0.15767834022241567,-0.19835613839572602,0.42764781469146884,0.08556692069167149,-0.10845952261157626,0.24316551847729875,-0.28466540267257306,0.1502733246786901,-0.2732965731016987,-0.20364784160837046,-0.10681839356057905,0.16579875594420163,-0.03883442061721503,-0.1307907512227857,0.23246315749668747,-0.12682614683140844,0.2763056137720393,-0.19035289681917808,-0.04033047784790521,0.14769165886669533,-0.16396937055180477,0.27144192266810113,-0.1985841622700705,0.006802231878226567,-0.02936322712429805,-0.016382110271459423,-0.01795969945988099,-0.16025569126937642,0.005122428655340142,-0.08949151184131873,0.23158804067462235,0.037125388438803086,-0.21498347776540938,-0.14395846981172541,0.03144221774793929,-0.22720276536592643,0.9999999999965037,0.055642764914609094,-0.0343107386189434,-0.20250239082632746,0.12285133703500223,0.0698921135318859,-0.1882674093643137,0.9108317809065574,-0.0076194708300554165,0.33952106179273545,0.2622420691040441,0.01483742727087306,0.2130886815605454,-0.05496644567676465,0.2325029189704813,-0.2569494722309485,0.10018329466578632,0.636244356123341,0.2320619790460186,0.9416208682290055,0.2712156324114302,0.5957015599280042,0.4165696709005874,0.30810540970445544,0.15816957762866735,0.13520145002766715,0.28839795901511245,-0.18374183049683745,0.03012637304353155,0.06091413636668205,0.3251226686135733,0.14631452064462927,-0.16846278659203995,0.08080870750037349,-0.14619196030545914,-0.16849036695963907,-0.14493132495401662,0.1468267390520663,0.002034667978002655,-0.38768006421376094,-0.36544698994090913,0.04344077576163187,0.335847742219281,-0.2597002278166492,-0.20711137471630114,-0.23565280198695276,-0.19828344937293885,0.1331009467273236,0.3263119528763265,-0.22597975064692077,-0.3278033013210493,0.022509615002348035,0.09113611754147072
BigFive_Q8,-0.1430331320199488,-0.0769174684525182,0.12805398795821565,0.06058333426973507,-0.13560927529241618,0.01718455595966121,-0.054495647631443545,-0.0737849973138668,-0.0448357890997714,0.0006065114341193348,-0.01859500003963062,-0.16785218827228482,-0.24515822906156443,-0.3151876618443009,0.1650491170704405,-0.05744483690212829,-0.002034762318899347,-0.07199087607049759,-0.47772534391004684,-0.12123395545593041,-0.1276569550388813,-0.1037815528516743,-0.14573103077322178,-0.15584582745575948,-0.06337799993396065,-0.026325858029045607,-0.10794306949828071,-0.19563161769460383,-0.0076450625222480445,-0.14884154698673274,0.12288813152124983,-0.20443721410995042,-0.2755067091627418,0.03951310074212002,-0.044808435669191515,0.12841491341766967,0.12539525519214617,-0.0018492714538527327,0.15635137541724498,-0.04592826551734689,-0.010727942726311362,-0.009887318579944963,0.03598578867128328,-0.3230489749941936,-0.312972509658804,0.018067552269561304,-0.056422647450572086,-0.02989864592636831,-0.047237393218465554,-0.2930153349762818,-0.22365441211610446,-0.31424865553480735,0.15091432531040547,-0.27036381562845674,0.11479869490518813,0.15392491489456206,0.18991943310736492,-0.3582446629737403,0.08001256621030797,0.05135325454248423,-0.016232204595547986,0.05563415266942545,0.9999999992538796,-0.2865843426903836,0.16012654140321259,-0.16335963831918024,-0.2363923940209443,-0.0051968195135402295,0.029262965304319544,-0.2046788679700045,-0.19555100377484927,0.12388310876268244,-0.2208774169906335,0.07470103923223692,-0.31863854000726954,0.14463845132086336,-0.19293137153093526,-0.3074502351704789,0.031265563800734864,0.08614642108275852,0.02537950559999555,0.09546899711299431,-0.07334959562100607,-0.10250774510985167,-0.008172706533933628,0.124622979652542,0.10863311698699457,-0.22977862970581348,-0.4027388021979516,-0.22201968127322463,-0.09610982112758218,-0.005746764043222063,-0.24699639537321744,0.05774842951294698,-0.08415604548232719,-0.28595743989132194,-0.059982717045409854,-0.2122496815456873,-0.017521405923929492,-0.061578022019288324,-0.10950029026517082,-0.067617132219683,-0.03894879048602607,-0.005166357092056109,-0.04455369699678978,-0.13407360485738365,0.010068896759724638,-0.13143985681350975,-0.06813049303201117,-0.13743383858544608,0.1280884540969261,-0.08784108309820304,-0.061864204476064125,-0.08976619466633212
BigFive_Q9,0.14632061615607095,0.027526497348837317,-0.03512326372260008,0.059017373341169535,0.11078490959620627,-0.12080754599238712,0.22471114648482665,-0.15768355865606873,-0.03246378801458201,0.041844828807692136,-0.08440383097697896,-0.02116325637700618,0.7361684742915209,0.8029208779562578,-0.10302348000227028,0.2776975950335554,-0.2658375276598133,0.08727071807242068,0.5366599508561979,0.25777351542417126,0.07209364352538362,0.03596986154087392,0.07545532078425579,-0.012307041784416748,-0.047141649966649504,0.029491870265682632,0.24224901910237384,0.1181397171577413,-0.15780025995688435,0.40087926174382926,-0.32938037017453226,0.1617929188483024,0.4913282051625795,0.11831538494665497,-0.11842274768085442,-0.4557356631459011,-0.2778919357484355,-0.09140775371399681,-0.3536763412415639,-0.25404380212310584,0.0802501210650498,-0.1571746743599092,-0.26651678658902883,0.29432112398767346,0.4387143319199037,-0.2898189665165877,-0.0912936262393719,-0.19622140065530475,0.4869220938907717,0.986152186568398,0.9338254765580656,0.9860377948144847,-0.2718000679621049,0.9828461797484636,-0.10222045465784191,-0.4156455269456595,-0.387433279701194,0.062485385603007454,-0.42445489692642124,-0.049854891928018286,0.5090314442188091,-0.034916294323702225,-0.28592390746194785,0.9999959087341201,0.12099174826497638,0.1502751287658,0.2561279882288901,0.20929904604071065,-0.03200809365210027,0.2673359259464585,-0.06330512348794798,-0.40064388556068653,0.24850288303107695,-0.1547839978011384,0.5543674543788709,-0.40867779685366445,0.46941322973950095,0.523144771439016,-0.16129727101052302,-0.005445005551122126,-0.014220605333572,-0.23282578065345325,-0.03727739605623289,0.041510614638159686,0.01291264235951441,-0.372645610209808,-0.503571044715451,0.04465122765352496,0.2045790447657974,0.21919104585915306,0.26506640244144364,0.25236275104630757,0.1022651282317597,0.4433791130236512,-0.13197064182460633,0.40916427606251216,0.14676988247429823,0.30350898601576887,-0.012931793729318786,0.05503230404113496,-0.033730047248595504,-0.002687487074839609,-0.030809551065698326,0.1731824522312722,0.33506341343404655,0.3442383172040221,-0.051190958128281394,0.2743260106714338,0.1001867340033258,0.1756594371532132,-0.030778357308201422,0.18043726456682996,0.5168217255975363,0.4657252828589127
BigFive_Q10,-0.0029198708661261202,-0.009298868114093951,0.3078573242820414,0.3000095961406283,-0.11847332149511372,0.1603925159962035,0.43925594243866106,-0.026204688801778238,0.009415780153925218,0.21536229923485314,-0.009151272703479332,0.3594014069477321,0.30851999961224785,0.082581973514219,0.2790351792451245,-0.11969608738782582,0.1632537281998288,0.4808088295412967,-0.21791189088039425,-0.31244585820735565,0.037371055004595796,-0.035940673554835115,-0.44531022017696775,0.199315169647789,-0.010258133231360475,-0.3405808597488193,0.19434073896787785,0.014690526494690312,-0.45519815947527814,0.11452118480046267,-0.4996046820351068,0.12973996300512186,-0.05804920777970937,0.031240811567817543,0.20966692900724257,-0.018011789782741303,-0.3998662426895118,-0.2826851313208174,0.13198405003567099,-0.39788552469735683,-0.008185779546319112,-0.5425862330441037,0.17039468494199234,-0.1437443106026628,-0.14620635575428756,0.16643051892480687,-0.529131642792666,0.17124646710411204,-0.07737260639200919,0.07285204190269008,0.028022930683668686,0.07293694458452152,0.09821820529425526,0.08142332626335186,0.15290612856775784,-0.41212490935487656,-0.26221468190016395,0.10956117950585181,0.15126471337844696,-0.5959338114500151,0.4586524988256202,-0.2025024137165167,0.16011967517082631,0.12017122894758037,0.999999999999999,-0.02779902009917362,0.247324746230998,0.2359189336648397,-0.05351531028309514,-0.02240247836914753,-0.10283826301174974,-0.42476944381138604,0.38985058347577306,-0.44084367343064107,0.43258088548848295,-0.4169873303502728,0.43394544183154937,0.154534053231288,-0.13757285420060525,-0.6075183077372479,-0.2129347644214345,-0.6022137880804153,0.1406761458523975,0.02440213439686556,-0.06702318581624164,-0.3892876979869588,-0.22307310724230875,-0.025649295823701068,0.15028372701881232,-0.19779236246590876,-0.1052127225623012,-0.4262008024427175,-0.5918479859689328,0.28980046998114545,-0.2707252658861792,0.35726167424999605,0.3402364044070191,0.40269406266736985,-0.4524542433556615,-0.4378237958350479,0.3925925026272903,0.3929860588214482,-0.15548285427624114,-0.26550304059934815,0.6274039100443599,0.5350086050692795,0.23272882992606725,0.504968782429382,-0.2340126822914078,-0.36353068930166343,0.26197505284481304,0.27580847628426164,0.08760045905632344,0.013855893073300735
SelfConst_Q1,-0.15994570039256362,-0.06313880416208949,-0.420929138607807,-0.2879446671148628,0.38339465941720924,-0.09566137621557691,-0.5198900524814742,-0.4875210798169617,0.17481460914014513,-0.16702000825420124,0.3100688878238041,-0.24280608235986306,0.10666259889533382,-0.316790383547481,-0.17699437530424475,-0.19747426231876047,-0.177670783671755,-0.5835855995044886,0.5341889561500512,0.3210513749214999,-0.16601411686096512,0.06197394122386821,0.08913934486424643,-0.4418554731520288,0.17651343079227907,0.10877225884128316,-0.1889952350911186,0.10294546488776762,0.3107724176388703,-0.4466598024697641,-0.2114325849756403,-0.328655026123657,0.513949984272644,-0.06410603184631013,-0.6030850346250276,-0.19910823799732605,0.628451410523299,-0.04769037885555892,-0.6207005162460749,0.12022693321878997,-0.527501693554981,0.52527152814816,-0.47328757141215794,0.16655439995252425,0.5129256437520864,-0.5101212826474577,0.6829006390825911,-0.4546019057694543,0.2601497133245605,0.17150617364744514,0.2612709000127026,0.1283337243457521,-0.27303291635124083,0.5640297233746154,-0.3097541075622115,0.09525980720773566,-0.020410445760552134,0.45849696723608707,-0.2267547763289779,0.05581659170864918,-0.10790630267206094,0.12128376676474947,-0.3531844159451354,0.5432042777322159,-0.26334049381919894,1.0,0.2800042580596186,0.08879573596877041,0.4760083958151032,0.1890912903542894,-0.019911681097212433,0.0011397524685584637,0.13611393209759032,0.20775356917541837,-0.10069118769188662,0.17423890869685962,0.2767024941394601,0.1684016135320633,0.06950215580008205,0.10796879536995119,0.10653205973546268,0.022729681288188162,0.08438845285670984,0.2869233764130237,0.037822966627635846,0.034540924056152514,0.0133362459812012,-0.04814056194785944,0.2632460420931868,0.19890294310678291,-0.007336999790944286,0.6536503308878576,0.5895011011678449,0.6218748748767919,-0.17399433163380934,-0.3109710223046904,-0.19290333312687247,-0.20978573494488623,-0.030812009717759686,-0.257615618678714,-0.3227153156533362,-0.3317713930378452,0.050137994516109854,-0.14782144771132164,-0.24426641080604772,-0.24369824349652347,-0.24005518412286217,-0.28174683800449307,-0.11205208790617044,-0.028513075545215094,-0.41165119880019224,-0.36717861910387567,-0.07315949599160368,0.10660780922192511
SelfConst_Q2,-0.02278723337096035,0.04451355454451909,-0.33282525989791967,-0.2670411783818225,0.23174746525248385,-0.023713051462584275,-0.3562455556559318,-0.26575318964588407,0.09247612860932722,-0.1483276329225746,0.12056316111317689,-0.27822543919045517,0.2044627115254911,-0.21719475751551917,0.2016799222367392,-0.1666490492720744,-0.14187866452966133,-0.30793320884462566,0.46018893646742637,0.0835439135502801,-0.046040720807704216,0.014262831662808034,0.10130123183981346,-0.4017756028144671,0.014815114646746397,0.10790647931611094,-0.17814192319352695,-0.09127635773480859,0.3003132758672213,-0.2004120802723622,-0.09308166262170034,-0.2603898831292309,0.4382545831899922,-0.15348758616435865,-0.38409367655851134,-0.3408844987881102,0.4865173705558466,0.03172665170596667,-0.3320752883207574,0.1376782554756468,-0.22987646766346287,0.36513264017098734,-0.2663184939365568,0.21053452211410625,0.5012049563198018,-0.29196028077756087,0.48067187856691324,-0.2572564145810732,0.08465734350714568,0.09695623813934531,0.15644993324563583,0.17848981895111493,-0.26829217491355395,0.4365305157348367,-0.2056490104360214,0.28932214669650425,0.10467006515832991,0.4247624209290287,-0.19109418976522904,0.20638167215047945,-0.18548192435806354,0.010207824459406462,-0.3104708217021271,0.4267525126359079,-0.20331684288021895,0.2800042616907351,0.9999999999999412,0.09076325520582702,0.32602673286346184,0.15768242347465067,-0.07365101346343743,0.18996650275860352,0.185429907714262,0.3440282324840904,-0.11816578482831103,0.28877795746133444,0.1774648320471227,0.23425474050579875,0.2947083742968444,0.13560258760959668,0.06204995965530428,0.1779618312625601,-0.13686955224306038,0.17041084219366354,0.03996192078253352,0.048666355279285256,0.23899686993537828,-0.12127808717406334,0.24154629497016983,0.1859169473167162,0.1779973329543234,0.5045166131696854,0.5291075105874821,0.4228380970032749,-0.10817934914228038,-0.08829371186257055,-0.08322299460367748,-0.03283169356619454,-0.1534758489801313,-0.14891694042555964,-0.1000224831995036,-0.08430204065505018,0.05013974072486261,-0.1553574216092146,-0.2415815135533711,-0.07556808833232215,0.03279394238286178,-0.32796203360855275,-0.1111659124114836,-0.08725447794447713,-0.17551010999835426,-0.02676043423172743,-0.0810275297726887,0.08616623819116107
SelfConst_Q3,-0.21791063279770662,-0.0418468859701768,-0.025625239816439813,-0.3004044226659699,-0.08220712214146056,-0.14443294998481013,0.0006709387772894093,0.09598123908064218,0.0356080387694348,-0.12057733541856608,0.1547907987305257,-0.13011057933925102,-0.06910406660081868,-0.17047613445341875,0.14564508429048967,-0.06571734779675084,0.06654604647517717,-0.0485108412550973,-0.032569198826829224,-0.15695838595601141,-0.26836327179726965,-0.042648672690393075,-0.0794992329802728,-0.1650445388011696,0.03464220440930796,-0.14877174916998306,-0.07893328309424961,0.05695245725060215,-0.015767445310839512,-0.20697711401729738,-0.317492604078265,-0.30658153775275865,-0.0567178420841803,0.1379959942983995,-0.2608674065459964,-0.2483605036735784,-0.018823450999857515,-0.21733426954826268,-0.12279428565499212,-0.1142643736002533,-0.04740782461058514,-0.06196978245652651,-0.13742304086686524,-0.24795862174380232,-0.05500797657129475,-0.11935064399914881,0.010488876155115734,-0.369133766106035,-0.23907861153005835,-0.22303233094394448,-0.2149083155221729,0.013322576060617694,-0.1388761650403812,-0.02928565544963498,-0.18370667958716605,-0.518546723265969,0.144228690430549,0.013670920089011203,-0.24293325199929597,-0.42000882910376064,-0.19819722647962995,-0.00802363281807597,-0.14955829445657723,0.003546497656666918,-0.15545263681846005,0.08879573857698515,0.09076329751648457,0.9999999999999998,0.08984031833449521,-0.13774154194197175,0.02740502111191962,-0.3455094213862108,0.23135174543898956,-0.13893129861435283,0.08339501870450834,-0.19245311175323926,-0.023396383992318748,-0.10919010647570113,-0.07659123865195429,-0.25083823209488765,-0.11525283461120919,-0.29780312815632143,0.20875680549032433,0.05998109409771391,0.0005603034961859377,-0.11490711766006637,-0.28538437322855903,-0.021772292760506018,-0.09685634637950878,-0.2643583859691348,-0.19301758591757318,0.09803274481265548,0.0813699122336189,0.135428875890517,0.07095833236907173,-0.06329212963758976,-0.22231012463721048,0.13370655212368182,0.15039566567315776,0.07288744475179904,0.01221375441969999,-0.05878582070929658,0.041583777980212844,0.05975024898254416,-0.04487582356535519,-0.1370695343016053,0.11425998246848867,-0.08505637233518351,0.14215302770544208,0.21270163166657283,-0.02511829332761946,0.14407706033381334,0.10122528926401334,-0.09845971683033539
SelfConst_Q4,-0.08333445191844555,0.34428119024093834,-0.1089465052868917,-0.22335303169802606,0.39122300373664964,0.42524705308112265,-0.1465449133371109,0.049193833058690406,0.6051243907194339,0.18993289759194326,0.5798073592615096,-0.041132455371295444,0.2783497596328879,-0.12450447823235825,-0.056342354347097064,0.09148547901422849,0.26988560892100755,-0.18866152781226023,0.29768480619680004,0.18556565950889575,0.19425863322478035,0.4211938631732862,0.3606990337854904,-0.05296222559470779,0.4297392957200247,0.028290566021779498,0.10725580137601047,0.2430521200661689,0.12241993921188057,-0.04216885207371568,0.11029605478932396,-0.016886480998807157,0.25184118036065534,0.10926253404463036,-0.24321309485446937,-0.037868542362386626,0.3637734807574418,-0.08526839340313092,-0.1385652434639043,-0.06498066237525865,-0.035629863300916866,0.4696937497640571,-0.03602983430504406,0.016907511968987973,0.21406016737617212,-0.10987641767552694,0.33969547110480053,-0.08070965118286608,0.29441775157354166,0.19349861254847187,0.28018862875081063,0.28303359646619053,-0.0052033270294760126,0.5454933314824459,0.07155399280560154,0.12926381528665226,-0.011888196732940049,0.38688144297444654,0.11936108653340621,-0.0550690738982295,0.14616386960077263,0.47417845888118276,-0.25998324204925627,0.55165229405668,0.09177534614728061,0.4760091859833286,0.3260279297596897,0.08984046934071549,0.9999999999914533,0.5861449114316544,0.16425370155206115,0.029873590619818396,0.21615154948624915,0.07875161934308947,0.10365560626902645,0.2153123357592613,-0.0834687006473246,0.3280592358568166,0.22492335579689587,-0.04554837226393173,0.3275576261749949,-0.1073949356120458,0.134233640533588,0.14476117137181074,0.11697210604629296,0.04832799586406476,-0.029325148628763523,-0.06008743616912632,0.46073297532488816,0.1554015640512617,0.30462251049179145,0.4587909546301069,0.2638971955816685,0.3910731903306628,0.2080341005629657,0.06327753586538218,-0.11771661653759469,0.24252743767459528,0.42076475395093316,0.24773606122686886,0.03138301538804211,0.2069785589067398,0.4546067595650666,0.34410988240944873,0.062000169595743726,0.07608046885256264,0.21747288045568366,-0.06156301795001682,0.3300978983824236,0.3805982044443901,-0.1791704921474218,0.12815274068725352,0.3398921766790897,0.4984511633115343
SelfConst_Q5,-0.1893055302118488,0.4209311083123364,0.022752176132914248,0.0940205245179351,0.29886619966656475,0.5616875166802054,-0.012107935305658693,0.08592758666199488,0.5473516739481286,0.3304684441302428,0.42802383409050626,0.02782079531107766,0.3173708242608789,0.032019400621857624,-0.010681226234823649,0.20438203721424705,0.26530775994035355,-0.011490408220175719,0.03384524600447276,0.04093124764362187,0.3453999247009663,0.4435826657055334,0.4459870451327203,0.1654851259444236,0.3255897051465415,-0.0764395804956479,0.09059410526707587,0.24690422400498283,-0.006420952397241844,0.2617975223089013,0.2522496654859145,0.2777592604226189,0.05134601701377084,0.18948152923741363,0.13305676552698084,0.23099772933868037,0.13026235880685216,-0.10765501731567018,0.1719193136392481,-0.22133191436464913,0.1580146898388959,0.19566069730753338,0.27700094474364056,0.06230758947701383,0.05807269281564669,0.2027814573335429,0.056681963122271806,0.24109754124496688,0.16472224012674616,0.2013455987211197,0.07877805095204791,0.2905009755160696,0.2243038791013705,0.14234277055306022,0.4050969120661273,0.08836956409143633,0.02636132493881921,0.10912395320989715,0.3202150020455192,0.021750794777369332,0.2668434147754619,0.5154857221630417,-0.005264754979316381,0.3497315654551395,0.2700008091441688,0.1890912903403005,0.15768237452942846,-0.13774154422519494,0.5861453494279176,1.0,0.301846552365131,0.060913332634849396,-0.07000532642748228,-0.10901628877560085,0.0946094540853527,0.17320562198767345,-0.23580924978984474,0.4654169753884871,0.09507254750132552,-5.484816767431511e-11,0.4923935737526359,-0.021356818674127448,0.11654235884005575,0.11645151990454661,0.39668772669479524,0.035210896604636735,0.024011035577337303,0.07735925796240692,0.6220254417004969,0.1847251280579773,0.35955552376879385,0.11253880073155732,0.027050816885685697,0.14598183741684578,-0.020055819186029805,0.14829438794083336,0.09549587305264336,0.4857990490106805,0.35703258645600244,0.1819204971463524,0.1461220246904456,0.45912206125190363,0.1893889134064095,0.27364644718544445,0.16506050461549138,0.22646514027008474,0.35982937756998357,0.19360636439326356,0.1550465256032295,0.21963095519164472,0.016335679999358428,0.15308185097596422,0.24355218318045319,0.3998008730985292
SelfConst_Q6,0.008580437110656303,0.19192315525194906,0.2425317674857495,-0.0409940159410042,0.12613904212138335,0.23824040986711797,0.16742700296668728,0.33376273562373393,0.15483478716101748,0.36665217404715666,0.26329198411631705,0.2606599631886809,0.17927147706608157,0.055057405293037154,-0.18302160360860453,0.30436466272067236,0.18588433598343573,-0.026576860990556145,0.07810952482536544,0.14316766776117054,0.055696626432320054,0.14861537525432733,0.27777315486762016,0.24274460157655317,0.1128752072483134,-0.06995980422625912,0.28367129635500143,0.03242668505306738,0.04149494617240666,0.19269364511988224,0.18448371878611314,0.12863838275722966,0.2066978693777476,0.24616785603039706,0.17037420063383296,0.16616065130976726,0.24291158944710783,0.00809204017210017,0.09748638875545351,0.0028388518363088033,0.19507126375271636,0.17461199564457675,0.20851240132813084,0.18176165892907323,0.15523017550040194,0.19351083994613982,0.1980424193212332,0.23220658387680573,0.12410335174172066,0.011147907053446872,0.16179764310139036,0.09475136598938458,0.3015314511301948,0.26586841938483535,0.24752369137646113,0.21237287060295262,0.1669318980594598,0.09271790382263034,0.24441457804993566,-0.00839204363440215,0.26198046309169454,0.10840666990128066,-0.06448486362903019,0.3418863453577325,0.13764467489230228,0.027029263722175068,0.05184106496966375,0.0356866411430551,0.23979698846901576,0.18024602339511492,0.8616418549879346,0.20133009200038063,0.027025851006692393,0.08266931182319925,0.0021600438715528164,0.19018605064526034,0.17858689521950463,0.09563409734634093,0.09163103907263805,-0.0105049700651315,0.15423910080302658,-0.10532193364240566,0.21463776857227224,-0.02791659790633425,0.03899276399730262,-0.06683900685019135,0.10552058380226519,0.5272657874014791,0.28263112380527716,-0.060144697717589055,0.04663372391969818,0.3365328643618851,0.308432352273419,0.3884870549665593,0.4009140525248908,0.4185136464157,-0.05977967835546334,0.2106282130690808,0.3431718962366914,0.36449866996595254,0.19019128992344567,0.38922682967124766,0.38421444858392173,0.18339764719510113,0.38172099546957067,0.006919404350998359,0.40947121035184364,0.19084282296469987,0.310329608969085,0.21926486909991993,0.4046545898357584,0.3837977131251969,0.29477375524858684,0.16605258399402872
SelfConst_Q7,0.44535453395342955,-0.1837896669699457,-0.13352203746495372,-0.02286027757163546,0.299017156424404,0.007196507500116522,-0.002059467080503574,0.02312224245680959,-0.12626310760284304,0.07396122268584304,-0.15776871547688748,0.15386315547129215,0.27258285612634126,-0.025179439498614335,-0.05815122213583723,0.10287199438032629,-0.11986070120230563,-0.051168372755256125,0.491746473329592,0.46963192641557083,0.05450194475780625,-0.1681235823108635,0.3092040927645331,0.02216405825880024,-0.13046349791982675,0.3005383946656299,0.035031358170735036,-0.20066146591915557,0.28253352804094933,0.08309858010668908,0.40049933477421173,0.08038052466638651,0.5225348887784079,-0.25717832626463105,0.08783768832121874,0.04152611925250454,0.46238649546535504,0.5592846277186873,-0.020510061210507607,0.5220242196031089,-0.0019255061008156202,0.48439299650237566,0.07431361006291297,0.5779970646380068,0.46284182189031553,-0.019981841905397507,0.46409276342270867,0.18552136760654175,0.5359813584062366,0.4697709436721151,0.4860425077877557,0.26058741383943723,-0.06241085271742638,0.37800961173810016,0.03918983742363559,0.7903902694688705,0.11311599664602941,0.07449726408156383,0.12843297267161136,0.6251046013467659,0.340133511467667,-0.13858534663184408,0.013868664349234963,0.3621659262957358,-0.011577043297765287,0.0010688496914148388,0.18996768398775496,-0.3453056430762792,0.029863233408884332,0.061094388538217026,0.27245131451034177,0.999995902315057,0.005378048306815306,0.3517961570579158,-0.10455057097798079,0.42643964906435683,0.27941941541724835,-0.00825113589758928,0.012360273399895427,0.43724899030033704,-0.061028175666482914,0.3660455479011886,-0.4351859958727332,0.010723974669026165,0.1650849902298283,0.5620796236522165,0.47132766122748576,0.3785285154911986,0.15889012068373953,0.42236744409306826,0.16941568810188284,0.35856250788771515,0.3817280829322176,0.35723991556929907,0.13036386483733264,0.20949151568685614,0.025053782942090333,0.04857871714932138,-0.19734863096325345,-0.0873264662602195,-0.027197130624575676,0.21146355349816945,0.23370362892941243,-0.1976307765421236,0.1496596545261697,-0.04390900261942836,0.24036926216293766,0.03473141207838279,0.0034867959825471834,-0.08947122143243808,0.3363844433112473,0.15300563722893276,0.07230421514158426,-0.1070465601681271
SelfConst_Q8,-0.12807463751716394,-0.005884757745805214,-0.09190812544374985,-0.3747617982085522,0.044213309188259234,0.02920804101755528,0.028765424855584504,-0.037928229277035555,-0.02163530820394207,0.02363985844414361,-0.09787822212013397,0.0811965504464328,-0.06866206508897676,-0.0975457439477684,-0.0017175053680251323,0.1364751569313582,0.17505255196310082,0.007574378329421063,0.2182998872287921,-0.08100310469521346,0.07353994945119816,0.03641319621874181,0.06683649323715742,-0.12323176251908743,-0.12633266602001392,0.048339846387494806,-0.057921895903828145,-0.20890594248219052,0.04084442427607887,-0.07657403826290907,0.031509729101488755,-0.14194640370500305,0.2634573786209178,0.05785787292757408,-0.14331070038525728,-0.24003426144249923,0.23291393290313886,0.01892089989837558,-0.06941257208299711,0.06073420795366631,-0.024425204417010255,0.20472697658279143,-0.05676459097271032,-0.003252279288620097,0.17735260841736133,-0.06939959675073355,0.26199731061348874,-0.11058492443562724,-0.07680889143849134,-0.10773729495616903,0.014941659355436818,0.11820303678988159,0.16402831172464027,0.22633552620121475,-0.01024961026347418,-0.012317831359884263,0.08272752004761585,0.3077693947238809,0.13688067371734763,-0.13110914228158005,0.25676899333384223,0.02254634184010637,-0.21934690094361114,0.31448759988057134,0.05326301984741862,0.1361139321896832,0.18542996515032978,0.23135174657868707,0.21615169498828174,-0.070005326401163,-0.031597616057556455,0.0055907859937070065,1.0,0.02372771431777857,-0.0074741421671678104,0.1070224491954105,0.10059471693819101,0.18479460011594023,0.401440668689434,-0.006923637133530142,-0.06690639857580752,-0.06339013232512776,0.1560778993515186,0.2280202499543051,0.058514042844576966,-0.01141048209214865,0.09348460835684672,-0.1337204315493012,0.3123404156120463,-0.08029739511641026,0.11567401933039093,0.31981338797586323,0.33302573285168535,0.2774552641200136,0.01107440253919164,0.05919174936296248,-0.1289222205008994,0.25112563714680264,0.09444213994509669,0.13887244645690888,0.04956421948744609,0.06461622591154985,0.22266062791619762,0.2071449017870059,0.14937686347362183,0.005673840791777015,0.08816938294391968,-0.14217686050996725,0.10576160764910951,0.3688804235248345,0.10837338748040412,0.12779153664806445,0.17358487812783735,0.2973577680055336
SelfConst_Q9,0.3778029678029135,-0.37543287067927744,-0.39718061180965264,-0.1359575967182665,-0.01750083970253173,-0.27820148535564315,-0.29815092013261857,-0.22217732672593413,-0.2855557940504123,-0.19081768248693082,-0.24964864670197168,-0.053484870021332426,-0.12324222290383667,-0.3727143453685329,0.019055911049000007,-0.08078304633966671,-0.3842049179063949,-0.2560766440543669,0.3926719388450065,0.20621506222321778,-0.259371439019355,-0.38886399890725787,-0.09551165996168104,-0.26949096245414794,-0.36345884873352907,0.21134690159450048,-0.23629519096575405,-0.4267598738754677,0.21021303269640265,-0.20758453365337032,0.05334110559689162,-0.16921945226727805,0.4618414936988055,-0.2964431311392287,-0.25522343985456325,-0.23389157301615487,0.3727228505993462,0.36655269645991373,-0.2923933809814592,0.26357680974504605,-0.2754391658381895,0.3407681762461444,-0.19768543825902934,0.39619664159295487,0.4234555576148108,-0.2804245925290311,0.41386444363619296,-0.15423730187773038,0.27453551798948517,0.18926968169975508,0.30401409192787604,0.11313612316085618,-0.4056032048234075,0.29835137690685687,-0.313513081302332,0.31012187407826897,0.3246589766623391,0.0835893113092144,-0.18421653769538687,0.3226587130920703,-0.0038663083147467275,-0.36592632771011846,-0.02272878135502232,0.08320610053672711,-0.10941671805758638,0.2077535691883451,0.3440281637483806,-0.1389312992174856,0.07875039958602628,-0.10901628356510637,-0.02762074418582211,0.3514347345772202,0.023727712849811247,0.9999999999999999,-0.2482229038577925,0.18162348079840782,0.3042231747089292,-0.017527682731966997,0.011252837919288328,0.2662464803847416,-0.28285214451861723,0.48070463685935944,-0.2467596872589488,-0.036181069071292156,0.06786130776209359,0.30631714947304267,0.17435779166519338,-0.012180346248787305,-0.13791401375806303,0.18552415524157875,-0.07672177614870784,0.4903782917391285,0.5174579509753763,0.4807798727023229,0.062290802458670705,-0.04626701083937991,-0.132306482581528,-0.3502385516997215,-0.33188361486588014,-0.20856200364774943,-0.33233708721377864,-0.27798159714711146,0.20993391200136324,-0.2502617641283292,-0.21323892894154634,-0.22447749656404686,-0.1764854305154492,-0.25484657170711145,-0.04425598334910452,-0.17270830049800429,0.03959222922549423,-0.18188571383170948,0.020917615129051936,-0.21619560951114974
SelfConst_Q10,-0.0754688054502034,0.3878663650105243,0.3755470037558103,0.06429123600709709,0.20083471425814042,0.40531024518369607,0.20767099415358095,0.1743142995790627,0.5255800583285382,0.3617145736553295,0.265366781111534,0.42740197705226746,0.28663836256048797,0.3549224409410026,-0.1071539504499966,0.3871923686922785,0.4512615377927107,0.15963523925383824,-0.09125035656244379,-0.06984391786560469,0.24335737588543066,0.4542018908204689,0.08566964654893461,0.30611401303700925,0.3579595609092655,-0.08225519468514561,0.41653040144787834,0.35947719503863257,-0.0005279543808271586,0.2211036685112171,0.13611601360423253,0.23300027492140227,-0.06111280462331553,0.5363250204837982,0.17548292993394077,0.0300131432022125,-0.07985769472041118,-0.02717140304415953,0.11013208255587992,-0.18644715113337967,0.2271983472557943,0.0231853326109261,0.1819039134926936,-0.19955758683650732,-0.03673570882469872,0.1533374733836122,-0.026325019914017075,0.14934568052350686,0.10985345494149797,0.08810447658279191,0.1362679638424084,0.22952657110211427,0.3623503741354175,0.0861662829788773,0.4093569792083034,-0.17496785572996099,-0.08832061032995102,0.17335654433697764,0.3136802467213255,-0.23855740751118665,0.151888465360136,0.4729185317282111,-0.0423515315840297,0.10797857602283853,0.12882341991493876,-0.1006911877012501,-0.11816575719123501,0.08339501990623367,0.1036561563813655,0.09460945414462674,-0.06404334630372521,-0.10451454740576552,-0.007474142151410984,-0.24822290225909374,1.0,0.04722155267532353,-0.22268177127601274,0.20586022650184324,0.18001516705712955,-0.20095323224579031,0.22800610146458988,-0.3212868974229709,0.3106721565861409,-0.01302503230359578,-0.04046555754836964,-0.01772243011166182,-0.2606136447560451,-0.0050987299236719755,0.08672147897617545,0.13346604880375595,0.20519805886852965,-0.07285566509017559,-0.15056645664168525,-0.059242691574422336,0.1807887899548705,0.1735099250923207,0.11578438262709756,0.30914186095854057,0.4506600509597353,0.37070317651401363,0.14012438856225146,0.31575762196921925,0.24341616947713487,0.520795093351224,0.2323157459269983,0.3570144923412408,0.23272493573801784,0.17382248001193387,0.27839957939082643,0.4171901048782494,-0.05671672702043401,0.1800929885074495,0.25131537085948663,0.49927730544283944
SelfConst_Q11,0.45580281075041784,0.17752087055016738,-0.04798226408899163,-0.055012019804154245,0.6039421218711114,0.19808231301284873,-0.09300533243470825,0.054482010375050516,0.09577397996934037,0.31337228115608273,0.06368403169574739,0.09286194673156964,0.5073173150683282,0.1258046535473184,0.024817658339862436,0.30882174893701164,0.19349353976341419,0.029772387972036088,0.5473847225179139,0.6077358751106707,0.22666858680259347,0.1958152427336281,0.4809827961840585,0.11649952589122818,0.16934541113739307,0.5365056110485611,0.1472941644804439,0.10589958076013373,0.26776706695372593,0.27259446784085384,0.36857061282160997,0.24314898100788546,0.5415415012405016,0.05334733484769634,0.1311488575547819,0.15305653632744975,0.5303855623251212,0.2635732713772844,0.11457466484862013,0.5298598818556355,0.15332805229731858,0.6023348856276445,0.2812540060791955,0.48321170290145277,0.49377885953557343,0.1792805793795954,0.445305993645964,0.1450550485374723,0.5573339072629813,0.4832910260318559,0.4969859944736741,0.45001675696013566,0.10478680318102462,0.5002926694079968,0.28429019299507646,0.6511618563656354,0.2889158718865196,0.2611495562413502,0.09849922586850296,0.5825820276543343,0.2195959308204433,0.28294381708054733,0.05638562238259679,0.5077883461079349,-0.1649580603312626,0.17423890867514044,0.2887779123050575,-0.19245311199809928,0.2153128015546815,0.173205621945441,0.22756229755760216,0.4268509425800735,0.10702244912361233,0.18162347997658881,0.04722155279727441,1.0,0.10359694032008396,0.09259483563968333,0.22566101860153975,0.39495303950253385,0.19396441988522212,0.24353187321792563,0.01640653196683279,0.2811159805654487,0.1297348845585952,0.33198408488624,0.22056295698341455,0.23792386596608553,0.396575571464892,0.47649547156047894,0.2114617038120875,0.4081502499990157,0.45920938389197163,0.4159878990234997,0.20463022447828072,0.1836383641396227,-0.01054859801921279,0.2571493854352466,0.01995103759792704,0.04593094931931556,0.0018889599628921158,0.35738081521755255,0.3569221165425045,-0.05079147618653548,0.26596684389834235,-0.02611269892471181,0.36539227248743933,-0.27045076937462026,0.239270842787858,0.03072492484705762,0.13928312327129586,0.2078685328752114,0.24065508646721484,0.1233674817205444
SelfConst_Q12,0.09575745432622015,-0.43975704752570155,-0.352832966345469,-0.2318214171863302,-0.10623430261261728,-0.22432887631869108,-0.21579148062576753,-0.2931542084573785,-0.27938980386370327,-0.1466343318454814,-0.20618863096621443,-0.06361532839987515,-0.06840418065489015,-0.3423573675131028,-0.002038635122050922,-0.200719143188869,-0.23125399381944073,-0.21563333981889093,0.3343042288339069,0.03793836756898886,-0.19385392632812432,-0.4234305562871805,-0.1908612344234498,-0.32425624031221234,-0.3091427301435421,0.11687486026415547,-0.23919057683029882,-0.35155110512141086,0.1931291159308891,-0.3347321084292047,-0.05411879881714665,-0.2971666966236946,0.3838391918482689,-0.19764819544033557,-0.28944239909038794,-0.28123489023404313,0.3741401250108276,0.2282642741404001,-0.33884198613977234,0.4022433197513054,-0.3377651570441494,0.19304593497276584,-0.3438525438633512,0.27258013159866523,0.33017188952568655,-0.28194108423382214,0.42636655472850415,-0.22609288877875622,0.05589537881288435,0.031226661328688322,0.14083584694791496,-0.025481783971402702,-0.21652240406171322,0.2184288794573254,-0.2254237721798097,0.23586110581752243,0.14923360923575368,0.10736325158366515,-0.01971616832544513,0.22939164828107828,0.14321070705456268,-0.422159184186224,-0.2669202329724955,0.12058369082478047,-0.4236810484007012,0.2767021174572077,0.17746637627422196,-0.02339735858684147,-0.08346919593096551,-0.23580858529598603,0.13112120357582907,0.2795154582029731,0.10059587895000785,0.3042236940668576,-0.22268076714890514,0.10359921488223015,0.9999999999453014,-0.22899694181161587,0.07204801330055643,0.1366469485466107,-0.4355727878394713,0.18805566001129415,-0.1596625103561592,0.276177070369351,0.018474488864610675,-0.06616803776042282,0.35221392572080423,0.07141616233905038,0.04804457228965945,0.18804490498127552,0.06072729788678066,0.5146395069227425,0.5899505985033708,0.5531062413806197,-0.07319471060240211,-0.05092441495529787,-0.061818902972372275,-0.27354000272006607,-0.36721349767294154,-0.26718709080676667,-0.1845842827558028,-0.30662767501240207,-0.0073760419831670615,-0.36475442006571845,-0.15886464629494712,-0.22397571492444163,-0.23644729586632995,-0.08007584800836406,-0.20184608734359205,-0.21891413301587642,0.10619405465045219,-0.13479212542338748,-0.15683509349603697,-0.16019117381801867
SelfConst_Q13,-0.1976262134297394,0.36699012701827927,0.05332553651599111,0.005802886036619902,0.2467474886535835,0.39108095072409865,-0.08715622220407637,-0.01163771709502865,0.4290153687616638,0.2160719911369156,0.2685090147108409,0.263318594699607,0.1039218499040413,0.030447555106158878,-0.04278281540325069,0.25487897262963,0.14716834010282814,-0.08617904575580598,0.0248746121560825,-0.04295866456818563,0.35443830117545555,0.40344964399105504,0.30965717499030254,0.09257318833646663,0.2809354800168261,0.013366649056723582,0.025811683421528564,0.19183754075606246,0.11371895607797547,0.08946213555931117,0.09682662577867014,0.09675786231582886,0.033669599087490176,0.08494447449594474,0.027984861532617256,-0.14143403771930432,0.08822112961253359,-0.2338199981231196,-0.040963237016916315,-0.23408370460037545,0.02008770142748039,0.1274173241312716,0.09517689158472502,-0.05370316699249541,0.10955477940334467,0.007181362150623011,0.07406218809422564,0.1697658390808657,0.027698413617024867,-0.0308314082305172,-0.03748558468167693,0.08947541217760385,0.15675705900830886,0.05612978574195131,0.447301230826636,-0.017557160255766625,-0.056398569339243726,0.09938496218746241,0.3145442880295681,-0.15426184943491333,0.24756483359725395,0.3929552352710023,-0.24084504969827886,0.29875745265099646,0.2590205507734615,0.16840161353151112,0.23425473248229786,-0.10919010705540456,0.3280586502438508,0.46541697536773596,0.12258022611611359,-0.008110643573245861,0.1847946001556416,-0.017527688420185872,0.20586022650556335,0.09259483565137597,-0.22899799729128395,1.0,0.43411680981098616,0.062469926797216135,0.400480692754591,0.004807245765444487,0.01165904008117305,0.1660116914986674,0.1107260460832003,-0.10529872525395544,-0.10307924943551044,-0.04686750271620594,0.5068087313497633,-0.12226193144588642,0.26864011271378463,0.12923697612125143,0.0169594960222276,0.05152001080025745,0.07386169293907227,0.14560793963783264,-0.01723031721048071,0.3475818301279721,0.39805719945525797,0.3109607092354773,0.00408116944128023,0.2562509799182684,0.19984989071692333,0.4157904102749864,0.17457769986725302,0.14818169669108922,0.22138369122216317,0.03406341515450212,0.2328530809180398,0.36466023691258753,-0.054301252703396155,0.08055218383839444,0.23213399686970887,0.48809118373646254
SelfConst_Q14,-0.050230685133407116,0.10446602887073758,0.0015773424255718892,-0.20983478408366335,0.28966243917032697,0.1270364216050865,0.02885047116691418,0.07176454990383313,0.15625021429463098,0.015626332291111496,-0.02527201213501598,0.19478551535322147,0.18052821872219543,0.007121123838263715,-0.07617062604191037,0.2234461095582938,0.0863854728426246,-0.04915472914438917,0.12901847214945383,-0.01587963451685348,0.16725293923861412,0.2041258658019962,0.26459233044103575,0.028050101321134783,0.00947506134182971,0.20470477269777104,0.03893485104597458,-0.010755770177160326,0.03107570963343833,0.08511680969532412,0.07583357239063887,0.03855931486529654,0.1781217722057276,0.10441347236422849,-0.02405329537423124,-0.2288594204640772,0.1434363870273088,-0.06196544792947954,-0.07882899031745023,0.09579654239908739,0.05606519372731837,0.15421920384805804,0.027676353102843925,-0.11559931752503952,0.11991076929682695,-0.033201729522939184,0.1352001191209728,0.10452358974690262,-0.12496477043071752,-0.21259451610621463,-0.17394944036588048,0.09964967769341074,0.09941382225700338,0.16170174649772076,0.33715432446070115,0.04913099619683725,-0.0358968002644396,0.1755211263044659,0.3083616045941875,-0.03189554763468261,0.2180524803350897,0.14885437981630267,-0.17661515101899283,0.29178366185137716,-0.014487989751818448,0.06950215574837759,0.2947084346992229,-0.07659123790932676,0.22492271389028282,0.09507254764319835,0.051905068343157265,0.012550165910181543,0.4014406688093277,0.011252839617202682,0.18001516679830143,0.22566101818839895,0.07204641693344718,0.43411680979746514,1.0,0.12717800282714403,-0.0014231276686814207,-0.007201335814070273,0.18057900928978846,0.28538230968220285,-0.025272315132174074,-0.0003634465117221819,-0.09100646251194264,-0.040878794901087256,0.3696846013352675,-0.0770307180318332,0.1771289107258006,0.16919268492279566,0.18932477572623518,0.1374286712348276,0.17354008860560471,0.1440136587693101,-0.005238608608195576,0.2582896360893743,0.26493762560549516,0.27932281802036996,0.10641708944765016,0.1889897166813097,0.32008175546400175,0.3643491259577135,0.25386565606883743,0.11539781565903906,0.24997241827596745,-0.04691495023549822,0.2679074043821291,0.39029104906515233,0.05848022655226898,0.15880523722298656,0.27871424274009493,0.43426377695122736
SelfConst_Q15,0.5965915531449647,-0.1680347763973382,-0.22335895584750193,0.010820710621838217,0.42919250248448315,-0.12137596641997465,-0.38460127549102063,-0.16377963316843863,-0.15197635942814483,-0.05636378487269346,-0.2589987863431097,-0.03593889769697653,0.12717077486003878,-0.13928979542919084,-0.060344515818772516,0.04387263466269826,-0.31714373383463046,-0.06446149269074022,0.386108708839416,0.47699483315179814,-0.07107267803422207,-0.22099291271048568,0.2842110714799055,-0.11747018679003504,-0.2552384429890209,0.8064169364299696,-0.24187831739168442,-0.2886139547078128,0.38827057925393493,0.01743157354348128,0.44121145260697164,0.016481460687292566,0.5171905632987629,-0.3036855889611745,0.03109357330965208,0.003520970127105477,0.4255448033065753,0.390504065518164,-0.024987594568957924,0.49219789380007584,-0.09206899304801586,0.37137416292484265,0.07004609399643585,0.4782768832775188,0.4919450426104707,-0.05037872256430035,0.3325772689514204,0.13603765667997014,0.39827243749217534,0.3251197837339517,0.25251343883901883,0.07696674577563628,-0.09739318516890201,0.3214946271536855,0.0808139630532753,0.49019667984233795,0.08995178820612643,-0.16570547247080408,0.08716825750111737,0.7029424473569378,0.27814919128442994,-0.2088243775024113,0.009997596821402246,0.22798176444297746,-0.31650640163095145,0.10796879539174827,0.13560253716687018,-0.2508382323227366,-0.045548638618098936,-8.709098026082884e-11,0.08601719477270292,0.43713025549894097,-0.006923637088373152,0.2662464796295183,-0.20095323228496734,0.3949530395876416,0.1366488027752578,0.06246992682402482,0.1271780029835362,1.0,-0.02346807957858381,0.6096283827793929,-0.09961956470708813,0.4140036040009333,0.3259445545246858,0.5249559742610098,0.2178462692819116,0.08545753906851947,0.11096989377659955,0.26223259878908234,-0.0016041804029582538,0.2922114631690679,0.32337447790978474,0.26956518607045327,-0.032505446282649036,0.1913088737004601,-0.002856649005265527,0.08718360297822414,-0.3843414803164765,-0.27270963134860454,0.06416528305574003,0.08149256973149613,0.11261229324181576,-0.3538695349148956,0.012148153433944459,-0.07416955587286392,0.07849413071035585,-0.10847851269217429,-0.01814688664424012,-0.191497059988979,0.33675723587938566,0.016575863378265644,0.007715446527797501,-0.25299089960499377
SelfConst_Q16,-0.06082725030017955,0.801189952131865,0.49225609780624524,0.3083272078527982,0.49296164593175523,0.6093546364839582,0.12901167393332316,0.23058307832644503,0.6797523790375436,0.6285242382020211,0.552202522755527,0.14526645357590218,0.4330135445833116,0.4345973569497683,-0.05165065257581529,0.5476357839049714,0.5094963152147831,0.16626592133492685,0.01676317996733482,0.14467384997817206,0.40835185400850554,0.7593019503857089,0.47728269151906044,0.40294584596990346,0.6683454811343865,0.05770127051618718,0.3579238572705995,0.6485517598446894,0.007768785277081601,0.3618137498325761,0.26007142044027026,0.39672936955375343,-0.030439710971979374,0.5206427841363471,0.25382057425590304,0.33479142978342946,0.04142070766405222,-0.21914982678850276,0.2898112953731268,-0.2534690743614296,0.30653229307660457,0.16815900934117106,0.39301986310782944,-0.02373524451312736,0.01363801260801533,0.34151644683459575,-0.0007687976075236858,0.2443393660192431,0.23334453463129004,0.2564990006345715,0.20260420506455395,0.3317072994527903,0.4853334743555482,0.2956419194819164,0.32747041010974487,0.05713718829931847,-0.0449890891349381,0.022741637879311244,0.2421407088971551,-0.0736200371397847,0.1457805810385238,0.7721700761296977,0.14783110551436177,0.42899536084861023,0.36655442473199834,0.10653207148810558,0.06204991451952686,-0.1152527954815549,0.3275585618545307,0.49239360497716295,0.18051090792209182,-0.061079052456876295,-0.06690640080806162,-0.2828521322193848,0.228006065292809,0.1939644502080396,-0.4355743641138562,0.4004807061198096,-0.0014231190971371512,-0.02346804079936257,0.9999999999999831,-0.22552039834227508,0.2754364870834699,0.056264540768715884,-0.005830707863900331,-0.08134347859534734,-0.0700486155174126,0.1793708464767093,0.47949222408784953,0.12026070826204255,0.23211103720067292,-0.04926506850464721,-0.22010752576345724,-0.10917526651008069,0.024486728883634956,0.10080786711680237,0.14875460965776804,0.3494763312218973,0.43554321567271,0.24589817671176945,0.2634814890527622,0.3894607240882089,0.11312138489079272,0.2606132816906127,0.1328076275729957,0.35924924073658937,0.2979183781116407,0.1521575186959311,0.16200158026181943,0.1734651609925608,-0.06389949316059806,0.1356294282758626,0.1516415993423692,0.3507862441442183
SelfConst_Q17,0.48854536389160863,-0.4518131910159102,-0.3627420912496072,-0.012652674197478628,0.01509691766847663,-0.28449115886629944,-0.3282163155910439,-0.20836102686590274,-0.37736979782203206,-0.23342320427741498,-0.36622688705098855,-0.1446996251859617,-0.08121644288902119,-0.3215162544573974,0.02181395253795997,-0.13900961312881552,-0.5201146565476424,-0.03768190138723067,0.251530640787645,0.2921682158166408,-0.10819068954171679,-0.515962377809471,-0.0020791237358632406,-0.2233932894819391,-0.3561471876990273,0.4038277409216422,-0.37522623143047984,-0.3370950621277997,0.12830213615800623,-0.18369642448827,0.12998404698691574,-0.11669212482730329,0.3840075514445658,-0.389345580821244,-0.07784934355832224,-0.014793547470002347,0.191835718032282,0.37351343101908285,-0.081297907275343,0.39133773684257345,-0.2320780116987895,0.11005937986746343,-0.11431997725286933,0.29380167163764526,0.31917175531969033,-0.17541129929369023,0.193582978070499,-0.025722627230997414,0.2734503206729737,0.2395165476865449,0.20642191695426834,-0.04515511467475801,-0.395275527085968,0.09954011752438535,-0.0980961581352516,0.3432360838863159,0.14408147600475138,-0.04280937064907872,-0.11052171013729724,0.5213035842332037,-0.025532864768635474,-0.3380356689767186,0.029477497772622104,-0.012517360267678513,-0.2966854227752711,0.022729712839913076,0.1779617834186833,-0.2978031108340349,-0.10739567397857615,-0.021356841410882482,-0.08634246034053406,0.3660690925738165,-0.06339011619092477,0.4807046659759102,-0.32128685787688677,0.24353189409678255,0.188056400269079,0.004807266389093623,-0.00720132703594184,0.6096284461979294,-0.2255204311255984,0.999999999999965,-0.3104363349895234,0.16832816629292274,0.2896902786452237,0.32023892700419276,0.15937209495935797,-0.13604079029392768,-0.04280228418477064,0.1517173822272448,-0.05697141109549884,0.24387817920767635,0.28878003672917596,0.19140428283642197,-0.18414162183320645,-0.0838443075092556,-0.1333221822947286,-0.18540990564548554,-0.5338919436987126,-0.3627267730618232,-0.2717886784673225,-0.20918660968203606,-0.14424392958331525,-0.4847815054788024,-0.14629394300288057,-0.2948088101651305,-0.19143211176043878,-0.24384783994582265,-0.21392346041750127,-0.4888134322392114,0.059301697522217256,-0.21193568522138517,-0.24812898521206828,-0.3538085713675492
SelfConst_Q18,-0.21932405326955565,0.3683002219395557,0.24968112025075592,0.03209780142668568,0.23467136209337408,0.27837825333171845,0.09191909317421634,0.1386495804193847,0.424147060173956,0.29245333218186553,0.27838655899139503,0.025087488182412895,0.23466876880751533,0.1745408603654171,-0.31528204732902193,0.2767052750945337,0.31464401413154597,0.08370197040408098,-0.09661988281357436,0.0766765178858756,0.1403492518876141,0.36763051178537876,0.3057321145023652,0.22409066358234214,0.21124571738866701,-0.03606128935070681,0.3389373183592894,0.21921946952826296,0.02604501813737263,0.14648710656463776,0.05999413576584031,0.12782834701169016,-0.07804386298066443,0.6716208497635924,0.08010298626116992,0.11172472576238462,-0.03792475504065641,-0.2210909089747649,0.07269728543816453,-0.13516515233729187,0.1684007504503954,0.019923094447633207,0.1395525242199905,-0.24163437977347146,-0.048543821243122356,0.15314950924367315,-0.06046460493374174,0.09388287842714704,0.02354463834398125,0.06468239830729221,-0.034689885805644624,0.18285178991016182,0.3604178108531718,0.03876514493383458,0.23047594454148992,-0.3414741015661117,-0.023079765812743222,0.10878996331995108,0.15988289730690763,-0.3013091650287917,0.04010002310610975,0.3097375735400671,0.0416453733918811,0.09355864940263149,0.19005873381623117,0.08438844176162295,-0.1368695247526235,0.20875680246635497,0.13423429105945506,0.11654238105370665,0.11014147241304731,-0.4350002486470462,0.15607789795677665,-0.24675966584329936,0.3106721543722144,0.01640656597239646,-0.1596647029179697,0.01165903310947386,0.18057906913257582,-0.09961951757935072,0.27543647241009706,-0.3104363221127088,0.9999999999999719,0.25337055087698673,0.14087770630533983,-0.1722219191410345,-0.2018736815465322,-0.06747196000765784,0.2402071094397209,0.05010113336373055,0.19927216338020606,-0.07425549736290105,-0.08135361939549574,-0.02345111997008329,0.04154749208942001,0.1546350257135749,0.17739435994550087,0.29319805693467305,0.33038232715434024,0.18932132552432107,0.3761612044703304,0.2484125848662491,0.16798897756020342,0.3399179239281279,0.20094687187502336,0.28863264084795537,0.17555007263251482,0.1348406817085405,0.13798891367960095,0.3720398733073937,0.08341961360204266,0.2156032983637841,0.1989473472650074,0.41355774562194214
SelfConst_Q19,0.11372326742760974,0.05194234241414078,-0.22738651403115606,-0.09360568582970359,0.36098920092015363,0.1147221953727404,-0.298688550762066,-0.09107755763674752,0.04338606477388218,0.05306563137059907,0.008988447179751394,0.010864145154784982,0.230262700443288,-0.17798834031768926,-0.04800142258766074,0.09113820375969442,-0.010224103592334957,-0.031049921333732702,0.2864844646503949,0.19652281285701667,0.02210352558598941,0.024642502412889365,0.2259803599134128,-0.09422215777127649,-0.07602681895758212,0.36437401937909497,-0.030070712835800956,-0.18858054560487922,0.2313167313724625,0.03200991288921652,0.11213757812171535,-0.012416836235153899,0.2874389561891628,0.03005327724516282,-0.030551921905792728,-0.16136483868838122,0.2880780785707644,-0.07699628187566865,-0.07441987244937817,0.3621140581219233,-0.03233862090228143,0.2552082902030371,0.02654915882575466,0.09720934283036246,0.2602760774730338,-0.07072535407656999,0.2298493589041024,0.0936689904974542,0.14282748488855762,0.15903737359828035,0.0900420820541529,0.2170347308215427,0.012475275582890008,0.3165326487576948,0.164071253882432,0.10385467788794116,-0.1202043347326455,0.03369839338301876,0.2271730496707355,0.2579262095199576,0.20866148226663853,-0.012802759905035765,-0.1839266938860576,0.30530325877531217,-0.25638640788672457,0.2869233765555774,0.17041085977287357,0.05998109405681279,0.1447612456500881,0.11645151989404026,-0.009143574097386427,0.0106563797043105,0.22802025016371708,-0.03618106939526601,-0.013025032539236758,0.2811159805676759,0.27617699996602624,0.16601169136479177,0.2853823097468561,0.41400360395533153,0.05626451561584183,0.16832812129556943,0.25337051605905647,0.9999999999999999,0.19054628117241612,-0.04622474886649673,0.10703264040431931,-0.04898529073639288,0.40797341876224585,0.2626975876060536,0.19216104305393147,0.3152276204113354,0.3663019340318173,0.301826767492686,-0.12037189139290767,0.16015030929037835,0.10329023955943607,0.2492131501906743,-0.08487072273078573,-0.22164236448671457,0.21254663080637345,0.0914379854216879,0.011533411185721557,-0.06870990380966695,0.08013102227075466,0.13076921467308758,0.10622160163140347,-0.12541351242505006,-0.00581444255138408,0.0957661211022702,0.06529400364868045,0.1113577222542046,0.033286905542289275,0.14088837606028423
SelfConst_Q20,0.18233945222780296,-0.030446871164723083,-0.0774500292419528,0.01730724185083838,0.17901864698631942,0.21815172324949064,-0.0023978033986236658,0.07102273048760582,0.18090984665029305,0.15774173885257195,0.07823617336217879,0.10973690186499721,0.24065936365524349,0.05777017962208944,0.1642008185770108,0.14406109955080346,0.033358806415519124,0.11745415734166437,0.17485327551288937,0.2245160027618292,0.24693895447018527,-0.06953958669189321,0.3145504655916565,0.08707422816158089,-0.008536930566444223,0.23900543705205965,-0.014557296628238847,-0.0826845377378288,0.03345420177240698,0.20287766203549717,0.4460367312414118,0.2057598618258424,0.28379930973951184,0.06817595833516261,0.26936528177580155,0.11720014533504682,0.1957071167084668,0.28657411610927014,0.18489463009288198,0.17115041379623916,0.13746798417500006,0.20323929062899881,0.2407953725541351,0.23805038419288083,0.16558112619160886,0.20592496093629692,0.16655355292268298,0.28383408898848583,0.2255486146383712,0.1826896192504163,0.16053374451857566,0.13529844428162377,0.06715966988193664,0.11791632129217927,0.30101953270301035,0.1606745092165461,0.15109362320977535,-0.026854928691816982,0.33321420016005143,0.21846713878869506,0.42169227968046197,0.04824312723273702,0.11721498546721158,0.10598326364827931,0.015078404971661671,0.03613868108986556,0.044628550802833164,-0.006074964058018523,0.124392212741802,0.4025371530847908,0.14309150947410149,0.16685017553780448,0.06527453605879996,0.06436188600907983,-0.03672972890565024,0.13258742901002826,0.018479096977495925,0.1224004478697778,-0.015818362822822663,0.319939256898636,-0.000740009617584983,0.283774846112183,0.1425449211393626,0.19396273317040202,0.999469393903321,0.28328487203729485,0.15624891050571788,0.11279670740260471,0.2662815174941144,0.15516513978039626,0.35491153773375395,0.13287347630599988,0.13251287700332293,0.15014646799438724,-0.07083550005095637,0.23169663662712975,0.1662362648307386,0.45408715845082287,-0.15784965029040565,-0.11857826816427008,0.19754770557629275,0.38818414372147325,0.21169014939956338,-0.10063871686451446,0.3098294560086486,0.126006021157501,0.24987947231478286,0.10311026617341143,0.06887941226255317,0.1680445289178537,0.2151192963223341,0.24312991745134638,0.212228459933746,0.1685838692873287
SelfConst_Q21,0.4970958112241499,-0.1898231145131033,-0.2009902554203633,0.027513321561650733,0.44045412495508096,-0.13631223147536714,-0.08338035909497471,0.101402610248832,-0.12375857105151854,-0.002804679439713003,-0.2558172555016762,0.07111105826388954,0.3756167239926254,0.07912825535190354,0.06764349891096161,0.123515172849641,-0.1131305238551576,-0.07639851663942882,0.5114740588740831,0.5008389587411384,-0.14019523423162356,-0.17891241834573737,0.4266508159788164,-0.03543418439835085,-0.22841182641573454,0.4497466959105896,0.052831485049416746,-0.21442897824760393,0.15305790650034945,0.20877008410037395,0.5444346657037555,0.16729509036033083,0.4255282109614534,-0.2644909016425599,0.11618727321407316,0.11336170541789527,0.3390725467239793,0.7177819390765647,0.016037371910571335,0.45882180783995297,0.14011783155114563,0.5727798259791237,0.18466808523322775,0.6317465972402986,0.3652913966846543,0.038302681116461894,0.3305978554814116,0.1988228542216007,0.5559016841423607,0.48326115411621534,0.42115040780784935,0.25651058073889366,-0.13940962837797888,0.3492335540074896,-0.03849255688213553,0.49827113606315854,0.35137184181187303,-0.08821770112601751,0.004298849223574777,0.46389635003388474,0.24715425810681949,-0.1498776132953037,0.2105670198359368,0.16091478873830284,-0.06472935842441561,0.03454092619969294,0.0486663313443617,-0.11490710749035715,0.048327427343113336,0.035210893287899725,-0.048399846474542804,0.5620554531412549,-0.011410478028057405,0.30631714892953066,-0.017722427699425097,0.3319840789639636,-0.06616697991969502,-0.10529872675670832,-0.00036345247837521466,0.5249559702797632,-0.08134353615083664,0.32023890664907495,-0.17222195368493998,-0.04622474856731862,0.29325939795874767,0.9999999999999996,0.2940832061662009,0.1756144446552067,-0.13152349502103128,0.4890038866624567,-0.05710187641179605,0.18651072833820048,0.19894062950929792,0.2594342606631552,0.1162525561048785,0.14446484005012422,-0.0315203907414727,0.13321760474759542,-0.22543244827981831,-0.1456846940306926,0.05106310086973302,0.25182079985612016,0.379351701649678,-0.201906665879427,-0.01200980545953539,-0.1197539058761633,0.3727476158168508,-0.18068171910648453,0.07393194587966576,-0.021038542356598022,0.37587835501982836,0.21607994930435992,0.1542583571489235,-0.17432597140586575
SelfConst_Q22,0.2101865640603259,-0.17139436299334565,-0.12129339951699988,0.17734809115486846,0.08080409313589597,-0.07733119540668686,-0.021618164195269712,-0.1109481385116428,-0.21176546363609172,-0.02254826854689998,-0.27406165106701785,0.03421375892375251,0.25958881675780804,0.017591836172628383,0.3440595492136965,-0.059371249367530916,-0.1290301749554978,-0.02518896359355853,0.3440863478132298,0.16213954110975337,-0.06111127064129232,-0.1542221158349411,0.21176455438959724,-0.1477343142647991,-0.34984683219587,0.12512694125961402,-0.005507276865340804,-0.4290568559811352,0.17108403263987151,-0.008532540744232264,0.286310494151188,-0.05991430520720966,0.2232514319815501,-0.14348344027785204,0.03309194891239124,0.11168265070678586,0.2437936646584073,0.15836035116417244,-0.05226225480075779,0.29292395484810396,-0.05862323206170999,0.27950993131555874,-0.06898350880811407,0.5254257520286012,0.20417489268951033,-0.09035880049551562,0.22229824995037045,0.08076818259362036,0.2022028891980363,0.3176260717121734,0.24990741994567903,0.10666304587305178,-0.10324688868415478,0.18315007684589069,-0.17989001593027276,0.5605492964555095,0.19470460012088023,-0.060256932136984756,0.09374738139542191,0.4972920805335107,0.22074376671180412,-0.2056672562391904,0.1430271224142086,0.11390580007334951,0.11366259817914634,-0.014885451279113782,0.28400429469401195,-0.22728090376178353,-0.029244978410383274,0.033366181791777694,0.06716570303061241,0.426703992206799,0.10867549220531732,0.13545890359022952,-0.25414834094569067,0.1910057893380306,0.34227776548977284,-0.10664881225708528,-0.09981035017057838,0.18201680470955273,-0.07947924532858139,0.1433002300751814,-0.23169680540449863,0.10473350512304584,0.17027899067492208,0.2684022399035716,0.9868074417171679,0.1972743335520571,0.022704963925668724,0.3308781482279605,0.2151624805400117,0.19712495107399325,0.2974928936962529,0.19982680363130984,-0.16360281830336143,0.059444738055126366,0.27349937261871515,-0.01570122812937537,-0.3849194475112891,-0.38196868758842867,0.02232763381404581,0.08104537165094503,-0.029891664223497635,-0.3305799434918003,-0.07783668528027525,0.10131862385414428,0.1222786618157095,0.17411690799439156,-0.29944180637310525,-0.33386417952794817,0.3577551377987489,0.15489776526034768,-0.22968453385865054,-0.22129919025975842
SelfConst_Q23,0.17822278146100407,0.08493493971011856,0.29845007837609333,0.10638170738159058,0.1274890793516507,0.12193287896240773,0.2477915221966236,0.33346718160786115,-0.045903893593909076,0.30989362565755285,-0.0303065428519175,0.36753561873409746,0.19976387882699984,0.29775477568936,0.008682190440727815,0.35769661642218786,0.15073244916715273,0.12046298493396276,0.008800880126383831,0.3302809266660498,0.06144710623253269,0.17693982629223268,0.30583914254357425,0.3417180665404398,0.03673411215578441,0.08914097536799051,0.24970948046146987,-0.012293988570568015,0.07938603687572295,0.3230515054345836,0.205493180410896,0.22889707790274738,0.14755365400267778,0.09551617263292658,0.3144117721015601,0.24883922356594426,0.1441243603822695,0.020211195020051503,0.1947280735425431,0.18303755606985894,0.25806385836297147,0.13347245280842096,0.3383435730739932,0.27463708028692674,0.07421245692924848,0.26712559014742365,0.11484708385723691,0.18765709526442495,0.2066702336635359,0.16875346726230642,0.21780933468591082,0.16823342101200744,0.22719916763867382,0.1772966054375984,0.2371844338887572,0.28135526964671015,0.30116539147886234,-0.1552352200248833,0.14340329198502885,0.13706646732546918,0.26439505691115417,0.11550661614737992,0.2937141154099768,0.2757928904614976,0.020032976416053755,-0.048074129378105554,-0.12127770361007788,-0.021768625739618172,-0.06008695453947637,0.0772374147940041,0.7072367459091147,0.3779961590613311,-0.1337691769895202,-0.0123063528686876,-0.004984014489750423,0.23780600466458607,0.07133875857963987,-0.046807299834879135,-0.040782768543432976,0.08541299841843276,0.1794994506601475,-0.13613419034185603,-0.06753378329383886,-0.049077214708282024,0.11035198106240302,0.17568605884567856,0.21839505111440888,0.9999998221577044,0.13984185265522925,0.0618917346748277,0.012352777420781096,0.13192330539717043,0.08670425408886051,0.16356544030958342,0.3123881696702696,0.32170865648417535,0.062477514773676815,0.22898056143872705,0.20566115551204595,0.24121995477796748,0.20528401764175605,0.4301954614398499,0.2784283147962214,0.08261291430105377,0.4266663797466256,0.11532946384222463,0.5217780105126288,0.23791676080052487,0.18624765121598671,0.10822337792345527,0.45782484407361124,0.40756134306032743,0.21860226996604237,-0.06902186255951392
SelfConst_Q24,-0.1731165088053527,0.511546561244119,0.13128118503235933,-0.01680955659273503,0.44814434471773495,0.573268029981711,-0.030418455919455828,0.11884595218038646,0.5160005255734993,0.42217943669408536,0.45100932937984106,0.06721274174751946,0.43781122041749243,0.11538306762321482,-0.08263430962938778,0.3230197174509282,0.40092939956025403,-0.07442127564473416,0.2509010800550957,0.15114196819244768,0.5071304268537336,0.5685681977970978,0.5113053552022234,0.12964780525996356,0.48599076942062824,0.08895570030175083,0.14702378634504246,0.37057145064847385,0.07560328829916174,0.17577966578013055,0.14895411482808912,0.16867413168100187,0.2561708147253388,0.32416246419811756,0.026918582749001135,0.1415022268153533,0.32087975716564404,-0.10738713939451897,0.034468997552182364,-0.008683128105882232,0.11467334534838657,0.2924050512730282,0.1850727892515159,0.10326735158849147,0.25366501250963447,0.13947306229064285,0.3028191539301967,0.14773195061371958,0.20547646807592815,0.23699553849500438,0.15251913539777867,0.37370944163587627,0.44249286778582625,0.32535656947746583,0.4629599633774498,0.1830265177481335,-0.0024740430747629757,0.34716330673295565,0.41067460451685744,0.05623360501698217,0.39386323206113916,0.5574557707770463,-0.12621332085513734,0.5904893772943904,0.13377518769859698,0.26324604195992307,0.24154626612809454,-0.09685633060173111,0.4607327878020483,0.6220254297721305,0.34727662424052685,0.15920713053261337,0.312340423175242,-0.13791400500608839,0.08672148719025624,0.3965755831464779,0.048044605015587244,0.5068087230590492,0.36968460216086035,0.1109699160534244,0.4794921909883225,-0.04280228458374831,0.24020711918700408,0.40797342712924367,0.2545142668558567,-0.13152347371897544,0.023900589230538317,0.13995046223506913,0.9999999999999976,0.20621219375720554,0.45853432238394176,0.25356259536573544,0.24727198216407775,0.2590002641140613,-0.029307106015622066,0.10085569019384596,0.002707658035364005,0.4496544641482154,0.3684998328813728,0.23452326772102797,0.15770422346394197,0.39926434614887835,0.25744419225999493,0.30795645750984973,0.281238156252348,0.15973003586552526,0.33750626112420323,0.0012176958317887225,0.13273962238481876,0.4111247281899218,-0.025490917420281353,0.1336148428237312,0.21390972652117235,0.546667953560789
LifeSat_Q1,0.7135470071274859,0.6827778431956966,0.6668677234854496,0.3552387231134991,0.8608601970764829,0.5829802182820314,-0.1583290556394943,0.615220939702037,0.8514698242691422,0.5692302830266696,0.6165556903095117,0.44042363714268573,0.4008141561940864,-0.16599177153123135,0.4857877703729629,0.7517946289119825,-0.1528542176066573,-0.6559587666238256,0.5389227648081175,0.9058511416552728,0.5507544339052348,0.6720235243608539,0.6166160771844823,0.44978694045141193,0.725153801680175,0.8418144617092554,0.3234265866952799,0.7400833735556316,0.7864245727215672,0.248975504204998,0.5246866262012135,0.01083126408017537,0.7959363767963907,0.5223632563202809,0.330409167445938,0.15465308047969636,0.9028004857447606,0.5692661589583969,0.08635651897201127,0.35550020430168167,0.3716465396148827,0.8899349081218645,-0.23507624404833652,0.7300289544118601,0.5956960858628115,-0.59373132135509,0.866459075772949,0.38659569243679687,0.8998656101433664,0.865464337082736,0.934769070135037,0.884071524656955,-0.6165352334524508,0.8614656945818858,-0.0972262042592952,0.6324102860640813,0.35749526613850635,0.8924365087854502,0.4463725810838417,0.7655246891961661,0.39412172308788185,0.8159660051778219,0.5695037127908786,0.6365593296360488,0.04400121970295284,0.6260808402446626,0.306087262424305,0.5970334257428531,0.7903402264868001,0.4799743508905084,0.8845276368420306,0.4231612752088728,0.3962585043009162,0.8559169411212539,0.39952196115131955,0.4334015043146476,0.8184264446921533,0.8879373014657862,0.64006978593153,0.21733591336147118,0.6838031557537134,0.8140991260743611,0.2950089035237875,0.48077570208533327,0.8776015463511145,0.7978702313369597,-0.397041437467737,0.8687545612449816,0.5504196997950367,1.0,0.8185661604417778,0.8234547393770536,0.6385640269056676,0.6565749372448617,0.7553651652980026,-0.6068654531659455,-0.6702617731419787,-0.24634324635477026,0.894457032355598,0.8561273916050707,-0.04158853428555914,0.005042941210148033,0.7958412015544003,0.7158090756562445,0.3719589198043113,-0.5104699407428495,0.7924540835902074,-0.4482287419748071,0.6573366718591754,0.6767091298085108,0.4158263487505912,0.22064897514975026,0.7732539641605685,0.7955152115329944
LifeSat_Q2,0.5770564156821673,0.6090638590878792,0.5390776912837578,0.2160472765772977,0.727983984560024,0.35561705229443563,-0.1929840557951893,0.5395107440129343,0.7231795402270971,0.4708270445960672,0.5410944115285159,0.39595493665697357,0.31316153380154715,-0.27924519172209095,0.4337972545947332,0.65995928510201,-0.21629818685259403,-0.6041349414714274,0.483920562387147,0.8191678053951842,0.47992325169437533,0.6000753858493719,0.5148337770108475,0.38600227679374993,0.700712611626447,0.6960645098048046,0.25829569630645083,0.6590662751770315,0.6907742322164676,0.17796325452852524,0.45227071559438153,-0.10313313210068145,0.7583946646790803,0.4752133533092694,0.2786160787944285,0.13995284007278047,0.8015681992516542,0.49690779724003353,0.05891501989214365,0.34630337422484797,0.29642363298896557,0.7887429109623869,-0.25265710247315776,0.6192800099491483,0.5087186417921298,-0.625058514392809,0.7922347309687031,0.3576182171966771,0.8079087730987379,0.7909634256168446,0.8269293350657296,0.817501224990804,-0.6368784811769486,0.810041211458753,-0.10759411781058636,0.632899200752258,0.34418615008943254,0.7350446171238746,0.3682355064124455,0.6481679108652149,0.42409498795340644,0.6927904171660046,0.5566295193050923,0.6770810580624357,-0.019262628830219564,0.5215850112002843,0.32433995160012474,0.4570735208148155,0.7561523874374035,0.479689909091929,0.7966854517184254,0.30359119374538923,0.36089353036263083,0.7839876872984428,0.4044263784597406,0.3035915012211886,0.7076401282213005,0.765230512362765,0.6501942826043027,0.2344003067589647,0.6969431133900228,0.6375008355875482,0.18094113976834045,0.35571716090525995,0.7435445684370355,0.644292516839625,-0.4624600884321821,0.7897931362317466,0.5500816832270781,0.8185667562507212,0.9999999901549108,0.7916393536923527,0.5901944291897788,0.5804772675253056,0.7453179785997484,-0.572277477919048,-0.6894468154810678,-0.2458222372789558,0.7450783295506916,0.7840229073520757,-0.03548720918790421,-0.15863695763886027,0.7763197920638337,0.7243418676564779,0.28768881447756645,-0.5232808503682789,0.6926030134571928,-0.45854811011406166,0.6428007548976249,0.5443200065372359,0.3311534827750978,0.23394699112375897,0.7065972539302446,0.7730005862200501
LifeSat_Q3,0.7091618470588845,0.5848135442702811,0.6811181859689643,0.3189018066485134,0.8730805246055071,0.49778430293704695,0.009572893971227063,0.6482959659906335,0.8083768539547855,0.5079783269944315,0.605863514693443,0.6300089410748273,0.4200962930645565,-0.17145645923128214,0.5496052769994365,0.7783651808049231,-0.2541858475440753,-0.5770647594357616,0.5812053828674846,0.9012598501584494,0.6282594190028319,0.7458145805782084,0.6748160193070385,0.45517108439000975,0.7208922191473126,0.8437442272158725,0.4926181712122953,0.6442068617912546,0.8276744594500185,0.3466946707369432,0.6661923833603176,0.036680444957656155,0.8507770693559946,0.6586071303519869,0.46759572830534,0.3252336066328566,0.8872333706536044,0.7455875741539144,0.17685574898289905,0.4666424216590086,0.4944193080610104,0.8803425881389244,-0.13720650861998823,0.7705338881242306,0.47936116488484404,-0.5320161191891757,0.8892944016575134,0.5265789252693399,0.9173735427696322,0.897694303625988,0.9395037365803879,0.8878715670536823,-0.6044471838610905,0.8888969736875453,-0.001309999075073929,0.7902621937878416,0.4490858403273646,0.8248261148314503,0.49755108070291276,0.7364129821639007,0.4948877668303388,0.8025190280335285,0.708852982867526,0.5782327374036674,0.11970482002726708,0.569466198548952,0.3954807251921175,0.49095729694928114,0.7992736987536035,0.6191035762336687,0.8686376144698759,0.3111706662679914,0.42094505834308266,0.8576411658179874,0.4089001050234325,0.38695107486856906,0.8681475049999701,0.8548339222419842,0.6348976443277308,0.28300782146723047,0.6945560759147419,0.7261283706237512,0.3455638062878907,0.4440654193038256,0.8350636242558594,0.777424760026006,-0.43400792689198203,0.8747625931448975,0.5511630557020974,0.8234547381269252,0.79163028739434,1.0,0.6845434620103508,0.7631037627380198,0.76556864322261,-0.542290372970013,-0.5180503095371332,-0.2929030172923421,0.8404051036417284,0.8119211527514543,-0.14958248244999317,-0.18328182220113762,0.808744613689121,0.7484492616345767,0.2510218979031293,-0.43835658297834335,0.6242742038832103,-0.2644668849168521,0.7156387512627532,0.6757640679830079,0.3597301022170119,0.12045708810873736,0.8214835596531187,0.8110924829001883
LifeSat_Q4,0.5150430465579572,0.5203678271759045,0.5452493851853896,0.26952689720139755,0.67541082396234,0.2786502331958266,-0.11471788394813527,0.45453722986136663,0.6857768534199504,0.28649422408882985,0.45672467954179774,0.3871557551153176,0.3672212198154484,-0.26612784432879993,0.4726995117082225,0.4720619946327969,-0.24942011186276503,-0.5457720902752076,0.4550918834540563,0.6782424604289692,0.48181828246102726,0.4699519796764594,0.5326029166070327,0.3819613423180721,0.5802975202419131,0.6393095137526366,0.36446344493303834,0.5797299768333416,0.7293354793981754,0.32516390201391476,0.5305631913031144,0.09704135222727633,0.6514608543475028,0.5008273038677222,0.2885223048063097,0.250745075827734,0.7134558842631831,0.5656353451134751,0.1196324466080892,0.29891809519580737,0.3695577909625867,0.7162928515268098,-0.11663384029006549,0.6670767394515391,0.41397774200000437,-0.43250665998206533,0.6527869717579105,0.3736342869911314,0.6750379287851196,0.6730073274332002,0.7004224615281742,0.6663818244438339,-0.5184458240522767,0.657759366456352,-0.05556306206772839,0.5477690610808368,0.28857394143647574,0.6898889257889361,0.40197071667148815,0.6919007829131896,0.35334339391395764,0.5789517525084723,0.5631936329460137,0.4843100599776698,0.10139083920826157,0.4919009278278353,0.30285114619742964,0.3358369082664654,0.6832081383702862,0.44592974822450326,0.6820723104023138,0.3963855372279239,0.2567494657969681,0.698263627943204,0.36917185376394124,0.3715111406960217,0.6471777971561409,0.6555201340213888,0.4937327187724839,0.08332579616694591,0.7053754005404993,0.6751407548734435,0.18345456732361132,0.22386802843122758,0.6472465970957959,0.6727156020877325,-0.44552900247098126,0.6610431793553021,0.3705543940451394,0.6385637771347853,0.5901897248232021,0.6845433232081011,0.9999999999995562,0.5001931358620443,0.6134596716928834,-0.46335164896379843,-0.4999038726517918,-0.1611984152003826,0.5804986141956769,0.5762318257315613,-0.12359939701168132,-0.05689673256269753,0.6231268659707909,0.598044451560945,0.22986313949894405,-0.36280737204997787,0.483907988336824,-0.36095189886520057,0.5663970246559106,0.4498054667789213,0.09663126764799052,0.060048618075796284,0.5957119514012369,0.6592794456757867
LifeSat_Q5,0.5291553897364782,0.672086934149017,0.5555468459246246,0.08306740681608345,0.7716708757793334,0.4030822961119147,-0.07312317915755603,0.5994077045456316,0.8102400571163237,0.32050164328701314,0.6753729203921515,0.471073232812158,0.40135467660745827,-0.1729553356270726,0.39605257876479294,0.5813028215660914,-0.26814238818259595,-0.5336843102425464,0.6304904688343425,0.7640887625738331,0.6256022655856601,0.7255748581768522,0.6665893426455781,0.23207950008479736,0.7276366556650321,0.7727446047732639,0.3323118300675876,0.6829971425471467,0.7137427665372476,0.11283382389601121,0.4930048803675495,-0.09233757020250125,0.7566530063887832,0.43081577339708077,0.18077180062826204,0.09807626905989125,0.7529951028726312,0.6022039428890569,-0.04822412490053946,0.40689441511398533,0.2514995436261354,0.7414071305907457,-0.2782219485989531,0.6722665325215578,0.48189168833641877,-0.5344869540651744,0.7923304100891744,0.2772050899141562,0.7755268982812683,0.7875363695888389,0.7752477664722075,0.7723678349720866,-0.4863616839583167,0.7738329016036247,-0.062516174468188,0.6182942530060496,0.31886523075698436,0.6938176887415854,0.2585966157806093,0.6963642249321149,0.48561661410536455,0.6734870166562675,0.5237908903881929,0.5346194121110138,-0.007485082112272043,0.5298393283721782,0.31355149304831587,0.5451473956854194,0.6400437395783553,0.5720740353251937,0.7531739829866778,0.4135112468162153,0.40717856574506434,0.7300552707047294,0.4335872534453581,0.4563253914090364,0.7384834330943929,0.7303472526661887,0.5666792545884848,0.254203443915561,0.5928603059175086,0.6063040392597862,0.20761764750005365,0.33526993827833124,0.7090178814019131,0.6106625315166028,-0.436945357235047,0.78843697110066,0.45563192455437895,0.6565650723542937,0.5804604356517435,0.7630988993856826,0.5001855501041143,0.9999999991795945,0.5516360874182638,-0.35079087520661356,-0.424452069823722,-0.3133864942345167,0.6682036416771695,0.6097943493048852,-0.17236382696798128,-0.31756527817236585,0.6162852913140102,0.5823161076802135,0.0737211589953583,-0.47865245162345266,0.4726686548812556,-0.2583681891370625,0.5275052849321679,0.6458399986558758,0.4443167210327188,0.13532368036757542,0.6329814441329855,0.6030986928321159
Lonely_Q1,-0.4560218512548474,-0.05522917874292563,-0.36921106376377816,-0.5262396908533362,0.3564131351885477,-0.533626496308625,-0.39516847777981323,-0.4026204655034894,0.08275420821111473,-0.4888885766145834,0.431697142284442,-0.057209442744525954,-0.36360712000190387,-0.656640070821414,-0.5621432433392473,-0.12763066043815469,-0.5139778936706524,-0.40274710057362584,0.3814665846246122,0.41599966594812654,0.3579184907565406,0.39834448388040633,0.08162616379580763,-0.44188448467429137,0.3733540577426486,-0.03372473197908715,-0.5388567107292881,0.34988932568628783,0.4860630137048829,-0.481251530931745,0.27902595494489796,-0.46113647555758847,0.5001633861297217,0.011640915165896631,-0.0006389832951320708,0.0753008321676448,0.3969647323752831,0.1813595395573808,-0.5546855220922752,0.15173725636750535,-0.32604109429038436,0.4302035138303459,-0.2905528089043695,0.2657849425030099,0.08881328571603614,-0.5490888206180523,0.336946314277464,-0.22675272121315018,0.1937249484096772,0.17884576631319204,0.1799807375097553,0.19464597508748915,-0.5304006255001932,0.3699010996904579,-0.4975593507785877,0.5250723602388999,0.07899745895882779,0.5170279350870001,-0.5455538607378243,0.2551012509442909,-0.1854159986838719,0.6956361770692244,-0.10069612444540606,0.18050859098314737,-0.10578804043661134,0.4711436147910235,0.3345251714561665,-0.2296363435871239,0.0018763649692314088,-0.15710581548004077,0.02484571294560753,0.03696962742783834,0.5624868494389004,0.6652903152316807,0.26795548782213835,0.12892779745878405,-0.0024323228918832693,0.6518152756149502,-0.16339592810448395,0.20985792864442565,0.6740203314655744,0.1887374775617968,-0.2886708171122012,0.2507869908911158,0.3454883657469102,0.228729529953349,-0.027502089952972673,0.35164680781200197,0.3565849019975935,0.1510609014286598,0.4865838803751373,0.17961542001285521,0.3303649079336433,-0.11790339149268997,0.9999999999999998,-0.49413063131360363,-0.4856770854668547,-0.32124700851801935,0.6778244972381917,0.4039851642066663,-0.596955305998274,-0.501860061908848,0.612836829215892,0.2732831368436155,-0.3656757363238621,-0.2484597799819376,-0.3087930110724411,-0.28368899077375276,0.32177685864237765,0.24334696091238117,-0.23180841354161127,0.03581331172747447,0.2556318548787445,0.304230416309792
Lonely_Q2,0.2569412900349785,-0.3284004035899437,0.259900238410707,0.49126688335038626,-0.21585365831981837,0.43112680121675395,0.07928462733556532,0.21921514726821895,0.002264567366239034,0.3358700853925683,-0.47177331354237606,-0.2110404624530508,0.011426117317101255,0.27456279871400346,0.5401561862448638,-0.006353471092885574,0.5005637348030153,0.1550749641693761,-0.3038076307604553,-0.36817061906019277,-0.3033918221596507,-0.26002895736618203,-0.31495933353069067,0.2460354356497065,-0.5937983698829371,-0.25159846289730625,0.4778408208047382,-0.5046374196197592,-0.5544820302701748,0.39204640845665195,-0.6769545120311526,0.4210986637990961,-0.5010610731249617,-0.1697588015223399,-0.15747271658639014,0.30861380415850637,-0.3017076238401979,-0.32686599664538996,0.4910348337941503,-0.20854054137988826,0.1693194235232503,-0.5358014465922291,0.11210376104480319,-0.5047243035234197,-0.43663999600617415,0.3331140373227196,-0.48714672122279795,-0.09636261486720497,-0.45798572913230495,-0.447461880563141,-0.40074062938389576,-0.36330893434672296,0.6288747449803993,-0.34989994867637886,0.46229117982749157,-0.5724547102961581,-0.17862561751596345,-0.5666212455008728,0.5422429897062252,-0.3884004081698078,0.01892132396275916,-0.5171191272400167,-0.03909372387646684,-0.4670465122504613,0.08805664327464718,-0.4438134778767143,-0.2199413267121902,-0.13580442450105362,-0.16468993728594117,-0.31569751540715985,0.002524094300826063,-0.0320621558978552,-0.39806417739315114,-0.6271510491404947,-0.479266236201617,-0.21339494884303145,-0.18412086415450352,-0.6647637020360317,0.1706012224046399,-0.1833034985505421,-0.6470205047854148,-0.021237885517617752,0.10160896830308963,-0.12461331487550159,-0.5916113040690105,-0.26987892548498144,-0.12197590519923947,-0.06136236603111571,-0.2617141627458631,-0.38928246521980814,-0.5217674719004746,-0.4512585206403581,-0.5667497954314713,-0.36292968102815837,-0.4941306056996242,0.9999999999999574,0.8366723872990358,0.3855131043027035,-0.3966821175796872,-0.14414091503087245,0.7533957165217822,0.6453507334883091,-0.20917180222300102,-0.4859377479755423,0.42741103508614253,0.5582919242116196,0.5161292135263418,0.5539017389289764,-0.4577210289512383,-0.4838081532039439,0.13595593044736926,0.3668058311390897,-0.2760019661584737,-0.3679783870717907
Lonely_Q3,0.2899016203697501,-0.3075577401036956,0.329735138980464,0.49081547478805715,-0.22825868721629292,0.5139113251402017,0.16524599378211652,0.24333168937928076,0.15446095267360813,0.36410647023956605,-0.5147985500165622,-0.25620923165661064,0.12645997620745025,0.42789022193413484,0.5544489275294276,0.011280493250457255,0.550195728004346,0.1486101334136164,-0.28032311072318855,-0.367868755229133,-0.3403852411108859,-0.28537222735973516,-0.2785228716068582,0.28422973998085765,-0.5236704586265278,-0.16698502120289363,0.5498642363489932,-0.5329598788852881,-0.4151084770629204,0.38478560430064235,-0.5724278852517295,0.3274857631052584,-0.4177544513008573,-0.12046522981504301,-0.11084674285276518,0.19396573698233968,-0.3288293924325964,-0.1602594044845878,0.49041051868513363,-0.19808430044537123,0.29129414709324075,-0.6255692699511852,0.19119370570018138,-0.5179693272267525,-0.3665585717657578,0.37492313434838015,-0.5025774375422043,-0.03868170477567255,-0.38677956131046826,-0.34971414670196665,-0.3746964812254593,-0.36763748526512574,0.6322399334807443,-0.37609086360019917,0.41830123048539536,-0.5936587750743934,-0.2125989874185411,-0.5919352431595384,0.5330514120305214,-0.25498631996051807,0.032796949152367,-0.4985787984222708,-0.11579213782239321,-0.4470658061842715,0.11050711851044441,-0.4119825833784131,-0.12974230228350145,-0.19198779559737716,-0.2884618193340886,-0.17876147435425965,0.07310759006965231,0.12381444834240779,-0.5072764686553208,-0.5585462632607836,-0.5386522621176628,-0.06158053299034666,-0.06158675932913734,-0.7238970259292807,0.19071972460815645,-0.06449492595744435,-0.591040951584538,-0.1850316244782548,0.05350409088156734,-0.09362606086662191,-0.45625412836753176,-0.08535891319283342,-0.025805336289905223,0.03571840975435381,-0.09556046395942099,-0.389744383821788,-0.4383311424882863,-0.3038676449979303,-0.5071688312413029,-0.3230260972294583,-0.48408360768422,0.8327473591205975,0.9998923266698851,0.3737147680493239,-0.41713000300806063,-0.1784897913657134,0.632777647093659,0.5904218544129511,-0.18901346950694523,-0.3906263318547617,0.4307973197421565,0.4396780935418536,0.5599003163114781,0.5599504430777504,-0.39784878680988006,-0.4071730299664724,0.27246034730362534,0.23107305582063742,-0.21801908009576032,-0.3710654430540306
Lonely_Q4,0.25367628990863916,-0.126601530522847,0.3393037679455525,0.2934294277149861,-0.018179182875125273,0.6117612225726494,0.10210474119604326,0.21255264839559812,0.05119164663491956,0.2731122234629684,-0.43943988566694187,-0.10632212839967999,0.17856892659310059,0.18838705326344274,0.3945014206444858,0.027359565398430305,0.5112809191616179,0.18684500391024367,-0.28106035739342194,-0.20757828508559772,-0.2468739040597236,-0.21478853194051375,-0.06347957637446001,0.3167186694546429,-0.46304903253476104,0.0008561122415520969,0.5528900988019765,-0.4238480224918193,-0.4999720553546861,0.5574340692031634,-0.40743555436916956,0.6055398602808617,-0.2464819623175041,-0.0724892266805472,-0.1459504591442622,0.041944547113445474,-0.2786189247032041,-0.12462704116261049,0.4196748404257241,-0.25350738736996625,0.1053798510255356,-0.4012796889041728,0.202772001399733,-0.4541269061166072,-0.4181582963080689,0.40488225829296015,-0.4373748884388152,0.15475477677013758,-0.3670617246058927,-0.40724560964188744,-0.3830290636585363,-0.39882914462253005,0.6331406461081883,-0.3335941144438005,0.4610687454807762,-0.4655849749610882,-0.21012665552401927,-0.5194391621369127,0.5998924505963629,-0.21292352094479067,-0.034226153145212,-0.519645025567933,-0.01930699819862959,-0.2925977849431915,-0.054121975218422894,-0.17417093928814925,-0.09169452276141057,0.23490440850082395,-0.25360351265832504,-0.10741207265343097,0.0891154144771571,0.08811838883002776,-0.2005501109510431,-0.4959484346829772,-0.20873524626676832,-0.020717597686891423,-0.03333179766556736,-0.3989927680813655,0.1056645750955678,-0.022226984378029793,-0.47436985051635294,-0.06422522020948487,-0.11758043756578677,-0.16541824978111958,-0.44634516576075484,-0.020994800082952743,-0.09224339433668809,-0.004224546501269397,-0.15286413394736864,-0.18693235205410097,-0.5229264522118592,-0.2565900107949359,-0.3836435848215649,-0.25516188127674577,-0.3212172024833543,0.38539632970403614,0.37267624769891505,0.9999999483381842,-0.3427655745792264,-0.14802250109617218,0.3108103485995011,0.18412057605879362,-0.19799297381932995,-0.11872989551905545,0.5394274828715899,0.38271606094609845,0.41977878457268963,0.5673313178482878,-0.49700903637466776,-0.26905724609409604,0.21519827577859485,0.2461453728155784,-0.442366241188139,-0.4021498415680197
Lonely_Q5,-0.20398487500019108,-0.011238015548375627,-0.18596563491744145,-0.47314581771892716,0.22216876966938753,-0.4286561276925099,-0.20343852909600557,-0.12453955429178909,0.10575301517218304,-0.3429882634254123,0.4465707068002174,0.22478421824145955,-0.1774514927745019,-0.5723427290861444,-0.32346206438902203,0.05254973492236967,-0.3818140255656126,-0.22208210259458044,0.2719550932979836,0.43021553460270945,0.25617516138437596,0.27933627562476854,0.12756078389201717,-0.19340862781318108,0.35711026924659406,-0.06506099971725138,-0.4038691410291413,0.3521497742122952,0.4355091071092166,-0.3545905350553641,0.35945532058490526,-0.36789955314493994,0.30286445356662095,0.11663424660124949,0.06235582121065879,0.029521311435795852,0.2806441975143732,0.2289703070978083,-0.441183308211206,0.2013707734419992,-0.192992094985663,0.5333841758491199,-0.14372031176805722,0.4156637189716501,0.08388327049657772,-0.27926765819546245,0.33029912660217386,0.048047489748504604,0.1834796767967486,0.17747909141189344,0.19150669461786807,0.21477195984404884,-0.49690591939730633,0.26806889197892053,-0.3301197444006256,0.5089672184284668,0.12639592279230116,0.5040324376804066,-0.4665433004815379,0.19109844833745693,-0.14837698639995506,0.6071350788253872,0.06825080785600947,0.3165750700601794,-0.15945938397685838,0.33589059657941017,0.15289609928628653,-0.12915405117026252,0.15679205383716432,-0.19478813902471326,-0.20604835827945947,-0.23465835346052227,0.42240635518968894,0.5748261736440656,0.34630756116233374,-0.05390040809219472,0.19115109303977415,0.5250200635827027,-0.26661056236836966,0.2459736266823629,0.660403231381932,0.28641666217500683,-0.1945351393171565,0.32331732165603005,0.29850119659741436,-0.06567905913543749,0.031141745589424237,0.3492614034075605,0.2745717523520295,0.10540177000338727,0.43956696819961943,0.33014182948799,0.3676721619023467,0.037819913450749504,0.6778222807959983,-0.3966817686287306,-0.4186395533632749,-0.3427997104131659,0.9999999999104175,0.4116513526923384,-0.3967970555180175,-0.31524807565846424,0.5740063409753847,0.3001817281788848,-0.2700494961512083,-0.2322175674050148,-0.2809678942174958,-0.34678577253649123,0.3180232526220631,0.17511818390034448,-0.20393389567104384,-0.05726504532493487,0.22552322468458785,0.29485077966411777
Lonely_Q6,-0.017244522126901987,-0.2802728862858387,-0.17057641348400474,-0.16272330025809723,0.20659707490061857,-0.16794249416091386,-0.28230803345527766,0.05106791212901392,-0.06922881593783978,-0.22342831383324244,0.4643564926848191,0.148503072504744,-0.1321519986800594,-0.284658965316296,-0.2906627150462432,0.14126522879877124,-0.4392112865734076,-0.055567550990139755,0.15492491014471635,0.4177363496236453,0.1347739521252628,0.19184325693287407,-0.047905368653655564,-0.0806974352623803,0.24910319864655478,-0.20836950993131467,-0.41689110078150926,0.24230509849001042,0.2834902420990726,-0.19316796957013022,0.2956572227128406,-0.2083553332160828,0.30854742534282475,0.23149832731989844,0.11711173988816842,0.1362207957301563,0.19208127758494464,0.2838873797580153,-0.16059339931825267,0.21079595471929025,-0.15982179150135412,0.33341365917700544,0.07254266929139207,0.3914565709710891,0.03787925116046932,-0.1612532799288582,0.21532240653379672,0.05882698459378871,0.09734398100423762,0.1582329218544261,0.09487832143493287,0.13199098173263124,-0.24044310528575563,0.16241008609888616,-0.32100475942238565,0.21560677629240813,0.2625778598713144,0.3010736208610608,-0.2944807960066134,0.3457118040717533,-0.35226236850961784,0.4464382559616288,0.2635258471576398,0.1280451738186058,-0.08514920759683926,0.2534697600200118,0.3977655048195651,-0.2286737738284315,0.17372981335010262,-0.05449225884875651,-0.26291847547430197,-0.3225787939450983,0.07771334790871033,0.5186832922920346,0.2398271238738814,-0.18057076137495087,0.2959518913918735,0.20231421520227802,-0.30256599094823416,0.3827391884230855,0.5302879242361052,0.2973167101135308,-0.06676388029694268,0.32032224149537175,0.30128853163445496,0.01887568020761867,-0.0875714532150856,0.24883263786108248,0.4124376337456773,-0.14035716353649708,0.43078040784939203,0.3475095090682979,0.3227717147842816,-0.10787988288492331,0.4039851630404653,-0.14414094691544924,-0.17847665137897728,-0.14796305063764098,0.41165210502982635,0.9999999999999996,-0.2289036445407111,-0.2431414897216952,0.37690677923766974,0.05643383995853534,-0.2513937964665709,-0.24012129279473987,-0.150977304322026,-0.1521511795297315,0.30579506245156496,0.4440906933208124,-0.2042518425514257,0.11561288533593433,0.245243495964547,0.23364084333250718
Lonely_Q7,0.3718964023854415,-0.07000735635359126,0.26696242748275123,0.37146352965390395,-0.15442868771971674,0.4221406363651033,0.19140790645277317,0.30747905577037604,0.08201587843600619,0.2841609952946764,-0.4464088325831118,-0.11238083201791042,0.25613521682544904,0.2914890131348151,0.6734434712192207,0.17655926277593822,0.5101848285654035,0.3684700054337401,-0.20401088519542843,-0.43710146838517383,-0.21265675224366956,-0.22038969277765916,-0.04768337226569135,0.3543206396345919,-0.46452110233848287,0.02678467257791696,0.5551027015313788,-0.4188887116232836,-0.4340824328421247,0.4119214575019584,-0.5039592916492162,0.35928853082107126,-0.47791497618164863,-0.05190525880167386,-0.08508452823319572,0.08293967126427979,-0.23155779366053234,-0.20938332089644876,0.49163879414043443,-0.021729034937966615,0.35564928557894543,-0.4817749427630289,0.2005109145562031,-0.3198118616925883,-0.21321556932842156,0.382115456050983,-0.376602462110169,0.1360599974931722,-0.38010053981560643,-0.3686555849450389,-0.3416278112674103,-0.3216370365150082,0.5989097316943075,-0.27905893866055537,0.5131830787191141,-0.49696393725498217,-0.07278102836707852,-0.5198787219862779,0.5011772118404105,-0.3406266370777499,-0.042042654148165284,-0.5476567365635432,-0.027743441643667502,-0.3187503821987998,0.07827152070096513,-0.5305322175137448,-0.17729129025126888,0.0635572343395555,-0.3214168037799911,-0.2625525454219383,-0.06219910042678234,0.03677616801092724,-0.45192940759455436,-0.584558853844649,-0.3513737659855339,0.0017664762331317738,-0.10923848437257204,-0.6003675764353086,0.3142938537558836,-0.08001414420922345,-0.6227451035771726,-0.22040191488505864,0.22613618204092695,-0.033417401835902555,-0.49784653424432407,-0.20789965559496615,0.03677171526681727,-0.010731999340859173,-0.24878784964096692,-0.3011613369243537,-0.552557269355697,-0.37049127183339287,-0.42499461897915125,-0.1075956861256163,-0.5969553058857066,0.7533956972791251,0.637601987625608,0.31089937585873006,-0.39679814565159943,-0.22890364555911225,1.0,0.5917192006896815,-0.4851245072442056,-0.3500612099817348,0.43185221646141864,0.4505719871234376,0.2862857236410641,0.3963726872181049,-0.3141284472200334,-0.2866253619446699,0.3857204271037681,0.12507666190611505,-0.03796153736924307,-0.21275135012774216
Lonely_Q8,0.3309973525271261,-0.02175134118037626,0.2598448570424607,0.3795940731544236,-0.11408873568181921,0.403649827485334,0.26677483967065785,0.318855428636587,0.2206094098605663,0.3105636151566742,-0.3993474956065882,0.04882020686273025,0.2610106423535288,0.37244868622187993,0.7031553174850997,0.11528293261002286,0.45923483160798434,0.21238805522352472,-0.22855326543874363,-0.27011305342144964,-0.23252345787005246,-0.22110692655210015,-0.004385178108882448,0.23378921459218327,-0.3678574510359916,0.06300281479982721,0.6134430151375803,-0.4416325164115176,-0.34698874619820563,0.5451937005430133,-0.3991939993792896,0.42757648669845094,-0.43854850160842773,0.09854433076580602,0.08620676655497407,0.2875212183800556,-0.2751253632354856,-0.11299929915105558,0.5142682116531796,-0.0951372256123556,0.34306983841397815,-0.44472370534925176,0.17784532810469414,-0.4198402329333452,-0.18489196343962355,0.3060073588504314,-0.47519920362353396,0.10002675017574336,-0.4010793369716359,-0.3803368549247601,-0.3213411856986579,-0.29458126585758565,0.48801024201961457,-0.30338820243403236,0.48072856986452794,-0.5732062402804212,-0.22909710889280085,-0.4984331983209207,0.4954846162167246,-0.37835204983868,0.1100123230614814,-0.398440051678988,-0.00573741500882434,-0.45228243265333196,0.1275970916767451,-0.40407990253772524,-0.06888815415350262,-0.115418944402614,-0.20260044375455552,-0.07919948171028081,-0.05157410205936076,0.09413630759521742,-0.37192566389169224,-0.5044826873658941,-0.32406121933456267,0.03395953522080608,-0.16520108110247492,-0.5335051085450564,-0.020162696366511815,-0.06667672726796572,-0.5215347726690286,-0.07376704183517685,0.1245100134140544,-0.12601841069718583,-0.30302355695504146,-0.24391657150659132,0.1906464207788354,-0.11490373259861153,-0.2579373263010685,-0.3382316546415479,-0.3925166036546074,-0.5068103204935749,-0.5557039452783095,-0.29525457080256445,-0.5018600349629472,0.645350750369027,0.5930404927667706,0.18421722136509563,-0.31524982789118744,-0.2431414919982121,0.5917191770688736,0.9999999999999256,-0.33062566013125405,-0.38865419549224184,0.4153599777938473,0.513221163228319,0.5973400338123399,0.45785077251733897,-0.34777842657106417,-0.42010230101459306,0.3273055824347508,0.41042481966460864,-0.29856464054790177,-0.3220119968691767
Lonely_Q9,-0.3174848590337705,-0.2910323714386087,-0.3142400492447299,-0.2482145201709704,0.2903940348867976,-0.4296180631355524,-0.25739803527835886,-0.20665539063244126,0.21329506367911438,-0.3087636141099668,0.2300331899079703,0.2186001456764895,-0.29644642494686924,-0.26352308187100104,-0.38297195048085936,-0.05607354715058756,-0.3899324274211933,-0.10911570624273127,0.16131759400758516,0.5394235097633597,0.2167979197402444,0.29770413736419377,-0.0704139140214054,-0.3058173909665249,0.19153860258429573,-0.2593135776997076,-0.24801963773553948,0.1949557598818791,0.22505351036369503,-0.2236000179998497,0.3198655943159435,-0.2104359285159905,0.33044292786906315,0.205834552008123,0.13453436720282508,0.113304313263027,0.26090156976023765,0.27314374744762115,-0.22062499903624996,0.15431496118249416,-0.2752650919778121,0.3609121026842762,-0.2634592629669823,0.24216225515718953,-0.20396966354763824,-0.3680167230367152,0.2107681152014656,-0.026179065026782522,0.21868760418626915,0.2209975460284196,0.18363440808533082,0.19846340904591753,-0.370696895520503,0.2287133419416973,-0.28258203470477095,0.32706261253644253,0.21487280485966592,0.38583248445158475,-0.3684884045288463,0.1499093864544862,-0.1095954623061668,0.4786792097079185,0.08880868407615314,0.17653903075813696,0.09045894037603738,0.3141341735224465,0.1779389137390782,-0.15266353960614165,0.2353779341859295,-0.0015911827824787346,0.01575571999260851,0.00017333828110202912,0.43639366995918927,0.41248200746770736,0.2339515755739405,-0.05110369650257293,0.05357650220336441,0.41209509362825,-0.19222343059977656,0.09872546281805317,0.4894617442142135,0.416200408515168,-0.05123453247704978,0.09671985984792218,0.16880143177454449,0.1297229261082096,-0.20107722726299532,0.11382816554943143,0.1965650117455523,0.10938057307476427,0.4730768561850324,0.27051400602846243,0.3338888374300698,-0.03035416122756268,0.6128368292352617,-0.20917181906227814,-0.1907615643094583,-0.19803119487844945,0.5740068060044552,0.37690678266708083,-0.48512450724227263,-0.33062563917038124,1.0,0.09212652479340408,-0.3092495375861123,-0.18661462893789182,-0.09459897807431637,-0.18469151332687517,0.15683194973768447,0.027760164842120266,-0.2923176970088482,0.04825172425413406,-0.07081945854103215,0.06729488526014787
Lonely_Q10,0.09744846059922771,0.3804916969929062,0.1236654348070784,-0.3575985207724992,0.08874032758972478,-0.16308328228418545,0.11383352542598577,0.14410030746370062,0.06962998394035105,-0.218886477759284,0.2970455347702551,0.21436364592267684,0.20092532975839827,-0.2666338142065374,-0.11996373490840792,0.21500425819571733,-0.2577933614595099,0.06531796212524521,0.26413833794793407,0.40919191455166243,0.2130245615073679,0.12517672146610442,0.26976819912556516,0.20582241173752175,0.506857430999462,0.22597902022423016,-0.1529164561626312,0.35963372538478366,0.3844096074999938,-0.24232788007792075,0.28263240746567114,-0.17288705668317733,0.18156983696644077,0.08291423007399092,0.07546531659473152,-0.14564629688581832,0.16460291165760332,0.07637504732848452,-0.3168851097568587,0.20480310781033068,-0.014523346273877448,0.4014533848919094,0.22608810662513584,0.1926063111262195,0.3968200430772558,0.10966632163928891,0.237430624016313,0.0081120626239947,0.3107251470627227,0.23575200408164435,0.2513849380364084,0.2132044877435108,-0.46027666164145076,0.20240643321566465,-0.010640510600174208,0.4007134038828776,0.005807465228557018,0.5021525703104333,-0.2716757112850362,0.20665967671340313,-0.01937922938069039,0.25851748208357733,0.15759806496742204,0.5570303680816462,-0.06743706400125926,0.06163112619143337,0.09852391216724196,0.07365287931709716,0.23062980921993842,0.06590625435541239,-0.1880787461452894,-0.1853657512842326,0.45180683785978837,0.2966117659495034,0.48537086929747403,0.09472575802893204,0.28126729252267424,0.5463317116063648,-0.20079706808300513,-0.014545879097646403,0.4114244379321422,-0.02365707006555052,-0.058606832621033826,0.14005605097185264,0.16577518907965166,-0.020547715877763825,-0.01939318913055532,0.14984820183576386,0.15759692883071996,0.362877683096236,0.21410145633269728,0.346180007495431,0.37865692083835045,0.5263331581465738,0.2732831368097412,-0.485937758935947,-0.39171818945330983,-0.11884606636456405,0.30018259538602243,0.056433836731132246,-0.35006120987750383,-0.3886541502499571,0.09212652475219028,0.9999999999999999,-0.1494691802445206,-0.07341650292774714,-0.15920512807943568,-0.2859048060519466,0.27256974515770527,0.13714314208663864,-0.026790114171513085,-0.009657543147142664,0.058674358304097424,0.11009093485936246
Lonely_Q11,0.4583815890563964,0.08374334313875133,0.4487399599844847,0.27675204346411447,0.03467111805097245,0.5365995090469712,0.23369537435945775,0.35509531907649683,0.19345696817160463,0.3511894901825793,-0.4047252201484395,-0.07712173474458439,0.33172699499734803,0.14488442538646626,0.5452470496706945,0.32689231787658274,0.3855569680091602,0.31025346517859054,-0.33879642282906786,-0.09231796367327287,-0.33963380958830125,-0.32947608172313825,0.16276585639362387,0.42742183610837525,-0.2539887270402198,0.16301833608455663,0.5627820668196459,-0.5330522091865793,-0.29335348032931063,0.56143935226714,-0.34894745056462384,0.47883005370497916,-0.2538562283283927,-0.07288881373837208,-0.07197894845044017,0.2517157736689048,-0.39011170080145163,-0.13898957941175594,0.4200218244140744,-0.11312878513465394,0.3053698568010861,-0.2774259755878369,0.3639783452594427,-0.3863895075399262,-0.2021356642270031,0.5236269955894672,-0.41978772188388175,0.1081432523719546,-0.40158025433402267,-0.3922268984094245,-0.3394251019358785,-0.3211026905848381,0.38973172708137505,-0.40620627586245633,0.4519302077577847,-0.45780908356462013,-0.2417515392660396,-0.329501653492371,0.3500353066092502,-0.19613866358785073,0.033689152387867904,-0.39106906291125376,0.18546547112069542,-0.17089158489233658,0.011815445217187949,-0.2368546421972778,-0.14737106633285546,0.2450801123760813,-0.09466499412939998,-0.012432670298611996,0.07659002975578942,0.23123283124513444,-0.22432509141531717,-0.429458192796362,-0.0735430174861751,0.15767899135263302,0.15839891646265364,-0.3538586964882587,0.21779626255768098,-0.04606712221836274,-0.43255307190488795,-0.11092084121003466,0.14095126319886883,-0.14554121896174727,-0.3797405873060258,-0.12868201929185,-0.026401519692473605,-0.06904009699711688,-0.10773086215231353,-0.18262889823160386,-0.27972909786939937,-0.23593552250535577,-0.40825182797403803,-0.09548309224570398,-0.3656563999363595,0.42738730854699747,0.43149792265698844,0.5394365216042315,-0.2700312557844059,-0.2513790358908018,0.43183240743132767,0.41533802154903554,-0.30923949391672206,-0.14945665305224898,0.9999999979489458,0.5229292155618993,0.471924301189991,0.541371134390626,-0.41114617442392765,-0.3035524828797115,0.3404197375856993,0.1750340335390253,-0.25938558593551403,-0.2702616874852091
Lonely_Q12,0.33850833920964274,-0.09918220345048685,0.3140390172405519,0.31821650297279214,-0.08779165913629262,0.4653101613812398,0.10631169216700534,0.24748109389323233,0.17942930917465538,0.23717326946936523,-0.40716610211242826,-0.1563528538708383,0.1920582716809292,0.154165241835498,0.5062846671983183,0.1947747355499443,0.48236425456135257,0.21137260785374162,-0.1764312085453874,-0.0900447437641801,-0.1628567426863321,-0.170037754456972,-0.011520647608504145,0.2744401250283828,-0.4087081026493392,-0.07040922683392356,0.3960557079359479,-0.42462486683622436,-0.32090969590902496,0.39985376125174305,-0.4270661569943605,0.3916767728993499,-0.3900290387208701,-0.13588724940443309,-0.0843642671529436,0.2632137702863773,-0.21695406051917177,-0.26916275306314513,0.40738510608086353,-0.03878685641771219,0.16998435520255767,-0.36978496231903624,0.25489433158430924,-0.5395069763237159,-0.31386950931510377,0.31179536245177875,-0.46335925790195676,-0.19481506936084364,-0.40246486002191517,-0.4715367208530582,-0.39374007307050923,-0.3939434714482042,0.4354834327254441,-0.252018620331584,0.30829442641744487,-0.38660376680078806,-0.28888691190884774,-0.4792170170658914,0.605269076362096,-0.2630096703930907,-0.01770405586443019,-0.44617998204377296,-0.07695197598855577,-0.3294540367512572,0.08214663216205634,-0.4018642545435562,-0.14303959919213338,-0.1378622280681232,-0.2350668543308527,-0.2833091282579357,-0.030757067726179338,0.06554319332673812,0.03273635459876911,-0.4718339271938278,-0.32399174331840563,0.029818794303125173,-0.18710540623365335,-0.3117508765276973,0.08077923530852675,-0.166218826797404,-0.4520798511182878,0.10997070018754601,-0.1668317288250069,-0.17553333665420978,-0.43291253203296304,-0.21193489360810241,0.03523410678166734,-0.06952197584645815,-0.19003525085199685,-0.2250969154217669,-0.26547379427003964,-0.32772632339956786,-0.3702668553602273,-0.25713602761922383,-0.24815976902596337,0.5580937399186788,0.44072163497312755,0.38252859923946847,-0.2318704838910422,-0.24002267902187643,0.4504674149711042,0.5129580025701173,-0.1866832681278092,-0.07318304366996699,0.522790181355534,0.9999991026729249,0.5668695670587549,0.556087588183726,-0.35521193059513134,-0.5300215941085237,0.19000424993851325,0.5345657207972051,-0.3575819595726318,-0.39828423820063225
Lonely_Q13,0.3093649922470404,-0.10493729035416853,0.3445619174394353,0.260317007899425,-0.03791186518782381,0.39192461518750316,0.10859086507685498,0.2676046552114485,0.11395582271873264,0.302455515269409,-0.28764217102480205,-0.018925410927739954,0.09753164797469822,0.24378478588230582,0.508925467573574,0.08988040984375993,0.4478021816963428,0.15506896459700148,-0.2115967297821199,-0.109500634857493,-0.25031977217936896,-0.20517602303228855,-0.12770254723778837,0.31381072103719376,-0.30941724737794785,-0.12621734000585405,0.4797831857317821,-0.42632503701559055,-0.32417971932007295,0.547609428446364,-0.3122672511919562,0.528926773651822,-0.2956786263193207,0.12574991884665299,0.13267132719723818,0.3834237891469023,-0.2558835564575827,0.039694938986803804,0.4879877280696686,-0.16448329264216924,0.2141567377480902,-0.27320741495340284,0.21651662044612785,-0.4036058019664091,-0.2972942272212076,0.39562305406767745,-0.347146148004057,0.0158446630212299,-0.32108723604248113,-0.28265808617206656,-0.22266182523803985,-0.19666314505461707,0.42140806571145173,-0.2503649020642129,0.44386623140313136,-0.40896562327640296,-0.2381988122407033,-0.4374132654804319,0.4258647833199365,-0.23218064184047912,-0.0660983216572951,-0.29254668567561376,0.1591585639981772,-0.311509051769058,0.23029307701605628,-0.32465831634337083,0.016223754127018108,-0.07889142591058734,-0.03273767817756463,0.09955643533517722,-0.02440774774196665,0.2029961678191471,-0.20289046735792854,-0.41827175876588585,-0.32847723754528857,0.060372619735791756,0.05703514746668701,-0.35549601721151625,-0.01682227118523749,0.08390852424425099,-0.3863517306185825,0.009115487653343711,-0.004073555907201903,-0.10140673709857369,-0.3687270267585241,-0.006341043363609994,-0.033396941956572536,-0.061774123310841034,-0.05050211539291132,-0.1854717262207343,-0.2689157623124381,-0.3105236665726427,-0.483272948449908,-0.31190173355582596,-0.2644248401407151,0.4575355987065455,0.4949910555165432,0.40251603795208074,-0.2711686380564333,-0.11782875142116936,0.243944576008161,0.5730760535540826,-0.0781384668441507,-0.12761582702527507,0.4678377044904446,0.5843806413665511,0.983511583420388,0.33821852840205646,-0.33533992000063556,-0.5752671937331924,0.20158873198861646,0.5106060967485777,-0.36594122179937727,-0.4348046483009648
Lonely_Q14,0.2711556152324667,-0.18344057309139222,0.18910209780393972,0.27258975424156884,0.001840985378230589,0.3560345610204085,-0.0460921065740788,0.16078138579063986,0.053140249203980465,0.21177280675875437,-0.417378796135988,-0.2213772404004876,0.1281226086084334,0.17134405771295302,0.3810004487982699,0.15126672065948882,0.2842895503050998,0.18644684606952283,-0.28178181845382033,-0.16519893756239434,-0.26918123496436686,-0.2299604406683885,-0.035064135211080746,0.15196163737855234,-0.4005951527000148,-0.027316316065810798,0.44615540893041167,-0.4369720659207448,-0.3291572817590688,0.4262343016008854,-0.42789094394520794,0.37241030623974425,-0.29324598186284595,-0.07964714705408792,-0.18304007638189262,0.33247427801980667,-0.27195187230559414,-0.2169881776488668,0.3660340357198101,-0.14743940773896225,0.06372729704705615,-0.36813401887392194,0.22243754581013206,-0.43862655913745674,-0.39456297692150977,0.21772232105491235,-0.36245560020444034,-0.06499136852147155,-0.39508399858832405,-0.42821351713960804,-0.3834609700470595,-0.39500872194146547,0.4373956195936812,-0.2834686460795661,0.2106683745850305,-0.3491599196841244,-0.410421869701539,-0.4283347288089976,0.29351886872909105,-0.19405454008893863,-0.00014851136316787472,-0.3560407878512759,-0.06783134072973918,-0.40814676254381616,0.17826110741290532,-0.21177835449234453,-0.06837318298684807,-0.0204771818791046,-0.4571144705212136,-0.21540563068737975,0.1676249862959576,0.17782037212091922,-0.2884203275895832,-0.3536507552886322,-0.23334406632124471,-0.10972414220689833,-0.2666506912717128,-0.3028448635070906,0.13887958273065246,-0.13398464175442987,-0.37950709274930916,-0.029041841749888234,-0.061394170025855,-0.2564315608455874,-0.33012029363164364,-0.055659861575418974,-0.16556582666423728,0.030620230449394506,-0.1550302251059084,-0.1864743618255909,-0.260713718978584,-0.37239821870171985,-0.4657878499408158,-0.37875488983231853,-0.12682972743962262,0.3857918602220015,0.416245621557043,0.47099506106215905,-0.282242065049267,-0.12741495794458388,0.27927899669646467,0.30043877467022073,-0.2010108164241156,-0.23785482402664565,0.4607648028791267,0.3934247608668814,0.27946460683816365,0.8521795085833177,-0.4977431052904754,-0.20873102622353454,0.1600067588282454,0.2720099659138249,-0.22647864669109655,-0.32497779175550934
Lonely_Q15,-0.07718090264682909,0.15282221447322933,-0.14824753104776253,-0.2633472163998615,0.2740415819869921,-0.37754960567888124,-0.1181220712869274,-0.08684337398714884,-0.040315887941030984,-0.36174492213412146,0.3939938642927119,0.006675764936872108,-0.062239677425850404,-0.2419818531565969,-0.41114195910854245,0.12005104723260501,-0.49942268947615254,-0.2910683392029504,0.40939900698822446,0.3655222773206907,0.32955748463432555,0.33021302374395844,0.17070580374841504,-0.18567646465554546,0.500188077734887,0.10653734223266093,-0.5908453119676349,0.5282886793754471,0.6139633549266071,-0.5294046714731517,0.4956966642101095,-0.5364096471122968,0.4075827397568978,-0.03809430928169736,0.020669889430659304,-0.22289706552414068,0.3951090577470596,0.0667397879064002,-0.4679445441538892,0.39748947481731867,-0.2859170192668453,0.5703887391769237,0.06592120477868163,0.6074571154119482,0.39278010351603604,-0.3284163969711788,0.5134762660184671,-0.16755749655271193,0.4878100804869179,0.5263601418487749,0.5093542260583275,0.520173820366364,-0.4994520223786581,0.424981231739548,-0.42715376359512935,0.4316203022036264,0.3579030636346957,0.6337640775242617,-0.4421756496082278,0.18654860858336403,-0.14431175146744415,0.6543788544228063,0.12802071286027783,0.25151373487722467,-0.1904737823451803,0.2914936421791874,0.3017089818298666,-0.20179447657468885,0.31532236594072666,-0.06203276977412784,0.1071539758423037,-0.10847801457582243,0.312606751215329,0.648415336552864,0.35843554389772503,0.09840689800096826,0.08495227484629611,0.3934007404432886,-0.2988822509656701,0.1339711442463967,0.6424300914820398,-0.10258939537230316,-0.08817360343056188,0.3623537229721705,0.4833889207209826,0.20334072046884544,0.18835552448021115,0.3160365681260916,0.22159903091315483,0.2938586446396422,0.4638229907370448,0.16288852973222914,0.4071714889321044,0.18736535948929287,0.3214480920063529,-0.4578350345503835,-0.3989108996429249,-0.4968011803208445,0.31773923823523054,0.3065878619033544,-0.3150831898050519,-0.3489248326494845,0.1572368758537337,0.27219508208229437,-0.4118287508217385,-0.35612944883365905,-0.3385909077211204,-0.5154009204200093,0.9999789547777327,0.5229928780765218,-0.2727673516830423,-0.2777381165055484,0.6437979446545485,0.5783849893297673
Lonely_Q16,-0.0032403864948477995,0.2624981474339044,-0.11028709892209723,-0.27556401275980924,0.3452913223706903,-0.22381704536524444,-0.12471715172145091,-0.07478055556117796,-0.11539005843433456,-0.22982362539214213,0.39649329621984003,-0.01949145413399974,0.07377380546349327,-0.2217219284161362,-0.40091488910643314,0.15491562372834639,-0.39149307644191056,-0.21790478751591869,0.273039223920185,0.1911687909209947,0.19414441294987925,0.17265372810940935,0.30295845544815025,-0.11264615367465719,0.5424500709064467,0.2564075033081951,-0.4292895632370618,0.49205104969515523,0.49779678459021837,-0.41850812298904794,0.43653633342307685,-0.3985197881893235,0.5461491378943478,0.06906988852127352,0.021119405790587735,-0.27724283250063775,0.20813689901214116,0.22270675123798908,-0.3508683804323264,0.24298193630747217,-0.21656474419947921,0.35531233261798384,0.0966930433583247,0.5061590199888428,0.42140480481072806,-0.19580643689205898,0.35713929220743806,0.0329275867673377,0.25839253792965766,0.25018113260586855,0.21898675345396384,0.2132837169949785,-0.2675214634957525,0.22787762514279103,-0.3681185696730505,0.38640621753566695,0.19590437485698176,0.4523318589651247,-0.34433460313710007,0.2477275844583719,-0.10181148568387084,0.4538251831303166,0.07000508188862056,0.23505604279207287,-0.2536632345125872,0.5065606955757874,0.28245810517081726,0.05728938391925961,0.0065886907179856236,-0.009736447459411476,0.1351942627705361,-0.1425558926664093,0.14701385385016563,0.5455752438040498,0.33172613956485786,0.00857418502450337,0.15437680500149137,0.3031911170831836,0.050430012329705405,0.25631138454176766,0.5411876847008268,-0.24086548175957112,-0.017859360072805447,0.38908082175919045,0.6165105472528735,0.2443733640785548,0.22054247505559965,0.17444991460301545,0.3149132059681062,0.05127120370186847,0.2618664542110823,0.2681787025475124,0.33541814607073106,0.16129351009004722,0.24334317263346464,-0.48380843475812607,-0.40826437963976486,-0.2690787731615001,0.1751143889806046,0.4440888012986255,-0.28662439602347645,-0.42010210608314424,0.027755621283792775,0.13714003576045544,-0.30357042086566366,-0.5298997188964727,-0.5872176094726187,-0.31092885721773833,0.5223751621152962,0.9999999998623916,-0.12141968209868398,-0.3386451840800694,0.5333538781248758,0.5433703329082191
Lonely_Q17,0.3447857676250762,0.08960951449282056,0.3244408700951848,-0.002615198701399521,-0.006171092562961458,0.40590079561745024,0.5057041528697286,0.24793449482690638,0.4765328125690611,0.23948753661263922,-0.3661352400977157,0.020958212812017717,0.5477498090178665,0.1279917900515522,0.5076016850623288,0.26919683766521946,0.5543239375067484,0.35199857747047864,-0.17623862540543125,-0.21804605485786058,-0.1254548566836219,-0.18421029514026002,0.21150317901511353,0.3294364166696082,-0.10988943965958757,0.24735413941132217,0.534741967965277,-0.1457498641952699,-0.09040503493881946,0.34852491605977115,-0.08348165321340481,0.22556988581315385,-0.30138839781963284,0.10632143505733024,0.052720950125929,-0.02397398880053425,-0.22720165489006627,0.1332200709396038,0.20004101548047484,0.005904241669046129,0.884099836009183,-0.36970726759123496,0.27781475349175205,-0.278829008644788,0.006619765265092559,0.34101557988480447,-0.3455413463592132,0.3339490709136821,-0.3703908073768547,-0.3300870658744136,-0.33745134329605087,-0.34008462448116417,0.3518982856716517,-0.2616061087276538,0.34654057298001706,-0.31515888734023845,-0.23803226262682256,-0.352001151852602,0.36662107435905367,-0.1872027561628196,0.3601418482700395,-0.20054834091440843,-0.014056958152524238,-0.1822137195092123,0.048130592004172974,-0.3114600071221926,0.12737623480799404,0.16121101546022912,-0.38723671753035155,0.05550143660753569,0.05055397142358949,0.5002228136783473,-0.19176629353128533,-0.23517161935736725,-0.22571114092904232,0.6568716234749508,0.12178448118344459,-0.24052914067993045,0.2191302653185469,0.20320814130872578,-0.3251937322436175,-0.05338174889568102,0.054931715315057764,0.03482248159790698,-0.1350900127735925,0.12145950114645973,0.2866818513000745,0.1601951541629979,0.05927727120694208,-0.23743654365457634,-0.21847545641667765,-0.12237542954907865,-0.2669191262363391,-0.07881345685643909,-0.23180841340400876,0.1359559522035247,0.2732583115639184,0.21521484521132545,-0.20393689184738698,-0.20425184712532019,0.3857204271034057,0.3273055976542101,-0.2923176970078702,-0.026790114240212146,0.34043646386538046,0.190043725612367,0.17416207561994038,0.17657718185179527,-0.2730081425561134,-0.12142003609844146,0.9999999999999997,-3.5068144221828135e-10,-0.12931763933452953,-0.03163987103739486
Lonely_Q18,0.20672167560477825,-0.15303852464368692,0.1945760927665042,0.08614158905937969,-0.03337669812691718,0.2884157999170353,-0.07226459946232626,0.21435070794740152,0.06688761896569036,0.07980084861367812,-0.16355698281653802,0.05208945948893699,-0.18317386944385092,-0.04617176686265248,0.33563360746087106,0.1138759867348306,0.2560549020465512,0.016920976229709436,-0.054835451182955894,0.09747671954331082,-0.09269346584104385,-0.078704196850836,-0.1342010701126396,0.16679859390821888,-0.25293689232258454,-0.1458808209433229,0.1744643309358137,-0.3386761364795618,-0.22138959899184646,0.34287686235172943,-0.2732855550498793,0.2784290003089062,-0.2457011347604824,0.1743841411341352,0.08955243606197229,0.3052766561672141,-0.11885823338759999,-0.04485004569904815,0.21902491282195738,-0.0859871838371041,-0.04745694224292171,-0.20547695695816942,0.14985658296338947,-0.4813897947120275,-0.20335227006313575,0.19625957388181053,-0.35451939307152114,-0.1776785330459612,-0.3520951766324244,-0.3488181730044507,-0.36011811700746366,-0.34364685782674276,0.2020165647736594,-0.177551337567935,0.2710845255058769,-0.23576640523287856,-0.20199878209517116,-0.2916395191101052,0.3188205354580943,-0.23931472326109388,-0.10712618269243168,-0.18962962655146245,-0.04488414579410832,-0.3025073098746325,0.28113177163077785,-0.3669498271236574,0.02166071781838245,-0.20050946694058314,-0.16906082815999562,-0.20134961379369004,-0.21747715293091058,-0.1411119706781354,0.08278675373453138,-0.2560810190223567,-0.10701037018770852,-0.017084632235901454,-0.10631274770284108,-0.007809690802185354,-0.23637259586300916,-0.021581547129911352,-0.23769562246175102,0.083682748706192,-0.25543507131765497,-0.038487472123985046,-0.25568140644858484,-0.13824941208191716,-0.17563869184662012,-0.02086624779802032,-0.06269573788045009,-0.33057220988820335,-0.050858531114610486,-0.28460331622120744,-0.3360655012087853,-0.2944521528891172,0.03581331189320185,0.36680582044906324,0.23267760901206003,0.2462302123228653,-0.057263820452867764,0.11561289103975544,0.12507666143557744,0.4104248625465248,0.04825172438791362,-0.009657542804190691,0.17503004333101657,0.5345918940330208,0.47309409653595513,0.34991562105369195,-0.277752016640633,-0.338645113673958,9.950373858202965e-15,1.0,-0.4337791059092788,-0.40280573242041107
Lonely_Q19,-0.05583924236653508,0.23978858585802942,-0.2336552130500365,-0.16116364854837842,0.30525817339223144,-0.356400486867412,-0.10339822127711312,-0.15317430067698068,-0.05594624850375675,-0.22017998259083219,0.38958736419609047,-0.21888736462405628,0.011104752137524862,-0.23904836173183266,-0.32858500215868847,0.12223282817789977,-0.36954172944026165,-0.2536173228181137,0.26161614185701565,0.12953951479894837,0.18398874258751877,0.18615936779992084,0.25254332749663944,-0.21551015411088434,0.4116603211578796,0.17620159683247752,-0.4629230133329901,0.4414707011026219,0.5497431738933499,-0.3732194051109973,0.3361537630576665,-0.4648120915426026,0.37368940273415796,-0.05692137784546906,-0.03494448944885823,-0.0007860469446779837,0.23992346667198264,0.13553231257463033,-0.291721479074092,0.30435112719845736,-0.0984764359869596,0.3571750800429998,-0.018019342318894127,0.5514088871422267,0.31199437396101226,-0.3102250829811816,0.41771878875678087,0.023939532022965823,0.3203421923346519,0.3183241462781987,0.3187182621930118,0.3252085575503202,-0.2231537496675735,0.2648836520348295,-0.38326834033822466,0.3646835336873522,0.2817050912670241,0.44231270459107985,-0.36041240014096315,0.2844718917062924,-0.08459078066972134,0.5633455774403152,0.05656224812864147,0.16537394798863647,-0.1670724947709986,0.31241379186815477,0.3296721360093741,-0.1281193690382859,0.061875915380657884,-0.1572362655122872,-0.006366453405148811,-0.14196885355389427,0.0031836690618056995,0.6023656541066736,0.185645242918034,0.05452726253212227,0.14061114406957037,0.13504196848905095,-0.039343149509979955,0.2807893428307082,0.4970700385326163,-0.15338542415683798,-0.08538042687594055,0.44213323907380064,0.46169951068770254,0.1465803344051733,0.2625747521895603,0.3350888426343076,0.3582017911186115,0.15338043987537603,0.2394763381445308,0.152322073887896,0.23980910441003866,0.014683507796767463,0.2532363960215159,-0.28333060370561874,-0.22903284281165331,-0.44090273102956823,0.22442931964298887,0.21459914066432262,-0.03646208127705051,-0.3010217593642414,-0.08042278215173636,0.05745529029126963,-0.2514755236504556,-0.3519631021871269,-0.34320785828220407,-0.30869193187135985,0.6526950347369204,0.524748190818744,-0.12742989998323517,-0.4345889889476872,0.9934697531821628,0.6449775422375434
Lonely_Q20,0.03938507323830612,0.15909731574208213,-0.015398470025408617,-0.22142510702860424,0.24951260790652066,-0.13530074143549958,-0.020580074290257155,-0.0372915755189948,0.13392389332035154,-0.17803820105051946,0.4003405069871052,0.056073955561870475,0.2526786101023228,-0.26875681471204854,-0.3490584445193772,0.18664036869004175,-0.3223199399452973,-0.17496762429582446,0.2869845529679689,0.2484758647064494,0.17088306150660182,0.18719543279195075,0.13708595583787053,-0.080614883948879,0.44346018519685354,-0.004959591644986244,-0.39180676518617485,0.47515852352579036,0.4191370652527199,-0.3683074012157132,0.6296544243684602,-0.30923490013584587,0.44293211715763947,0.09461643449594986,0.03143676730881577,-0.06771036175668448,0.20287534429571047,0.2641877477520807,-0.39659585603805103,0.30415625527616663,-0.0423048970528353,0.47795935831760206,0.1895090503357022,0.5870348592703496,0.30382553660492284,-0.16616422344872075,0.3630699418344257,0.1675617496354474,0.2812637720574972,0.34110181792244754,0.2607835498926117,0.27423007477371253,-0.344377014584906,0.22549022019430695,-0.30519717550867775,0.403105688968902,0.3014448377014204,0.46831447910257423,-0.34134067070798746,0.3569529844923841,-0.09351533472425638,0.5453425221791275,0.2186145222249945,0.26515197850101363,-0.09034717401577655,0.39624986909383364,0.3563902491994368,0.04030623686988752,0.1783507935632199,-0.1461248403167969,-0.05239102133020797,-0.10847370632535455,0.23103268881693323,0.5791840921792699,0.2591666344662614,0.1566319046954101,0.07682379374089329,0.23451429488392433,-0.04192970385714974,0.31660750624786477,0.5049176089884835,-0.003842180261116296,-0.014929169326303907,0.3938516523428832,0.4032487749848736,0.13149252968576408,0.15543995347986678,0.23105836971323024,0.3806038978636669,0.12173941217280616,0.4791609156279092,0.3585251860205685,0.40293455999372685,0.14575430394256877,0.30423038604769514,-0.3679785008401556,-0.3688557227971516,-0.40216057000801075,0.2948511909746137,0.23364095321243505,-0.21275149502588084,-0.3220122333811092,0.06729494532912084,0.1100909173379494,-0.27026379727364325,-0.39841236160946836,-0.404124460835155,-0.41133506050473034,0.5780903152569875,0.5433694111403805,-0.03163986674532399,-0.4028057329752283,0.6367946277731806,0.999999999999627
