label,IRI_Q1,IRI_Q2,IRI_Q3,IRI_Q4,IRI_Q5,IRI_Q6,IRI_Q7,IRI_Q8,IRI_Q9,IRI_Q10,IRI_Q11,IRI_Q12,IRI_Q13,IRI_Q14,IRI_Q15,IRI_Q16,IRI_Q17,IRI_Q18,IRI_Q19,IRI_Q20,IRI_Q21,IRI_Q22,IRI_Q23,IRI_Q24,IRI_Q25,IRI_Q26,IRI_Q27,IRI_Q28,PANAS_Q1,PANAS_Q2,PANAS_Q3,PANAS_Q4,PANAS_Q5,PANAS_Q6,PANAS_Q7,PANAS_Q8,PANAS_Q9,PANAS_Q10,PANAS_Q11,PANAS_Q12,PANAS_Q13,PANAS_Q14,PANAS_Q15,PANAS_Q16,PANAS_Q17,PANAS_Q18,PANAS_Q19,PANAS_Q20,POM_Q1,POM_Q2,POM_Q3,POM_Q4,POM_Q5,POM_Q6,POM_Q7,BigFive_Q1,BigFive_Q2,BigFive_Q3,BigFive_Q4,BigFive_Q5,BigFive_Q6,BigFive_Q7,BigFive_Q8,BigFive_Q9,BigFive_Q10,SelfConst_Q1,SelfConst_Q2,SelfConst_Q3,SelfConst_Q4,SelfConst_Q5,SelfConst_Q6,SelfConst_Q7,SelfConst_Q8,SelfConst_Q9,SelfConst_Q10,SelfConst_Q11,SelfConst_Q12,SelfConst_Q13,SelfConst_Q14,SelfConst_Q15,SelfConst_Q16,SelfConst_Q17,SelfConst_Q18,SelfConst_Q19,SelfConst_Q20,SelfConst_Q21,SelfConst_Q22,SelfConst_Q23,SelfConst_Q24,LifeSat_Q1,LifeSat_Q2,LifeSat_Q3,LifeSat_Q4,LifeSat_Q5,Lonely_Q1,Lonely_Q2,Lonely_Q3,Lonely_Q4,Lonely_Q5,Lonely_Q6,Lonely_Q7,Lonely_Q8,Lonely_Q9,Lonely_Q10,Lonely_Q11,Lonely_Q12,Lonely_Q13,Lonely_Q14,Lonely_Q15,Lonely_Q16,Lonely_Q17,Lonely_Q18,Lonely_Q19,Lonely_Q20
IRI_Q1,1.0,0.1654074995709845,0.020722084562656,-0.0681265508511575,0.3106758435615054,0.238670719593407,-0.1945684012318745,-0.1340795177315799,0.1084238742561149,0.2198075265554309,0.0241463462823097,-0.1341997672803817,-0.0077737401226441,-0.1005448593053449,0.1181887052559012,0.1663690080508833,0.1990156799342056,-0.0344961258891951,-0.0963124239800578,0.2603787951367052,-0.0039680992269869,0.1780871501817695,0.1230513770443247,0.1071729078051158,0.0249539904812227,0.2427639177770467,0.1493053853649166,0.0219179824518475,0.1327199636877082,0.1018280532216071,0.0403652785375542,0.1856349158438763,0.0734145911412975,0.1922101305463541,0.1227547702613512,-0.0641455698938067,0.2345465325387106,0.3836836415745197,0.1149660940716563,0.4142217286838475,0.1274548081207985,0.2263442701659346,0.2080358847868074,,0.1773656001961384,0.2041696792125873,0.2915087696422511,0.0911908837013313,0.3850095499634733,0.4580204237882434,0.0349104128859935,0.2787550656695192,-0.0748466198652348,0.059691084629512,0.2238803559164471,0.2395310660708393,0.2740205006098056,0.2572047068121701,0.193094030736462,0.3223731628921846,,0.3741119310230757,0.0950544303044309,0.2295464981016518,,-0.0602911133349153,,0.3181134605922886,,0.3888500598293071,,0.2683967618972959,0.3512087031023216,0.0036378657473455,0.134953940261582,0.0418837305068853,-0.0102564906629424,,0.4339635811894647,,,,0.3608053505955683,,,0.3096022728261322,0.4992633414613767,0.0430252582951735,,0.403709705550314,-0.0274416055531708,0.0675470737926858,0.2775918813346104,0.5002804000902106,0.3380998249904479,0.2454568857931748,0.0877432176751302,0.1085421284394157,0.2406912925741367,0.3172755762157165,0.0644823959817106,0.1363631127321939,0.3978896872874532,0.2926112291053543,0.2731101792551863,0.0955685217099393,0.1430657021098796,0.0956467680892683,0.1475904438039947,0.3227043588915887,0.1374482785744731,0.0312339431085051,0.3172129676608536,0.3744373357209462
IRI_Q2,0.1629306245812791,0.9911066022049452,-0.1687205625565997,-0.404729083999262,0.2035422600660089,0.2044551494439783,-0.2038623544177101,0.04364206885488,0.4852712068821775,0.1520859946304882,0.1742516782971677,-0.1928145478629004,-0.2412512649959011,-0.3509848458366795,-0.112207590431801,0.1701141012922727,0.1346549750157294,-0.4303822912546408,-0.0791459013151322,0.4395721393391829,0.1131132741751063,0.4300544205061042,0.1320706670935357,0.0971145751545771,0.3789192157700267,0.0622041820889903,0.3290042956196934,0.1771184244438058,0.1591707272625453,0.1034909779336402,0.0523484186699859,-0.0355097242072783,0.0510976130307595,0.1918874926510297,-0.1028110796663807,-0.0276742524258117,0.2297965723122619,0.4354673801623317,-0.1500674737619725,0.5023920736213157,-0.0541887559913332,0.1828732428509421,-0.2001331068329562,,0.2056236587459136,-0.1397464679301658,0.1491082972479388,-0.1566725363625831,0.1729302300835646,0.2827842418366904,0.0067171248640215,0.0077374283722617,-0.1259525029100848,0.0204810506923215,0.0734458037715141,0.3725929072326006,0.2321040103593622,0.1378452855607429,-0.1525282180448752,0.1780643661481111,,0.2346161218822194,-0.2114730715518077,0.2174334693050234,,-0.2797135166847,,0.3108932403611074,,0.2320017360601543,,0.2088795656028793,0.2939491457873739,-0.0376151305209954,0.0383233937093202,0.0809154276853001,-0.0166973886589454,,0.2119218204112171,,,,0.5343670189345477,,,0.1073856517340416,0.3369457664898745,-0.0043953077987505,,0.0252094033783346,0.0063820653171124,0.002194639812392,0.1008929972826313,0.3747047333169203,0.446250348633221,0.3251886544214025,0.1187900940154651,-0.1541843818826594,0.3961415208926773,0.4083124559652194,-0.1046581109331207,0.259855242060682,0.4517715145420012,0.464320812136179,0.0847650403274616,-0.0841800804969929,0.1584061470108237,-0.149149351187194,0.1847647394238477,0.3809391532095012,-0.0951581639648965,0.050848316892484,0.4827547066357446,0.4184109829790642
IRI_Q3,0.0495545475267048,-0.1288311825109769,0.9807997493495916,0.2041126398630316,-0.0815143533234784,-0.0876307630100295,0.1465110599137689,-0.3158662889508513,-0.0943167363365897,0.0012128196577434,-0.3060922479831222,0.1468871846881154,0.0067335586734129,0.0241315006455984,0.2181371029708643,-0.0014570738165039,0.0600246943029394,0.1408285783811527,-0.0162697511301666,-0.1299072838660187,-0.2007347214658403,-0.0828440152465092,0.0181487258567613,0.1590093547863582,-0.3232058759352568,-0.0818866217312912,-0.0124983289887177,-0.3073232524434461,-0.1104306067527229,0.062683160938758,-0.0086473001658461,0.1576716204451727,0.043328838428275,0.1635238452582449,0.2525297122650004,0.2405652193811868,-0.1182867082958429,-0.0175956862551668,0.345879791028796,-0.0521570790638057,0.3933374795234681,-0.1206096702991088,0.4549305790948336,,-0.0951060360932305,0.4292390124715148,-0.1223813423832951,0.3779864216611761,-0.0026661505140419,-0.0684390962485318,-0.0253724993346045,0.0690699194247061,0.3413446454436436,0.0729420485878619,0.1543283636751187,-0.1176144347545728,0.1201340755124754,-0.1765574568517807,0.4957432608840001,-0.1151632609235591,,0.0216071220514854,0.5640465151766547,-0.1412746094395804,,0.0241370206755555,,-0.2298957949901849,,0.0282176484164945,,-0.0648007140491578,-0.1002789763485877,0.03305606644352,-0.0403747932266388,-0.0742837282902579,0.0270303456494727,,0.0239520337320417,,,,-0.0624399117860414,,,-0.0347679669372728,-0.1127098830177697,-0.0376093667281217,,0.0388665785868434,0.0723206511520284,0.0025376882028311,-0.0139996532008603,-0.1114137139722718,-0.1955903162045358,0.1291236847257438,0.152515192501893,0.2817228036016649,-0.1757466847145624,-0.1692212243094948,0.421832158482592,0.0560205235352874,-0.2209750823801285,-0.1751384033867641,0.1856516146269709,0.1051255060913087,0.075194840015322,0.2578178303804316,-0.0375810460798683,-0.1512251559281839,0.3142528784824797,-0.0823151218056734,-0.2167187754997715,-0.2047295496471414
IRI_Q4,-0.0556673422938798,-0.4172485259556417,0.2006869015994948,0.9643384305774226,-0.1523235483538367,-0.095995113388238,0.1442313037240863,-0.175986794585353,-0.3514341669881292,-0.0645082800438333,-0.1839944554456734,0.1874857828854697,0.1715309252246489,0.3459425679945995,0.1736703125142834,-0.1385774256218238,-0.1077809805335068,0.4728402637401882,-0.0799076150047423,-0.2595304537076716,-0.1892161559940388,-0.2877933448370404,-0.0718806473286136,-0.0010154138652087,-0.2746634666404812,-0.0956535651041219,-0.2939968274203516,-0.2643459498845611,-0.1842576541808386,0.063612335540793,-0.1551745574839578,0.1329549526904209,-0.0569462008107895,-0.0043516588118535,0.3339563829319569,0.0886916862127572,-0.1833407941884844,-0.2258653476301694,0.3381834581315982,-0.2364901824817971,0.2244378543462217,-0.1216556046976368,0.3359394904742547,,-0.1917644396082303,0.3281253233369557,-0.0973497430726477,0.3553962939003662,-0.0603734936437007,-0.1423527035889229,-0.0621786266700374,-0.0063372658150471,0.1158690263327771,0.0250347413563458,0.0381707610141481,-0.1927234620186861,0.0207739788706811,-0.1441287407057596,0.3979840447459708,-0.1413639310037369,,-0.0935809224313482,0.2758449559381744,-0.1573628285216159,,0.1121942711717719,,-0.1477697604141165,,-0.0294130155809191,,-0.1679861380180569,-0.1613356440176306,-0.0115179998580198,-0.0491338249427956,-0.0758443398845466,0.0401130101873728,,-0.1068043966994908,,,,-0.1915629525014452,,,-0.0571561993648865,-0.1098705957930081,0.0033373251191534,,-0.0100413460554224,0.0208927872438892,-0.0453745440925581,-0.0539014099962125,-0.1112722830713373,-0.2252020337102009,-0.0992083108066897,0.0599100225941067,0.2381015771815984,-0.2566101636544203,-0.2537696096769207,0.1205949844853813,-0.0591534806353174,-0.2771385924995613,-0.2064274158561704,0.0108613870165786,0.018371863700416,-0.0081983208237492,0.11123415591937,-0.0607103543391747,-0.2444136036916254,0.1468273667594011,-0.0073841882574976,-0.2537435490589606,-0.1552025057262127
IRI_Q5,0.2574063591238653,0.3159160223017356,-0.138084298053999,-0.1988666030306221,0.5688915364090024,0.2784968590192662,-0.4826296819158512,-0.0155427229476934,0.1588518174486057,0.1885723372643034,0.1308622489953813,-0.4626904252301407,-0.2011969039853949,-0.1166462260892572,-0.0645744827510085,0.4163288306950596,0.1798070758649685,-0.1675032827821066,-0.0791800914490894,0.3986130557606513,0.064878854698566,0.2790152548241578,0.3711177077791096,0.0860259739104264,0.2615485630923783,0.4299938071936947,0.1902438874283977,0.156364087514855,0.1218259377924022,0.0732360600295255,0.0414028967807608,0.0302135495821414,-0.0033748919322932,0.0969681507594971,-0.0814224474116751,-0.0092023830387467,0.1308959099436449,0.34727279423687,-0.1557497746846632,0.4041841923874256,-0.0288293943111876,0.0390771779078105,-0.1467865887216579,,0.0931006470643404,-0.0492086418683407,0.1000164260111528,-0.0769907161102687,0.1360044335416978,0.2667457964261208,0.0296203113595142,0.0682690897434505,-0.0786778600985518,0.0412980862309538,0.186904012235814,0.139634109604418,0.1004822944795775,0.0772431851183364,-0.0708715749309196,0.1152040910981234,,0.0925640693248438,-0.1284449392515258,0.0878959528168109,,-0.227484524293607,,0.2119744226209788,,0.1529319051344569,,0.1273711255438992,0.2473059884412302,-0.0197290729215391,0.0687389376567508,0.0601590660560973,-0.0087577523695615,,0.1178385127220907,,,,0.2920756419593966,,,0.1098935908007383,0.250013294185016,0.0048668111020123,,0.1287948971857751,0.0271509919042852,0.0870987577168642,0.0726743389795288,0.3390464408251716,0.425761847268144,0.1648397838026977,0.0074002351049686,-0.0957643235670867,0.2963510876548645,0.3743663003694674,-0.1433317321308092,0.1819815255017759,0.3678952037414348,0.4472775953153075,0.0793290208934009,0.0905940013942313,0.1112642147932416,-0.1312649133908736,0.1804553353468462,0.3451124547166154,-0.1506181867691579,0.0266698569967583,0.389380994405773,0.3852669531426878
IRI_Q6,0.22360354840983,0.1932166479118473,-0.0783389014363781,-0.0901265598107309,0.1969372561327786,0.9629198973010832,-0.2544133877131385,-0.1187835798964962,0.0612016280014479,0.4513678269681045,0.0113468357487497,-0.1343282633126772,-0.0858926715238299,-0.0179533427122177,-0.0445303249019993,0.19773673441534,0.4586603399323843,-0.1430375651563067,-0.2904878123626755,0.2075061940324458,0.007832636620925,0.193044007566154,0.1681327153904946,0.3436835924069406,0.1738065028907998,0.1312947130324722,0.2610621024520778,0.0049489936408231,0.0712987166375334,0.0324191188468179,0.0502475971201022,0.0259828650786771,-0.0753765755995803,0.069629806464651,0.0309516113980394,-0.0534299815532788,0.099875054758257,0.1611063653932228,-0.0002965807596871,0.1647507559067292,-0.0732378611499939,0.0750539165024743,0.0060100699802284,,-0.0077899410242291,0.1456123355692738,0.0706585589029188,0.0257795651007022,0.1004052881524829,0.1658755243489721,0.0695503426909811,0.1243910820405079,-0.0552466722192848,0.0231998142704823,0.4474259537339603,0.1309766469675668,0.1749654376144548,0.1201104628976637,0.1012232550788481,0.0584996151781286,,0.1601748934964902,-0.0559324381331214,0.0678694074870593,,-0.1073575103658164,,0.3047433402989664,,0.1670377975524948,,0.1349532907536259,0.2048137887845432,0.0357275093202814,0.0741486168556829,0.1491381636480924,0.0158594719910345,,0.1792020919261564,,,,0.3086860778522979,,,0.1657636420001136,0.2309261587937205,0.0542716235784501,,0.1235645803268617,0.042432581373274,0.0575169608248739,0.0132032354446522,0.2688832419972082,0.2303924865483795,0.0757605355049188,-0.057495191887717,-0.1555358288169881,0.1257051173623782,0.1972532283813917,-0.1025618549039866,0.0550027276999295,0.1897268315656194,0.2532218416940716,-0.0482366289625037,-0.0163859857913944,-0.0120248229376971,-0.1553598043837634,0.024667660305091,0.1693378849472404,-0.0004017017316486,0.0057637943171518,0.2313337372408194,0.2452656843633476
IRI_Q7,-0.1945684012318745,-0.194766029359132,0.1631746571669277,0.136726624983476,-0.3073632374842853,-0.2478083568275048,0.9999999999999996,0.0713643309610673,-0.1332334564167435,-0.1891554983293688,-0.0864423561078434,0.4636625222657333,0.2357854327974848,0.1082800089123015,0.1007631280884473,-0.3754687087544396,-0.1384863913491485,0.1818459673157894,0.0953366085928164,-0.349633216593799,-0.0320830726468089,-0.1480468733561398,-0.3002586800789598,-0.1372908937319799,-0.2522188988776204,-0.401213220899503,-0.1714714803912407,-0.0571517142890144,-0.0430112949224378,-0.1449552416282995,-0.0180062954905153,0.0024060303183435,0.1100078551022009,-0.0188601121364944,0.0148096463839823,0.0732125117876707,-0.0573123847897989,-0.2561399035183417,0.2437776552118223,-0.2986075934876712,0.1251876815517835,0.0145052573266162,0.1363718659215194,,-0.0570311020085387,0.0610851479351794,-0.0789217986250052,0.0220507147940487,-0.0378817040102698,-0.1386915192548495,0.0010023736926693,-0.0003931983632357,0.1120584266003376,-0.0626958107672703,-0.1949401359365373,-0.0713738851099089,-0.1509812653684817,-0.0323306826871407,0.0464868537654413,-0.0715360921110577,,-0.0619244419060246,0.223327884343179,-0.017497082444649,,0.1811906557194079,,-0.199181076884256,,-0.11650481054113,,-0.0910454744687353,-0.159890887402664,-0.0028217597341827,-0.046729862995707,-0.0641117940906844,-0.0781853330509218,,-0.0793726117944073,,,,-0.2722336468446126,,,-0.0491138326829366,-0.2011493489721945,-0.0795053320262485,,-0.0618173895208367,-0.0831654069996844,0.0210041691047391,-0.058449518125035,-0.2438324669139451,-0.2779397975959752,-0.141274595651585,-0.0097636954317409,0.0970588548794064,-0.2161784146247795,-0.2550887683906253,0.1150529441204584,-0.1165451011007881,-0.2599100126224409,-0.3603649679522336,-0.0384302361536049,-0.073130669649389,-0.0390386835309737,0.1155878053815304,-0.1069563707085849,-0.25936976300722,0.2118045200999766,-0.022216886836988,-0.2770826105995176,-0.2802518000407156
IRI_Q8,-0.1340795177315799,0.042645136585641,-0.3220497243808587,-0.165470062139966,-0.0006018296293142,-0.0806555269059501,0.0713643309610673,1.0,0.0672588016752295,-0.0703451124214542,0.326909198212449,-0.0789395420557279,0.1081167659458062,-0.0329975993898684,-0.1979642691796495,-0.0002118099505644,-0.090136588743195,-0.1249308984194103,0.1463661601620996,0.0795792091863948,0.4273967399168034,-0.0406819493042423,0.0047909132296085,-0.1893929871301887,0.1916030664580611,0.0345993623247644,0.0015212777719725,0.2945340792829959,0.1359796524014749,-0.1738517290989537,0.0740732979141694,-0.1701650949349468,0.053272354714979,-0.087668804813545,-0.2960466441774034,-0.2835175152482453,0.0823046501349059,0.0131948205139707,-0.1571662488121309,0.0820889250596996,-0.156426567116078,0.1343201904559232,-0.2590818608036823,,0.1333217834854267,-0.252180770360919,0.1620593939319113,-0.3636943123596741,0.0993939314504595,0.1056578694064892,0.1074401492679352,0.0396274339208819,-0.3456568342103627,0.0260263844202717,-0.2104277124662235,0.1508661111161987,-0.1789923178246729,0.265858983261301,-0.2352932456358847,0.1672890759134464,,0.0672037486845678,-0.2026452536243056,0.1969173689090182,,-0.1138738484589023,,0.1667127318174608,,0.1115812762151506,,0.1487715586409727,0.1812548461816453,0.0217270868318283,0.1875655007115217,0.1691695818381786,0.0096446724558139,,0.0811630937670807,,,,0.0731635521070385,,,0.163293477969504,0.0966689667933744,0.0330043795502954,,0.0445828837370712,0.0258046641799457,0.1307565988844818,0.1606728699821233,-0.0496035245543326,-0.033004340356154,-0.0253333128920397,-0.112430475458615,-0.2441181869237421,0.041162941740655,-0.0153080433712116,-0.2309336457376666,-0.0306223132191093,-0.0009408236985401,-0.1060790865718776,-0.1598985948085406,-0.075276736242662,-0.140724785556821,-0.1900946301380467,-0.0627194063726347,0.0377840289861107,-0.1608230550808521,-0.0293707819452778,-0.0009546570918485,0.0017902275420401
IRI_Q9,0.0954020655612338,0.437028465976215,-0.1567787748147335,-0.3625249547985566,0.1109175883443156,0.0645756415742052,-0.1057966429204328,0.0952890221363239,0.9068300242057444,0.1438145620732579,0.2821814342128279,-0.0512778822378444,-0.2659422612763831,-0.2701882104201707,-0.0167009512429305,0.1244348373454818,0.1328978509266155,-0.3541261514811394,-0.0513156283354671,0.2046914311587742,0.1487602205582273,0.285036408509602,0.0308510666291296,0.0552602633964573,0.2651158993964622,0.0181112940020986,0.3356993080171683,0.274833964252224,0.1529607993321136,0.0132127775907408,0.0596785209385767,-0.1030450488496552,0.0310526879830252,0.0413729374306647,-0.1638853086595175,-0.0192552981273162,0.2116032991459903,0.2381007518959389,-0.1892851553599521,0.2818527602457235,-0.1026090964105429,0.2078697267405073,-0.2526595186981184,,0.1476771981710674,-0.1576293900156596,0.2136730116544031,-0.1971936305328616,0.1188063866822948,0.1707177141934574,0.0486601441841062,0.0550101154220219,-0.1282475709492683,0.0500017490351421,-0.0144727871378188,0.2672169914070327,0.0400915819197786,0.1451544309177444,-0.1890622760076585,0.2076216675616301,,0.1725647277770464,-0.2374142046924466,0.1333564228472824,,-0.1096921767951292,,0.2822022921338711,,0.2702182217728974,,0.2331693779943595,0.1550593829495612,-0.046272097136619,0.0226986568209182,0.0218874835376268,-0.0205402235550758,,0.1909349058158622,,,,0.2597461505142665,,,0.1180093467824054,0.2529846257969969,0.0051295943290947,,0.1203342258837273,-0.0549560986594449,0.0206979076324164,0.1271681948194287,0.1566685606020849,0.2191790444244489,0.125601901712945,-0.0456088305152589,-0.21367915799991,0.2340932917610801,0.2118033818570975,-0.0622502049360664,0.1607329192209047,0.235438087495703,0.2093473681380244,0.0898040582012574,-0.0483250962301951,0.2400939463023245,-0.1180908961132146,0.0348971044267287,0.1846042241206759,-0.1682039473169737,-0.0101578297872605,0.2301986229887686,0.1746251335010174
IRI_Q10,0.2180160518657795,0.1609547399572218,-0.0339828887334613,-0.0649479375630755,0.1327843117458135,0.4702423174782282,-0.1867922909911915,-0.0656487802555534,0.1403807568554689,0.996061375409133,0.1419409889828869,-0.0223194837467186,-0.0899418316496124,-0.1270340314250123,-0.0313929332924791,0.1153087350538506,0.4457570431058012,-0.1201419606297386,-0.280639759378776,0.2164720637214541,0.0267738706738576,0.1389261874237494,0.1266699973000185,0.3496725989103386,0.1825319071112014,0.1456381171302539,0.3016129201961846,0.0663876754353464,0.0548143814142181,0.1994696814458778,0.0103083555118655,0.1099589916102171,-0.0266085299414383,0.1571206845782718,0.1175480039158339,0.0001586622770697,0.0515028265520622,0.1877348400246354,0.0157531624459507,0.2711181311222041,-0.02635873780354,0.0727092134115524,0.1105786541399557,,0.060343286443526,0.2494684910993202,0.0691629772149912,0.1217238666064244,0.0671660267628146,0.1574023790089544,-0.0411825894666882,0.0974114057227621,0.0087137002142641,0.0258362272836631,0.4488656225603455,0.0974321909512738,0.2685390493819432,0.0885826119462997,0.1607145401712446,0.0828247811454109,,0.033909867020426,-0.0161181209141457,0.0829902073663634,,-0.0622553655876171,,0.2442433808701531,,0.1730232614059967,,0.0971100579531141,0.06903496327519,-0.0172832407371629,0.0004150191701493,0.0449626433353926,-0.007672045367846,,0.1258593500707433,,,,0.3530600789833285,,,0.0969477936245876,0.2522501300797807,-0.026253986167756,,0.0856448119453571,0.0278134106813043,-0.0504497470272248,-0.0242184838650752,0.1894276667247747,0.1657490486709104,0.1143901840220742,-0.0277753701702957,-0.078193348749584,0.1569154564991859,0.1933511068502284,-0.0341403025734021,0.1142459969378805,0.2245004876735538,0.1888671429237994,-0.0815744932257742,-0.0180500630720722,0.0435309718970662,-0.0743029841828279,0.0555117928155016,0.1731035768158979,-0.0082145997887587,0.0875543852927884,0.2124376824536956,0.2172697622924908
IRI_Q11,0.0241463462823097,0.1575365217685,-0.2794480742036989,-0.1777820230737254,0.0980097902134384,0.0454362444714976,-0.0864423561078434,0.326909198212449,0.24614254283557,0.1489643942443042,0.9999999999999998,-0.1852690544456288,-0.0943646906455888,-0.0967884345871028,-0.2512678738769199,0.2417811604048533,0.0971329813684591,-0.0968637633179238,-0.0017260708553822,0.1402108393115813,0.1671943978834852,0.2037207484595476,0.1685284064735985,0.0538169734111684,0.2752792424314285,0.1858011510160529,0.2333840593692113,0.4346725846193201,0.1466628446513204,0.0342581242278722,0.0867247818464847,-0.0348489745625095,0.0539913994864445,0.1439033731419237,-0.0458997463054592,-0.0962557610150775,0.1063341832636237,0.14189874661784,-0.0866826939142886,0.1709879894119602,-0.1060463619973293,0.1272910545657875,-0.105629780801973,,0.1826526110738915,-0.1186990061314357,0.170101034016198,-0.1439200844880893,0.151044052810523,0.1472589335644101,0.0322648409718956,0.032373424016977,-0.1055181652676955,-0.0040869894526034,0.0180197889767893,0.1705967833597659,0.0627312986348284,0.161642638641224,-0.1407895499097031,0.1621630238744375,,0.0848666615051561,-0.1825566372076113,0.1906375115190982,,-0.1218900695719612,,0.2030916178846041,,0.160363146401412,,0.1939098792663833,0.195374445491861,-0.0338389373509802,0.013442195710004,0.0443972907192126,-0.0150211332761333,,0.1471747397183467,,,,0.1678155992758937,,,0.0878931464818069,0.1882688201161356,0.0072610950391478,,0.0742209529935654,0.0449914477820439,0.021645719150684,0.0902362385535898,0.0115665200087312,0.2173745041464681,0.1602713463776919,0.0519248659961914,-0.1304356797755896,0.2292951303384162,0.1717254481009099,-0.1638479861871534,0.1061142407987437,0.2379654516626581,0.1709412688734177,-0.0783759274479448,0.0145950859112695,0.0295916796768404,-0.126733459292428,0.0591678543706284,0.1365121866507707,-0.1148666272868474,0.0457436405482402,0.2504885997216998,0.1608642903622502
IRI_Q12,-0.1181319828435795,-0.1664585550656357,0.157952464050702,0.1852294389163046,-0.2726551961959635,-0.1550174841462822,0.4448128083037581,-0.081941987916576,-0.0327295216505133,-0.0189810386526042,-0.187950740663333,0.9760310831987868,0.1785338768924863,0.1248441287921885,0.1426689779557998,-0.2498786922394096,0.0088645644139019,0.1831825633768202,-0.0307603230759849,-0.352262691940084,-0.1352116349609066,-0.1064546707398165,-0.1843499198326355,-0.0082093002354768,-0.2436141807812248,-0.356129109158931,-0.115961559981803,-0.1273251168174214,-0.0110836519052982,0.1037874338761432,0.0045413818138873,0.0124208773129676,0.0633013933879817,-0.0981386673139282,0.193348796146896,0.1137651697464621,-0.0610413361498281,-0.113761225771564,0.1381514307213116,-0.1944629659830433,0.0699332267220124,0.0337273907185871,0.1836660893685304,,-0.023821214531265,0.1059962900878279,-0.0340180667344232,0.2630848455240611,-0.1326995873739136,-0.1646978368303174,-0.1933500338599038,-0.0882982578231366,0.1658818169426708,-0.0136315511020665,-0.061406195970672,-0.118978971296045,-0.055037625831741,-0.1231172602223341,0.115957678616,-0.0450860930400358,,-0.1860503726428169,0.1381624527057637,-0.0274142317156003,,0.2120484802534518,,-0.0995415559957896,,-0.1844692357340961,,-0.1313015834324733,-0.244938902820847,-0.0158984323080235,-0.1947664964799721,-0.2101897497571694,-0.0953144835739101,,-0.1413891839309033,,,,-0.1590418802257298,,,-0.1950105156383141,-0.2301945387036389,-0.1228873270727343,,-0.1000183932450228,-0.1074328161144116,-0.1987916403726266,-0.1600846463041437,-0.0975202673565376,-0.1153147662889728,-0.1512753053817916,-0.0912418420481385,0.0588108251787692,0.0133538249204912,-0.0097218503179866,0.1917570123999321,-0.0422589835624023,-0.0533157135082708,-0.1680954635859138,-0.0151398072233457,-0.0388512877505619,-0.0475914319855438,0.1372427352580592,0.1361026864962573,-0.0496315020875211,0.1330482969568438,0.0849507470499988,-0.1144074367880517,-0.048678069673147
IRI_Q13,-0.0716599580322676,-0.2219611587436794,-0.0170861505614907,0.1632687853737252,-0.2068512513852402,-0.0793067396881452,0.2019491985963793,0.144515418957388,-0.2387575198846093,-0.1011533938940792,-0.0267340375904999,0.1935858785043723,0.914875416891719,0.1942901056457017,0.0113967955337724,-0.1401326666045842,-0.0813131395485412,0.2158460371094171,0.2516175152015556,-0.2800951606819302,-0.0323549556035286,-0.297638841385871,-0.1017814153557057,-0.1455058300425805,-0.1276925411110024,-0.1417528133543039,-0.258959208596238,-0.0173644977802965,-0.0441008751703278,-0.0758860071854814,-0.1394614689252422,0.0367053773325086,-0.006171190241552,-0.0910369770797804,0.0813047822524459,-0.0667879887791789,-0.0861031440410361,-0.1840680567723088,0.1378169354103034,-0.1652517526252589,-0.044892644500094,-0.0664025700764823,0.222632984910964,,-0.0564657624357909,0.1680063384190381,-0.0358294494139413,0.0658132057554906,-0.042296976332978,-0.1604844251393884,-0.0493904714420106,-0.0133574118137129,0.0648031276389736,-0.0414683249334541,-0.1086478010990978,-0.051297705736548,-0.1719597736850056,0.0446330248002662,0.1730833744738588,-0.0369856713487657,,0.0037613087918124,0.0081795242487243,0.0040456582204139,,0.1588245107822632,,-0.0396742434810861,,-0.0448677415976645,,-0.1026087891123778,-0.0687060203687904,-0.0296623088320147,0.0412927211275761,0.0138485378752803,-0.0373661635509721,,-0.0514490456040245,,,,-0.0428580830069,,,-0.0965827047251648,-0.1250308684942129,-0.0800932770722142,,-0.0340279329863096,-0.0537277922769583,0.0058467418839815,-0.0554780752259919,-0.133900764429451,-0.1467387918255291,-0.1118063024697164,-0.0550000941222654,-0.0093254245823002,-0.1391353454685198,-0.1701684370413154,-0.058552151027036,-0.1065408082777633,-0.1299424046272622,-0.1637864056602618,-0.1041440787002258,0.0544214525700609,-0.1394853965471658,-0.047143092166189,-0.1710357615216496,-0.1734488578082383,0.19631887936561,0.0114392705882858,-0.1612497487061888,-0.0849510409615646
IRI_Q14,-0.1005448593053449,-0.3542027819880289,0.0496551471191603,0.3154395406693335,-0.1165554487192028,0.0063660489320073,0.1082800089123015,-0.0329975993898684,-0.3102055778680649,-0.1258660156780368,-0.0967884345871028,0.1418307677391097,0.1876894738395544,1.0,0.1835813466958706,-0.1657787509685042,-0.0991332694829169,0.2744571629553899,-0.0313562774243318,-0.2588967418708814,-0.1306237799611276,-0.2302423857462095,-0.1439475712046063,-0.0822284709579913,-0.2130312914418143,-0.0105732655048511,-0.2699109316271877,-0.1854471963468739,-0.1388225120582547,0.2713763905414774,-0.1106040566455316,0.3188563302584414,-0.1061527793312686,0.0605261956923878,0.1945988289183892,-0.0693679807907991,-0.1446282413831911,-0.2162138812966754,0.223172056443787,-0.3212376181618873,0.1838688169020054,-0.0743221172416938,0.2033441584165652,,-0.1771392587107425,0.1496046685383434,0.0213636206521907,0.1076414855005956,-0.0039287596392729,-0.0876862513903943,0.0309787578269532,0.0892560917622918,0.0273770612089834,0.016971350641382,-0.0739876992484423,-0.0739592854856052,-0.0108237609180155,0.0426009007427324,0.1629308917632255,0.001439888428142,,0.0186122063344417,0.1002631567941148,-0.0326721286274322,,0.3011788778019256,,-0.1092601699792117,,-0.039398390262198,,-0.0131764845662792,-0.0278525245265165,0.0655499368488398,0.0221330890272802,0.0209952962544504,-0.0507322542809293,,0.0106027895876917,,,,-0.2697737206786629,,,0.0298769494093568,-0.1161845956695375,-0.0385181087209748,,0.1071902439027843,0.0168267707457614,0.0011572649027462,0.030502662187738,-0.1167978492266989,-0.1860102560178662,-0.0432928393005205,0.1124223409153366,0.1913129071613347,-0.2208683129858077,-0.2055637428083991,0.0401706503826447,-0.1469787960528349,-0.1834126061450514,-0.192594857234299,0.1814205466103253,0.2064457451040524,0.0031402188967048,0.1762769268805368,-0.0890444818995201,-0.1887004321697872,0.1579898303968723,-0.0384462156468013,-0.1930363084059552,-0.1575957745487508
IRI_Q15,0.1181887052559012,-0.119715891782453,0.1893356509907571,0.1616262967586184,-0.0561400393548672,-0.056552286356833,0.1007631280884473,-0.1979642691796495,-0.0555840912416977,-0.0315916108960178,-0.2512678738769199,0.1277341011621724,0.0691083441122183,0.1835813466958706,1.0,-0.035297266558962,0.0877612791757799,0.1075045606852803,0.017141193792427,-0.1027448909553626,-0.1305748527486964,-0.0567130903656474,-0.0404179732527886,0.0218140161839715,-0.1635214696467922,-0.070839056709695,-0.0223092981506851,-0.19591682596648,-0.0960312114654728,0.077762097759137,-0.0440773121107027,0.0715225324692438,0.1101914725476203,0.0174447881674851,0.1411831979724317,0.0729054751380831,-0.0588279639617621,0.0513132954668736,0.111197877507783,-0.1168672863785717,0.156002883658217,-0.0644386031958414,0.2729782104062031,,-0.0792792148462517,0.1670713767739016,-0.022659689815467,0.1783993863791702,0.0066497715813534,0.0189227518177442,-0.0580871179897553,0.0441679871565117,0.089872698382682,-0.0192003637597109,-0.0060474716124905,-0.0945369721694254,0.0441131078443494,-0.0408443992040101,0.2240326016438807,-0.0233909215488455,,0.0376757598904972,0.1982495898367328,-0.0020822604629022,,0.1021069069663289,,-0.0379412573246672,,0.0297489850051488,,-0.0063838359458594,-0.0061049835945603,-0.0764614515390678,-0.0982163283846579,-0.0897842692003469,-0.0550190084983064,,0.0061377328583566,,,,-0.0289764297432611,,,0.026911993661858,-0.001675440781297,-0.0773097659330694,,0.1314247224176746,-0.0263607101627047,-0.0599907653897292,0.0383955356893216,0.0707360261453751,-0.0747539824177577,-0.0014237553678875,0.0256638525501086,0.1002429072005462,-0.0701619653604316,-0.0643533603875792,0.2470191962186616,0.0598898114408445,-0.0369231999092341,-0.0275410376890735,0.1390747149101052,0.1007940503502311,0.1567037204415822,0.1486455206376207,0.010434417989583,-0.0498230689784947,0.0941540723888383,0.060569209733466,-0.1078797749949908,-0.0112421147755852
IRI_Q16,0.1847491139096554,0.1765840322465367,-0.0356532959014237,-0.1604722110842748,0.2512894517802349,0.1978666154355871,-0.3599722281248894,0.0699825805286693,0.1637927948151571,0.1173951193251552,0.2507625331019914,-0.2482085133138162,-0.0838525789213959,-0.1530785210249988,0.0164311612536944,0.9325045866228754,0.1441242325325297,-0.0658634009232549,-0.0500076690631596,0.3242883389124525,0.1649985499791186,0.1668100669340519,0.5937417693864562,0.168945596559928,0.2065756474491673,0.4003241737969751,0.170820860572372,0.1031033810830361,0.0823557321758547,0.0368043704697793,0.0828621411132687,-0.0166396159768854,-0.0028267216296068,0.0914825168918041,-0.0779171576818365,-0.0862147317955422,0.0141114365157053,0.358822458281046,-0.081069512650187,0.1189690571288989,-0.0719283053897504,-0.0095875836623238,-0.0543243694798971,,0.1019127282694965,-0.0162365577885191,0.0706417745476739,-0.0558018436247992,0.1235606699695932,0.1515142618986785,0.0304923668950863,0.0502311417029565,-0.074159858969875,0.0329906550709401,0.1209270128067553,0.0638533753245042,0.1715596834996269,0.0652144561621827,-0.0356161117690206,0.052886426345732,,0.1050952122002893,0.018121511438305,0.0052224261395659,,-0.1766780164937087,,0.2165128188255692,,0.2029168450581656,,0.067391660374872,0.1614765356255714,0.0025704867852734,0.0571582484637507,0.048951439650655,-0.0431965629636173,,0.1052317028716695,,,,0.2317305293774066,,,0.0865926572543393,0.238480444812961,-0.0019308857160991,,0.1386381580818122,0.1174430608793486,0.0678096854956151,0.0726895781167061,0.2124666589830942,0.266158715815589,0.1296797541427963,-0.0057983575579228,-0.0983806266268944,0.2884671928177157,0.2646213005095624,-0.0335704721889004,0.1528529546586826,0.2472531208999301,0.2931819161463959,0.029936272937562,0.0846450028215528,0.1444679630334164,-0.0013573342525632,0.0855146456714751,0.2687724919642489,-0.1161210166127328,0.0565343886869284,0.2576212116837985,0.3003313328525734
IRI_Q17,0.1990156799342056,0.1385133352207347,0.0280690558589851,-0.1220441616380855,0.0181654148620317,0.4536614022713874,-0.1384863913491485,-0.090136588743195,0.1700097248343988,0.4490365235089312,0.0971329813684591,-0.0066402655051529,-0.07853547816359,-0.0991332694829169,0.0877612791757799,0.1308164428854319,1.0,-0.0753267174795844,-0.2818802259368173,0.2132373161970828,-0.0308459259052099,0.2462519392125729,0.123546499978036,0.3803689870585978,0.1080392946057864,0.0924452793669589,0.3384686663301361,0.0555509557879798,-0.0139781284583305,0.0930480942646479,0.0032836840099936,0.1372100120488993,-0.0284196539813884,0.1004150691334894,0.1116708978431436,-0.0421730314008227,0.0162745012465329,0.2068484012770388,0.062931969249798,0.1181523028371899,-0.0130482491161104,0.0386621129604839,0.1821838339768045,,0.0138904257346524,0.3258214503064615,0.0423644337172922,0.1717623495172011,0.013740136658881,0.0433145532323374,-0.0344101085065025,-0.0033974452961508,0.0846854373804799,0.0557570455091634,0.5128708838529445,0.0561264669520515,0.2475080660738379,0.0651827129009324,0.2353139401325,0.0861378830342445,,0.0647282086423808,0.0213225346897477,0.1166896674439726,,-0.0238307567720451,,0.2275180517031742,,0.1788387572355137,,0.0693473107089699,0.0791539217851949,0.0033033029090335,-0.0205669535677215,0.0506023962438244,0.0953120344078595,,0.0692651948964516,,,,0.2815637383716314,,,0.0358356825358185,0.1136046907243231,-0.0135096209764901,,0.0516565240749948,0.030825473817619,-0.0009636494644766,0.0265808035337375,0.2065902591372653,0.1698190834994717,0.164340718518905,0.02697921556895,-0.0347654689524922,0.1277946333770546,0.200588268464163,0.0393896328621227,0.0715545122538689,0.2159242118053189,0.1624495988653436,0.032840891779896,-0.0123209419958094,0.1354490566508538,-0.0854704347537622,0.0752640453991524,0.1690564094021805,-0.0150419584853637,0.0669813147464608,0.1905983619876195,0.1953244793956964
IRI_Q18,-0.0358606844136391,-0.4408897528168156,0.1550377762774915,0.451197595119241,-0.1735851953997931,-0.1360573165388085,0.1797160748952083,-0.1242295198399592,-0.3914045707901344,-0.1250359373656301,-0.0990335506495759,0.1977114905005602,0.2337644660926685,0.2762303363139031,0.1139770330351017,-0.054182855701869,-0.0782580081482242,0.9927602854058144,0.0886014857303217,-0.3089894937253407,-0.1065538814878045,-0.2299288791286263,-0.0523696316622979,-0.023658864405375,-0.2565594642123538,-0.0712937279325374,-0.2710521931577331,-0.1278021616220268,-0.133357339758937,0.0100486545429671,-0.0668746214252385,0.0446737678259458,0.1026462778216523,-0.0664545050970927,0.3367291291286677,0.1478082430632374,-0.0639174473591157,-0.1701133258518138,0.2855888409946612,-0.2590889039357371,0.1541028337704852,-0.1197817390606686,0.3128406264791924,,-0.0872696753771671,0.2370500562745132,-0.128386790685642,0.3315306809991264,-0.0861498589116286,-0.1569696262523824,-0.1242229581024197,-0.0335954924026147,0.1658114850217136,0.0056228013712938,0.0519403038202243,-0.0986224636213852,0.0251879457510872,-0.1486611863139841,0.3080986296134643,-0.1215896036703091,,-0.1321806669275862,0.2074065490142906,-0.0866102825027764,,0.1768733770349081,,-0.144230570056005,,-0.1845745894994897,,-0.2072870602606399,-0.1665897986896151,-0.0424098000975499,-0.0918758964021924,-0.1613295084364329,-0.0309311912074928,,-0.142637156481909,,,,-0.1982032540935374,,,-0.1401936435441879,-0.1926899380574221,-0.0261836451127034,,-0.1088531163471209,0.0097812052937214,-0.0351268778072448,-0.1224665081768393,-0.1571325975176124,-0.1312346726691488,-0.1477579840621056,0.0036575504065698,0.201242725377561,-0.1501932266812314,-0.1430438101406069,0.0777092554204295,-0.0546465112433204,-0.1464699150058219,-0.1451701974297843,0.0241216918898033,0.1103172398443,-0.0758878803362924,0.1663955364629852,-0.0131425009452778,-0.1490729131576994,0.1667397087458035,0.0327534173305713,-0.1192124019035142,-0.1030124889710283
IRI_Q19,-0.0963124239800578,-0.0744735733788147,0.0041470624204776,-0.0635658503163674,-0.0916802840654497,-0.2712829010682448,0.0953366085928164,0.1463661601620996,-0.1036490404613994,-0.28053739569334,-0.0017260708553822,-0.0462038789969518,0.2679654162569554,-0.0313562774243318,0.017141193792427,-0.0831799260450774,-0.2818802259368173,0.0850056900035443,1.0,-0.1288962497524074,0.0753890697709007,-0.1185444371659428,-0.0937905090672644,-0.3565049957923237,-0.122857795320581,-0.0356431207746877,-0.2716937565939947,-0.0127223975878074,-0.0518729262972086,-0.1170126675220345,-0.0365573186299229,-0.1438288671304717,0.1482861100736148,-0.1278849995328771,-0.0806149901213876,0.0121262485894164,-0.0008627825822951,-0.0987311401008879,-0.0380730624749074,-0.1176719985531744,0.0004069087223985,-0.0409929584344586,-0.0832323624663655,,-0.1049359025769398,-0.2547456606845978,-0.0394738185465202,-0.1065881416146156,-0.0517565001350303,-0.1412220905355362,0.0891266923286125,-0.008645445774832,0.0034358769642861,-0.0886777548082337,-0.229245070165294,-0.0379852316013949,-0.1900685912002866,0.0129585790001517,-0.2130349992909294,-0.0288043696304536,,-2.0816681711721685e-17,-0.0018232273259092,0.063067412720889,,-0.0165210286477878,,-0.0723703697681231,,-0.0852092184319019,,-0.0664124708187502,-0.0442312284667878,-0.0280196085474872,0.0485698814680922,0.0610732011253489,-0.0388685257359207,,-0.0445097129185034,,,,-0.1672732370444332,,,-0.0089990832650861,-0.1827814006303715,0.0061388928933447,,-0.0112475690921288,-0.078738407423736,0.0449568048506403,0.0244255232193288,-0.1013247484324733,-0.0949751557775281,-0.0035706644217032,0.0967827108928572,0.0287777558738989,-0.0639856688150984,-0.0974004844282388,-0.0313232540662472,0.0456235414667884,-0.0846898385562348,-0.1624173334134265,0.0232138599194826,0.0640123350670645,-0.0524000505470251,0.0376616066369775,-0.092756327359997,-0.0806143653128053,0.0403150269152372,-0.0828560326343876,-0.1421233930748057,-0.1327696319089686
IRI_Q20,0.1854978018326149,0.4765319974306822,-0.1665923800438309,-0.3143255427548115,0.2747564011976342,0.1509682296127694,-0.3385255334990606,0.0738951280021902,0.2706072350504757,0.2064062093401311,0.1258361713138652,-0.3578570376286385,-0.2679506768665515,-0.2787324999858033,-0.0883497986811328,0.3428408276560178,0.1999271573917899,-0.3519014872849007,-0.0507108004970418,0.8957572934135865,0.1766606154412273,0.4399436622952677,0.277628637866298,0.1376322938792175,0.2645987706159449,0.2756762455444912,0.3258810880679665,0.1730920357590048,0.1455349952442559,0.0696375795730311,0.0497286952206219,-0.0453809908448278,-0.0361019856290108,0.0218491908507258,-0.1736141721806407,-0.0981017000240969,0.1109087748553199,0.4534660727347526,-0.1986694927239627,0.3128723417282532,-0.1819854940494393,0.1013375633265748,-0.1945010777690497,,0.1207921280544751,-0.1137048124306765,0.095993158258786,-0.1457713599480123,0.1892597710918327,0.2186544350545288,0.059555749603904,0.0508083724354991,-0.2018206237693046,0.0544770724684653,0.0274064048911526,0.1848048343125547,0.1909178640402376,0.1228414674308411,-0.1314947492363732,0.0990908724851367,,0.146693166831878,-0.2193980484744119,0.1531211859865328,,-0.2654676688363196,,0.2682549416269011,,0.2078413764068561,,0.1683297126963575,0.2298223697563034,0.0140697583088364,0.1119343897399358,0.1355347283501442,0.1006231973295261,,0.1827741073794811,,,,0.4196256702364273,,,0.1097900338456487,0.3382133962244045,0.1114296286702326,,0.1025889872868568,0.043764980920885,0.0355720926658239,0.1178281064831888,0.3006280813249209,0.3479661917358806,0.1013627076195461,-0.0400066000940292,-0.2349596946409499,0.3212974563623662,0.3456946460090585,-0.0932068144294637,0.1720635499403996,0.371779123393351,0.3616980111580267,0.0455902618938074,-0.0011661908687693,0.1975035198342415,-0.1171455454405685,0.1276737582123678,0.3310337833225196,-0.1870633679524913,-0.0070442844081649,0.3844111329955033,0.3724992809879927
IRI_Q21,-0.0039680992269869,0.1144781221089163,-0.2046643278599486,-0.1836724964385668,0.1148211075190325,0.009494074354181,-0.0320830726468089,0.4273967399168034,0.1175568883849709,0.0216363716016709,0.1671943978834852,-0.1296438973663827,-0.0412302355748488,-0.1306237799611276,-0.1305748527486964,0.1468480859040041,-0.0308459259052099,-0.1056238851318168,0.0753890697709007,0.130637266926857,0.9999999999999996,0.1112642292678532,0.1112729241523299,0.0052033962154067,0.1476544070019146,0.0230739115376958,0.1379254500048013,0.1971208616799665,0.1904667760428092,-0.191436032418087,0.1662861606066759,-0.1826505626842736,0.0720956284236161,-0.1091510687850701,-0.19686049616558,-0.1713925788544019,0.0377318361606627,0.1079879214971521,-0.1088644528304298,0.0962553157168351,-0.1924694456953491,0.0199595880558582,-0.1216159441219767,,0.1949216362244257,-0.1734805840801525,0.1276708428700062,-0.2315260045910493,0.1698692761694774,0.1673720135543362,0.1673550633229617,0.1430270624009625,-0.2245995665284355,0.181066730157732,-0.1004963145848993,0.0794169127962785,-0.0266488422234904,0.2272537396184669,-0.2076245997224641,0.0929812399212323,,0.1362755611863109,-0.15569250307135,0.213584785193511,,-0.1062514198989392,,0.1257892583564153,,0.1394994775782823,,0.1323903467507473,0.2910665054996425,0.0544162762597982,0.2178849860876084,0.2450184072396694,0.138670070549248,,0.1267806490274599,,,,0.072331881853416,,,0.1898727669535971,0.1918189127193392,0.1730928444873992,,0.117062324304055,0.1248120715104769,0.205192350687625,0.1827175260895932,0.033964289849479,0.0102471776463423,-0.1002678809880085,-0.1305875205380008,-0.2779780432846765,0.0649752599651815,0.0638992488602248,-0.2162923193970158,0.0271381221627878,0.0610502915973494,-0.0059867557466898,-0.126900678269437,-0.1308006242691288,-0.002233525504719,-0.118516793219693,-0.0196801057533845,0.0824068738577329,-0.1172671504497969,-0.0105950887552673,0.0445590474705516,0.0271381221627879
IRI_Q22,0.1780871501817695,0.4363733106000184,-0.1157333172509509,-0.2822703111034578,0.1560090999596863,0.1775925044018618,-0.1480468733561398,-0.0406819493042423,0.3013294919421027,0.1457485685513258,0.2037207484595476,-0.1177797434519143,-0.2851702817665438,-0.2302423857462095,-0.0567130903656474,0.1946241546129893,0.2462519392125729,-0.2260251094999335,-0.1185444371659428,0.4375292021236485,0.1112642292678532,0.9999999999999996,0.2496443704758797,0.2167032629518199,0.2811794906723315,0.0460726778591339,0.3358094324683359,0.2294820970800391,0.0836789755203847,0.0684143259491832,0.034180383184019,-0.0301228924481852,0.0247039529756402,0.115368451001511,-0.0301135778827018,0.0278371506573924,0.1610917605951431,0.3217887180310823,-0.1173266688520646,0.3256703856463325,-0.11690217184434,0.1359628105482533,-0.1064352668814441,,0.1484432956078388,-0.0978055129206953,0.1849791569688933,-0.0572990798585356,0.1178110053328883,0.1666408110787887,0.010779519304773,0.0408342581750017,-0.0612615320199118,-0.0143286164360839,0.0981129188073652,0.2946504133156481,0.2819503968950679,0.1674918574847247,-0.1061164025607087,0.2209646347460974,,0.1243272434564916,-0.1363772997340484,0.2141554224377454,,-0.265562091183428,,0.2305818986924216,,0.1384728898129382,,0.202489743385944,0.1889338143777963,0.0673938148024102,-0.0189432481383785,0.072232754560513,-0.025438921870352,,0.0926948490562112,,,,0.2714884503695082,,,0.0595260199479105,0.3070542198498521,-0.0433389063277683,,0.0864418179068314,-0.0257471623041802,0.0498864065616107,0.082882158496877,0.2654000362229863,0.3649306990769193,0.1123980115825253,0.0330007507465209,-0.1560101581501778,0.2780682644710321,0.2987438375182508,-0.0561262078550456,0.1856821537556498,0.3608324570499707,0.2782712953716811,0.0926782506277854,0.0331741610381055,0.2498717109760924,0.0146969720468265,0.1203302330805228,0.254519095582147,-0.0901402956415559,0.0961990118607709,0.332515562578114,0.3235346460495234
IRI_Q23,0.1211315394988112,0.1302947756551365,-0.0897927085256874,-0.0485688137978079,0.2349382363428318,0.1457242566988437,-0.3536477458152105,0.0406154916101168,0.0556485349211332,0.111223067600519,0.1776661993215479,-0.2225456191371287,-0.1152301232737857,-0.1517652025082949,-0.0585246160410268,0.6533005568955897,0.1525673812860654,-0.0613542510768911,-0.0862748269125895,0.3354338066521339,0.1779779644137977,0.3154061167691596,0.895230298847649,0.2650096300180746,0.1885276785022138,0.2737972968150272,0.1690731164438137,0.1215981561435222,0.1240146614697562,0.0503426864716878,0.0624540819718347,-0.006619102053968,-0.0134933587197091,0.0799113604953024,0.0288127245882193,-0.001177842384051,0.0415438022679941,0.3527957992701386,-0.0020471042010046,0.2530967919684762,-0.0017363636919639,0.0266624236213842,0.0089192746835529,,0.1361679916854709,0.0337199628336171,0.0703100518579527,0.0683620193293802,0.0107246797166737,0.1046007780935365,-0.0890465925195959,-0.0292440465097371,0.0286233003086919,-0.0297882583257844,0.0957539643677266,0.0050361557563878,0.1131769575731072,0.0889432217662045,-0.017390621579298,0.0725789682249782,,-0.0281351915475725,-0.0229176423895369,0.026960843047463,,-0.2759021115285573,,0.1365156258395032,,0.0798528206531566,,0.0571664709609945,0.0864951282318045,-0.0043360932825074,-0.0527935415665713,-0.0510278683406374,-0.0464817642099719,,0.0155345741883763,,,,0.2262549419531698,,,0.0151180694197859,0.1860171613455726,-0.0564344328983511,,0.0729596530983611,0.0459417501705993,-0.0532081442932072,-0.0461754194321779,0.1671865555076188,0.2661725817664866,0.0849496604334442,-0.0163257739559526,-0.0509838129359039,0.2932652764435963,0.2618156556744152,-0.0564720765899406,0.2033539632965315,0.2747066753388805,0.2851625669517622,-0.0418857805470034,0.0029593390378576,0.1853635864127104,-0.0663734227630558,0.1479887148259545,0.3078995990636367,-0.1240240158607847,0.085013290327365,0.2516821553876475,0.2686000689173043
IRI_Q24,0.1071729078051158,0.0944360476725473,0.1584583633334292,0.0159950279423141,-0.0274808401561423,0.3244634546146349,-0.1372908937319799,-0.1893929871301887,0.0974093705393876,0.3517601204524163,0.0538169734111684,0.0023325387694664,-0.1317347405693128,-0.0822284709579913,0.0218140161839715,0.2248554470612375,0.3803689870585978,-0.0195485393915404,-0.3565049957923237,0.1341069756551478,0.0052033962154067,0.2167032629518199,0.2543875372217283,1.0,0.1052512440743693,0.0964362471651374,0.3549287072401936,-0.0049434176011198,0.0638316110806665,0.1981380807001844,0.0449851726422231,0.216891105614062,-0.0803896322905022,0.1777164230310596,0.3382411643744737,0.0824406124997468,-0.0308705860393335,0.2013340452693111,0.2161209392076451,0.1766501355441853,0.1260907305336458,-0.0163667429896201,0.3518528692534384,,0.0609914553215675,0.4071088340932753,-0.0503563733008727,0.3712101382456113,0.0266728963118008,0.0253586433198441,-0.0772436326068223,0.0247437220774368,0.2106616861649289,0.0385399654111971,0.5092880246997705,0.0267070171968626,0.1909328387948304,-0.0228968562811887,0.3728140874391601,-0.0414299367702381,,-0.0090735311950908,0.122336790129758,-0.0118888172498167,,-0.1350104232760674,,0.0887350009276192,,0.1039948736799118,,0.0149301770294606,-0.0197888235596161,0.0297825100236682,-0.1342022906128616,-0.0929100908238161,0.0248957123126431,,0.0438284204902185,,,,0.2168978796520209,,,-0.0028709630533277,0.0863086220604879,-0.0223718805028462,,-0.0095047784078331,0.0666093637385301,-0.0276444109505931,-0.053740138593139,0.043599552975215,0.1715287523736619,0.1403775081764579,0.0617060648386927,0.0887700647328118,0.1554547116226717,0.1332316133946393,0.101083112722982,0.1388091030146122,0.1391576454395495,0.0981704736357835,0.0243539527745832,-0.0983898864386384,0.158169520638338,0.0549778468161531,0.1191433298362591,0.1299761862222518,0.0984355637710887,0.0822050524665827,0.1341122753573663,0.1152591083759178
IRI_Q25,0.0215512009532389,0.3718663764534589,-0.3523285681825419,-0.263594119970427,0.2142612741261219,0.1840719312353601,-0.2545772408369179,0.1910762814251014,0.266972390452921,0.1657450738234507,0.2661590544134861,-0.2458451525663633,-0.169315626015393,-0.2240326557521956,-0.1842526464851851,0.1977655465080824,0.1167839722612237,-0.2497085217198601,-0.112849234149637,0.2880670954208947,0.1852564111777656,0.2849714376220845,0.1819206729055761,0.1106375974469154,0.9788930252529828,0.1528182058845832,0.2421877322557465,0.3606161996541942,0.165035181259099,0.026810223914396,0.0512138734700003,-0.0877269283453786,-0.0037064367616932,0.0889974983911727,-0.1312574153981026,-0.1263822540474336,0.0678447442032264,0.1986203673638064,-0.1965191288075418,0.3124855155252493,-0.1480149731651037,0.1356841314480244,-0.2611798555918301,,0.1285676691427986,-0.1651518725738827,0.1614881836323625,-0.1759011598197996,0.1185857383675432,0.2108738826230635,0.107621842530753,0.0349622731948389,-0.139561268416861,0.0338197394791291,0.1288404385078599,0.2083562277023954,-0.022990320729157,0.1520179608972759,-0.1936613039634446,0.1666994325682178,,0.0745487882998856,-0.2742060008129834,0.1703093703592223,,-0.2316626753963044,,0.3022368194733148,,0.2550683273441044,,0.2057499685575158,0.2108987443266114,0.0014444820282158,0.1419899133187894,0.1144045354007124,0.131447395978495,,0.1522587156337045,,,,0.347049476523569,,,0.1047440937592823,0.2649468342706896,0.0289750929431392,,0.0295802827947811,0.0739329676279424,0.0776759733425901,0.0421024083493865,0.1509250455418099,0.2499787546133414,0.1873165773660696,-0.0249060096939322,-0.209010620106705,0.2375009162861668,0.2165683722110042,-0.2291810414377784,0.0639887530548569,0.173743471255666,0.2820806012114923,-0.0730805241064943,-0.0571101789940713,0.0293480627135149,-0.1862271512459845,0.0494388995856928,0.2194302211769792,-0.1965974585504019,-0.0068704628079518,0.2645769822531224,0.2139535840028033
IRI_Q26,0.234637199479663,0.0571136092842025,-0.0678176199641926,-0.0868424616715246,0.3597357814163255,0.1264347706594379,-0.3864543756370851,0.0373454704160014,0.0167644131764516,0.133912126592941,0.1770603338890408,-0.3451729936538137,-0.1264788275709896,-0.0161835718978027,-0.077746640335181,0.4313687553584333,0.0829914801219901,-0.062179401465119,-0.0300603477520838,0.3494149262563779,0.061328013979475,0.0518394361806598,0.3218178118452868,0.0992877589025341,0.1562867628915285,0.9776589588660832,0.1744693819543117,0.235178441906437,0.134373908664293,0.0507670729554442,0.1737129196131017,-0.0066208529940242,0.017096108920899,-0.0012661084334081,-0.0090633860641341,-0.1223456306057245,0.0726769363473768,0.2645334660451002,-0.0829193099369511,0.211776842055617,-0.1381639130238478,0.1093420845945627,-0.0474024182339282,,0.1784233752347519,-0.042723251444442,0.1456853878222864,-0.0353526579158634,0.1465016483194099,0.2843710327915368,0.1033594568182034,0.1089927865798387,-0.1651835547252106,0.0550533480302183,0.0889503249556912,0.143040193507673,0.1602250416691853,0.1785925124986732,-0.0302326259540592,0.1631416442136515,,0.1935924583884861,-0.0636470673802702,0.1627533517265411,,-0.1797465553364289,,0.2379692470370734,,0.1385029788290431,,0.1536466282254797,0.2816320883426301,-0.0263002869379684,0.1298754755604849,0.0853777391837051,-0.0116747199002786,,0.1958082609435481,,,,0.1947227196883404,,,0.216840979177763,0.2220347709383189,0.0529268924984926,,0.191669393305992,0.1305967650657959,0.1230652774708939,0.1437839697418355,0.2049092572746324,0.2016050810578652,0.0738833566034912,-0.0485615081468862,-0.0234602345165591,0.1153140872062317,0.1637561751207275,-0.1259098010888488,0.0494769782501053,0.1672869848921947,0.3102987401828514,-0.0312218258903681,0.114838960426681,0.0117881382812025,-0.0654772387562871,0.0288810432414406,0.1522771577902282,-0.0761149544751257,-0.0122020913709913,0.1954639726849326,0.2553231062948034
IRI_Q27,0.1493053853649166,0.3245208441097856,-0.0270509250256395,-0.2749095106419322,0.1535653909150283,0.2470243840772208,-0.1714714803912407,0.0015212777719725,0.3511896979873106,0.2962668852066074,0.2333840593692113,-0.1201265526008747,-0.2727304259201951,-0.2699109316271877,-0.0223092981506851,0.1745859973203496,0.3384686663301361,-0.2692229297104754,-0.2716937565939947,0.301050959707242,0.1379254500048013,0.3358094324683359,0.1958305363270789,0.3549287072401936,0.2484960941681601,0.1843403031825199,1.0,0.267110712164823,0.1399523991598799,0.158750373229898,0.0858681905675594,0.0324402631787792,-0.0356090219727061,0.1774976020658727,0.0948611565595624,0.1112730627783206,0.0717202708280156,0.329442447346768,-0.0548661860785206,0.2815150063984916,-0.0535891223449781,0.1233273798350761,-0.0294636025361498,,0.0813802982451903,0.0669603475422748,0.192067556358795,0.0752052772552803,0.1167505365785109,0.1418627309652126,-0.0141892432858643,0.0561021970730555,0.0347230478750105,0.037267127995571,0.2778569545627907,0.1806431927016569,0.2514588030722931,0.1703194417718442,0.0287626538231017,0.1673611680671048,,0.122691305895516,-0.1054228595271683,0.1042479747225432,,-0.2271085281961596,,0.2812677951196024,,0.1794048918330753,,0.1918597104028867,0.1453689126267036,-0.015576942015366,-0.0432290471810929,-0.009692451536238,0.0500785963324602,,0.200453713645764,,,,0.3374035341214148,,,0.1020381445413378,0.2324809417705106,-0.0386645537310691,,0.120213115973332,0.0686353348555786,0.0069677003416904,0.0401605722952298,0.1370689321883108,0.229171344827294,0.249696327196107,0.044874762400184,-0.1368510307697563,0.2862971232991705,0.3053523653378067,0.0712958314932687,0.2232333178331909,0.2705680496023928,0.2125972318232949,0.1051819590158551,0.0028874044710645,0.1957482586636576,-0.032452688472895,0.141210779917643,0.2464062254423571,-0.0918525081465932,0.0017724735847875,0.2330054921928955,0.1883030239806093
IRI_Q28,0.0219179824518475,0.1819433405074263,-0.3095211458974942,-0.2599079412636273,0.0764986425298583,0.0232613818478369,-0.0571517142890144,0.2945340792829959,0.2318726426961429,0.0704333285897466,0.4346725846193201,-0.118912361287224,-0.0533227859390389,-0.1854471963468739,-0.19591682596648,0.1050522874473145,0.0555509557879798,-0.1240792686584616,-0.0127223975878074,0.1847636504043905,0.1971208616799665,0.2294820970800391,0.078381217985444,-0.0049434176011198,0.3749512283339493,0.2449775024828145,0.267110712164823,1.0,0.2255839290701483,-0.0639685139068185,0.1726036967092727,-0.1339489267089623,0.0550777147381857,-0.0491198807621238,-0.1032035403647695,-0.1259762372717376,0.1456703805322723,0.2002190850717967,-0.1696950765956334,0.1516600742180828,-0.2267340300536673,0.1947949684270023,-0.1983201212424116,,0.2224735155129116,-0.2231869215949423,0.1871664286267564,-0.1709161284123413,0.1149199070368092,0.1419193383993676,0.0369215145631085,0.0786264682356467,-0.1413555699917985,-0.0133336112882124,-0.0078178577899228,0.208277087849009,0.0898692938157875,0.1965820879722448,-0.2040984578952976,0.1932063185435907,,0.1347511493083877,-0.2718429099249746,0.2340739380000904,,-0.1587681307214454,,0.2680237466547902,,0.1762227399987077,,0.2157227177716871,0.2218325825491659,-0.0335580016158338,0.011807313247217,0.08713927301977,-0.0270640766543742,,0.1711178074205558,,,,0.2582950848597707,,,0.1020174050615213,0.1791722420163456,-0.0445701875400769,,0.0724913968753387,-0.0259037811045618,0.0645881133256766,0.0714139608826438,0.096801970079263,0.1949885606734552,0.0607383852842264,-0.0556938907717519,-0.2420958642859901,0.2393347976198899,0.2328080474064353,-0.1113547972239518,0.0820664956681007,0.1752853798590642,0.2229487550413302,-0.0576418532796286,0.0385651239103028,0.0168637698003837,-0.1178102490054906,0.0741610850068974,0.1850951805713514,-0.1584187517019243,0.0618323022944906,0.2000343876281517,0.2368777714647192
PANAS_Q1,0.4470253075808803,0.5556260544761371,,0.0305409282102003,0.2979450711084844,0.1332870032532892,0.112765283770791,0.105659264421896,0.598880111864811,0.0215558161560845,0.1150925047452312,-0.0374138255888998,0.1173990857424809,0.1578147120700461,0.5616355478402418,0.5686072621680758,0.1447897645120928,,0.1550812321029243,0.3428652452437083,0.5899325465040315,0.3054825412186337,0.4580455227822948,0.1022830280356203,0.3175947689599244,0.6532672484464801,0.2244576024614579,0.4684511738023352,0.9746943285880963,-0.0480342092944058,0.5420913327580813,-0.0773702555391234,0.3074182097969253,-0.0586475648587969,0.1106137743040094,0.0065530798761088,0.5016713964047368,0.280611312130003,-0.023638946718987,0.1817376323321644,-0.0048854542944089,0.331055245617986,-0.0633230842991331,0.0896812523559161,0.3269388665123407,-0.0337548307918808,0.4679535474273223,-0.0513627700688594,0.6769755511962066,0.5525041703270348,0.4190616059761178,0.6492367723307122,-0.0251914024311445,0.4612116006314875,0.0029085620883603,0.4206042690678286,0.080604482579663,0.4714411676553059,-0.0615463204987833,0.4927457284246367,,0.7103737703912638,-0.1032901789891619,0.1239019662265261,,,,0.2144338631069033,,0.1430803953358665,,0.3312324502799399,0.2261836645212895,,,,,,0.3256288571450643,,,0.459875899780517,0.2421436051858251,,,0.0536131837728258,0.2127344048476838,,,0.4171305106502868,,-0.0402090525888104,0.2422364967510872,0.4185164982110696,0.0215558161560845,0.0076809442934494,-0.055253538037233,-0.0868075372727139,,,,0.2223798000501635,0.03747430643237,0.03747430643237,-0.0371231964569318,0.002581873687399,0.053054712796131,0.101578764116325,0.03747430643237,,-0.0004008837367035,,0.0215558161560845,0.0532946878995965
PANAS_Q2,0.2109229183316736,0.1757834855767339,,0.1290952773505426,-0.0061455100624852,0.2408339213074917,0.0564663186322906,0.1570284719611636,0.0453339997707307,0.0911155694428973,0.1101375775226802,0.3648876569456868,0.0144055733844199,0.0054459291667847,-0.0226989980742246,0.1687906185116101,0.2662973137062775,,0.1233736175340718,0.0661249306747048,0.0776217632457607,0.1313574587695983,0.0219507793135456,0.2499992598426647,0.1432567402512987,0.0544935620203044,0.3099299202730691,0.1041846224560269,-0.0398693497067262,0.9926551064529942,0.0114344870300449,0.6867429355992529,-0.1590674542052847,0.3863748401957592,0.3341823942731828,0.2566422015624945,-0.0045899239196867,-0.0434786396693402,0.4011600859441869,0.060781681881027,0.2984953132456978,-0.0943860577997455,0.4488251966928116,-0.1371834805889917,-0.1411758796718685,0.4713422781468415,-0.0875007932286364,0.451104073887363,-0.0249007810203796,0.0249642309028593,0.0122154422572093,-0.0244774415189881,0.4928624071237992,0.0817464024636859,0.4609148833063975,0.0894490690393186,0.3788178491464831,0.068307285576966,0.5024300082585675,0.0870789382214455,,0.0758108706163931,0.5608542207897828,-0.0114385384526552,,,,-0.1405180767071728,,-0.0833153298218625,,-0.0375053393028206,0.0363020094775744,,,,,,0.0225489763742573,,,0.2943152274824161,0.3966722268790476,,,0.1201068869929098,-0.0006537098391109,,,0.1017026665174942,,0.1037020040143953,0.0742440045590263,0.1146411201747715,0.0911155694428973,0.5234783644679221,0.5481945764389036,0.6251138785236253,,,,0.1119605893448793,0.0768011581701978,0.1176017734481154,0.1914448907031383,0.411895722814818,0.0993880169830048,0.1228770032794187,0.1176017734481154,,0.2353071340882848,,0.0911155694428973,0.0802113771407317
PANAS_Q3,0.3650970177113483,0.4252987933812221,,0.0796117338651412,0.2563077102155783,0.1672870189743995,0.2117889872089546,0.1859507405566559,0.4893815179165538,0.0561900374229936,0.2702903047183315,-0.1417399262010808,0.2441830146847972,0.2978890668130682,0.5418837612835138,0.5450258106330202,0.2394951420143946,,0.1340245944080931,0.2622716311940984,0.5144578232712378,0.3687398047690835,0.3814542328530436,0.2044479247279964,0.4636407754592968,0.5370395761502796,0.2252962715065194,0.4983461665352284,0.5525876987196877,0.0341220647477414,0.9354607489306832,-0.003659086927852,0.2692361352066742,0.1380305391160263,0.1436537343961494,0.0006816047124277,0.5097102943754022,0.2605905690312066,0.1021931402708767,0.1283508525493645,0.0642411265763436,0.3841401339404746,0.0032587007714669,0.0769057278984249,0.2986684133115995,-0.0052905370799209,0.4739111283601708,0.0065702712329255,0.4902723380029387,0.5239453977701313,0.2470590255322167,0.4458611961652742,0.1374113818869494,0.2599495840778469,0.0379922778993254,0.348107374104097,0.2358760021204205,0.428472781786091,-0.0110988330052224,0.3759454084573795,,0.4925016248001798,0.0046970413823907,0.183927284544316,,,,0.2484744895772233,,0.0723455690478719,,0.2775222648469708,0.1333896672595655,,,,,,0.1500389248712914,,,0.2487866683285665,0.3442436401689708,,,0.0145677874800353,0.1752447796638252,,,0.3372887994551377,,-0.0753468067497267,0.0673236157846332,0.4878376317148836,0.0561900374229936,-0.012394628756607,-0.0489825779752017,-0.0657867409601,,,,0.1922177241082161,0.0976851289502775,0.0976851289502775,0.0552012956013352,-0.0072126826969291,0.0998825601473863,0.1818024033193919,0.0976851289502775,,0.0910691852717593,,0.0561900374229936,0.1389244780082147
PANAS_Q4,0.1579720678963128,0.1092813034058883,,0.1223287085932332,0.0132240511642361,0.2859421384390501,0.0974474388950384,0.1634195229916241,0.007242869370538,0.0863397187832124,0.1477673770756067,0.1635091804479612,0.0698989806655637,-0.0037499765627197,-0.0729407180030968,0.1181864537325612,0.2767523501280833,,0.0666881271556871,0.0499340093251424,-0.033033548579754,0.1291687555655722,0.0293166911784946,0.3255587422823139,0.1241507930866689,0.0232492732723742,0.3457149150495298,0.0502178629777499,-0.0661637107555658,0.6928024195584923,-0.0223439950401255,0.9999999999999998,-0.1868494177921028,0.3108860435871392,0.2501853287385897,0.2787583033131063,-0.0613935970583373,-0.074612217170406,0.48056620406536,0.0282890750875464,0.2927087592827075,-0.0605681064986803,0.4643246464351416,-0.0886256120302931,-0.1784175839022131,0.5567358155711077,-0.1179657505619299,0.4491895203202459,-0.0378666812391164,0.0092933197675208,-0.0457235787506094,-0.0271197778929855,0.4876681419537512,0.0288975551104457,0.5214648562729265,0.0469063668361027,0.4170279680020561,0.0010517607804234,0.5261993522007319,0.0407592807936042,,-0.0172166571053112,0.5690582157488092,-0.0640941073068336,,,,-0.1496459110174751,,-0.0985473083698521,,-0.041622880418307,0.0221457460680304,,,,,,-0.0196777798207681,,,0.1914479644602191,0.3583160501377347,,,0.0494082783788325,-0.0063412593516231,,,0.0514726163402194,,0.0815637479449044,0.0864833981247323,0.1209854416666824,0.0863397187832124,0.5027264101325469,0.4939869492782088,0.6119115058364466,,,,0.1113047601633082,0.0714347218436657,0.1500996786917511,0.1620284801863941,0.4094829699312639,0.0958117177146634,0.1221572292503055,0.1500996786917511,,0.2672609922407027,,0.0863397187832124,0.1015920391408264
PANAS_Q5,0.1695320195127324,0.2080866032725568,,0.0721523875202199,0.0838396355125276,0.0126616368997713,0.1043210596752687,0.0569234849031089,0.3170233386449148,0.0509252236835741,0.0558766242533745,-0.1921828767847168,0.1229770122299989,0.1800289578765289,0.4096752327584608,0.2883540026176356,-0.0407545283459822,,0.0545445040486271,0.1601784916703398,0.3512139165686544,0.368253198427267,0.216697876573301,-0.0828962226052461,0.284991655663586,0.287172556515837,0.0666968933187944,0.3551000625617575,0.3010027119050484,-0.1557040631288793,0.3054691873870895,-0.1846903512947147,0.9944833930711732,-0.0112714843235057,-0.1007621166570448,0.0475094295166861,0.3100338515732164,0.2850546988607681,-0.2926739127465815,0.3467528753611248,-0.1076590344495367,0.3284869755789197,-0.3220671342058177,0.2545664040912134,0.3577445712368701,-0.2532310818956135,0.4330923798854822,-0.1589281589038138,0.4129252315163844,0.3700080225840709,0.2253425453410137,0.3619275576217121,-0.0913409184243623,0.1212548070853331,-0.2866412321832802,0.2256533303770057,0.0529203227269199,0.5946550604894182,-0.2941930990556323,0.2193807643348552,,0.3914909987522613,-0.1219248977218282,0.2109720038508891,,,,0.230052926830251,,0.2108822072253742,,0.2572548444350716,0.1389986119182462,,,,,,0.1735397339238513,,,0.0181175598619054,0.1235811656551686,,,0.0711158410030528,0.2359879182221282,,,0.1972207207250233,,-0.1550818492983771,0.0848233420830661,0.3467919305558424,0.0509252236835741,-0.069448482776997,-0.10895450590897,-0.1775165586184511,,,,0.132713721228627,0.0885323674889739,0.0178104762789858,-0.080907288884937,-0.1002317284293458,0.0861372858812345,-0.0001848865360015,0.0178104762789858,,-0.0593907112723722,,0.0509252236835741,0.0756185932246291
PANAS_Q6,0.0415214558152439,0.039752063351927,,0.0142244008882598,-0.0640815466269048,0.1736136758576471,0.0144483042983953,0.0962417953075369,-0.0316645730064377,0.1010652630321413,0.1677642255508384,0.1974419047932415,0.0747033846244169,0.1059460607714617,-0.086494033767279,0.0571373260931556,0.2033575713618377,,-0.0284192843152234,-0.0559478049979615,-0.0109562151944366,0.2022485329482839,-0.0680895620090437,0.1590560715456572,0.1535211803942995,-0.0158410088354771,0.1594970958096985,0.0872058129715357,-0.076251687998069,0.3747642418098985,0.0992190392983745,0.3108860435871392,-0.0188046831105591,1.0,0.3133842518540742,0.149516394633076,-0.0017307618854862,-0.0263559410372218,0.2607971062274338,0.0012990792064964,0.5733084009470866,0.058101829581077,0.3282081939330457,-0.1655352660586362,-0.0581543105504656,0.3648441063520988,-0.0133813486011391,0.3621302156242591,-0.0560728089760241,-0.0185147706924964,-0.0898616625886764,-0.056075416409119,0.4373904034800788,-0.0564986205842654,0.3146277112785482,-0.0300739309053636,0.1647344803415601,0.0675206931216309,0.2984183455265017,-0.0142000409524751,,-0.0444955527365889,0.2445182145623227,0.1114250454735092,,,,0.0022753945108235,,0.0044486916605044,,-0.0564069052443745,0.0446105259322446,,,,,,-0.1272863416499477,,,0.1028898330917473,0.3147871696703507,,,0.0809860717012522,0.0167443903041973,,,-0.0178966175124119,,0.0002264698955587,-0.0155838812442684,0.0539290756438316,0.1010652630321413,0.289932180001239,0.2542545820760421,0.2030745776073,,,,0.0730772392624071,0.1053681112860752,0.1756997094942041,0.2075369169588363,0.1774043385296752,0.0856619199188231,0.0752012767863797,0.1756997094942041,,0.5701148050181815,,0.1010652630321413,0.0998393479095456
PANAS_Q7,0.1217728444289093,0.0958717780882178,,0.0405191858480276,-0.0215860972092819,0.1833041811572575,0.0899287898456909,0.1041006453069284,0.0526605998659522,0.1376468891417989,0.0686013164672632,0.243103524916497,0.0820571698232504,0.117283264426249,0.0024671316463922,0.0996461097667513,0.2000608339799491,,0.0079618053899133,-0.0586044304744875,0.0222562908323811,0.0747552910783615,0.0101127628940698,0.1259503932872833,0.0509415326962785,0.1241614398546442,0.1208381610983903,0.1210222954755553,0.0869732258387137,0.3335977879109468,0.1319470598654649,0.2501853287385897,-0.1074006445517682,0.3133842518540742,0.9999999999999998,0.2543676737228,0.0518361567356032,0.0345492011367874,0.2775291658855394,0.0749243450449403,0.4079057887378585,0.0075484032270871,0.33222891586287,-0.0112631742346772,-0.1137344840277404,0.3285896245416111,0.0175467210299828,0.5364824962109707,-0.0081479129384936,0.0187283885608036,0.0284285222003568,-0.0142605455635348,0.2982071045960751,0.0099084654483122,0.2836080735644076,-0.0591981384298961,0.2063777540965048,0.0164815800960563,0.2773717689020337,-0.013876874925417,,0.0419078586154679,0.1510505550432816,0.0515492757281092,,,,-0.1632277374339946,,-0.0815463108888163,,-0.0070659285712799,-0.0101029692847398,,,,,,-0.026075849137006,,,0.1499588560356909,0.2248905122495233,,,0.0804499293819057,-0.0104411776161249,,,-0.0100637114355236,,-0.0255935850020601,-0.0364026377823071,0.0457622026132317,0.1376468891417989,0.1600675167823206,0.198667236598784,0.2191713939226048,,,,0.0174610833905087,0.1971675560899635,0.1971675560899635,0.1258274717491608,0.1409212698144987,0.1026226598683692,0.0491204381777328,0.1971675560899635,,0.3176427274042784,,0.1376468891417989,0.1306207167685902
PANAS_Q8,0.1403946814664718,0.0382714752268587,,0.1715746884773471,0.0469847638990299,0.155023603137333,0.0184781681406821,0.0458222307520989,0.0703358258030104,0.1210975781875528,-0.0312782047766429,0.1047656000190112,0.0127791496564861,-0.0254266880214403,0.0174774268056366,0.0740275097245503,0.1107846583002144,,0.0196807985482947,0.0324169637131474,0.0284997217834663,0.058677485368642,0.0566168159318705,0.2206867325843742,0.0331015655005007,0.046100547295427,0.1649510788943052,0.0542557883498895,-0.0172406197608239,0.2645086493284608,0.0226533492501556,0.2787583033131063,0.0379036972055357,0.149516394633076,0.2543676737228,1.0,-0.0575932737884808,0.0709884820630641,0.1879371598743055,0.2401550912923018,0.22512132292655,-0.0720995412010165,0.1575121103355537,0.0948641972196884,-0.1329547875408747,0.15794782570315,-0.0849630447605744,0.2272400119232465,0.0466677955363259,0.0094962217488991,0.0209863996342636,0.0582925609851962,0.1335409322419766,0.0573735255601813,0.1958987850184405,-0.0020521565939775,0.3907165688264344,0.0572066804627955,0.193346300351556,0.0747790818810821,,0.0696486241185398,0.1933393590370988,0.0325997842251539,,,,-0.1245414940237549,,-0.0163360351653424,,0.0772814015913582,0.0038400466483773,,,,,,0.015600923247399,,,0.0929790976479036,0.1906727056319446,,,0.0761391958664254,0.0468310981276503,,,0.069247954347512,,0.0538975051934714,-0.0240556494248711,-0.0112562803742527,0.1210975781875528,0.1114234647341558,0.1932459899567188,0.1973025435371074,,,,0.0530359931411593,0.0962281966649527,0.0581291144337051,0.0526782888829693,0.1455812064115441,0.0928072335684982,0.0527888016789418,0.0581291144337051,,0.1878780432975217,,0.1210975781875528,0.0826692554594749
PANAS_Q9,0.3716943725679345,0.4254716986618226,,0.063734814997549,0.2591954972572429,0.0958610341572099,0.2449248917954917,0.1962534555167984,0.3872764841029984,0.0449840929972251,0.296151343311833,-0.0553641366985186,0.2541384954120577,0.233530657572628,0.4152332483245495,0.4674512354566537,0.1219214530228421,,0.1125384954500818,0.2454988403099619,0.4802396145971291,0.3207010473985282,0.3618414249603585,0.0663842639856437,0.3544979448759606,0.5773382744418538,0.2108432583798656,0.4194039436816273,0.5297535359242751,-0.0135253329747358,0.5053260241694594,-0.0613935970583373,0.3126257490167151,-0.0017307618854862,0.0518361567356032,-0.0575932737884808,0.9999999999999996,0.2968972110580483,-0.0203932262936514,0.1316956459436277,-0.0539423362021636,0.4662379826117537,-0.0266811145689842,0.1535328474602659,0.3786507734301768,-0.084377656658722,0.5328900402736692,-0.0724128930276068,0.5125222287429331,0.5013606655614614,0.3083251069066338,0.480027295331887,0.0609432076963868,0.3207830643839869,-0.0241769288103138,0.4148119936663786,0.152757876942623,0.4350339117875219,-0.0801437740522613,0.4287421042271414,,0.4865653869385504,-0.073838879802587,0.1863592058035565,,,,0.1495926643132166,,0.1378319194222054,,0.3553978083554113,0.2217901466383434,,,,,,0.2416832634487821,,,0.2259688895367648,0.223687142888516,,,0.0204473149987387,0.1629831752099227,,,0.3343460677532118,,-0.1148497071183793,0.1306081279373274,0.4353475736253201,0.0449840929972251,0.0200259653143648,-0.0486437753236395,-0.0843087249474429,,,,0.1934637469609076,0.1161208593827434,0.0782038440740925,0.03235147324358,0.0117082858767852,0.0923637287274112,0.1314404652885658,0.0782038440740925,,-0.0464688003047456,,0.0449840929972251,0.1112188552441711
PANAS_Q10,0.1683363140796145,0.182013050939781,,0.0806744927539123,0.2024203922709962,-0.0111752054027792,0.2186227001445755,0.1843815129269778,0.2702459687314557,0.0886772573342165,0.1438404153346956,-0.0371339293620502,0.1757575757575759,0.1514978345082356,0.4078391278250244,0.2368078387228885,-0.0282003710575138,,0.1051337707609142,0.246004666486869,0.2947495850808874,0.2036163887670522,0.2365086599539654,0.0115608819026299,0.2617260548666154,0.2672133104875874,0.1375577258572114,0.3540259327204057,0.298371794655615,-0.0561614854860456,0.286966309467232,-0.074612217170406,0.2879507707976812,-0.0263559410372218,0.0345492011367874,0.0709884820630641,0.2968972110580483,1.0,0.0179075894598721,0.2272827358023949,-0.0575014217939897,0.2422936910016123,-0.1600485311149486,0.2608279881716414,0.270846574127935,-0.0605384119943678,0.2193143072856694,-0.0493297917380221,0.3515913106860391,0.3374884404010621,0.2717002742638661,0.3562912956065939,0.0167537121845614,0.2021217276616542,-0.1190425998179039,0.2932264460908434,0.1179777396006411,0.3172269605075745,-0.1497651814489844,0.2639497128220075,,0.3134694699437134,-0.0551974186185192,0.3235437364387901,,,,0.1136065618225626,,0.1836596144527274,,0.3145341014987983,0.1293748736574116,,,,,,0.1174627236619994,,,0.1115886938706779,0.1915869317957605,,,0.1017454847308377,0.1863041759920515,,,0.2643661936760915,,-0.0337954272590858,0.1544459113599988,0.35970092719404,0.0886772573342165,0.0238435770022918,-0.0139381069183678,-0.0057148787568103,,,,0.0862157322019464,0.1541634374157775,0.1173805821727146,-0.0146240486913424,0.0206766137864573,0.0896009782371965,0.0946219635900887,0.1173805821727146,,-0.0716898402096819,,0.0886772573342165,0.1146233542676685
PANAS_Q11,0.1088774585157219,0.0159603592657028,,-0.0616517285074011,0.0697074496489222,0.2921307467950225,0.0386864637118272,0.0533236177945916,-0.0095318803865944,0.0448127694256844,0.0903131072396519,0.2472285245403968,0.0439749062271478,0.0260264807757942,-0.0486257369698512,0.0690167621397791,0.3833820102582074,,0.1354263332062803,0.0937381635057638,0.0363109283191035,0.105281688315994,-0.0013704949010508,0.4430273824879357,0.0933425237287221,0.0318973697339679,0.2625163615328391,0.0787552736689461,-0.0158680452770385,0.4077392416930447,0.0650031585670953,0.48056620406536,-0.2902561266153726,0.2607971062274338,0.2775291658855394,0.1879371598743055,-0.0203932262936514,0.0179075894598721,0.9999999999999996,0.0358873581568759,0.248082521054498,-0.0555832701383093,0.5029971077911861,-0.004172292818449,-0.1772415384753572,0.5343601590373739,-0.0438651355994378,0.3999485595594008,-0.0737690376906208,-0.0173599297088666,-0.0049085797303963,-0.1072260621179539,0.3132233938997527,0.0956294568684924,0.7115662274093102,0.0718752580480516,0.3842821475099577,-0.1135219373349273,0.5673575897749232,0.0166276778452853,,-0.0037667580495605,0.3166177612948253,0.0365718454751363,,,,-0.0098620677053823,,-0.0466441578371608,,0.0174226629031494,0.0217031763180359,,,,,,0.0270141150884654,,,0.1104210062819124,0.3758680809232671,,,0.0729560545722495,-0.0660679336292373,,,0.0726534877387724,,0.0428521702033155,0.1512625618933484,0.035181888240474,0.0448127694256844,0.2755475202894742,0.3018334333193259,0.380392293010357,,,,0.1378217033476379,0.0437829221401003,0.0779060018596055,0.1947341641399354,0.3118295974165503,0.0831219138136413,0.1561125038291839,0.0779060018596055,,0.2019428601056665,,0.0448127694256844,0.0380022437892755
PANAS_Q12,0.0838253636501465,0.0820279813982748,,0.0493185454880039,0.1354626135742266,0.0587846387652388,0.1380469045945554,0.0673907125370657,0.2471198013697702,0.0050352751846553,0.1358258302565373,-0.0542158313152314,0.1338166512329834,0.097382542207888,0.3139013538156017,0.2024133580657523,0.0371600108886736,,0.0658982445174559,0.2387091145708543,0.2473787869197889,0.1242803642977344,0.2268090895105185,0.0497796680221633,0.2066525716001455,0.2184782402174692,0.0711305218160933,0.2745116228490388,0.1797668612738542,0.0649038796926856,0.1470222053725927,0.0311786683942069,0.3430897136521867,0.0025016709068816,0.0752736661448473,0.2404174325308405,0.1327144692833488,0.2292180105338607,0.0366692659607803,0.9982385436145867,0.0508183581272688,0.1044116564735604,-0.0539914335392907,0.3528327511499122,0.1927312035253461,-0.0068467866652411,0.2432149035987701,0.0717311343067969,0.2768945365633831,0.2985839892713109,0.2281359142288163,0.2432120894259571,0.0776577193425461,0.1866363522320312,0.0017209735706417,0.217989058514373,0.1887599049814282,0.3443212224800044,-0.1101299228024148,0.2545413687617029,,0.2517802883022736,0.075895393896019,0.0893857662286174,,,,0.1698410855981657,,0.1506255907345248,,0.3401948067441712,0.0459340690120412,,,,,,0.1366687170909274,,,0.0176802332881523,0.2394168644117952,,,-0.0050352751846553,0.2009198558626792,,,0.2655735078723936,,-0.0354826791516301,0.1717317020754769,0.2360504865737613,0.0050352751846553,0.0957617977399319,0.0632184948289277,0.022074516648531,,,,0.0691444624853948,0.0777685008135979,0.008753713794679,-0.0766451249861739,0.0928639616902604,0.04202904035633,0.0120883875416167,0.008753713794679,,0.0776113791329043,,0.0050352751846553,0.086062102348525
PANAS_Q13,-0.0435810899634065,-0.028558141242859,,0.0334147381589958,-0.1400871175685507,0.090111572678184,0.0867385836844497,0.1752187881679502,-0.0971384769350151,0.1259494178986024,0.1469038250976893,0.1817485344835964,0.0302527715840343,0.0904894006358253,-0.0312650673450615,0.0239595866048443,0.1342425183036601,,-0.1160227457655287,-0.1262623805239187,-0.0063093527994089,0.1365871587017036,-0.1133987723257473,0.1027548155446602,0.0559665584858528,-0.0038662337265365,0.0994783396901365,0.0509767452915432,-0.0296295747959533,0.2924078666956486,0.014677549693907,0.2927087592827075,-0.1145888137668085,0.5733084009470866,0.4079057887378585,0.22512132292655,-0.0539423362021636,-0.0575014217939897,0.248082521054498,0.0502673349386259,1.0,-0.0701816136139133,0.3162548934503627,-0.1354218292076995,-0.1364528538598647,0.3290250003766908,-0.072075505554903,0.4286295905528248,-0.0571092450860273,-0.0305162484421196,-0.1467975033832237,-0.0808137125472867,0.3183852051008624,-0.1325560163968124,0.2635699678627384,-0.1649539372626,0.1466131828299989,-0.0183450942936782,0.2419140303896252,-0.1282545770902531,,-0.0658602140859661,0.2228827032883523,0.019171226964491,,,,-0.0812691914022518,,-0.0560500890433927,,-0.0783486729284134,0.0030238197452836,,,,,,-0.1476597402766459,,,0.1029102840109499,0.3002284133361318,,,0.0787811100003209,-0.0563524051074899,,,-0.0911835696094367,,-0.0140924353786462,-0.1270710297325893,-0.0570001951994569,0.1259494178986024,0.1942556977212794,0.2322732953198449,0.2103474548528882,,,,0.0544858208801506,0.1003204372377893,0.218960258666827,0.1378474090920809,0.1181829577901684,0.0963333232986126,0.0541741288591048,0.218960258666827,,0.7189618358224694,,0.1259494178986024,0.0864304803935337
PANAS_Q14,0.2578467531514752,0.3142905103236559,,-0.0099289919540547,0.1917274235953252,0.0599275094379383,0.1339608246068904,0.102552952335197,0.267964180298056,0.0544807084432809,0.260378165438292,-0.1052330417155699,0.2098887445219694,0.1542323866277749,0.2980495206978041,0.253713612926491,0.0734176270619876,,0.0607349628235412,0.1731493701899945,0.2731403613522803,0.2477684960201293,0.246383138432813,0.0162280048084562,0.2298570815544685,0.2929660914460179,0.144114363621181,0.3127678484754936,0.3510504947519859,-0.1048163508528365,0.3523445934117058,-0.0605681064986803,0.3334464230920351,0.058101829581077,0.0075484032270871,-0.0720995412010165,0.4662379826117537,0.2422936910016123,-0.0555832701383093,0.1041495379230968,-0.0701816136139133,1.0,-0.1025942359750386,0.1329028203059311,0.2260937130079996,-0.0849865654573388,0.408655768439518,0.009340112441606,0.2822446596712453,0.3003841748454798,0.2031513082107579,0.2829822267901615,0.0486642412940809,0.188867150853958,-0.0923635793419992,0.2158685579784834,0.0512441035969435,0.2892204858055257,-0.1004434348063342,0.2449256211898431,,0.3153269100928999,-0.0163269292702683,0.140790345125163,,,,0.1182604763787669,,-0.0039492174927116,,0.1989363985342572,0.1110858946553558,,,,,,0.1436248103990501,,,0.082634836262778,0.1814387390075343,,,0.0070078919574344,0.0784096826735855,,,0.1787491569905933,,-0.0826869388385748,0.0708479259626241,0.3612191777870808,0.0544807084432809,0.0344370927061844,0.0175641530176179,-0.0627895629731437,,,,0.1543058350565399,0.0590813110081187,0.0947134985784254,0.1377733872431903,0.0024866920025759,0.086798016139133,0.0933386740732246,0.0947134985784254,,-0.0610486684822853,,0.0544807084432809,0.0586859926807699
PANAS_Q15,0.0681716533884559,0.0509035184305393,,0.0212535695866692,0.0806882232102437,0.4393529303144836,-0.120520130858115,0.0681109839873722,0.0281350753325821,0.0468774675410179,0.0146921602746368,0.1355197214589999,-0.0782647163187774,-0.089466796113401,-0.1157500215686814,0.0592361897816576,0.4666067849100451,,0.0803274846179319,0.0207568539807495,-0.0057830105569983,0.0371383262981684,-0.0019324118987151,0.3321176626277395,0.0137659612976205,0.0326733581295386,0.3910166333904146,-0.0263058595322593,-0.0660910427895776,0.4323987193367953,-0.033579979298436,0.4509098342338845,-0.3151752578988586,0.3234438547830625,0.3432083438028733,0.1445664840385349,-0.0477955587627762,-0.1468056345494645,0.4854659675033764,-0.0347603846960894,0.2942535262269003,-0.10235211745614,0.9640244196437529,-0.1320649670698603,-0.1089193693756763,0.6335430304730449,-0.1076799797230804,0.5201760492111074,-0.0428718875322753,-0.0155408621874234,0.0276524375166165,-0.0868094189637606,0.4880960472370708,0.0596808521293292,0.6333407131333993,0.0220642481976098,0.2825686018727745,-0.0761118834134136,0.7789262317641882,-0.0034865296485978,,-0.0431866780104897,0.3127500593553048,-0.0845862130680401,,,,0.0005099714492667,,-0.0704780517510039,,-0.0709341540183205,0.0297894785575612,,,,,,-0.0077390422962869,,,0.1877952125197103,0.312088457156112,,,0.0806292441705509,0.0563811879084489,,,0.0521848239005888,,0.029819990963595,0.1155227569142235,0.0181171758604778,0.0468774675410179,0.2231049865694923,0.2728695725481241,0.3596290839488211,,,,0.095465530260052,0.0445508370134547,0.0814954335611978,0.1614264587335873,0.3031777243589109,0.089994971009779,0.1730773963503632,0.0814954335611978,,0.2244019627910498,,0.0468774675410179,0.0108173372718976
PANAS_Q16,0.0720792780498004,0.0329819587313646,,0.0549736312479148,0.096572378702313,0.0111842468325776,0.1556009205547618,0.1307319431123297,0.1500232211019374,-0.0501354015251403,0.1398458524271948,-0.1579047271617687,0.2211889118006857,0.155270526467162,0.1924910120833551,0.1364624099343778,-0.0577089900467184,,0.0839807054871455,0.1475631219470657,0.209439303228248,0.1352373237733184,0.2032695147177497,-0.0108513081222855,0.2108691673855378,0.1368928989719919,0.0499687548752591,0.1923409962512253,0.0796726726094794,-0.1330515394326891,0.1332452249443073,-0.0899187618813003,0.2666214624185234,-0.1647138738283679,-0.0108310170541791,0.0995785108561186,0.1550912383125298,0.2636842387146949,-0.0033505698971582,0.3508840082603823,-0.1351085136766539,0.1299879210563763,-0.1316369138422579,0.9982617894106476,0.3412789371597381,-0.1246174572198248,0.3022195142189587,-0.0224407738996773,0.1650947106620381,0.2243497819575961,0.2422999213522281,0.1724158013877281,0.0007113385987314,0.1583490530877833,-0.0286912558792629,0.1963010913427723,0.1608408621538303,0.2278109726061344,-0.1492220566441075,0.1877514457546548,,0.2003355388139272,-0.0732062940502967,0.0925117626397262,,,,0.1230145528209991,,0.1794781356464915,,0.345189487245482,0.1110555788965352,,,,,,0.1595274366228422,,,-0.0736584890597061,0.1212108206667879,,,-0.0091551602785038,0.2033727351976954,,,0.181994391814205,,-0.0479419323309109,0.1409424523921882,0.240477114601734,-0.0501354015251403,-0.0275226652859243,-0.036741258099539,-0.0864461941106055,,,,0.1129427906728605,-0.018442398218638,-0.018442398218638,-0.0737783623633521,-0.0222699780556864,0.0,-0.0226352556628165,-0.018442398218638,,-0.175492359938486,,-0.0501354015251403,0.0226352556628166
PANAS_Q17,0.1811876475886446,0.2009685199929457,,0.1159201179905113,0.1894752462514849,0.0524736347637466,0.189232703136905,0.1133443307138453,0.3501744182492932,0.0470445044310181,0.1957193174389481,-0.1951171449154841,0.2181766509102465,0.2566619915939041,0.4385790116115626,0.3398536753752463,0.0361820905546807,,0.1421707431665186,0.2020380164078494,0.4386680379573268,0.2583982305705424,0.2863776419656004,-0.0031973450522327,0.3401773705876017,0.3760496293946233,0.0905101479917541,0.3948065265886068,0.3142681210275913,-0.1325636693208635,0.3046398046398045,-0.1742831613129795,0.351320059821255,-0.0565158497096493,-0.1127441927145487,-0.1317047998488356,0.3830922274328167,0.2724189882314105,-0.1714802153792857,0.1946925891989735,-0.1351789489301821,0.229938728342623,-0.1142332442970151,0.3453832543699234,0.9975979285978688,-0.1379756523978588,0.5121858427357,-0.1269051953655322,0.4198540868565134,0.4242511494178045,0.2982475227284441,0.451308942203431,-0.0990101074601804,0.2140756520302327,-0.1465716681507974,0.2653610193416721,0.0999537066814248,0.4833447588055907,-0.2112032545424541,0.2694427916386406,,0.3659714387093399,-0.1855820400002687,0.2589185278313036,,,,0.196649211715306,,0.1555637794383642,,0.3749352596124987,0.2196230424896722,,,,,,0.1471059343953379,,,0.1005244773198965,0.1592093113801412,,,-0.0470445044310182,0.1648131717265988,,,0.2980178219884675,,-0.1432639509218541,0.1213796198480182,0.3712192674555246,0.0470445044310181,-0.007309207287095,-0.0869667972513364,-0.1587065883999181,,,,0.1446854058993343,0.0817858234752726,0.0414855626323846,-0.1551484797756615,-0.044074818568644,0.0981691815623252,-0.0016856960128685,0.0414855626323846,,-0.1323648499888301,,0.0470445044310181,0.058999360450399
PANAS_Q18,0.1006523853587675,0.0408548253287956,,0.0071090579783655,0.0720945699118327,0.470489973361671,-0.0069046448640607,0.0828867485426361,-0.0091760692736013,0.0643559158188155,0.0649030512200994,0.1066420391967,-0.0592875423451374,-0.0367179565883001,-0.1265288938267748,0.0514513768218585,0.4616103187272065,,0.133004385703848,0.0357594835185843,-0.0843090203558969,0.0920798550722629,-0.0360681398606605,0.3992249441729343,0.0970188405623954,0.027798875493097,0.3278336146307185,-0.02068487477512,-0.0277640407625277,0.4864116800113604,-0.0483142680883488,0.5567358155711077,-0.2505866498759623,0.3648441063520988,0.3285896245416111,0.15794782570315,-0.084377656658722,-0.0605384119943678,0.5343601590373739,-0.0100844427080738,0.3290250003766908,-0.0849865654573388,0.6779013338602671,-0.1240378776111069,-0.1423065482202506,0.9999999999999996,-0.0773634732864069,0.5886915293770061,-0.1210389242481358,-0.0856841658749623,0.0468502253172709,-0.1083391554891806,0.5098474785774556,0.0217520079056339,0.633941384471742,0.0051015720092121,0.3626858739673387,-0.0864124470934799,0.7138124319502352,-0.0094544215975707,,-0.0594381997624614,0.390354265810536,-0.0065272340969206,,,,-0.097037307387265,,-0.1745027726065672,,-0.0770148733834658,0.0295191727437086,,,,,,-0.0878740065658727,,,0.1594901702972445,0.3341654276315777,,,0.1136590920054335,-0.0807638484171717,,,0.0646422108694822,,0.0650321157939965,0.134448231875818,-0.0023736673716874,0.0643559158188155,0.2839082093071284,0.2807505068488444,0.4001153595307746,,,,0.122371370223361,0.0774952014473701,0.111881326722549,0.172141586003807,0.2981913626818321,0.0837626780760557,0.13430285914202,0.111881326722549,,0.2447093471004452,,0.0643559158188155,0.0613082663553264
PANAS_Q19,0.3132663651338176,0.3578394646809407,,0.0170503035454446,0.1955369385925988,0.0939603539365286,0.2606295666106968,0.2082282572738148,0.4330775793691107,0.0476132591580962,0.28237974259301,-0.1592156031138729,0.3033164076823532,0.2728412403013514,0.5586346765129022,0.4751804020735428,0.0958826495599301,,0.1675882427082942,0.222098551082531,0.5827853342079792,0.3922528443890079,0.3692083179468632,0.020573082299132,0.3934293428820068,0.4757631553787926,0.1314821757120647,0.4839547664774053,0.4593017475068817,-0.0877393443589774,0.452262017768887,-0.1179657505619299,0.4320363485085706,-0.0133813486011391,0.0175467210299828,-0.0849630447605744,0.5328900402736692,0.2193143072856694,-0.0438651355994378,0.2379473228187807,-0.072075505554903,0.408655768439518,-0.1197522789816239,0.3043373508399923,0.5076470051362744,-0.0773634732864069,1.0,-0.0336836592910809,0.5231757069814926,0.479997811562353,0.3419180728355361,0.4994935044811889,0.0346610942636631,0.2672512850472949,-0.1137720769780959,0.4308945663780297,0.1962478751121561,0.5784135438820039,-0.1740477247497252,0.4098784980479382,,0.5409131844072781,-0.0916383093990024,0.2627608400798468,,,,0.2849579464436193,,0.2093091392366905,,0.3713341689041045,0.2657094633940856,,,,,,0.1860370840957924,,,0.1462248858408245,0.2725935400896435,,,-0.0476132591580962,0.1348201532987603,,,0.3229230426863396,,-0.1449959714902959,0.183169061399903,0.4805333445217153,0.0476132591580962,-0.0395410391512282,-0.0650176312131663,-0.1383979539967187,,,,0.2133433497199673,0.1240102845420338,0.0827745909045849,0.0320583537551401,-0.0085938238901435,0.1004478435344304,0.1168568045562434,0.0827745909045849,,-0.0410275348155304,,0.0476132591580962,0.1177192163979868
PANAS_Q20,0.0653291919460518,0.0186362839137153,,-0.0150705003103929,-0.0099853557942569,0.2642161017891368,-0.0466137399247224,0.0855465502585717,-0.0472197777360587,0.0582489974188189,0.0665063831488142,0.1762852422141429,-0.065303248110334,-0.0768786963929023,-0.1110420269574568,0.0324910643320341,0.2450381899802977,,0.0392298229971168,-0.0541287982239903,-0.0227111391509564,0.1009981367592864,-0.0434747105245386,0.1782700677834038,0.0467678526978917,0.0042628619472548,0.1563451307285925,0.0597875567922036,-0.0560159137206152,0.4551256642843422,-0.031445535134822,0.4491895203202459,-0.1705223130984695,0.3621302156242591,0.5364824962109707,0.2272400119232465,-0.0724128930276068,-0.0493297917380221,0.3999485595594008,0.0712051165575582,0.4286295905528248,0.009340112441606,0.5304658738627159,-0.0230165687912315,-0.1281528960496704,0.5886915293770061,-0.0336836592910809,1.0,-0.1043131096922438,-0.0530473514821261,-0.0275443120520754,-0.0985377343973444,0.4712458571813943,-0.0234257651456378,0.4540134666777141,-0.0536411555373436,0.3066124811340241,-0.0753240639942835,0.4964854135945212,-0.0506399965431086,,-0.0387672910121129,0.2716225861929681,-0.1074832804622025,,,,-0.1195038308868956,,-0.0626554402596092,,-0.0086558151345884,-0.0158163490303575,,,,,,-0.0522629247458565,,,0.1038788057109225,0.3787154544094194,,,0.0795225443022137,-0.0405734342985349,,,-0.0323389853159995,,0.0323920127706451,-0.0005218345645327,0.0084210717884307,0.0582489974188189,0.2052009638203959,0.2257423818605187,0.2983971049324307,,,,0.0239620475694774,0.0613457921081258,0.1012645850588681,0.1925712852535696,0.1815760190207255,0.0486199735556035,0.0546839789667148,0.1012645850588681,,0.253855884883151,,0.0582489974188189,0.0588583285061586
POM_Q1,0.5277133073440616,0.4841356317899503,-0.022517912023579,0.5367326713395213,0.3994349760498091,-0.4856889141986135,0.5509608529484487,0.6265380383864738,0.5587565479158743,-0.1064540831138616,0.5154711500807263,,0.6330223490219353,0.6174281168209453,0.3826926545736839,0.69393355388906,-0.5365793263420053,0.1615237042340858,0.418414208256715,0.3744291835476756,0.6714339708166797,0.3635968842802718,0.6062063224555561,-0.51234630471795,0.7336387756792648,0.7274951292397397,-0.560612265809221,0.6677038334786779,0.7650076607966589,-0.221160083793183,0.7238022136901738,-0.3516003946293371,0.7503060403493447,-0.022517912023579,-0.3598352611632844,-0.3590505588329229,0.7611843646513998,0.7262826705760725,-0.5062587205646006,0.700211405437283,-0.1589096014751754,0.7760289217801866,-0.3443986734225513,0.7596548139672427,0.769704245972053,-0.4878369288203961,0.6832472445012407,-0.3367955154793457,1.0,0.8450835031375484,0.7693087140325054,0.6301107453226035,-0.5441486045746954,0.6466675206240801,-0.5440599015651388,0.3065047399999678,-0.4631776470821091,0.1327132281833938,-0.5503347245546091,0.324690963425528,0.4873306940304077,0.147653830168735,-0.5247525290265866,0.6548733930323021,-0.0304398232964505,,,0.3928268824351109,-0.0600209098018231,0.5107138787579102,0.2402789757245122,0.2840429198576796,0.0548903197748711,0.3788985201445228,0.1118591603479633,0.0099957204358436,0.2041982889036631,0.3389959949915408,0.0622531871781009,0.3035165250345275,0.342109704553433,0.3345839447501023,0.1544039598928427,,0.3423703945773115,0.5717707367635392,0.7047693356370552,0.0141622371442503,0.3043231115879181,0.1260480627843686,-0.1849921846029392,0.3174848541742397,0.2578160200134182,0.5887103200558573,0.3592509973482255,-0.0201030218733655,0.1301339169679815,-0.161021766014796,-0.0281331919453044,-0.0579364246810242,,-0.0547384690534295,0.4328385835417173,0.2427019306362828,0.2453731854194508,-0.0547384690534295,-0.0201030218733655,-0.0951616096599524,0.0073920783093437,,-0.2667002336048338,-0.0201030218733655,-0.0213986616900022,-0.0327876415067956
POM_Q2,0.5373015338884335,0.4253997092132217,-0.0045556653379976,0.5273028736160097,0.4050500015212827,-0.4925498268093087,0.5399726514627028,0.6423894464647013,0.5009687650904846,-0.0801444292759296,0.4720068823259603,,0.6319930798837036,0.6644407949512892,0.3073691265563554,0.6364231241145117,-0.5029940853021758,0.2088095717827743,0.49794221384437,0.3611635637437226,0.6150593966241084,0.3283705876497899,0.5596946767184285,-0.5325654041819563,0.7122814406099374,0.7279230326226525,-0.5448745639299118,0.6606547692057039,0.7706952726396883,-0.2355936960958483,0.7802313417627698,-0.3513899542142458,0.7349701369217567,-0.0045556653379976,-0.3863917809326315,-0.4344627353297011,0.6899406334423319,0.7740121770630453,-0.5323121017969545,0.7465157246912633,-0.164943571944881,0.7571724597915549,-0.325523123340432,0.8125857847714679,0.8236695737999343,-0.520063516223699,0.6190812997291506,-0.4091960042880002,0.8420162447581447,0.9964192158966472,0.7918586327366954,0.6887942869900376,-0.5520362392795783,0.6498973333080351,-0.6053334637054815,0.3137514818301682,-0.498471362500709,0.0534414689201214,-0.6074870745879342,0.2978993588692288,0.5073414647970255,0.0865411287558107,-0.545630530629467,0.6364427076848468,0.0145215899864269,,,0.3607305108351499,-0.0461616209050513,0.47404848879994,0.2417666054534558,0.2960713223644523,0.0035156604951035,0.3723980622300127,0.0835043338390658,0.0020222637458661,0.1853741767043975,0.3152375577276151,0.0629341690087299,0.3484571355865861,0.29707967693754,0.3335447277374564,0.2169075611798257,,0.3444900988741506,0.6062062450628118,0.6604002640995044,0.0028652040561756,0.3123790640963475,0.0622414519728392,-0.1621609771408442,0.292479903467676,0.2552016277592795,0.4993259118403556,0.3871631829382607,-0.0040671017739833,0.128101304411756,-0.1305925371139589,0.0203474253016761,-0.0117212893207183,,-0.0590950405736443,0.4433700402626741,0.2666035957632469,0.1943276198376552,-0.0590950405736443,-0.0040671017739833,-0.0319013637518652,0.0501857978958139,,-0.2192605253067445,-0.0040671017739833,0.0268936797405973,0.0112504202453308
POM_Q3,0.485016756973013,0.3371424639196342,0.0014745820950982,0.4934192885884335,0.3482732677490121,-0.5232313728510668,0.4976697540719399,0.585430254746236,0.4454884140763677,-0.1068494433697486,0.4415283424490914,,0.5737728008155313,0.6113731645526814,0.3053044057330948,0.5888809149225411,-0.5089587740132494,0.197656733564422,0.4507116597468721,0.3171238050477128,0.5140595785789465,0.2985697400963968,0.5067588576322166,-0.5245933021752429,0.641978309126094,0.6645309066661387,-0.5929453554155761,0.5853299306321375,0.6957063642040482,-0.2275102576159596,0.6962171796912198,-0.3618446563078855,0.6832634835997766,0.0014745820950982,-0.3846329232438303,-0.3989908920492369,0.6332101824381318,0.7407617856592182,-0.5367153601741879,0.6928411359592859,-0.165433050845019,0.7078046971907374,-0.3089695778035717,0.734050388537903,0.742917563181758,-0.5139416312760196,0.5364333045507179,-0.3731961602001303,0.7673110021539069,0.8035711060566262,0.99300815254884,0.7526188924308217,-0.5641158963882384,0.6772536193536185,-0.5553087777515751,0.2431844585001317,-0.4770292122311781,0.0676010913907393,-0.5685483602075043,0.2639414488026759,0.467029147672157,0.1043577511893548,-0.516771289477155,0.5804716195639875,0.0019933472678949,,,0.3208430057045787,-0.0411152643367953,0.4260206249754721,0.2400315087857438,0.2434823260946614,-0.0011379523371228,0.3482277059516991,0.0919164002645223,-0.0006545682551236,0.1773879971385191,0.3106609880345358,0.0396597544860252,0.3330445784641685,0.3083585751032993,0.294880237527881,0.2154060983376224,,0.3420177821474661,0.5644109707397946,0.6490440841554297,-0.0009274119775217,0.312182081310063,0.071710110419386,-0.1845474060224615,0.2879670177699072,0.2777118715274971,0.5085189019533954,0.4099941071890651,0.0013164433754245,0.1262415496552453,-0.1932247744753849,0.0148679634590528,0.0037939580898615,,-0.0600020900530046,0.4441594007251246,0.2911246435991318,0.2117627493493515,-0.0600020900530046,0.0013164433754245,0.0332534960737008,0.0898872387739599,,-0.2580168688774283,0.0013164433754245,0.0490450854143826,0.0323766610077902
POM_Q4,0.4602649655817525,0.252360873741436,0.0123830720051619,0.4132959217589076,0.2816725734434192,-0.4543510524253147,0.4455105777268198,0.5376198218351556,0.3147059910462469,-0.1077261272460708,0.4124476427034583,,0.4844240434976949,0.5251259337537123,0.232986896906595,0.4420578347347275,-0.4645218953857322,0.1995623484692089,0.4306534652441357,0.2771429242584075,0.4237052825402912,0.2255028324961051,0.4175119435798745,-0.5030003700655356,0.5088796522415713,0.5605612522755403,-0.4758743575261642,0.462373229646314,0.5969508535159007,-0.1964639938730674,0.6154984467437083,-0.3277851009886008,0.5579994627481295,0.0123830720051619,-0.3623279166065057,-0.380963823779152,0.5514311676436365,0.6758141823224613,-0.4925249820961783,0.6549546146775275,-0.1556214160760177,0.5980033042942643,-0.2796977608512696,0.6408822325291327,0.6394827571698825,-0.4993593239727989,0.4553376210760512,-0.3774726064019211,0.5786414970645032,0.6891387189396643,0.7170291860740011,0.9505454805615552,-0.5221411645451504,0.6488164039507966,-0.5465055747832921,0.2464663405329532,-0.3918540803034072,0.0422637634863719,-0.5537181132646803,0.2378027001774959,0.4827184870926173,0.073448376504493,-0.5138665243449814,0.506788865251141,-0.0416341338887677,,,0.2668070049898953,-0.0329497011330655,0.3534207670708687,0.2423612217577326,0.2265620396811022,-0.0095561622346265,0.3535508484082087,0.0460328836627081,-0.0054968562702842,0.1670198635970992,0.2928106120609918,0.0596641552824208,0.3420469253566051,0.3064863411692396,0.183986990953302,0.2015783119434489,,0.3453373599301937,0.5046232191313588,0.5137540914569736,-0.0077881111769064,0.2835912415488077,0.0431325221825994,-0.1599179195357683,0.286377410560054,0.2040886478731569,0.3915381891341821,0.3611913579731964,0.0110550732731597,0.1257586467808815,-0.1148788791321513,0.0659566022674243,0.0318604548146171,,-0.0630024295594121,0.4228322305103267,0.2994563434655137,0.172901506571245,-0.0630024295594121,0.0110550732731597,0.0237678906861224,0.1324072111739463,,-0.1633550072328027,0.0110550732731597,0.1068956436167755,0.0886622178497909
POM_Q5,-0.3175136535874291,-0.2025981005334658,0.0497637941826747,-0.3486600950315411,-0.2391587862216149,0.5608445160018887,-0.3607037513793825,-0.426550732377314,-0.2826397028803133,0.0902296793254323,-0.3066715667166321,,-0.3402999939295911,-0.3659962833173621,-0.2190654065553124,-0.3986923780652402,0.5574521293209334,-0.1907402461192886,-0.2878696660621445,-0.2049711608127006,-0.3983272653777985,-0.165335815261557,-0.3617513814290343,0.564879608006497,-0.3981285590771208,-0.4372311288441008,0.6342744220620692,-0.3992050689754737,-0.5053123595433888,0.2440715069881542,-0.4592635987729094,0.4073157951220376,-0.5279365800304946,0.0497637941826747,0.3902970704850145,0.4077746347378143,-0.4944964995962873,-0.5661364144188259,0.5210631428252759,-0.4541948659519695,0.2479311653277759,-0.5408412979670347,0.3503218352907626,-0.5359494955888442,-0.4928590878035937,0.5491505684319374,-0.4338404374278697,0.4191566033117758,-0.5339532671229744,-0.5413863588976576,-0.5505768823262387,-0.5404858291123813,0.9769524640460032,-0.5918068662504516,0.5906908090036487,-0.254303396082207,0.4714502063980921,-0.0799066151023637,0.6034660207904194,-0.2294132375022061,-0.3059904588009191,-0.1527695380315563,0.6565622635017956,-0.4706909341635467,0.0672709396810576,,,-0.1814056263126564,-0.0030288431959929,-0.3079468902310105,-0.2479311653277759,-0.3238046046665516,-0.1507226485193137,-0.3035175623617345,-0.111124308749063,-0.1190019959489025,-0.1190019959489026,-0.242395053920102,-0.1001171042791005,-0.2204860335478202,-0.2726339118386163,-0.1578392334523295,0.0150521237215429,,-0.3185591239211394,-0.3917596251788297,-0.4885998932427301,-0.0312980463585934,-0.2082026920387837,-0.160371825422708,0.1635409158285714,-0.2887968318211386,-0.2398016410202893,-0.3238723571296389,-0.3585499708471873,0.0444269718217402,-0.0528581311512568,0.1600990856794235,-0.0616949672659968,-0.077923874951454,,-0.0705460934068344,-0.3648397975678688,-0.3266272419296245,-0.1381919171066978,-0.0705460934068344,0.0444269718217402,-0.0384033049651951,-0.1362183157760969,,0.1917953126786458,0.0444269718217402,-0.153104048301055,-0.135147278994466
POM_Q6,0.4853214962238221,0.2946867243012439,-0.0214918403630919,0.4574622614441455,0.3322416296120539,-0.5270489258204424,0.4937688281735988,0.5573247368639238,0.409056125783854,-0.0889112930789369,0.4327172618043061,,0.4798581142025411,0.5262564265870422,0.3157243744802469,0.5617912363842887,-0.5818638489144938,0.22842945921579,0.4726285419683174,0.3246576080370682,0.4994612295807232,0.2738394560274371,0.4634146471260985,-0.5887629315673393,0.574449569028451,0.5953432062095197,-0.5452309410384653,0.5371739863563986,0.6603224294039562,-0.2092038442612847,0.6088649969132813,-0.3437948480029204,0.6235028108102456,-0.0214918403630919,-0.371620148679921,-0.4353207405431081,0.6263661011976054,0.7193919667704216,-0.5474284426536755,0.6241871874830432,-0.1358286865857575,0.6707887735423853,-0.3633223078217111,0.6937077147829271,0.679785928131791,-0.5707725831972588,0.5248797792894156,-0.4120689024648296,0.6717840549976428,0.6920473723916208,0.7201655993245598,0.7045186878838994,-0.6084920577842791,0.9309010247001294,-0.5945651884236546,0.2807796718185889,-0.4452694349742199,0.1013444239745658,-0.5972804850924717,0.2696307640921681,0.4673553731847824,0.1460012851866685,-0.5619236181115164,0.5177361826087712,-0.033399504377864,,,0.3061962641079778,-0.0408183848356221,0.4266097937156851,0.2650084164854992,0.2102590462956732,-0.0057474525236153,0.3651819704906633,0.0889976540432402,-0.0033060259617736,0.1893880586673198,0.3407418281857675,0.0606230945468204,0.4218729549488809,0.3668999465699485,0.2677474297643929,0.1605944450418336,,0.3776070538209508,0.5014138664155078,0.6352531033624761,-0.00468407694835,0.3466509690806365,0.12918083116381,-0.149310944823765,0.3155897101619678,0.2930896676797853,0.4641641427271382,0.3352754965909176,0.0066489566860161,0.1384653306315713,-0.1241872713234165,0.0557439643468597,0.019162132970523,,-0.0675373875048049,0.3759942730915726,0.3308073398598959,0.1969313561299301,-0.0675373875048049,0.0066489566860161,0.0314741447721793,0.1396252502517514,,-0.1993777261975164,0.0066489566860161,0.1320823581972505,0.1050513671461451
POM_Q7,-0.4144746538595781,-0.2732324246169526,0.066481685395407,-0.4099556486874438,-0.2629889631488208,0.7822306000171759,-0.4037779181703483,-0.4445055835946334,-0.3339467613056527,0.1296981736602118,-0.3531264721853531,,-0.4206551759363951,-0.4943735146190227,-0.2408652622180762,-0.4255389220218403,0.7537496108332302,-0.0996724103748382,-0.3433324310112322,-0.2822905958046851,-0.3993280275186716,-0.2721714449541275,-0.4326216129897589,0.8573141395841113,-0.4492774481839249,-0.477807967180881,0.5662094720115867,-0.4267654399613318,-0.5125177546290753,0.3639371934856131,-0.5352568605241148,0.5141537526574965,-0.4815631137821316,0.066481685395407,0.6348243687788022,0.68249390433365,-0.4733182490533157,-0.5706725200520278,0.9118220110623648,-0.5229988472381643,0.274748592614604,-0.5152821084116906,0.6055378922900001,-0.5648641090627838,-0.5711874560678812,0.8707165279100392,-0.4184047418103803,0.605992807540342,-0.5440599015651388,-0.6035337371136317,-0.5533254546537841,-0.5679845304563754,0.6160115708562285,-0.5561902437019282,1.0,-0.27236208171348,0.6501280770703647,-0.0799247871384765,0.9835967322273385,-0.2607721169941382,-0.3655195505260442,-0.1159693504122908,0.856488679823484,-0.4534562171099118,0.0898702665579005,,,-0.2926488416343782,0.0418124643765062,-0.3099204494680669,-0.2613845695117478,-0.3452788468124398,-0.1745265779992041,-0.3534252859677068,-0.1357870807926151,-0.1358300502029131,-0.1358300502029134,-0.3029582064554647,-0.1369381649964798,-0.2209015908504087,-0.3400782101852743,-0.1754505439407333,-0.0201688912665669,,-0.2391479195665607,-0.5045731482337553,-0.4860648798018167,-0.1171302810017359,-0.2105789091903164,-0.1763640704533956,0.112584960003377,-0.2767238071976901,-0.2258712342429965,-0.3738154923880162,-0.3409444400776014,0.0593519849568028,-0.0542610680091124,0.1479270745312081,-0.0727350687201006,-0.0549024592445274,,0.0768074960140215,-0.3289216972050777,-0.3111181139862073,-0.1348871772092874,0.0768074960140215,0.0593519849568028,-0.0513046981399347,-0.1227863628778106,,0.1909112211367931,0.0593519849568028,-0.1217521270303258,-0.1130970466211723
BigFive_Q1,,,0.0935787569653962,0.0989551855682603,,-0.1794649697373347,0.154173392733501,0.0504442386482898,,-0.044930700738626,0.0504442386482898,-0.1654832141933557,0.2052485637073922,0.1413286810622831,,,-0.1397644613701377,0.2004607022716983,,,,0.1050645792530662,,-0.1100941058746474,,0.0470783805914716,-0.0312705098215967,0.1137693801131902,0.1972078457746266,-0.2717028851363996,0.3125341696516974,-0.2291012787262777,0.1858540407316481,,-0.2022718803408484,0.0047231594221169,0.236056738338811,0.2072846893250584,-0.1428029960048497,0.1157094508815464,-0.0925375791752487,0.1405339831415497,-0.1496004307850827,0.1284494177374534,0.2681374201850161,-0.1880373157943187,0.0716046216853206,-0.2530275168954059,0.0460252688570833,0.0,0.1600528664998001,0.017985415834344,-0.0896479759620757,0.1219025210519545,-0.2040371851739502,1.0,0.1530356683921068,0.07370196169542,-0.1984708361025716,0.2380538129504549,-0.5306791433650448,0.2217108490346294,0.0786419014615695,-0.0767784549142444,-0.2395870227010282,,0.2466730048026717,0.1600425612715953,0.2610420773780439,-0.1130930930469437,0.2341108669648978,-0.1420012272647834,0.1665921181894865,0.2590538965950839,0.2275524152656836,-0.1317137530123893,-0.0001768731699943,0.2529421139414689,0.2940164528951637,0.1435502416684488,0.0427632523347392,,0.0890499120793029,0.1522527554238517,,0.3228108518700193,0.0009475618116424,0.077718884906452,0.1563912431306414,0.161973929168979,,0.1382269742599869,0.171047957452171,0.2846154084079143,0.0058115275774557,-0.1697467962723571,-0.1518416479765135,-0.1975120023842554,0.0033048286931686,0.002328195629921,,-0.0372980018767214,0.11809090864353,0.0037018236479346,-0.1230751643791716,-0.0121616497795405,-0.1506166300352568,-0.1282977088480317,0.006060495709056,0.0016432426882564,0.054493168562533,0.0016432426882564,0.0037018236479346,-0.066785752751063
BigFive_Q2,,,0.1566405343142786,-0.1554571974533665,,0.1311852043586565,-0.0453911206656493,-0.0830341207991379,,0.1566250086043021,-0.0830341207991379,0.1428754789851254,-0.1815293561147194,-0.0002851082155724,,,0.2380859599510506,0.1354816855774528,,,,-0.1127266286907902,,0.2699857415939252,,-0.0541979000938562,0.1435263393158725,-0.0898754848043334,0.1078038133171409,-0.1310760615604742,-0.0266368510461438,-0.048728588099063,-0.0500193824903634,,0.0317176928494132,0.4763122381217199,-0.0147987249283945,-0.0247911519744202,0.2115941066395386,0.0765578982946457,-0.0263599366014687,-0.0437514030273005,0.1084080542459055,-0.0562437156143713,-0.0752585879862098,0.0754212020145627,-0.0990511454006802,0.1202041134121428,-0.0390636832096797,-0.0264109079067605,0.0679415000750781,-0.2558277313331892,0.1577258100864525,-0.223749125399513,0.051289024574002,0.1530356683921068,0.9999999999999998,-0.0017463124877311,0.0955268757885032,0.0971332094779379,-0.2626791031911955,-0.1876231962887892,0.1015316999116164,-0.2731160499799792,-0.0710408940382288,,0.0443106854053127,-0.0494721632329254,0.1491401021964621,0.133148879620042,0.1190014299406775,0.1640749622514294,0.070606878043488,0.1001866168530807,0.0346344491770539,0.0794923874220815,0.1084816785667466,0.1556243808536105,-0.0139066114618176,0.1771282988363845,0.2022020579816854,,0.1341941311573681,0.0333197328192985,,0.0706591600780811,0.152471423735216,-0.0046250733608172,0.1387354991666839,0.0492060523733243,,0.1489294840795918,0.16270337427714,0.025114487890977,0.0197859269657813,-0.0510576268918401,-0.0451930342976426,0.0266946520718588,-0.0138339588548436,0.0565255751919014,,-0.0652740727930156,-0.0256484893567456,-0.0449997254951352,-0.0080977065497037,-0.0098492299531843,-0.1444192915453347,-0.050657752587263,-0.033331141642857,-0.0723627354049101,0.024367761934087,0.03989580469092,-0.0449997254951352,-0.0505844452739232
BigFive_Q3,,,-0.1215402105075071,0.1453313912061211,,-0.1667230115507722,0.2124854830461117,0.0786903090658853,,-0.1744318359746751,0.0786903090658853,-0.0712957643639339,0.1733963276807703,0.2717087785608862,,,-0.2612021404155159,0.0898707985670299,,,,-0.1275760564887734,,-0.406693769185665,,0.1004800116772384,-0.2251001072652507,0.012360990333478,0.1013398575244195,-0.1906100580237278,0.0434247668537885,-0.2718158262876545,0.5096552685349215,,-0.2671807045548906,-0.1530379509086937,0.1555581927574902,0.0685024772842019,-0.3244960279035399,0.0019989715693066,-0.1017230222479037,0.1314710153544294,-0.252893133743747,0.1096046009351092,0.3150000973033385,-0.1388680317280113,0.0659430031323942,-0.2205930133820917,0.1012077530199693,0.0,0.1459573336948616,0.1870281583244088,-0.2441036605449519,0.1856723952022828,-0.2095955649853921,0.07370196169542,-0.0017463124877311,1.0,-0.1791777225008909,0.0999982086539302,0.0733819390469216,-0.0637485900149043,-0.4184260928960194,0.1997138237175943,-0.0611523676879274,,0.1025234183389729,0.3218480319301559,0.1691934135127311,-0.1213307176765236,0.3144410821955628,-0.0997581742694023,0.1271977447530995,0.0756171654435682,0.161896318457683,-0.0809399977938687,-0.0209593899330803,0.1944728329444288,0.1505888379682964,0.1288270533572347,-0.0538056208843353,,-0.0319508573632383,0.1698249766328753,,0.1193361847819623,-0.1763386203592096,0.3353912416514342,0.1683345457907034,0.2115781598350322,,0.1183060994334466,0.0998363700933971,0.1071215119125541,0.0047330815532388,-0.1444269396107608,-0.1805400688440951,-0.1442498395137046,-0.1116993726528311,-0.0464557246292576,,-0.1636120764679525,0.1101910895132615,-0.0943656091311853,-0.1109666516752409,-0.0047502663310323,-0.2123440537632933,-0.1747161375600314,-0.0434734360295189,-0.1237932959148951,-0.1221797751813691,-0.0327884945936749,-0.0943656091311853,-0.0703348846884354
BigFive_Q4,,,0.1043188741157115,-0.0801455575797168,,0.7942502803206357,-0.0665659724935917,-0.0125068415502209,,0.3704638468741574,-0.0125068415502209,0.1002669322043777,-0.1979336012879647,-0.1234414296262345,,,0.5912320063769545,0.0313983602868371,,,,0.0310332955807706,,0.3816352988438264,,-0.0281437914135495,0.5403874345181061,-0.0920051451699392,-0.0737419975336615,0.4393135897734365,-0.1588123574226732,0.4548715108250363,-0.1770931241676974,,0.4870454774421254,0.1140126566913698,-0.0107273096352182,-0.1037173131180995,0.3012173388900201,0.0665530068078617,0.2406369400363253,-0.0648727374475516,0.4282606121794627,-0.1076804099945517,-0.2010353981405171,0.7082597518966343,0.0224874117796885,0.5492269233284116,-0.1237921570969205,0.0,-0.1695357616318128,-0.3727960344217474,0.7132744016962198,-0.3615355909176955,0.9184243873929804,-0.1984708361025716,0.0955268757885032,-0.1791777225008909,1.0,-0.1823865203325247,0.1292077847712115,0.040829801111755,0.1382648827214679,-0.3608965466135982,0.1387502253471168,,-0.14893011114179,-0.28305060523115,-0.0724488384492688,0.0417748137285734,-0.0690340836376023,0.0038757437947743,-0.1006781324044066,-0.1847273171156369,-0.1254116776734017,-0.0419114986152076,0.0701207414095023,-0.1145312675010238,-0.098537691604327,0.0040683539690193,0.1829507000790673,,-0.0094230334217406,-0.149353289908365,,-0.1323993567029394,0.097392690911369,-0.1828483116058131,-0.0245223813151864,-0.1542818839582712,,0.0531784516414348,-0.0431715093050895,-0.1424706908386867,-0.0631316819047953,0.373925635363408,0.5329972212047095,0.4979559797725275,-0.0828483591883263,-0.0725396809912816,,0.265104323199566,-0.1462078562040645,-0.1063229487410537,0.369376819583656,0.0374210033337374,0.3421269151428264,0.5169555809333768,-0.0128556026342997,0.048844618276235,0.416252366049741,-0.0712072145954751,-0.1063229487410537,-0.0069728931426707
BigFive_Q5,,,0.0656841138620546,0.0631535319488211,,-0.1313159966062249,0.1887018194673046,0.1136091113703291,,0.0517870747450264,0.1136091113703291,-0.068897203386266,0.0293378414676454,0.1033266984511415,,,-0.0341736654960898,0.1631965538518433,,,,0.0876014480511202,,-0.0927411591781347,,0.1191359400296342,-0.0661149033305078,0.0598178711675286,0.3445947141601057,-0.0903828485945783,0.6115900481389662,-0.1014704792145839,0.1600709227735956,,-0.1096055386525453,-0.1161567340921053,0.3830914903374104,0.2639308251264495,-0.0481472936128699,-0.0005609817675742,-0.0544267003943714,0.2521124155356057,-0.0054941172831673,0.2345940601783784,0.2731365068302298,-0.1108825038047982,0.1612659375512979,-0.1021963750651673,0.0936954618285894,0.1261797523349963,0.1758221481175579,-0.0094746734137467,-0.1522556010514356,0.0419815288606915,-0.2092638858617913,0.2380538129504549,0.0971332094779379,0.0999982086539302,-0.1823865203325247,1.0,-0.2158787534356262,0.0051293287158518,0.0753568397719478,-0.0311152317719962,-0.4261508258899049,,0.1798459746849421,0.0590890828729248,0.2096130870322008,0.1130418544418705,0.1293957393731734,0.1235631487257201,0.0937024288109263,0.1925594527058213,0.1208762151945969,0.1670691534689415,0.0976281159745746,0.1818789460253141,0.0920505336595085,0.1718368570995799,0.1210613731691268,,0.0688337320439582,0.0901303699854225,,0.1828550340422601,0.0826224189409291,0.0501330898442227,0.2533023441314002,0.1942409873371572,,0.1211689315349144,0.3153608790756916,0.1279962188336839,-0.0333174202120586,-0.163130757471807,-0.1964390186545674,-0.1285154565113501,-0.0039655558414253,0.0130371111408574,,-0.050010824186114,-0.054520979241726,0.0005922561501735,-0.1179218535889746,-0.0208472881878727,-0.0914085474291481,-0.1503678024588967,-0.0548208782324764,0.0092016054333576,-0.0733467733640968,0.0092016054333576,0.0005922561501735,-0.0778771327242514
BigFive_Q6,,,-0.1035965496557713,0.0120476129513138,,0.1044838936367487,-0.0793914899939701,0.0100444992752389,,-0.0202389164501082,0.0100444992752389,0.0492031931412256,-0.050431906568489,-0.1044835412199277,,,0.0486195930219987,-0.1150923275736659,,,,-0.1217689631156041,,-0.0220108688541355,,-0.0010432085682706,0.0156705399290451,-0.0187815689617122,-0.1433722226972791,0.1740896521080357,-0.1881504743609491,0.1397641363127445,0.0036878467395078,,0.0923699837985517,-0.0086817472840355,-0.0521386459634228,-0.0391057239614354,0.0550351303635368,0.0212993509529302,0.0456797378838294,-0.0469735476341797,0.0698830237663668,-0.0380229041197552,-0.0662467407055395,0.0890758725006859,-0.043914555494847,0.1227696147641777,-0.0346737533298144,0.0272204077124016,0.0005835326762098,0.1582921846180468,0.0550051007253853,0.0123368870286491,0.1502802163504888,-0.5306791433650448,-0.2626791031911955,0.0733819390469216,0.1292077847712115,-0.2158787534356262,1.0,-0.0144389433499651,-0.1315849646466338,0.2983822765152533,0.4099262083022883,,-0.124235839842615,-0.0152965485893425,-0.1464215242113435,-0.0309428739206202,-0.1265057304791063,-0.050255775690587,-0.0943327693534024,-0.188711722219573,-0.1547055803989387,-0.0504212738901306,-0.0345217956779644,-0.1286110980224087,-0.1912915273666972,-0.126477230682448,-0.0800721082521815,,-0.0188582145521822,-0.044132717720437,,-0.1705471501669438,0.0181509492189478,0.0875969600766952,-0.1439881226925626,-0.0463086485476558,,-0.1116711040574669,-0.1716259977640384,-0.1442534052600473,0.0317586085980673,0.1202329615718998,0.0801859379191209,0.0985018127630398,0.0051328701227743,-0.0373655373038886,,0.1453381696053024,-0.0224752503480482,0.0361577143956774,0.100792827754959,0.0961571475002144,0.1404375381444561,0.0493270073342046,0.0176188567271652,0.0700434412888747,0.0228253688588262,-0.0456558463461896,0.0361577143956774,0.0105136846036708
BigFive_Q7,,,0.0519711164436981,0.1937173484689693,,0.0525524004605722,0.0760210793760317,0.151739351190699,,0.0445404065684141,0.151739351190699,-0.1172923591849411,0.0307517349482644,0.0475613508800563,,,0.0510443753745531,0.0989570477141097,,,,0.1861871029338944,,-0.0969256056110145,,0.1472473930637157,0.0792832052305008,0.1554819442231586,0.1494174922565266,0.0068756133938491,0.1856742322506233,0.0480438464011732,0.1547534338640254,,-0.0337958992334905,-0.1044928522425206,0.1954915464802742,0.2996074043342669,-0.125876256312179,0.050783324929789,0.0755236757783845,0.2484259039656207,0.0325196516621646,0.0783233454138848,0.2407673368122173,0.0335990884888576,0.1675263923878593,-0.012427265696879,-0.1586038284251694,-0.1343826281366791,-0.0979473300209825,0.0297112602357908,0.0521735401118205,0.0029924500847813,0.0496973669911092,0.2172665200124849,-0.1836694034272903,-0.0647371975806488,0.0455467205346097,0.008478183368206,-0.0137173122275417,0.99775742673988,0.0464798419901207,0.0431132347808538,-0.0667048628406162,,0.1223236946130186,-0.0377582588507617,0.1601198150285534,0.0144809499569435,0.153754342526968,-0.0498723393266637,-0.0598763830807264,0.0732420128776417,0.1167767761699076,0.0134521581727561,0.0730084383156726,0.1137281719579716,0.1041618558523879,0.2218677214527798,0.0945715868711437,,-0.0600807190439873,0.1496817732385867,,0.0326491100069942,0.0205856719632829,-0.0408665526082797,0.0918265369436434,-0.052520374365317,,0.1690291791230512,0.2123427033669283,0.0921518369325356,-0.0420849239402848,0.0803487319330431,0.0683106315375158,-0.0499073803565138,-0.0239323417696942,-0.0505797837302329,,0.0432541721067504,0.014660065608463,-0.0053614463525227,0.0606149743187779,-0.0125814500119143,0.0042004224107755,0.0734624834444896,-0.057391815179315,0.0356992594265447,0.0084763092126861,-0.0594987657109078,-0.0053614463525227,-0.0318382127609883
BigFive_Q8,,,0.1053994554455181,0.023064381244982,,0.1459006876252462,-0.0028996476842484,0.0117574955280584,,0.0931271228667822,0.0117574955280584,0.1340478623158426,-0.0263475284187087,-0.0820891281366783,,,0.1016420368512961,0.0622806107471456,,,,0.0947435906175501,,0.3597253025332988,,-0.0059887371938061,0.134637856481247,0.0276152076872787,-0.0001865346947127,0.1165473041368417,0.0629342294501353,0.1636950643814707,-0.2039094865609318,,0.2479254025114648,0.1805555392490372,-0.0402662567319982,-0.0485078024608345,0.4297929885058897,0.1053734581860899,0.1262346632678331,-0.0722911512486809,0.2478198929909933,-0.1069124978355939,-0.1133121947776139,0.0958811868426453,0.0764205144215952,0.1531725502600318,-0.0717958999247864,-0.0279496455722265,0.0575198960504573,-0.1351331231814794,0.1648224424974325,-0.0992816130373248,0.1319141182073819,0.0786419014615695,0.1015316999116164,-0.4184260928960194,0.1382648827214679,0.0753568397719478,-0.1315849646466338,0.0477334187249063,1.0,-0.2072708820302969,0.0777517810652668,,-0.0257266210972456,-0.1034001038526539,-0.0318991624910363,0.028996230494201,-0.1362311669239972,0.1110491864035477,0.0152208500897249,0.0225452554945555,0.0382573838128993,0.0096631784620523,0.0552384619514489,-0.0161908480197554,0.0512622568106344,-0.0114981963343091,0.0698302133621827,,0.0815490152533618,-0.0522451511471316,,0.0647098830567645,0.1208060933829743,-0.0847070646305317,-0.0094690504608896,0.0122085944460666,,-0.0951709922092446,-0.0332674888489955,0.0180573068740189,-0.0410192245602889,0.0666082214065339,0.1490048224867283,0.0821581518512742,-0.0365998632287333,-0.0117574955280584,,0.0492147412075146,-0.1146096075235345,-0.0454568620600573,0.0766310220391753,0.021044026858754,0.0320158669756644,0.1050506647237637,-0.0474575508013506,-0.0676978939604276,0.0703451570084007,0.0115013626298361,-0.0454568620600573,-0.0903136539808267
BigFive_Q9,,,-0.0834993985528558,0.1798901579532149,,-0.2325623761155408,0.1515018227923309,0.1039694069669437,,-0.1005517166297622,0.1039694069669437,-0.0578697257004321,0.4341071588276548,0.1662838207116731,,,-0.2426352603244193,0.0477281853411628,,,,-0.0714474654561219,,-0.2528048860885651,,0.115949704658951,-0.1958832171441955,0.1198002985245893,-0.0258082146150556,-0.0510682903844365,-0.0142228172250991,-0.0599915793183946,0.2294659662463474,,-0.2129943190677031,-0.133142411738511,0.0227988216545401,0.0435514515103153,-0.1579665197604668,-0.0266252274761837,-0.0539623925168857,-0.0177952616017989,-0.0926990747064574,-0.0095537131046454,0.2549465545640313,-0.1765064304591025,0.0460075197905702,-0.1356534086980293,0.1182756837791707,0.0570354604492199,0.1552813247236347,0.826802601001601,-0.2403830551936097,0.7298139187750143,-0.2762882781197408,-0.0767784549142444,-0.2731160499799792,0.1997138237175943,-0.3608965466135982,-0.0311152317719962,0.2983822765152533,0.0439675589221408,-0.2072708820302969,1.0,0.1642154461018011,,0.0856563353795405,0.232370923109892,0.1371709506587945,-0.0003615346715518,0.146273366205356,-0.013874239998902,0.0197657323592184,0.0435201244482084,0.1253654423466074,0.0169364167129166,0.0035495564073443,0.1435169066570089,0.0577988419981858,0.0774865577423286,-0.1474990326098258,,-0.0705851881471232,0.0711493396230291,,0.0567327044659579,-0.0306654769922941,0.2624276803477401,0.1196717410085623,0.1804784602905684,,0.0681488451253183,0.0496269565735126,0.0716229206395968,0.0143595902932309,-0.0836296405751851,-0.1476046976418495,-0.1766272726334652,0.0352525151642031,0.0391463759025334,,-0.039668085803529,0.0318425666671431,0.0622426131999262,-0.1341816746024145,0.0426742673362284,-0.1043443523710958,-0.1910680828027019,0.0445871395682045,-0.0127749529094249,-0.1342385415317822,0.0680340515408909,0.0622426131999262,0.0739238418725093
BigFive_Q10,,,-0.0003220634799128,-0.0243898480922242,,0.1523538252726554,-0.0923356769876488,-0.1030177506547551,,0.0345159833639967,-0.1030177506547551,0.1143473444190499,-0.0471221694243598,-0.1633057383212296,,,0.0145028153198793,-0.0309981603224519,,,,-0.0523054186819387,,0.0927996721187845,,-0.0930737518924787,0.1067792767921559,0.0090371252935501,-0.2502483236577591,0.166235010408935,-0.3727609272733484,0.1613587688611094,-0.1516296924542479,,0.1701663422230183,0.0595035958926881,-0.2581395640589495,-0.1595783647747126,0.1549808358980502,0.131341201409693,0.096233414879617,-0.2460591038471424,0.1180926683392081,-0.1810559330982833,-0.2001456403048603,0.1073682783591024,-0.1033706885433069,0.1720862516786999,-0.0711934865393054,-0.0902509278786884,-0.0077389532194968,0.1385484168462813,0.1351141384012703,0.0346775140396027,0.1708025554560113,-0.2395870227010282,-0.0710408940382288,-0.0611523676879274,0.1387502253471168,-0.4261508258899049,0.4099262083022883,-0.0681260995903662,0.0777517810652668,0.1642154461018011,1.0,,-0.0579897798159503,-0.0676221908266098,-0.039779170263459,-0.0305109271187969,-0.0903666142535809,-0.0544161814240173,0.0476595917282391,-0.0577152027057591,-0.037058654329368,-0.0850298810823573,-0.0238836020100935,-0.0533703203292371,-0.0265482950006978,-0.1307861680770236,-0.1186766117738365,,0.1640222331526136,0.0123676472798678,,-0.1004344151152478,0.0910841258028276,0.0362545685537878,-0.0826417882599683,-0.0818875513184396,,-0.0261421481365888,-0.1640465586970039,-0.0105038002310177,-0.0066503754119724,0.0478688763712633,0.1244284675530637,0.0661297754244766,-0.0252123630593431,-0.0479565390979032,,0.050428167775606,-0.0344919555722725,-0.0282410165423441,0.0865616652867391,0.1120940909353206,0.0407107544154357,0.0810335831336429,-0.0583274840472404,-0.012536211434067,0.0363139694035049,-0.012536211434067,-0.0282410165423441,-0.0172496980580581
SelfConst_Q1,-0.063864738197587,0.0747353319333467,,0.0421935205752851,,-0.0203157131612097,0.2103979126540848,0.0779151639347669,0.0747353319333467,-0.0105158293247945,0.2875049171453903,,0.1944775444962354,0.0346540138440936,0.0828709930465297,,,-0.0557212413038059,0.1646379794189775,,,0.0057266178184944,,0.0,-0.0515421826553211,-0.0237347606349831,0.0853515185599983,,0.2040736370818844,-0.023546128391326,0.2518089275267395,-0.0306484652349395,0.1809245991795608,0.0428055807430776,-0.102281576143636,-0.187021683218407,,0.0461542596139611,,0.0400756083009148,-0.1321209955340144,0.2176740862445885,,0.0266130101090383,0.1269124855059455,-0.0651184458446973,,-0.1244807892316217,-0.0109312672882892,0.0250278988874009,-0.0475510718120359,0.0355266186869401,0.1751847921442173,0.0253641409788078,0.1514510959392223,0.1287070247391315,0.0404296828181091,0.2757542097089777,0.0247053391611089,0.311574353759068,0.0731438050730742,0.2933782911687801,0.0868450337902441,0.0711015946818153,-0.0214281708829903,0.9021768809574692,0.3780274644964895,0.0733439700051094,0.1453471186430259,0.1123429704243143,-0.050288614488497,-0.0465858580723547,0.1050162126477002,0.2381777560743184,0.0757951472275208,0.0737560197983217,0.1005307590428768,0.196403910484385,0.1525243148761288,0.0715167650486847,0.07831606299841,0.0751909790586995,0.0644584265284629,0.036348311934199,0.0203095519318303,-0.0055326594822147,0.0219403715928372,-0.0164651580792894,0.1679675631954328,0.0760093676928951,0.1116643202794484,0.3348474182984601,0.4662964361714412,0.0907816687454247,-0.1683935713971066,-0.0587555616745547,0.0988630667094785,-0.0527188423156683,-0.2865924717163487,,,-0.0638647381975871,-0.1683604138720637,-0.1281359611314013,0.0535601574922889,0.0606097489939428,-0.0003081068937709,-0.0381616274200268,-0.0410301455910531,-0.1382506662232416,,,-0.1299257105328658,-0.2378522737222664
SelfConst_Q2,-0.0840002977789842,0.0997644287294638,,0.0398451899261891,,0.0046619750048165,0.0932194120058522,0.0662236313182019,0.0997644287294638,-0.0023403567186556,0.175550866141003,,0.0418299150368795,0.0851924320173031,-0.0549377982215037,,,0.0124441141574484,0.1485567239512582,,,-0.0563636371597583,,0.0249612003466186,-0.1226664963963489,-0.0305612837563579,0.0609540806932648,,0.2281370370500812,-0.0432028118512028,0.2338597530844579,-0.0378367853723911,0.0844509509039111,0.075149278611719,-0.0204108954895865,-0.2284610434733567,,0.0171568575158856,,0.0389940669374874,-0.0691761266895373,0.2487645581627371,,0.1196064825193925,0.1121167927569454,-0.0579958355112401,,-0.1927906336942314,0.0457446818736907,0.0322263506881933,-0.0142238410038363,0.0149462821963543,0.0967979210993234,0.0742648808912107,-0.0212739695640966,0.170392950070489,0.0545614452245649,0.3011644380372299,0.0719421567919412,0.2128559187390174,0.0069218163968529,0.4142685276192854,0.0085725810180606,0.1786770986862421,-0.0591977295379701,0.277742746772167,0.9777744126057716,0.0925183653089227,0.2498135402784995,0.1769366745462313,0.0243704346306165,0.032806910392694,0.1290291822201859,0.4394581222462997,0.1416164470025032,0.2776165748651587,0.0925222995673355,0.2179246428759793,0.2561948722273294,0.0264078935792157,0.0586952728612555,0.1429383621504174,0.022307100401959,0.164075415984443,0.0764063000315954,0.0991445344034549,0.05570060525362,-0.0061259186515273,0.3114649955828304,0.1382698431790762,0.079620777655559,0.3153469213214346,0.3002940768977939,0.0962863471056986,0.013472998491666,-0.0149462821963543,0.0259760010710973,-0.1123887642446447,-0.0470043162706501,,,-0.0840002977789842,-0.0039571326920294,0.0791921025513421,-0.0212422042250507,0.0788382590181241,-0.0110807680746552,-0.1107192472798248,0.0140304721706552,-0.0668814046071735,,,0.0750391172785587,0.0166894835504966
SelfConst_Q3,-0.0753317260431022,-0.0364508351821462,,0.1203595947649327,,0.0093158054796087,0.027671864131666,0.1095199359478568,-0.0364508351821462,-0.0069850864096151,0.0598911560225584,,0.1089510086612358,0.2059709714138605,0.0319478413361476,,,-0.0098942448135936,-0.0497829550925441,,,0.1628682282428242,,0.0950631116632329,-0.1246213476866615,-0.0838038403072772,0.2555010700266331,,0.0309867833100498,-0.0654029678616073,-0.0964435298337507,0.0756903268969918,0.0703384402648691,-0.0928101476147227,-0.1351334450178014,-0.0901973363810302,,-0.1832668937274564,,0.0550655500479687,-0.1494266889453591,-0.0869576792303949,,-0.0989745587906491,0.0044344686214131,-0.0141487003116182,,-0.1343669891375921,-0.0048872377712197,0.051644638850083,-0.0954085359647239,0.0537596154834176,0.4303689965148378,-0.029350592207638,0.1593041298070394,0.1017898453628105,0.0034429759233388,0.1652194564913459,0.1548537163448158,0.1590082489168244,0.034381257296848,0.1258901523970846,0.1300503465300779,0.001617743790438,-0.0151630279869191,0.0213184659074074,0.123929078685426,0.9619685534456688,0.2763337803745792,0.2054097594530831,-0.2147025555738984,-0.1206942424892267,0.245026450953418,-0.0557339000340739,0.2070506358608187,-0.1487402236387252,-0.0773822288442824,0.2261086798555035,0.0758703492208993,-0.027632770746239,0.1785357799272355,-0.2292118698665682,0.2494659736875542,0.1879659811595041,-0.086711397073378,-0.1984168803564011,-0.1135497955716683,-0.1999088668513012,0.1533043552461107,0.0485469594379855,0.0808068477852998,0.1780533186595042,0.2211036790154636,0.1295088635779005,0.0079879824838074,-0.0537596154834177,0.0169953083656001,-0.2813219203411624,-0.0306185648623327,,,-0.0753317260431022,-0.0405099736941387,0.0876438584227774,-0.1844207140526645,0.0821148115421731,-0.1118537116134944,-0.1110032027280208,0.0232203585589942,-0.0159363329191464,,,0.0183065899932924,0.1248469587815506
SelfConst_Q4,0.0736562012415252,0.0736562012415252,,0.2680166285880493,,-0.0390073608471841,0.1541840987799038,0.1784325245155218,0.0736562012415252,0.0166220652646351,0.2258717435552858,,0.187132230329498,0.2059194061381036,-0.0090956600405513,,,0.0605099141822989,0.0946702642985696,,,0.2566946042875261,,-0.0673319266594822,0.1689927224584437,0.0989663475183948,0.2697081516584617,,0.1043583197251622,0.3095424180447361,0.25272042423099,0.4319050549119638,0.0508943177416583,0.1552519843537703,0.1093220874910801,-0.0045753868036319,,0.0476497448079178,,0.2661413497100254,0.0647715106756952,0.1507945737778116,,0.0341180333014986,0.1074027959517824,0.1914709747520835,,-0.0444796423674856,0.0180204998762414,0.0712218635650076,0.0194433911292611,0.1010980586277277,0.2952664019060758,0.0103943153519841,0.1203367754087118,0.0189697157451643,0.0458315919617723,-0.0209258931436926,0.1894714413303884,-0.008867615563132,0.1117070140495285,0.1305357125758931,-0.0139726632259385,0.0263877039167129,0.0443317001276414,0.0703785042772497,0.2534910221448086,0.2586477332922875,1.0,0.5226453674022836,-0.1263969332295738,-0.0286042911998746,0.093117699557766,0.068152815348908,0.3179991331036422,0.069257644855524,-0.1879073843794885,0.4512882774931678,0.2691007745383099,0.1275542260458384,0.5015516808198368,-0.0890876779389882,0.2599383626378958,0.1242150600770717,-0.2044331663814463,-0.0871770861320864,-0.1019626710131087,-0.0874042829404231,0.4737499984322793,0.0804343058385298,0.007604165531144,0.1739581739493372,0.1495065102695719,0.0041875741301294,0.1259022639873125,0.0858264485631159,0.1980805623300808,0.090586603343676,0.0683048442695374,,,0.1562726413969681,0.0387966877600321,0.2168129436289214,0.1596599154778663,-0.221763783122159,0.1727626338550038,0.0146452892840361,0.0081846361823763,0.0865342677863885,,,0.0155771758460006,0.1599841327839327
SelfConst_Q5,-0.0260964319283333,0.1006576660092857,,0.1962168210564369,,-0.0381114972837687,0.1450007696026045,0.0984273465521139,0.1006576660092857,0.0563284634227663,0.2086121700972285,,0.1813289761525153,0.2218452546527132,-0.0835030721364114,,,0.0816786719997536,0.2203945593432401,,,0.1211306983231736,,1.734723475976807e-18,0.1240644199738696,0.0217061807487581,0.2117989029809801,,0.0528202987268364,0.1046139319477852,0.2120350375816388,0.1901013118813863,0.024779214001758,0.125755542166092,0.0156535823761704,-0.0091208245825935,,0.0388709079925183,,0.2154957353882415,-0.0337481256936106,0.1117949163957995,,0.1589156304650696,0.1643057775625737,0.1730928772529172,,0.0098161267673268,0.0312405804325434,0.0669057117206595,-0.0106065712239498,0.1162149592090614,0.2649484615399553,-0.0463926000426147,0.0704351797531842,0.0098479624315886,-0.0369742091087855,0.0263429802142163,0.1486746457534333,-0.0343223353701166,0.122063284848663,0.1492229568912161,-0.0556830267060251,-0.0031436844779318,0.0339770682274886,0.024199786755881,0.1684546698955163,0.2100931661114669,0.5226453674022836,1.0,0.0261971261740287,0.0164749140792437,0.1384698677433903,0.028205974254443,0.399379515179779,0.1011130452850345,-0.3470773703308196,0.3810466718262263,0.2460027765997676,0.0599306857858841,0.3675315454475847,-0.1223517784731451,0.3185737375393446,0.1588394964678532,-0.005298809091433,-0.0824926492096881,-0.1337677057469043,0.0133165118867523,0.5221494972151866,0.0899254744588398,-0.0375233510901549,0.1192993412489614,0.0704695381246509,-0.009345129774748,0.0220585253787804,-0.0312405804325433,-0.0198468363942554,-0.0903145486523355,-0.1198161264793455,,,0.1429090319884923,-0.0554295106250318,0.1251211312370515,-0.0572680254244547,-0.036393113036637,0.0002817733883641,-0.0937674739869323,0.0859712221179498,-0.0081495570899735,,,-0.0525693461465594,0.0158198793876229
SelfConst_Q6,0.0713259190880467,0.0713259190880467,,0.0651247525522191,,-0.017179748430318,0.1100100079881423,0.0193102290669324,0.0713259190880467,0.031579845665389,0.0614839013888249,,0.0847948103194757,0.1185053458043297,-0.0442249522756566,,,0.0681506936451564,-0.0091106448553688,,,0.1167548072302462,,0.0,-0.0179068803213796,0.0958353210802972,-0.2423312987718089,,0.0351396219665189,-0.0816236157214102,0.0265656754151645,-0.1471008075835944,0.124653715225635,-0.107240652753481,-0.1020011119487622,0.0233026937554025,,0.0291145569351449,,0.0905072272413946,-0.0825295198688867,0.0881499151682535,,0.2126251169893155,0.2232303027453757,-0.17504692939127,,-0.0751531159975185,0.0904720256477372,-0.0021810799841287,0.1013173839322832,0.0202960057536749,-0.0618368926081702,0.0585341931794908,-0.0488210464036016,-0.0444729353133305,-0.0966945459630419,-0.0265751062632005,0.0074738262803073,-0.0638873827769085,0.2449771598214525,0.0599446360829497,-0.1088618467135709,0.1086991801825871,0.1858436949701058,-0.0362276122703057,-0.0216627751279335,-0.124102000548118,-0.0336000268899102,0.0794340518049211,0.8591288919340613,0.3404687990271632,0.0002157645752333,-0.0619205271506473,0.0168345115032649,0.0718973502169069,0.0374732469565378,-0.1459858666881341,-0.0775849526394939,-0.077469413564185,-0.0312819054878857,0.0242325897484858,-0.0573742696414866,-0.152837524991544,0.0302559355808043,0.0548817416851063,0.0511490700055948,0.5669316283248461,-0.0737468752733238,0.0544457235421663,-0.0936850300571275,0.0100040462877896,-0.075506668696902,0.1809177884270913,0.0729805099096954,-0.0904720256477373,-0.1496391332360966,0.0393760630638833,-0.0441339703605803,,,-0.2078201239615753,-0.0139487056277814,-0.0879086174839987,-0.1235365731824171,0.0279744759275396,-0.1350836955686315,-0.066152013640066,-0.030792497667067,-0.17495587913047,,,0.0108040279147481,-0.1212385507737352
SelfConst_Q7,0.0395073299381236,0.078301531177003,,0.0881091811431278,,0.0184807161916588,0.0850663109407554,-0.0564517114423773,0.078301531177003,0.057995172648954,0.0515334871207953,,0.0415399436670932,0.0478921150874422,-0.0747954438670304,,,0.0873563880532482,0.0361478282640318,,,-0.0182844891524189,,0.0948511570232796,-0.0220295287528786,0.0704580133630749,-0.1639563431923837,,0.0559751724861666,-0.0968778499398436,0.023756271008086,-0.0565700517687956,0.027246978874788,-0.1392030313516297,-0.1048597113943432,-0.0770356567665535,,-0.071298580238743,,0.0102385503073463,-0.1501371186338022,-0.0247555857335479,,0.2844309012671392,0.1144949175920935,-0.1206665342183576,,-0.119494540031093,0.1155979681178886,0.1089191984478116,0.103960642877782,0.0375765107281474,-0.0696546502215297,0.1375514693195246,-0.1196321824933891,0.0582896728945277,0.0010103821748405,-0.0078535629627941,0.057550635957948,0.1553754237207118,0.2025107937122265,0.0963959751348974,-0.0743462689048553,0.2216684622098777,0.0936717173200901,-0.010133599371807,0.030928847753713,-0.1042043683911324,-0.0286042911998746,0.0164749140792437,0.371133366434776,1.0,0.1006922795191641,0.0875076328699591,0.0444237584931246,0.2975209628929031,0.1996571727519343,-0.0646652594875558,-0.0382863439835344,0.145740601314371,-0.0656015167083617,0.146482148079868,-0.1013764835216407,-0.0727897683906709,0.1224568285850536,0.2233396106157594,0.1720326809944786,0.222835345344613,-0.0637896825098857,0.0826307544972387,0.0315637912487411,0.0733371012408409,0.0251480076169023,0.109882947599198,-0.0561662731459789,-0.0960926037704533,-0.1055409279473321,-0.0398033984551318,-0.0983703939538419,,,-0.1156694750173944,-0.0715215778909904,-0.1791835803248775,-0.1861351869296552,0.0333510322780091,-0.1549395243735862,-0.1290943434419512,-0.0612195812993718,-0.0636833758990803,,,-0.046201661748258,-0.0816407413940513
SelfConst_Q8,0.1542285089189631,-0.0567883644510467,,0.0162322308250053,,-0.0268856720817561,-0.0221659765177412,-0.0798986915313068,-0.0567883644510467,0.032592230783693,-0.128959824135353,,-0.0121061870384381,0.083097476715595,-0.0022665278530371,,,0.0286994638042626,-0.0920900341746765,,,-0.0402888499752539,,0.1031865276324911,0.0074391767398533,0.1127161370020562,0.0949536355997953,,0.0092330529683994,0.089278482889302,-0.1139460538571049,0.0561371285838901,-0.1011999332127669,0.0656611853779715,-0.0103920880614226,0.0952043558465747,,-0.0238796461833012,,0.0552352224565951,-0.0791656144670639,-0.066730930759236,,-0.0089377886150533,-0.0270271499396444,-0.0574004495460532,,0.0072900641414618,0.008113324895483,0.0804594615817666,-0.0243674045724253,0.0293327900067463,0.1217257468442025,0.0907489804443725,-0.05772429692504,0.0532825399286584,-0.0206644518816559,0.1038884473654888,0.1301737826317232,0.1376511026838039,0.1024954229368932,0.1070198898758475,0.0776323091180484,-0.0483825416153313,0.1124123979635379,0.0249800371025528,0.1240562475673061,0.2223662803956859,0.093117699557766,0.1384698677433903,-0.003576207248605,0.1006922795191641,1.0,0.0836490564828822,0.1260498356041393,0.0530294828130861,-0.0769643045674273,0.1391209278242908,0.1231474017376266,-0.0424700973354669,0.0190729786065732,0.0325356608575426,0.1911294346646617,0.0945002912144932,0.0368406070559257,0.0482164719684553,0.0811563938767048,-0.0694230046399226,0.1227334672847936,0.0618568654205266,0.0255011296640364,0.0871937492138298,0.0805178871344264,0.0368307497530659,-0.0610000701517244,-0.008113324895483,0.1073815888292205,-0.0359249043009071,-0.0827900228790259,,,-0.0989917391250486,-0.0622174624965426,-0.0708836188201067,-0.0250110890608988,-0.0051731373311732,0.0453843503418057,0.0841058692460098,-0.0416320768003571,-0.067157478283255,,,-0.0235574048065515,-0.1550562452454887
SelfConst_Q9,-0.0790774434560507,0.0401964823482697,,0.0088846100406613,,0.0052672920132379,-0.0088411779145914,-0.0107620469472051,0.0401964823482697,0.0075304942691502,0.0390835317709581,,-0.0383504838985025,-0.0292006305130605,0.0091813511074142,,,0.0444657304981116,0.0129189942865492,,,-0.0577264326571531,,0.0,-0.1317793986438193,-0.0528306386609131,-0.0957882943284665,,0.1414470258185839,0.0068800444805427,0.1400948862298483,-0.0347852614150782,-0.024163090136119,0.0008557232297797,0.0869867339888978,-0.034585733857065,,0.0019354398995811,,0.014892345785068,-0.0319005128309242,0.1735857082919319,,0.0574237477811769,-0.0034675606756237,-0.0706372479741328,,-0.0710307394662514,0.0390979728086615,-0.0287864371724497,0.0232049947714193,0.0191080318237819,-0.0200391733903023,0.1064086277041645,-0.1088518020052304,0.1498684600811561,0.0006212900109161,0.0917850790214112,0.0254341455892189,0.1427076973167038,0.0288338366255676,0.2386531581122929,0.0145980642065874,0.1183071551256588,-0.01547191324307,0.1340513476555008,0.4365084155718066,-0.0488237280535753,0.068152815348908,0.028205974254443,0.0050808755950178,0.0875076328699591,0.0836490564828822,1.0,0.0298187723481716,0.3156853370357942,0.0357189692103562,0.088032629347702,0.0799554319502694,0.1056992960917102,-0.0546603730191656,0.3194127385530616,-0.0852067962361647,0.0883119807036913,0.0588820121840268,0.2757986202442679,0.0772525612138664,-0.0061930382996127,0.1428122164647001,0.0508101425796662,0.0619583137862617,0.1920370696345839,0.1561024711319428,0.0277031622816216,0.1013814946913034,-0.1190577367481798,0.0189349934126637,0.0531154956244037,0.0200987869644892,,,-0.0790774434560506,0.0348381463958908,0.0496429769176594,0.0336802829581788,0.1064901374709935,0.0111029478395667,-0.0524754601524318,0.0900043674568689,-0.0659775645340978,,,0.0683560199699009,0.0347568447201343
SelfConst_Q10,0.0382104151088858,0.0382104151088858,,0.119001273529483,,-0.0005569679364009,0.1257151368161749,0.1202611919805845,0.0382104151088858,0.0124964833465541,0.1407297379811565,,0.1511732205955054,0.2303423827401865,-0.0418095042903213,,,0.0800284441371396,0.192785306884366,,,0.1291548064161882,,-0.0966208224501834,0.1411241034252792,0.0513404867037345,0.0914353585461639,,-0.0018526197003231,0.1446087337004085,-0.0040408168421414,0.2492497740277059,-0.0296243796633514,0.0965990960512633,-0.0894077170700373,-0.0322239701353368,,-0.0361053051358329,,0.1709193543945101,-0.1495446392991636,0.0110296010228912,,-0.0132231491897654,0.0824540055092886,0.1575352576802803,,-0.0841351647662252,0.0026297578538815,0.0858380461149757,-0.0186007494050645,0.1417147287925063,0.1079553173944369,0.008135872653111,-0.1063525314922918,0.0601447724552843,0.0261425224378942,0.0021408689287698,0.0937695532387406,0.0506036114490385,0.0361259910538138,0.0772822761214845,0.0008775356654957,0.0207949549665853,0.019235517992579,0.0155330194457193,0.1411066794410931,0.2138075147959684,0.3172289570290961,0.3966589960340871,-0.076243157999839,0.049130549889816,0.1310879628922094,0.0330283499965626,0.996139824096938,0.0295155328146632,-0.2335522085167896,0.3078520586899266,0.1783669253165053,-0.0860589719068797,0.2208216846411654,-0.1245370146100942,0.2131603102661134,0.0803507448014685,-0.0496449031113974,-0.0207573160687388,-0.1288459533074948,-0.0075927754614117,0.3301236337313055,0.1467373611383738,-0.0337075654787475,0.0663555538790628,0.100164051657573,-0.0093897733529202,0.0094561004487571,0.0371088052714398,0.0590402832936557,-0.1059413681326393,0.0374876040945158,,,0.1172464068169997,0.0029456594322009,0.1117866626609779,-0.0151857318214649,-0.0860787145187609,0.0744184080738478,0.0093895524232854,0.0488121088234251,-0.0846351667722015,,,0.0251735853103286,0.0760299369819815
SelfConst_Q11,-0.0924262412947224,0.1176568029852038,,0.1153368756734517,,-0.081129135448185,0.1409131084873,0.0341203027081619,0.1176568029852038,0.1263194865419774,0.1854483027332658,,0.0628714642557183,0.0207918656477708,-0.0150433174278712,,,0.0861067257752259,0.1393923628007796,,,-0.1263867539806853,,-0.0285360801135996,-0.0157031368367806,-0.0300952753801033,-0.1123232717191537,,0.0178737090656276,0.0401512973253231,0.29004091336678,0.0683795171352021,0.0180505872953384,0.0734235111400269,0.1502082745052368,-0.103280905064419,,0.0556800995852292,,-0.000578944133051,0.0577819298294016,0.0796435325013094,,0.2559725755943566,0.1132252393804076,0.1267230177882514,,-0.0140243570619562,0.1154656887513207,0.081343614727244,0.0848205967326593,0.0098378837949556,-0.1359083788294125,0.1265504110254679,-0.0962057979763117,0.0348787203730769,-0.0069306218825902,0.0502501093446714,0.0930192492628706,0.1161105486699896,0.0702971659714654,0.1961058159439683,-0.0472657707782918,0.1946001856279032,0.0236296009526323,0.0894259243541638,0.2668755346688712,-0.1374922804067248,0.0853923308427138,0.1069042689336414,0.1292206098275907,0.2966501614329173,0.0513345736355886,0.3230498427584926,0.0346563435627374,0.994511237129788,0.1194854730029479,0.0829724938679828,0.1333731329036304,0.2144309095013513,0.0658262819548917,0.2488392969490496,0.0985420563829052,0.0083795891708383,0.1810651856397477,0.364890168848481,0.0072012928688432,0.192228798441875,0.2305769820022451,0.0238880349504043,0.0203696645594162,0.2135466335515123,0.1984322651704161,0.183871923872932,0.0929231798015952,-0.0098378837949556,-0.0826925455702671,0.1185967139133171,-0.0196045290475598,,,0.1176568029852038,0.06623399701619,-0.0166365519816186,0.0442774851819142,-0.2019498928286985,0.0441911048894496,-0.0089727090294639,-0.0605185686185553,0.1028953677656844,,,0.0592296584357459,0.0872048050755023
SelfConst_Q12,-0.0825579639059534,-0.0825579639059534,,-0.0320158145788102,,0.0084807647821568,0.0180413016624059,-0.0654528288629696,-0.0825579639059534,-0.013363040999786,-0.0114551826168896,,-0.0358992462431596,-0.0442898405838723,0.0681439836437213,,,-0.0759937263551185,-0.0884830004243964,,,-0.1476502791005254,,0.0355365458782058,-0.1092087922602113,-0.110926982502614,-0.0742757867649133,,0.099254668385396,-0.0806757046755021,-0.0590634350498511,-0.0476441390799103,0.0850686789363369,-0.1489517911380992,-0.0914601053871942,-0.100480521700765,,-0.0464211856131195,,-0.0671334545324478,0.0667463039030286,0.0952680137594462,,0.0818158167202606,0.0476299369778096,-0.0913980897901795,,-0.0328739684996498,-0.0093496851553066,-0.0683653436704901,0.0413210989282882,-0.1408900832023794,-0.1105126605100319,0.0748081015211768,-0.0224206151457281,0.0805183842365785,0.0065866942406784,0.0017820070435179,-0.0240717472541817,0.1011806781343328,-0.0264087270093426,0.0521487955133393,0.0383925042864703,0.1202305983406066,-0.0255162258849148,0.151684212428447,0.0900299025385572,-0.0871606720038763,-0.1879073843794885,-0.3470773703308196,0.1022090073941683,0.1996571727519343,-0.0769643045674273,0.0357189692103562,-0.2321741315308675,0.1285340482237758,0.9999999999999996,-0.1716697500869281,-0.0495807639320064,0.1054176773152081,-0.1868192323752912,0.1425926566802837,-0.1642550256988667,0.0322563863231313,0.2902339216144837,0.0077509694679736,0.156441706891267,0.1080647722238346,-0.0835619491966402,-0.0130237523867357,0.0957686600511372,0.1799504501917315,0.0979502099573178,0.0529206813130371,-0.0909522433108933,-0.0125737145192054,-0.0071117862690354,0.1047300980587771,-0.0775448960973273,,,-0.0825579639059534,-0.0694095365797847,-0.1098526681248034,-0.0334170046235993,-0.0104728228970538,0.0023626709337569,-0.0301044185963726,-0.0291043592605823,0.0440041355902825,,,-0.0333498643059656,0.0446781846467835
SelfConst_Q13,-0.0686691567963741,0.0374559037071131,,0.0179966673265717,,-0.0789745493581174,0.0060008649503124,0.0160174160698457,0.0374559037071131,-0.0372687648529206,0.0401574819932687,,0.0116317032370147,0.0663358126806659,-0.0393261039199224,,,-0.106209481159101,0.1406779926421761,,,-0.0687428093163357,,0.0648684884368304,0.0956643052792654,-0.0447348497528525,0.061505759950337,,0.0530686501445326,0.1311904605674005,0.0521850336128924,0.2203053196015467,-0.0160617557095396,0.1914345784930522,0.0450718039861679,-0.1538194016998609,,0.0329440483965531,,0.0421139617224396,-0.0070273167315562,-0.0083509706852925,,-0.0323640857018686,-0.0585127020459187,0.2404498174215823,,-0.0249759049250963,-0.0219712275635259,0.0972925252649767,0.0006660275867945,0.0847461634593145,0.1490489554620555,0.0485528433256216,0.0411616371679282,0.0259135531706673,0.0530686501445327,-0.047608035556465,0.0721935606554143,0.0815805955655515,-0.0309638636348855,0.1149671000785963,-0.0425285995332734,0.0236884913203926,-0.0995067120428117,0.104115038749272,0.218509176035521,0.2061955171874691,0.4512882774931678,0.3810466718262263,-0.1800016091826959,-0.0646652594875558,0.1391209278242908,0.088032629347702,0.3031531013170815,0.0793045400505341,-0.1716697500869281,0.9999999999999996,0.3071204206989323,0.0802458812628882,0.4421324011997339,-0.1024880855330706,0.136934153137669,0.1281215001383961,-0.0529570353063095,-0.0419849266240329,-0.1322330745707847,-0.1003434277395313,0.5085185903678681,0.1115496496293611,0.0596515491266664,0.2287035374195244,0.2865614114173122,-0.0221119375602219,0.0343719934374916,0.1553679663420764,0.1550900757912973,-0.0899107453078326,-0.0128245184732188,,,0.2497060247140876,-0.0365642268212025,0.103780637847718,-0.0055088893955536,-0.1800085012736125,0.0700668132815017,0.0242913910972461,0.0011930309825333,0.0315818028852017,,,-0.0036175697007507,0.0617321766614673
SelfConst_Q14,-0.0707315569972744,0.1813075281982537,,0.0307896391760532,,-0.0551782394671949,-0.0172206901670269,-0.0494797808328294,0.1813075281982537,0.0547044250738414,0.0507975149579182,,-0.0364369051823434,-0.0827098629562004,-0.0952013213272989,,,-0.0846188327710231,0.1372195262064659,,,-0.0390091671356149,,-0.0855876726219116,-0.0100288475120371,0.0178453231648499,0.0186797300784105,,0.108091725662336,0.0449055063041159,0.0709444174095691,0.1001394845005737,-0.0788737043271403,-0.1263183724783953,-0.0970781337496262,-0.106937254739668,,-0.0139290289851317,,-0.0382011326023507,-0.0795786545135397,0.1064987080991361,,-0.0352285468918637,0.0111191130601024,-0.076223047006452,,-0.0441383859952005,-0.0055907167477642,0.0704565499256522,-0.0680159263462802,0.0788912252184514,0.0548526037422769,0.0096091144395856,-0.0229115182473219,0.1693591250949798,0.0188175878683419,0.1447653938185973,-0.0584955263896419,0.1201763195629075,-0.0375218821456168,0.2916909502418834,-0.0829971193956837,0.1193845933205674,-0.044467875444758,0.0267096693292745,0.2540270730552418,0.0655609811543523,0.2691007745383099,0.2460027765997676,-0.0455214151815396,-0.0382863439835344,0.1231474017376266,0.0799554319502694,0.1683759986779792,0.1191732354313481,-0.0495807639320064,0.3071204206989323,1.0,0.0805319637896443,0.1444778304809779,0.0082410631609049,0.1158768047971841,0.2235693505059119,0.0626488217536571,0.0616906053133134,0.0452627902925113,-0.0652292151323785,0.2592873423648641,0.0936551655555191,0.0837021588566252,0.2441509455887145,0.2370477625709621,0.0348411510621356,0.0282256148522268,0.0267112022393181,0.044396598543955,-0.0526835916570987,-0.0509313281742651,,,-0.0707315569972745,0.0268583332097039,0.0464164325137614,-0.0068444521087771,-0.1056242223117372,-0.0415308257853361,-0.016408274192505,0.0286877638958532,0.087447283956753,,,0.0499378473216419,0.0436738446027632
SelfConst_Q15,0.1029935428401029,0.0578820393739065,,0.1093696546424647,,-0.0771864862751959,0.1450299653869254,0.0690487186900083,0.0578820393739065,-0.0466830268446041,0.0613649187446608,,0.0703996064394875,-0.0232633017057479,0.0806761966378498,,,-0.0060775331197138,0.0241720869705201,,,0.1423401485896615,,0.0,0.1366399661281923,0.1181804251341961,0.0059148550182263,,0.1459243470633281,0.0358934224318109,0.0856730844027944,0.142888170752819,0.0410717419141972,0.087801519895377,0.0985978434140976,-0.0475666845114078,,0.160248183862852,,-0.0156353411354066,0.0612134983002076,0.036441119074375,,0.0540737678502403,0.0162606744391222,0.1989977114610379,,-0.0462610196548486,-0.0030019824633505,0.045821654874958,0.136744132138532,0.0650429533725936,0.0088198870461285,0.0939064483036976,0.1457166658991154,0.0292280962768958,0.0500513460941849,0.076275236276397,0.0442226738887378,0.0697560079153322,0.0449614464612613,0.0682558546739054,-0.0247640672917627,0.0618521811056719,-0.0667400624052959,0.0964286437057629,0.0179046451691618,-0.0402934935716832,0.1275542260458384,0.0599306857858841,-0.0196881227686418,0.145740601314371,-0.0424700973354669,0.1056992960917102,-0.0874881165277584,0.1995650847058859,0.1054176773152081,0.0802458812628882,0.0805319637896443,0.9999999999999998,0.1770255515548298,0.1866647797343043,0.1584496000840345,0.0405403264555212,0.1482935845980305,0.0737149252485558,-0.0322568749768012,-0.0508291765986038,0.0799852518007403,-0.0022825136718641,0.0686530035831344,0.1795541668845909,0.1509333342539638,0.0266976663709321,0.0559353857544556,-0.0196796628152976,-0.0073577554506454,0.0549076513804587,-0.0119022882362244,,,0.1932165497724961,-0.0490939277938092,0.0842420875069084,-0.0246855429011843,-0.1913691766818042,0.0096647284917863,-0.0221666982552642,-0.0341680230205997,0.1156331062831315,,,-0.0483430737766808,0.0926730763228654
SelfConst_Q16,0.0091620581651869,0.0469208433308059,,0.2013706458361056,,0.0159652068888077,0.0553888720659956,0.1416057595771016,0.0469208433308059,0.0321065025829314,0.1376710712829394,,0.0913380757811234,0.0696257894162088,0.0746242041741242,,,0.0944720540702678,0.1262689378182097,,,0.0925869720095661,,0.046159791236571,0.1454993176591636,0.0292215963843457,0.2564551578390279,,0.119976642779343,0.273681056621435,0.1246777696234804,0.3218412392636054,0.0173226700923546,0.2073530796798834,0.2281765136745039,0.0480715447616226,,0.1273895855775895,,0.2850311267008468,0.1357576855710513,0.1037146762858381,,-0.0028787464367532,0.0152454333949201,0.14760014854561,,0.0808027304461998,-0.0374111580174737,-0.012981079382683,0.0658774949071014,0.0575126757582059,0.2606167354161049,0.0397321957199664,0.0812874134506447,-0.0747022849264478,-0.0137678114664819,-0.0247620967379184,0.1532726589865661,5.146450852433005e-05,0.1541899579623593,0.0452002922313526,-0.0185243521278099,-0.0367811833943804,0.0537044793493294,0.0561810531093934,0.0866091975657753,0.1879563612463521,0.5117618956678455,0.4017682250352324,-0.1043376529688333,-0.0834990859070049,0.0425640882857701,-0.0429682001113722,0.2457548609589643,0.0706861777529224,-0.234631721413967,0.4599504046245397,0.153496668292957,0.19400520930851,0.9718336425008988,-0.0910836669166409,0.1643571988124536,0.1012309223965609,-0.1509716332958933,-0.0865396679517135,-0.1133179467290176,-0.082708957067956,0.4143157347132287,0.0977429828440827,0.0100812735309882,0.0525631911836778,0.0841880698602115,-0.0219982394200712,0.0516554816318246,0.0374111580174737,0.2261407005860527,0.0162333114163795,0.057948853851624,,,0.1224384136620439,0.0133846461724062,0.143526326589269,0.1631730221800071,-0.0886889171610848,0.1891741182392169,0.1045586062396981,0.0332151433178875,0.1991904881870139,,,-0.0159280341206889,0.1510972480921788
SelfConst_Q17,0.1052496461201534,0.0590756078222796,,-0.0347641324954535,,0.0281136276593842,0.0790305756717024,0.0284821246359566,0.0590756078222796,0.0445920667610438,0.0548372940712994,,0.0331327337309779,-0.0721552558063559,0.0059514526332211,,,0.0280424324392072,0.0377579976492804,,,-0.0935129202798059,,-0.0376315773760646,0.0133934301521993,0.1207358999972867,-0.1081326094053305,,0.0837000967353727,-0.0378028257992497,0.0719352564199436,-0.1449252955079891,0.1305942723399336,-0.0134402072787497,-0.013143091904454,-0.0729534409134336,,0.2075773512355319,,0.0135076328636423,-0.0484425969670406,0.2223205336768243,,0.2135666288875644,0.1303331769400915,-0.0860661453381161,,-0.048273609918666,-0.0955947914805864,-0.1818312446320168,0.022603033496772,-0.165242425273585,-0.131521750598883,0.097174520778959,-0.0799880164259867,0.0474051937379439,0.0182793314709434,0.1181389826169018,-0.030641676865637,0.078919661163873,-0.0014355508337943,0.1556890677832184,-0.0115410315957512,0.1322686085639894,-0.0099376953521207,0.0445794176106632,0.1331935757695181,-0.1953436678848238,-0.0997965815850652,-0.1284014223861178,0.0939677305104134,0.1349285182644929,0.0471107975586007,0.3167192847515284,-0.147712064869918,0.2517272982051944,0.16829283648472,-0.1163114040542317,-5.683763161253019e-05,0.1919367908031892,-0.1320330658544786,0.963919080735611,-0.1235582887722168,-0.0129742385441945,0.2084367918958473,0.3032858145607596,0.103382915196846,0.0943695334691698,-0.0796066261144994,0.0292411182282829,0.0698158314656832,0.2047230206155774,0.103879561048097,0.1038295629705818,0.0584805053420027,-0.0669163540364104,-0.0228944117977796,0.0512579954223249,0.0264111958143612,,,-0.0794465070713415,0.0333472063291194,-0.0341843853548792,0.028096609216625,-0.0082603171640938,-0.0013857011994412,-0.0232057621387334,0.0537244502356744,-0.1416081455391662,,,0.0310859336336354,-0.0095704848374485
SelfConst_Q18,-0.0142921907847132,0.1011773902086136,,0.0999020313946039,,0.0398178382566516,0.1211887938218253,0.080256194783179,0.1011773902086136,0.1176773746113455,0.0745113316547676,,0.1517883760888091,0.1353315216985779,-0.0696610661483431,,,0.0917742165847912,0.1046109594703725,,,0.1477254517935632,,0.0470535243603788,0.1331584440350083,0.0325126049551654,0.1843713850612676,,-0.0747831964349178,0.0627278915964234,0.1168766475554972,0.1829260089658519,-0.0583444373569046,0.0579505949048475,-0.0128252989279354,0.0528500706602389,,-0.0409228552437824,,0.0028638861847217,-0.0651311111013192,-0.0882600574180251,,0.0099446399845043,0.0576786735279653,0.1187058656550191,,-0.006634087987005,-0.1067224884016006,-0.0342839854969731,-0.0910671934496852,-0.0486654547111299,0.2345260591462956,-0.066035020948939,0.0647207945753088,0.0780176560609319,-0.0202496054689724,-0.0296679474785886,0.1943429356319212,0.0195941648692802,0.1389264327350197,0.0874190516362684,0.1243297495248449,-0.0414687539901425,0.0763369800563116,0.0019780796081032,0.0301003587587995,0.2294162828461041,0.2599383626378958,0.3185737375393446,-0.1072991466620848,-0.1013764835216407,0.1911294346646617,-0.0852067962361647,0.2146539443396869,0.0922746934840187,-0.1642550256988667,0.136934153137669,0.1158768047971841,0.1584496000840345,0.1278693143053242,-0.1434186187872109,0.9999999999999998,0.184248202941357,-0.0470067976418916,-0.0048665502062305,-0.1266477475624549,-0.1196535029662537,0.2641107739076019,-0.0156426408652728,-0.0382392647635138,0.0630079019044636,0.0764002953330897,0.0646969496895196,0.0274441839830442,0.0099607655841494,-0.0238554701121953,-0.0766293820558009,-0.1033352158137139,,,0.1011773902086135,-0.0198281334296186,-0.0442318178530725,-0.0208956034137599,-0.0718530751613512,-0.0244174453981746,-0.0565474265588334,0.0088161246908808,-0.0276014746561663,,,0.0248466554538254,0.0454862511034041
SelfConst_Q19,-0.0598082025921845,-0.0598082025921845,,-0.0541457188935356,,-0.0719527059309437,-0.1241879459254836,-0.1256289661876714,-0.0598082025921845,-0.1205239781670387,-0.102881582977423,,-0.1061722968587678,-0.0351352927661302,-0.1534236022878272,,,-0.1988288276455781,-0.0589145260853509,,,-0.0919509027783068,,0.0,-0.127042287569281,-0.0803598239173341,0.0338072309188746,,-0.0847380590241966,-0.0118917517029023,-0.0642760468242708,0.1276538058723022,-0.0647425767460388,-0.0614062410563297,-0.0802228292341929,-0.1919359798244069,,-0.1624537176946485,,-0.1180064571555681,-0.1155621999152802,-0.1000089099090111,,-0.1327656679230454,-0.11946573912176,0.0084933147229702,,-0.1827175040394441,-0.0459621929300696,-0.0089560550188175,-0.0323715442582281,-0.0127129469806575,0.0835057595861014,-0.0393309663578779,-0.0206547866525729,0.1473453504184474,0.1026501690618316,0.1663047676153065,-0.078812036485171,0.1735062399263827,-0.2547021679282104,0.2498146967211103,0.0153676857458139,0.0912200162212407,-0.185519484664343,0.0325790770252864,0.1530263400742766,0.1722660031335179,0.1242150600770717,0.1588394964678532,-0.132254960996373,-0.0727897683906709,0.0945002912144932,0.0883119807036913,0.0769306846360344,0.0077426465126089,0.0322563863231313,0.1281215001383961,0.2235693505059119,0.0405403264555212,0.0830163030543243,-0.0323426844650342,0.184248202941357,1.0,0.1314938741439197,0.0097930516432657,0.0063047558586809,-0.079280652944638,0.2682531777603565,0.0131679682506619,0.1938441219899003,0.2284584666048339,0.232558987966172,0.041388632956784,-0.0239755057857999,-0.1202840368169908,-0.1044065998939753,-0.1101916973880844,-0.0785811582158046,,,-0.0598082025921845,-0.1036241050289525,-0.0131529196450087,-0.0159240898805013,0.1049385757058525,-0.0148842701952365,0.0416257121840675,-0.0169125744018034,-0.0465565365311915,,,-0.049310745240648,-0.0201177928185338
SelfConst_Q20,-0.0748905682201117,-0.0303167508112049,,0.0008993173652607,,0.0174646508877109,-0.0303664108487559,-0.1410583294327064,-0.0303167508112049,-0.0804045145234068,-0.000584235723644,,-0.104903738082877,-0.0522409667201488,-0.1003015705999095,,,-0.0450858699315991,-0.0235003003950235,,,-0.0952847511475876,,-0.0181637032475789,-0.0102936828991667,-0.0806613690661214,-0.1171821202557687,,-0.0113769216412768,-0.1816781610765906,-0.0348747569253122,-0.1666310821411642,-0.0114895076608925,-0.1337187535985648,-0.2257083956196847,-0.1772885447748209,,-0.0055033130556277,,-0.1326344779756697,-0.1089078997864541,-0.0506944711461356,,0.1210182182354367,0.0573350481923284,-0.0806613690661213,,-0.0550902778881041,0.0609719237946642,0.074530445854079,0.1172109321496242,0.083383225513784,-0.0779531500166475,0.0825907804376141,-0.0518028282328096,0.1123650124561795,-0.0113769216412768,0.1840729288631528,-0.0153662307670435,0.0954737611398537,-0.0592429485867534,0.1777251270020236,-0.0074810851892448,0.1728717761972926,-0.0479106835193008,0.0397642205305235,0.0831724659297367,-0.0518458451668215,-0.2001960879934445,-0.0061258312988201,0.0858439542624272,0.1316268745411297,0.0376090205560257,0.0654004334294237,-0.0685245326046911,0.1851544321858386,0.2957392097196689,-0.0504569080667243,0.0680772850548703,0.1530022561902311,-0.1698487674708622,0.2195420008439552,-0.0456303798877705,0.1429747822530531,0.9921126171178952,0.1825733412334735,0.0835631618808785,0.1513724483615685,-0.0116402251515993,0.1678385877414217,0.1062931937800103,0.2223845857157059,0.2069235412690053,0.1963010137508225,0.1166783441894735,0.0959071882391745,-0.1148669168658279,-0.0128565127598488,-0.054672506965033,,,-0.0748905682201116,-0.0722832431725478,-0.0187162371906027,-0.058776962793082,0.0482134400323531,-0.033181844356949,-0.0018298284767048,0.0129656400191291,-0.0738465365355686,,,-0.1022761819356374,-0.0453744650508478
SelfConst_Q21,0.026561251865593,0.0630494362466097,,0.0945854543829051,,-0.1635364842088578,0.1012174218424336,0.0523179074468041,0.0630494362466097,0.052738444043979,0.0314817287044458,,0.0395862407500536,-0.0216673581625268,0.109737272512652,,,0.1412310903536507,0.141806944503384,,,0.0104681146451132,,-0.0446064926676418,0.0674927914144098,0.05203052555855,-0.1938872533469796,,0.0893303362841019,-0.0272022238941705,0.1904073160614893,-0.0355264865725673,-0.0084561644625253,0.0721770837041846,0.1009758420103347,0.0832494661940977,,0.1242355569610778,,-0.0178676129637802,-0.0325802680400321,0.0078062155015333,,0.2760238464787468,0.1713144250310993,0.0030040719144659,,0.0396060686017902,0.0016187576887624,-0.115179114442906,0.0664086296828227,-0.0901108446744445,-0.1590405069266451,0.1285404145009515,-0.1807479699854564,0.0312850660457019,-0.0140647763511139,0.0697057530487793,0.0223747794267842,0.0542583797771691,0.0850376914819591,0.2148077957871089,-0.0229509650502355,0.1362797726472277,0.0522016814783379,-0.0024571704464467,0.0931531234761721,-0.1619934740076565,-0.0871770861320864,-0.0824926492096881,0.1060552488592913,0.2233396106157594,0.0482164719684553,0.2757986202442679,-0.022437708283907,0.3632647405934092,0.0077509694679736,-0.0419849266240329,0.0616906053133134,0.0737149252485558,-0.1084642630300729,0.3049901984182898,-0.0048665502062305,0.0097930516432657,0.1797540601192611,1.0,0.266596466637263,0.1572418836782007,-0.0328000545202723,-0.0001191095658848,-0.0265598610083511,0.1220404617294571,0.1243074648185947,0.1469929952537417,0.0837833709976506,-0.0383105986340452,0.0004761023098506,0.1552997292429058,-0.0418889019056464,,,-0.0099269325154236,0.0388027397018686,-0.0705578626380546,0.0794987535487809,-0.0762757905042963,0.0437401605847624,0.1673108852629285,0.0405063517308829,-0.0310172031450878,,,0.0595470152228103,-0.067944114068844
SelfConst_Q22,0.0177615057902066,-0.1061136115158498,,-0.0359708418398996,,-0.039922913041574,-0.0222484131867228,0.0016935168086863,-0.1061136115158498,-0.0236643861340943,-0.0810648331864311,,-0.0675146280857689,-0.1038864275386011,0.0175187774764887,,,0.1078146981519029,-0.0446949348692749,,,0.0307299494537923,,0.1009575127867169,-0.0875720570376975,-0.0316157758477315,-0.0908417419264541,,0.1129200299332621,-0.0663986156586334,0.0226290046017232,-0.0658022116336226,0.0704033265771497,-0.0574291567452756,-0.0287771071073426,0.0653774678451367,,0.0704701234568137,,-0.012840893401329,0.0093775405773955,-0.0393462693710212,,0.0704824132421628,0.0856007876966353,-0.124083421337871,,-0.030508155548319,0.0680841511408979,-0.0251650352422698,-0.0733370652500814,-0.0564823675384131,-0.1292431335942559,-0.0273922396973777,-0.0894513417952005,-0.0378669765566669,-0.0040866296547275,0.0403045038894079,0.0086965101951776,0.0933400687750866,0.0397718449593389,0.0672040925280079,-0.0641206124181184,-0.029570710450017,0.0994265797530902,-0.0219085710746016,0.0725344507095193,-0.1020608039331701,-0.101321428861758,-0.1281679334681896,0.0858666248401852,0.1737222817031007,0.0858291068559594,0.0829425345330942,-0.1338729016282412,0.0123626820347019,0.164182583800467,-0.1300803479819004,0.0518570182577206,-0.0280634020201524,-0.0944327002802072,0.0895084469203594,-0.1323069792332776,0.0185437935840614,0.0924013819025137,0.2699477673182669,0.995908143028846,0.1201547414565424,-0.075005753147938,-0.0225773010192407,0.0159565612015247,0.0639195353746468,0.0511257879387274,0.0195397150697703,-0.0334340973039411,-0.0265619782477942,0.0299022481916752,0.1303683840739253,0.0223710810001734,,,-0.1061136115158499,-0.1144284126765739,-0.0679836075185259,0.0443272845319989,-0.040012326010637,-0.0558663859264084,0.0401171867673113,-0.0001740715767439,0.0819485556043483,,,-0.0787344564047402,-0.1034615195014874
SelfConst_Q23,0.0751013132964102,0.0751013132964102,,0.0623253091314292,,-0.0774212378004638,0.0750626527780396,0.0114804216608504,0.0751013132964102,-0.0280490005373216,0.028561223448693,,0.0361783615582467,0.0676361606572461,-0.0032585935794898,,,0.0530255296712456,0.0777327470916171,,,-0.0228660941073175,,0.0494505220077075,0.0245044803657065,0.1009080368726665,-0.2189726444377392,,0.0490941602278453,0.0332815248580507,0.0810969902328278,-0.1109200081996975,0.0203751001606685,0.0450655181990641,-0.019601147412,0.0785576607289762,,0.0597881925806537,,0.1126480193848065,0.0576511889772356,0.0985254818173254,,0.1478593349472902,0.119679593265725,0.0827912144110392,,0.0888058036437628,-0.0290118305237292,-0.0490941602278453,-0.0134547364175266,-0.008673640053486,-0.080319667564031,-0.0083278767346862,-0.0836315304932029,-0.1351942449886491,-0.0655291151539051,-0.0218754822548277,-0.0301679503965631,-0.0954635037527022,0.1843607009049017,-0.0031024916155084,-0.0510328630674978,0.0294039800731664,0.1954605939533845,0.0383511394955239,-0.0008489145881045,-0.1828883614546054,-0.055703455479587,0.0151750422873024,0.5354011826805694,0.2372063181557804,-0.0348304363255307,-0.0041177310314236,0.0240904208776651,0.2087782947924636,0.1092304547032482,-0.0673004952569775,-0.0688504588086077,-0.0744677129375591,-0.0496082911868226,0.0885793681519505,-0.1093320881029609,-0.1099958058858435,0.1090222010822955,0.1579211693285076,0.1327598587718797,0.970514637837888,0.0244926375090254,-0.0345295675039878,-0.0619008655417254,-0.009659889073738,-0.0289876532422511,0.0876693009813191,0.0020531766815027,0.0900264019344588,-0.0097643833296239,0.1279450103043332,-0.0663979288260046,,,0.0751013132964102,-0.0416094299721006,-0.1626977530739701,0.0701380591301963,-0.096284622978919,0.0182428024785783,0.1328954374757956,-0.0617871816747985,0.0161896108905169,,,-0.0133578243910743,-0.1378658423988764
SelfConst_Q24,0.0048217169924097,0.0572819978698278,,0.1839397428483841,,0.0042883861835772,0.117428642784585,0.1801301947888037,0.0572819978698278,0.0441381639401904,0.1695394234306115,,0.1525729780763362,0.1467417703843822,0.0307093758944055,,,-0.0120036651656131,0.2290552013958312,,,-0.0309135400343975,,-0.0213774145795208,0.1057570612946633,0.0299742381275184,0.2059297178921044,,0.0439952049010903,0.2540224234827993,0.2507913625534876,0.3177998356948078,0.0155072831184782,0.1995314385071375,0.1935882041936001,-0.0441525690899387,,0.0917515644729438,,0.1803892025279836,0.1142819022506997,0.1308734927108992,,0.0922128836795947,0.0779100260409281,0.2179394893248671,,0.020834240574102,-0.0096972582204286,0.067495749133971,0.0760530890565781,0.0958089112178353,0.2040983000485498,0.0468017335683176,0.0093176619546051,0.017977277074612,0.0068315535560699,0.0960799212203434,0.2014871885011604,0.1656352367149375,0.0895476302587062,0.1595391314041472,-0.0015983947067833,0.0948341001727465,0.0203275221998702,0.1489521484343366,0.2946808775989371,0.1487406306186754,0.4737499984322793,0.5221494972151866,-0.1153442231731778,-0.0637896825098857,0.1227334672847936,0.1428122164647001,0.329255709574699,0.2252980460161965,-0.0835619491966402,0.5085185903678681,0.2592873423648641,0.0799852518007403,0.3831986982028905,-0.0741454489652298,0.2641107739076019,0.2682531777603565,-0.0126301884266093,-0.0328000545202723,-0.077461062997893,0.0039745412418139,1.0,0.1045467815697263,0.0329520106320522,0.1856372099481098,0.1700346315892147,0.0225546368174247,0.008241873398546,0.0888268852991265,0.0968579083192465,0.0421114670773522,-0.0759681181089842,,,0.2146628405020822,-0.081770253380107,0.0892701873855075,0.1302967080573107,-0.1054062883635172,0.2013860943480153,0.0146835052237089,0.0472533306826521,0.1296997953392582,,,0.0220178957813121,0.1516142424712621
LifeSat_Q1,0.2334402563729531,,,0.2953342701425544,,,0.2270488328290452,0.4861617045156409,0.1603889352899473,,0.5052591603230951,-0.1385211686978252,0.341444249519508,,0.1059238170661654,0.1739289074807808,,0.2682215826585642,0.2270488328290452,0.1059238170661654,0.3283228138533369,0.4690615175896342,,,0.3672177264265563,0.1302164438582602,0.1707782452167921,0.3793538538711365,0.5677844067325046,0.0926838149237198,0.6328291482179631,,0.7061057091014683,,0.1880129010221267,0.1508108933858943,0.4706130792437817,0.5856926437732684,,0.5086587881783109,0.1880129010221267,0.5814581047373981,,0.6404258492281011,0.7589655350744131,,0.5581180776882919,,0.3358950707811755,0.2773023078285406,0.3596441364876096,0.2990447973461864,-0.0477702782869222,0.414910203652551,-0.3844753175567714,0.1117263437099962,0.3459224565570443,0.5114442737749715,0.5193050344559254,0.5138999619615161,0.5830745433445381,0.4813535023150136,-0.0746215283435935,0.4002337236694798,0.3405597616823879,,0.3389049893480573,0.3408931436067082,0.4237631019062134,0.4200932537255144,0.5643428921102347,-0.1029693715132268,0.2907884716981212,0.3379897801939434,0.3578083137709095,0.4228948998004493,0.4470310644064247,0.556445563356669,0.1302164438582602,0.4940287233411997,0.377838629516977,0.0522434451953587,0.4101875656796198,0.3052283558253115,0.3637161814540183,,0.5765577499917656,0.4400037076189308,0.4084112736729305,0.9623991806538056,0.6949700433160092,0.8352234845961337,0.5890356502585202,0.5154461311544078,,0.2085125706920164,0.1880129010221267,,0.1880129010221267,,,0.1880129010221267,,0.1880129010221267,0.2075065471084246,,,,0.2085125706920164,0.1880129010221267,0.262356461493534,,0.1880129010221267,0.1880129010221267
LifeSat_Q2,0.1925201742823728,,,0.2283573261247306,,,0.2139040017229778,0.4489936686175117,0.1224687631809063,,0.4529745470553565,-0.1671392881211797,0.3082739928338912,,0.0896804476335888,0.1357933646149889,,0.2110680663533947,0.203774842867015,0.0896804476335888,0.2835406872148011,0.3804063440623876,,,0.3570326872489559,0.0940208605449528,0.0856515993917138,0.3538435223985805,0.5329644590803138,0.0445913399862701,0.5609072446345627,,0.6464434423170359,,0.1747660870761754,0.1049102893204559,0.4315683459153909,0.5047469645656787,,0.4352311192364594,0.1747660870761754,0.5567210197782204,,0.5563243271516863,0.6630939794404747,,0.5177275583754207,,0.3287641680927822,0.3026830999311218,0.3564787312638287,0.280020439788101,0.0033408427604805,0.3934650838340331,-0.3324405948798541,0.1137930368765702,0.3231073731639592,0.5226379527121274,0.4430650187486232,0.5112070586965218,0.4730373991828353,0.4871944235980492,-0.0631783507270681,0.3966083095482439,0.256714089106692,,0.3300547699035524,0.282009628053665,0.4320299585541363,0.3922105569506428,0.5811173222931898,-0.0910752848143449,0.2468362607229254,0.3403962485360337,0.324785713981553,0.4127087122816658,0.440866169382015,0.5564979844277271,0.1102478110958583,0.5037661566920948,0.3633195291588921,0.0754977967308824,0.3334809390473394,0.3037603030329332,0.3913865658325269,,0.5323647351574705,0.4397784795588172,0.4196351770284192,0.843553629413295,0.8446912409269564,0.8152874216957804,0.5973235404907218,0.4718727225458223,,0.1930913837161486,0.1747660870761754,,0.1747660870761754,,,0.1747660870761754,,0.1747660870761754,0.1688012511249314,,,,0.1930913837161486,0.1747660870761754,0.2298708092174641,,0.1747660870761754,0.1747660870761754
LifeSat_Q3,0.2688009417911908,,,0.3018782691016262,,,0.2706804591495683,0.5202381296838586,0.2002904656808806,,0.552216085661591,-0.1742894956490148,0.3805227444924018,,0.1322755251696493,0.2002904656808806,,0.2507035345840521,0.2706804591495683,0.1322755251696493,0.3594311692903045,0.4068069938924136,,,0.4301864726043851,0.1626116672732465,0.1341220169829411,0.4223921514768297,0.6097846478666662,0.0657706676353956,0.6102558423291783,,0.7298672890799605,,0.209188392195654,0.1134617841578535,0.5122720334851272,0.5310954226325137,,0.4172749407370664,0.209188392195654,0.6362567945907589,,0.609478384226258,0.7561161446038224,,0.6366329242931243,,0.3052767919929016,0.234754906218962,0.3243922955372704,0.2969589294879307,-0.0445290530519416,0.4390729813320262,-0.3830165571864096,0.1848212313809672,0.343828827713648,0.5236536596439046,0.4515959379767178,0.5297827005097595,0.5416909239336253,0.49945378279824,-0.0351845919595136,0.4370398855001408,0.2720536109584563,,0.3244992484788936,0.37319185917177,0.4178730843893578,0.4159925163081046,0.5475415622597135,-0.0351845919595136,0.2588909140287403,0.3185720068659158,0.3392927577454062,0.3972041871825666,0.4089168940155205,0.5428406100662113,0.1626116672732466,0.5432047488525977,0.3616143058648495,0.079111403479498,0.3777164819682597,0.2990070328566259,0.3780471615798033,,0.6031890807556026,0.3998465117579035,0.4230221273223197,0.8283832801591278,0.6587181655749914,0.9924875865983585,0.6445478201345743,0.5160133423885642,,0.2331959759823395,0.209188392195654,,0.209188392195654,,,0.209188392195654,,0.209188392195654,0.209232401351153,,,,0.2331959759823395,0.209188392195654,0.2960787002809139,,0.209188392195654,0.209188392195654
LifeSat_Q4,0.273796402853415,,,0.2891265736645088,,,0.2467296833788983,0.3926063873061455,0.2286663503186832,,0.3471964877736918,-0.2506960905745847,0.1922870437837646,,0.141648046728488,0.2428504432004807,,0.2416848793955583,0.3006423391300715,0.141648046728488,0.2491440681771044,0.2953606515514876,,,0.2581828425109359,0.1914073435318932,0.0856870693149344,0.2676453297732623,0.5829953508809183,0.1542699090444494,0.5469045370493928,,0.4920474005342395,,0.2185742438608953,0.0670789777971554,0.5213308529137708,0.448084998339406,,0.3718362837343063,0.2185742438608953,0.5478610537960895,,0.4901503123319095,0.5565179007986099,,0.5831008830664031,,0.278847296960625,0.2277016872314254,0.2982049058551557,0.2966139047872055,-0.053218100159166,0.2616158874115383,-0.3204138701104531,0.2228809530306396,0.2523617240947257,0.4286081362561289,0.3701390759070377,0.4399214055107197,0.3261934672402844,0.4170173770138332,0.0189969622536442,0.3312314526562137,0.1778534261736768,,0.2687836386916039,0.2657682699960094,0.4171191119548169,0.3864786168351267,0.4867324867441339,0.078389763782279,0.2663249733521866,0.2685081798519552,0.3054887890483182,0.3093923128579339,0.3897515476325541,0.4384002049525695,0.0704917555807569,0.4587287924691086,0.3033005621436528,0.1390178933109632,0.3180219067561265,0.2105407049573041,0.323695237983169,,0.409523610593677,0.3597190780637019,0.3549842853931397,0.6046747774106156,0.4997203009512191,0.6838537482876407,0.9718046332164196,0.3831984620151012,,0.2439448133848299,0.2185742438608953,,0.2185742438608953,,,0.2185742438608953,,0.2185742438608953,0.2681948019487856,,,,0.2439448133848299,0.2185742438608953,0.2615618001047603,,0.2185742438608953,0.2185742438608953
LifeSat_Q5,0.2584621114170624,,,0.3317725248993481,,,0.1983367628810028,0.4351306961143228,0.1130730273023853,,0.3505793699864049,-0.0312905577482914,0.2655736490306869,,0.0969227684664015,0.19167508790251,,0.2673119199903913,0.095904611924738,0.0969227684664015,0.2499335840326999,0.3487118012178397,,,0.2742935521834906,0.1465005382532586,0.4321283470833176,0.3147966796304127,0.4179882145906426,0.1145637084061544,0.4284032923298619,,0.4405716578938784,,0.162317305389481,0.2137660426068603,0.4128449384967708,0.5018575491416806,,0.4123169270530587,0.162317305389481,0.3885013277879778,,0.4286518631906701,0.4170288479872382,,0.424019594895106,,0.2134168058293361,0.2113918409440562,0.227030615877487,0.2263393447173246,-0.0097532959578353,0.3295745383270173,-0.1671053477085784,0.2553092268629892,0.3429125563578563,0.3992572103510798,0.523951347104394,0.3553150541225205,0.6506807364736856,0.3750891874111411,-0.0212620112491013,0.3374653778799127,0.3835367981094832,,0.2743211999471348,0.4223656268985594,0.4056605589393149,0.4444186792865319,0.3617297576442825,-0.0447712269391646,0.2956102582340508,0.2034735285328829,0.3516288709130919,0.2368152711305798,0.308027839238477,0.3267962633374586,0.1191510897941739,0.3442200547800892,0.4063314524588911,0.1930710921125464,0.6523993517215922,0.3038306770755734,0.203342464861077,,0.5642411795532618,0.2828127948679867,0.267605860189538,0.4981730544450293,0.3311753036687778,0.5118294146134426,0.3645826735777403,0.9956099909095426,,0.180470552829298,0.162317305389481,,0.162317305389481,,,0.162317305389481,,0.162317305389481,0.1991664562248117,,,,0.180470552829298,0.162317305389481,0.2280849656777147,,0.162317305389481,0.162317305389481
Lonely_Q1,-0.1549247062398213,0.0076370459062409,,,0.2581631283857126,-0.291436025321803,,,0.1175673491153092,-0.4204405762654218,,-0.1215148269188158,0.219501980207842,0.5254618779197053,0.1770097528935413,,-0.3344096381602035,,0.242195826777014,0.306433224777786,,0.1415145974329726,0.3624484000820459,-0.367804250174682,0.0840517782435325,0.2557270479378041,-0.5355566808149064,,0.4106676492336934,-0.3423668935851518,0.2361346769653473,-0.3625415487879978,0.2907660959473496,-0.251467506513658,-0.2833625631391755,-0.3425543107202032,0.245303834653137,0.2250110600102982,-0.317760621805768,0.0094654381862891,-0.4336771901224591,0.4580785818359654,-0.1127451080697557,-0.0502074472687124,0.0816769799128804,-0.4181028003859607,0.6516949159642993,-0.2609315663086505,0.4430532740878734,0.4329257454580636,0.5343011195584764,0.5848629847036287,-0.4207348332508757,0.4762353646274719,-0.2515236531914402,0.3810585240271931,-0.0752658780787032,0.1437919404651322,-0.3802401065445021,0.4590128561549506,,0.5139813679977456,-0.4411172878809168,0.382415637617905,0.1549247062398216,,,-0.0229004103435054,-0.1300551990448059,0.1661551283825152,0.2773758856739929,0.239030149291472,0.0672853165693809,0.0705455578436978,0.1248477082555266,0.2206914260430455,0.0506157974792296,-0.1886770430608797,0.0076370459062408,0.0852639257147378,-0.0376340781010482,,-0.218912466365169,-0.2218174074686381,0.0010057616238114,0.042773870765401,0.168770612794136,0.076056309694218,-0.1489918185423539,-0.0618844968968349,0.657325951931133,0.2449758838624924,0.3096874995855081,0.2167847239512991,0.8680436917855261,-0.3625305310067387,-0.3699511662585233,-0.3527042026608459,0.5841965445351347,0.4405264679451066,-0.5320411692200849,-0.3661876895471019,0.5798405353953494,0.2670501708234323,-0.3139788107482096,-0.3295021245342209,-0.2571057426732427,-0.3781361968824775,0.2770505826471532,0.29448003539754,-0.227533891234587,-0.0720363720306815,0.2332233573564651,0.2507873905696688
Lonely_Q2,0.0967002592663647,-0.0576974405470866,,,-0.1277872349225446,0.3528489331530066,,,-0.1040262880556555,0.4445628783141251,,0.5195213183744521,-0.1370078337455191,-0.2881404989230628,-0.1681112476371947,,0.4387515738199212,,-0.19610301489488,-0.0114830031668793,,0.0588398229803193,-0.266966695853433,0.2957458234408986,-0.0981328556999406,-0.1874835827490215,0.6440428976741904,,-0.2127972818260664,0.7815226410450766,-0.0441909113988833,0.6945181623126113,-0.2245000382276561,0.6175717163220344,0.537689056274261,0.7322522961298197,-0.0132573068063698,0.0721654296343738,0.4536889951042202,0.2818655663247666,0.458451506104314,-0.2096172936949186,0.247601643313854,-0.1390375794306377,-0.1625477986060967,0.5232016742285297,-0.3267431674386298,0.5212994587800956,-0.2606458125139826,-0.2611176644160108,-0.2451662256922678,-0.2501995775484189,0.4560439860514169,-0.2723756869458944,0.4333853928408852,-0.1144175566266638,0.1941168167495175,-0.184027233129617,0.424708281662308,-0.2127972818260664,,-0.3236866483799719,0.4896664290868857,-0.203279436974596,0.0981328556999404,,,-0.0697678947150756,0.0543674787689731,-0.1380745469737709,-0.1533521178619795,-0.1213032827377164,-0.1010684118544526,-0.126725772173592,-0.0620207006027731,-0.0699436626614345,0.0605039526185881,0.1653367165535781,-0.1706017846392274,0.0685495873822857,0.1824173338115294,,0.2390821159400295,0.117091473110175,-0.0013378602778111,-0.1069238771402942,-0.1023825292704723,-0.0338383447250742,-0.1276229406883236,-0.1040262880556556,-0.3118552670292789,-0.1988928035320138,-0.1943948371170638,-0.1218000288387626,-0.3856441631816722,1.0,0.7747950795311113,0.4993951103791447,-0.3958211452251401,-0.3365315910322913,0.3909785260063739,0.464641831025871,-0.1267961786025452,-0.3562086443315608,0.4225988582861144,0.4670691886035979,0.5028404243710434,0.4321584161300038,-0.3297066290619433,-0.3724456370131832,0.1398937388220955,0.5758222231527627,-0.3597457403626587,-0.3532474257567061
Lonely_Q3,0.1001707818209775,-0.04928622844099,,,-0.1793498209591771,0.3126915122538515,,,-0.150724021376425,0.3831067503933838,,0.4560013050667095,-0.1419249744107026,-0.3137678386597329,-0.1741446738248316,,0.38295668076753,,-0.2321753866139988,-0.0737070571364452,,0.081709725258599,-0.2960154902203691,0.3535896622574054,-0.0926107228156207,-0.2369891495309032,0.6212856000621672,,-0.2322788843405326,0.6851786044544055,-0.0794508908880526,0.6610614701216753,-0.2337547478320425,0.5421865460679609,0.4905333925579114,0.6501861048945207,-0.0275913999359623,0.0592704146772526,0.4617108151532098,0.2783329867202992,0.4194777413199191,-0.2558230247083726,0.2294261711360395,-0.1312136555872534,-0.1507240213764248,0.4883832441882195,-0.370983356737622,0.5028538491500044,-0.279078729797913,-0.2728349235774966,-0.3144730773181625,-0.2734499788713148,0.4322204356749675,-0.2966749736822295,0.3786252730308115,-0.1778478128647767,0.1965615341392766,-0.1789182834214161,0.3981386039034783,-0.2517788400629477,,-0.3537022114928847,0.4562956463268854,-0.2533083423272998,0.0926107228156208,,,-0.0670886343731356,0.0213991097760777,-0.1279001450645025,-0.1420872923478683,-0.1013654840798809,-0.1080780287399892,-0.086583209168434,-0.0378012633614028,-0.0567676743628964,-0.0615884588342209,0.1993992645400151,-0.1610016795739008,0.0338116241167697,0.1859524635191026,,0.2476626500778837,0.1827942771346532,0.0515844246949252,-0.0821288738633132,-0.1109297042909618,-0.0050311080230382,-0.115610503406972,-0.0928187476272899,-0.3499407252949211,-0.2382333043238949,-0.2211912351702016,-0.1617382548560182,-0.4098682545619377,0.7803615174659211,0.991778364792827,0.5116938978504633,-0.3970063322453412,-0.3226683108253144,0.4280390047538688,0.4447824183527319,-0.1681304816720875,-0.3054723973611868,0.450621369735087,0.4195271483421821,0.488893969185365,0.4302666589609062,-0.3689538280578585,-0.4054469374217891,0.1093439283092169,0.4854570272210143,-0.3767006579033669,-0.4020347026622212
Lonely_Q4,0.0936188925284692,-0.0880625574868871,,,-0.1509516640081981,0.3593899501400521,,,-0.1466146504284411,0.4516783548417397,,0.3621005066130743,-0.1326420607379029,-0.2929576083191511,-0.1627543601721003,,0.4019425436834997,,-0.2482185285120276,-0.0482779759332743,,0.1900246877588225,-0.3055876072174779,0.3667169203649931,-0.1227919185288421,-0.1921311550920658,0.5642105067130525,,-0.2070704343688014,0.6202351492667254,-0.0329814297511316,0.6652653519347258,-0.2746741657010202,0.4729219141045345,0.519542303680476,0.5029083017750717,0.0150564598836142,0.1369420875128729,0.4844260273686817,0.3511041864704201,0.4108436349372126,-0.2304948257804253,0.2934196509438144,-0.1739752807978728,-0.2116173968286628,0.5690992344163861,-0.3345155702521062,0.5128459169309578,-0.318583262985936,-0.2981872545219526,-0.3225493386258069,-0.2170087646743459,0.4844260792409545,-0.3047863981397248,0.4372233390478999,-0.1529901271044375,0.1296873610380212,-0.2141508265438932,0.4150863271467619,-0.2727406537411068,,-0.2802186887557465,0.3949151408689841,-0.2646094720200329,0.1227919185288421,,,-0.1528063787129625,-0.0156810325121069,-0.1983246810736247,-0.1489444175134923,-0.0990489288570163,-0.1054416460306186,-0.0548949972958852,-0.0682222601009271,-0.0646609567591018,0.0055061943696968,0.204767362110331,-0.2134710163163808,0.0152282858133332,0.2002707694521081,,0.2314637322327631,0.1693996952597579,0.0727194900922314,-0.0585825210129467,0.0267675756888816,0.0508581954444475,-0.1384396261896974,-0.1466146504284411,-0.2348118067409202,-0.2074765902456017,-0.2791828226870654,-0.1025072053196632,-0.3200994556907157,0.4639349320025572,0.4650850615908306,0.9721960546103512,-0.3378470069138412,-0.2367469216102024,0.402106113851196,0.37009918260149,-0.1888511840709689,-0.2269375034205525,0.4740060766684661,0.3541880627894771,0.4399240947122494,0.4073138569132943,-0.3134577776174547,-0.197024111486788,0.1452545629745767,0.3523124334930269,-0.229756893996979,-0.3606853647184687
Lonely_Q5,-0.0926515492809699,0.0424663098638769,,,0.286794462427926,-0.3372989976571698,,,0.1077787170497279,-0.3784569862436303,,-0.2755299641042995,0.1312714997504377,0.4101981995938415,0.1610726554748812,,-0.3809493061634511,,0.3059921970880266,0.2188290898261213,,0.0578763252426229,0.4061453151901149,-0.3273934364123337,0.0829667183456768,0.2955069339054876,-0.4790158309126142,,0.4399500369637817,-0.3365549721877926,0.2011112149226104,-0.3954444256383354,0.3635866696391658,-0.3495414968098002,-0.3209466566954467,-0.438395107018551,0.2993234423517483,0.0368296865550103,-0.3043823401218383,-0.0435625307592442,-0.3639426330641536,0.4624700415036823,-0.1802629127426095,0.1175497401946429,0.1869037131024297,-0.4139836579561876,0.5684065732660668,-0.3055895858604694,0.419490099104442,0.4325727864524226,0.5043166020436474,0.4435930149103169,-0.3667043702067233,0.4584587514796268,-0.3129071691769768,0.4375147992923617,-0.0926515492809698,0.1826787519204919,-0.3783590281246761,0.453272950574798,,0.5735070384209204,-0.4080349267927411,0.35368917475813,-0.0829667183456766,,,-0.019929054840096,-0.1230556109576772,0.2219930706347517,0.3026176337997865,0.2716713245715213,0.1932342645007155,0.1005026182145586,0.1716512749326399,0.2372260288426684,0.0287184414165327,-0.1963517357544891,0.1442357925332561,0.0073588005027157,-0.0307406918959178,,-0.156705515150949,-0.2244000134720138,-0.0011086662840551,-0.0206526046749771,0.1848453046725178,0.0470579145635101,-0.0334771562220506,0.107778717049728,0.4818030185075479,0.2396231937596137,0.3245709993138427,0.2202407838321012,0.6580900725782058,-0.3958211452251401,-0.4047325368837768,-0.3627274898761874,1.0,0.5273068933314424,-0.4915894527559656,-0.3112889649716787,0.4197753968879471,0.3472903635338581,-0.3225531195438081,-0.3642340231554734,-0.2800219176691878,-0.360146046855111,0.3202922524151651,0.3772293101120266,-0.1086244231931588,-0.2465680884454837,0.3308916103479755,0.4007504518109639
Lonely_Q6,-0.0612946553710164,0.0276265094505833,,,0.184239028398066,-0.2363296745752258,,,0.035799000412348,-0.2514302859635794,,-0.2018982362237042,0.1415237348115186,0.3116500405308673,0.0618307592465436,,-0.2683467843922401,,0.233791412952137,0.2724798808962233,,0.0396923734234821,0.3284291689976352,-0.2554579637686819,0.0930770692670991,0.2331820858165774,-0.4504184832548266,,0.4581102437565373,-0.2861856662282573,0.251833513971043,-0.3272520757990427,0.2199750626482899,-0.2827819629256406,-0.209621201162665,-0.3725702551864583,0.339059310560717,-0.0012274494673599,-0.2313098016065152,-0.0214122693507927,-0.3258907162989439,0.3458678427731452,-0.1338497252101744,0.1318743892561877,0.1401275158997625,-0.328330229366762,0.4182494896184551,-0.2670401468422376,0.2969286681191034,0.3086844607773614,0.4034218696706042,0.3003154654716115,-0.3027958671040932,0.3319243290304705,-0.2825160791228905,0.4059681323036419,-0.0612946553710164,0.1202831623171355,-0.2880399806787735,0.5049545995090855,,0.4568617922124418,-0.324172233541748,0.2733499659936848,-0.0930770692670992,,,-0.0537218972915453,-0.1056692368379958,0.1877650954597552,0.3025989344577817,0.2700728264175172,0.1267442611654904,0.0567082709832761,0.1881864087878176,0.3221578030651518,0.0515025324498224,-0.2149101463024737,0.0723551437991467,0.0085155233609886,0.0357655196671355,,-0.1515451562704833,-0.1932949648102921,0.0529328166221614,-0.0308275875050031,0.1636061303489951,0.0137781890304685,-0.145679837332158,0.0010228285832099,0.3950634367667988,0.1987468653216215,0.2494774345631957,0.0906594715732903,0.4493410649048288,-0.3365315910322913,-0.3366934816842236,-0.2490198798186631,0.5273068933314424,1.0,-0.3764349294298776,-0.3393556395380904,0.3581602241688376,0.3360135915995527,-0.2905962989320607,-0.347483556333285,-0.2747077550286153,-0.2895055169749454,0.3262477612408557,0.4024299448521123,-0.0932371437964508,-0.2675032547205013,0.3162793408009046,0.3635278723935937
Lonely_Q7,0.0703830028826023,-0.090167696696763,,,-0.2176332252300717,0.3637397773086276,,,-0.1388729073392059,0.330786869669197,,0.181952357305098,-0.0997207539111955,-0.3392058981613571,-0.0798538873692303,,0.4095931733091672,,-0.2190340936181692,-0.1806385124172908,,-0.0487678873008714,-0.2656111297053702,0.430644676270058,-0.1496650061296717,-0.2137039758654878,0.5057623557207779,,-0.2802704913487468,0.4150218326966728,-0.1009221270753792,0.4497326026163123,-0.2272929068105726,0.3271014692801383,0.3329072560777724,0.4366542299196244,-0.1754032719522399,-0.0911280506817538,0.453966507586513,0.0464951154603325,0.4773164766176546,-0.3100865556159682,0.2796457298791504,-0.0561645625476848,-0.1058252863450991,0.5243510864733774,-0.3887006242309561,0.3491438273095241,-0.2657929245886818,-0.2758236905036936,-0.3395691646912298,-0.3616790408107445,0.4062441704521546,-0.3258894873193426,0.3953047804482389,-0.3011933858383698,0.1437323392200271,-0.1316406635369895,0.4363921605357362,-0.3025284690558589,,-0.3525384053851975,0.6464734192165054,-0.2488631431399692,-0.0703830028826024,,,0.0821265649957725,0.0125521179664197,-0.1330868453822485,-0.1888146692340147,-0.1506760137471228,-0.1331275970419621,-0.0532469082550207,-0.1015261688405192,-0.1603194733219696,-0.0603996143657487,0.1300529353981811,-0.1326730927132613,-0.0476976418430167,0.0384068888733057,,0.1740152237755045,0.1149645261965095,0.0983127021923974,-0.0738892596723329,-0.166887853814966,-0.1075893831306852,0.0388262858519724,-0.1058252863450991,-0.4739577377517207,-0.1365641907990287,-0.2214778584691504,-0.1324349646912798,-0.4717632712164084,0.3909785260063739,0.4292332453870515,0.4184707404215351,-0.4915894527559656,-0.3764349294298776,1.0,0.4686899426751016,-0.4088808931499824,-0.2752636569566078,0.3806949457993774,0.4134740604835238,0.3542642804708525,0.3122679671888925,-0.2019124584289933,-0.2703855406101242,0.2807472071403956,0.2664789389499392,-0.1875543558292747,-0.2492248617052788
Lonely_Q8,0.0877610764942206,0.0279483823510963,,,-0.196307446082462,0.364453202024518,,,-0.0606767933287649,0.3364974634232701,,0.2164484561138686,-0.1243425309184279,-0.3045833559442508,-0.1525706774248376,,0.4295443734822337,,-0.2254281318261362,-0.0896677434402246,,-0.0474777331131378,-0.2694807217061455,0.4035688721237569,0.0160763533517941,-0.1997708981470705,0.5159645511053351,,-0.2707109953272388,0.4496392147006288,-0.0893994653930814,0.4795657091939795,-0.2087886044260031,0.388530288521184,0.3465550578484847,0.5169455884150451,-0.0617226639055788,0.0728154246714189,0.4944882721698165,0.1151741745110512,0.4837496793362704,-0.3349056217852245,0.2806117181147882,-0.0787876096810458,-0.1575696766091411,0.4912191541024339,-0.3731850415409556,0.3336794671972301,-0.262935526650234,-0.2371648284297313,-0.3553294322180745,-0.2531208806047088,0.4067394428855806,-0.2779614728822092,0.4219881392393457,-0.196134326218523,0.159445799636647,-0.1658899754637661,0.4379206313803619,-0.2924638434008013,,-0.3709680825118983,0.4939256376521367,-0.2414212439379216,0.1272930929330588,,,-0.0260311649444514,0.0785767492011548,-0.1596107281159957,-0.1768988261271447,-0.1056237896900123,-0.1693433666032356,-0.054830021706381,-0.0162110282994528,-0.0820741213792386,-0.0651165798978242,0.1547989573072867,-0.1382146777472254,-0.0216726350175021,0.135317068765803,,0.2169808439460022,0.1473834993253662,0.0537809043016499,-0.0518529520065877,-0.1254386921249232,0.0127120136325455,0.0292418313075846,-0.060676793328765,-0.3454675087971105,-0.2111729245654099,-0.2581507310889632,-0.1574954602073854,-0.3569632362343852,0.464641831025871,0.4392727418590871,0.3957411096091052,-0.3112889649716787,-0.3393556395380904,0.4686899426751016,1.0,-0.1935003633677602,-0.3388009761752253,0.4601974676069319,0.4645308500881102,0.6295037387374108,0.3632759548122601,-0.2376403650451682,-0.3018648873397145,0.1777149940195126,0.344773430753833,-0.2583530317438934,-0.2740196018474573
Lonely_Q9,-0.0361238077580254,0.0609801329887751,,,0.1318171745128046,-0.2096820398388355,,,0.1431782781515562,-0.274600313967785,,-0.0774846626505606,0.1520603738569125,0.5114530194326878,0.1865810039208791,,-0.2266202208177294,,0.2101667259867329,0.2352624811119417,,0.0811984880427732,0.270788509221437,-0.2773751087029628,0.1062772894910024,0.1347343807110894,-0.3384610600447982,,0.3630113052444843,-0.1652693887115674,0.2448375521633329,-0.1931819161441727,0.2577253377831467,-0.1612420900222527,-0.1506619155279657,-0.1992864368481341,0.3175358273334294,0.2323979897915168,-0.2198783515041693,0.0403596598388361,-0.3617770838281003,0.3211901741603123,-0.0635509716732177,-0.0007417579212533,0.1110987957320971,-0.2888483685054971,0.5060540696581114,-0.2013936591136016,0.5063432464545767,0.4170043476498764,0.4834447177878967,0.5514870938796622,-0.2854099758391713,0.5355476738489787,-0.2080933975162544,0.4316281319334897,0.0350767408664884,0.1505301767367345,-0.2590331680299568,0.373814267501213,,0.4354982768484917,-0.3418018974974706,0.5254678116795602,0.1073243563825395,,,-0.075411421993194,-0.040175590624953,0.1302616166982556,0.1738362604378391,0.2179889713968825,0.0586351366900455,0.0571630322752136,0.1412588690144849,0.221609008394149,0.1143810622958381,-0.1186209159790645,0.060980132988775,0.1185832195706736,0.0274603021391922,,-0.1186520710339373,-0.0939679186031632,-0.080339397818644,0.0865751339468275,0.1308797609053449,0.0978317882896304,-0.0502299834358214,0.0469398308931791,0.60769031233262,0.2667476579548002,0.2337909800429925,0.2381943322200364,0.5180281241790835,-0.1267961786025452,-0.1642412597531184,-0.1952832349974538,0.4197753968879471,0.3581602241688376,-0.4088808931499824,-0.1935003633677602,1.0,0.2769515524057337,-0.2287937614610947,-0.137688244018426,-0.0731917843814467,-0.2561251208006745,0.2755745706275882,0.1850888632494348,-0.2021596556578981,0.0600815543707166,0.1643708129697604,0.176111390865565
Lonely_Q10,0.0108192748509271,-0.0227849690734804,,,0.1073658686680191,-0.28658406082465,,,0.0890512719947916,-0.2167153749737862,,-0.1898293857211028,0.1372139044329833,0.2813848121244713,0.0643790065767468,,-0.2801078468743153,,0.1620821858160321,0.0959646159373668,,0.0092965431166111,0.2391949405367309,-0.2256262322735965,0.0825959275204929,0.1003426339520118,-0.402259451572272,,0.2737807520583676,-0.3003013655469236,0.1366592389719545,-0.2767239846553061,0.2221625340541697,-0.246916247472038,-0.1729234204874754,-0.3083812310673791,0.1748691822583188,-0.0874620293363799,-0.3122878041877934,-0.0916269635589141,-0.2890705664258219,0.2364872571328142,-0.1546716507856309,0.1170243926090565,0.1860684121119478,-0.3361355217177185,0.4094552361848209,-0.255666603492282,0.3452292329645919,0.2980496722815882,0.3879436653807144,0.2959173083116894,-0.2767122543081355,0.3732625144312919,-0.2591319808790747,0.2520383771751042,-0.0609573778186385,0.1597643399566694,-0.2755090645647249,0.2737807520583676,,0.3553762730913846,-0.3348924661709928,0.3066265399575314,-0.0825959275204928,,,0.0076021597421511,-0.0395047449042904,0.1598154152253106,0.1799090483627151,0.219495460880726,0.1058079167783485,0.0461889551632381,0.2069639723259887,0.1618237349495591,0.0911059637212741,-0.1367708858594598,0.1435911809395851,-0.0999742539727127,-0.1689834104875903,,-0.1507112698725216,-0.0757043041694631,0.035343451214128,-0.088868259302544,0.0632293570724724,-0.0175049463199249,-0.0101999023898144,0.0890512719947916,0.3759535605509194,0.3112560027034217,0.2091163571665438,0.042529379754927,0.3085586304021102,-0.3578370595794897,-0.2980059804933244,-0.2516312323404661,0.347010208865225,0.3342710594664829,-0.2798004142977551,-0.3342131318542363,0.2790352952178344,0.99743997106454,-0.2551402275177464,-0.2480397441643897,-0.2796574375060828,-0.3073340889968008,0.3271954821593386,0.2574320800206977,-0.0971448683969584,-0.1425012863174935,0.3144708791550547,0.3184035776941156
Lonely_Q11,0.0497356155591527,-0.0021168274637992,,,-0.1826884617947972,0.2423816294216564,,,-0.0257000685393503,0.3470280566762022,,0.2942965906731929,-0.1246109852378389,-0.2601549643675444,-0.1750453479680102,,0.2952686742776199,,-0.2068686500821401,-0.0926604429662167,,0.0398169035426083,-0.2671730186678686,0.2966134668516368,-0.0266942569385283,-0.1790990218634338,0.5441001908059925,,-0.2766931748366126,0.5297075633725634,-0.15569028892276,0.5657985636922329,-0.2472372554231661,0.4245790611266027,0.440853834190913,0.5225890276979653,-0.0665095857262049,0.0101792038600464,0.417726450504927,0.1763698688525118,0.5240315568057805,-0.2654399009229424,0.232917355807985,-0.0919652958145074,-0.1634423078044397,0.4281275381125409,-0.3137945467699368,0.3883736998589406,-0.2423186390715042,-0.1986927863185033,-0.2357279351877414,-0.2012885690952065,0.4096770288903538,-0.2697975860738023,0.3647946472951986,-0.1603146723002094,0.1261654880568337,-0.1808411827047701,0.3593421682053702,-0.2998859463483409,,-0.3059525669465196,0.4545652328267141,-0.1937987587620665,0.1031241294362093,,,-0.0312235766110483,-0.0053024122919382,-0.1563469035974386,-0.1996502292608508,-0.0923392509698593,-0.1071528344268275,-0.1970558170363002,-0.0824618296098169,-0.1018580042497285,-0.0973986356843626,0.0976118404006673,-0.134988459037656,-0.0182425648230008,0.1126282145363574,,0.1859550486676665,0.1574729596419354,-0.0521604254276499,-0.0254380412814358,-0.1445225361290331,-0.0471230322960829,0.003479787029325,-0.1290067479881673,-0.2357237336650669,-0.2341759969511974,-0.2035355842955215,-0.1182258800864941,-0.2957988247218593,0.4225988582861144,0.4586719729411604,0.4897548346228959,-0.3225531195438081,-0.2905962989320607,0.3806949457993774,0.4601974676069319,-0.2287937614610947,-0.2520381273262804,1.0,0.4042350684451526,0.4626076432548133,0.5240276669060611,-0.2905607759635731,-0.2822224982701297,0.1885586140808027,0.3203310027620875,-0.2265344143625001,-0.2557517461463258
Lonely_Q12,0.1183976191862273,-0.0236200225124469,,,-0.1217360089240541,0.3128614771642538,,,-0.0603401294740306,0.2879747165151332,,0.2825250702434271,-0.0742496925605032,-0.2106841867594233,-0.1293477423300669,,0.3937363742187335,,-0.1624419662231874,-0.0328984690453316,,-0.0568977644421007,-0.2667179140271095,0.3652775759586844,-0.0135866120377637,-0.1544750655562779,0.5320726029826055,,-0.2414829682766942,0.4022052228643111,-0.0419291385328575,0.4595820128180115,-0.2362733142721515,0.3708182731908732,0.3266992379230982,0.4747454696897955,-0.0593337639545273,-0.0346315438591731,0.3453643395812413,0.0764011794343453,0.3617693635874353,-0.2126171823307637,0.1413650816213978,-0.0659997267204473,-0.0900729468960168,0.3796926285858948,-0.2716320638489017,0.3266574389084221,-0.1611267009573475,-0.2101402111718476,-0.2266488266185229,-0.2170037667435896,0.3469037802993819,-0.2197727662042218,0.3941582618009491,-0.1903249626311823,0.0524055035742317,-0.1028393039258556,0.2820499328883495,-0.2514956767174352,,-0.3093566328022044,0.4045033661683517,-0.1284154485334151,0.0795787276497592,,,0.0119819926144937,0.0561602424239651,-0.1492575489411902,-0.1563530025545676,-0.1102481421129034,-0.1530222459361389,-0.0368343254819581,-0.0529805990837538,-0.0988931277691956,-0.0440334664098201,0.0764939388002456,-0.1001039049337039,0.0784061842964613,0.1113850157524613,,0.1839539731159306,0.1456845364927692,-0.0094722542966843,-0.0632564873684161,-0.1921420785105481,-0.0328600862041678,0.0172383114286828,-0.0900729468960168,-0.2987745197353772,-0.1316206458001282,-0.1642303386566662,-0.1088855365688356,-0.3488257068774274,0.4670691886035979,0.4278064372551935,0.3635186496708936,-0.3642340231554734,-0.347483556333285,0.4134740604835238,0.4645308500881102,-0.137688244018426,-0.2494613436859426,0.4042350684451526,1.0,0.500055289815083,0.4626508754439449,-0.2184094823532335,-0.3487777040065769,0.1157332617987347,0.4187823074281757,-0.2613933378224188,-0.3015543947773522
Lonely_Q13,0.0858604017222578,-0.0769200094175952,,,-0.1388082322288402,0.3599714350867546,,,-0.1289842344959764,0.3083660145989018,,0.2969600023142213,-0.1216495977749492,-0.2794598628980205,-0.1115686623084037,,0.3858931552596937,,-0.2554621337593997,0.0063608216540593,,0.0648050255568085,-0.2543487955245601,0.3716230132890708,-0.1092986172341834,-0.1811811786215423,0.5564265228277345,,-0.1848489239955012,0.531924724532806,-0.0171753129911137,0.5430178273572397,-0.2414122478405273,0.4677301051258676,0.3957844159501218,0.5207012686218777,-0.0247983149877882,0.0668549839682812,0.4252053686925836,0.2428152790587345,0.4355485313911368,-0.2281867295847718,0.1667263505648734,-0.1548575659697822,-0.2169133367087725,0.4895381013343679,-0.2667346005040693,0.3811262342794992,-0.2679479549876621,-0.2229087593478474,-0.2783318648241013,-0.2319684034092621,0.4145829348482587,-0.2799178262861111,0.4522241881494961,-0.1491399816852302,0.1509134080410718,-0.192107209177972,0.4405913892809044,-0.2045893666051503,,-0.288678642938549,0.4700763907552572,-0.2258028998664028,0.1092986172341835,,,-0.04823021541749,0.0454321634618058,-0.2135070859563221,-0.1298167325765135,-0.1159089767051825,-0.134740520861084,-0.0482798330001251,-0.0763844867795829,-0.0764007278201878,-0.0983559590279154,0.2234629425032266,-0.1900132124531947,0.0641096388717004,0.1115098863566341,,0.2122816078773275,0.149784371633882,0.0212254257316601,-0.0938231482875847,-0.0741426216251835,0.0443868468101703,-0.0156467230571731,-0.1289842344959765,-0.2436926250354488,-0.1851124389630295,-0.2299296532643702,-0.0494609869853546,-0.2711135107155963,0.5028404243710434,0.4975478920881626,0.4655012414284989,-0.2800219176691878,-0.2747077550286153,0.3542642804708525,0.6295037387374108,-0.0731917843814467,-0.2786721173249282,0.4626076432548133,0.500055289815083,1.0,0.3952717341461395,-0.2738680774367362,-0.4157382158225917,0.1303377291383189,0.4757228301221232,-0.2732470425893784,-0.3154060610690398
Lonely_Q14,0.0845742942869754,0.0114633970603688,,,-0.0710444688457431,0.2404952595660225,,,-0.0554137666303176,0.2737886516680755,,0.3330533124806437,-0.1750698654490183,-0.2690937344084174,-0.1470305275134265,,0.2401435500689325,,-0.1747897130334501,-0.0536899829089268,,-0.013691179953473,-0.249102060616144,0.2151393720876185,-0.0713864382286674,-0.092373751551611,0.5261469407622239,,-0.2535971918037091,0.4179575267982608,-0.1243673159041824,0.4226715235348594,-0.217911826009311,0.3077251743733697,0.263820843695242,0.4351683197954732,-0.0806650845972211,0.0243366500610389,0.2549224236454986,0.1756933683287944,0.4126200498367556,-0.2345463215679813,0.1044035785437415,-0.1011424512686904,-0.1256820394668975,0.3465139475967518,-0.3537238388524625,0.2627251648752464,-0.2346295350886923,-0.2682732989900241,-0.2856157981386179,-0.2326628208512702,0.3278827532819713,-0.250191049925082,0.3103697309554718,-0.1388218678066583,0.0455841111580647,-0.1330658053626034,0.2551733563209572,-0.2535971918037092,,-0.3224276673495057,0.2713874843128942,-0.1940708426360412,0.0713864382286675,,,0.0070793318558716,0.0140659470121246,-0.0881859766522097,-0.1594087061199214,-0.122168718693865,-0.0854629326502117,-0.1331836349109891,-0.0650213661181053,-0.0815427857017687,0.0094999037676734,0.1237426267412538,-0.1241037333926888,-0.0197707623841016,0.0599506891203584,,0.1769686679330427,0.1945191361443616,-0.0276197679757703,-0.0785543785326374,-0.0719234334662736,-0.0635253236711614,0.0449356136556876,-0.0202796302120275,-0.1563654368732839,-0.2498537191967265,-0.1992233025983153,-0.0712841719903217,-0.375361743457632,0.437738822448704,0.4225092637259955,0.4212545354636338,-0.359746390354238,-0.2802646982672945,0.3130347908309494,0.3611337525121971,-0.2396991700192467,-0.2870562074825357,0.5286889462227269,0.465215268815797,0.392425730350066,0.9879396800225252,-0.2428558363703795,-0.2165030296408623,0.1574902814588049,0.2751928821083845,-0.20938626951427,-0.2034536432980015
Lonely_Q15,0.0835667301743414,0.145278899737716,,,0.2726831281311541,-0.1936712603491656,,,0.188255392919577,-0.3138969286614482,,-0.2406900333095652,0.0320896803236913,0.2377028006776662,0.1829940865855134,,-0.2647318415470762,,0.2680269302319017,0.2419017325758361,,-0.1968114198608964,0.3372976566235676,-0.1927511261797976,0.0835667301743414,0.3176358449162978,-0.3724680655475095,,0.4160841856492614,-0.320183306861587,0.2770869847115241,-0.3158876903736846,0.2800177895596347,-0.3637341176551423,-0.2905493980353856,-0.3184715099462752,0.2346219675707047,0.0038004665936276,-0.2692661673295173,-0.1262759390436953,-0.3080650388016074,0.4155544788793099,-0.1453663788426261,0.1183998549874128,0.188255392919577,-0.3128686661931809,0.3739321729990634,-0.3374724599810218,0.2596764335485452,0.2014196306358778,0.4031515409722549,0.237262068361534,-0.2709670607197377,0.2734694253404657,-0.2568477917697818,0.3539171182542952,-0.0580541458843556,0.2091094078545873,-0.3068075860761468,0.3838528684392939,,0.3934840334030404,-0.2991264898108661,0.2156592416282724,-0.0835667301743415,,,0.2164234921613174,-0.0573131698627866,0.3171076544063255,0.1449671891336199,0.3160530194347779,0.1826052230350501,-0.0318257961956851,0.3102784348838788,0.2252382979237183,0.15087307871407,-0.1904952912620588,0.1452788997377159,0.0221594788230785,-0.0295335066344814,,-0.0559972992922252,-0.0685065027977988,0.021692307518285,0.0059704924179977,0.0526652531047617,0.0233121759541053,0.1100372702235223,0.1882553929195771,0.3907885033887631,0.3693204101369732,0.445082886465772,0.1379997495292805,0.3298786080424287,-0.3297066290619433,-0.364122119847784,-0.3198391775985283,0.3202922524151651,0.3262477612408557,-0.2019124584289933,-0.2376403650451682,0.2755745706275882,0.3287006366053157,-0.2905607759635731,-0.2184094823532335,-0.2738680774367362,-0.2626225012366396,0.9999999999999996,0.3868393752747626,-0.1756896229886838,-0.2345605255571682,0.5224109746788022,0.6014773615090943
Lonely_Q16,-0.1279813929200879,0.0680602124082796,,,0.2519828308278931,-0.2649415617936853,,,0.163494743216054,-0.2256198449257513,,-0.2565366144010144,0.0291020060885036,0.2051352421623647,0.0979700815383756,,-0.2970407988616106,,0.2595395006433577,0.2382697362698106,,-0.0292747762815877,0.2921911725015541,-0.2419698269144321,0.0869009458099364,0.3163447669473403,-0.4423654524381157,,0.353361163295764,-0.3183774657151673,0.1964909255214517,-0.3360544711612136,0.2761962594277317,-0.3243147109133453,-0.2503260709301861,-0.3964376879330823,0.2856622680403214,-0.0412908040223913,-0.2782628027687058,-0.0829916159780531,-0.3320230286580304,0.3585940329435551,-0.1406504102760557,0.1231238719129,0.1957665648087729,-0.3363959735176405,0.3659620964113703,-0.2586932121740669,0.2730610500770893,0.2004940058449873,0.2866395201424127,0.2324974773181917,-0.2283686495476534,0.2998470615171139,-0.2391816817286834,0.3442727844108214,-0.1279813929200884,0.1625948278827799,-0.3174154766092849,0.353361163295764,,0.4829106807161527,-0.3409152374515013,0.1669439085096959,-0.0869009458099362,,,0.0812823929725972,-0.1185991546308244,0.2880057739976361,0.1911083051179053,0.3107120877507132,0.1919295207171853,-0.0017200592621249,0.2082231137607699,0.2719955354282381,0.1247704189267644,-0.2304615177550218,0.1510753593816075,0.0022795071935427,0.0486185721395879,,-0.1393297279166093,-0.1167188397618375,0.084628914471476,-0.0076286901961364,0.2123964451895268,-0.0055518048675231,0.0363007332186821,0.163494743216054,0.3725266992242158,0.2729323850673502,0.2998844267117454,0.0658523626821015,0.3275014698489267,-0.3724456370131832,-0.4095790820695411,-0.2236496534940873,0.3772293101120266,0.4024299448521123,-0.2703855406101242,-0.3018648873397145,0.1850888632494348,0.2589915042300115,-0.2822224982701297,-0.3487777040065769,-0.4157382158225917,-0.2250392748808863,0.3868393752747626,0.9999999999999998,-0.1519179754060819,-0.3293116592762111,0.4731818088953342,0.4815789844899921
Lonely_Q17,0.0815660339261553,-0.1756461765061371,,,-0.1894748214730748,0.3298185769632004,,,-0.2173220798680734,0.2167426743678631,,0.0595926504077919,0.0299613503285657,-0.1993223069270721,-0.0624390062663012,,0.365212974254961,,-0.2042647636315159,-0.1078208591099466,,0.000788349876455,-0.1667397830914673,0.2780333669471116,-0.1238595329989765,-0.2326679954011563,0.2375860036847433,,-0.2044278018967705,0.1382115953053844,-0.1152342233782882,0.1666237045872469,-0.2093696524063305,0.1553655615329265,0.1989557114576316,0.1746200488936282,-0.088077509416419,0.0201451650163088,0.273774493872242,0.015576577106541,0.5391088642543473,-0.2069871992589401,0.2060563760551911,-0.1269790561543969,-0.1864705111185348,0.2755265649893778,-0.2220881334724764,0.1648722430598271,-0.1992323337449523,-0.1676383762646621,-0.2300478408673548,-0.2876580725161898,0.2285749248937634,-0.2394087014427296,0.3586296610128297,-0.0657844625235798,0.1500412229011992,-0.1842505621179765,0.2858374212244274,-0.2252067115066066,,-0.2285749248937635,0.317599448938682,-0.1306766256038011,0.0553843440239325,,,-0.0341903014118738,0.0114013122413647,-0.0041299636175899,-0.0203055413226583,0.049588151607962,-0.0991523089948795,-0.111727667311807,0.0165935618713973,-0.0373476363630747,0.0962265528350283,-0.0200476080185985,-0.175646176506137,-0.0014527921351779,0.0888801714172923,,0.0605822480007564,0.0540732785844107,0.0533296087335359,-0.0364647931909949,-0.0911793578130788,-0.0256259908897737,-0.0459769788711188,-0.2173220798680734,-0.1126611299387248,-0.0657538163875317,-0.0926921516371833,-0.1125038132703485,-0.2678220954643883,0.1398937388220955,0.0982281939477868,0.1702125245436366,-0.1086244231931588,-0.0932371437964508,0.2807472071403956,0.1777149940195126,-0.2021596556578981,-0.0914768633117431,0.1885586140808027,0.1157332617987347,0.1303377291383189,0.1593683183493232,-0.1756896229886838,-0.1519179754060819,1.0,0.0316462502063026,-0.137816124116565,-0.0780840310423257
Lonely_Q18,0.0862064998251847,0.0009580607885808,,,-0.1048887124751937,0.1967493373563312,,,-0.0373506596874492,0.2541775873276635,,0.2997067649298195,-0.0766302762548237,-0.0919913234737819,-0.0381855657162933,,0.2823444846750942,,-0.155921720463699,0.0024409891748334,,0.0593535715278353,-0.2027954953539782,0.2376171014548636,-0.106518168277146,-0.1139076192545679,0.4077747414615312,,-0.1319442444474946,0.4838528106389263,-0.0045505319573307,0.4903319603563569,-0.1539888426528019,0.4272570697895442,0.3581709380321137,0.4960679850692757,-0.0142926107800799,0.1142917707396771,0.3046252099493691,0.1911341501975544,0.2920170938090499,-0.1038602907150864,0.1597318340125625,-0.1509181423184521,-0.1820711644593324,0.3636997867059736,-0.1295405442436088,0.3662354808619853,-0.0584877841722736,-0.0326095584367986,-0.0685702067777207,-0.027137722691603,0.3173111423923467,-0.0491535474923491,0.3552320521037065,-0.0989656957843243,0.1504480558592951,-0.1206341242055186,0.3089530891563686,-0.1611855544608449,,-0.1911797429976216,0.3288026365030558,0.0015073432205581,0.106518168277146,,,-0.0748449541990146,0.0086165447722344,-0.1462668787869108,-0.0971799610070581,-0.1328878197872143,-0.0852701611160721,-0.0407980213028941,-0.0901080423647709,-0.1401828582775784,0.0393257566650607,0.093688744695095,-0.1479519589222694,0.0389127931000029,0.0744038867595495,,0.1601936070720759,0.0687378518996389,-0.0460622388118575,-0.045898785811889,-0.074173799018903,-0.0055074390834405,-0.060299455668382,-0.0952388615962025,-0.1488205235234293,-0.0938349691417733,-0.167284505477836,-0.0064002517530723,-0.0783353051384976,0.5758222231527627,0.4818104556903051,0.3697434698809803,-0.2465680884454837,-0.2675032547205013,0.2664789389499392,0.344773430753833,0.0600815543707166,-0.1411851850090423,0.3203310027620875,0.4187823074281757,0.4757228301221232,0.2783333053855601,-0.2345605255571682,-0.3293116592762111,0.0316462502063026,1.0,-0.3526250984992549,-0.3377672257742745
Lonely_Q19,-0.0587464172981698,0.0568359265445054,,,0.3101201923683186,-0.1226568061282261,,,0.1148472586032213,-0.2818786112906863,,-0.2521989170103008,-0.0139318193071273,0.2591917806542593,0.1021293384437256,,-0.2053940257438174,,0.2502836585039259,0.2474137848573196,,-0.1545107248894284,0.3283924577269888,-0.1345641415625706,0.0784125999130077,0.3422731725500665,-0.3967432134159066,,0.3823176330021505,-0.3028736956571973,0.2362661925967304,-0.3433111634145052,0.3102360320174813,-0.3040554850811807,-0.3138198258098936,-0.3483132956790403,0.3146238005966637,-0.0636630034803968,-0.2459954623471545,-0.1564786940713833,-0.3006533680369353,0.3842081098012114,-0.1180508048941828,0.1110973283209389,0.1766443987418488,-0.3128436063627699,0.3621922471892091,-0.2747381180597997,0.3046945951177884,0.2233691559139853,0.3640997255145375,0.2207161469889174,-0.223297902678221,0.3160811495044896,-0.200214393283885,0.2990432552695981,-0.0244566629953753,0.152291726519432,-0.2617332559927527,0.3823176330021504,,0.4443005535132589,-0.252185349911893,0.2519893735901389,-0.0784125999130077,,,0.2345084834597275,0.0123702385671598,0.3719183049954353,0.2719612595898267,0.3444497037881435,0.1691740302112593,-0.0430633251819224,0.3639970325413574,0.3638970628510711,0.2113622661834604,-0.2031376081258028,0.136318559038621,0.0978491141437555,0.0277096877871406,,-0.0604667534722978,-0.1933596330930132,0.13612476335109,-0.022216543858056,0.0687993062053001,-0.0210743195676694,0.0834208058026516,0.1766443987418487,0.336660790638393,0.3718799211264937,0.379094569229764,0.1070414485674508,0.3008922394422609,-0.3597457403626587,-0.3680095992563,-0.2426526346002182,0.3308916103479755,0.3162793408009046,-0.1875543558292747,-0.2583530317438934,0.1643708129697604,0.31574361528755,-0.2265344143625001,-0.2613933378224188,-0.2732470425893784,-0.2289468345649696,0.5224109746788022,0.4731818088953342,-0.137816124116565,-0.3526250984992549,1.0,0.6950237653584369
Lonely_Q20,0.0098309859955216,0.139426173170342,,,0.3292956182301112,-0.2058435982433158,,,0.1489664084814362,-0.3405939321986286,,-0.2912104350782467,-0.013928836437954,0.2543923727430393,0.1052442726511614,,-0.2539108718177317,,0.2758248202508296,0.2416420367731106,,-0.1811596733281066,0.3806833810084054,-0.2482268476281051,0.0802001489108342,0.3499732633797731,-0.4418028989951378,,0.4008517700655949,-0.3504545114326017,0.2093523268403103,-0.3955758551387625,0.3343304474726956,-0.3572684148716111,-0.3053214607870767,-0.3664298263506637,0.284388525829001,-0.0456011567333827,-0.2692597819847765,-0.1339807529601002,-0.2767203900837156,0.3812860097245217,-0.1489468380052937,0.1136299814675202,0.1806713091911002,-0.373280107654911,0.4111779449012971,-0.335986271511221,0.3209301675346298,0.2550394784338244,0.3801899479189359,0.2400810021318392,-0.3147019390707789,0.3314477142830415,-0.2828434828859596,0.3506531377554825,-0.0253535954621347,0.1560831719027444,-0.2964087706685903,0.4115285896364763,,0.446628883716203,-0.3333732074862195,0.2674813458327436,-0.080200148910834,,,0.1852624415286776,-0.0344990669533905,0.4279563703518531,0.2685445270217778,0.2896126878881011,0.2204218905854675,-0.1324014736499709,0.3614224674554072,0.2925108488783744,0.2080918847249145,-0.2551438215316282,0.139426173170342,0.0879362457203777,0.043115715801573,,-0.0626843329662415,-0.1978682873846858,0.1158753964746117,-0.0543364051439854,0.1461066627751623,-0.1025293701158281,0.1289953379109224,0.1806713091911002,0.3702629990994697,0.4266078375081543,0.3763302482449503,0.143904507156684,0.3087212409692472,-0.3532474257567061,-0.4022509860615322,-0.3680710674447867,0.4007504518109639,0.3635278723935937,-0.2492248617052788,-0.2740196018474573,0.176111390865565,0.3196832696961946,-0.2557517461463258,-0.3015543947773522,-0.3154060610690398,-0.2235759759711358,0.6014773615090943,0.4815789844899921,-0.0780840310423257,-0.3377672257742745,0.6950237653584369,1.0
