,IRI_Q1,IRI_Q2,IRI_Q3,IRI_Q4,IRI_Q5,IRI_Q6,IRI_Q7,IRI_Q8,IRI_Q9,IRI_Q10,IRI_Q11,IRI_Q12,IRI_Q13,IRI_Q14,IRI_Q15,IRI_Q16,IRI_Q17,IRI_Q18,IRI_Q19,IRI_Q20,IRI_Q21,IRI_Q22,IRI_Q23,IRI_Q24,IRI_Q25,IRI_Q26,IRI_Q27,IRI_Q28,PANAS_Q1,PANAS_Q2,PANAS_Q3,PANAS_Q4,PANAS_Q5,PANAS_Q6,PANAS_Q7,PANAS_Q8,PANAS_Q9,PANAS_Q10,PANAS_Q11,PANAS_Q12,PANAS_Q13,PANAS_Q14,PANAS_Q15,PANAS_Q16,PANAS_Q17,PANAS_Q18,PANAS_Q19,PANAS_Q20,POM_Q1,POM_Q2,POM_Q3,POM_Q4,POM_Q5,POM_Q6,POM_Q7,BigFive_Q1,BigFive_Q2,BigFive_Q3,BigFive_Q4,BigFive_Q5,BigFive_Q6,BigFive_Q7,BigFive_Q8,BigFive_Q9,BigFive_Q10,SelfConst_Q1,SelfConst_Q2,SelfConst_Q3,SelfConst_Q4,SelfConst_Q5,SelfConst_Q6,SelfConst_Q7,SelfConst_Q8,SelfConst_Q9,SelfConst_Q10,SelfConst_Q11,SelfConst_Q12,SelfConst_Q13,SelfConst_Q14,SelfConst_Q15,SelfConst_Q16,SelfConst_Q17,SelfConst_Q18,SelfConst_Q19,SelfConst_Q20,SelfConst_Q21,SelfConst_Q22,SelfConst_Q23,SelfConst_Q24,LifeSat_Q1,LifeSat_Q2,LifeSat_Q3,LifeSat_Q4,LifeSat_Q5,Lonely_Q1,Lonely_Q2,Lonely_Q3,Lonely_Q4,Lonely_Q5,Lonely_Q6,Lonely_Q7,Lonely_Q8,Lonely_Q9,Lonely_Q10,Lonely_Q11,Lonely_Q12,Lonely_Q13,Lonely_Q14,Lonely_Q15,Lonely_Q16,Lonely_Q17,Lonely_Q18,Lonely_Q19,Lonely_Q20
IRI_Q1,1.0,0.2328824797547002,0.3240722620808951,-0.0633510105160687,-0.03756017713279064,0.17878330548357885,-0.029439720813329677,-0.0686600992375753,0.22296967241490304,-0.026171196129510674,-0.005934221726450667,-0.09603583409454786,0.03640980478146622,-0.18618370202886278,0.17169628818574786,-0.02295365744024444,0.27868038125628564,-0.21477538597718904,0.2010138063264536,0.13586378256160256,-0.07641533391555697,0.04077629791800577,-0.16935411208096074,0.022017002059400742,-0.15950019784171426,0.2847260829044281,0.3127360175159065,-0.1506849315068493,0.2661293527786366,-0.12079742985247521,,,0.07662141663581953,-0.1839218027367766,0.24679184968430512,0.034513551386421516,0.248925070873731,,-0.11704114719613057,,,0.3511234415883918,0.17170275019711573,,,0.23824711279595068,0.20356064242544478,0.23572039901268044,,,,,,,,,-0.33365933178125573,0.020072391147592503,0.22867007133529701,0.24595241919211522,,0.22670278199661634,,-0.22433808401173974,-0.32526920895166683,0.2681749582253684,,-0.07662141663581945,0.342255776850087,-0.19772645464464164,0.143345544770249,-0.01600985086777751,,0.05108094442387969,-0.3344729377972476,-0.01672016388516151,,0.016720163885161506,0.18392180273677664,0.794639736889195,0.3522524587835816,0.03341945582751962,0.12984549463223916,0.13083896315861393,-0.10736519687444451,0.023890924128374826,-0.20899889379280626,,,,,0.2881907916103512,0.12813635504156573,0.31706855988851457,0.28669108954049793,,-0.26280016541212314,,0.19806033270768514,0.12182028832834799,,,0.3446987899653221,0.10728771826311974,,,,,,-0.029569928086515172,,,0.1872880010859424,0.19506857866021762
IRI_Q2,0.2328824797547002,1.0,1.734723475976807e-17,-0.5096488758951381,0.20317144429331113,0.2726077572046489,-0.13460084488849694,-0.06143424181355125,0.28635610763953956,0.05055924464243809,0.03209953975076357,-0.13579097359971665,-0.3610728395266678,-0.2323351093194967,-0.04277109753807683,0.1729392247586495,0.13961202296398406,-0.4361045361403806,0.0010938922339318556,0.49966630205113505,-0.05519860920124196,0.3910914519285872,-0.24265067939461915,0.1313824857245465,0.24058077571350825,0.25476122554456127,0.279823366660163,0.10585567261577276,0.31228409560022324,0.17002267120100764,,,-0.0690770787486893,-0.2002669225861453,0.25801605090227,-0.17002267120100767,0.4318935591158897,,-0.015073854388204487,,,0.5973014801326029,0.10654821579347046,,,0.2588137146300652,0.4573373822284249,0.1533912354722047,,,,,,,,,-0.11884538280385809,0.007755434100663816,0.24161564163830393,0.43974400353374204,,0.8302186931810815,,0.16335511546763481,-0.25896729879042896,0.3749898560643134,,0.12828600339042298,0.7417751196827114,-0.439744003533742,0.17077003915002764,-0.3670227919322646,,0.11841784928346742,0.17077003915002759,0.28424982560614165,,0.03876133985538297,0.03876133985538297,0.38283676175313197,0.7948293230788221,0.03135864262905945,0.6145680440450556,0.5642330213251727,0.14409896447253728,0.05538487756217115,-0.4720861158388751,,,,,0.3624307288248666,0.16375873305865365,0.43529010388422285,0.5446179626946828,,-0.2861552007378842,,0.4227106591791693,0.5086974908765105,,,0.47159661100103123,0.6444072750957419,,,,,,0.40749266133199863,,,0.2393547542769788,0.3165509421522942
IRI_Q3,0.22661158286910396,-0.0711999079613063,0.8324553670824468,0.23773160692002135,-0.09821763174501641,0.09518014361357119,0.23280189771751736,-0.3094106834420005,-0.08620410882438669,-0.07136387162233374,-0.4843660358020507,0.12146377639820857,0.21400917955074739,0.010977027584485467,0.4862533302100557,-0.13352587924301892,0.08672400589297605,0.16780372288031073,0.004632054068631639,-0.010977027584485488,-0.23373686584682588,-0.09898019419759546,0.05216589376015592,0.28950777679568707,-0.5286032049002014,-0.1879690364972303,0.02543353918486964,-0.5603033642367954,-0.06629706612651319,-0.2603762204437545,,,0.032500536843658424,-0.24012158054711244,0.1820935465245827,0.10352307559811928,-0.36969556302225576,,-0.0638297872340425,,,-0.15248226950354615,0.09647772531146281,,,-0.01820288081934962,-0.2562921045467136,0.07442538306427632,,,,,,,,,-0.005686409402392012,-0.2408278004128848,-0.05853638656935545,-0.13237971506168056,,-0.17261128027533615,,-0.13175664167033363,0.2920654534762608,-0.09518014361357116,,-0.013928801504425034,-0.3587242625958468,0.3077170860043038,-0.19978107831210323,0.36185821428756887,,-0.13696654812684628,0.12594894067502152,-0.08814589665653495,,-0.06382978723404258,-0.21580547112462006,-0.013672735524705909,-0.2074734914882405,-0.1275798951253794,-0.3186575595336423,-0.31534125669741314,-0.08320674152426952,-0.09120440531639495,0.29517908423016154,,,,,-0.28865548602863866,-0.29206545347626084,-0.05763904177042346,-0.32138695206729645,,-0.34310228666643816,,-0.3960534142337507,-0.3372912175894389,,,-0.2886554860286387,-0.24113475177304972,,,,,,-0.2454783259279002,,,-0.4268917665878987,-0.21985815602836878
IRI_Q4,-0.0633510105160687,-0.5096488758951381,0.13963157940958376,1.0,-0.264370151343453,-0.16451742565457997,0.21232547462969867,0.10027172426048792,-0.41080053845272624,-0.06483853695480384,-0.252872644728809,0.3152105222206839,0.4289722951631252,0.3357682893017721,0.1783584076169603,-0.280544650061973,-0.22077972873606838,0.6105954270161964,0.05985437272387848,-0.3357682893017721,-0.11194410336315705,-0.3502107820887466,0.04817295755628152,-0.08404219449006572,-0.38806549375666377,-0.2920613143093951,-0.3717662930110299,-0.22625360898595967,-0.16930926657948941,-0.2451187204315463,,,0.10124149271051078,0.08837081977452105,-0.22059115492029027,0.24511872043154637,-0.4933649139138626,,-0.11598670095405886,,,-0.3817895573071105,-0.22859320865441934,,,-0.12432355629948585,-0.3785489167692382,-0.254087691381817,,,,,,,,,0.2566007617557614,-0.1972579214972697,-0.07553664620376419,-0.35206395823006964,,-0.5904118014053991,,-0.1824139314839415,0.31908284855365304,-0.15186223906576612,,-0.19404619436181225,-0.6385978999869599,0.27241147899249735,-0.2249190188099298,0.4107431448506106,,-0.16451742565458,-0.12627032634943422,-0.18778799202085722,,-0.22645022567221015,-0.22645022567221015,-0.33270788439100596,-0.5631807036186545,-0.21605796053063742,-0.4718108690440451,-0.46147881099054733,-0.0018666302304002208,-0.02762163388893875,0.4036106325578026,,,,,-0.42185843207044155,-0.3190828485536531,-0.36100956425964936,-0.505081305397737,,0.12627032634943425,,-0.3925519380313654,-0.4503888550256175,,,-0.5151899435904508,-0.4623358774140959,,,,,,-0.16930926657948941,,,-0.4663812145041639,-0.3995097477306472
IRI_Q5,-0.03756017713279064,0.20317144429331113,0.044577162764223806,-0.264370151343453,1.0,0.2343286114535098,-0.33426591857220367,0.11661365194411419,0.16095366127681962,-0.19319627830274183,0.25908439418394713,-0.26331997459711537,-0.10495136512481702,-0.14964637104546508,-0.053366961483724246,0.44055529748280015,0.0816912189279667,-0.2033650159362526,0.18690418061809327,0.22924550458028692,0.23895394105734422,0.3849910811038203,0.4732806665967494,-0.17697704247433155,0.170792560259322,0.4962270612237369,0.011282745731581167,-0.04333866592245075,0.39707223500701705,-0.11283101305178714,,,-0.0053868646311151375,0.16574694310522634,0.039804519294248344,-0.3421327492538062,0.36553273466663505,,-0.18925714780100308,,,0.3044571508103094,0.015363794399174763,,,0.17987990452658992,0.14470334833468856,0.08111709702780685,,,,,,,,,-0.26610057147017485,0.10795591218749441,0.06594702211572541,0.29802704893616033,,0.19195289545714445,,0.021838260590668485,-0.12265582128489008,0.30435785165800694,,-0.1131241572534185,0.35755035616092035,-0.24716919075592822,0.015116851378922509,-0.3815688116528948,,0.03232118778669102,0.015116851378922512,0.3420734783235522,,0.010579592113099556,0.18690612733142545,0.1993283112567796,0.30609651764766993,0.02114597761871697,0.21909073465511714,0.19851229150394414,-0.07985311570422171,0.015116851378922509,-0.3831653408503145,,,,,0.33729002603425007,0.22660143254327156,0.24330922313667425,0.312414928497732,,-0.015116851378922547,,0.41376017226822664,0.42295794141934584,,,0.27769814864303977,0.35588572358232107,,,,,,0.39707223500701705,,,0.3312075587796567,0.1892571478010031
IRI_Q6,0.17878330548357885,0.2726077572046489,0.19702760155977522,-0.16451742565457997,0.2343286114535098,0.9999999999999999,-0.19325508811395248,-0.18191410441841593,0.22249631695757716,0.3964594046353416,0.02904322636053553,-0.1466722542875486,-0.16405402304801492,-0.08561001895502739,0.060022483545561646,0.09629111081495542,0.601047538321617,-0.14164462107281653,0.14120273462506558,0.20288401752355814,-0.0015486185979114997,0.20012608273541005,0.3354875960021669,0.36830701205527605,0.030024028838453874,-0.04889489116987228,0.22920495696252222,-0.22347913185447366,-0.0045943153868330255,-0.07239256335987604,,,0.011904761904761887,0.06234796863885496,0.48719876576469,-0.1286978904175574,0.14448690781050175,,0.23640271442232497,,,0.32732683535398865,0.5966095625058359,,,0.7371159775491513,0.26004802499023877,0.6014073026769925,,,,,,,,,-0.27459557632390785,-0.051458081713851966,0.6808467616262992,0.2854804908919795,,0.19602412317154533,,-0.028152663528840695,-0.2343100847284877,0.11607142857142858,,0.07142857142857141,0.2816702946463676,-0.06069270278805862,-0.08908708063747482,-0.23879710430417078,,0.03273809523809524,0.18931004635463383,0.25718537063527674,,0.13248943335756683,0.13248943335756683,0.22254029131193823,0.37435244296357284,-0.12461810770353374,0.19669894811736074,0.14164449091187614,-0.10008876069649386,-0.2282856441335292,-0.20232809414893596,,,,,0.22915058369986754,0.11945220005766041,0.2169682590588144,0.25612535683274007,,-0.05011148285857957,,0.21760817155274886,0.2555194289509676,,,0.2949984525791398,0.21367168418940924,,,,,,-0.004594315386833053,,,0.1745949755388324,0.21821789023599233
IRI_Q7,-0.029439720813329677,-0.13460084488849694,0.1766393125221717,0.21232547462969867,-0.33426591857220367,-0.19325508811395248,0.9999999999999998,-0.14108557764909913,-0.2575895416177479,-0.04687042303372438,-0.1509132649008216,0.46328097041744654,0.05651265937582539,-0.003604750659132447,0.2516593091662127,-0.004110808039004099,-0.03552867211010488,0.21769256075822424,-0.24236546484721616,-0.24422185715622055,0.1808845875716866,-0.02835163499074464,-0.11542213777848723,0.06922262460929515,-0.10107668888263854,-0.35426062528159963,0.12675586323215077,-0.22079790609997246,0.007060969021735419,0.03399598590106179,,,-0.0640371889608363,0.053899946762183806,0.0311988394247597,0.35232203570191306,-0.22206085002787296,,0.05589624108670914,,,-0.06637678629046713,-0.07827406683810632,,,-0.29805807691253317,-0.26464361553873017,-0.07998736102051873,,,,,,,,,0.2352876562743551,-0.010784392043799579,-0.16882622819775017,0.07945917490720375,,-0.24242660307958233,,-0.11125959022165674,0.18358519456512057,-0.17838931210518694,,0.16466705732786482,-0.26529305657893376,0.2660154986023776,-0.07701596392614168,0.17585679585370742,,-0.10749099575568952,-0.07701596392614167,-0.24554420191661513,,-0.05389994676218381,-0.20362202110158334,-0.16632504373415224,-0.27252922503420773,-0.10773260969786609,0.017440681443215783,-0.06651711021842537,0.15382566915785528,0.02995065263794397,0.36854108151754794,,,,,-0.20037817429773264,-0.2718473073368132,-0.33345689769247167,-0.3080638557045668,,0.1839825804902274,,-0.2922130544240203,-0.26683862634141525,,,-0.25097872336281657,-0.06637678629046714,,,,,,0.007060969021735447,,,-0.2683337145646274,-0.26550714516186835
IRI_Q8,-0.0686600992375753,-0.06143424181355125,-0.24160230156995588,0.10027172426048792,0.11661365194411419,-0.18191410441841593,-0.14108557764909913,0.9999999999999997,0.2642724044455944,-0.06903943968922749,0.36161749643151786,0.04689520010125681,-0.009604882057614922,0.22831900873846814,-0.20620400634265432,0.16954446383812266,-0.11712670446480944,0.01446577088457393,0.09634538906212792,-0.19513310630555125,0.35320871545830057,-0.055049301256240746,0.11292973881839104,-0.3026649999830179,0.05016759224669061,-0.03557868135121295,-0.10420995974558583,0.4155742848590081,0.007800527177440578,-0.21851164044126092,,,-0.020212678268712838,0.44548756878955903,-0.08042200056007813,-0.00910465168505254,0.15735124256094563,,-0.09262612816416571,,,-0.16981456830097058,-0.05215795965797547,,,-0.09017526684666939,0.00596657342348,-0.08836514953849176,,,,,,,,,0.15678403562906407,0.21974595732879976,-0.10956628583154703,-0.039438128920423775,,-0.05113678927433267,,-0.009104651685052537,-0.12220825911323568,0.09769461163211224,,-0.0875882724977558,0.12132294683934285,-0.08778164179062067,0.15125783390122935,-0.33364764494533294,,-0.18191410441841588,-0.006302409745884557,0.004410768007817412,,-0.004410768007817409,-0.004410768007817414,-0.011214529129324968,-0.07805612819952418,-0.008816030011135671,0.09419617435845092,0.12136000451702336,-0.0163974492323133,-0.006302409745884557,-0.29263307562330715,,,,,0.13267027106144438,-0.007800527177440581,0.16550531937889543,0.1638626533929985,,0.16386265339299852,,0.15923255710601128,0.15326452593609283,,,0.28173799135520206,0.02315653204104138,,,,,,0.13780931346811687,,,0.08361091360871278,0.09262612816416571
IRI_Q9,0.22296967241490304,0.28635610763953956,-0.048452433126670226,-0.41080053845272624,0.16095366127681962,0.22249631695757716,-0.2575895416177479,0.2642724044455944,1.0,0.059997600143990415,0.2190281588512177,-0.25904242273925115,-0.11963984960784717,-0.22264223528764948,-0.01346576308744174,0.14733985376729736,0.06605330104592441,-0.36980404974383324,0.22651828910180555,0.25148190307102375,0.18508416329268546,0.08413188320308654,-0.08519824403709977,-0.021872105287178173,0.08578829179870062,0.14085355621164142,0.18772741187142633,0.23553134410024973,-0.01581748243360504,-0.051429619781222215,,,-0.017565498707177163,-0.07282901530764173,0.16307533480728015,-0.2452797251104443,0.36285488808195254,,-0.0804952274452882,,,0.40024015868629426,0.23498484006444703,,,0.18285247481963604,0.3335782030479072,0.12229883763444392,,,,,,,,,-0.07888193300185295,0.34051883456725396,0.09735649871426716,0.2642342625209122,,0.2794421896603556,,0.0514296197812222,-0.24178151719939117,0.43620988456156573,,-0.017565498707177163,0.4487063398701956,-0.04311772484650868,0.10406312348428935,-0.3633563784080329,,-0.21664115072185142,-0.032862038995038784,0.11882628813352071,,0.07282901530764174,0.07282901530764174,0.26013799405983373,0.3197860586360235,0.036118156960995185,0.3795311069023145,0.31833295827477903,0.07643147532662256,-0.03286203899503875,-0.401732937413281,,,,,0.4002936589140063,0.12879949981649813,0.3603475306833396,0.4710225589288886,,-0.2409882859636175,,0.3978380703218036,0.4232069626173523,,,0.4002936589140063,0.5120390856936391,,,,,,0.09716453494928806,,,0.2708262533876016,0.2593735106570398
IRI_Q10,-0.026171196129510674,0.05055924464243809,0.026919095102908297,-0.06483853695480384,-0.19319627830274183,0.3964594046353416,-0.04687042303372438,-0.06903943968922749,0.059997600143990415,1.0,0.3117761539629812,0.0390374900887485,-0.06956083436402524,-0.04806803557835802,-0.21580611710245276,-0.021926450482675733,0.42864170743763247,0.21825946742799315,-0.10817925007266585,-0.02403401778917902,-3.469446951953614e-18,0.022912649349431352,0.022468790057675492,0.46737137080967206,0.029300451933655963,-0.14314958357846702,0.11792394523726463,0.02617119612951068,-0.18831089428867734,0.0,,,-0.14638501094227996,1.734723475976807e-18,0.2773500981126146,-0.08242255917447339,0.04486515850484714,,0.3726779962499649,,,0.0,0.3230673763230648,,,0.395800408598166,-1.3877787807814457e-17,0.4029386436689807,,,,,,,,,1.3877787807814457e-17,-0.1917412472118426,0.40121041028708926,1.3877787807814457e-17,,0.0941554471443387,,0.08242255917447339,-0.28246634143301597,0.06099375455928331,,0.09759000729485329,0.05108427684025954,-0.1382033638493902,0.11410886614690963,-0.050977961892886614,,0.12198750911856664,0.2282177322938192,1.734723475976807e-18,,0.15971914124998499,0.15971914124998499,-0.03123780011665394,0.05383819020581655,0.09121111529894006,0.12403473458920847,-0.12095201038695055,0.1619375689078239,0.0,-0.1535737792084878,,,,,-0.05397918963594131,0.0941554471443387,0.12888481555661674,0.04564354645876385,,0.22821773229381923,,-0.045046873134777954,0.0,,,0.16193756890782393,0.0,,,,,,-0.09415544714433867,,,-6.938893903907228e-18,0.22360679774997894
IRI_Q11,-0.005934221726450667,0.03209953975076357,-0.2441522018719553,-0.252872644728809,0.25908439418394713,0.02904322636053553,-0.1509132649008216,0.36161749643151786,0.2190281588512177,0.3117761539629812,0.9999999999999997,-0.1743766420717736,-0.06309064554028149,-0.15149955994934491,-0.48835370756002683,0.41762627616732,0.18210883681683765,-0.19201935825770772,0.06254957224869169,-0.0392372961019886,0.1899823431698155,0.1007899514258917,0.23741371301431413,-0.09113826449350074,0.17008048338855478,0.22071873523242047,0.06862963166493578,0.2670399776902811,0.24338314495470842,-0.08970724712449235,,,-0.022128172465169932,0.31869836526841894,0.03773286409780644,-0.28407294922755916,0.5859652844926927,,-0.01690067088544644,,,0.19435771518263428,0.11946090775336637,,,0.14060249864476349,0.02286202619710786,0.17198088296888117,,,,,,,,,-0.1897095601798981,0.1717326378301857,0.27089729905446885,0.23189454401327236,,0.18360482865004324,,0.08970724712449238,-0.18360482865004313,0.28213419893091657,,-0.022128172465169932,0.4262606723589063,-0.33635154582105264,0.06209702997008308,-0.29591203646064834,,0.1327690347910195,-0.06727178246759,0.13761974863863544,,0.04345886799114804,0.22453748462093148,0.1104956642812377,0.21973698168475977,0.19027239758873718,0.3023374759719692,0.17552268852379457,0.1003645657728029,0.06209702997008308,-0.4596541654193507,,,,,0.3451561896089076,0.2903518220512311,0.26886221913158226,0.4036306948055401,,0.19664059490526312,,0.4739394150010913,0.5196044595751543,,,0.46755200152695997,0.24717231169965448,,,,,,0.2433831449547084,,,0.34637474151046055,0.2704107341671433
IRI_Q12,-0.09603583409454786,-0.13579097359971665,0.13661100807612184,0.3152105222206839,-0.26331997459711537,-0.1466722542875486,0.46328097041744654,0.04689520010125681,-0.25904242273925115,0.0390374900887485,-0.1743766420717736,1.0,0.20094554827175268,0.2146665049072271,0.2871079536868605,-0.14037638931741775,0.07256879704375764,0.44714543828010006,-0.15751963081399373,-0.2709601687814999,-0.005451345138895197,-0.1363145338553342,-0.11718392260280569,0.0740747213383343,-0.24889438378561402,-0.4850557990732701,-0.13687605734452826,-0.19411498380812864,-0.016172606272674736,-0.06177734086776558,,,0.0038096689425337546,0.03242217884635451,-0.04980443784844923,0.319182927816789,-0.2094702123833868,,0.13384540498110442,,,-0.15712286671694875,0.0046566422773697165,,,-0.04480805813054317,-0.4059715178609885,0.053666080699934865,,,,,,,,,0.4137073615840298,-0.10628837793443949,0.13434727782717326,-0.038125461288616054,,-0.2778747805032296,,-0.13127684934400188,0.20436293380925347,-0.2819155017474961,,0.04190635836787104,-0.34459809710558675,0.0740928775986312,-0.13541752142994873,0.1345274937125396,,-0.099051392505877,-0.04632704680498245,-0.21697919689483394,,0.21697919689483397,-0.1571228667169487,-0.2531568468642433,-0.3215612959330252,0.07762223560636033,0.014526014166560339,-0.11520857492335283,0.09018867704162223,-0.046327046804982445,0.19903847814026734,,,,,-0.20482101421602064,-0.20436293380925352,-0.2928239711151094,-0.22094437706991638,,0.13541752142994873,,-0.2011743291876038,-0.20127835654358214,,,-0.20482101421602067,-0.08438079879243543,,,,,,-0.016172606272674722,,,-0.29870309138088125,-0.25023271366032573
IRI_Q13,0.03640980478146622,-0.3610728395266678,0.21221833444405583,0.4289722951631252,-0.10495136512481702,-0.16405402304801492,0.05651265937582539,-0.009604882057614922,-0.11963984960784717,-0.06956083436402524,-0.06309064554028149,0.20094554827175268,1.0,0.20507736321230774,0.14411187423846866,-0.08134518347820843,0.03347837171939044,0.3684240720679063,0.4188938318733907,-0.42798754061699,0.23254110201659278,-0.38464261883847706,0.1375394049534578,-0.16688847822507902,-0.33697642877969014,-0.2257057013785011,-0.4301959051643583,-0.18204902390733113,-0.18338688097178615,-0.29049135398746034,,,0.2941658344309233,-0.10369516947304253,-0.19292704235657732,0.13760116767827074,-0.16228460869251327,,0.03456505649101421,,,-0.24195539543709926,-0.15673362719921707,,,-0.052005279253675485,-0.3406592457632693,-0.054958329904162675,,,,,,,,,0.10161689917017708,0.08002608682832758,-0.15298009527685993,-0.1409986057520853,,-0.3114666073647797,,-0.015289018630918999,0.1659214637363779,-0.09051256444028409,,-0.11314070555035508,-0.34113263230956514,0.14099860575208534,-0.2751669418337461,0.18439561729922715,,0.033942211665106525,0.04233337566673015,-0.10369516947304253,,-0.19257674330707897,0.25183112586310336,-0.0840198610060289,-0.411953237450226,-0.08882609796854612,-0.3451183851258305,-0.34775894076826447,-0.015019349877480069,0.042333375666730164,0.2706289121938681,,,,,-0.11514834906068064,0.2707139671488271,-0.06574579225112623,-0.21166687833365086,,-0.14816681483355562,,-0.15040790787578623,-0.24076548267024703,,,-0.16521284865228092,-0.2419553954370993,,,,,,-0.18338688097178615,,,-0.11487593716012252,0.10369516947304258
IRI_Q14,-0.18618370202886278,-0.2323351093194967,-0.15527376253725575,0.3357682893017721,-0.14964637104546508,-0.08561001895502739,-0.003604750659132447,0.22831900873846814,-0.22264223528764948,-0.04806803557835802,-0.15149955994934491,0.2146665049072271,0.20507736321230774,0.9999999999999997,-0.031535063389320314,-0.07166937532976864,-0.18565256743177985,0.2912385947550288,0.06447955411252904,-0.399260628465804,-0.20259259378818018,-0.29604719266023727,0.14774818606563625,-0.1410841167128195,-0.18478406978037346,-0.23119888768962343,-0.34085812669833804,0.025159959733630125,-0.05793110250534757,-0.19967928154563833,,,0.00938191988548244,0.1719734321569391,-0.12265140433039184,-0.03803414886583589,-0.37783282217398895,,0.1146489547712927,,,-0.4854666678596927,-0.19399572124791892,,,-0.24986623867451868,-0.11354727153600573,-0.209635194529339,,,,,,,,,0.27194084557071646,-0.28018540282165477,-0.15771168510222597,-0.34190151803688545,,-0.2739658389315396,,-0.0380341488658359,-0.05793110250534751,-0.060982479255635935,,-0.13134687839675435,-0.4508336256093596,0.03188718821069393,0.0833718333738873,0.12546101688214795,,-0.056291519312894715,-0.02632794738122754,0.1719734321569391,,-0.018425724873957754,-0.1719734321569391,-0.3471559757261767,-0.45546970344261684,-0.08067184009009346,-0.2623326655481957,-0.2682157648452851,-0.12039285540708715,-0.026327947381227575,0.22441249244005326,,,,,-0.22417979972354157,-0.21362094048846914,-0.052040015157358746,-0.32471135103514,,0.026327947381227568,,-0.28755379223121874,-0.3493856877217161,,,-0.22417979972354157,-0.4406819199021565,,,,,,0.03258624515925802,,,-0.3122348760522037,-0.18630455150335068
IRI_Q15,0.17169628818574786,-0.04277109753807683,0.44150720964534185,0.1783584076169603,-0.053366961483724246,0.060022483545561646,0.2516593091662127,-0.20620400634265432,-0.01346576308744174,-0.21580611710245276,-0.48835370756002683,0.2871079536868605,0.14411187423846866,-0.031535063389320314,1.0,0.030283917699234886,0.1176255063499152,0.11455140294953023,0.06256659367675581,-0.05145194552994366,-0.19834964340658723,-0.06012742904575072,-0.010861541237875194,0.2323851281954749,-0.22662408871959264,-0.10874179640509508,0.07397091338989714,-0.3614658698647323,0.061770737214885435,-0.09391690417343647,,,0.26115045472454895,-0.148903348464421,0.3208166239489386,0.30736441365851946,-0.27729751061935504,,0.16728647790447293,,,0.06273242921417736,0.1947867192937102,,,0.1400824848965005,-0.13925738819925365,0.13913059859317045,,,,,,,,,0.20978928478724554,-0.011586101533767323,-0.0338638317737431,0.019088084046614037,,-0.0888631658179054,,-0.2618289449683684,0.30560259464206485,-0.08634813422343954,,0.17690837255533962,-0.21519432487131937,0.41834717535495697,-0.27974444551025507,0.3062777514269944,,-0.2822109752668513,0.015760250451281974,-0.148903348464421,,-0.1268435931363586,-0.12684359313635862,-0.025886624063990928,-0.10689121917729327,-0.21416101292622236,-0.15525123585367617,-0.09466391961489852,-0.05218769615211917,0.015760250451281974,0.4136141690270696,,,,,-0.331764639824186,-0.22432530883300505,-0.1913612253993261,-0.1733627549641017,,-0.21276338109230664,,-0.20376035072413476,-0.19008662354988737,,,-0.28516848254550825,-0.05790685773616372,,,,,,0.06177073721488543,,,-0.3872793858125392,-0.23162743094465488
IRI_Q16,-0.02295365744024444,0.1729392247586495,0.02360960823249431,-0.280544650061973,0.44055529748280015,0.09629111081495542,-0.004110808039004099,0.16954446383812266,0.14733985376729736,-0.021926450482675733,0.41762627616732,-0.14037638931741775,-0.08134518347820843,-0.07166937532976864,0.030283917699234886,1.0,0.15433476031355461,-0.27565375132425995,-0.03320781757959822,0.2613824276732739,0.14474407100762854,0.04421059028207522,0.547838823617047,-0.032792944701051374,0.07195494974565272,0.4017615687614603,-0.08274091347093268,0.04590731488048888,0.4294149078927831,-0.17349447958987202,,,0.042796049251091275,0.3361990888083155,0.072975638311578,-0.18795235288902812,0.3462742540765828,,0.19611613513818404,,,0.1716016182459111,0.10026189481775993,,,0.15621296508270915,0.012632950799338197,0.1247296124889095,,,,,,,,,-0.1485070185356051,-0.025225229774861718,0.05473763676449528,0.2262630879773877,,0.17617021862268023,,-0.04337361989746806,-0.06606383198350506,0.49215456638754984,,-0.04279604925109132,0.30914673517642477,-0.2666672108304926,-0.0800640769025436,-0.30403228594537357,,0.0427960492510913,-0.08006407690254355,0.19611613513818404,,0.08404977220207888,0.22413272587221034,0.13150734286954271,0.18887686585995422,0.16799462425803424,0.2447677319491896,0.09193767323969107,0.12309149097933271,0.12009611535381534,-0.35020209798623747,,,,,0.2651201344170243,0.23122341194226784,0.18086313768134094,0.28022426915890253,,0.08006407690254355,,0.2844627935584563,0.3375899324989637,,,0.2651201344170243,0.2941742027072761,,,,,,0.4294149078927831,,,0.15691147861521199,0.13074409009212268
IRI_Q17,0.27868038125628564,0.13961202296398406,0.21862699365953592,-0.22077972873606838,0.0816912189279667,0.601047538321617,-0.03552867211010488,-0.11712670446480944,0.06605330104592441,0.42864170743763247,0.18210883681683765,0.07256879704375764,0.03347837171939044,-0.18565256743177985,0.1176255063499152,0.15433476031355461,1.0,-0.0740562561143558,0.07419222153675217,0.1422757993402426,0.1225783303137149,0.2042833964924481,0.27007521330092177,0.4124789377236117,-0.07614959946767437,-0.10851010698149591,0.35613550680154454,-0.16531887023677957,0.10875675386207148,-0.07140327712860747,,,0.07045245870436534,-0.03459147052591121,0.6307099482625782,-0.15173196389829086,0.18299889098909297,,0.4573761102870483,,,0.23877723404691498,0.812715903060018,,,0.6774356794125708,0.08318734650320171,0.9710613489727993,,,,,,,,,-0.2408825525346519,-0.07959287573033368,0.6179050093845055,0.22615025168133812,,0.17446395932040631,,-0.22611037757392366,-0.1461418880021585,0.2245672121201646,,0.15851803208482204,0.24708868385982508,-0.01829156447422592,0.049426680473920265,-0.1895311077581575,,0.16071967141933347,0.0494266804739202,0.10953965666538552,,0.17872259771720797,0.1787225977172079,0.257084620389082,0.2720691476652002,0.15144899849728907,0.15670114648894448,0.17609134670269436,-0.01753596531409234,-0.15651782150074747,-0.1441289516106931,,,,,0.07988606420864297,0.2311081019569019,0.09769714151262514,0.2800845226855482,,-0.04942668047392025,,0.1739839698381715,0.2924166480088649,,,0.32344113801548124,0.19673898861612013,,,,,,0.023790539907328156,,,0.2136054367238031,0.28249700929494154
IRI_Q18,-0.21477538597718904,-0.4361045361403806,0.023501389443217058,0.6105954270161964,-0.2033650159362526,-0.14164462107281653,0.21769256075822424,0.01446577088457393,-0.36980404974383324,0.21825946742799315,-0.19201935825770772,0.44714543828010006,0.3684240720679063,0.2912385947550288,0.11455140294953023,-0.27565375132425995,-0.0740562561143558,0.9999999999999996,0.04911118265584906,-0.5010646716678737,0.0709319931647962,-0.2848514146233856,-0.02667790226546362,0.002448197435616195,-0.3008255526600229,-0.3849230230923026,-0.2546347863132528,-0.22848445316722227,-0.28277237222855056,-0.2820754206733336,,,0.1789195213551366,0.07250924659113851,-0.1598105116216248,0.21011740519544242,-0.3901230647574027,,-0.15617376188860602,,,-0.3513909642493636,-0.16315510815914658,,,-0.12900486500670388,-0.4049164634517267,-0.10760350673445127,,,,,,,,,0.36000054442467533,-0.15400558040160428,-0.049816445426248065,-0.36679658190078474,,-0.48443949040705175,,0.13815938971755115,0.29263652474815105,-0.3109791680696423,,-0.11927968090342442,-0.5922681892731099,0.16570196463061765,-0.20322757728893906,0.30085847287179324,,-0.0617698347535591,0.09563650695950068,-0.20637247106708653,,-0.07250924659113853,-0.211950105420251,-0.4298032917009118,-0.5781341803031388,-0.10511260028892447,-0.3465184654593679,-0.39844771989901123,0.10744699894107301,-0.10360621587279248,0.28424053709284536,,,,,-0.45806352180141646,-0.21043525375147945,-0.26104947356330455,-0.41442486349116986,,0.20322757728893906,,-0.37125279093880786,-0.48921540370859745,,,-0.5051893985299571,-0.43273146523301265,,,,,,-0.1183698302352072,,,-0.3676525205020163,-0.29933304361982815
IRI_Q19,0.2010138063264536,0.0010938922339318556,0.07280218802168473,0.05985437272387848,0.18690418061809327,0.14120273462506558,-0.24236546484721616,0.09634538906212792,0.22651828910180555,-0.10817925007266585,0.06254957224869169,-0.15751963081399373,0.4188938318733907,0.06447955411252904,0.06256659367675581,-0.03320781757959822,0.07419222153675217,0.04911118265584906,0.9999999999999998,-0.03847973390586411,0.1462590274749564,-0.038171567646511306,0.035001458762104844,-0.40397347635299696,-0.0938231471424036,0.0030971629199465778,-0.26874586478635054,0.014155901853975604,-0.2790872391478717,-0.2068607268610953,,,0.5648109385002622,0.07256884707522895,-0.0030003525621402974,0.028532514049806244,0.16210620532828462,,-0.07256884707522894,,,0.028221218307033502,0.0021507191688352467,,,0.05066724646704844,0.02025647160930348,0.03333322375684099,,,,,,,,,-0.11421405891715114,0.1410484854533484,-0.06655071666951265,-0.0009967157505831117,,0.007469488152376146,,0.20686072686109533,-0.07537392590125001,0.08973631733181733,,0.036950248313101286,0.034262804306319124,0.050832503279739136,0.019750738506263812,-0.029779691514149213,,-0.08973631733181733,0.14319285417041272,-0.10021412215150667,,-0.24535181630196456,0.1002141221515067,0.15341939329049137,-0.03203296272954126,-0.0957113554979087,0.04025395371246818,-0.009595298370857222,-0.21138730280733772,0.0197507385062638,-0.1295852708716751,,,,,0.19737267499690653,0.2790872391478717,0.28303605266117376,0.27651033908769357,,-0.14319285417041272,,0.18322994946433874,0.052291419776640535,,,0.19737267499690653,-0.12296387976636018,,,,,,-0.07537392590125006,,,0.2590456199690926,0.31446500399265875
IRI_Q20,0.13586378256160256,0.49966630205113505,0.025878960422875963,-0.3357682893017721,0.22924550458028692,0.20288401752355814,-0.24422185715622055,-0.19513310630555125,0.25148190307102375,-0.02403401778917902,-0.0392372961019886,-0.2709601687814999,-0.42798754061699,-0.399260628465804,-0.05145194552994366,0.2613824276732739,0.1422757993402426,-0.5010646716678737,-0.03847973390586411,0.9999999999999999,-0.10251673420606708,0.36212915530761175,0.0682579339133641,0.1635497403932048,0.04394255317947904,0.3688172732191612,0.13301780554081483,1.3877787807814457e-17,0.32948314549916424,0.12044147140848026,,,-0.009381919885482471,-0.1719734321569391,0.14931475309786832,-0.12044147140848031,0.2915696207644024,,0.10031783542488115,,,0.3958971719446203,0.14621352389621475,,,0.2815751522118942,0.18278341271649698,0.16406232615339578,,,,,,,,,-0.2719408455707164,-0.1345627263551368,0.24342455744039238,0.25332599522940213,,0.4248280850392156,,-0.0412036612713222,-0.21362094048846914,0.3541674756769626,,0.037527679541929815,0.4017232088763138,-0.29761375663314377,0.13602772813634242,-0.32149385576050415,,0.05629151931289474,-0.19307161412900214,0.13512198240902354,,0.018425724873957754,0.018425724873957768,0.19700200698648088,0.5589855451341207,0.08067184009009347,0.292143195724127,0.4232537792067215,0.06849938324885994,0.026327947381227575,-0.40158024962956895,,,,,0.3798602161982233,0.12310359282386359,0.29984961114478137,0.41247117563923186,,-0.24572750889145734,,0.28755379223121874,0.3924134817761146,,,0.22417979972354157,0.48546666785969284,,,,,,0.14844845016995312,,,0.3122348760522037,0.18630455150335065
IRI_Q21,-0.07641533391555697,-0.05519860920124196,-0.1196072783663255,-0.11194410336315705,0.23895394105734422,-0.0015486185979114997,0.1808845875716866,0.35320871545830057,0.18508416329268546,-3.469446951953614e-18,0.1899823431698155,-0.005451345138895197,0.23254110201659278,-0.20259259378818018,-0.19834964340658723,0.14474407100762854,0.1225783303137149,0.0709319931647962,0.1462590274749564,-0.10251673420606708,1.0,0.09366132289741236,0.0878535893834509,-0.2331759545410972,0.34518459234824894,0.02544176470366348,0.11277641683150152,0.249180436681164,-0.021515282972227122,-0.1297468692448046,,,0.11769501344127253,0.3933578336639641,-0.024646512271728746,0.025112297273187985,0.24946660916405028,,-0.12300880709079287,,,0.17268544072361316,-0.0138813446131716,,,0.03935971570301704,0.1663975702057111,0.06318855160397047,,,,,,,,,-0.05310655519494418,0.36755437993811046,-0.03735104237525512,0.40119044578940266,,-0.018327833643008273,,0.02511229727318799,-0.1410446328179333,0.04026408354569852,,0.0557502695248133,0.1841767041251513,0.06667013239065875,0.1622432060527879,-0.37405840167665444,,0.03716684634987555,0.017383200648512988,-0.012165706195792696,,0.012165706195792695,0.21492747612567112,0.03093172578329223,0.01025205243139933,0.024316225822504773,0.21257206784177807,0.27945609517732206,0.18227919591764644,0.01738320064851298,-0.08968173682866382,,,,,0.3193312229233957,0.2605739826636395,0.1161687216167466,0.18542080691747193,,0.2723368101600369,,0.2470458167391213,0.2022748168993979,,,0.18227919591764646,0.23182429028649437,,,,,,-0.02151528297222712,,,0.38086287324346957,0.3122531256920127
IRI_Q22,0.04077629791800577,0.3910914519285872,-0.012335755737938624,-0.3502107820887466,0.3849910811038203,0.20012608273541005,-0.02835163499074464,-0.055049301256240746,0.08413188320308654,0.022912649349431352,0.1007899514258917,-0.1363145338553342,-0.38464261883847706,-0.29604719266023727,-0.06012742904575072,0.04421059028207522,0.2042833964924481,-0.2848514146233856,-0.038171567646511306,0.36212915530761175,0.09366132289741236,0.9999999999999998,0.11696699219431361,0.1272195500636617,0.34588002537808615,0.254523050132721,0.28676696075598623,0.22786754718885566,0.19157274613443465,0.14805990503284108,,,0.040248821108797524,0.10832382486445466,0.16014160373613467,-0.07251913715894256,0.28701191683603866,,-0.15711834056916396,,,0.3552240743302838,0.2222976492828556,,,0.2037465148953713,0.2785442747428685,0.24112835189205462,,,,,,,,,-0.02921157761929323,0.12476971895452721,0.21000425917210083,0.2980831042191765,,0.5275441687846145,,0.003021630714955967,-0.3261914326072806,-0.004472091234310832,,0.2638533828243394,0.45133559283991076,-0.08697608989964634,0.15896381541126833,-0.3448054568261931,,0.11627437209208179,0.05438235790385494,0.10832382486445466,,0.18444326936380118,0.18444326936380126,0.1540274116640152,0.5255031944361853,0.1596674662433986,0.4660821584499396,0.39389851309918694,0.042546134803740455,-0.05019909960355844,-0.20549687769263036,,,,,0.28990738366269664,0.1536033730267089,0.34373997693065333,0.468524929633212,,0.05019909960355845,,0.3600115510988092,0.44137759417472033,,,0.38885188320627906,0.3552240743302838,,,,,,0.19157274613443465,,,0.22451137060125276,0.22543066255575694
IRI_Q23,-0.16935411208096074,-0.24265067939461915,0.0967743194255754,0.04817295755628152,0.4732806665967494,0.3354875960021669,-0.11542213777848723,0.11292973881839104,-0.08519824403709977,0.022468790057675492,0.23741371301431413,-0.11718392260280569,0.1375394049534578,0.14774818606563625,-0.010861541237875194,0.547838823617047,0.27007521330092177,-0.02667790226546362,0.035001458762104844,0.0682579339133641,0.0878535893834509,0.11696699219431361,0.9999999999999997,0.15037817508276827,-0.0705746593714975,0.020584946817716776,-0.23175241194808677,-0.14112842673413395,0.17601450669276913,-0.26371556936251883,,,0.026312752627620943,0.33877288851735937,0.07976603042519084,-0.03259405913469336,0.19032282820363156,,0.18756916991356612,,,0.020096696776453524,0.2376463005687553,,,0.18853491325332855,-0.12427603581427919,0.2428479981511537,,,,,,,,,-0.04296854511049904,-0.053421603479596874,0.15865893960742228,0.11758593498632025,,-0.06318469471022481,,-0.1066714662589964,-0.07785257026795558,0.10305828112484865,,-0.01754183508508062,-0.024792520857954456,-0.034778938517080644,-0.17639550521359218,-0.152110862779479,,0.11621465743865916,0.028715547360352207,0.19522505439983417,,0.09187061383521607,0.23541844795274117,-0.07524106139180285,-0.06774202359790275,0.1016504086686845,0.016721462468066557,-0.13624461913236724,-0.04657332784947528,0.028715547360352235,-0.06073085925982804,,,,,0.14748220485667154,0.1624749292548638,0.14363593877324687,0.032817768411831115,,0.07383997892662,,0.165182673587915,0.18664672323886058,,,0.09896832168013486,0.061964815060731704,,,,,,0.09139214770586088,,,-0.009894929479892872,0.08038678710581404
IRI_Q24,0.022017002059400742,0.1313824857245465,0.2642055019632456,-0.08404219449006572,-0.17697704247433155,0.36830701205527605,0.06922262460929515,-0.3026649999830179,-0.021872105287178173,0.46737137080967206,-0.09113826449350074,0.0740747213383343,-0.16688847822507902,-0.1410841167128195,0.2323851281954749,-0.032792944701051374,0.4124789377236117,0.002448197435616195,-0.40397347635299696,0.1635497403932048,-0.2331759545410972,0.1272195500636617,0.15037817508276827,1.0,-0.09421604361276079,-0.2435306222727628,0.23956338607206626,-0.1100850102970038,0.10033267771438761,0.11710671117972535,,,-0.12314909381414806,-0.24186001892937917,0.4951693929975227,-0.040062822245695545,-0.11490842466337983,,0.20204767013441963,,,0.16721186493883006,0.4673796836652645,,,0.41251828835982357,-0.1252136083203312,0.4143083697362753,,,,,,,,,0.2011016280871993,-0.13083697954322648,0.3408592538246491,0.09559659750694008,,0.19303772495926041,,-0.04006282224569551,-0.07568956388980112,0.002280538774336066,,0.19612633459290235,0.008595118257715022,0.11971105453571779,-0.18772588451801725,0.18774604265597772,,0.05473293058406578,0.13226141863769397,0.05673259703281733,,0.09256371094828089,0.09256371094828089,-0.05664665543100447,0.17865324418467082,0.057123481747061854,0.023188113573188885,-0.05954441393122728,0.09183111339345627,-0.08106345013278016,0.11197054082618486,,,,,-0.16045216515999508,-0.012321556912293224,0.08071767771715199,-0.025598984252456936,,-0.02559898425245688,,-0.09937308096109941,0.005020373855055119,,,-0.05953885373861453,0.12366710844434306,,,,,,-0.07568956388980116,,,-0.21096916708874286,0.006967161039117889
IRI_Q25,-0.15950019784171426,0.24058077571350825,-0.4416953252097555,-0.38806549375666377,0.170792560259322,0.030024028838453874,-0.10107668888263854,0.05016759224669061,0.08578829179870062,0.029300451933655963,0.17008048338855478,-0.24889438378561402,-0.33697642877969014,-0.18478406978037346,-0.22662408871959264,0.07195494974565272,-0.07614959946767437,-0.3008255526600229,-0.0938231471424036,0.04394255317947904,0.34518459234824894,0.34588002537808615,-0.0705746593714975,-0.09421604361276079,1.0,0.22817250361722746,0.2552259451527145,0.5214429544825274,0.03089852811745937,0.4868676758414593,,,-0.0800640769025436,0.3294609486840315,-0.12352254492186016,-0.003864029173344906,0.2902569279949822,,-0.1048284836721918,,,0.3101175975302342,-0.02213592399931566,,,0.029379398146878313,0.5300788047850005,-0.07222668079692302,,,,,,,,,0.03735545431203503,0.3460752801739982,-0.03343828292806894,0.34771028487771655,,0.3369410923284848,,0.18933742949390087,-0.3001571302838903,0.00571886263589598,,0.3202563076101742,0.35084813812017157,0.030235676945888395,0.19793172778629725,-0.2461580226850909,,0.06576692031280365,0.1979317277862972,0.14226722784083176,,0.04492649300236792,0.2321202138455677,0.11422715127173023,0.3533562601678043,0.1966979798128965,0.4215757583564459,0.22870281416600008,0.10375392112827125,0.06419407387663695,-0.1871908952562767,,,,,0.29354767928974307,0.30015713028389035,0.20241414719523937,0.31027135707041187,,0.47075654176200427,,0.3315573077510213,0.37978305896840986,,,0.2302830932359191,0.3101175975302342,,,,,,0.2516023003850258,,,0.43871880797863283,0.3668996928526713
IRI_Q26,0.2847260829044281,0.25476122554456127,-0.16955211918878071,-0.2920613143093951,0.4962270612237369,-0.04889489116987228,-0.35426062528159963,-0.03557868135121295,0.14085355621164142,-0.14314958357846702,0.22071873523242047,-0.4850557990732701,-0.2257057013785011,-0.23119888768962343,-0.10874179640509508,0.4017615687614603,-0.10851010698149591,-0.3849230230923026,0.0030971629199465778,0.3688172732191612,0.02544176470366348,0.254523050132721,0.020584946817716776,-0.2435306222727628,0.22817250361722746,0.9999999999999999,0.139547646211727,0.1648414164183531,0.5067845706934024,0.05663402411182762,,,0.13969968905677813,-0.018290982847556557,-0.015881020420107084,-0.33980414467096576,0.3236904093603995,,-0.21339479988815988,,,0.22406453988256797,-0.1252225388979153,,,0.1473125255446379,0.3876362817725737,-0.09500317490404897,,,,,,,,,-0.4220379783446455,-0.1427279344045941,-0.005105164725328255,0.1635456996025842,,0.31988529639512625,,-0.05663402411182758,-0.24800096012655853,0.5029188806044012,,-0.3073393159249118,0.4329114230597445,-0.374572408767209,0.15681251204679503,-0.30941289830577684,,0.12572972015110032,-0.23521876807019237,0.1646188456280091,,0.018290982847556574,0.20120081132312226,0.36846627367716744,0.4161733834633708,0.03655913288375828,0.10653312363426526,0.23547352691023737,0.006181678814630456,0.02613541867446583,-0.3693315787100766,,,,,0.3152656195461546,0.2480009601265586,0.27305715361245486,0.2613541867446584,,-0.026135418674465838,,0.3198426800854726,0.28703232883665536,,,0.25344883139984975,0.22406453988256797,,,,,,0.2911315618876993,,,0.36248576037948543,0.29875271984342383
IRI_Q27,0.3127360175159065,0.279823366660163,0.0423254119566943,-0.3717662930110299,0.011282745731581167,0.22920495696252222,0.12675586323215077,-0.10420995974558583,0.18772741187142633,0.11792394523726463,0.06862963166493578,-0.13687605734452826,-0.4301959051643583,-0.34085812669833804,0.07397091338989714,-0.08274091347093268,0.35613550680154454,-0.2546347863132528,-0.26874586478635054,0.13301780554081483,0.11277641683150152,0.28676696075598623,-0.23175241194808677,0.23956338607206626,0.2552259451527145,0.139547646211727,0.9999999999999999,0.14402316596127274,0.18653345411969785,0.2825161801680619,,,-0.25318037087073575,-0.14565510045788763,0.5189386554645934,-0.08812431307994595,0.235611459892265,,0.07031625539346303,,,0.44387136217123513,0.39386829364323683,,,0.12550212957152157,0.3691516571214477,0.40248944089410543,,,,,,,,,-0.32260990058967953,-0.021103492046871872,0.21868803124163458,0.46936759421321983,,0.33161502954612954,,-0.21771889113869,-0.18357260564160732,0.13042625166068214,,0.13042625166068209,0.47148305409571584,-0.10720124065363663,0.20812206015746199,-0.3238206725562541,,0.013426231788599634,-0.15070907804505868,0.1054743830901945,,0.020090358683846572,-0.1054743830901945,0.37033309483171256,0.44018428434962087,0.04015563837802362,0.39979551681191683,0.36640417369076084,0.11712407764748421,-0.0610012934944285,-0.23663767214234996,,,,,0.15956033766468866,-0.03849103021517575,-0.04458257739939939,0.25835841950581495,,-0.028706491056201655,,0.19548546402412464,0.25193382204961995,,,0.24443285769909756,0.33400221311894923,,,,,,0.038491030215175755,,,0.26831531421041216,0.04687750359564197
IRI_Q28,-0.0025607627866125193,0.06332224801472092,-0.3819216138962277,-0.2994477010003284,0.057791007680938866,-0.2709486543820618,-0.11098390898860758,0.3924814797887519,0.2706328945350377,0.02446165217229948,0.37605873217141095,-0.2280352552102564,-0.1293195430621069,-0.10065049732865246,-0.347989977498315,0.13730744450057267,-0.05386125015466737,-0.2323527218792787,0.0269916805128851,0.030101083313241878,0.34593944508260815,0.26768584917023747,0.0035175918535889916,-0.0507610810316843,0.38875840030668835,0.19329247778024983,0.2315383930359885,0.8578555335151818,0.10502581959664964,0.2032321509466153,,,-0.08116523567392163,0.21566607313405575,-0.10583728942774903,-0.04193679305247619,0.31870700194099,,-0.15315416787780767,,,0.17503333471749455,-0.04571443741884468,,,-0.116828645225707,0.1508016302090754,-0.05334130207265898,,,,,,,,,0.16177954134381933,0.23826763097605227,-0.16662448669604743,0.19021974183356988,,0.29419513208652154,,-0.12258447199954577,-0.35561374003777846,0.2411084942078259,,0.10981178944118804,0.33389467284345664,-0.19021974183356988,0.25009970885412197,-0.35215426065089206,,0.0572931075345329,-0.08485525836121993,0.05938630999343565,,0.09689345314718449,0.25317321628780465,0.18522467594213254,0.23968873699694287,0.19366595325670724,0.3580231551069547,0.2138143754844345,0.20176020066451594,0.13844805311567462,-0.24343211036197376,,,,,0.3073938135778752,0.2634858281108929,0.2106027332995871,0.3751495632811829,,0.3081585698381145,,0.2926702022144932,0.3118088827620954,,,0.36021062003455473,0.22061493230017543,,,,,,0.10502581959664964,,,0.3851189152786154,0.3719458362746758
PANAS_Q1,0.003922292531398702,0.41622970429748835,-0.38781140544012266,-0.2767733767737787,0.4170276023429058,-0.09063663534029671,-0.2957986481734564,,0.3709605997585151,-0.19823763110846654,,-0.23442974360382474,0.24907451005818462,0.1528212993822327,0.0773947208281587,0.22122955559549562,-0.19232920743460624,-0.29716719268250846,0.4914956692047254,0.4465807103363835,0.27944785969957336,,0.5551302371484584,-0.46767388642787133,-0.390024706172735,0.513225957955109,-0.32403294758410545,,1.0,-0.19046304238234568,0.47733146790812825,-0.19046304238234565,0.2208891702551607,-0.06945221379583004,-0.08092254275518375,-0.028375437069999492,0.5310936016996528,0.056924564012876086,-0.09801323648807811,0.2540884810380184,0.04933152454888959,0.05652914285069398,-0.17294375888761393,0.0954123521596241,0.34232017962065203,-0.22120645799826455,0.4970806262512215,-0.41038774982662496,0.3182600624356252,0.4144789857664226,0.5663388003732364,0.4051563342611428,-0.20120552135024763,0.23656457788795696,-0.13410815370668067,0.7068930454352635,-0.30975684396554626,0.2850984083832757,-0.2593828098573221,0.5144381053560328,0.05322816375229969,0.2351841710887318,-0.36990615934337223,0.3725498614509606,-0.02696979351194441,0.36404183500652454,0.27944785969957336,,0.5623779694095631,,0.31373130523937476,,,0.20209061367488457,,0.4053648853997736,0.10031461630241098,0.17456969400400707,,0.6986196492489335,0.14166463293656056,0.28045677286550175,-0.14261748497598392,0.25695813377549026,0.40907767092963865,0.5588957193991468,,0.4820137083683317,0.24372249247292016,0.5307891995083799,0.312432205227535,0.5931648472934843,0.5929310356446077,0.369290692799742,0.4447678959889375,-0.3716463833468031,-0.4482809416013991,-0.3411994576708772,0.605470362682409,0.27944785969957336,-0.19574562387588867,-0.37997679928848965,0.4053648853997736,0.38795010667181623,-0.3103461226737904,-0.4191717895493601,-0.4036988277951058,-0.30301378744100005,,0.46725991788184207,-0.11994936182092586,0.02696979351194445,0.28965748127937135,0.16161915724452638
PANAS_Q2,0.04737652115853967,-0.49723005780402885,0.4261595093371075,0.33063484107679697,0.13741875938500753,0.524717170265657,-0.250057086749768,,-0.3063762504321481,0.4893126994381546,,0.10794490048048586,-0.3279695276679288,-0.5206371484617963,0.2689978332589996,0.12982269672237465,0.5063172771075222,0.14413241509665642,-0.3692901966892669,-0.23480802960782154,-0.15867218488290233,,-0.02040904140666626,0.6695358353990927,0.05975521276598322,-0.05846526455169136,0.6078658959577914,,-0.19046304238234568,1.0,0.2217532045545219,0.7425093632958801,-0.20907253171449572,0.3772560103938401,0.43843475209733074,0.4140230175707533,-0.05700944538299452,-0.08174021645482842,0.4524928388159126,-0.03983294295186888,0.4008190324030214,-0.24729733503396628,0.41903292837705547,-0.17730232568327947,-0.00853040927129639,0.45324218322319426,-0.16675089097821472,0.38820352937989944,-0.5192907868894985,-0.5796332894140399,-0.6148079234401879,-0.6093317767312861,0.5914633018141751,-0.546221744805401,0.5001501046836156,-0.44187500557745085,0.3020779988217729,-0.4497402100611346,0.41708799949354003,-0.42487428018231693,0.02472813270902375,-0.2568153863916536,0.1278859765407276,-0.6175498641390449,-0.1811932258065298,0.0026633448837524547,-0.15867218488290236,,-0.3677036748651873,,-0.18549962900111297,,,-0.5824049465995992,,-0.3914825215278707,-0.45271504498058857,-0.20049622270927336,,-2.7755575615628914e-17,-0.3781632313225116,-0.03533326266687867,-0.414969304073348,-0.25058816405203044,-0.19358583905394178,-0.6058392513710816,,-0.3586907825257757,-0.35483365152505664,-0.5348528174671106,-0.4838206248226148,-0.5828259710736801,-0.535934722366726,-0.5597469356001092,-0.2743848703881286,0.7180265302754592,0.6256732744814446,0.5993950822383707,-0.21637116120395775,-0.30291962568554076,0.26567946772479123,0.5812852783777311,-0.11317741143696738,-0.08481385037752456,0.4190145777969084,0.20194641712369382,0.5938950116030902,0.3818927532693066,,-0.37138009146060136,0.37819718006875325,0.2293829135210324,-0.2785747440044528,-0.25616615433487033
PANAS_Q3,-0.004033176230734986,0.06332602310934862,-0.1284515245767,-0.1339283739644623,0.6307599258715061,0.04839175955708375,-0.443775758123036,,0.17950480103853136,0.04941620210388382,,-0.07893020144507538,0.2152630381779771,-0.07529700544782139,-0.005895013277353325,0.4310218283495181,-0.07690914705058353,-0.1748849139223877,0.17880234904190295,0.47522440284347245,0.1915652570442302,,0.45583774131945776,0.020855144016610747,-0.45224872179340503,0.5338008384521495,0.016469635714222407,,0.47733146790812825,0.2217532045545219,0.9999999999999996,0.06631871538079159,0.2239496168879811,0.15381829410116707,0.27232439935882546,-0.02485500470338485,0.6691887719892523,0.26074159986575784,0.17952164769223103,0.3032040721716543,0.11116578061962991,0.153794959463245,0.03045756859965898,0.05518669008484452,0.2886110703332063,-0.027159402050249096,0.4904935764021592,-0.06869595904868506,0.07183697139158636,0.11927679655384553,0.10522943668636325,0.11297902491966798,-0.10523037902000587,-0.01633784024057858,0.018195060770876154,0.4790402197091857,-0.01052937879668953,-0.051544294675425636,-0.1823005576936008,0.23292593754241628,0.11630747749113977,0.007479366709938814,-0.2277757884933152,-0.03309013025138924,-0.0789302014450754,0.3625433165572314,0.19156525704423016,,0.2784294089707775,,0.4105824906780319,,,-0.149102118920623,,0.1991723464323757,0.17314552078997733,0.13213547854225227,,0.47891314261057566,0.2589680174015916,0.20040335854522984,-0.14279010699299058,0.11791742234154563,0.2978461344222909,0.08380979995685073,,0.23324249226151408,0.19338606818498388,0.12683960789975374,0.21417646843905963,0.16953428487148606,0.31129354269687415,0.1014948112104119,0.28329253282020106,0.07885694204406754,0.061859614253866005,-0.08052185122718508,0.3831305140884605,0.35120297124775535,-0.04538652620667987,0.14405288752554923,0.40450466234204135,0.40105075328849127,-0.054848689206217896,-0.2873478855663453,-0.06534161619078227,-0.2282863549694558,,0.24312910109617308,0.02224170160217287,0.0789302014450754,0.2900080782532833,-0.16618815098872716
PANAS_Q4,0.04737652115853966,-0.6452151940552278,0.5560861890130548,0.33063484107679686,-0.03153873166213288,0.6461794781975221,-0.19373792306738774,,-0.30637625043214806,0.5823379274682219,,0.2525139636239936,-0.32796952766792875,-0.5576142186650488,0.26899783325899956,0.12982269672237462,0.6304146489476011,0.2743725492201411,-0.36929019668926677,-0.23480802960782143,-0.23079590528422153,,-0.15956159645211787,0.6418232594305872,-0.08481385037752454,-0.19549322834471783,0.6651037392683179,,-0.19046304238234565,0.7425093632958801,0.06631871538079159,0.9999999999999998,-0.2810011550107671,0.4268949591298715,0.31637607946444346,0.4872582211504855,-0.17383207936454045,-0.25002889739124007,0.5710706267655752,-0.06412132280056937,0.44958047186810907,-0.1378737354614148,0.5965892539605535,-0.17730232568327944,-0.06946190406627055,0.6066236327065085,-0.3587338246702381,0.5606289548658954,-0.6274763674914773,-0.711069409462575,-0.7228585250992718,-0.7289649789691037,0.7123345487789247,-0.7102522988010167,0.6083140546584459,-0.44187500557745074,0.45073843131280267,-0.4861269584479577,0.5996654311784553,-0.3756990162723265,-0.12982269672237462,-0.3131345500740337,0.1778414361269493,-0.7612998325140552,-0.08481385037752452,0.06924696697756423,-0.2307959052842215,,-0.27093954990066427,,-0.185499629001113,,,-0.39675673957786906,,-0.48425089155817186,-0.5775445610597947,-0.3694537137564137,,-0.17309692896316617,-0.48262821235082976,0.07508318316711715,-0.37138009146060136,-0.2012597853016307,-0.13456576617164245,-0.5787928562205868,,-0.4600158623353168,-0.44398783532532216,-0.578266195508272,-0.5322026873048762,-0.6268460595233536,-0.6191543997528636,-0.5992770864193258,-0.44169271818576794,0.5809985664824324,0.58059594923062,0.6860128686890021,-0.3894680901671238,-0.4471670664881792,0.31025655962492393,0.5812852783777309,-0.3914825215278706,-0.37395197666454016,0.4190145777969084,0.12982269672237456,0.5938950116030901,0.3818927532693065,,-0.414969304073348,0.42387316799976205,0.2775726012355349,-0.3966148897690514,-0.2561661543348702
PANAS_Q5,-0.23516468405177768,0.054567283598123385,-0.39213994868951907,0.15936810879900307,0.20536098200426872,-0.41303927529320705,-0.08998964379962335,,0.19843870171199002,-0.31062047585421754,,-0.20928191753980346,0.3722830104402487,0.457521143986183,-0.13912632757358134,0.03324316553834523,-0.3406505664111483,-0.23656307114065894,0.3782505047320761,0.11695806497758696,0.31026954502455534,,0.16343313452388647,-0.3451613897376585,0.03751279654015346,0.1534523453698257,-0.3587950319136691,,0.2208891702551607,-0.20907253171449572,0.2239496168879811,-0.2810011550107671,1.0,-0.055927704933173616,-0.2990484497736129,-0.0490079399294549,0.22591273912294635,0.1822217962842627,-0.36630801296362214,0.4139649825542794,-0.08590465579025511,0.11319939565244448,-0.3837340538304006,0.20997999226804298,0.19596712353068255,-0.34641219210317203,0.42362117716530706,-0.3219331344647196,0.45801694741720067,0.42541573606159033,0.4083807787974455,0.37904448884502884,-0.3582062921886729,0.4754697858818617,-0.4014971483018872,0.49108257749486695,-0.06577954666302087,0.6097310116653257,-0.5103224615134071,0.4855516905903755,0.13297266215338086,0.3784179893112368,-0.3868267434890522,0.36750569729987476,-0.11056403190782074,0.13367039315893103,0.5318906486135233,,0.376625488183826,,0.4161916086861904,,,0.48787749902791183,,0.5910198236852174,0.42108009681903946,0.2630466511065914,,0.2216211035889681,0.33383899254220845,0.1492861205070031,0.2018037332806411,0.25666833396154337,0.19828292759352345,0.3712153485115216,,0.523069296544631,0.5917366539862884,0.36996329922749666,0.5451158381608009,0.19117385810007956,0.3358412108232824,0.33039264245244826,0.6237771095211934,-0.314390171001594,-0.3176569151441877,-0.4364996713919534,0.2659453243067617,0.5318906486135234,-0.1351497296141523,-0.3214371947579838,0.4009812951690703,0.4323843390680846,-0.08306736350734464,0.014774740239264506,-0.34150458390230465,-0.1056414397960531,,0.2910974205729602,-0.2938051002812516,-0.08687173935614487,0.648046641403223,0.2623816663456417
PANAS_Q6,0.019320290100197868,-0.3556555402815604,0.43164703554275385,0.18330360062288054,0.0238858121300006,0.39064789664577326,-0.08360034245500216,,-0.3224584637550084,0.5523477560233283,,0.020437977982832124,-0.1655914935781833,-0.384222149424281,0.16943474841747147,0.2867696673382022,0.39473684210526316,0.42348226877734907,-0.20102099791091477,-0.14494486623653835,0.15294382258037448,,0.029508355326173755,0.4583796394998347,-0.030656966974248315,0.05811563925514661,0.5279907787623801,,-0.06945221379583004,0.3772560103938401,0.15381829410116707,0.4268949591298715,-0.055927704933173616,1.0,0.40378209822771977,0.22259782338194806,-0.03468237654391203,-0.2294157338705618,0.37215073335964266,-0.03605374690007691,0.5273518977467471,-0.2726482302848365,0.3482825384136915,-0.11749469908920931,-0.025841971760816387,0.4756883679815538,0.0348955183268058,0.4335459944151449,-0.34412360080584264,-0.39717638083196094,-0.3895201513236212,-0.3297986696022225,0.2904922057224895,-0.3130553142242841,0.4403901398095583,-0.26294194682266897,0.2711113268866256,-0.21605041176519535,0.4000749430127422,-0.2815556733865985,-0.0655473525344462,0.14331487278000374,0.031780302951772366,-0.3901858779197178,-0.030656966974248315,0.1694347484174715,0.15294382258037448,,-0.15389675281277312,,-0.0936585811581694,,,-0.18559252414966215,,-0.06885282909440546,-0.16764995936694896,-0.035828718195000935,,-0.04588314677411236,-0.13291555207098021,-0.023414645289542346,-0.19411188999471554,0.06276274240262827,-0.11264088922239573,-0.3728005675396629,,0.01074337606483848,-0.122887838228846,-0.14729818044429535,-0.35909242322980395,-0.3920613406171958,-0.34412360080584264,-0.4023680868260353,-0.20400366824260613,0.49398293366874607,0.42059551209602997,0.3857271381445886,-0.045883146774112364,-0.07647191129018721,0.3592106040535498,0.4442867997504432,-0.16721401351498466,-0.18394180184548972,0.38217299408000993,0.2294157338705617,0.4511006776106544,0.42856102900266246,,-0.28654612332553253,0.47461105391703057,0.3372266367167312,-0.012515654358043998,-0.37463432463267754
PANAS_Q7,0.03420520574434539,-0.22840714984557653,0.5474060432214944,0.1780385952256029,0.17150189810510588,0.43405350886244076,-0.17150189810510588,,-0.28896895160175373,0.6480478710095166,,0.2673595038936241,-0.048861335914906004,-0.4025899033739503,0.18887140160570653,0.3497526038650562,0.36754524325856547,0.3513299580017718,-0.14098194419761226,-0.0050316592855664775,0.10530185922818895,,0.10061509642141307,0.5456432274277034,-0.034173771174373035,0.09336280760669409,0.4870833705493928,,-0.08092254275518375,0.43843475209733074,0.27232439935882546,0.31637607946444346,-0.2990484497736129,0.40378209822771977,0.9999999999999996,0.23625254582484714,0.1725123255811872,0.02005749699584551,0.4560622643794151,0.06281742205183433,0.3030767768242419,-0.04906924040836383,0.41292473096149573,0.023112894011503397,-0.0012708717052471383,0.4302838046389462,0.04461892109434812,0.6082958405740071,-0.5340308575143868,-0.3262282526126446,-0.32903335320174715,-0.29277434267120517,0.26219005818389174,-0.3318611119805478,0.4322529058076181,-0.2617570935691067,0.21332595979980257,-0.3976806067570381,0.40365732416274597,-0.23180084596335093,0.14183515732776472,-0.06343220888818987,0.1604588065655232,-0.3789786198723688,0.06633732051495937,-0.08888065957915603,-0.12034498197507307,,-0.14127726923480644,,-0.14278590261319388,,,-0.3396416706424363,,-0.09287547361976592,-0.16663151350394736,-0.004698682139865948,,0.04512936824065239,-0.12637425297767602,-0.08751394031131238,-0.1981962329775008,-0.22840714984557653,-0.1255624529457692,-0.3441114328349747,,-0.023247139288912366,-0.05950474314272374,-0.21550652062995285,-0.35319317308701614,-0.3360406950867712,-0.2534187601205866,-0.28362649103180815,-0.2652099312776237,0.42680140620203044,0.46257602446668733,0.32157846763506936,-0.09025873648130482,-0.12034498197507305,0.4778974683649996,0.4983522238203109,-0.04450283110947116,-0.18494040870837156,0.4064360050984016,0.18051747296260962,0.41833618710520243,0.26454047253724505,,-0.2436540845778451,0.3353439620158811,0.38596259208703637,-0.12063843518319,-0.20266386177356546
PANAS_Q8,0.03420520574434541,-0.4856224086806853,0.45707501298692427,0.5724278884468752,-0.06343220888818982,0.2862726449501312,-0.1715018981051059,,-0.1715018981051059,0.21148867646717756,,0.21710395804895793,-0.08587749948680448,-0.13265414440674222,0.18887140160570653,0.23692918326342516,0.2898948397532347,0.3966044371257115,-0.2699288443783552,-0.13082314142472787,-0.045129368240652404,,-0.09287547361976593,0.34333906471616077,0.01608177467029319,-0.04953944893416427,0.33785439672911316,,-0.028375437069999492,0.4140230175707533,-0.02485500470338485,0.4872582211504855,-0.0490079399294549,0.22259782338194806,0.23625254582484714,0.9999999999999997,-0.11988144659031655,-0.2557330866970304,0.2829366759490514,0.1641358447160834,0.30307677682424183,-0.10612649669715897,0.2509026952703259,0.05200401152588274,-0.2236734201234974,0.23033779876582994,-0.09839044138753686,0.22297330642662086,-0.3459918231783351,-0.3604959262064097,-0.27269202559870825,-0.37594887183916115,0.2621900581838917,-0.3318611119805478,0.25177152551216164,-0.18338670627296702,0.5233927618343992,-0.13205424728191725,0.23440897021610194,-0.18051747296260962,0.14183515732776472,-0.18089926238483775,0.31674985192155236,-0.2590486768747838,0.16684841220429172,-0.08888065957915607,-0.2707762094439144,,-0.14127726923480646,,-0.1427859026131939,,,-0.11837673862781983,,-0.23799340115065024,-0.12323789019562774,-0.23963278913316166,,-0.13538810472195723,-0.2353175745101553,-0.08751394031131236,-0.28911193617818925,-0.07407799454451129,-0.1255624529457692,-0.3159055776845669,,-0.28741917666291594,-0.013016662562470853,-0.21550652062995282,-0.40364934067087554,-0.3360406950867712,-0.2534187601205866,-0.366076052378264,-0.2652099312776237,0.42680140620203044,0.3685565072986614,0.32157846763506936,-0.18051747296260967,-0.27077620944391434,0.338433226624241,0.40537606265980514,-0.2863660436609449,-0.33570704624237013,0.4651695318467256,0.3309487004314509,0.32778722885732314,0.40989238052474236,,-0.24365408457784504,0.1924417054750227,0.285451500397704,-0.2437388792476696,-0.08751394031131232
PANAS_Q9,0.08730101449824618,0.20482285068164488,-0.15907910453667806,-0.22863951179100767,0.625099595672538,-0.037178882791723364,-0.231601648756372,,0.2743242829929843,-0.14113429717527592,,-0.11928724993939924,0.4421446172224191,0.042813301643306836,-0.13823530826921188,0.28075723831394206,-0.21800350970458995,-0.33105882728645375,0.32581658281659287,0.5891344054937343,0.38874079151161195,,0.642610222744525,-0.25779888975679977,-0.31168604016423684,0.7093911658714893,-0.15653882077817022,,0.5310936016996528,-0.05700944538299452,0.6691887719892523,-0.17383207936454045,0.22591273912294635,-0.03468237654391203,0.1725123255811872,-0.11988144659031655,0.9999999999999998,0.47512763406974806,-0.05112994491882009,0.44316246697491346,-0.2160964943432923,0.24792772081908054,-0.08329563446990969,0.16038017593177173,0.4731617868472521,-0.10104271493163682,0.5518783348752,-0.18488826226062482,0.28075723831394195,0.23876702710227946,0.39149123952894255,0.30091268937279436,-0.3361988773610045,0.14898905916049077,-0.09155174459337424,0.6195700153678283,-0.03917306493687566,0.20774353152446073,-0.24541179818743442,0.4064108274894125,0.25916052767440795,0.17538765633977688,-0.4048808366285234,0.228422591764402,-0.02308785482698051,0.2605203886612071,0.2447627205813853,,0.44428376033959716,,0.2600961958478582,,,0.10376885384691617,,0.31852725738345333,0.23922510246868436,0.28781564117296715,,0.6479013191860201,0.33783448095213164,0.18074481406376586,0.001740312538074787,0.2540591128647326,0.3275388099098442,0.31855148193312655,,0.4632022562457458,0.3968851237889061,0.4177234417593474,0.3380419915627369,0.3725932619565092,0.4468857816949728,0.2888203474018953,0.464247252502556,-0.20242267200960237,-0.16917423334301634,-0.2023071220738188,0.5615144766278841,0.46072982697672527,0.09254720375346687,-0.09254720375346685,0.5963126562643719,0.5541085158475322,-0.21811029057638917,-0.33114956313952126,-0.23226116678735495,-0.3450092738195454,,0.480326260508638,-0.07112147935472515,0.07118755238318988,0.37937948485960366,0.0705345615858598
PANAS_Q10,0.10292967924146343,0.05572853642736761,-0.03558403417890825,-0.10542385799266134,0.21401589592142317,-0.11227217828476796,-0.04048949382297195,,0.19087904230829628,-0.32961574496746665,,-0.0890870806374748,0.4483887885319377,0.17469418135074727,0.08206099398622183,0.1111111111111111,-0.1784344596771036,-0.35224008865836176,0.1989508218594144,0.36338824927639235,0.03703703703703703,,0.37158026780876907,-0.11954028790166399,-0.0890870806374748,0.3330691499485908,-0.1263891612427866,,0.056924564012876086,-0.08174021645482842,0.26074159986575784,-0.25002889739124007,0.1822217962842627,-0.2294157338705618,0.02005749699584551,-0.2557330866970304,0.47512763406974806,1.0,-0.026792555290197542,0.34424349555131856,-0.28295220063808124,0.27533739037538346,-0.15044515564140665,0.384110639798688,0.3473145088389607,-0.015752915666851927,0.15773959493083362,-0.11890202050940543,0.2222222222222222,0.0944932705470113,0.2552367088243381,0.06552975829106539,-0.21103769477175996,0.10107973914385379,-0.06443155942093381,0.3743276946098735,-0.06717940899136043,0.0448448529330875,-0.19168164237998925,0.19191919191919193,0.20634920634920637,0.040489493822971956,-0.24113981708179638,0.16535368996307276,-0.0890870806374748,0.15044515564140673,0.25925925925925924,,0.09938079899999068,,0.2948459875572344,,,0.1961161351381841,,0.2763032760629309,0.28205128205128205,0.38754229801987433,,0.37777777777777777,0.23067328480185004,0.15876322406928006,-0.07162870791336715,0.2077154539565521,0.2182178902359924,0.2777777777777778,,0.4474798877556983,0.2609604537529376,0.3076527356636324,0.29814239699997197,0.1717997857405781,0.32478632478632474,0.31261319629791084,0.24486081312523536,-0.13604232885224138,-0.07407407407407408,-0.08006407690254352,0.2888888888888889,0.40740740740740733,0.19686490370835644,-0.05951729646996823,0.4192187636816882,0.45533396770264895,-0.13303690827547926,-0.11111111111111108,-0.04904608829420227,-0.22187617131584175,,0.2865148316534684,-0.19233570630834124,0.13857990321384966,0.38794291597509756,0.04536092116265142
PANAS_Q11,0.1643025902567687,-0.4807690459468097,0.6037541143089458,0.28352511656570784,-0.01939990924220089,0.6538425435719217,-0.1517757605419247,,-0.20883431713663314,0.4608654873075626,,0.3593325094252502,-0.17476818518737514,-0.5664334251080202,0.30760744571271426,0.3068965424149901,0.49284826850331065,0.17505367646363346,-0.3315468115489807,-0.11242781314398897,-0.16806239227487552,,-0.007518903258471259,0.5963428178657844,-0.2753580642878276,0.026839877365823106,0.5758337213828506,,-0.09801323648807811,0.4524928388159126,0.17952164769223103,0.5710706267655752,-0.36630801296362214,0.37215073335964266,0.4560622643794151,0.2829366759490514,-0.05112994491882009,-0.026792555290197542,0.9999999999999998,-0.07283746818151562,0.33741299552325243,-0.20952574106343355,0.6143154544496604,-0.030873916663078517,-0.04382932328814594,0.6790767455686654,-0.1700515481278485,0.527561182920103,-0.60648602429629,-0.6644768578240698,-0.5922281392357065,-0.5623857299890176,0.5314682393431354,-0.5600402446147124,0.7271993801885683,-0.23373571074670446,0.27833123260256876,-0.5175769648827773,0.6338456841695277,-0.2969323689599579,-0.04071076583055992,-0.24763413562103498,0.21965306736356627,-0.6035205863035958,-0.031246305167413085,0.037776352982263145,-0.16806239227487554,,-0.11764140529706837,,-0.058170351938302556,,,-0.3342548238812962,,-0.38346406618203377,-0.308582787153534,-0.24763413562103495,,0.10960590800535361,-0.31010083393195687,0.05817035193830257,-0.4098185235589518,-0.0809611075295043,-0.05501133100535564,-0.4274630412208791,,-0.262797666056557,-0.3134265536215799,-0.5269203628226957,-0.4411552698640063,-0.4620353988700712,-0.308582787153534,-0.5102258799856323,-0.4381687938517316,0.5358720343038472,0.5169745327585846,0.559876635071377,-0.24113299761177795,-0.3142036029486803,0.3585888812327585,0.6349823262131719,-0.24248463008569782,-0.3241804161119105,0.3229514303260502,0.12422002907273409,0.6166463678442564,0.29794622956286587,,-0.32149556589538464,0.5284679302029305,0.4218251197600763,-0.30375821902957234,-0.16556177090132268
PANAS_Q12,-0.2117569301898132,-0.002047324217021085,-0.04853227290831988,-0.024664917127689156,0.3926948994172501,-0.10586456207270825,-0.04207445350899108,,0.07479902846042859,-0.15636715987958616,,-0.1440046082211958,0.5111881521041218,0.1903022681710022,0.03592531217318727,0.29185861579350925,-0.12361284651454935,-0.08288409376234532,0.15053317542148872,0.1284933357702765,0.32927638704908724,,0.4947580113558131,-0.1127178649429664,0.00600019200921649,0.44360209501232883,-0.1449115087137078,,0.2540884810380184,-0.03983294295186888,0.3032040721716543,-0.06412132280056937,0.4139649825542794,-0.03605374690007691,0.06281742205183433,0.1641358447160834,0.44316246697491346,0.34424349555131856,-0.07283746818151562,1.0,0.018214145804576087,0.04200901624360298,-0.10501245096777823,0.2817022555136928,0.29588127118465113,-0.07320832318281008,0.25497780830220157,-0.10530046103142021,0.10476975951561868,0.19365685073399797,0.2836465469684256,0.2631584858495243,-0.17391012558025112,0.20593962247538034,-0.14455336034997293,0.3555631487228087,0.0024680000540195923,0.23861081065353187,-0.16249936743637636,0.23879341292196204,0.1731908269543901,0.15894793547841077,-0.19282160297978268,0.2613193985300627,-0.09400300814439168,0.03592531217318727,0.3292763870490872,,0.11044265772409362,,0.36203506520896594,,,0.23445640645790922,,0.3985015889130479,0.11052633970878452,0.10051119449370091,,0.40411192956024355,0.1560856625066934,-0.01833088937766917,-0.07960154225863919,0.1515019920595597,0.08328531642739719,0.27502061872849903,,0.47100417717674226,0.30157068242662555,0.3081126094208925,0.30120724833843704,0.177219875332241,0.19687504260627248,0.1607845552242923,0.29164557038320144,-0.12511853961886193,-0.02619243987890468,-0.2282814318280232,0.2694079530401623,0.40411192956024344,0.16096103908660386,-0.11470786693528091,0.44662980013443054,0.4060129926236492,-0.016362287475718752,-0.0449013255066937,-0.1423444218962018,-0.19957205587929006,,0.32745179883667463,-0.11184839147746756,0.19400620829799986,0.5291067161269938,-0.01833088937766912
PANAS_Q13,-0.04365112304675518,-0.29079774822612753,0.30132232785576807,0.32298834590068976,-0.036368522067015206,0.33398212371977015,-0.1982671041717925,,-0.08094929105238867,0.4621648248159844,,0.2248588017603014,-0.2950136974056695,-0.19872841353940207,0.14424757400119262,0.21409215181022956,0.33088746525286095,0.3680660420420875,-0.1468127052791468,-0.2797398422533322,-0.06760804794007251,,-0.13913621479163207,0.3844668395100258,-0.07629137916867365,-0.14557511508734278,0.41671410741021636,,0.04933152454888959,0.4008190324030214,0.11116578061962991,0.44958047186810907,-0.08590465579025511,0.5273518977467471,0.3030767768242419,0.30307677682424183,-0.2160964943432923,-0.28295220063808124,0.33741299552325243,0.018214145804576087,1.0,-0.20172607086185068,0.2949677955537209,-0.1817827938486113,-0.09709816655328861,0.3450677363425435,-0.09026708802796948,0.43665716239521923,-0.3680882610070613,-0.2833758539973026,-0.35224861417043873,-0.2724658509626883,0.24591053232296584,-0.32631413382831714,0.3095829491661198,-0.15732434564593947,0.3195823978766721,-0.21677891713804612,0.3828604836044309,-0.21921397362387138,-0.1899464204030608,-0.09502742862671712,0.0842899389827003,-0.4180237316929142,-0.07629137916867368,0.07489777880831154,0.08263205859342192,,-0.21164666742809346,,-0.041401304989700245,,,-0.35688886569973655,,-0.187447400483171,-0.3796451922788686,-0.153686335186419,,0.022536015980024166,-0.2709242270125808,-0.07360231998168931,-0.27421659183463076,-0.2394200541932428,0.0885197135067387,-0.33240623570535643,,-0.16674461125010476,-0.2052162598832611,-0.23241516659660072,-0.35274444571348906,-0.3429495795999278,-0.3363067000095914,-0.40431301828621374,-0.15770398148564757,0.4728812561987541,0.41128229163544106,0.3464304607683082,-0.24789617578026582,-0.14272810120681975,0.2052162598832611,0.2590739208480988,-0.187447400483171,-0.17667477281166533,0.4915616369703022,0.2328721651269163,0.3101883351853465,0.4688901860465049,,-0.31961668982049674,0.3358693831753726,0.22686646963316115,-0.08851971350673869,-0.18860594495307892
PANAS_Q14,0.14480414111693427,0.20522444495627198,-0.04453915848405868,-0.17930722266618498,0.1263687459238001,-0.17601329130636525,-0.19218580109244598,,0.33435064025672107,-0.2522150384134959,,0.018021309280812504,0.4015310461247549,0.32669052824547756,-0.09960006828832021,0.13907347779164775,-0.25524515175601714,-0.1643807055163316,0.27551043204620884,0.558211510480142,-0.1348591299797796,,0.11274973117727423,-0.29536156792452684,-0.15092846522680453,0.15800175482178366,-0.2234148199106395,,0.05652914285069398,-0.24729733503396628,0.153794959463245,-0.1378737354614148,0.11319939565244448,-0.2726482302848365,-0.04906924040836383,-0.10612649669715897,0.24792772081908054,0.27533739037538346,-0.20952574106343355,0.04200901624360298,-0.20172607086185068,1.0,-0.159775109545847,0.05827593003663101,0.2121975407801898,-0.1003790576947641,0.14615432660935845,-0.0667841651028221,0.16014521685098826,0.21043479313806446,0.23107902639374547,0.23115026693120755,-0.177040180027498,0.10734826472624517,-0.17292225320617968,0.2775181827459556,-0.03891577287922034,0.1922046685652504,-0.21147142331083876,0.4298634768105475,-0.0216737887467503,0.19218580109244596,-0.05370973825988926,0.18008800747395304,0.018021309280812525,0.28946269846293066,-0.05057217374241735,,0.29401532747073544,,0.09806851650807093,,,0.1772845942707062,,0.16695633270480997,0.3481699653804888,0.06055169075515421,,3.469446951953614e-18,0.28567276411349174,0.16000652693422096,-0.018338498524044566,0.20522444495627196,0.2731348882032796,0.24653934699428465,,-0.02605084921339583,0.2458872337953234,0.21511549116952033,0.16962422738696276,0.3436446785766851,0.3967970555174285,0.28272365278066836,0.0938511934793355,-0.26903001496682083,-0.21914608621714193,-0.19637719877062235,0.15171652122725207,0.2022886949696694,0.06668128374110466,-0.11877603666384268,0.11274973117727424,0.0743379007833515,-0.07108241958213754,-0.21914608621714185,-0.24149757970917848,-0.35508276902162755,,0.2873031435433649,-0.2113807260453592,-0.018021309280812466,0.07173239488166937,0.16000652693422102
PANAS_Q15,0.2660651213609803,-0.4826740442309209,0.5486065007232044,0.2294841070882634,-0.11961389192803433,0.8192040588082061,-0.040583284761297425,,-0.25417952034707303,0.5327397320212741,,0.3180099858972217,-0.2678872209571652,-0.5721765545956949,0.0732323232323232,0.23592535771038775,0.6259672649867698,0.2585000490462176,-0.26729650297754415,-0.24245693944910085,-0.2598598142897024,,-0.12138259513971529,0.6474332598762385,-0.2302830932359191,-0.13512009738500694,0.6772909191505944,,-0.17294375888761393,0.41903292837705547,0.03045756859965898,0.5965892539605535,-0.3837340538304006,0.3482825384136915,0.41292473096149573,0.2509026952703259,-0.08329563446990969,-0.15044515564140665,0.6143154544496604,-0.10501245096777823,0.2949677955537209,-0.159775109545847,0.9999999999999999,-0.22589692313504162,0.08319203169420124,0.7009665304286734,-0.16434597344940774,0.6315203643722268,-0.6017806225656266,-0.7028639039311961,-0.6413261207020219,-0.6094988864211935,0.6769286126186875,-0.5941081644031564,0.7892689241448472,-0.357687063870334,0.38451843313734807,-0.36018129262094234,0.7547636722824669,-0.4457403991524321,-0.052753496133999746,-0.0662148330315905,0.20082890550783059,-0.6793024758928187,0.04386344633065124,0.010101010101010041,-0.25985981428970234,,-0.1559698667262344,,-0.3894521534129447,,,-0.49889803457144327,,-0.3412786008276055,-0.45449165900061317,-0.0662148330315905,,0.04103049699311091,-0.196116135138184,-0.029313602945060337,-0.2512812069384154,-0.2020495999106181,-0.11863504748151431,-0.47697952754491435,,-0.30358579247455497,-0.33136390644537317,-0.464312190006582,-0.5963553727767786,-0.4574449852757463,-0.45449165900061306,-0.39879298047838296,-0.3664423828247002,0.5144957554275265,0.5351060649518216,0.5896698615557795,-0.24618298195866545,-0.39662813760007204,0.28909810205183073,0.5984837902125617,-0.2972993996900274,-0.27597418316368083,0.360977638139961,0.0820609939862218,0.5647485147952398,0.39116498453494997,,-0.20995206106038658,0.48158188555169146,0.4130474529469661,-0.38500430503434835,-0.23869648112406291
PANAS_Q16,-0.31269686276826963,0.2393571477459783,0.11276270061440036,0.006393856664780095,0.046657336132400334,-0.22520801077000724,0.08664933853160062,,0.28660935052760206,-0.21468468142607894,,0.06843859108291545,0.3906701003186631,0.2888298905655049,0.09456150270769188,0.192055319899344,-0.352484097267628,-0.14900034716589822,0.47314821477898483,0.18082122037995843,0.3841106397986878,,0.2086023656682529,-0.3017382910729808,0.06843859108291549,0.11352014746323068,-0.24725314716047442,,0.0954123521596241,-0.17730232568327947,0.05518669008484452,-0.17730232568327944,0.20997999226804298,-0.11749469908920931,0.023112894011503397,0.05200401152588274,0.16038017593177173,0.384110639798688,-0.030873916663078517,0.2817022555136928,-0.1817827938486113,0.05827593003663101,-0.22589692313504162,1.0,0.2920535960627438,-0.06353405641263724,0.18176837019140518,-0.22447071703303934,0.341431679821056,0.38110664136807176,0.35805597322768457,0.311487132615052,-0.10013519430404938,0.359138680277379,-0.12545105463183112,0.29794261138622924,-0.11260069426459283,0.35312039561202924,-0.1488545026343133,0.046558865430143995,0.23778277701823544,0.04665733613240032,-0.10050729447726803,0.2585931688395011,0.06843859108291553,0.09456150270769184,0.384110639798688,,0.1717795002941605,,0.33976044276805595,,,0.5084794854637232,,0.3732884438274,0.2265267875735852,0.1799640107964012,,0.07682212795973763,-0.043271751702413375,-0.07840625602339751,0.12381006971050558,0.2977369398791438,0.2514594403022007,0.44812907976513594,,0.3357690702921501,0.4062264151419027,0.3031386373375171,0.4008188340197078,0.19797037685427288,0.2757717413939298,0.26666684905915683,0.33166284845304184,-0.2108231310031427,-0.24540401987138405,-0.09226039141178208,0.33289588782552954,0.21339479988815993,0.12134035776965926,-0.17409703506081547,0.3183930844410176,0.35359938726173007,-0.15330267586360105,0.04267895997763199,-0.10789680312013321,-0.09072338509570875,,0.22698512780259356,-0.16757736054095954,0.04562572738861034,0.5168888495100791,0.1829479307212608
PANAS_Q17,0.12094922126337784,0.15536575106764425,-0.0653850041194459,-0.16734673048161686,0.36209808407451033,-0.028454903360699176,-0.06890125486438055,,0.29759478164828174,-0.11986130967913836,,-0.1731036697483459,0.3353831386813777,0.04427549303803231,-0.16985039804232754,0.30976699436988386,-0.11628887292367376,-0.40568701306475435,0.5653839308675803,0.322347191061999,0.12202942202449968,,0.5771263500331607,-0.21063610950598916,-0.23582239067165967,0.48865556377600466,-0.08417919839174096,,0.34232017962065203,-0.00853040927129639,0.2886110703332063,-0.06946190406627055,0.19596712353068255,-0.025841971760816387,-0.0012708717052471383,-0.2236734201234974,0.4731617868472521,0.3473145088389607,-0.04382932328814594,0.29588127118465113,-0.09709816655328861,0.2121975407801898,0.08319203169420124,0.2920535960627438,1.0,0.015970036381144262,0.4254846727799365,-0.15195839187091756,0.4036357805425759,0.22922533159134229,0.32484953564078567,0.24497149495681841,-0.042999032225712476,0.3031490258217447,0.017456103356501718,0.37850895298754533,-0.18728967246118988,0.31445203374585945,-0.17003312331198778,0.21504485559562178,0.1327572833013788,0.2887988767719779,-0.25616645691850676,0.131711439980136,-0.17310366974834596,0.3500998000464302,0.21589820819719174,,0.4659713108015206,,0.045986125779503326,,,0.1739667845881443,,0.45638861990070034,0.006498608273494071,0.2887988767719778,,0.4224095377771143,0.22161615466800746,0.0977205172814446,-0.14296266842094094,0.412168645394329,0.3625641180538449,0.3379276302216915,,0.324410679402238,0.3214138436575156,0.4056870130647543,0.2518763842170382,0.27270992532951466,0.3855840908939812,0.32618261495952394,0.4866726281337441,-0.1058159250025898,-0.06570815032088448,-0.06538500411944587,0.59137335288796,0.3097669943698838,-0.03132914721571452,-0.08470473136100587,0.5771263500331607,0.5795209813314188,-0.07769715974068435,-0.06570815032088444,-0.1028343125038792,-0.18321258789478717,,0.5378119431073493,-0.07252552163098851,0.17310366974834593,0.3287657680657746,0.24142716034239245
PANAS_Q18,0.24177919578531615,-0.5236196525238513,0.6413418882318732,0.24071889890613088,-0.07934119523810067,0.8628626314822796,0.033212593355483995,,-0.24355901794021598,0.5424938654848949,,0.2715542754137621,-0.22908773338232682,-0.5742287405760407,0.18978450668245206,0.21266436150250073,0.544805481278019,0.17210085834614972,-0.2876162758640655,-0.2660881612840034,-0.14177624100166714,,-0.16260271543944949,0.6337331207964957,-0.12314670629228744,-0.1631129842392202,0.7941650345659589,,-0.22120645799826455,0.45324218322319426,-0.027159402050249096,0.6066236327065085,-0.34641219210317203,0.4756883679815538,0.4302838046389462,0.23033779876582994,-0.10104271493163682,-0.015752915666851927,0.6790767455686654,-0.07320832318281008,0.3450677363425435,-0.1003790576947641,0.7009665304286734,-0.06353405641263724,0.015970036381144262,1.0,-0.17880997654516442,0.7085522283729315,-0.6143637110072244,-0.7180499543816714,-0.6664019517511639,-0.6323389308646117,0.6982830590451256,-0.5656150310156254,0.9291574468559903,-0.3422244205113632,0.3876881669636377,-0.4565791840010917,0.8925954789267972,-0.38988466275458467,-0.010126874357261933,-0.12546979712071737,0.11129251518549074,-0.7243328457488305,-0.20208690263349732,0.02617717333551063,-0.14177624100166708,,-0.20606385310817849,,-0.2857820458355336,,,-0.35885322767444844,,-0.3145678700557574,-0.39397436201424824,-0.07934119523810068,,0.0354440602504168,-0.2515545371067308,0.014469977004330815,-0.22278077396706317,0.001616110038653848,-0.11408428872633944,-0.4386202455989078,,-0.12282669456093218,-0.27456404725413197,-0.49212311560138683,-0.5151596327704462,-0.5004428302915621,-0.46213601634197277,-0.5154489144858031,-0.47002886286130624,0.5851117141058266,0.5375682471313215,0.6058694386615262,-0.21266436150250073,-0.2599231085030564,0.5301422827300527,0.6382153651598704,-0.35255915870983434,-0.3204971971453122,0.38194482358806603,0.09451749400111144,0.6457337990839006,0.32877397838673034,,-0.29418486818727574,0.6120478032462484,0.478377589827732,-0.27264211373582814,-0.2568420918268719
PANAS_Q19,-0.029889158152332614,0.35370735608186876,-0.1400496394948658,-0.16963982498321564,0.5833165384873321,-0.2106197399609166,-0.2533863696596556,,0.3404879342301622,-0.23324392682848794,,-0.30263191742983747,0.3060801498822209,0.1784947889670548,-0.19971156267269802,0.15210603796901817,-0.27916414661444666,-0.3296054725271397,0.5524355541333585,0.3655591393409459,0.3211127468234827,,0.4978072666216773,-0.3649547628058428,-0.30263191742983747,0.47736286543735523,-0.24678963061616152,,0.4970806262512215,-0.16675089097821472,0.4904935764021592,-0.3587338246702381,0.42362117716530706,0.0348955183268058,0.04461892109434812,-0.09839044138753686,0.5518783348752,0.15773959493083362,-0.1700515481278485,0.25497780830220157,-0.09026708802796948,0.14615432660935845,-0.16434597344940774,0.18176837019140518,0.4254846727799365,-0.17880997654516442,0.9999999999999998,-0.2782121728297903,0.4478677784643312,0.4604492252458373,0.49499381767490547,0.4634874434765439,-0.44940150659386335,0.4074332239630071,-0.22000273877993187,0.5564613649244005,-0.1128668035250266,0.34276393837350083,-0.3051865823085139,0.45862275084597887,0.31869836526841905,0.3193724034251909,-0.45887547739695433,0.3611007302437086,-0.07678720292995878,0.34637474151046066,0.3211127468234827,,0.5895403638572736,,0.32600940734293643,,,0.2311859743069093,,0.6064988095521746,0.5031199717436754,0.3853584371907262,,0.45631811390705446,0.38921868189940645,0.19146584240775621,0.065370953793254,0.4115026757030892,0.34022065165198767,0.3992783496686726,,0.48199087457651385,0.5452655494366134,0.48220059869711185,0.34011944068688865,0.585902120854015,0.6006238422366357,0.4279531923513554,0.6292412322321526,-0.16482933021827956,-0.22815905695352723,-0.2922775085110243,0.7098281771887512,0.49011945567794724,-0.07520904130160184,-0.185933463217849,0.6608445810174233,0.6007469405696774,-0.20851586669909158,-0.2704107341671433,-0.22990999009609125,-0.3037383480472902,,0.5760815303030508,-0.10275075130490154,-0.03613515431998058,0.5587363547455406,0.06209702997008308
PANAS_Q20,0.15914845329370803,-0.6301588487874715,0.6708407034499064,0.2535517211273487,-0.058078686135088854,0.6467352851102419,-0.17897717564078397,,-0.3567690719726887,0.6685839662889401,,0.40161858702852576,-0.2771404633948795,-0.5307394603217431,0.1625510997052773,0.12522659606841638,0.527568017300357,0.3682079254836064,-0.3981410530248386,-0.326626868940685,-0.08348439737894427,,-0.22061898158344392,0.7372053471647668,-0.004056753404328536,-0.22782469711161735,0.7354166119969308,,-0.41038774982662496,0.38820352937989944,-0.06869595904868506,0.5606289548658954,-0.3219331344647196,0.4335459944151449,0.6082958405740071,0.22297330642662086,-0.18488826226062482,-0.11890202050940543,0.527561182920103,-0.10530046103142021,0.43665716239521923,-0.0667841651028221,0.6315203643722268,-0.22447071703303934,-0.15195839187091756,0.7085522283729315,-0.2782121728297903,0.9999999999999998,-0.6526961976899277,-0.6611151924121155,-0.7129010275643394,-0.6395138439387821,0.5062214983495373,-0.6282907207999708,0.6478611541978164,-0.4578626153060893,0.415487510034076,-0.4931665602130282,0.6933541431873289,-0.4201818016841079,-0.035779027448118964,-0.17660661702302535,0.1566512025836997,-0.7514911238625996,-0.10547558851254214,-0.1877745462112686,-0.2352742107952065,,-0.29528873674897177,,-0.16731341595994814,,,-0.46550384852799803,,-0.3182379999831979,-0.3958211288316379,-0.17660661702302533,,-0.1593793040870754,-0.24293915343110306,-0.18125620062327713,-0.05320733704983903,-0.318712959765657,-0.2633298601019429,-0.660285688360741,,-0.24736568292364886,-0.28989099053318124,-0.5052580218174549,-0.5091185116361582,-0.6447994472156897,-0.6147487443358622,-0.49001375611870185,-0.483273711671242,0.5892680984363774,0.6659778063638508,0.5796938687420388,-0.4326009682363475,-0.3111691175033376,0.5244306268868878,0.6482675548816448,-0.41585701838295175,-0.46044151139128975,0.6530888991925297,0.29599013616171144,0.6368261142979496,0.3915945385995855,,-0.42015448911769476,0.4681461075669099,0.40973209383718295,-0.2956250316238794,-0.1812562006232771
POM_Q1,,0.36307118910287955,-0.5668950632637209,-0.4462279603873076,0.6702379806620605,-0.7087450572946175,-0.15348393635514695,,0.6366988661974431,-0.39568058614557394,0.3261533647546872,0.020973893263797866,0.6037536838029411,0.37005923636054233,,,-0.722890391598624,,0.5819599253465988,0.4267251427148495,0.5884136824232458,0.6766301150530272,0.7033517563072453,-0.6190255364180641,0.33353158766941376,0.6251484677424137,-0.3261533647546873,0.3261533647546872,0.6491091475019755,0.014922049367861505,0.45633091543329485,0.009137851716970246,0.6105483664015497,-0.35180729110335435,-0.23431449982988803,-0.08293977477320039,0.40395798260404653,,-0.7429684193146397,,-0.5931514623724949,0.4267251427148495,-0.7653889790342574,0.21158278619636472,0.5165578693264623,-0.7738021863827493,0.7212468041093988,-0.3133630367250915,0.9999999999999999,0.8188172035814429,0.6556416323744088,0.40578090778037706,-0.561095270885983,0.5662558155071489,-0.6870209305099646,0.6890404628185165,-0.1662742643847425,0.48603246512463183,-0.7182764886126807,0.6421616160374116,0.542513900167267,0.5848225098860955,-0.42572634476134597,0.6212604542822031,0.009137851716970246,0.3581291848286762,,0.1433072532964845,0.7571318092301904,0.3133630367250916,0.5531286941081397,0.15348393635514693,,0.8234849626670216,,,0.7530843462910629,0.6016573168452919,,,0.6234228902430081,0.7336116616258047,-0.13113746593447184,0.40218944356848974,0.652652061334864,0.2607161336135374,0.11453009812998688,0.6206209315527174,0.3518072911033543,0.7840836232273067,0.6924144933987113,0.7653889790342574,0.6890404628185165,0.48165167077960924,0.4748167033746888,-0.3879732835643992,-0.42572634476134585,-0.23740835168734437,0.6315553477758694,0.3261533647546873,-0.2375841446412263,-0.29405920146861964,0.49618583251364623,0.42572634476134585,-0.5991389566251665,-0.5641071292644628,-0.42572634476134585,-0.6864142709216294,0.45475583281572796,0.3768740746406849,,-0.1662742643847425,0.3261533647546873,0.384892762628243
POM_Q2,,0.4525794568655013,-0.669538127684709,-0.26761546505252365,0.5928425927205212,-0.6573500530220102,-0.1260075509058566,,0.594809332066721,-0.410332602686633,0.3713906763541037,0.13050332787729188,0.6587205570135981,0.4213862708005371,,,-0.6293008682666759,,0.6035098490754185,0.4838843753108286,0.4571737259528995,0.6820855090904878,0.7293968086257969,-0.7311074403369165,0.5354067432776007,0.489949093102511,-0.37139067635410383,0.3713906763541037,0.7311753940721418,0.09284766908852594,0.5012858521820165,0.05685735326841776,0.5948997019721831,-0.4122158111960287,-0.260103197141862,-0.027367145011307704,0.5049952454040397,,-0.8184108291287026,,-0.4023398993836124,0.4838843753108286,-0.7937312641344626,0.3130715645974803,0.5805132378535443,-0.8092449797457746,0.6520629047935419,-0.4576063690791634,0.8188172035814429,1.0,0.768221279597376,0.6246008744229519,-0.606083642621251,0.6522305883966479,-0.640252342957226,0.7046035417989458,-0.2055912672674503,0.6200897899840838,-0.6870573173745091,0.6565348594169081,0.4880861687941364,0.5117161794157599,-0.5099391628175978,0.7716628400554495,0.05685735326841776,0.3713906763541037,,0.13920796446089173,0.8255368838523285,0.23211917272131483,0.6069604766760002,0.29180695999251,,0.7586029270372185,,,0.9324821191321655,0.3739271808790062,,,0.5656946608558315,0.5849284827831045,-0.16393733913696185,0.5474207583008075,0.7531527583369417,0.3388186383821623,0.0940271504177064,0.5916990439578973,0.05685735326841779,0.8426503062220032,0.7268975760599135,0.8700515779935456,0.7046035417989458,0.6361627877986772,0.6565321642986128,-0.3249668418098408,-0.5099391628175978,-0.24619956161197978,0.6799395636136212,0.37139067635410383,-0.2937629918868251,-0.36359206943594513,0.5049952454040396,0.5099391628175978,-0.5429243851093826,-0.4841345921867396,-0.5099391628175978,-0.5474143823344342,0.6427388925232751,0.4321873266665093,,-0.20559126726745028,0.37139067635410383,0.5279018576902199
POM_Q3,,0.5668079569554954,-0.6188968187316944,-0.39594705704223043,0.5863062190817643,-0.604397838024785,-0.13925856006417456,,0.6245875501054202,-0.4203016494619291,0.3702239767559762,0.10025543353360908,0.4921255708450792,0.34780405344480625,,,-0.5715010283392459,,0.5943962929568427,0.5041128501816174,0.5104064564983677,0.49889717142987755,0.5343965686541245,-0.6504410479316407,0.5629741474618372,0.5791338828368983,-0.37022397675597624,0.3702239767559762,0.6062842188159794,0.07132755515482109,0.4808940953265659,0.04367902868238393,0.46926044656951654,-0.4076709343689167,-0.19981681093568968,-0.04605262215893486,0.5104064564983678,,-0.6977602133342866,,-0.4081521211636987,0.5041128501816174,-0.6683921365619176,0.360419752613364,0.575102377930347,-0.6738335103118143,0.5902206844992746,-0.30908607233755797,0.6556416323744088,0.768221279597376,1.0,0.6984498807027724,-0.5121049884426696,0.4871853956931631,-0.6089639204032034,0.5158069036756165,-0.20039646448259266,0.5400514890293598,-0.6203457211297836,0.5886655863013204,0.5657765939411543,0.4173773851872242,-0.5012948063825198,0.6860165902550077,0.04367902868238393,0.1664309620279159,,0.20328713373089782,0.6212733427253259,0.30908607233755814,0.5374460032110796,0.4789135846109417,,0.7236779362942585,,,0.7604412703976099,0.3985994442591365,,,0.5173555669334171,0.6626556977934498,-0.29290626364238515,0.43337728016421273,0.6871818150327953,0.3260169020529674,0.09124251512941303,0.5210113225171488,0.04367902868238394,0.6473418964989879,0.6603193148521924,0.7856539149061139,0.6177450269316673,0.6478003113420343,0.6724826391390866,-0.30908607233755825,-0.5012948063825198,-0.25218098967715746,0.6930447088003391,0.37022397675597624,-0.2863402991400725,-0.35440496183180303,0.559389801651762,0.5012948063825198,-0.5049200749079042,-0.5154111131551414,-0.5012948063825198,-0.5567511944029093,0.6641976402811818,0.45115981970035507,,-0.20039646448259266,0.37022397675597624,0.5868868978029027
POM_Q4,,0.5481942720541078,-0.4602758948216811,-0.1728851186894472,0.505356500784538,-0.5009075432956328,-0.10847519951457128,,0.5296609168049751,-0.4194725345087651,0.4000022982099816,0.2001153260114784,0.5378255866215205,0.4057722320542358,,,-0.3937247982380736,,0.6169526972391243,0.47775108921498355,0.38327186404690244,0.4949075025799332,0.5488766266343932,-0.48813436716370207,0.39717943237471576,0.4418254207897947,-0.4000022982099817,0.4000022982099816,0.4983079477700619,0.22147019900891635,0.4340542531217665,0.08718572905786445,0.44780233095275845,-0.32936830977415454,-0.04898099905783346,0.007993352295186135,0.5299320161056662,,-0.5353029118501814,,-0.22147019900891646,0.47775108921498355,-0.5539441771954516,0.30910334910609,0.5751135372737983,-0.581587792770318,0.6434171005304092,-0.10847519951457132,0.40578090778037706,0.6246008744229519,0.6984498807027724,0.9999999999999997,-0.4653066242685824,0.5847982967411933,-0.4527462564407442,0.5717621273857385,-0.230509798968464,0.4847485478307404,-0.49943491945571,0.646158625451295,0.6056055336687703,0.3487429162314578,-0.475815419418954,0.6561356705106628,0.08718572905786445,0.253108798867333,,0.2615403960160003,0.5694947974514992,0.4271210980886244,0.504566304823561,0.44746019799760645,,0.544500272250204,,,0.602647165546601,0.18446084169250493,,,0.3304543980644064,0.4711753255715871,-0.15616243321018608,0.4550709309973621,0.5913192060103587,0.3008832799266915,-0.17200698993472496,0.5093716319736106,-0.1549968516584257,0.5876976722955838,0.5948326544875916,0.6709746371663217,0.5717621273857386,0.5309358948527285,0.5872615483122712,-0.300566698654958,-0.47581541941895383,-0.16778901380350605,0.5741264498860936,0.4000022982099817,-0.20827701941600954,-0.30774406336466625,0.481045298752745,0.47581541941895383,-0.4067458422013216,-0.3414020599752827,-0.47581541941895383,-0.3697761358452444,0.5481942720541078,0.47775108921498355,,-0.06101729972694635,0.4000022982099817,0.579147939141922
POM_Q5,,-0.3147391415143437,0.35642174042210606,0.20599232177554433,-0.44956432387500556,0.7778732200745732,-0.07201974416609588,,-0.4286597264540992,0.3073099537535923,-0.3203636895664268,-0.05520371033149287,-0.2865575520859358,-0.028881970949526173,,,0.462931510074024,,-0.39983375209453254,-0.39182023885872697,-0.35886548844533217,-0.2253245753539656,-0.35279702773610866,0.4978379095629204,-0.16323144576234494,-0.2908987608711048,0.32036368956642663,-0.3203636895664268,-0.4432939425395904,0.005794692059341029,-0.46368094593564324,0.07451870350020096,-0.24998813466551076,0.28033226554837504,0.04357341735976918,0.01903204309407556,-0.21560581241925142,,0.4922297945173035,,0.3781036568720036,-0.39182023885872697,0.6030220734892067,-0.30360645236848605,-0.19388086569589694,0.6045416339055505,-0.5164222937534573,0.052152228534069464,-0.561095270885983,-0.606083642621251,-0.5121049884426696,-0.4653066242685824,0.9999999999999998,-0.5955816842687569,0.5894648252098522,-0.3995001587844355,0.19619171686626127,-0.32036368956642663,0.6195613841617997,-0.45154496045478715,-0.3369402913686898,-0.4825973179060633,0.4049764672260901,-0.6242633100153027,0.07451870350020096,-0.23758237443298305,,-0.24021346570215663,-0.5147198207492942,-0.22599299031430098,-0.48454192063108525,-0.1763242012342349,,-0.6335251858452889,,,-0.5766393219385962,-0.32400541400625704,,,-0.49931957328421683,-0.5330312038051729,0.11649902413782853,-0.3619230638860965,-0.3944593981416126,-0.212740802403579,0.10007003234704609,-0.49756129356920964,-0.10290678102408701,-0.4806863795213488,-0.3635920258742913,-0.5458635831110827,-0.4740337704979496,-0.3992052049675337,-0.30730995375359227,0.22599299031430103,0.340897912285253,0.24584796300287384,-0.481768117830898,-0.32036368956642663,0.191619523286231,0.200568454145258,-0.3588654884453321,-0.340897912285253,0.47193388258175856,0.35167135379472214,0.340897912285253,0.48675413298464837,-0.3147391415143437,-0.35310282395173814,,0.07201974416609591,-0.32036368956642663,-0.28446703878074137
POM_Q6,,0.2827468726780059,-0.5141626443243297,-0.16266256819141567,0.5546205638333811,-0.6222410380051285,-0.14336978975407608,,0.49509118368863,-0.4327099108943765,0.3811538312974216,0.103215202144798,0.506654237930863,0.30847755809843447,,,-0.5430438377947975,,0.5629886865952742,0.4099627600822371,0.3741864819297304,0.5652983624021042,0.6035880428677172,-0.6174092621403501,0.07994405873148386,0.3506664749693762,-0.38115383129742164,0.3811538312974216,0.5017942641392662,0.23661843349656447,0.4950911836886299,0.0449685330364597,0.48311408313838516,-0.4197063083402906,-0.025263350987512385,0.05565780046427398,0.3741864819297304,,-0.465638598492661,,-0.42020170086458886,0.4099627600822371,-0.6076421852624381,0.300516406699409,0.5329908181009042,-0.6221345960422259,0.6536094381453497,-0.1433697897540761,0.5654201226599805,0.6488569333307662,0.4766414608844987,0.5738617726514141,-0.6123281735470779,0.9871410933359369,-0.576177393470169,0.6359822663109922,-0.20631262428025576,0.46857443480600464,-0.6386597389218448,0.6556387971159652,0.5333666552055217,0.529629389096081,-0.42586791664663737,0.770243035648642,0.0449685330364597,0.3345295094261774,,0.20928863266485423,0.5864022047523556,0.318210996771242,0.5533126326240366,-0.03147141726308986,,0.7063591421571362,,,0.6013301823197272,0.35305317937263747,,,0.4900187544604117,0.5358199177707729,-0.05598876491107691,0.5518994227421534,0.5733092545120085,0.24541540959297745,-0.0626241345820261,0.5363927627454568,0.04496853303645971,0.6145484711544904,0.5399341346331168,0.6478833895844538,0.5310346976128089,0.3393586177668559,0.34616792871550117,-0.318210996771242,-0.5160941701734671,-0.25962594653662585,0.44989475700932113,0.38115383129742164,-0.29479371657234693,-0.3648678030435739,0.42461592693373723,0.5160941701734671,-0.46815385405512466,-0.4124474401712097,-0.5160941701734671,-0.47119705291126224,0.2827468726780059,0.4099627600822371,,-0.2063126242802558,0.38115383129742164,0.4005457861019995
POM_Q7,,-0.2803362963586284,0.541931346216626,0.40681064313248616,-0.5313445134791657,0.7784677258805455,0.19257674330707883,,-0.48464770315531125,0.36661778755338315,-0.25183112586310324,-0.17813911176909758,-0.41761352516944655,-0.18068343357736558,,,0.7949962992933259,,-0.5599539151544297,-0.5912255951719394,-0.5682671080311318,-0.44217936215065723,-0.5204472455316334,0.5000930246229536,-0.2751669418337461,-0.42027552507548305,0.2518311258631033,-0.25183112586310324,-0.46662826262869134,-0.034565056491014184,-0.5264276775652519,0.06350006350009524,-0.41445044721067503,0.254000254000381,0.2446242980947034,0.1659214637363779,-0.39735970711951324,,0.6985679989419287,,0.587605960347241,-0.5912255951719394,0.7671321382421514,-0.35263652207422264,-0.41553534661028224,0.7491145344366024,-0.634779674850796,0.19257674330707883,-0.6870209305099646,-0.640252342957226,-0.6089639204032034,-0.4527462564407442,0.5894648252098522,-0.5904892745335769,0.9999999999999998,-0.5246154580968143,0.10369516947304251,-0.3999670822531639,0.9061561688163697,-0.6008774651526343,-0.41195323745022594,-0.508000508000762,0.44338154029664995,-0.6287470671378559,0.06350006350009524,-0.1036951694730425,,-0.05462522410478495,-0.509458876106687,-0.14517323726225953,-0.47674540306436186,-0.19257674330707888,,-0.5866708608934047,,,-0.6891557409738962,-0.4079015827236455,,,-0.6317854212528626,-0.5664398122413461,0.1289954581914849,-0.38518962601019907,-0.6175970619251241,-0.36693644714205514,0.17686307531415274,-0.5101127853361851,-0.042333375666730164,-0.5541044972924358,-0.5412145727802046,-0.6307530914435467,-0.5246154580968143,-0.42740198753127245,-0.4399413450640598,0.3110855084191276,0.36693644714205503,0.2199706725320299,-0.692373774271505,-0.2518311258631033,0.1481668148335556,0.2707139671488271,-0.5255402578032271,-0.36693644714205503,0.6523240095093853,0.5356901456301231,0.36693644714205503,0.7172249221885441,-0.3652866891945764,-0.4988465959263239,,0.10369516947304251,-0.2518311258631033,-0.4313979814072881
BigFive_Q1,,-0.023921457713890718,-0.15210815276754291,-0.25361282696001386,-0.06331560630235944,-0.21154333755644994,,0.09315150440803015,-0.023921457713890718,-0.39004930221304834,0.042775069765909224,-0.18255543540969724,-0.5069999898600004,-0.24631157809860993,0.1259282758955692,,-0.20539999589200014,-0.32361859127910364,0.18574993571971551,0.20007899807802543,,0.012523258111478794,0.12289527138667065,-0.3465176693864545,0.004023280793501033,0.20256425538916453,-0.08600877334234419,-0.15303047574432588,0.46019999079600027,-0.26027463200334794,0.7700785520186633,-0.10217319539540222,0.21154333755644988,-0.11915912291931854,-0.3460615928741006,0.2679561117159804,0.7992859483217083,0.2627611428477282,-0.09456696123437713,0.40604141833711327,-0.15525255588568096,0.7101815032012879,-0.2504988246398125,-0.006893826701031473,0.14520863388001218,-0.20539999589200014,0.7414543529226894,-0.30826613027166333,0.10913126446903537,-0.37170191386564033,-0.36568985607891247,-0.42840859375336293,-0.17708589133647598,-0.3965614213557094,-0.2810454648443487,1.0,0.540963468935669,-0.08816525124657157,-0.08690007977327589,0.3867522540644721,-0.7082259084620114,0.2315880406746471,0.1539249148945561,-0.41564552694567036,-0.4121249093548912,-0.09306666046392498,-0.22100452712386442,-0.29536661884865545,0.14053878976782638,0.014001428218521152,0.4085123139613308,0.9862351923902971,-0.3145999937080002,0.8232486007305176,-0.5198295713036956,0.9901999801960004,-0.569068602776049,-0.1775123709526748,0.14521579950435853,0.4442693815983084,0.2447206149498044,0.616833665564342,-0.09995617729620526,0.018251873760402645,0.2517799490178521,0.8503060400970077,0.7044765523421993,0.29942069183609255,-0.16309069793571646,,0.09145694614822,0.47730088079916055,0.28912043346480426,-0.3135504631994702,0.4239703421134363,-0.29672881000258367,-0.3289780978460811,-0.4808444123969459,,,-0.43442049420404505,-0.43558797072073935,0.2947897150873422,-0.024761792310995366,-0.45494485336114654,-0.3549671113442565,-0.2657967497432644,-0.5253758177623353,,,0.015547892462565188,-0.1860189749032096,,
BigFive_Q2,,-0.0962498036572848,-0.31973403028225267,-0.0040221506449641675,-0.16780562927582465,-0.08801791934074582,,0.16300166249683468,-0.0962498036572848,-0.1964817372883081,-0.044673634710899635,-0.11279413450757049,-0.4377554824427642,-0.3135050555601178,-0.038416462456948686,,0.03225566712736154,-0.43909866349861604,0.028680533831309446,0.22961666975774644,,-0.14981515704623538,0.25832803638830315,-0.17546560158589913,-0.09863744978329192,0.29606978288017416,-0.180791964401848,-0.37834876860344135,0.4594786868346607,-0.13704754516628015,0.5494657741624793,0.09908176936746993,0.13840985789460797,0.14620462269021708,-0.061942834599580554,0.41674528216633533,0.4822586222565036,0.4169539239683969,0.14995791852251555,0.4053048613714631,0.20539550206178164,0.3502838842265281,0.008187720881912622,0.06719820937484536,0.0010590606096252675,0.03225566712736154,0.36279621002743406,0.0008644569727664364,-0.20460132218636912,-0.3673872674104523,-0.31371198152780744,-0.40101214050164374,-0.11827833186246065,-0.4063016518563285,-0.22157522893836828,0.540963468935669,1.0,-0.027477797953646375,0.14863957865651248,0.35302578984099825,-0.40885164876456587,0.03712532006224442,0.1899194557450919,-0.3874331404604605,-0.2622145570301345,-0.12370579453096521,-0.19223200390750764,-0.2604690513614415,-0.037795025316507955,0.17370208344491284,0.16658454462833935,0.5279790071581654,-0.47001114957012563,0.4973982272599603,-0.5145357548488094,0.5518909199703512,-0.3981929138514526,-0.522158218416818,0.06566189211096027,0.398799784071927,0.015104528995209796,0.5455831596907093,-0.1287778657788776,0.10662728426011839,0.18941404148471164,0.6255895478581519,0.8396379327434311,0.10535164339119218,-0.1034027417544065,,0.2481975251573893,0.11811408280659497,0.17717489449488516,-0.24596653613171388,0.10537901015600745,-0.2845237136654197,-0.3719781528773919,-0.4673330015614243,,,-0.27352380323467396,-0.37318849243893,0.15043385092837655,0.058513417306556015,-0.4324994339090196,-0.3668699533682138,-0.3216437315815147,-0.510613103807837,,,-0.10662728426011842,-0.18079196440184792,,
BigFive_Q3,,-0.11676297316842024,-0.14057624970267504,0.13863147202027024,-0.048682224868891864,-0.157519967627681,,0.07098404687956858,-0.11676297316842024,0.06942098029916444,-0.07754056266726299,0.024382404782914563,0.13810635092087853,0.07848640798479,-0.16082929390901257,,-0.12583023083902264,0.12479241330332312,0.3454982669239403,0.002581120066611091,,-0.01478240610262789,-0.026988857588704392,0.058432590727346086,-0.10764548015915669,0.018099662998191934,0.1959657562905818,-0.057212300686217625,-0.003945895740596533,0.025231217907298556,-0.05902583020800658,0.18318283833996446,0.22464495383265864,0.07754056266726297,0.02498586161733858,0.038729923114777756,0.00036582942395604195,-0.01262288229467072,0.0006527864344959833,-0.038563542402564266,-0.04043754771024061,0.08247381970417125,-0.07392196425829724,0.6082741438290563,0.2941372436251771,-0.12583023083902264,0.00964262354264512,0.11054465748987935,0.26508854497067996,0.0650901047941397,0.021238536850689896,0.08448141507282377,-0.3642452069184107,0.09400858378251727,-0.3791371366915586,-0.08816525124657157,-0.027477797953646375,1.0,0.031011506853357726,-0.21379495812940807,-0.014131256003192032,-0.2149835307811342,-0.358244635837488,0.062485437029518795,0.10956124830210429,0.09968372256730351,0.3931126200340309,-0.20333201371277887,-0.10811830907714697,0.19596575629058172,0.4566024986303076,-0.10159303945979604,0.27928173186222094,-0.04417088672165046,0.19912246297454134,-0.10175014913999765,0.22971301885484396,0.23726166424722486,0.215647575986122,-0.09307778880998233,-0.18826673495910265,-0.11965175221561783,0.0657423300641849,0.3295501708454588,0.22909173709150588,0.06948312417687018,-0.045297633529392936,0.4998333811128008,0.6919142125056036,,0.2800093974828081,-0.11777374655964942,0.3930624181106712,0.012809037600514217,0.3031198910720046,0.10539665041002938,-0.07098404687956858,-0.05289340381122232,,,0.006747214397176102,-0.08285145443797613,0.24777534589363054,0.14057624970267502,-0.029523865184702125,-0.08861845562031453,-0.05735132237599685,0.029531029102313144,,,-0.05027036504422257,-0.040137564541444466,,
BigFive_Q4,,-0.09330845439557739,0.206642071288684,0.15207018804111255,-0.10778636357219337,0.6409380344677407,,0.09724332766526303,-0.09330845439557739,0.21602918591849846,-0.02362277956307668,0.03453069416370981,-0.24122532033850388,-0.37936673527535597,0.09576635971035924,,0.8308872144992911,0.14975062326893743,-0.26836971959836753,-0.35503241865030155,,-0.0968245836551855,-0.19150808657135665,0.459279326771846,-0.12442528431209948,-0.19134801862142004,-0.020619652471058066,-0.17965058257760824,-0.16081688022566923,-0.08425232519684712,-0.20619652471058067,0.5266402197051214,-0.17195898485719857,-0.05511981898051232,0.7561211547491911,0.4509876168016974,-0.2460076453177694,0.0629940788348712,0.5586971323529665,5.204170427930421e-18,0.03005565448891441,-0.35520166708373635,0.8413758413762622,-0.1421338109037403,-0.3942513445091056,0.8308872144992911,-0.2674972342249939,0.7341226628720809,-0.30682080136356077,-0.452656657573254,-0.47122678654620764,-0.43055926640821934,0.6403008294466375,-0.4858153952453165,0.6889445139187,-0.08690007977327589,0.14863957865651248,0.031011506853357726,1.0,-0.2269687601303699,0.03134291920269819,-0.14396315014973893,0.08002197692892457,-0.4244373438135826,0.15129413204986963,0.03553345272593508,0.06299407883487125,0.03443307793922239,-0.16578110536515644,-0.12371791482634832,0.05590169943749477,-0.047148245821750305,0.05360562674188976,-0.28931878117892235,-0.11941628680530642,-0.06803791086470623,-0.03509312031717979,-0.37359731921055006,-0.013170061077616903,-0.23791547571544333,-0.21023080454187465,-0.07718430415356878,0.011406926563690307,0.02787473366690304,-0.11490683996762349,-0.07065691130762401,0.12382558194275703,-0.0302613766334401,0.0668285346861481,,-0.17677669529663692,-0.5043496147901129,-0.22983780752097993,-0.017662956527089962,-0.09771699499632149,-0.027892800123960004,0.14586499149789459,0.12436708454077282,,,0.029462782549439508,0.27665837249659325,-0.2483164791662112,-0.02431083191631582,0.06271815075053183,0.1202226179556577,0.33882199931855417,0.06655583256397213,,,-0.06271815075053183,-0.22681617718163857,,
BigFive_Q5,,-0.20139178337241623,-0.3098296405336834,-0.008415893441882816,0.025848899787561365,-0.17914657609087498,,-0.0024986261333361445,-0.20139178337241623,-0.375304247480923,-0.1845211051055577,-0.2803714951342546,-0.3030222543708663,-0.09659052485636464,0.015310873306124767,,-0.26996528116677176,-0.3522855314803911,0.16251361062319156,0.19808656683244347,,-0.13932053426399726,0.1998569030334976,-0.26224417446771536,-0.23302978674246555,0.39503862996102096,-0.1398706954299899,-0.12809526702627055,0.6367402695741059,-0.2784301633461652,0.4662356514332996,-0.2777848236503402,-0.041774089492042615,0.02266048659191057,-0.3056357794616762,0.1236046493218193,0.39338351298970864,0.305916568990793,-0.20625025177048062,0.21757663733553978,-0.08186033561106831,0.5110983611951568,-0.27519775564124854,0.04930291927372716,0.2317265265320127,-0.26996528116677176,0.41544845888239496,-0.35348690876329686,0.04969076249907485,0.012983242236172768,0.03915769917629122,-0.04425215223818042,-0.09871355232675902,-0.037939053901017504,-0.19438697104691666,0.3867522540644721,0.35302578984099825,-0.21379495812940807,-0.2269687601303699,1.0,-0.26656854587662815,0.03144211363002594,0.05135312090203627,-0.0498548016017577,-0.5959338411965027,-0.17895133662315765,-0.0852465924171875,-0.08999103883381844,-0.06519155262721407,0.07205460067605542,0.08043674796096129,0.36960366768372743,-0.36362670524503954,0.4955949060121494,-0.33828569012285986,0.3733742742667596,-0.26209496719006353,-0.12372592148670228,-0.2968888485022172,0.8191604142136768,-0.03289449161298181,0.7945076485852999,-0.25479825182587945,-0.19767933645941743,0.17923306157969865,0.36651729491976176,0.19701412549893735,0.13296160754382325,-0.04916416906367538,,0.10295658641119566,0.49713772221914276,0.39929375758916963,-0.02299467094961946,0.09495377045310409,-0.3803254514352269,-0.24736398720027944,-0.4072055925200425,,,-0.1332379353556651,-0.3434010155802264,0.04132060022585421,0.05996702720006776,-0.5557940764221301,-0.49734015220309413,-0.27556027539467093,-0.48054482692228107,,,-0.0530009815144815,-0.03390804737696723,,
BigFive_Q6,,-0.09463038458666428,0.09486556884268085,0.2854294565973665,-0.08839987794692615,0.09774949685701421,,-0.09486556884268085,-0.09463038458666428,0.31386793239881106,-0.15696625669199643,0.1780371585571361,0.4914458721259561,0.3863048614133966,0.00600319454947662,,0.10837011539187749,0.29491589591639045,-0.12139826739992321,-0.22891376390595242,,-0.1153210738888959,0.03878488374321738,0.3358869460445234,-0.10529599409010584,-0.25580238186912374,0.3121532889704467,-0.21801651898189414,-0.3791153870685946,0.19988172308797547,-0.5719578897284583,0.17471912982483118,-0.1712453591555212,0.00888488245426395,0.3010891999034141,-0.05565761946215495,-0.5506568445412255,-0.10217614822403542,0.009112970948816607,-0.3573928960676128,0.0007065239626727025,-0.518614912333892,0.1870860718070707,0.09689382598702334,0.08051350017534643,0.10837011539187749,-0.5174880114098322,0.2666585893417779,-0.1459983773639224,0.46324101830265585,0.36719796997205545,0.49151877279340106,0.15115722543870996,0.45461191492256703,0.20000701340002502,-0.7082259084620114,-0.40885164876456587,-0.014131256003192032,0.03134291920269819,-0.26656854587662815,0.9999999999999999,-0.22335515647380394,-0.027711693362622587,0.511219335077231,0.4529250578408677,0.05512924582020301,0.2063267147712406,0.21415069809595952,-0.0013554949019462977,-0.07561477186240637,-0.3364075101624796,-0.6928024719287953,0.16885576119199514,-0.5984942820327288,0.42879082923975836,-0.6934524199584001,0.5945072111401795,0.07578733132094695,-0.188644189234408,-0.29268589714750987,-0.20888896842256735,-0.4700655568179472,0.1669648183564124,0.04652322171255864,-0.1703305119975202,-0.6714127509363715,-0.5794365025303542,-0.3137097212309178,0.018520685736907655,,-0.1080436047132484,-0.24383826058487784,-0.26421634721556614,0.23417644596785547,-0.36251655584800113,0.159986245853879,0.09486556884268083,0.38924588715476627,,,0.4543372095634036,0.24412991167871645,-0.2101400102665361,-0.09486556884268083,0.3741515436319856,0.28190306110640434,0.030473837226813624,0.45136995210545705,,,0.18281660363104024,0.11826925855402019,,
BigFive_Q7,,0.7177048796237246,-0.2344908843440532,-0.5153158472433911,0.5482766769873431,-0.09452198187062996,,0.05949768707237171,0.7177048796237246,-0.04213581191685957,0.7096356368356884,-0.24192917875502357,-0.1929308722878383,-0.02730741513613115,-0.1348045289289244,,-0.1697791676132977,-0.4742885721790264,0.2547844718409913,0.43485412335364404,,0.6690802595969958,0.11876353966383377,0.0,0.6727197433435772,0.1748639685306511,-0.2315406697286566,0.34268559527193465,0.07937727316985346,-0.04105277894478817,0.20779290873084566,-0.21600631205036377,0.2070481507642371,-0.19951417265667915,-0.2834576532418126,-0.17042969473240108,0.17662022939029148,0.027206478089547136,-0.17727825119471702,0.221645769312902,-0.05192288040043508,0.22300956378596443,-0.22701811787519044,-0.2148513271851425,0.11351533101260161,-0.1697791676132977,0.3052253822966574,-0.23308964923402886,0.08834177819153101,-0.036371653038417086,0.04185828693952741,-0.014443029511057345,-0.17455309523629678,-0.012827334572103763,-0.04751714994397985,0.2315880406746471,0.03712532006224442,-0.2149835307811342,-0.14396315014973893,0.03144211363002594,-0.22335515647380394,1.0,0.055634213273652366,-0.03491619260376638,-0.2025023856237841,0.10486790969751002,0.10278002833828924,-0.12321920289855098,0.8259839413167072,0.06530634274398008,0.3648329086551352,0.2696532333397375,0.05402064424059473,0.194372467968003,0.02363837413805528,0.2362661143709527,-0.24250157517336055,0.157368722589734,0.5915530858842355,0.24546593969914393,0.9188060355620437,0.24873103156203322,0.5386340827764754,0.3431058970372852,0.25689297488527196,0.1579650449628125,0.13566524695485585,0.23743050938696686,-0.1458317766059466,,0.09331420973586936,0.33959849635640343,0.09819716390545562,-0.13053116294668524,0.1688117570740405,-0.11243499042558489,-0.23449088434405319,-0.08696363243208144,,,-0.3053919591355726,-0.17156940045499453,0.03745072841175783,0.14699428570821244,-0.15851091149675753,-0.21850878835183113,-0.22480241436368534,-0.05509412707130107,,,-0.14245917362366817,-0.08311716349233825,,
BigFive_Q8,,-0.050576018322918775,0.08313029891316172,0.02136987584605428,-0.12173562953423088,-0.0014645319292910866,,-0.026191738013735893,-0.050576018322918775,-0.06593845484888076,-0.016229273547808426,-0.13533011070024237,-0.2385451794193195,-0.3259243189783958,0.08573054370713673,,0.032643024552117386,-0.12704289886256875,-0.41993968723287695,-0.04857154812193143,,-0.11489857357170849,-0.11316816506079204,-0.23904025815199126,-0.07900646387856387,-0.10677838738755771,-0.21055933301975194,-0.18566071299971365,-0.03336045366315296,-0.08014549789873758,0.1255629050117787,-0.18897347468202103,-0.16329531011595466,0.016229273547808412,-0.06608251721339252,0.06337566556144876,0.11284072976324383,0.016229273547808433,0.0678298324837808,-0.04056647700380545,0.1274123218850664,0.019411470952139725,0.027761798489544638,-0.3362214679705997,-0.22565066798508857,0.032643024552117386,-0.08863914544367231,0.03956960532287414,-0.023518048474564405,-0.2879718027319679,-0.21180944142342673,-0.3170145721782419,0.16974793683378087,-0.3281327068829202,0.15264603902954765,0.1539249148945561,0.1899194557450919,-0.358244635837488,0.08002197692892457,0.05135312090203627,-0.027711693362622587,0.055634213273652366,0.9999999999999999,-0.28591563013229854,0.16012653239444077,-0.16977519669802563,-0.19278409790123946,-0.15990937924184156,0.025660047065470468,-0.11397248301069143,-0.1780617284967172,0.13492076296594113,-0.18330313786958233,0.09034872520040699,-0.2335375415211564,0.1377187958914775,-0.18575353620031787,-0.3166220937585635,-0.0069916891719004615,0.0984428034695582,0.015285918870999143,0.05451027506906059,-0.07943628237698838,-0.12991834173195313,-0.005065864905015871,0.15263651843665177,0.10666441780265173,-0.2097910987634336,-0.40003103097121967,,-0.16285174972162758,0.03980873774432785,-0.3118694068851537,0.08990760041065551,-0.12816362887988209,-0.28482969819194626,-0.03074682288568993,-0.21138676451616914,,,-0.126969160799913,-0.08573054370713665,-0.12074784874108575,0.030746822885689917,-0.03198994344153619,-0.09221554788366686,0.044163186365187145,-0.1660131132375898,,,0.12991834173195319,-0.11397248301069145,,
BigFive_Q9,,-0.00646589265943015,-0.0235849712559075,-0.0056742212470682965,0.10456813223750136,-0.10995265602869689,,-0.03537745688386123,-0.00646589265943015,0.06084554357361274,-0.09166984970282112,-0.08933251724729396,0.7020688061146642,0.7862668305683765,-0.14452202432768346,,-0.286028032120789,0.17756376495788168,0.40109031437471154,0.23508853405187377,,0.03131121455425746,0.1143323900950059,0.04950737714883371,-0.013412250711537121,-0.016142160450716484,0.2200440132044015,0.11982208241740426,-0.14115669117649327,0.3017972728967141,-0.28005601680560194,0.019279851298936335,0.28056884641805413,0.015278308283803502,-0.11815494241307199,-0.41473463669761557,-0.24176198470790716,-0.022917462425705297,-0.23782327357767516,-0.23338001400466823,0.043737401684069574,-0.11007935232346294,-0.25155011731709304,0.2671619731640932,0.4422424827114288,-0.286028032120789,-0.07689198091644353,-0.17561184548352388,0.2525599145842513,0.9804088442468002,0.8948607706565049,0.9854566397212078,-0.29076653288380416,0.9755502919660692,-0.08386446256813093,-0.41564552694567036,-0.3874331404604605,0.062485437029518795,-0.4244373438135826,-0.0498548016017577,0.511219335077231,-0.03491619260376638,-0.28591563013229854,0.9999999999999998,0.12099174214830931,0.0947994098324202,0.24445293254085632,0.18134138687813406,0.020977995135105593,0.12002400720240083,-0.036155076303109386,-0.40126908164741143,0.20802038699693748,-0.13098420799889593,0.4597829221875075,-0.41404057796505817,0.4879830272478733,0.5134604028508984,-0.15758097709784022,0.038468652405641006,-0.024352697113530622,-0.25631922571205246,-0.029510251347927268,0.04056369571574181,0.013114824589410566,-0.34475245919523023,-0.5023553767093871,0.011009192844376885,0.17402596251552144,,0.17149858514250876,0.23886647060526403,0.11508409043423223,0.3312879728995545,-0.1206537943321711,0.3427598840786267,0.09433988502363004,0.31025261399701143,,,0.02858309752375149,0.14452202432768343,0.01147154142502834,0.023584971255907514,0.24338217429445097,0.21139744147300277,-0.1143323900950059,0.33898536946504687,,,-0.04056369571574182,0.32006401920640226,,
BigFive_Q10,,0.02354653799281732,0.19324863784821414,0.26747811476304484,-0.14573860152143184,0.1242649954398351,,-0.13360399653703695,0.02354653799281732,0.1750742612240068,-0.013909574648825848,0.2857828594275086,0.3156408689216493,0.038922076707649716,0.13992872277058663,,0.16308111560951877,0.3902614303830496,-0.2790290736189325,-0.22011119699816517,,-0.03800819376052221,-0.22841911976674234,0.20032077005375096,-0.012210691067064215,-0.349439105029174,0.210448717020313,0.009917055837972727,-0.46669757047700994,0.12211566354049119,-0.38447361763326415,0.06630994508246463,-0.047558208131294855,-0.06336584006687335,0.24103609569313905,-0.052556911659558926,-0.3486536916955645,-0.3724674989296701,0.16112927617966352,-0.3116259848185404,-0.026546074009828988,-0.48511178180134074,0.16306252516759856,-0.06625560317137488,-0.09309911053842451,0.16308111560951877,-0.5123865828133684,0.24475358050038842,-0.17153798772252254,0.053719925558093864,0.027550008990036776,0.07466184291149626,0.08623379974613225,0.07411692465213417,0.15887244331491196,-0.4121249093548912,-0.2622145570301345,0.10956124830210429,0.15129413204986963,-0.5959338411965027,0.4529250578408677,-0.2025023856237841,0.16012653239444077,0.12099174214830931,1.0,-0.10984481578412156,0.20709811143807383,0.20854181752104195,-0.01980600243953093,0.008094181423858194,-0.06948946284698831,-0.4168483726532948,0.36298699925989664,-0.4164277385739271,0.36915241890295436,-0.41033312959814394,0.3639079930467176,0.19078661961632704,-0.12838503394918516,-0.5409010746534458,-0.21924674030711538,-0.5611042133643345,0.16343802412299172,0.09847927193850381,-0.0013266567086419045,-0.3679119267964256,-0.18906366500662503,-0.09206233302752845,0.11528861088828901,,-0.060719006520273275,-0.32814943880160663,-0.5318739929644756,0.2149397240905176,-0.2842016662351081,0.37592367522169806,0.2528932791593913,0.41322573556883824,,,0.33540022649293805,0.3299811671306371,-0.11140099812066775,-0.07395935522585974,0.5771979549728974,0.5058501880761854,0.15613458819498843,0.4719060810908006,,,0.17507426122400682,0.21044871702031304,,
SelfConst_Q1,-0.2023863286558307,-0.09558615522267468,-0.43977853768341385,-0.2804286111161748,0.3161309978869966,-0.06228085360555985,-0.4767969331113108,-0.4335227644481176,0.20401824399789803,0.004137994015132542,,-0.1421091669831556,0.1421281018178161,-0.24052152201443605,-0.14708808079489705,-0.17442820694932673,-0.11954551546802167,,0.5222706842133437,0.20876112329092517,,0.06447308071870503,0.035216388627864116,-0.35080940979295416,0.1737854377133879,0.07431995563080535,-0.1432173418266103,0.1737854377133879,,-0.3711265570782604,-0.1829297347323632,-0.39238347257299555,0.49302944079009775,-0.0888884399846673,-0.4966498838802338,-0.05609365245506983,0.5274770020923483,0.005292638392975155,-0.5563827620468216,0.12096386795528634,-0.4335227644481176,0.4177592260824063,-0.4165880982159618,0.19082622238728222,0.5261547936818396,-0.48648543013139167,0.5878427947881935,-0.3163075007044431,0.21421311487609612,0.035216388627864116,0.1541116145760233,0.03521638862786412,-0.20276170674149482,0.47114997272690895,-0.28552158704414576,0.14701592318636406,0.03138382419325893,0.3711265570782604,-0.05586291920428941,0.10488462340991314,-0.004137994015132551,0.09068875712355165,-0.29453637423659496,0.44720819511963,-0.055862919204289416,1.0,0.2800042616906358,0.0887957385766141,0.47600918598303343,0.18909129034026728,-0.07177534568148855,0.0010688496913800472,0.13611393218969237,0.20775356918819393,-0.10069118770155867,0.17423890867491015,0.2767021174569974,0.16840161353149083,0.06950215574834853,0.10796879539202572,0.10653207148833042,0.022729712840183644,0.08438844176186852,0.28692337655588057,0.03613868108989752,0.03454092619972113,-0.014885451278816547,-0.04807412937827846,0.26324604196000395,0.06228085360555985,,0.6546390811259267,0.4816518383103262,0.5512632063373624,-0.2767934343851022,-0.25710813924346504,-0.09946210586112142,,-0.1253005558346103,-0.24967516552831873,,-0.3711265570782604,0.10289018042148595,-0.12386364698517649,-0.21766816511603315,-0.09103159344533965,-0.2399858160337794,-0.19767983930332989,-0.14321734182661028,-0.08780592274176195,-0.5302912386552867,,-0.17227363367999246,0.13699877055424248
SelfConst_Q2,-0.021166643426872328,0.04711285149852227,-0.3464790731004234,-0.26784543924613236,0.09537723058655026,0.059215620541404335,-0.23603492411577115,-0.0890870806374748,0.0974048707614255,-0.005291005291005284,,-0.24813681514881353,0.14497617442895538,-0.1941871882362959,0.21281913707841196,-0.24857629925287894,-0.11688964981403885,,0.37078222928497484,-0.0013975411211517713,,-0.03394500514782106,0.024246432248443597,-0.21821789023599236,0.0013975411211517297,0.06062161608348492,0.03464497580346242,-0.06847951493643743,,0.024246432248443587,-0.03860506952312748,-0.21102870929391931,0.46068221272042836,-0.05118872801088095,-0.16131151802658417,-0.29180695999251005,0.47234438004767737,0.022235676986020386,-0.21807142542974994,0.18156825980064067,-0.0890870806374748,0.3512442674719943,-0.21807142542974994,0.2341537672204151,0.4884786932235478,-0.3074449604419426,0.46068221272042836,-0.19147565263451752,0.01640884499200547,0.02424643224844359,0.13835657099402654,0.024246432248443597,-0.26984126984126977,0.41660670061926675,-0.26984126984126977,0.2819706932621662,0.13185117242727099,0.32213117130075064,-0.07407407407407406,0.2667876053037981,-0.07407407407407406,-0.04133166632307567,-0.2737188184773898,0.3079021906106929,-0.14021164021164023,0.2800042616906358,1.0,0.0907632532916191,0.32602788978480746,0.1576824234601242,-0.12079188344295991,0.18996770413062375,0.18542990776300464,0.3440282351772223,-0.11816578483245149,0.2887779574420967,0.17746639819085858,0.23425474049997788,0.2947083743296445,0.13560258763424843,0.06204995980000715,0.17796186551376383,-0.13686955053123634,0.17041084219172453,0.044628595347383906,0.04866634910144106,0.28400424003618685,-0.1212776859006916,0.24154628918049245,0.1449761744289554,,0.41766451465914106,0.5479693688148253,0.39253087447208634,-0.03932435540536474,0.0428802769437755,0.0013975411211517644,,-0.19147565263451755,-0.12527323328362527,,0.024246432248443587,0.04532722813181022,-0.08908708063747478,-0.2518126596850072,0.08655135539531862,0.03464497580346242,-0.4166067006192667,-0.08908708063747481,-0.16840826742715193,-0.2128191370784119,,-0.07493925260371806,0.03932435540536468
SelfConst_Q3,-0.23378134282546414,-0.00038898725927699607,-0.019415272984225768,-0.28180138933236865,0.009056044220359397,-0.22218602077854252,0.016538936245821916,0.06203117106180049,-0.014670142580361895,0.05727127790725774,,-0.07457742129300589,0.04769438142366615,-0.20590598273605396,0.14943873028524657,-0.06325031858035145,0.10984810816086436,,-0.04313156614024534,-0.09633742694722876,,0.035914205895149334,0.1914108775730489,-0.2969828564406584,-0.02308913538404661,-0.16147934006259834,-0.07894876316956419,0.1759551351680789,,0.09274547676219903,-0.20311413465663186,-0.17595513516807904,-0.013813156113519,0.12900540619654755,-0.010469498361292587,-0.1886314810759154,-0.009056044220359369,-0.22966967318012366,-0.012219832548301321,0.026817561423305502,0.06203117106180049,0.0448985317283881,-0.06313580149955675,-0.12298166495110127,-0.016538936245821895,0.03869613640295411,0.02071973417027849,-0.2871787267700824,-0.2710947375945592,-0.10458532485950095,-0.2555728433889291,-0.20325072567035096,-0.18387094486014344,-0.05293198994279994,-0.12358538916829313,-0.5125868783804858,0.16220575193343661,0.005919924048650995,-0.24566363944428998,-0.4244258439871331,-0.1703066948294771,-0.03662802633776427,-0.17805595252767958,-0.10500819493203772,-0.13262822252207068,0.0887957385766141,0.0907632532916191,0.9999999999999998,0.08984046965638887,-0.13774154183119175,0.025373111886612724,-0.3453056424112585,0.2313517454196106,-0.138931300239848,0.08339501870705962,-0.19245311156048353,-0.023397357064831592,-0.10919010647654462,-0.07659123890091035,-0.2508382320475673,-0.11525279748980562,-0.297803110504232,0.20875679985005502,0.05998109385850532,-0.006074962697945108,-0.11490710859456903,-0.22728090461459177,-0.021768622816957184,-0.09685632850185985,-0.1267972579312101,,0.10085643353241194,0.1187931425762634,0.12744177739234974,0.14052807430546496,0.16402214099358367,-0.14251569771532188,,0.04675002528815292,-0.031079601255417744,,0.09274547676219903,0.03841936804848989,0.20301110529316518,-0.04638092990676149,-0.11221861075546033,0.20301110529316518,-0.03244218738429672,0.06203117106180049,0.20609749549443607,0.062031171061800464,,0.2031141346566318,-0.14052807430546493
SelfConst_Q4,-0.08540428088845584,0.3004584339690253,-0.1968730447119402,-0.1448551131076072,0.1916437641812681,0.5292708575358066,-0.1255422314105126,0.007458533939516858,0.6175238778896672,0.17541717982986924,,0.041221782398328646,0.16308927586859157,-0.12181612708642613,-0.007458533939516858,-0.04293865560848169,0.14152374011397112,,0.25744203760264334,0.06739471198529162,,0.39462341143060964,0.26621420612382385,-0.11875241547680385,0.40647435666129017,-0.05308544883468899,0.007458533939516858,0.24851800044576297,,0.005219886394584783,0.19335486921860087,-0.09056164423023563,0.21010042738203755,0.1477447364600885,-0.06769743526620783,0.0059225731873767985,0.23613249515191967,0.056819626612967015,-0.05656782417790767,0.01013415202572357,0.007458533939516858,0.4002911036087804,-0.05656782417790767,0.09960841222836464,0.2682038580133678,-0.12391047200875013,0.25577443333465444,-0.041221782398328646,0.254888772863768,0.005219886394584786,0.17269894946230974,0.00521988639458479,-0.10365560626310447,0.535983526389082,-0.06378806539267967,0.13682952564538342,0.08495093615068616,0.38627159319927384,0.1833906880039542,0.008630706239547023,0.2332251140919852,0.4143784671416526,-0.2940105088530188,0.3819372900068781,0.08372183582789212,0.47600918598303343,0.32602788978480746,0.08984046965638887,0.9999999999999999,0.5861449114623474,0.11745674307524054,0.029863741933615073,0.216151549462991,0.07875161888536765,0.10365560626310456,0.21531233567957636,-0.0834687309623867,0.32805923585383745,0.22492335549348258,-0.04554837221755888,0.32755765591832753,-0.1073949117496191,0.13423364903313023,0.1447611714990863,0.12439195932373003,0.048327993389004495,-0.029245210974738353,-0.06008700136575079,0.46073296664857555,0.009231468445391976,,0.3535616925995584,0.17538818285804872,0.37527888781275986,0.14546011931461966,0.08616037215699174,-0.12004683072380073,,0.2900246833025265,0.17965109008029295,,0.005219886394584783,0.3965185505941415,0.30579989152019094,0.08845020849377025,0.04272781933696959,0.19392188242743816,-0.15959060055405247,0.10069020818347754,0.32742054526416847,-0.2722364887923651,,0.2771990160479057,0.39328106333211976
SelfConst_Q5,-0.1343010245238241,0.40290307357147237,-0.06770991295584819,0.193120739441384,0.2436368683611978,0.6207025776190681,-0.02256997098528274,-0.08849904067559858,0.5004927273850094,0.2838283622282236,,0.034936856288894216,0.2555834143137339,0.016613863114723126,1.3877787807814457e-17,0.1581168111246263,0.12505025350302407,,0.03471217964147067,-0.12494846938237852,,0.43355498476206,0.3096821319729,0.086710996952412,0.32486602039418405,-0.14648465439757177,1.3877787807814457e-17,0.22490724488828123,,-0.06193642639457999,0.2030307236343315,0.17492785713532988,0.04335549847620601,0.2327072564390042,0.03651191633053341,0.22839094940223795,0.0406061447268663,0.017286969315852746,1.3877787807814457e-17,-0.12024651756097046,-0.08849904067559858,0.052193886700168224,0.1278483901080495,0.08801390628992477,0.06770991295584819,6.938893903907228e-18,0.04335549847620601,0.2794948503111534,0.20312973886754457,-0.06193642639457999,0.12494846938237847,0.30968213197289995,0.13245323570650433,0.08932160964501717,0.2838283622282236,0.08158528550311195,0.06833783903356286,0.06193642639457999,0.2838283622282236,0.05973766204398847,0.2838283622282236,0.45164731768471666,-0.06942435928294136,0.22472067725361083,0.28382836222822366,0.18909129034026728,0.1576824234601242,-0.13774154183119175,0.5861449114623474,1.0,0.3016623232163269,0.06109438862226611,-0.07000532639300079,-0.10901628357676496,0.09460945407607463,0.17320562202530232,-0.23580858537932545,0.46541697538214394,0.095072547660897,-1.0408340855860843e-17,0.49239360505068575,-0.02135684137016519,0.11654238109858175,0.11645151995343422,0.40253715312783034,0.03521089341641767,0.03336618182566728,0.07723741496858684,0.6220254298275607,0.1825595816526671,,2.7755575615628914e-17,-0.05202659817144725,0.16603891804563298,-0.06392419505402473,-0.03651191633053341,-0.024989693876475705,,0.27949485031115334,0.18064791031752503,,-0.06193642639457999,0.25698927428225227,0.24779731389167609,0.13541982591169635,0.16010078848765158,0.17699808135119716,0.05359296578701032,-0.0884990406755986,0.14870813293635055,-0.08849904067559856,,0.20303072363433147,0.3835451703241485
SelfConst_Q6,0.07777121394490899,0.18230241548376525,0.20058001347977078,0.025132275132275117,-0.002781256524009789,0.09503148439467256,0.17159446239887913,0.2515567345776023,0.087758062281281,0.343446974517218,,0.25365240099399156,0.09253065585797063,-0.026172653331551186,-0.17578663380121606,0.2815792733293069,0.031813333139667346,,0.004755116583454566,0.09071645999654339,,0.09502621934663975,0.22908106449636367,0.17075023788849333,0.03765588905516899,-0.12240558964910267,0.25155673457760225,0.03765588905516899,,0.33513711287431003,0.14184408272449833,0.0479256769793059,0.23756554836659938,0.10838473685842895,0.030009942440422904,0.22983607352947696,0.21137549582474263,0.15510987421399358,0.0350271291661822,-0.09059713870302347,0.2515567345776023,0.07984035794422539,0.08975701848834194,0.15157068495963755,0.21487955201301073,0.08975701848834194,0.23756554836659938,0.2847607143234433,0.05565225807531215,-0.08908708063747478,-0.12323745508964389,0.01696896774047139,0.14904302667728328,0.1517251272814902,0.2138443426239282,0.16540660112435018,0.2469067678466928,0.08908708063747482,0.19116388204260248,0.028056966126368817,0.19116388204260248,0.11670894298572766,-0.03447459523004575,0.21548664505181803,0.02916059217599022,0.027029263722040953,0.05184105275731596,0.035686638823749756,0.23979760297214373,0.18024602347862503,0.8363939141314282,0.2016961694198846,0.02702585099652978,0.08266931212698278,0.0021600438648881892,0.1901860506966448,0.17858781447572175,0.09563409734217185,0.09163103903766467,-0.010504970026511929,0.15423912379907556,-0.1053219296011467,0.21463771309628826,-0.0279165981215322,0.04159861346145339,-0.06683901228578305,0.0649044002288641,0.5269912872557263,0.28263112505333066,-0.09503148439467254,,0.28102709897470723,0.3028960741674142,0.44456467830149166,0.30867657577698093,0.2800927961106137,-0.09071645999654344,,0.2847607143234433,0.3984172217398177,,0.33513711287431003,0.34120978359964477,0.0848625128695526,0.34550776888422946,-0.04386344633065126,0.4030969361303747,0.03181333313966729,0.024246432248443597,0.014005115926819883,0.17578663380121604,,0.2753443958769674,0.12916253880029702
SelfConst_Q7,0.46190490737748174,-0.19285720359575273,-0.13534441108077652,-0.05523629535980244,0.13461854286814645,0.028481235489627763,0.020540073226350916,0.04889905202407903,-0.08328766517658677,0.012300067173925275,,0.04314995781615571,0.09019057905048788,-0.029159316723568494,-0.04889905202407906,0.10392496357254419,-0.17535026834934114,,0.3903650600976055,0.4012368760370544,,-0.20291755995919494,0.18520253488339222,0.08454898331633125,-0.11695973714440452,0.2828078962459718,0.048899052024079084,-0.2387927966698259,,0.18520253488339228,0.2943130888195751,-0.12670638190643824,0.4086534193622676,-0.20371029957856207,-0.02848123548962772,-0.04682333523598145,0.3932973115167415,0.442749453755193,-0.08518479452229552,0.32047880718078586,0.04889905202407903,0.4331517853776882,-0.033242846642847025,0.4282797047633759,0.38292565086268476,-0.137126742401744,0.3734246763137963,0.2691194737481289,0.46068449950529894,0.18520253488339222,0.36062585619524723,0.08454898331633123,-0.018450100760887905,0.2914762738787061,0.10455057097836487,0.7711150781658358,0.07107619582777255,0.016104568250729756,0.1645133984512506,0.6113286185441829,0.24138881828828362,-0.11076378755210992,0.1455407304988183,0.34328422637932365,0.049200268695701134,0.0010688496913800472,0.18996770413062375,-0.3453056424112585,0.029863741933615073,0.06109438862226611,0.25531422161142364,0.9999999999999999,0.0053780483589473405,0.35179615835958544,-0.10455057097836491,0.426439648926495,0.27941852670874057,-0.008251135898613177,0.012360273442492797,0.4372489902984478,-0.061028139329983806,0.36604560921638085,-0.43518595605738486,0.01072397487591474,0.1670996152295978,0.5620796117430327,0.42641549410721247,0.3784891241322105,0.15889013925204665,0.2088623935906036,,0.33264027772408367,0.3043763399387925,0.2649255989245982,0.07064104911604996,0.030854671780430085,0.045484342222823985,,-0.15670247838498647,0.0035228743048471706,,0.18520253488339228,0.12593332567386112,-0.2818886528446909,0.13974585534356598,-0.0017345434028656348,0.2646301638950159,-0.20438176973168243,-0.09492168922321223,-0.13412528687939262,0.12080942264772468,,0.13461854286814645,-0.12258299699549846
SelfConst_Q8,-0.1450921074936019,-0.0004133678276170699,-0.1352553021999261,-0.33215642676380186,0.043993829610709925,0.07293511483916588,0.05578326022934804,-0.08389703761793896,-0.08337059593825186,0.124924947456458,,-0.020108643594601017,-0.32017279226006706,-0.021937405695066123,0.008988968316207727,-0.00773266012155914,0.1167330619586492,,0.10107188556977711,-0.060071616215085215,,-0.04990834089450871,-0.006290967339643957,-0.16880762361377943,-0.10914420410909847,0.026781563199433096,-0.08389703761793892,-0.23605606935223622,,0.0985584883210887,0.12785706730612573,-0.06007161621508521,0.2788995520575486,0.0845657636254116,0.1124931432265101,-0.2599363440862571,0.19659742607285996,0.04857882268932884,-0.012985735429291417,-0.012213602862114536,-0.08389703761793896,0.16552162281424587,0.04112149552608957,0.10344501384725205,0.2880861521433453,-0.012985735429291417,0.2788995520575486,-0.15732056459305532,-0.05883987722821643,0.09855848832108864,-0.01776766113403925,0.09855848832108863,0.1569569852658062,0.2764093746896512,-0.0032032037809348046,-0.06132179289568829,0.11452926467329373,0.2159898786611092,0.09929931720897943,-0.11875230152599547,0.17937941173234995,-0.021547082786201613,-0.2185973339067273,0.17372502536625398,0.01921922268560894,0.13611393218969237,0.18542990776300464,0.2313517454196106,0.216151549462991,-0.07000532639300079,-0.06495733801355928,0.0053780483589473405,0.9999999999999999,0.02372771287062391,-0.0074741421555145765,0.10702244913079256,0.10059587904262657,0.1847946001188288,0.40144066878822693,-0.006923637113632253,-0.06690640083355881,-0.06339011616218276,0.15607789798531607,0.22802025014425084,0.0652745361136171,-0.011410478035416609,0.10867549226639336,-0.1337691769720518,0.31234042320841227,-0.07293511483916586,,0.23724798064660826,0.3317436777105579,0.23764035605485875,-0.01298573542929142,-0.011125695483940531,-0.06684024902805256,,0.07925171299048647,0.0892967864043906,,0.0985584883210887,0.04082738015158933,0.24569846730967831,0.12264675707959397,0.01626165554032026,0.06591910098552345,-0.18568419700158187,-0.15880510691967015,0.34488580867055924,-0.08389703761793893,,0.07836400899407704,0.1753074282954344
SelfConst_Q9,0.4096817601018245,-0.3236991684755157,-0.4137321261717455,-0.1360043522089071,-0.11775104429418556,-0.13612945512202274,-0.30854599239926794,-0.16497800439902244,-0.2653888729184106,-0.07838618016696204,,-0.04341902305016682,-0.015125495013558074,-0.31659454588601327,0.07332355751067662,-0.12372555999334629,-0.2812192866800435,,0.34511838512583043,0.21739782761992688,,-0.4310527248642597,-0.05131580057907853,-0.1347039765200812,-0.37268199020558895,0.1881173247042421,-0.16497800439902244,-0.424443377734143,,-0.17960530202677488,0.07569709990340502,-0.1966932726085053,0.40411192956024355,-0.263498102949807,-0.24200792021692918,-0.24017314586943697,0.2859668218573078,0.22916263573297213,-0.23833221359956913,0.09962709627734359,-0.16497800439902244,0.4252314375633371,-0.23833221359956913,0.3750254339024036,0.4020447779748036,-0.30453560626611614,0.3592106040535498,-0.0651285345752502,0.29919611384171435,-0.051315800579078544,0.26915921514848085,0.07697370086861781,-0.3135447206678481,0.24421674895898512,-0.3135447206678481,0.2940397599404594,0.36802689961184654,0.05131580057907853,-0.03919309008348101,0.3217114685366596,0.009798272520870246,-0.3529391378219614,0.05032976449751696,0.04654660484638043,0.058789635125221534,0.20775356918819393,0.3440282351772223,-0.138931300239848,0.07875161888536765,-0.10901628357676496,-0.04248884814085247,0.35179615835958544,0.02372771287062391,0.9999999999999999,-0.24822290386204646,0.18162348066752942,0.30422369426090634,-0.017527682734987282,0.011252837743265822,0.2662464803756128,-0.28285212708819246,0.4807046694951861,-0.24675966868819002,-0.036181068978238376,0.06436188650549858,0.30631714718569947,0.13545890388543877,-0.012306352517391025,-0.1379140007586739,0.060501980054232324,,0.4074202333652042,0.5388159060803246,0.4377137796365057,-0.039722035599928165,-0.015125495013558074,-0.010352277505710827,,-0.3545886882430289,-0.04490132550669371,,-0.17960530202677488,0.11465015615318029,-0.2566324512873682,-0.20335985862679018,-0.08843153765707637,-0.1649780043990224,-0.24421674895898512,0.018330889377669166,-0.21561438627179408,-0.16497800439902244,,-0.033643155512624395,-0.22509153506625973
SelfConst_Q10,-0.14953209388661398,0.362564118053845,0.2896792250511737,0.05184105275731595,0.17712914251787903,0.3491679693993151,0.10981303956188286,0.08908708063747478,0.4400013127498874,0.2698412698412698,,0.4923659639173308,0.07963480003844026,0.37072099572383765,-0.0890870806374748,0.3566529511019567,0.29671988029717566,,-0.18636174875056324,-0.09643033735947307,,0.363696483726654,-0.09352195295828244,0.181848241863327,0.34798773916679415,-0.06881372636503691,0.1633263145020371,0.3899139728013477,,0.1143046091712341,0.12944052722460392,0.19705329808240155,2.7755575615628914e-17,0.5023436189542383,0.2021498770206561,0.02652790545386456,-0.07493925260371806,-0.11891253344697877,0.18232201142487292,-0.1815682598006407,0.08908708063747478,0.008756782291545563,0.18232201142487292,-0.17086896526895157,-0.03407990882954985,0.07507376941024178,-0.07273929674533076,0.03516899742266649,0.07194647419571633,0.010391328106475832,0.11320083081329443,0.1143046091712341,0.3333333333333333,0.06294058066909786,0.4603174603174603,-0.18615540914395445,-0.10318787407351646,0.1974352340230407,0.16666666666666663,-0.1761084550216485,0.16666666666666663,0.45464832955383233,-0.04659043718764082,0.10053949081165484,0.12698412698412692,-0.10069118770155867,-0.11816578483245149,0.08339501870705962,0.10365560626310456,0.09460945407607463,-0.07490446403446116,-0.10455057097836491,-0.0074741421555145765,-0.24822290386204646,1.0,0.047221552789273674,-0.22268076715668245,0.2058602264999806,0.18001516679413854,-0.2009532322772597,0.22800606530061807,-0.3212868578738421,0.3106721543804254,-0.013025032524208252,-0.036729728914218635,-0.017722427707461207,-0.25414834095222505,-0.004984014489069488,0.08672148719056222,0.14089233852954822,,-0.10828339268940693,-0.18912217153786007,-0.13928514900622418,0.12869789041755733,0.018377261547332383,0.05450410372491959,,0.2989364780926652,0.26671075473287953,,0.1143046091712341,0.07628240831938791,0.504826790279024,0.0908797568787996,0.15221100431590517,0.01484784677291245,0.08691794473351609,0.0890870806374748,0.4802754293292852,-0.05939138709164986,,0.21119243915593267,0.40754331965559826
SelfConst_Q11,0.3958664254670181,0.13218985433001673,-0.10431089603414292,-0.10677111618057253,0.40106015445977294,0.01682202401711309,-0.09618699447385146,0.07135431361514137,-0.029976763710554605,0.31602116097436994,,-0.03319872476422535,0.24602210125027935,0.03061781822710692,-0.007645105030193722,0.14569735371701012,0.17078442374092676,,0.38882584502340983,0.4648545568145227,,0.15480661252606595,0.2282862488863645,0.11235963812375753,0.11081672097435988,0.5255739261131329,0.135063522200089,0.07483726611255478,,0.13911193291512838,0.2712710082643362,0.14103946305827628,0.3870165313151649,0.006254179491554733,0.08831562608984385,0.056660082001059514,0.4758935360499346,0.1453534522666003,0.05706247444139088,0.4432064946847576,0.07135431361514137,0.5230250876668923,0.19511684808991725,0.48225986461051357,0.4211430568855117,0.057062474441390884,0.4182275419050975,0.13380092101945357,0.4237427053848051,0.22828624888636448,0.320936737367302,0.22828624888636453,0.04358912565163726,0.44650867411784445,0.20704834684527684,0.6159822013637337,0.22236340900588883,0.21758533096981622,0.15392409995734402,0.5986198365923097,0.25608611320336877,0.3434602845550536,0.13593911291306876,0.3914912395289426,-0.15256193978073032,0.17423890867491015,0.2887779574420967,-0.19245311156048353,0.21531233567957636,0.17320562202530232,0.18554359125806777,0.426439648926495,0.10702244913079256,0.18162348066752942,0.047221552789273674,1.0,0.1035992148777296,0.09259483563499862,0.22566101826944318,0.39495303948319305,0.19396445022684264,0.24353189398098873,0.01640656609897022,0.2811159805733317,0.13258742902201345,0.33198407884076275,0.19100578928391837,0.2378060047132467,0.396575583135219,0.3511597513572364,,0.32921849409220855,0.37952588877358107,0.3086023272070237,0.14909872354040848,-0.12195967412407005,0.038857811250749566,,0.00804817570041827,0.1581357869889921,,0.13911193291512838,0.349513258753949,-0.20896620415862832,0.2125212648172258,-0.013830515382551582,0.2624819393699843,-0.44650867411784456,0.07135431361514137,-0.1327455750946245,-0.05606410355475394,,0.2256694163578314,0.0349737746576267
SelfConst_Q12,0.1527268056620823,-0.4599308674809415,-0.355543776501862,-0.2478078976058465,-0.13535612338672903,-0.18452573380983597,-0.2240856111285911,-0.16811932339411415,-0.26765156998346906,-0.0033910776724367653,,-0.11520593465664358,-0.011778238328287366,-0.2911941781801536,-0.0697853795220851,-0.2600691211643011,-0.16455946270162908,,0.2936277441237598,-0.06359492883550394,,-0.3947127010839728,-0.22865808892941047,-0.2564078570033681,-0.29468636037860285,0.10710888518444603,-0.009516188116647973,-0.29468636037860285,,-0.006659944337749822,-0.11934625933023421,-0.28752073459432076,0.3341072076104493,-0.21630744581200914,-0.20808221046641073,-0.2751820967283283,0.35367245142984033,0.17535110118676048,-0.3001509792313991,0.2887689616897495,-0.16811932339411415,0.1752297755052863,-0.24287025800403286,0.26724596133689976,0.3454316099346873,-0.18558953677666662,0.41180655821753054,-0.1665477098840608,-0.06229094605379606,0.1043391279580805,0.02597539346802272,-0.11765901663358015,-0.13903418456990826,0.10052854336247379,-0.17294496129427614,0.24212820104946448,0.18248228697895402,0.006659944337749822,0.10512340784554042,0.24134059865679197,0.1899003496564601,-0.37233209349730506,-0.20031384238951414,0.1503533151178987,-0.2339843593981384,0.2767021174569974,0.17746639819085858,-0.023397357064831592,-0.0834687309623867,-0.23580858537932545,0.11504451041510663,0.27941852670874057,0.10059587904262657,0.30422369426090634,-0.22268076715668245,0.1035992148777296,1.0,-0.22899694181502273,0.07204801302648783,0.13664694852886816,-0.43557280843276797,0.18805568027473413,-0.15966253523396942,0.2761770705642177,0.018478094172916553,-0.06616803991906162,0.3422782811852943,0.07133988184785006,0.048044582413723357,0.11909107643046156,,0.5541008694243319,0.4755200257153371,0.576195707058123,-0.1283088155493004,-0.011778238328287394,-0.025975393468022745,,-0.29177155190215165,-0.19683835487127244,,-0.006659944337749822,-0.06306158079349668,-0.37430339925482015,-0.2038612779942417,-0.030605212525924956,-0.16811932339411412,-0.13254400303205144,-0.08881775575538106,-0.30115242852069934,-0.009516188116647971,,-0.20812823273443276,0.013747373094567923
SelfConst_Q13,-0.21710753599824342,0.3600137622249353,-0.053343494966908114,0.03477603539715339,0.2559239653166381,0.4191466218133072,-0.11684765564179876,-0.03984095364447979,0.41908476930368277,0.23425474049997788,,0.29096899506910945,-0.09040417333228193,0.07105348689642088,-0.05976143046671968,0.20959097296420084,-0.012063378593092478,,0.10938835388564891,-0.16312484069847555,,0.3708420277204426,0.1812385849761561,0.048795003647426644,0.33187467590379505,0.019783564706223257,-0.03984095364447978,0.16312484069847552,,-0.0975900072948533,0.06398099132915955,0.0056249945068439985,0.04879500364742666,0.03142840514115344,-0.09040417333228189,-0.09095457317314376,0.06398099132915955,-0.12840855760122938,-0.05755544630689541,-0.29773257907842177,-0.03984095364447979,0.07440688977863662,0.014388861576723824,-0.008490547146365025,0.06604432710188624,-0.12949975419051468,0.04879500364742666,0.18087261855647346,0.08636565851785126,0.04182428884065144,0.005624994506843981,0.18123858497615608,0.021295885499998002,0.052274640570067296,0.31943828249996986,-0.014691393502064727,0.0076911700294023805,0.0975900072948533,0.24490268324997694,-0.11333482016395777,0.24490268324997694,0.3280924751021626,-0.2656574308651473,0.23605379267197943,0.24490268324997697,0.16840161353149083,0.23425474049997788,-0.10919010647654462,0.32805923585383745,0.46541697538214394,0.11950742966864927,-0.008251135898613177,0.1847946001188288,-0.017527682734987282,0.2058602264999806,0.09259483563499862,-0.22899694181502273,0.9999999999999999,0.43411680980078915,0.062469926822450436,0.4004807061182396,0.004807266386876591,0.011659033106197605,0.16601169135966923,0.1224004478679599,-0.1052987267559839,-0.10664881226007696,-0.04680729983329396,0.506808723053587,-0.09040417333228198,,0.01383594439358956,0.01951800145897064,0.05096471914376258,0.014388861576723849,-0.008218561212025612,-0.061874939575283866,,0.2988330219628692,0.2602400194529421,,-0.0975900072948533,0.2625335577099982,0.3984095364447978,0.09906649065282935,0.07207499701564474,0.05976143046671966,0.028147883383882417,0.05976143046671969,0.25941649671427414,-0.13944333775567916,,0.21022325722438134,0.4172769857249917
SelfConst_Q14,-0.06880974800885009,0.041462284056614784,-0.04036220911984513,-0.24279899684091855,0.17163914734403257,0.2031393585913419,-0.009784777968447289,0.0223807858384482,0.11716867143330714,0.013672037984364976,,0.09213940682713001,-0.0712306841813796,0.06962534266689441,-0.10231216383290608,0.10916984983427439,0.03743288142046633,,0.020065066148534233,-0.15889576869741268,,0.15036755752239325,0.07160359882018727,0.05482150534670588,0.0686140819375191,0.19792582390404667,0.10231216383290605,0.023473238557572308,,0.07160359882018728,0.048411041558573314,0.06680844820232124,0.14096958517724367,0.06501527212046629,-0.005276346976398463,-0.26784695715153367,0.08508607304234092,-0.03247588039247092,-0.025403682818405476,0.05213057103973749,0.0223807858384482,0.14833687147731256,0.03233195995069785,-0.087215407384233,0.17286441077590226,-0.08313932558750879,0.14096958517724367,0.03407895868948643,-0.21363431897776602,0.07160359882018727,-0.2943182988372529,0.18348422197672984,-0.054688151937459795,0.2207249214793014,0.287112797671664,0.049517629709193274,-0.007406639802759671,0.15215764749289795,0.16577346056042502,-0.03576406695688038,0.20849857926156554,0.10309326241953393,-0.17682339543395792,0.2327335317725638,-0.09057725164641778,0.06950215574834853,0.2947083743296445,-0.07659123890091035,0.22492335549348258,0.095072547660897,0.030951246205118473,0.012360273442492797,0.40144066878822693,0.011252837743265822,0.18001516679413854,0.22566101826944318,0.07204801302648783,0.43411680980078915,1.0,0.12717800284380504,-0.0014231186803166894,-0.007201326918235107,0.18057906944842114,0.2853823098394625,-0.01581836283942467,-0.00036345255718735203,-0.09981034973948388,-0.04078276879239644,0.3696846026041357,-0.005276346976398463,,0.1032617123903021,0.1503675575223933,0.1581444430027441,0.09006760271980119,0.06067799022858264,0.023473238557572308,,0.2234065069644111,0.24539150012335012,,0.07160359882018728,0.29710072033487145,0.35809257341517126,0.20425724009133736,0.10411293853322981,0.10231216383290606,-0.12391574539188849,0.022380785838448207,0.32772025528165427,-0.05755059215600964,,0.2083141788278002,0.3718175394330254
SelfConst_Q15,0.573048580570486,-0.18595616190697895,-0.20520348134909,0.010504970026511934,0.34552043619194794,-0.03121010103756508,-0.33674417452158356,-0.003438558594266644,-0.12912303242731293,0.06616752770104892,,-0.1547485331436298,0.10214214885021303,-0.056805601956440466,-0.16848937111906603,0.002730444762841261,-0.3081820735057551,,0.25220945141070744,0.308763476588686,,-0.21562147856934688,0.17808023899700526,-0.05053628403969068,-0.2602157601439241,0.778603038875538,-0.089402523450933,-0.308763476588686,,-0.06256873262056943,0.3250100906645721,-0.12816597141417158,0.38744484430429516,-0.32429392182619327,-0.11065399458773079,-0.002730444762841275,0.4038960350006333,0.3264322035318084,-0.06706051718050349,0.29901319118197683,-0.003438558594266644,0.3393438378092509,-0.004967445717074331,0.4181815687663954,0.3805910722457482,-0.12915358864393267,0.38744484430429516,0.1886846149733732,0.32095929134088436,0.05775575318821793,0.21166804369916206,0.05775575318821793,-0.044111685134032595,0.27347688504789985,0.06616752770104894,0.4520320512311941,0.04381098847876873,-0.17808023899700523,0.1452009635661907,0.6757596053280446,0.23710030759542533,-0.20100884196265256,0.15240464176155052,0.1513432271107467,-0.22239641255074777,0.10796879539202572,0.13560258763424843,-0.2508382320475673,-0.04554837221755888,-1.0408340855860843e-17,0.10408110717758104,0.4372489902984478,-0.006923637113632253,0.2662464803756128,-0.2009532322772597,0.39495303948319305,0.13664694852886816,0.062469926822450436,0.12717800284380504,0.9999999999999998,-0.023468040776111275,0.6096284461905395,-0.09961951753826268,0.4140036039943862,0.31993925694581893,0.5249559702905264,0.18201680474693518,0.08541299844289556,0.1109699160880969,0.10214214885021303,,0.26987580518113596,0.3234322178540203,0.22286335928063106,-0.06706051718050351,0.031210101037565073,-0.01747717792011426,,-0.35429269430252086,-0.08282335439838197,,-0.06256873262056943,0.08602556518720536,-0.36448721099226533,-0.04077761488347302,0.05805880780933875,0.08252540626239968,-0.27347688504789985,0.08252540626239971,-0.20511666199761674,0.08252540626239968,,0.06941963101573383,-0.18131176867321316
SelfConst_Q16,-0.1019171602615539,0.7722676871701849,0.3819333261014041,0.32916337790356653,0.35172740818673814,0.38385207791873116,0.15529590349221176,0.024728132709023735,0.5964438521837523,0.498969795078164,,0.2281855835280191,0.2537759584911212,0.27795143088957,-0.024728132709023735,0.5479611509907041,0.266426355668847,,0.09577931986753752,0.027057358922137953,,0.6571986856039433,0.2877137102874405,0.28771371028744064,0.6275561633876506,0.07981407815210262,0.02472813270902374,0.5839152619003314,,-0.03677543665328188,0.14466207917357782,0.24526186635873415,-0.02271424028585058,0.5033813877601132,0.190013154850136,0.34178539877023767,-0.03261988059796361,-0.15879520432436667,0.2031746092326361,-0.19739363218413689,0.024728132709023735,0.005468946388014512,0.2031746092326361,0.011857135790031816,0.0023649122359220166,0.09154020855536352,-0.06057130742893487,0.19889973323565305,0.3129567192203456,-0.03677543665328187,0.20162096487141482,0.17955066130719974,0.33374800862844084,0.2951280239610412,0.23461493675860692,0.0974542349633395,-0.016707907196487973,0.03677543665328188,0.23626715462310421,-0.008643924249012017,0.23626715462310421,0.7105803307176883,0.14669997093635495,0.41598883787310603,0.277572601235535,0.10653207148833042,0.06204995980000715,-0.11525279748980562,0.32755765591832753,0.49239360505068575,0.18923008155128376,-0.061028139329983806,-0.06690640083355881,-0.28285212708819246,0.22800606530061807,0.19396445022684264,-0.43557280843276797,0.4004807061182396,-0.0014231186803166894,-0.023468040776111275,1.0,-0.22552039683103275,0.2754364694889798,0.0562645404732225,-0.0007399717546496959,-0.08134348379294709,-0.07947923157274692,0.1794995061558792,0.47949221519714125,0.12625035120915085,,-0.08909606240324389,-0.22108527211561224,-0.08698891752705763,0.03572300821672722,-0.12880086335479018,0.06022444405250055,,0.38193629756294106,0.24859474090625344,,-0.03677543665328188,0.12359117166927865,0.2720094597992611,0.17500350545822851,0.09506160991043788,0.1792789621404221,0.11043902799387802,-0.05254728200667546,0.14413202264958286,-0.05254728200667544,,0.1744454484151967,0.24336299347645424
SelfConst_Q17,0.5053987948636776,-0.4425129429867699,-0.3218276698427376,-0.0043884137333811,0.0369088402818854,-0.18944475863736593,-0.2897731210536204,-0.1541784922073541,-0.3495313121768427,-0.09674436984305285,,-0.256692365911161,-0.0871169328040442,-0.23469663300608123,-0.09719948421767977,-0.19362254578321703,-0.43909514250418014,,0.1669602187682018,0.23944670035427723,,-0.4564743503959732,0.06802546845572056,-0.21345922860243352,-0.3340896649211852,0.403878662686758,-0.3217638098240433,-0.3814111472046393,,-0.16654511242607448,0.15532470285293437,-0.23376812248026285,0.3366087835653759,-0.39542227518026735,-0.0871169328040442,-0.07252528347206406,0.1168779942259704,0.2821782467663236,-0.10168150318671093,0.26869025705844213,-0.1541784922073541,0.142983366142321,-0.22273091174231924,0.21476188041248653,0.24703372266813053,-0.22273091174231924,0.17240937694811936,0.025139973980989973,0.26583905795774604,0.06802546845572056,0.23944670035427718,-0.04925982198517696,-0.3117318583831702,0.03315202154499971,-0.060913121753033275,0.3077503642072024,0.12034875277961113,-0.06802546845572056,-0.02866499847201568,0.5084008917959054,-0.11824311869706461,-0.2853449679824852,0.12883544440380926,-0.022695469260134847,-0.163032178809589,0.022729712840183644,0.17796186551376383,-0.297803110504232,-0.1073949117496191,-0.02135684137016519,-0.08591446923984104,0.36604560921638085,-0.06339011616218276,0.4807046694951861,-0.3212868578738421,0.24353189398098873,0.18805568027473413,0.004807266386876591,-0.007201326918235107,0.6096284461905395,-0.22552039683103275,0.9999999999999999,-0.3104362917727308,0.16832816647290755,0.2837748472088709,0.32023892379869645,0.1433002559683802,-0.13613417128517438,-0.04280227974001863,0.05116391291666088,,0.19904036321388568,0.2660030387199556,0.06002524040782191,-0.22273091174231927,-0.15625735566439666,-0.14480373578736927,,-0.5041226361451151,-0.1559894362863937,,-0.16654511242607448,-0.12952247907704667,-0.4558320639173947,-0.06539127952979923,-0.12531160862632693,-0.07038583339900949,-0.30378076885111993,-0.07038583339900949,-0.4322554768121196,-0.07038583339900949,,-0.07843128559900647,-0.261466722480114
SelfConst_Q18,-0.24475560122278145,0.36503069048346104,0.17375269218581352,0.09578873146445924,0.2433683068441466,0.1735548394305065,0.10572870754930938,0.012193308684991175,0.28548356920330137,0.2867742963511618,,0.06738990817824403,0.20373828976624672,0.1442096035310294,-0.3170260258097708,0.1718608248109305,0.2313648584906623,,-0.11717392411851887,0.024101383962721545,,0.31659427627743447,0.11520276899583194,0.21653853801994333,0.1910895442758638,-0.06155664982239511,0.1646096672473809,0.23412772992358089,,0.11520276899583193,0.0013986684301387532,0.11017775525815575,-0.06720161524756864,0.48200131006731717,0.14085610156678788,0.16096823732291382,0.0013986684301387602,-0.1452886544386148,0.07266114246504873,-0.06626977629240652,0.012193308684991175,-0.03475756883396819,0.12770746251432807,-0.16197495685298083,-0.027987010821876025,0.017614822415769407,-0.029867384554474945,0.0529492135686203,0.0668578591855927,0.008533538444135695,-0.06197498733271257,0.11520276899583196,0.3519502727946078,0.07630117673628228,0.22159831990771597,-0.38049899690820677,0.021184916917074012,0.09813569210756054,-0.026070390577378352,-0.27984022682381016,0.055399579976929,0.23547456440641906,0.08728261694542733,0.011610670712088267,0.1368695505312363,0.08438844176186852,-0.13686955053123634,0.20875679985005502,0.13423364903313023,0.11654238109858175,0.10889435534582931,-0.43518595605738486,0.15607789798531607,-0.24675966868819002,0.3106721543804254,0.01640656609897022,-0.15966253523396942,0.011659033106197605,0.18057906944842114,-0.09961951753826268,0.2754364694889798,-0.3104362917727308,1.0,0.25337055060192804,0.14254492024583373,-0.17222191073962062,-0.23169680978818663,-0.06753382247305136,0.2402071183384425,0.14085610156678793,,-0.08363108883602308,-0.04181433837626493,0.0675901758060154,-0.037431497633509926,0.07797391336732899,0.10501317298042973,,0.2635426766256328,0.13813665356444663,,0.11520276899583193,0.20563716260313192,0.37799256923472674,0.17375269218581352,0.11580725823859755,0.1646096672473809,0.10829844439988451,-0.14022304987739864,0.3431883509309783,0.012193308684991187,,0.06853475307679992,0.36770941792918593
SelfConst_Q19,0.10463338520434995,0.010085145561865058,-0.2394519480950254,-0.12163660610096173,0.39411698803803097,0.011309969287254598,-0.31227796637210126,-0.009137851716970243,-0.033073738514517365,0.1758379390768113,,-0.0955950139049985,0.17718951883365536,-0.10807287892675602,-0.10508529474515776,0.05260646007086141,-0.0350465829656479,,0.2670199441675053,-0.018061945163104276,,0.09848552582788603,0.1534839363551469,-0.1342984443107535,-0.11095194885906928,0.3297267392100966,-0.009137851716970234,-0.1754588958701561,,-0.006395164014797788,0.025156403491789214,-0.01806194516310431,0.24621381456971478,-0.06087063143256442,-0.011309969287254595,-0.18865764990929607,0.23479309925669925,-0.0696127854097479,-0.013200816891824674,0.2979814936476719,-0.009137851716970243,0.22814326265312218,0.06930428868207955,0.13761464848869837,0.25401715175044054,-0.0957059224657289,0.24621381456971478,0.050503026213961466,0.09554773597952354,-0.006395164014797778,0.04644500184798248,0.15348393635514687,0.029306323179468546,0.3578440576492466,0.07815019514524948,0.06402225594734093,-0.1040779681446434,0.006395164014797788,0.20270206865799079,0.2537746355064069,0.26375690861521695,-0.05723294082077307,-0.1326139320026537,0.16048905680857997,-0.16362697108536606,0.28692337655588057,0.17041084219172453,0.05998109385850532,0.1447611714990863,0.11645151995343422,-0.01931160208522699,0.01072397487591474,0.22802025014425084,-0.036181068978238376,-0.013025032524208252,0.2811159805733317,0.2761770705642177,0.16601169135966923,0.2853823098394625,0.4140036039943862,0.0562645404732225,0.16832816647290755,0.25337055060192804,0.9999999999999994,0.19396273311298273,-0.046224748258846676,0.10473350529597172,-0.049077214820869214,0.40797342689874727,0.17718951883365536,,0.36017954947769454,0.36708241444939305,0.2805403006093536,-0.0957059224657289,0.0829397747732004,0.14707583918527795,,-0.0847729368591496,-0.22010022817595717,,-0.006395164014797788,0.07552294434509821,-0.009137851716970215,0.022721717702447658,0.22316844257660975,0.10508529474515775,-0.17338835783004736,-0.009137851716970243,-0.017273994889600686,-0.009137851716970234,,0.027252770449438316,0.26071613361353735
SelfConst_Q20,0.1821041716528068,-0.04724617047919171,-0.10048288564452348,0.09142020865365916,0.1845949755663794,0.24280109516351725,-0.02628666206734368,-0.029924287586003614,0.09853075385514512,0.2381508229599337,,-0.00131258238251164,0.16872618477464757,0.11422586750400646,0.1130473086582358,0.007260574233933892,-0.04765271314739303,,0.23865784887730954,0.1286246632149204,,-0.06841261980187582,0.21175334700580603,0.008144359500223304,0.059148567755766296,0.19922482257474328,0.1363217545584608,-0.08168135547224871,,0.09540535414547305,0.5019152641432961,0.12862466321492041,0.23618642550647598,0.04837706390899829,0.10013830478495345,-0.007260574233933864,0.08238122876516105,0.2591400297201328,0.016811484148783033,0.09487123407095623,-0.029924287586003614,0.22419981568743277,0.07685249896586528,0.20265312080502618,0.15348018819965187,0.07685249896586528,0.15474283050424287,0.29664361844763115,0.1433047061090672,-0.02094263871485994,0.1286246632149204,0.09540535414547308,0.06042632821371452,0.08121096184274021,0.30924062085842136,0.11770253309174147,0.12452189680099848,-0.09540535414547305,0.24170531285485808,0.18179251080756867,0.28613643654141285,-0.013883277582004222,0.18518805759878668,0.05065671613555084,0.10841194179519367,0.03613868108989752,0.044628595347383906,-0.006074962697945108,0.12439195932373003,0.40253715312783034,0.1577622363972212,0.1670996152295978,0.0652745361136171,0.06436188650549858,-0.036729728914218635,0.13258742902201345,0.018478094172916553,0.1224004478679599,-0.01581836283942467,0.31993925694581893,-0.0007399717546496959,0.2837748472088709,0.14254492024583373,0.19396273311298273,0.9999999999999998,0.28328487332804525,0.17374506977510323,0.11272454820225812,0.26628154022082423,0.03155042479525931,,0.039259006960467836,0.061897132201697166,0.0822295586414448,-0.10327054548538149,0.10013830478495342,0.10609187549843797,,-0.22838933455702573,-0.07601402200208424,,0.09540535414547305,0.21018456904790214,-0.0797981002293429,0.18570254815316997,0.10426014081123475,0.21944477563069298,-0.04765271314739304,-0.11304730865823581,0.10056572144497786,0.13632175455846077,,0.10831606004308214,0.16331156030246374
SelfConst_Q21,0.46949832335017283,-0.20028007808883508,-0.23464573291757776,-0.05374683462155752,0.316209842701924,0.016610174150918935,-0.15159865884765,0.14446380018337684,-0.1066108671634248,0.0430401815752629,,0.0037396800862025776,0.27651054615941506,0.15249492297063166,0.033155626271594685,0.0615881941493789,-0.13911378352077924,,0.36506069143016806,0.38585789095869727,,-0.23436145752143395,0.2668472041085634,0.03480615705763873,-0.21867509591593415,0.4319807182860512,0.20367027566836732,-0.21867509591593412,,0.18397540159037604,0.4444323906016732,0.08492885988172368,0.28425028263738267,-0.23124081909963984,-0.0654636275359746,0.055946527509741134,0.28143762632233094,0.5916706719046809,-0.04789762023958635,0.35717916976978903,0.14446380018337684,0.6066433433063882,0.08039957683073434,0.5582005750295045,0.24219546692393484,-0.005131887882812783,0.2552451517560171,0.27673632637899065,0.45238006166091577,0.10110359907218855,0.3524213319501445,0.18397540159037598,-0.08354858776374563,0.28253005519168567,-0.007595326160340504,0.4833704434584174,0.2624241381325714,-0.10110359907218858,0.13418409549934907,0.4126662686757426,0.1658312878341012,-0.1252570671031745,0.33162001740603053,0.10624005501265026,0.07088971082984477,0.03454092619972113,0.04866634910144106,-0.11490710859456903,0.048327993389004495,0.03521089341641767,-0.037779617921734,0.5620796117430327,-0.011410478035416609,0.30631714718569947,-0.017722427707461207,0.33198407884076275,-0.06616803991906162,-0.1052987267559839,-0.00036345255718735203,0.5249559702905264,-0.08134348379294709,0.32023892379869645,-0.17222191073962062,-0.046224748258846676,0.28328487332804525,1.0,0.2684022334114363,0.17568605574971713,-0.13152347942669151,0.22765709277435944,,0.13488142037678147,0.0904960083498606,0.09896324581252036,0.08039957683073432,0.12995018600424807,-0.05149230087317103,,-0.21409668493509745,-0.049308722498321494,,0.18397540159037604,0.2872513723569355,-0.2226163478235643,-0.008153712726865645,-0.08283060750472106,0.3220832266383483,-0.37814090297228997,0.02605084921339582,-0.012933281160871432,0.20367027566836732,,0.18038087246913875,-0.25146250625782857
SelfConst_Q22,0.19895161374889103,-0.19114958968030712,-0.10576770283984838,0.11792489619047135,-0.05478018503537996,0.08944001396089406,-0.04567241713538906,0.0062837181757284255,-0.17270788912579954,-0.1041224480553169,,-0.05829480064361736,0.1698064033170597,0.177535522874895,0.3079021906106929,-0.08295361535675679,-0.08688708829903341,,0.27850850618024076,0.12331726279859373,,-0.17546769668505185,0.05936876955509273,-0.13852712896188307,-0.3451109009255609,0.08528725149862941,0.16337667256893906,-0.4338283561763478,,0.16931093539785708,0.27101775754345864,-0.05411764770298001,0.13852712896188307,-0.054525794392395105,-0.02462840964140567,0.0517680456737655,0.23497816212544553,0.12458422046272301,-0.10439296669271547,0.28601937313245374,0.0062837181757284255,0.2600330917313717,0.009077649277627477,0.45217947155834753,0.16586298854430764,-0.047657658707544015,0.21548664505181808,0.1823262913747181,0.15464520187947525,0.169310935397857,0.256393445674774,0.059368769555092724,-0.10412244805531687,0.24544016913668565,-0.20488610746368802,0.5352564934334114,0.2232015514017401,-0.16931093539785702,0.23847399393314514,0.48444757399408866,0.28045885201996645,-0.2339537048378229,0.18361843991529153,-0.010637263359698501,0.19648913584632377,-0.014885451278816547,0.28400424003618685,-0.22728090461459177,-0.029245210974738353,0.03336618182566728,0.07753678290814933,0.42641549410721247,0.10867549226639336,0.13545890388543877,-0.25414834095222505,0.19100578928391837,0.3422782811852943,-0.10664881226007696,-0.09981034973948388,0.18201680474693518,-0.07947923157274692,0.1433002559683802,-0.23169680978818663,0.10473350529597172,0.17374506977510323,0.2684022334114363,1.0,0.19721690035441544,0.02270496263244328,0.23461800763654822,,0.21603841183065858,0.2862893998545583,0.14200748094285948,-0.1043929666927155,0.1698064033170597,0.23155255820455375,,-0.31379967154968486,-0.29757679554774874,,0.16931093539785708,0.035792329252643515,-0.3079021906106929,-0.10576770283984836,0.17809355771449137,0.1633766725689391,-0.11859770446656384,-0.22935571341408756,-0.3180825997564916,0.24192314976554444,,-0.19893856670743243,-0.17928357323314195
SelfConst_Q23,0.19874210239639684,0.08297000391305893,0.2889229457268885,0.04272902329100484,-0.07059118262684758,-0.04039230917920418,0.2175839467819778,0.19580898360256072,-0.03480298241548506,0.22428065200812827,,0.25398476665217595,0.21350220566150774,0.25468793758428476,0.013986355971611478,0.41370219044410944,0.03105597983451802,,-0.016457700466915817,0.28830343086451327,,0.2055566129482595,0.3817479954753391,0.23981604843963605,0.027645534466460175,0.08797144827267867,0.1958089836025607,0.027645534466460203,,0.28386389407140594,0.03850428143282594,0.13032894819902652,0.10277830647412972,0.017162585798449086,0.09809560800663868,0.22489850621458293,0.07059118262684758,0.0027320262985461516,0.08082045096977714,0.17103344030668952,0.19580898360256072,0.12922967619314243,0.2323587965381093,0.22056787024588764,0.06777204899766519,0.13133323282588785,0.10277830647412972,0.21533491085727963,0.11057544836461168,-0.1076725115443264,-0.06713915513283183,0.18597979266747283,0.13456839120487696,0.11010756486783664,0.19437656507371115,0.3300789410976247,0.31320252442252033,-0.18597979266747286,0.17942452160650257,0.15240339424913157,0.17942452160650257,0.12328957785124006,0.37304121058342554,0.2900373170725682,0.029904086934417103,-0.04807412937827846,-0.1212776859006916,-0.021768622816957184,-0.06008700136575079,0.07723741496858684,0.709398093587766,0.3784891241322105,-0.1337691769720518,-0.012306352517391025,-0.004984014489069488,0.2378060047132467,0.07133988184785006,-0.04680729983329396,-0.04078276879239644,0.08541299844289556,0.1794995061558792,-0.13613417128517438,-0.06753382247305136,-0.049077214820869214,0.11272454820225812,0.17568605574971713,0.19721690035441544,0.9999999999999999,0.13984185605065613,0.04039230917920414,,0.22343000320909792,0.06851887098275317,0.1789140667411283,0.28287157839422006,0.15579890683407321,0.10663277579920355,,0.1601208311502848,0.3197547312528481,,0.28386389407140594,0.24056275304404107,-0.027972711943222928,0.3691793195399131,0.10964316986333915,0.4755361030347904,0.17221952453687264,0.05594542388644594,-0.09988256014738632,0.33567254331867563,,0.21819092811934712,-0.13133323282588788
SelfConst_Q24,-0.1610402735806683,0.49336366499801926,0.009467491716208098,0.07740852469613514,0.3898705243271323,0.42033253245119634,0.00946749171620808,-0.09899453688973897,0.41148856935236255,0.4277280130924338,,-0.017911746418049324,0.17528036778329237,0.010066428282569095,-0.10724408163055053,0.18096276975895412,0.22397535831514603,,0.18281917792757738,-0.050083055325426645,,0.4809307703609232,0.29156067110716233,0.06062152567574662,0.457735831230062,0.05598444880743175,0.004124772370405786,0.283027498699504,,0.0028867393178926976,0.1305876998959812,0.06638916636161207,0.24248610270298646,0.2986277362839277,0.005105253430581325,0.1465716551441303,0.22521646793654732,-0.049148483241426774,-0.06852586520223576,0.005604462031301563,-0.09899453688973897,0.09973897914575346,0.08044340697653768,0.15764019380836264,0.30611556549072766,-0.06852586520223576,0.29300404076610864,0.1400372901774764,0.16725902031967596,0.14722370521252748,0.066389166361612,0.29156067110716233,0.33953667018677747,0.2755979316071128,0.33953667018677736,0.161227499254352,0.027073324628716484,0.28578719247137674,0.32189840160564615,0.11415462241868693,0.4321375802377167,0.504253351359031,-0.14237245714713995,0.5167076831595594,0.10142004434150495,0.26324604196000395,0.24154628918049245,-0.09685632850185985,0.46073296664857555,0.6220254298275607,0.3110051764595134,0.15889013925204665,0.31234042320841227,-0.1379140007586739,0.08672148719056222,0.396575583135219,0.048044582413723357,0.506808723053587,0.3696846026041357,0.1109699160880969,0.47949221519714125,-0.04280227974001863,0.2402071183384425,0.40797342689874727,0.26628154022082423,-0.13152347942669151,0.02270496263244328,0.13984185605065613,1.0,0.260367924959648,,0.1418124185625413,0.19803031720743902,0.31306797500606637,-0.06852586520223578,-0.1650698609221297,-0.06638916636161207,,0.2621628339369035,0.18354850829601058,,0.0028867393178926976,0.24231975305471087,0.23098725274272414,0.24615478462140983,0.11690457236695628,0.21036339089069528,-0.10907350163302652,-0.2021138461498837,0.2893694137315544,-0.20211384614988373,,0.10598422020543402,0.5899183178279426
LifeSat_Q1,0.41502867831964474,0.5901070539050013,0.6714647604670962,0.5034965460952285,0.8167651211688062,0.33216412369466874,,0.3973597071195131,0.7709325907385265,0.26720671549302344,0.38172387927574764,0.2916305163638981,0.28382836222822366,-0.06759225880448441,,0.5658918013604588,-0.16787765505529303,-0.6276286573368364,0.09460945407607456,0.8643184531720682,0.44151078568834784,0.5391855605697015,0.44151078568834784,0.28382836222822366,0.5991932091484721,0.7545224018139451,,0.5725858189136216,0.6905070830582348,0.1545550134086848,0.4408310150223871,0.055188848211043466,0.6663274196188932,0.50299380353741,0.3717574234246642,0.07202139064872229,0.8862993712440963,0.42385035426081397,0.19086193963787385,0.33113308926626095,0.46117403244682664,0.8237117611749694,-0.325166238571545,0.6512825616191886,0.2838283622282237,-0.5725858189136216,0.8355731462427192,0.5291519158152387,0.8780670628596936,0.8526363261310816,0.9302775273653987,0.8448771975751921,-0.5817734146694761,0.8143089805889688,1.3877787807814457e-17,0.6055005060868772,0.33463724070512735,0.8680793493344058,0.5640093857576963,0.6515837655350017,,0.7839803108765083,0.5600085219843273,0.5298756537148951,-0.06895240031534342,0.4919189679432817,,,0.7920015721246809,,0.8286594421263476,,,0.8224939976677972,,,0.8111071056538128,0.8705174941912822,,,0.5309942440535915,0.7098607037878978,,0.380601572166848,0.8502808927761192,0.7316796283570395,,0.8500983022354904,0.18921890815214912,1.0,0.8185667562506923,0.8234547381269334,0.6385637771347726,0.6565650723542862,0.7029594915666377,-0.541943730952575,-0.5622239105536913,0.2559618884057278,0.7627372169071467,0.6539771637830789,-0.28382836222822366,-0.16276487800020115,0.6526815025561762,0.6499055365963017,0.1793186213938684,-0.5391855605697013,0.5298756537148951,-0.09460945407607456,0.5119237768114556,0.6530718474848662,0.382034834900683,0.22075539284417395,0.6061117223771529,0.6526815025561762
LifeSat_Q2,0.33496733005341306,0.5182756699571416,0.5431786912826466,0.3203494836501014,0.6751222827503244,0.1389715975714826,,0.3324114298163363,0.6427958630680914,0.33435333409884327,0.39426167967587555,0.26201881382802295,0.282917575075071,-0.1691551580120471,,0.5863646035817025,-0.21451428759928237,-0.5376466213628919,0.1825921938427763,0.7792232109009611,0.37922994105807395,0.48969648766865925,0.37922994105807395,0.282917575075071,0.5865690622714829,0.6137968657375715,,0.5772250053570828,0.5971174950361104,0.10762281585998686,0.4324044522565356,-0.06554591573843255,0.6000078124644868,0.46247416752512915,0.3325762428711435,0.023930092863055294,0.7959641691705498,0.40732104780311645,0.2323472321703826,0.3581616109992921,0.42122329601815767,0.6751007852075592,-0.3616689408495367,0.45515836375628205,0.21870933108640248,-0.5772250053570829,0.7529307702733719,0.5169328790284046,0.7865347015524204,0.7611292557123827,0.8213873330132653,0.7906161060228768,-0.5988887516308188,0.7850332644552332,0.014501013293707073,0.6079718102677059,0.32291777031453306,0.7151330560252616,0.48811419845189546,0.5904480679041084,,0.6604206944437159,0.5578283663950482,0.5653464107448738,-0.1323439967822952,0.3612348390000919,,,0.709674229371406,,0.7695985231027973,,,0.7618091969639625,,,0.7282272904247451,0.7442909709267908,,,0.5793414111497357,0.5684750372997134,,0.28386252444529425,0.7116367828238166,0.6265938651891665,,0.7616317319437995,0.21870933108640242,0.8185667562506923,1.0,0.7916393523989893,0.5901941419956533,0.5804632943071927,0.6880887783540901,-0.5915432676606829,-0.6053094635027317,0.29585443623749863,0.6093101383952209,0.6320646536926893,-0.282917575075071,-0.24048722238017647,0.675077274172637,0.6665654617724254,0.17265832447719903,-0.5865595291855369,0.5653464107448738,-0.11838394985410777,0.4731861472544703,0.48537169498259436,0.27721499637548463,0.2762292163262514,0.5610119806846096,0.675077274172637
LifeSat_Q3,0.43535223721249494,0.4250946945469581,0.6692137343279522,0.3854511244958622,0.8355377776736035,0.3073054942665381,,0.42859255404513596,0.6842292627105493,0.20604484693352715,0.4047600352804859,0.4502412246711124,0.3451616644036966,-0.08364054638471803,,0.5208758384199735,-0.24265771374758754,-0.5816106159874688,0.24423720112776198,0.8978702380278936,0.5227887197693417,0.5873553983699744,0.5227887197693417,0.3451616644036966,0.5631585050797157,0.7439440782731191,,0.4503667998191323,0.7289935927764803,0.27863246286512006,0.5525504292850678,0.07535693257936457,0.7635214955156122,0.5977995726312212,0.5292427676412331,0.2084618391472768,0.8591636918170071,0.5793064192038653,0.28259905883768344,0.39562389604166404,0.5746052636941833,0.8236282620500088,-0.25591334248056813,0.6629942843050077,0.15946065197597684,-0.4503667998191324,0.8487354425943083,0.6329140561863515,0.9031122050280758,0.8483604605686244,0.9312326304662082,0.8618925965051751,-0.5833693892993149,0.8445839074364747,0.049799063668424313,0.7730813886936599,0.4319381390638745,0.8004303259102434,0.568661949687683,0.5939738639772305,,0.7747571879766484,0.7076158084251852,0.45567353680268186,-0.008091033256147462,0.40930785906982925,,,0.8248006652178709,,0.8523124599603833,,,0.8087152079403043,,,0.8479420909347277,0.8177188426331088,,,0.5072759323320213,0.6142752103356104,,0.32615818204415636,0.7931522394260857,0.6733985592867773,,0.8588790163388011,0.26038511525191155,0.8234547381269334,0.7916393523989893,0.9999999999999997,0.684543321684155,0.763098899512707,0.692197625252839,-0.48716033869794895,-0.42547065315537336,0.1701992215534982,0.681985413129713,0.6009575110819179,-0.3451616644036966,-0.265073817257333,0.7005314029813959,0.6816383533493309,0.06656815914550773,-0.46149352729069426,0.45567353680268186,-0.05853618870004215,0.557925790440077,0.6881820896856543,0.2905142115893363,0.1365844403000983,0.6613472892066825,0.7005314029813959
LifeSat_Q4,0.2700154538467718,0.3383871758244854,0.5754969113668886,0.3937115534832849,0.6451719358369845,0.15992773825826284,,0.34003546661081385,0.5939764831915222,0.11195775067452554,0.3310405433613668,0.2506157329160461,0.3453589181428814,-0.14832704163553223,,0.3570785696976754,-0.24176063381795523,-0.5107267256716643,0.24554420191661513,0.667821808863488,0.38661566751640486,0.35737208379403934,0.38661566751640486,0.3453589181428814,0.45315881166724903,0.6095353928597261,,0.3938657559700933,0.6542379235829732,0.266872223750284,0.43795488957408507,0.12460203742245578,0.5020503807850027,0.44388794413787436,0.31519496347550585,0.22339264649266408,0.6756249114967157,0.4890921095087049,0.2102228268061235,0.3004422958410616,0.38145292363477595,0.6438554684517558,-0.16466705732786482,0.5732503082320485,0.15371466298845016,-0.39386575597009343,0.5917102423732808,0.4612664688076005,0.6621021711580183,0.6689358784806574,0.6804788791630717,0.6181931375486142,-0.5127437605493733,0.6098180671434832,0.043281605585529535,0.4970772868068063,0.25772536929334233,0.660549382691126,0.45875686709736435,0.606190804569502,,0.5485417822957847,0.597680430301139,0.35433811025841816,0.0050922236434672585,0.33214948452551907,,,0.7081508657921368,,0.6501987451908485,,,0.6729522270843604,,,0.6332423700593873,0.6208465028240919,,,0.5465147148383169,0.5883484992783996,,0.2114786113837387,0.645552394302705,0.5925270281025499,,0.6589000252813966,0.053899946762183806,0.6385637771347726,0.5901941419956533,0.684543321684155,1.0,0.5001853465387076,0.5704886216751237,-0.393371303616566,-0.411022617439753,0.252941686960487,0.4043016968560047,0.40806084494257533,-0.3453589181428814,-0.14538955216945065,0.5582883985732044,0.5359136605013274,0.13696954007307163,-0.41224944497589555,0.35433811025841816,-0.05389994676218382,0.42216957716892684,0.46013406053544903,0.02130427153309087,0.1257665424450956,0.4869023743975951,0.5582883985732044
LifeSat_Q5,0.33111108633662,0.5196303480235994,0.4814311746885763,0.20621570489058685,0.7473096819909013,0.16031495927081307,,0.48032534808686245,0.6479615524120907,0.02990033222591362,0.5348837209302324,0.31842235042983136,0.2717269112034251,0.035296560400125895,,0.34710430355875566,-0.303176245939359,-0.5628691558654317,0.2717269112034251,0.7713906588311272,0.5571774037807604,0.6459358143732568,0.5571774037807604,0.2717269112034251,0.6065822967268377,0.6848274097240316,,0.46179401993355473,0.624232665862793,0.024660887818989202,0.3996548472536012,-0.038426027846948985,0.7418207796491944,0.36309226896550867,0.27060696306763177,0.022983549950064967,0.7531408655236994,0.4726401425174727,0.10299003322259137,0.43229281327817615,0.34250564332032024,0.6961909378818701,-0.30186888216878527,0.5560342597680354,0.2223220182573478,-0.4617940199335549,0.7556042503500662,0.34828112306227377,0.7780067063175776,0.7488214925026622,0.7687010959916613,0.7624727107097606,-0.4985453437363769,0.7373152860748156,0.03488407182191267,0.5846245665285812,0.2863908955568333,0.6941302204309803,0.27710659490665945,0.5670931884491138,,0.638653328950459,0.5314150113179658,0.4327874109986295,-0.06901307921788509,0.35320894467408026,,,0.6376053494707761,,0.753074850753851,,,0.7022652612162389,,,0.7294622482692682,0.6991915273016333,,,0.4826800324344386,0.5239057479676728,,0.2097911191981518,0.7030240801926073,0.4677208655345171,,0.7776818289529306,0.22232201825734776,0.6565650723542862,0.5804632943071927,0.763098899512707,0.5001853465387076,1.0,0.4941518456017623,-0.3018688821687852,-0.3425244102843851,0.15222713985283154,0.5411248191134035,0.4228166323166119,-0.2717269112034251,-0.3635920202257516,0.5112437241590727,0.5588449838139786,-0.028091961991701025,-0.48583206551150937,0.4327874109986295,0.10704393471650077,0.44182999128016964,0.6375834102625451,0.37287112856908344,0.13449109746432147,0.5011416106587154,0.5112437241590727
Lonely_Q1,,-0.011703313150272007,-0.2619858576521717,,,-0.3422818791946309,,-0.18335190602092807,,-0.40181375149267223,0.2799042395106722,-0.033053820020522866,-0.2619858576521717,-0.6495348560917109,-0.5176670486228229,,-0.3435281273678857,,0.40181375149267223,0.26915253445282894,,,,-0.37847269163836295,0.4015437197500466,,-0.4422018081424366,,0.45057755628547236,-0.45914920210688753,0.1983436887382975,-0.44949024897174195,0.4407158836689039,0.04564575145691254,-0.011703313150272003,,0.40181375149267223,0.12263167804995269,-0.3226994945697527,,-0.3214830267831107,0.3226994945697527,-0.26198585765217164,0.19045296297539363,-0.020697532069923717,-0.5477005049544593,0.29543086075670427,-0.18802766945830413,0.11428587569515768,0.11428587569515768,0.12481546213605589,0.13568382134727763,-0.4707637947820656,0.40181375149267223,-0.4591715275155511,0.45559280190602486,,0.41600298693521676,-0.482681865536042,,,0.6049607161818967,-0.24576957615571204,0.07595264594813367,0.11473931080595315,,,-0.18335190602092807,-0.1833519060209281,,-0.027307730683967996,0.09937948602826986,,0.598730203028525,,0.1614751102075468,0.10514541387024605,0.5734623443633282,,,0.5734623443633283,0.15607668115448528,,0.011703313150272005,0.3138268147055143,0.2676157607028866,0.04096159602595203,,,0.25067011062463157,0.32968226408583695,0.18335190602092805,0.40181375149267223,-0.11024215447428118,1.0,-0.4941306056661689,-0.48408360763117886,-0.3212172023670333,0.6778222806350047,0.40398516299443676,-0.596955305998222,-0.5018600349885739,0.6128368292139033,0.27328313675444804,-0.3656563999019856,-0.24815976898277628,-0.3312182425097794,-0.30181476972139293,0.32144809196578866,0.2433431724026839,-0.23180841354160106,0.03581331212748498,0.25544043057425586,0.30423038582198303
Lonely_Q2,,-0.22102106088450266,0.20138618000639966,,,0.3324819316935933,,0.06086087183776161,,0.25945950625572056,-0.41294635409218083,-0.1718901543680155,0.08696221409367258,0.5039763835425881,0.44777755285065013,,0.3645641851389152,,-0.25945950625572056,-0.21583199834179395,,,,0.20827840445789253,-0.39690995065719614,,0.3335278953422146,,-0.41294635409218083,0.3266204955497637,-0.6181495328999659,0.35476400169439526,-0.31043893069733286,-0.10726979558304724,-0.06086087183776161,,-0.25945950625572056,-0.20138618000639963,0.3256669063514228,,0.20160368135502305,-0.3840301512172692,0.08696221409367258,-0.34507271591173033,-0.20204905790436653,0.30069892642844825,-0.37073364955723553,-0.14002800840280094,-0.39468141643520904,-0.39468141643520904,-0.37027271903625353,-0.2700281801899479,0.601835875492605,-0.25945950625572056,0.4330552769045801,-0.4954139223824467,,-0.5333454534283262,0.486850972451335,,,-0.4516554684525731,0.14200870095477705,-0.25252653722915175,-0.0922899459473807,,,0.22102106088450266,0.06086087183776162,,0.044844852933087515,-0.09285593890132794,,-0.39573874400636744,,-0.2651750031306268,-0.034901418244078844,-0.5306640930415353,,,-0.5536614535200419,0.08696221409367255,,-0.09929931720897947,-0.6152449425315523,-0.23767772054536382,-0.011211213233271844,,,-0.4588590754276737,-0.4721128934068468,-0.22102106088450266,-0.25945950625572056,-0.18593303470503247,-0.4941306056661689,1.0,0.8327472827021363,0.3853962690169712,-0.3966817496229261,-0.14414091669813064,0.7533957165216535,0.6453507280331576,-0.20917180221927312,-0.48593774792217376,0.42738725955471946,0.5580937092079253,0.5439277816968879,0.56910591220429,-0.45783500948693323,-0.48380842933923596,0.1359559304473601,0.36680583041498777,-0.2696690494862323,-0.36797842479238096
Lonely_Q3,,-0.20220890233055117,0.2889300354255763,,,0.4362274334927354,,0.04172564651265341,,0.27924086512314217,-0.4530977255925315,-0.2473477030273763,0.174275259463046,0.5932441784971729,0.3993543574076971,,0.3972966071666907,,-0.27924086512314217,-0.27065795776294055,,,,0.25176330938643077,-0.3219561811271148,,0.4138163425712921,,-0.26586726047165077,0.3615399842462502,-0.5400559864426531,0.2243516866639169,-0.20799029529400462,-0.05309558023100749,-0.04172564651265341,,-0.27924086512314217,-0.05962048350051574,0.3310023024038814,,0.33135509954467157,-0.5649261910285326,0.174275259463046,-0.4001593729605196,0.020813297456652034,0.3359689429731748,-0.3989986203496053,-0.14570702195914956,-0.3069790750849958,-0.3069790750849958,-0.3279548372270611,-0.30463099004736166,0.5932441784971728,-0.27924086512314217,0.3707693634700721,-0.5224640863511127,,-0.5184086671080116,0.4853816005885959,,,-0.4056594373122451,0.09735984186285793,-0.22435168666391692,-0.04045829742839417,,,0.20220890233055117,0.041725646512653425,,0.14603976279428693,0.09586273526687235,,-0.34567477854323864,,-0.10560265268404181,0.06810301704316966,-0.651562018620665,,,-0.5046581152181278,-0.055034292462014495,,-0.11875760930524434,-0.48238026553293734,-0.04942884279191252,0.033701483721758546,,,-0.39923688757759823,-0.3675281610756218,-0.04172564651265342,-0.27924086512314217,-0.1274739557101363,-0.48408360763117886,0.8327472827021363,1.0,0.373642961184633,-0.41712931039163265,-0.17848979334037957,0.6327776470933892,0.590421844016028,-0.18901346950255082,-0.39062633181482853,0.4307721867543438,0.4395304081791129,0.589808484222544,0.5761429075452089,-0.39811480786778186,-0.40717385606546297,0.2724603473036169,0.2310730551295922,-0.21016567585459925,-0.37106549732852434
Lonely_Q4,,0.04345886799114803,0.3260094073429363,,,0.44028909634791635,,-0.04345886799114804,,0.22453748462093157,-0.29998690821667473,-0.16950009466991064,0.1966405949052632,0.2544739833494542,0.31681481652344656,,0.37306775565514844,,-0.22453748462093157,-0.12274144786441807,,,,0.2840729492275592,-0.3039154283044029,,0.5452655494366137,,-0.40561610125071523,0.5859652844926928,-0.380470514583797,0.5132224382364372,-0.07891974368500389,-0.023379323402746288,-0.13761974863863552,,-0.22453748462093157,-0.19664059490526317,0.2085158666990917,,0.08691047485580684,-0.274501900464627,0.1966405949052632,-0.48804337603232895,-0.24338314495470836,0.37908497752055403,-0.3208346548454294,0.0893070164894797,-0.34637474151046077,-0.34637474151046077,-0.27659734530051816,-0.3970988154524191,0.6417170014899278,-0.22453748462093157,0.3853584371907263,-0.3853884416083897,,-0.584937810554686,0.5476722685129558,,,-0.48222225273865904,0.15210603796901814,-0.10865520088789435,-0.0999962194960575,,,0.1376197486386355,-0.22453748462093154,,0.03802650949225456,-0.011134645260692994,,-0.41660563268395834,,-0.07110862871052484,0.02492202432158017,-0.18590737973991103,,,-0.37441486269296775,0.19664059490526314,,-0.04345886799114806,-0.3749022260697987,-0.030421207593803654,-0.15210603796901814,,,-0.18360482865004324,-0.4930370485327234,-0.13761974863863546,-0.22453748462093157,-0.14383312102360452,-0.3212172023670333,0.3853962690169712,0.373642961184633,1.0,-0.34276393837350094,-0.1480224975163139,0.31081034859896506,0.1841204800348543,-0.19799297381845626,-0.11872989545683613,0.5394281399873364,0.38245014660141086,0.42359812559886834,0.5670214929756545,-0.4967245218655937,-0.26905719904149983,0.2151982757785934,0.2461453725943282,-0.4403971932747635,-0.4021498259262408
Lonely_Q5,,-0.019219222685608914,-0.1441741970500361,,,-0.2865590129513841,,0.01921922268560892,,-0.2594595062557205,0.3195195771482484,0.13957997497553135,-0.1441741970500361,-0.601835875492605,-0.2584424353662314,,-0.2315115628254424,,0.2594595062557205,0.3450727159117303,,,,-0.20827840445789253,0.31815797632045073,,-0.31043039566477587,,0.4596597425641468,-0.3266204955497636,0.348215239057186,-0.38032336781070614,0.2645160119551238,0.04264943679807903,-0.019219222685608918,,0.2594595062557205,0.1441741970500361,-0.3256669063514227,,-0.219733508815007,0.5007566409489618,-0.14417419705003612,0.3450727159117303,-0.03398956114279062,-0.2674357708500801,0.19909770068814497,0.07270685051683895,0.15318054973534334,0.15318054973534334,0.16364731778834415,0.17561273257108492,-0.4550466375675793,0.2594595062557205,-0.2871471647399641,0.4593050359114227,,0.4584373841265949,-0.4256887899825742,,,0.5383455775605526,-0.06726727939963123,0.2269671711128407,0.02018842567598951,,,0.01921922268560892,0.01921922268560892,,-0.18498501834898592,-0.17093934206835373,,0.37223881859031227,,-0.05354495255522273,0.1267472557284969,0.49329338226396235,,,0.618341529865841,0.19909770068814492,,0.019219222685608925,0.21573523958898583,-0.053813823519704984,0.06726727939963126,,,0.17561273257108492,0.31043039566477587,0.22102106088450255,0.2594595062557205,-0.05871569517001027,0.6778222806350047,-0.3966817496229261,-0.41712931039163265,-0.34276393837350094,0.9999999999999996,0.411651351618242,-0.39679705551742844,-0.3152480538473991,0.5740063409738193,0.3001817280742479,-0.2700281801899478,-0.23186986839394008,-0.2824240404964611,-0.373200262564259,0.31773861735506864,0.17511395586292527,-0.2039338956710401,-0.05726504525466054,0.22472420790519354,0.2948507569083625
Lonely_Q6,,-0.1644201369701298,-0.19482401318221648,,,-0.09428875720743025,,0.1644201369701299,,-0.16442013697012986,0.3649324991288248,0.1828371254119896,-0.051571062312939654,-0.32466495400287193,-0.24059344803748414,,-0.35647066168929153,,0.16442013697012986,0.3025711721419651,,,,-0.0745011159729912,0.273432480695285,,-0.37129283963993165,,0.24796695453625278,-0.273734579102613,0.23318130812444812,-0.2777514818259732,0.25067011062463157,0.18283712541198957,0.0360922251885651,,0.16442013697012986,0.19482401318221648,-0.027765762647764654,,-0.14344893549002272,0.32003694841370833,0.09168188855633719,0.30257117214196505,-0.054373522458628816,-0.1432545649779396,0.09168188855633716,0.01798029764583857,0.07947399728964348,0.07947399728964348,0.02897265621171883,0.1725768321513002,-0.20214987702065607,0.16442013697012986,-0.2645054231181791,0.13200291682852228,,0.15505136927551832,-0.27259604628543016,,,0.41350532414606056,0.196502114915521,0.0857573699647014,-0.0529568830772497,,,-0.23660458734726003,0.16442013697012986,,-0.2666814416710642,-0.3064796047752349,,0.4483715328801984,,-0.1255586323388261,0.25067011062463157,0.196502114915521,,,0.4988130609393996,0.23493483942561397,,0.16442013697012986,0.28259362464731574,-0.03930042298310423,-0.056143461404434575,,,-0.06382978723404255,0.3134590639950825,0.23660458734726,0.16442013697012986,-0.11945220005766037,0.40398516299443676,-0.14414091669813064,-0.17848979334037957,-0.1480224975163139,0.411651351618242,0.9999999999999996,-0.2289036445403065,-0.24314149242803618,0.37690677923816,0.056433839940539174,-0.2513790386130812,-0.24002268154062545,-0.16905193165190424,-0.14225303295373604,0.306587864179602,0.44408880347811786,-0.20425184255141668,0.11561288560701044,0.2625869963537004,0.23364095574159374
Lonely_Q7,,-0.008261641885232002,0.1593648555693364,,,0.23214928566597523,,0.21480268901603208,,0.19827940524556803,-0.34457931362988486,-0.10666725926419761,0.15936485556933636,0.46693505807888436,0.6519198975923275,,0.41523180011988176,,-0.19827940524556803,-0.3100017222365742,,,,0.33680814512862034,-0.3033192735470315,,0.4027109727284774,,-0.34457931362988486,0.41076352497826696,-0.4014807334533343,0.29796847012149963,-0.36006827980845135,-0.1066672592641976,-0.008261641885232002,,-0.19827940524556803,-0.1593648555693364,0.2739634427272804,,0.34976557788667334,-0.3492281247952146,0.15936485556933638,-0.1433341296362655,-0.01461087092810466,0.35689344803692324,-0.28331529878993145,0.11807074052642745,-0.3345725419872787,-0.3345725419872787,-0.3027009911915449,-0.22890364454030654,0.5300343902517064,-0.19827940524556803,0.4786833779520614,-0.45448098259857117,,-0.4791396174947694,0.44800525842703764,,,-0.4673019927962718,0.11566298639324801,-0.16612401431552637,-0.0223155433347742,,,0.21480268901603208,0.008261641885232004,,-0.043373619897468046,-0.05080138857644156,,-0.38548314802015293,,-0.050418233127048455,-0.004737740523795406,-0.46265194557299205,,,-0.5405020325684474,-0.13575524733684208,,-0.19827940524556803,-0.4868676758414592,-0.25445857006514566,0.02891574659831201,,,-0.3506609022745122,-0.46228360183032313,-0.21480268901603208,-0.19827940524556803,0.053634432346898867,-0.596955305998222,0.7533957165216535,0.6327776470933892,0.31081034859896506,-0.39679705551742844,-0.2289036445403065,1.0,0.5917191770688892,-0.4851245072425011,-0.35006120987691597,0.4318324074306492,0.4504674149715231,0.3078015027844,0.4080104524348942,-0.31508318980490235,-0.28662439602397305,0.3857204271037602,0.12507666143626386,-0.038640291733449135,-0.21275149502599872
Lonely_Q8,,0.05958899558430419,0.1652812173076602,,,0.33569009015924645,,0.11567275613423744,,0.23485074730284572,-0.30057390419729885,0.09758454167508485,0.16528121730766018,0.4872444811663361,0.5811612034288429,,0.3174040817241201,,-0.23485074730284572,-0.2390114136679614,,,,0.14832696984183996,-0.2252106032023244,,0.48225408537512765,,-0.30057390419729885,0.4834492332845452,-0.35347917464185685,0.3680768838629164,-0.3678520149649228,0.09758454167508483,0.05958899558430417,,-0.23485074730284572,-0.16528121730766016,0.323163662803851,,0.31425444083448467,-0.3870299993263512,0.1652812173076602,-0.3097248496643997,-0.10125155633688761,0.2649887287788526,-0.33557095635191614,0.007858015405894009,-0.30504547687588474,-0.30504547687588474,-0.3038894016271844,-0.20870218755154385,0.4337011315876177,-0.23485074730284572,0.44323237546615135,-0.475743822903424,,-0.42406423006568206,0.4497641364612332,,,-0.2817465288597451,0.10632546270924856,-0.312138147713537,-0.07574399897230542,,,0.11567275613423743,0.11567275613423743,,0.03680496786089373,0.05850350988034418,,-0.3569344983945806,,0.014880946202308232,-0.26734599994718433,-0.38440744210266786,,,-0.41901040333940553,-0.08514486952212794,,-0.23485074730284575,-0.2863526501989915,-0.20120049097288575,0.22082980716536244,,,-0.41533801681049815,-0.2800511145679462,-0.2909345078527789,-0.23485074730284572,-0.152598546299347,-0.5018600349885739,0.6453507280331576,0.590421844016028,0.1841204800348543,-0.3152480538473991,-0.24314149242803618,0.5917191770688892,1.0,-0.33062566013058586,-0.3886541954914011,0.4153380168104982,0.5129579812742269,0.6024990295289576,0.47377463928670527,-0.34892475659305977,-0.42010208984214714,0.32730558243474694,0.4104248193217909,-0.2950962425714797,-0.3220121591568972
Lonely_Q9,,-0.2513821202667025,-0.2558628821243202,,,-0.24289665948435057,,-0.09297694859179405,,-0.2513821202667025,0.0863767331053396,0.1236563216771647,-0.25586288212432023,-0.3629518448363712,-0.41624731222547107,,-0.2746323059786731,,0.2513821202667025,0.3626325837948313,,,,-0.28077455026893133,0.2528571052981636,,-0.16189726863626985,,0.2872528566061292,-0.22151301438859677,0.262139855455501,-0.2209190078172763,0.3495342173067483,0.26259600895487784,0.09297694859179405,,0.2513821202667025,0.1328518811030124,-0.07152720212803829,,-0.2525955113951214,0.3224998411737867,-0.2558628821243202,0.15422305287826163,-0.2415722085960918,-0.36903716115884205,0.1131701209396032,-0.05017883956753842,0.20473245198316722,0.20473245198316722,0.16348897863760556,0.14007128061454058,-0.3103501281934189,0.2513821202667025,-0.24218859667914724,0.2624144512865755,,0.3457404304086923,-0.30772004236127126,,,0.4128575510930572,-0.056245314580221126,0.0560540766103537,0.1736278536852583,,,-0.09297694859179406,0.07920258583745421,,0.0361577022301422,0.08016200591548402,,0.2960881674061287,,-0.04933994997776279,0.05331877891119887,0.3455069324213581,,,0.45058059702177145,0.35919212298221864,,0.0792025858374542,0.24480999420242805,0.1398097819565496,-0.14463080892056854,,,0.14007128061454058,0.31088248517271455,0.09297694859179405,0.2513821202667025,-0.1762157507538904,0.6128368292139033,-0.20917180221927312,-0.18901346950255082,-0.19799297381845626,0.5740063409738193,0.37690677923816,-0.4851245072425011,-0.33062566013058586,0.9999999999999998,0.092126524750019,-0.309239493917126,-0.18668326812648955,-0.10325082793938026,-0.18217552278056492,0.15723687585259788,0.02775562128093681,-0.2923176970088378,0.04825172438908137,-0.06442368268484949,0.06729494532725297
Lonely_Q10,,0.16095377122932997,0.10822675614978819,,,-0.08868128278786726,,0.15464185863210136,,-0.15464185863210136,0.2927149466964777,0.1362478163941747,0.10822675614978819,-0.3712018214615672,-0.01585610494439199,,-0.25693656997901865,,0.15464185863210136,0.30942261106340624,,,,0.23777870917580923,0.16759521463410443,,-0.10832241523628272,,0.29271494669647763,-0.20123757623057806,0.2863424542840384,-0.11382428373582429,0.09230092698329047,0.13624781639417471,0.003155956298614311,,0.15464185863210136,0.11724565249560387,-0.2196591025872412,,-0.04429877983226679,0.2771614854634823,0.22096296047248418,0.11842099929587144,0.2846498080517306,0.1258464832550295,0.22096296047248415,-0.022993764229192408,0.2637720576919334,0.2637720576919334,0.23777870917580932,0.08744144430347282,-0.46761787898405216,0.15464185863210136,-0.010350428917723392,0.4226461807596023,,0.3798403148383127,-0.23139853805396396,,,0.09309845201540054,0.06627508227090058,0.46637737495297915,-0.0625134556181455,,,-0.003155956298614311,-0.16095377122933,,-0.2319627879481521,-0.1538633348954768,,0.10094838736386899,,0.12393275851208144,0.2732831367544481,0.43446998377590373,,,0.3126824394319412,-0.2299818568182998,,-0.003155956298614312,0.11218081837193693,-0.05743840463478051,-0.0662750822709006,,,0.3665098835698754,0.19934965493063783,0.16095377122932997,0.15464185863210136,0.3712018214615672,0.27328313675444804,-0.48593774792217376,-0.39062633181482853,-0.11872989545683613,0.3001817280742479,0.056433839940539174,-0.35006120987691597,-0.3886541954914011,0.092126524750019,1.0,-0.1494566530293401,-0.07318304366340415,-0.1761365454335292,-0.28855896104088885,0.2721950819864528,0.1371400356792486,-0.02679011417151211,-0.009657542828404073,0.05904253598522998,0.11009091724508505
Lonely_Q11,,0.1644201369701299,0.33807696405149346,,,0.4392476250394922,,0.23660458734726011,,0.3649324991288249,-0.423415271425111,-0.10193574248633056,0.19482401318221657,0.32466495400287204,0.4776313278773701,,0.18989558613354787,,-0.3649324991288249,0.10193574248633053,,,,0.38492243252712144,-0.07624559557849292,,0.4869603909296301,,-0.1894841822399668,0.49903052898130695,-0.4021532705334686,0.341749519113064,-0.1356838213472777,-0.1019357424863305,-0.0360922251885651,,-0.3649324991288249,-0.051571062312939675,0.32003694841370856,,0.27963463374004427,-0.1739013555307366,0.33807696405149346,-0.30257117214196516,-0.06382978723404256,0.4764047160894272,-0.3781877902948909,0.09439656264065242,-0.33862833627761146,-0.33862833627761146,-0.235920200581139,-0.2907801418439716,0.38592249249397986,-0.3649324991288249,0.41064101600115105,-0.40324178702411617,,-0.34261350952816166,0.2725960462854302,,,-0.35923953357571153,0.27136006345476715,0.0422387046094798,-0.007221393146897702,,,0.23660458734726011,0.0360922251885651,,0.056143461404434644,0.1743763268548751,,-0.3895301243657368,,0.12555863233882616,-0.020697532069923724,-0.19650211491552108,,,-0.39084486593087164,0.051571062312939675,,-0.16442013697012992,-0.2825936246473158,-0.12912996123019957,-0.0842151921066519,,,-0.2907801418439716,-0.19779151270538423,-0.0360922251885651,-0.3649324991288249,-0.03369164617010936,-0.3656563999019856,0.42738725955471946,0.4307721867543438,0.5394281399873364,-0.2700281801899478,-0.2513790386130812,0.4318324074306492,0.4153380168104982,-0.309239493917126,-0.1494566530293401,1.0,0.5227719137219907,0.4666785718841302,0.5408067890741174,-0.41182397316573555,-0.3035543719977009,0.34041973758569455,0.1750340335167589,-0.26258699635370053,-0.27026179519952387
Lonely_Q12,,-0.006395164014797786,0.23758414464122632,,,0.2713865453900312,,0.16627426438474255,,0.15348393635514693,-0.4066258452742262,-0.2115827861963648,0.12336099817909824,0.31260078058099794,0.45738683754981174,,0.3878317973844627,,-0.15348393635514693,-0.17545889587015617,,,,0.2607161336135374,-0.2872022731979269,,0.26561620773964706,,-0.22010022817595729,0.3628735358734701,-0.4005980123751675,0.3327091872500272,-0.27872131688705915,-0.08256889217419114,-0.006395164014797786,,-0.15348393635514693,-0.12336099817909829,0.3285909944661664,,0.1621581584780419,-0.2703301798445057,0.2375841446412263,-0.4334866839145035,-0.19980945740816458,0.27626374608208315,-0.21930844120728582,-0.22221794011255488,-0.39674389791397313,-0.39674389791397313,-0.39932471097769673,-0.3656890069545655,0.4102885245125598,-0.15348393635514693,0.2540171517504407,-0.27971318611184015,,-0.5204451506942792,0.5910108507859493,,,-0.49153563485312707,0.08953229620716904,-0.1285931214524645,-0.017273994889600686,,,0.16627426438474252,-0.31336303672509164,,-0.0335746110776884,0.06600863182798139,,-0.2514770703955895,,0.0033937129295890725,-0.09535202946136233,-0.13429844431075358,,,-0.332302560922762,0.12336099817909826,,-0.15348393635514695,-0.42672514271484957,-0.19697105165577192,0.022383074051792268,,,-0.27143926289411047,-0.17338835783004738,-0.16627426438474252,-0.15348393635514693,-0.2027020686579909,-0.24815976898277628,0.5580937092079253,0.4395304081791129,0.38245014660141086,-0.23186986839394008,-0.24002268154062545,0.4504674149715231,0.5129579812742269,-0.18668326812648955,-0.07318304366340415,0.5227719137219907,1.0,0.5467701779405916,0.5847298597278999,-0.3557797136296174,-0.5300226442287742,0.19000424993850867,0.5345657208452601,-0.3589276901339856,-0.39828431928362285
Lonely_Q13,,-0.06530634274398008,0.30539195913557265,,,0.30301043896785895,,0.06530634274398006,,0.2315406697286566,-0.25627792076804307,-0.00479079365837403,0.09331420973586949,0.33554656310441505,0.3281110782610137,,0.26140110155158813,,-0.2315406697286566,-0.055094127071301055,,,,0.2879914936208837,-0.256892974885272,,0.4006996177666217,,-0.25627792076804307,0.45361125536695046,-0.3385407530863638,0.4604626976897476,-0.12256602025666206,0.23474888926032622,0.08311716349233829,,-0.2315406697286566,0.012724664963982203,0.32668145585273767,,0.21102379276075767,-0.27259512210228437,0.19935308443572106,-0.35451873071967643,-0.11549551019930977,0.35511093040970454,-0.22480241436368537,-0.10647518351634973,-0.278795174561673,-0.278795174561673,-0.17156940045499464,-0.14699428570821246,0.42623482340290547,-0.2315406697286566,0.3764408829031546,-0.31321175904270093,,-0.5016660839936079,0.36728745420888664,,,-0.2394053920556972,0.29091007222318394,-0.17622646454792806,0.13541752142994873,,,0.21372984898029843,0.06530634274398006,,-0.031168936309626832,0.21773604763902013,,-0.3467030492974578,,0.034656027467253214,0.04766456343314637,-0.26320435105907114,,,-0.27652440931104855,0.09331420973586942,,-0.08311716349233828,-0.377637937766406,0.0249351490477015,-0.03116893630962686,,,-0.23449088434405327,-0.14384088842904372,-0.06530634274398006,-0.2315406697286566,-0.19951417265667917,-0.264424839998169,0.45753552343934656,0.4967411205519452,0.40245681389569254,-0.2711666747878815,-0.11782875282959887,0.24394457600776473,0.5730759954785261,-0.0781384668420202,-0.1276158269920712,0.46781514737296204,0.5841711343831147,0.9570247115436661,0.3658222572166264,-0.3354807262491407,-0.5752669262885988,0.20158873198861338,0.5106060969055839,-0.36097744051200564,-0.4348046628933429
Lonely_Q14,,0.03015884651252912,0.09157271288757148,,,0.23348199812897805,,0.15833394419077787,,0.2186516372158361,-0.336459631405403,-0.21902920374931556,0.09157271288757148,0.31096169328649426,0.2941340319866689,,0.20669860291861486,,-0.2186516372158361,-0.08517802368028943,,,,0.13228870992418207,-0.06673199652938266,,0.37839411779842524,,-0.2814825674502718,0.5125336000455123,-0.440524747146556,0.23583394355438367,-0.1988920724802405,0.009126216822888146,-0.15833394419077784,,-0.2186516372158361,-0.22623846713400014,0.3049738282868575,,0.08876201920018248,-0.23628602912315083,0.22623846713400014,-0.3133334442524931,-0.28001659406763535,0.18477602382118608,-0.17775879560528585,-0.06127149523920514,-0.40278426610368034,-0.40278426610368034,-0.35406684126766375,-0.3866895822838775,0.4261326908000105,-0.2186516372158361,0.17584076585908898,-0.29577639207053985,,-0.36674323019810484,0.23610054490270854,,,-0.3346444023400126,0.017592660465641993,-0.2358339435543836,0.08146214222625411,,,-0.03015884651252912,-0.4071444279191431,,0.2243064209369353,0.10265913751402228,,-0.1969185590465143,,-0.11603156487905464,-0.19889207248024052,-0.2462972465189878,,,-0.3105781212972951,0.22623846713400012,,-0.2186516372158361,-0.2797592589331698,-0.021111192558770402,-0.17152843954000935,,,-0.1644541901667065,-0.1609262340062268,-0.15833394419077787,-0.2186516372158361,-0.26777256921892556,-0.12682972737870407,0.38579179265761077,0.41740072725490185,0.4709671790142853,-0.28224338205165694,-0.12741495814717807,0.27927899669604034,0.3004387486038641,-0.20101081642264584,-0.23785482402378635,0.46076804632293455,0.39338404414853223,0.3032876144629575,0.8161883551450877,-0.49859613724597046,-0.2087341074298272,0.1600067588282424,0.2720099653231361,-0.21158263280659895,-0.3249779395365005
Lonely_Q15,,0.02499219116020306,-0.16324830905758353,,,-0.2927839308987757,,0.15352345998410452,,-0.33203911112841217,0.2353431334252456,0.07058577156065032,-0.03571056760634639,-0.3217708504138938,-0.3893581498582499,,-0.4033797273112484,,0.33203911112841217,0.28954571599368806,,,,-0.14371100457704125,0.27386578019950847,,-0.497386298281702,,0.547745522927784,-0.4904191192884976,0.4623378609243299,-0.38858512769644016,0.21907608815502796,-0.07346682346108502,0.024992191160203063,,0.33203911112841217,0.03571056760634639,-0.3733989115837196,,-0.31038920765310946,0.43845098677252087,0.09182717384489075,0.5776509060371589,0.2546713837464429,-0.3381271243638406,0.3469026567473651,-0.1320644631908955,0.4737542152034838,0.4737542152034838,0.5011460672430157,0.48198137915649103,-0.4853831472345177,0.33203911112841217,-0.34217391549309495,0.3686644789603726,,0.5031847849183402,-0.4008501272105286,,,0.5923136616002649,0.024992191160203056,0.10369867044098552,-0.012858376270757858,,,-0.2035078423045107,0.33203911112841217,,0.09996876464081228,-0.04234003765179834,,0.589870389268195,,0.17620274037668918,0.014332080533506403,0.2749141027622337,,,0.5536731580106526,-0.2907860505088206,,0.15352345998410455,0.4987318222199477,0.19493909104958398,0.16244924254131993,,,0.3767452701703576,0.3944077686167533,0.024992191160203066,0.33203911112841217,0.14452419552488446,0.32144809196578866,-0.45783500948693323,-0.39811480786778186,-0.4967245218655937,0.31773861735506864,0.306587864179602,-0.31508318980490235,-0.34892475659305977,0.15723687585259788,0.2721950819864528,-0.41182397316573555,-0.3557797136296174,-0.33492997795437196,-0.5109572239555107,1.0,0.5229909430252326,-0.27276735168303146,-0.2777381164054704,0.6345471845209156,0.5783850461598131
Lonely_Q16,,0.18594686474808184,-0.1379563513841173,,,-0.2009631817033401,,0.17164325976746014,,-0.17164325976746014,0.298289762200048,0.020198929081169444,0.11751837340128513,-0.34958588018371317,-0.30013764178205393,,-0.2851843014224746,,0.17164325976746014,0.12407913578432642,,,,-0.10702928854429684,0.49701213408275424,,-0.4001820776944905,,0.40258688185041447,-0.3555830235294607,0.44799443077440515,-0.3720733961503062,0.31169799611130306,-0.051940103351578476,0.007151802490310834,,0.17164325976746014,0.13795635138411733,-0.2371601745959815,,-0.22182228423937536,0.30231406871575667,0.1175183734012851,0.41263526551531815,0.32885056966417586,-0.23468291471224473,0.2452557357939863,-0.0020041086260161878,0.21259873666087903,0.21259873666087903,0.16977059562198815,0.19815354838738808,-0.24034029262630274,0.17164325976746014,-0.2840709783622196,0.31280721751288665,,0.35902456110631603,-0.3195433436054253,,,0.3561380006744386,-0.10012523486435175,0.2008739807437236,-0.08800309759602581,,,-0.18594686474808184,-0.007151802490310834,,0.1627035066545716,-0.1916136875622001,,0.38616707441204157,,0.0436452281815374,0.004101289422517069,0.23362554801682078,,,0.41975579231593624,-0.26569371377681855,,0.1716432597674602,0.6444602370169275,0.17021289926939803,0.16270350665457162,,,0.19815354838738808,0.19390265620248512,0.18594686474808186,0.17164325976746014,0.09012760973486356,0.2433431724026839,-0.48380842933923596,-0.40717385606546297,-0.26905719904149983,0.17511395586292527,0.44408880347811786,-0.28662439602397305,-0.42010208984214714,0.02775562128093681,0.1371400356792486,-0.3035543719977009,-0.5300226442287742,-0.5849217350280773,-0.32586234393483443,0.5229909430252326,1.0,-0.12141968209867599,-0.33864518391115406,0.5351918923323965,0.543370410349507
Lonely_Q17,,0.17323973216880922,0.24753688574416857,,,0.2980393888392014,,0.17323973216880922,,0.17323973216880922,-0.2021130208636108,0.06989760511142486,0.24753688574416857,0.10585122480499261,0.46079379517684715,,0.43175524687755273,,-0.17323973216880922,-0.2795904204456993,,,,0.3575992699260757,-0.11357771260606365,,0.4996753165321088,,-0.1010565104318054,0.34064167810970714,-0.0486630968728153,0.110586726120859,-0.19869292589280094,6.938893903907228e-18,3.0357660829594124e-18,,-0.17323973216880922,0.0,-0.06312950158988083,,0.8628578972941969,-0.3787770095392851,0.24753688574416854,-0.2795904204456993,-8.673617379884035e-19,0.2878368312517019,-0.24753688574416854,0.29127586401773153,-0.37317589626658254,-0.37317589626658254,-0.26819945244455684,-0.30637776382712506,0.31755367441497784,-0.17323973216880922,0.31564750794940427,-0.23434639500813165,,-0.3781188387387625,0.33078507751560193,,,-0.1406545350589745,0.0808452083454443,-0.05529336306042951,0.05199314567548141,,,0.17323973216880925,-0.17323973216880922,,0.0,0.4184960611751118,,-0.15251433490289876,,0.5515973485146916,0.09934646294640045,-0.16169041669088863,,,-0.3264902644719867,4.336808689942018e-18,,-1.3010426069826053e-18,-0.10803395392536072,0.0485071250072666,0.12126781251816646,,,-0.2042518425514167,-0.14990259495963265,3.0357660829594124e-18,-0.17323973216880922,-0.06615701550312036,-0.23180841354160106,0.1359559304473601,0.2724603473036169,0.2151982757785934,-0.2039338956710401,-0.20425184255141668,0.3857204271037602,0.32730558243474694,-0.2923176970088378,-0.02679011417151211,0.34041973758569455,0.19000424993850867,0.15428702415662246,0.15892826960929834,-0.27276735168303146,-0.12141968209867599,1.0,0.0,-0.12964074471043285,-0.03163986674531158
Lonely_Q18,,-0.1018937802579025,0.14559286559716225,,,0.22430442858793206,,0.10189378025790252,,0.0624510266096822,-0.15147113032962398,0.1100725089221535,-0.08923433697890598,0.13556205315784897,0.26908058269336216,,0.17202651692549725,,-0.0624510266096822,-0.043763768607603185,,,,0.12551823660779932,-0.23919636425221338,,0.08437550405311789,,-0.24733893433571508,0.31114879386103084,-0.2889898293130643,0.2654189972177745,-0.15267780433296219,0.30899872986580446,0.06245102660968223,,-0.0624510266096822,-0.028179264309128177,0.20481744694822968,,-0.058042976795829176,-0.08504116218318308,0.14559286559716222,-0.3753074701803547,-0.0833187834821472,0.16929593729175918,-0.20664793826694,-0.22474060856530592,-0.3738401863265267,-0.3738401863265267,-0.38333947936976553,-0.30421044201621184,0.1857702209940893,-0.0624510266096822,0.2742876921119568,-0.15858396694476257,,-0.37510239596236145,0.31631145736831423,,,-0.2037072305593832,0.007669424320487284,-0.2129646499415345,0.04537769198382853,,,0.10189378025790252,-0.22679583347726698,,-0.16105791073023307,-0.12126806526132966,,-0.12442785033382968,,-0.03314080076460588,-0.058432246102738596,0.161057910730233,,,-0.1840661836916949,0.02817926430912818,,-0.062451026609682214,-0.2910630613478433,-0.07822812806897037,-0.16105791073023307,,,-0.30421044201621184,0.010428433085216836,-0.10189378025790252,-0.0624510266096822,-0.18577022099408938,0.03581331212748498,0.36680583041498777,0.2310730551295922,0.2461453725943282,-0.05726504525466054,0.11561288560701044,0.12507666143626386,0.4104248193217909,0.04825172438908137,-0.009657542828404073,0.1750340335167589,0.5345657208452601,0.4420229587443015,0.3708896752579238,-0.2777381164054704,-0.33864518391115406,0.0,1.0,-0.43044537241582465,-0.402805733202649
Lonely_Q19,,0.19139824151521018,-0.27348301713730944,,,-0.32067045016986895,,0.18389242812245682,,-0.18389242812245682,0.2933522067667764,-0.140820378737255,-0.005362412100731538,-0.269435004525293,-0.2961390221414485,,-0.3055362250870486,,0.18389242812245682,0.21653025977878995,,,,-0.20141426926733427,0.3223180873402963,,-0.39942433980010783,,0.5122717640554155,-0.3447210150104807,0.28779460886196095,-0.3749191352220667,0.21736721790038088,-0.140820378737255,0.0037529066963766663,,0.18389242812245682,0.1394227146190205,-0.19282872818393806,,-0.09516009869585734,0.329586691434958,-0.005362412100731573,0.5193697839449296,0.22787331780185882,-0.31800709141713235,0.26275819293584635,0.07782250967981406,0.3136646480382985,0.3136646480382985,0.28275464724068095,0.3252172593871189,-0.21210840781778384,0.18389242812245682,-0.2858241431946317,0.2487566048520401,,0.33466983698651254,-0.3468259100804303,,,0.5677596915338351,-0.008756782291545591,0.07546295692968116,-0.018021309280812477,,,-0.19139824151521018,0.18389242812245685,,-0.01313517343731832,-0.10054923806185165,,0.6156324195494387,,0.09758594299202608,0.109759684286331,-0.008756782291545528,,,0.4223463459076207,-0.13942271461902053,,-0.003752906696376666,0.36743471613204526,0.08931917937376477,0.24956829530904856,,,0.2145991439493234,0.23705672199518593,0.19139824151521018,0.18389242812245682,0.08312356522588828,0.25323639577173085,-0.2833306070236737,-0.22842021423061382,-0.4408785811687285,0.2244261149189598,0.21459914394932336,-0.03646208127728412,-0.3010217468120361,-0.08042278215433914,0.05745529021325422,-0.2514718490952553,-0.351630649437835,-0.3208639305300432,-0.31444936828939896,0.6519576562192131,0.5247497678328021,-0.12742989998322574,-0.434588989100744,0.982946374365981,0.644977452822378
Lonely_Q20,,0.03354544608978531,-0.04793204856650888,,,-0.08763545071687102,,0.1528181432979109,,-0.15281814329791088,0.33918173268560703,0.16993557204287896,0.21835711013631817,-0.4156256241743561,-0.2786943681913884,,-0.2539064773072807,,0.15281814329791088,0.20602808291924263,,,,-0.06924408668193223,0.31522916147041113,,-0.3450932678878092,,0.33918173268560703,-0.359118205345638,0.6355240543580241,-0.2581524777503361,0.23298205190582782,-0.05564262093439398,0.03354544608978531,,0.15281814329791088,0.18107662791792234,-0.4332779641849431,,-0.04894272539283778,0.4332779641849431,0.21835711013631814,0.43160627589651557,0.1691882782956368,-0.21055659093774504,0.21835711013631814,0.22560595473886685,0.23444447067795487,0.23444447067795487,0.21927294115945226,0.2702617951995238,-0.30175559015398457,0.15281814329791088,-0.24584110193565736,0.37478779867670337,,0.4346557568682649,-0.3245295969580589,,,0.485200365776382,0.18263631759994226,0.19867034001984393,0.06264374012805599,,,-0.21990903547748142,0.15281814329791082,,-0.11740906131424858,-0.03929013178530522,,0.4714224266501219,,0.17999310557666293,0.019237050157362018,0.09566664255235069,,,0.31309083017132955,-0.04793204856650886,,0.15281814329791085,0.3207620023947624,0.12001815156567636,0.14349996382852603,,,0.16039927682573363,0.3988461133532001,0.21990903547748147,0.15281814329791088,0.17365180188106655,0.30423038582198303,-0.36797842479238096,-0.37106549732852434,-0.4021498259262408,0.2948507569083625,0.23364095574159374,-0.21275149502599872,-0.3220121591568972,0.06729494532725297,0.11009091724508505,-0.27026179519952387,-0.39828431928362285,-0.3784232509932778,-0.4171618108466957,0.5783850461598131,0.543370410349507,-0.03163986674531158,-0.402805733202649,0.6275778307723612,0.9999999999999996
