,IRI_Q1,IRI_Q2,IRI_Q3,IRI_Q4,IRI_Q5,IRI_Q6,IRI_Q7,IRI_Q8,IRI_Q9,IRI_Q10,IRI_Q11,IRI_Q12,IRI_Q13,IRI_Q14,IRI_Q15,IRI_Q16,IRI_Q17,IRI_Q18,IRI_Q19,IRI_Q20,IRI_Q21,IRI_Q22,IRI_Q23,IRI_Q24,IRI_Q25,IRI_Q26,IRI_Q27,IRI_Q28,PANAS_Q1,PANAS_Q2,PANAS_Q3,PANAS_Q4,PANAS_Q5,PANAS_Q6,PANAS_Q7,PANAS_Q8,PANAS_Q9,PANAS_Q10,PANAS_Q11,PANAS_Q12,PANAS_Q13,PANAS_Q14,PANAS_Q15,PANAS_Q16,PANAS_Q17,PANAS_Q18,PANAS_Q19,PANAS_Q20,POM_Q1,POM_Q2,POM_Q3,POM_Q4,POM_Q5,POM_Q6,POM_Q7,BigFive_Q1,BigFive_Q2,BigFive_Q3,BigFive_Q4,BigFive_Q5,BigFive_Q6,BigFive_Q7,BigFive_Q8,BigFive_Q9,BigFive_Q10,SelfConst_Q1,SelfConst_Q2,SelfConst_Q3,SelfConst_Q4,SelfConst_Q5,SelfConst_Q6,SelfConst_Q7,SelfConst_Q8,SelfConst_Q9,SelfConst_Q10,SelfConst_Q11,SelfConst_Q12,SelfConst_Q13,SelfConst_Q14,SelfConst_Q15,SelfConst_Q16,SelfConst_Q17,SelfConst_Q18,SelfConst_Q19,SelfConst_Q20,SelfConst_Q21,SelfConst_Q22,SelfConst_Q23,SelfConst_Q24,LifeSat_Q1,LifeSat_Q2,LifeSat_Q3,LifeSat_Q4,LifeSat_Q5,Lonely_Q1,Lonely_Q2,Lonely_Q3,Lonely_Q4,Lonely_Q5,Lonely_Q6,Lonely_Q7,Lonely_Q8,Lonely_Q9,Lonely_Q10,Lonely_Q11,Lonely_Q12,Lonely_Q13,Lonely_Q14,Lonely_Q15,Lonely_Q16,Lonely_Q17,Lonely_Q18,Lonely_Q19,Lonely_Q20
IRI_Q1,0.9999999921406292,0.22940205792739948,0.229382403292565,-0.06277695936899723,-0.03672999020305621,0.17958318018705532,-0.029448438201279577,-0.06776970340781732,0.23155265621978385,-0.026153964303989974,-0.005556528195016265,-0.09601234287131438,0.03351147986706571,-0.1869456100434104,0.17019794700372864,-0.02336525537011115,0.2786815957432208,-0.214377757106696,0.200985794173842,0.13578937945194847,-0.07625335537599648,0.04084261788503252,-0.1706988878689691,0.021340624525914453,-0.16053836083839643,0.28502028779822824,0.3137292806537623,-0.07150910158078633,0.2756221036300731,-0.017180048547923592,0.47544170036766537,-0.1118829848133398,-0.002843731632491929,0.1741823646794399,0.22128999851858713,-0.13179113091774974,0.2706800315711453,0.014190331079978191,0.08508871751400388,0.22140076211636694,-0.2488438580673456,0.3878914699235532,0.2735148135142331,-0.020808004145433392,0.29861124763405966,0.17487043986133857,0.33981250231250393,0.273238600481258,0.28634455058837005,-0.2791393562947252,0.3282962692105178,0.2243995929342102,0.20960872239738046,0.1845467355125258,0.30351070124064994,0.33126767290154396,0.0304524230113069,-0.15115475526221722,0.1992511001798688,0.513784090030061,-0.040638754892664664,0.25166011092383267,-0.18436243496239915,-0.3231362332369576,-0.20312575676028985,0.5377114186237333,0.24598868707149626,0.0036450112033093174,0.39903084539577904,0.04524561540291601,0.33357734744591727,-0.18366866695857453,0.23412938545206918,0.17717120892993882,-0.07403376760466107,0.29080187869840735,-0.2650815363812419,0.1726869217116453,0.28246999508380105,0.9128276812731915,0.369346855007795,0.5754051507283917,0.38047174477632106,0.3026995205757862,0.4005304778636002,0.17554455209491138,-0.15094944861090254,0.46628170093619103,0.07541229624949236,0.3714632234541979,0.3492418221885222,0.42116147565016393,0.3057209490166217,0.34714463150771047,0.33900445940500784,-0.36023428932832213,-0.29238218977200237,-0.23439819360754194,0.3516668818939239,0.2849646747073701,0.04727545938502999,0.07000791962939482,0.3668053313477369,0.3162592965136004,-0.22028684980769858,-0.16968113261612727,-0.14611567265864833,-0.160369418141991,0.4331691661571606,0.06978834303196729,0.16001195071233093,-0.060402516246905555,0.42713515541941127,0.408022172269157
IRI_Q2,0.23290765035362085,0.9936711201892409,-0.07408780839890805,-0.5126984154018288,0.20448615287793767,0.27396368467220134,-0.13462640743641657,-0.061685160223098785,0.28973175649777316,0.05060879640839831,0.033243657443852215,-0.13601813034117138,-0.36304815141595964,-0.23850690643452754,-0.04255900719316613,0.17316449618338486,0.13961413871131562,-0.4384893472719793,0.0011612123397456223,0.4996605744074903,-0.055045159320980946,0.39139242993238466,-0.2373828896438951,0.1279899520119929,0.23397824632734934,0.2555309029565816,0.2803751010062291,-0.011959814663638754,0.5593370381648072,0.14084729163085766,0.5175618272519149,0.11404708374208516,-0.4134118886254937,0.01452356426702004,0.14821691522994296,-0.5094300338031432,0.4938975426705107,0.17410263863415476,-0.27571439357775385,0.0771303111808159,-0.25760084893893376,0.684506034423294,0.1676232184421212,0.07705991076864652,0.41932584451697696,0.291035202986092,0.6375589024519729,0.17376906032707912,0.287197372750265,-0.15943125614594383,0.4256236939499351,0.5647021180971508,0.16823774453976661,0.4992152006490452,0.28591538872564537,0.3371333808006885,-0.4321830552063596,-0.038541522174894156,0.30995728181638427,0.6112023846499964,0.1109844629201222,0.9062301156636116,-0.385139778734291,-0.047174389337216974,-0.6308048990435832,0.7038230285829026,0.40197478654027075,-0.05471424101185399,0.8254359029974585,-0.12965144373104714,0.46678280619704204,-0.5926455093543543,0.5014313954968765,0.44402287746052005,0.0683499190001618,0.4067523919339265,-0.6527122088742191,0.5200031122505426,0.6155321129287388,0.39583488470173006,0.7881282863309798,0.6373992930960759,0.6980885112966861,0.6953160317784174,0.5651262348794166,0.3956209945708976,-0.4042985959944202,0.5673312632165401,0.5164165486876042,0.5038734636165647,0.36885223341468854,0.6771790087863383,0.6461631380373363,0.4422022243127212,0.5351873561521343,-0.37039237183504814,-0.34439867956966386,-0.39515725683729563,0.5184095846148792,0.46466974610311124,-0.3590974038198186,-0.25612623039748167,0.5979219870561425,0.5977779632426863,-0.3710507771403907,-0.37063096598202705,-0.3249861877367384,-0.3114965031249176,0.584698433227465,0.4959945440791029,-0.043500010144918916,-0.25145769353739655,0.6075021479218359,0.6153201873602668
IRI_Q3,0.22659854525146492,-0.09302267903852815,0.9997873414884417,0.23770969432048467,-0.09823310100226779,0.09464463777905587,0.2328275393663859,-0.3098380468706624,-0.08045080413276078,-0.07139130127333931,-0.4883247964856777,0.12170909047226533,0.21833974996851288,0.012305722730291478,0.48469641895235427,-0.13379058846829817,0.0867220025406995,0.16840434133647567,0.004636158269326167,-0.011175979744574197,-0.23376386908340047,-0.09952634227993123,0.028890876510792862,0.289974880496613,-0.5255269793139201,-0.18767260259296115,0.028089704307868696,-0.4928300549732353,-0.16044459778960188,-0.24481287178329686,-0.01702044374910136,-0.18592501321873472,0.12991559135730138,-0.19292781261257724,0.1611552719014922,0.13163915126223222,-0.15733493963320264,-0.19744120385564976,0.27306959447716533,0.12413108400023855,-0.11549341831513692,-0.07783766725295689,0.08167020065134674,0.14887513343540204,-0.09149162444398158,0.055516265610147025,-0.1903806294548177,0.07437526473941018,-0.1744812484502689,-0.0790663394310036,0.024340130985608027,-0.1545960478835637,0.32671729069618133,-0.1188502611757264,0.07647707052227211,-0.3330605003954035,0.25668125346678766,-0.10044562588656145,0.07981438390576104,-0.15418443603043536,0.17551558053011343,-0.1944920730743256,0.12198366210350617,-0.20071948872226067,0.32341673818078165,-0.07354125332057276,-0.1075779094966684,0.30819517420943365,-0.21966240167740503,-0.16932042524031485,-0.43274351039880976,0.23231815599816846,-0.19116856568387003,-0.34690438877246577,-0.13091263428218033,-0.2478362688925831,0.21685119584750379,-0.3449164428580691,-0.3128710887999482,0.10155283150907707,-0.22887427674121924,-0.15712304778778788,-0.28857859148686726,-0.35747629842644146,-0.2411810669125491,-0.5158483256233919,0.36841888329694955,-0.36142079154666545,-0.32364364886842106,-0.1218802599835488,-0.08681364364808808,-0.07856924589601132,-0.27847506409475553,-0.025108425909250442,-0.2542605506762361,-0.046036280555689785,-0.11256447727447595,0.1445040041395345,-0.11380902621234035,-0.23640771207271527,0.5889788180873539,0.34440651105559367,-0.21152505723092244,-0.09165593194934589,0.199477040906186,0.22060755126638934,0.3376621182263253,0.045124225768740894,-0.31780008376318325,-0.22676212290896208,0.11224848035828595,0.4000106016108867,-0.24261491006963426,-0.17879613719886572
IRI_Q4,-0.06337490641108603,-0.5034964098296834,0.24131633669072158,0.9999499266385405,-0.26500718815568125,-0.16616690228288442,0.21232296327303485,0.09993233620730153,-0.4113496067715523,-0.06485137097355935,-0.25234086933047883,0.3159874218076495,0.433970178520539,0.3410177573895939,0.1779681485444803,-0.2798063811675909,-0.2207819722869028,0.6165672493271839,0.05986917675627822,-0.3356576045814321,-0.11206340490989046,-0.35064416109158614,0.037545968528791815,-0.08124287064763587,-0.3864519223112224,-0.29199834602379326,-0.37076858414967584,-0.17835420388649653,-0.5177707826982311,-0.16043845242339824,-0.37218200002830937,0.004158513639293385,0.3544280662231458,-0.26544470559247635,-0.10464600583516623,0.5229865030370445,-0.5510059594199237,-0.23611298488418297,0.37678109590072456,-0.011664887332487855,0.17352708776695555,-0.5602573147869147,-0.24124988547062465,-0.10229449659460735,-0.5043397968061034,-0.1731229471916093,-0.5618017009533679,-0.2486397202903109,-0.4202922869319866,-0.11400633069334577,-0.3582914950475209,-0.48385081174209466,0.18870725233680874,-0.431383011765086,-0.19111583730323276,-0.4973357458063909,0.5328394077351892,-0.07561715937779787,-0.17140219069245033,-0.46419430649841376,-0.04838177772531432,-0.6408835593249863,0.3235841797985245,-0.14126246316846588,0.569321212750276,-0.6095113074191592,-0.415481507118561,0.06524205408218038,-0.6760908541542943,-0.09900280869229007,-0.6164781958221981,0.5504835722442765,-0.39006492672802867,-0.6262717064398731,-0.2087983234377949,-0.4724397026941939,0.5315317924009655,-0.46998054052895044,-0.6202330337092856,-0.25880222517061163,-0.6904388919892366,-0.6069720014004716,-0.6071800741054596,-0.6414164917495043,-0.5839815496336038,-0.4978957756076998,0.4659009348753196,-0.5429747545103354,-0.405483029567695,-0.4687021550283773,-0.2912240846047034,-0.5982745416633312,-0.6787423513693749,-0.48719577946945414,-0.5652218733859409,0.31031154113932985,0.258133537249444,0.3830029905767537,-0.4877789744450598,-0.5106672156430536,0.5491971082883951,0.3410844447750333,-0.6130176282706857,-0.5101693823600162,0.3392742079098656,0.2954340762476058,0.4705189566601268,0.22958858196245194,-0.5704884471697816,-0.2957727790272141,0.13572864463342676,0.4320220867552677,-0.6214835924034812,-0.5941491734405837
IRI_Q5,-0.037553666345305284,0.22164916912753815,-0.10051454017625293,-0.26278844244029,0.9999821735979629,0.2351761777966852,-0.33426326325693534,0.11597086816345117,0.1545723855374263,-0.19315536738486305,0.26123264366137716,-0.263532570472979,-0.10805669142395721,-0.15040609982146422,-0.054588039812489275,0.44169440795483067,0.08169299453389525,-0.20477225215679493,0.1867644953719928,0.2293540853811785,0.23906747204959328,0.3853974209670219,0.4822974122433784,-0.1790928702011547,0.17989437696111463,0.49717904250394396,0.016087054120658834,0.05440957654090326,0.6973729393494743,-0.05993021273413871,0.2876711951804394,-0.18674831827103075,-0.3289329260056267,-0.10948775915974032,-0.1064021346022808,-0.36135992336766953,0.599910973163723,0.15971862965352768,-0.36311089667898466,0.10151918618473908,-0.1406971274663655,0.4471674095420303,0.09858277030081988,0.12864390943897397,0.426145971117597,0.1634765129854631,0.509563646137715,0.08249672435524762,0.2630050243880654,0.012437999540566867,0.34428067333021006,0.37097619777573276,-0.12386026717175475,0.35612559498933793,-0.052619982727994716,0.18828857082198008,-0.2701328459223409,-0.15648298636921226,0.12926200165038748,0.44884881966409373,-0.15807617063807583,0.2746264871337279,-0.21533481951822725,-0.127783600652133,-0.4594630633659277,0.3606473642512465,0.11696064655170668,-0.12664155704901728,0.3658461994678523,0.21965374419936093,0.36010523713477866,-0.36086405462818966,0.4070987500556851,0.2942948437852735,0.04144960361953105,0.42777798687403357,-0.33294782173467175,0.2855517179288673,0.36947883446863206,0.23618999798576892,0.42728926316332483,0.4885827347476345,0.31055741136003034,0.27033922503072055,0.359129241327243,0.29523322500517485,-0.3904452974350998,0.4091118472542235,0.22165741336200984,0.3386870556779958,0.10161357609186673,0.4276576295276888,0.4218192907033159,0.293537510416636,0.471821891705804,-0.17232397658990364,-0.07089930442158854,-0.2867475683348828,0.5509583162706114,0.5330821860556321,-0.4205118672614145,-0.22499494913421064,0.44595230110986606,0.5597352670727269,-0.289187917710648,-0.28818799718383126,-0.2740913565790136,-0.26628927060055846,0.3829205952355005,0.5617259420181703,-0.06503440239193045,-0.32666512468815423,0.3903767103893019,0.39850918044171324
IRI_Q6,0.17883240605464,0.2580492312293381,0.09530247965586944,-0.16417756553385493,0.23427463746980345,0.9999208324608655,-0.193238707390687,-0.18188615609595182,0.22939360156239816,0.39656920417053165,0.030863418970232693,-0.14700650071191063,-0.16703178045950973,-0.08642154727886214,0.058728827979943374,0.09793277220184451,0.6010502892859668,-0.14058000739470428,0.1413508912684824,0.20286252973064425,-0.001381908161323435,0.20066725709577468,0.33778125763040157,0.3683285236658226,0.03566900332788715,-0.0484445122727207,0.23261210347671807,-0.15533551635528203,0.3125293325537562,0.1721879801987069,0.45453756630683323,0.27219805046614376,-0.13380720044827502,0.06927041240334109,0.49751638364848616,-0.1594938585503717,0.3942561948974997,0.21127537372297056,0.1675680496263417,0.29351033896537904,0.028882671522186244,0.3744065460725131,0.6433712454905796,0.16187333553234928,0.34423212100417033,0.9395946140011977,0.4124738249690999,0.6235175361997632,0.16321904972900628,-0.265324827249271,0.18937107805943615,0.2224948762250255,0.3611491608763222,0.19548378641856307,0.5517461873831887,0.10247588700184873,-0.05473611793342244,-0.15749372117080132,0.904439067569134,0.19174010050775925,-0.33236726585621046,0.2454586725569211,-0.11553360204578325,-0.40611591281255555,-0.18209597970077154,0.4560532525749684,0.28262659108792587,0.09226615699402499,0.34235531505935823,0.021752397099541368,0.14754225860714626,-0.17605414184522197,0.36408097346069157,0.21960740147138494,0.00234609748663836,0.34163042163257706,-0.2925039249134218,0.2789600898233899,0.34884129522542495,0.24937797369232817,0.31370651876446987,0.3150949814920036,0.3279301713063014,0.2077943977684102,0.31252329187970984,0.16785708023704404,-0.1743475879844842,0.18710948578127123,0.14538992239151383,0.21001932396407494,0.0314376942158882,0.38352366707003893,0.33666381023123715,0.27775733636755146,0.3515500975113481,-0.1286005707752534,-0.04053193802932778,-0.10160408907143526,0.3979162534236609,0.3313011516470006,-0.07996354450050677,0.016215249741590967,0.34566451538695975,0.3700119412741214,-0.09686913016475864,-0.012911348923377764,-0.09268240974354292,0.00032346649699470376,0.3134741989015345,0.16886999170740608,0.18011962408790988,-0.038467028741225644,0.3433051317681978,0.3713056696669025
IRI_Q7,-0.029455729708310573,-0.15083780756590542,0.2372669527190785,0.21082872756004029,-0.3350640587840239,-0.1945211922783008,0.9999999709126173,-0.14106851031834677,-0.2514153922866525,-0.04692021032381353,-0.15027079927556466,0.46377039940931886,0.06050803826525844,-0.005016229439763958,0.25210397517132604,-0.0073896617176807955,-0.03553224048916543,0.21911706694683528,-0.24253902906762453,-0.24432422029038767,0.18095612132629846,-0.028841004315544885,-0.13642856340668114,0.07008217161118518,-0.10481260379745602,-0.3542450120896409,0.12375898910478793,-0.27936906277022017,-0.34181876372652514,0.13725856358541128,-0.1944043889045898,0.2742859805477418,0.10323798085158715,0.2470991112662491,0.08197819877424581,0.16998773938509362,-0.3076954886705306,-0.007857860595467822,0.3470510563940188,-0.06664982413674005,0.3009050665928533,-0.2375390111667613,-0.0743678596317213,0.12352249577717474,-0.218780161756856,-0.19255800773051424,-0.32134493355263516,-0.06503703862144047,-0.28804250742215165,0.06695968085681096,-0.3167799898680796,-0.37111185619747333,0.06646226200064755,-0.3978849876882844,-0.029496480024421776,-0.184675424652073,0.21857936029823263,0.17611670530870782,-0.16517457731704324,-0.20349056525004233,0.2154409600919932,-0.23602839195954964,0.14678487251000738,0.05154450291715998,0.21739476327571738,-0.2696746990043811,0.011586506847636915,0.3199207721549837,-0.2764898509466894,-0.12155316682046788,-0.1970524049752923,0.26157674053104024,-0.11779378376936628,-0.10675411468892886,0.016614116612925518,-0.21046368956969913,0.35786450203613657,-0.07320670905106055,-0.1798184439037963,-0.1572782345100522,-0.26162585303892794,-0.2350537953411771,-0.21156744533985106,-0.05606024637198574,-0.07881577425492174,-0.19832460261596807,0.36092963100575454,-0.2893301880291393,-0.042661295139608896,-0.2866602041723516,0.04444410443158654,-0.20478828992956064,-0.3008973577723758,-0.27269535369463405,-0.25833996987392743,0.3166672380920982,0.26145370453444544,0.3742298690217253,-0.3136549926678983,-0.24833829067263027,0.4295804590767298,0.3718090509450411,-0.17332154213491682,-0.2380109547767595,0.36512980541277573,0.29721161678218866,0.3831634387527407,0.2906416905705201,-0.31479554786004227,-0.16684449176136007,0.30025907376492195,0.397164763321729,-0.28434511142858476,-0.24361731703732398
IRI_Q8,-0.06865048147972727,-0.03595985590841593,-0.3071205486267726,0.10085764338082195,0.115104957810646,-0.1825559329272558,-0.14109137387667992,0.9999939327511151,0.2593658629590638,-0.0690471639116861,0.3628044026582385,0.04693341548084104,-0.010144687488979315,0.22979637981027295,-0.20626984234679008,0.17194833943830556,-0.1171290618262984,0.015168857057214463,0.09645890817263558,-0.19533595897082565,0.35324387768969984,-0.05474167773904091,0.1150708455053236,-0.3031533510294825,0.05003438713396979,-0.03560554321772747,-0.10488035575546939,0.42117023512005386,-0.019894400804936704,-0.327602605279075,0.010846468170399595,-0.28163182523334324,0.06314449891465508,-0.036141991319216776,-0.18506748008706492,-0.14943508028784225,-0.0012944508313935295,-0.10425875455076228,-0.20599011247290394,-0.07785863275910782,-0.014372563821605178,-0.10449185940709266,-0.13190731681583862,0.11104014218182892,-0.05216241042760631,-0.24154985746065222,-0.00533767032736952,-0.118962173129156,0.08983924423200805,0.035428370773642304,0.20456506390668233,0.1978692906192739,-0.09413106034725713,0.22157309259549673,-0.15577300893268742,0.13987327597462434,-0.1422175514258737,0.2524764659421099,-0.2572786924874396,0.115921638327306,0.02950093337156466,0.04084068573872331,0.015897422955545804,-0.04245547720435092,-0.17761276371443563,-0.05266900533473838,-0.011151233497668021,-0.09080747024192229,0.026831683811005536,0.11238732370536562,0.2647951666670578,-0.14018083925082672,-0.002660490500505708,-0.023462910807615936,-0.07322857490547072,0.09221467407628667,-0.13541053941410866,0.179781497517284,0.07761305378460329,-0.023050167851615566,0.022361524171345203,0.03330388325936706,0.18464245516389277,0.15571433310769156,0.2072866078193421,0.2012033289891693,-0.21314482450182365,0.29214119243187114,0.1546849657086401,0.22026589592002377,0.0910051062372912,-0.12948228748481763,0.0489849752650498,-0.0017345922894098954,0.13520930101977496,-0.024566289863483193,0.13448912848624966,-0.02039535956637037,0.0029725892943468987,0.1287073134888447,-0.2678904697309803,-0.09859530715655065,0.09735277804028461,-0.05812460621352969,0.023789799886953455,-0.08779997170758488,-0.14150254913061439,-0.005975402524892537,0.22373647471105673,0.09473480970794357,0.08863679955089032,-0.20295971649723707,0.1786684339307656,0.12276980759454711
IRI_Q9,0.22299867987103303,0.29361976400865186,-0.0898457056384486,-0.4108926217496582,0.16021397978722776,0.22161312260176513,-0.25763501472211414,0.2646940215315554,0.9995742300847008,0.060048636648900464,0.22226603018825192,-0.2594492269778532,-0.12164024708501343,-0.22200160927501839,-0.014433118403259643,0.14636790628978516,0.0660565392167654,-0.3718343382963418,0.22662942885182716,0.2512784086612679,0.18521268565366342,0.08449071171783407,-0.0863726674708615,-0.0222945497333122,0.0901485868766236,0.14054298652393107,0.18876543976364363,0.25996826211400664,0.3756758444922338,-0.09102745333111845,0.258024394022058,-0.20409787473401123,-0.11403310543343259,0.009513537689636344,0.017353740094113876,-0.46095463594636427,0.35842412311338406,0.08341597231745185,-0.4110319060117453,0.09785807582307168,-0.2558075080561981,0.4441658212393954,0.09822754763159502,0.19079037920317443,0.35327307520463036,0.13356448532709067,0.4637072377642012,0.10261332285625897,0.3197713937553385,-0.007713730379524816,0.39253629466116147,0.45476636037589313,-0.09505768406679621,0.3980946359357465,0.07957295192774055,0.25609816276605535,-0.24833419551240268,0.19275652216667408,0.08728917785515117,0.3741278654589209,-0.002351049143598124,0.4732980818170337,-0.21023101540589945,-0.09139725724042734,-0.362481558695229,0.5343472205848661,0.35000126228167355,0.036349378813492636,0.5048124680208713,0.18708022209328556,0.44489804375166814,-0.32751207722148984,0.36289716578383246,0.31982599128048567,0.145361160906434,0.44552886326823227,-0.3893273524189127,0.4415618228103646,0.5802332298841321,0.3139395192405406,0.5005848709356908,0.4619426228260367,0.5611246430389591,0.4642800455010865,0.48659391144102504,0.2955001421935417,-0.2879316858779073,0.49610479204719715,0.3522378226416487,0.4668175541474534,0.25378179722725713,0.4985317061964841,0.5182734250691519,0.563716514285234,0.5233314282263435,-0.3598950895736101,-0.27685324555021984,-0.3412705903156689,0.4521995094850698,0.5006806840597761,-0.2823552362280333,-0.200506875552441,0.531334019197778,0.47004397225332945,-0.3176468361383981,-0.2535402994929292,-0.3147825217044908,-0.2109062329794773,0.4753118526906168,0.2571584689294969,-0.0335926040288852,-0.2870597589718127,0.513895096532185,0.5380500969670814
IRI_Q10,-0.026142735519451288,0.04020392450842522,-0.06593475504288282,-0.06612906625085828,-0.19383497919723897,0.3978629442636643,-0.046855440050042343,-0.06868023003646326,0.05757157836309103,0.9999999768815374,0.3081374886480782,0.038726743012073475,-0.07257411726425272,-0.04695933215299769,-0.21504481940014497,-0.020267668012271603,0.4286406048776541,0.2160835797519341,-0.1081797864070983,-0.023958711626111587,0.00012558007876471364,0.023339163669058277,0.030839350193306872,0.4690581911744185,0.0357153742487728,-0.1438645818807226,0.12447977108388633,0.05611643121991303,-0.043850973022660916,0.3201648951283229,0.1946448114299833,0.3939811019650523,0.0732174795517879,0.3011664472953809,0.3948827183458954,0.04916871658791006,0.10508932971943222,0.32157177401705833,0.3948726771700458,0.14505931817985607,0.2826354538167194,0.04879494803413868,0.42148308427822045,-0.057146372384546645,0.07985014711509464,0.48481222173402194,-0.007349766665789473,0.40201472315224673,0.09052545131776513,-0.3947804704564777,-0.15694137981161332,-0.08834115719471983,0.4888374113919267,-0.09475628323639859,0.5559240744135142,0.10500111524012284,-0.16366659932573643,-0.21908600583390828,0.49967268581690544,-0.15591731410944265,-0.2601430973104294,0.05566766117630202,0.004170432386226955,-0.24084380298981933,0.011638639667421707,0.15441934375632094,0.2065605429500164,-0.10993891103321846,0.09314155488629207,-0.10178924499841731,0.048431126579722455,-0.01789397359467587,0.06010797026844131,0.005725016013149297,-0.0528713607652356,-0.028689678042201704,-0.20925858371517914,0.06453711906193338,0.11747996819310684,-0.04402072675739124,0.07774503472174947,-0.02474389665504928,0.12549401063822302,0.09742235564887199,0.009551100511846398,-0.08759397800858683,-0.23419541227443869,0.04259302200666727,0.0004238335418332434,-0.14096117876689696,-0.11012996175680434,-0.008842348207163231,0.014951889299855983,-0.02303469624662863,0.11382989855380374,0.10520791615340572,0.10394618884251959,0.06835956117335615,0.07916128354953367,0.13575732633303153,0.0035866311914880752,0.06750668681856148,0.08885253604815724,0.03875804027855209,0.08850048155411594,0.14758353048984493,0.02856059612947033,0.14261752391748336,0.05697988305005325,0.01907580982898882,0.1580321413473735,0.1192794196160255,0.09812858385062699,0.10582728213091913
IRI_Q11,-0.005938055731072166,0.04337997121079996,-0.4833450432599148,-0.25311214044937214,0.2584601759056264,0.02972085885171613,-0.15094077120473404,0.36180419351434484,0.21189218577578114,0.31178804351044975,0.9998898206200872,-0.1745957084159559,-0.06738419299051282,-0.15321159664853853,-0.48708186753865257,0.42068483742024093,0.18210959872486454,-0.19587771272200138,0.062315445913252165,-0.03931514371391201,0.190016186341423,0.10178987126432468,0.2615186144716673,-0.09231852823905251,0.1733131110003857,0.22025048605666028,0.07237852676415915,0.27848969639377624,0.30903464626548827,0.03918021238611415,0.20341000185743371,0.08323952433931392,-0.16550995404963081,0.27492366435721155,-0.06228228953155702,-0.17715152737185924,0.42320668198751443,0.2194250533429175,-0.09209540648049461,-0.035116258561990604,0.1893708751447186,0.19150979104880084,0.17033401290253153,-0.07436237301508176,0.2953803811782201,0.06254611146034093,0.19722587016374327,0.1631937675836265,0.3423933937338055,0.13020250786586685,0.2374886018560831,0.21278742169354803,-0.11184604300970769,0.20180231520597922,0.1105436517801036,0.3361163110718195,-0.38684464746492986,-0.07928964627620207,0.0363484809705907,0.28359412596000677,-0.14260431833316572,0.21790817452439798,-0.212088011721708,-0.07546622796332786,-0.35149863624163535,0.21094490291332382,0.19314248142807802,-0.3883732735634013,0.3092091529556297,0.06782686647800121,0.49130702165367895,-0.44340944639753954,0.2624492461502053,0.311206640967719,0.03729282240096894,0.26171743237703865,-0.36140378304339754,0.35072045545982344,0.372159951704815,0.10846015964551026,0.34515014333613636,0.25621652883328766,0.3748821844391368,0.381425565245681,0.24403336114766647,0.37596690174648034,-0.6048225844086021,0.47066121094091806,0.3589571153236307,0.32765897866006294,0.15464216607334091,0.14409565717615064,0.3269621337481582,0.013018516689438913,0.5142028081221852,-0.0013527963101687274,0.10488427252800966,-0.05828650248583907,0.3753992675830551,0.5910861758025432,-0.3704311317096638,-0.09029415027848338,0.42186603266321204,0.27175285154417794,-0.024257473719686617,-0.1440647826446871,-0.17181674475802788,0.05774530297718108,0.4307131761037255,0.39056355759571026,0.09411508091718551,-0.27641002860631225,0.451792653868482,0.3725353024558895
IRI_Q12,-0.09604689049084332,-0.15089379618772705,0.12602928234887392,0.3130690105154124,-0.2641401919291961,-0.14747638700097276,0.46331222763680013,0.04715665855908011,-0.25809118168000816,0.03902209124525051,-0.17300734495709646,0.9999975284857954,0.20430885541633315,0.2146672982569888,0.2883727037521454,-0.13883415438002938,0.0725637051928645,0.44926181315624836,-0.1574748402335593,-0.27103226210394743,-0.005417888349016353,-0.13675186354033247,-0.13264879322862982,0.07923457735635868,-0.2538757194777417,-0.4838738779792579,-0.14333287108588874,-0.1875113551401146,-0.3722777429055162,0.018629496832182565,-0.14247238797966538,0.27569857509785906,0.1763431490427127,0.044659783980416465,0.07391640753816447,0.28785451318003635,-0.3421045441034464,-0.10544928287119934,0.37562118871530825,-0.06923211142950773,0.21830114478293927,-0.27342750928778725,0.032628743150653575,-0.019734654343724033,-0.16721796001460068,-0.09804222281515712,-0.4015900605186656,0.03997583918841564,-0.15285884199492072,-0.002107874680700013,-0.2657948255793192,-0.27817653414683857,0.19935883638714708,-0.32818948942675824,0.07550775234911702,-0.06850323450413087,0.34907376630379,0.039943367995539776,-0.03968865086182241,-0.252387739788403,0.230259343459813,-0.2362564936848126,0.13849014703105056,-0.0033980023411852647,0.3264714617077137,-0.3699084853628666,-0.02643212859613478,0.2539013514016779,-0.31407681309128427,-0.0885210994029772,-0.26817438870085,0.3083190155190116,-0.123638401810538,-0.14020466054849717,0.05345648040527015,-0.26574890390768247,0.4211836355578429,-0.14493837066279086,-0.23232058521366544,-0.23397663688229842,-0.32497484003917865,-0.3105846105703034,-0.215288791732266,-0.19138432650426226,-0.18276874891663178,-0.1124577921411723,0.40874574439579675,-0.31825213080391135,-0.019616657634167034,-0.19732191512790376,-0.11112623025709231,-0.3123418690498546,-0.2517748243192608,-0.21470923770874664,-0.23112301778508912,0.26002085780181516,0.2169565023737967,0.3177038774244336,-0.26690408947811467,-0.2639881416750808,0.41641396767474304,0.2710817975593167,-0.2412827389040678,-0.27513773131870234,0.32533536955537257,0.16880950506465967,0.36416780878474186,0.2631336484220843,-0.2874455748656535,-0.13022387916469846,0.19169688524949796,0.3303279954632952,-0.27026077320802766,-0.2249010245607302
IRI_Q13,0.0364010021755718,-0.36339888518491326,0.21259139735510643,0.42931315532292136,-0.10488463093691355,-0.1651374420184603,0.05647281740727123,-0.00979406318547947,-0.11934529358157524,-0.06958501200264622,-0.06335371244398733,0.20142539563937523,0.9998899142690133,0.20667574661635119,0.1451875693568197,-0.07987746713736932,0.0334755061288511,0.37061498500522644,0.4189495466927142,-0.42809619901189305,0.23245873030257716,-0.38535813785153317,0.1233958448582648,-0.1644749310544643,-0.33738590017282594,-0.22629162241239237,-0.4351661845114978,-0.1656970818269721,-0.3266431982782213,-0.3490162895160816,-0.15376862138080793,-0.18593699332681102,0.6866114495010726,-0.2520673683130291,-0.0036276379453279994,0.4421787257363006,-0.3222736024528731,-0.22397442456873032,0.25686646845886985,0.22798257390217824,-0.023618134538179646,-0.3894325066923575,-0.0055352979578861955,0.12860979105314846,-0.0631746191078985,-0.11371171293402321,-0.3472647433192477,-0.004480373521365405,0.08467332690972221,0.037699600265930805,0.06334735876910831,-0.14740234257316465,-0.07878477323231653,-0.046290132622903185,-0.09933995342626559,-0.025391201292763302,0.3556660012683217,-0.03162433502001502,-0.1313169719546493,-0.19683105068333517,0.0215143256427223,-0.4309732247787056,0.11292743383350715,0.17496814129523186,0.4463321200983964,-0.332172232354261,-0.19111376873716748,0.00916230902930687,-0.39987200117097,0.068635328735556,-0.16886633440512422,0.213467774105844,-0.32675991356796613,-0.3934503007706355,-0.04528542583549821,-0.2258556768044787,0.2802212505607993,-0.3779369908369463,-0.3986157420849934,-0.08234988795533073,-0.39548965962054433,-0.24269262987912438,-0.41012776653930016,-0.3413231950591725,-0.19865572262880746,-0.22922957196676214,0.28465724553641325,-0.16965585304250602,-0.19411578489223258,-0.1342133451985186,-0.07410008866936443,-0.3553022878587715,-0.37267189007477997,-0.1653890029179662,-0.32943682223430676,-0.047385038735528816,-0.05788941723299457,0.05470658430577024,-0.34074074122624265,-0.307183435944972,0.36841611271994107,0.1573973680864016,-0.36293351084654446,-0.35847495680279595,0.19863042278590456,0.1394948722778849,0.06919643218035754,0.12165021951691715,-0.2738249792824706,-0.27640965736189965,-0.002590314137308987,0.05170799562001686,-0.3027687976073873,-0.3075890733340684
IRI_Q14,-0.18618067652998202,-0.22982900445795532,0.011197740715090887,0.3391106046558677,-0.14994018214948707,-0.0861069044982254,-0.003580397655670156,0.22806832218218448,-0.22344152681393256,-0.04808693701894104,-0.15083046817623894,0.21474420856539783,0.20874456137905165,0.9998740961426223,-0.030358521135450657,-0.07174930619090562,-0.18565595091214288,0.29326111043239816,0.06469274014040763,-0.39926797698251515,-0.20246444182895962,-0.2961037374810621,0.13245316272817734,-0.1420490026360664,-0.19362159045454946,-0.23165965565505658,-0.3497242670524764,-0.052087713481245516,-0.34445094694830175,-0.370844647201793,-0.21639435130581247,-0.20364080661097195,0.3940915364291659,-0.16590585466045543,-0.07794053803667857,0.22929142351817233,-0.47617023507690626,-0.4047629330563984,0.14384124190849812,-0.11718373051892031,0.012004700003893837,-0.5443069011429982,-0.22094453558117222,-0.022399366967521733,-0.4307857632144137,-0.19544428966099012,-0.3229252223623499,-0.22054000371484533,-0.24061549755269204,-0.07595393268838413,-0.11961512715138793,-0.16085080024684284,0.045284964586939584,-0.11804569046134553,-0.12211472205788057,-0.20647758129719446,0.22752455521422388,-0.15758610961972103,-0.19257825710183538,-0.35729533211310216,0.042407988589344595,-0.351875726284653,0.23372892478785712,0.06158514877701138,0.26341063356784494,-0.4026574051302163,-0.2597526243649929,-0.0550713754831389,-0.44739005378511987,-0.1158617404418552,-0.215702224280493,0.18969867848837538,-0.3970680170216145,-0.4396080227897414,-0.19679168979441972,-0.2673810104879457,0.26363807384902377,-0.28661123351166595,-0.3491869472410281,-0.28183388555317973,-0.45887889867154324,-0.3588728636851365,-0.4008238791253509,-0.39600503368218287,-0.27708908066997784,-0.2879928024484175,0.26320134506213744,-0.20487348809337805,-0.2637254977361655,-0.16149647965503086,-0.20802842819185413,-0.4997288481101698,-0.45975758767597663,-0.3414760905805116,-0.47390754429264803,0.03326582649586696,0.09644581946576296,0.1834369587236923,-0.47669657961290524,-0.45904156128648244,0.16044841872405147,0.012659165997418204,-0.4874798025524813,-0.4644363076402572,0.24543046459132975,0.15636146449043464,0.05036813690874423,0.1733523451503131,-0.29192373241644365,-0.09102906394369668,0.0064833264643182065,0.02332347122896994,-0.40727311470542205,-0.4685629732744771
IRI_Q15,0.17168709483979627,-0.04852303561766581,0.4858695706391746,0.18032592373416426,-0.052942465034547886,0.05852668933594349,0.2516826260103245,-0.20619528208832444,-0.007271965453887572,-0.21582009301119168,-0.4852842755642707,0.2874304929944751,0.1475564344819365,-0.029098775477607555,0.9999686297117634,0.028232493086702948,0.11762636249169683,0.11642390788119977,0.06246588330390873,-0.051549446996196964,-0.19841112519648418,-0.06086229962759429,-0.028179576807711354,0.23625066641613032,-0.22353922171648208,-0.10775930532965965,0.07338413384055369,-0.3402488834992691,-0.07853309435999911,-0.01121396232474698,-0.010136962544318999,0.01076836102558604,0.11821947362942391,-0.1953356709909118,0.18279068386263703,0.22752393107618168,-0.10739924368580216,-0.09037741019642849,0.326781436462535,0.13171250419091696,-0.0013189086879483447,-0.005277419943448949,0.1308507535794523,0.32020034937870395,-0.016888004543089502,0.08950085279027226,-0.051466801759945266,0.13647583113658782,-0.17223633656539197,-0.06732371956665523,-0.03835047662493804,-0.14096283968519693,0.2807771210313762,-0.16444484889055277,0.11871266049637991,-0.15754107159688702,0.5902546638968145,0.12116662755414509,0.11737947514708975,0.008622253516866296,0.19182035022495814,-0.11915272337100226,0.12936212368715969,-0.11251262629007254,0.2758563026649665,-0.0388653027211504,-0.006252560651184541,0.7094750561923275,-0.13542919444955073,0.064294938602875,-0.32040713296618056,0.32454097642392055,0.04307188828659443,-0.06941526291171801,0.14862547401022996,0.003581294497927698,0.2752758809256352,-0.1471461634882954,-0.11271309644774341,0.046672011145265646,-0.12976027713797236,-0.0569671491545011,-0.17279743706374434,-0.1901548962545525,-0.008253449418469047,-0.13693847721664093,0.7318540601488552,-0.27658156864669936,0.031779389269750866,-0.12854188750722,-0.05835083238158212,0.048507569121264756,-0.040565013325422575,0.04167475914204398,-0.1261106722276228,0.0351902713730336,-0.0427982991939825,0.18071513053465993,-0.027580947340505896,-0.15038242639762806,0.4775932973703459,0.30131162010385193,-0.09885376995385711,0.03134824270086911,0.18186424559749026,0.18042635837671842,0.3006389102863001,0.03326911385324026,-0.28689096437935735,-0.07286147519589622,0.0935241292273584,0.2817218629219631,-0.21652465898175127,-0.09264310367737306
IRI_Q16,-0.022936763049301506,0.1983122819147705,-0.1354219990931026,-0.27951959025659623,0.44078492972008276,0.09768147090113058,-0.004133862169666713,0.16930135934857282,0.1427592744062453,-0.021928631239122198,0.4193995652764232,-0.14070740594030967,-0.0842253039628875,-0.07044977248377393,0.030378297849952413,0.99994950798565,0.15433523420908557,-0.2786083864137364,-0.033408465561257136,0.2611159001330399,0.1447680771582452,0.04491833146829648,0.5741258253813004,-0.03418087162157735,0.08091608154894787,0.40188607791278325,-0.07960354425599704,0.04653545061715461,0.4175060299305304,-0.01993339249301341,0.12520390460530503,0.20176313111738003,-0.2077936682175871,0.07523775073201869,-0.026656940832817583,-0.2142041763873908,0.49773464237696946,-0.04439868960983703,-0.05403355367724611,-0.13868966416476264,0.09774739235001341,0.2548893953555082,0.1415671107831088,0.11836676059637569,0.3586924735175151,0.09385876120329961,0.28034280177256293,0.13529657733761824,0.3140449115589824,0.15270498870369467,0.28503499803774174,0.17610267512769284,-0.2580189786231266,0.16680963556804826,-0.0158418954660499,0.1835517554686568,-0.2221578653795755,-0.06900753973856012,0.07796712733975948,0.3803123115257095,-0.16465525760691582,0.2403288734684481,-0.18315258672159687,-0.10322072755239184,-0.29264381250436156,0.19140499540382877,0.19357811758912155,0.01619391384032716,0.25561914140534947,0.04964745962228578,0.37780253186356794,-0.40635548070277666,0.29935957916945954,0.3194336793855384,-0.03860541958003148,0.32855886713041543,-0.2780392520639504,0.18442740149316705,0.27477747754568266,0.1596915189838229,0.2832197535856551,0.3171962159123244,0.2512745164805317,0.2591641800864378,0.3320813737787384,0.316592384616295,-0.1398077805676146,0.27629873083061396,0.2532426145368534,0.28829404886281695,0.33377994415572176,0.27573173041864046,0.34733765290441015,0.19620342793474185,0.3853734963435419,0.04600059638626221,0.16635327546201006,0.032796099155464914,0.37573411447716326,0.4625952755655948,-0.1021984868070622,0.12558838263174812,0.3786407070806317,0.31515639523921435,0.16179752934818536,0.040900067817364064,0.0024913553364831545,0.09978348108003653,0.23772585349192182,0.44886848899641907,0.3627092501827991,-0.07075891641304041,0.3301189852982028,0.33227236745598676
IRI_Q17,0.27869403277967075,0.14156103535293835,0.08843217438306741,-0.221208964176769,0.08133613573749543,0.6035340336979083,-0.03544327192882897,-0.11720272879461294,0.07203713410922596,0.42869437292389667,0.18305129174166712,0.07220359594285176,0.03090530485397666,-0.18526003759756432,0.11622481959462178,0.15623555285078056,0.9999999999071886,-0.07372689236538368,0.07417558762469653,0.14198578765220538,0.12273994190745677,0.20454240227441503,0.2709668436440045,0.41328702800609196,-0.07015419315734628,-0.10799115698756188,0.35841922415069283,-0.09356391426778164,0.21562628788005284,0.2219202321098417,0.45105275910481435,0.3738975314818442,0.0068239326905951275,0.12759291984315174,0.8063610362916598,-0.08202183340822096,0.41165354078729455,0.3547686140667031,0.40691262036402964,0.28568144864230094,0.19581637130710627,0.33337352184892627,0.9919444771894336,0.05635460040602319,0.38870983145409366,0.6968714925831596,0.28427031348318643,0.9900689824140545,0.2485583731139406,-0.20410823290999539,0.07755208406021924,0.030537604021405138,0.39539381721670763,0.02337676982512995,0.7286725900780551,0.256025284486336,0.04120650705129378,-0.23286129700858565,0.7214073201409157,0.22187625606834457,-0.1558290738578449,0.2015897469426869,-0.16898890067355302,-0.39018625921306493,-0.13477571093074237,0.4282651307190555,0.34351241062061816,0.10336057859092083,0.29929820726211487,-0.06191318995332433,0.22151854219934497,-0.21716497243271654,0.19899267725093847,0.22935104765711406,-0.0633634302081798,0.21031240635514747,-0.2890574590572237,0.146009286897188,0.281932852332352,0.28816451086253747,0.295505008023319,0.31119197514336205,0.3292585699556402,0.2688226590506002,0.37622364493632077,0.1531586825499946,-0.1212363598806475,0.22083722911354434,0.10487585090964134,0.14102655867846134,0.0834069408607441,0.2526887177151158,0.25976210834281793,0.12279738268419535,0.345598674043226,-0.105831015959533,-0.04587381236071977,-0.056623641384068196,0.37283791625515295,0.3465533097825675,-0.05211559162968289,0.040316298310856195,0.3409558194883449,0.29532729366458677,0.0003059157314252263,0.03753480054569085,-0.0583573814039452,0.11615851843190383,0.23298407908097385,0.12268459749105977,0.21931683533742055,-0.042216901063814975,0.33419428469686574,0.3568181622782234
IRI_Q18,-0.2147609561472523,-0.4389419420435047,0.1699544798983804,0.6105270617257019,-0.2044687127077639,-0.14296006399866704,0.21773791918812796,0.015088788556863894,-0.37093500879576846,0.2182398786335171,-0.19492948574920127,0.44742641719589477,0.3732143100473474,0.2963792440563438,0.11550839269591665,-0.27488527057856205,-0.07406099206168196,0.9999074414843387,0.049221108266560565,-0.5009152489333073,0.07094615519284667,-0.28543507013113467,-0.04692771449482776,0.006718159783501543,-0.2977006251609318,-0.3849257648917336,-0.24823759888352318,-0.16698686224809375,-0.5648865572305716,-0.10019082842316876,-0.3773073470026599,0.015107878010277631,0.44558600305638285,0.044641064109934646,-0.10311065314894952,0.6128819663047583,-0.5203910204957367,-0.13186426319862654,0.35690250499317877,-0.015568234383643423,0.3307476768273659,-0.5216181602140202,-0.09355450270545092,0.017529722173165063,-0.38036080313130627,-0.13527606839325995,-0.5510554275269038,-0.12191277872273233,-0.32346349697891585,-0.1357131791159474,-0.3489811852555288,-0.29871366568341184,0.14138658488315553,-0.24234550466738033,-0.20993945500978337,-0.410202535247645,0.3930053598561518,-0.03299337473708241,-0.1278236544066751,-0.47690317921502556,-0.09889524483772019,-0.526501005586695,0.30573240343499897,0.06534726915984912,0.5189308921156117,-0.5099323476502624,-0.3037786305043396,0.12024620154494797,-0.5749667764941859,-0.05139764073090669,-0.5300325425389651,0.49848266984009443,-0.32133587685792475,-0.4775706589217951,-0.04368722479930559,-0.43317667703401813,0.47930656537638816,-0.4382465919904176,-0.5040339851716675,-0.4150492375047121,-0.5757000462902377,-0.5691536504109788,-0.5179641572320528,-0.5091529367335246,-0.5329946878853755,-0.4455026364432033,0.357209662002255,-0.5436763838019109,-0.40387521570635243,-0.46188678468620914,-0.1794139454852572,-0.5746582795880926,-0.539053520639734,-0.475607933589067,-0.45826315275386365,0.35550326764914353,0.3104341544718407,0.41949529680577785,-0.47579482045276844,-0.4298713950462532,0.4659338773324026,0.4085398366698325,-0.4832642046257264,-0.4506145345614554,0.38205525814741237,0.3106668687769157,0.451724895532306,0.30481254442109407,-0.5164747994623841,-0.26042374029076903,0.1594515310261536,0.4101117452400698,-0.5219790241687965,-0.45727290952075417
IRI_Q19,0.20102353364811354,0.020312750841767667,0.004398746666964999,0.06028739834264276,0.1861762637507644,0.1406696930501834,-0.24240415925685538,0.09644518841025276,0.22971613428058038,-0.1081216087727962,0.06258311451220752,-0.15718511134739274,0.4182165264240789,0.06639749414164572,0.06295975245343251,-0.03143366707679918,0.0741930362789123,0.04850857006054146,0.9999991966630231,-0.03848045854498189,0.14629435142372876,-0.038528455558259136,0.026396765338406715,-0.403423950121574,-0.09139743730184623,0.0027754088238424734,-0.26747984496717,-0.028530253708898286,0.014946806690927565,-0.19706097980044818,0.3739248381804503,-0.15989978058894572,0.5195704944614002,-0.0781484042492725,0.0641714730970035,0.035762111186284244,0.08582232565513105,0.1459209150663688,0.031944906893371997,0.6400167363016988,-0.13723587900838907,0.049347069433446675,0.09157846916331042,0.5055715562687815,0.3482904715199009,0.13860276648734735,0.08695295779827492,0.0871663760761505,0.2218148734297688,0.13712046959228824,0.3748092322523886,0.47204143029609913,-0.12660535023352346,0.47766494261418174,-0.03711457141966834,0.14236941350004412,0.20909214946851562,0.1253997734801205,0.08350209704584075,0.08140371816721417,-0.038530360096863614,0.060214082315961856,-0.09658918862080997,0.25481537879535116,0.006645091157174252,0.1327851990428789,-0.016256891271052794,0.2122585300477038,0.07849006985023856,0.436267155736077,0.13198638322487283,0.010995527988428191,0.11850883523657003,0.03117289381066498,0.3117783518955619,0.20243168215710258,0.07987979312246754,0.04492131312573164,0.06560022542134253,0.19351551815319074,0.028510002625060937,0.1540153947134366,0.12226381564836296,0.019384540372715104,0.11810326510634443,0.1407906789560523,-0.020506959871621003,0.2087552143104296,0.07894133403591547,0.3576527221895432,0.06755314914557381,0.06555451958004269,0.21891104680482856,0.23773913793026163,0.17042627087821208,-0.17713148405731047,-0.09160467818510974,-0.06347299352408674,0.04888916339472878,0.12954001446826655,-0.042572245654834015,0.03691513100525995,0.1480150459001681,0.012144692698762012,-0.022524145956985292,-0.048756843308663526,-0.12214863468287057,0.06955775998228476,0.3017005055912646,-0.12219909336347848,0.0751706547670106,-0.10740133849386603,0.2284424054773906,0.23800970862933513
IRI_Q20,0.1358416111318307,0.5026024774842315,-0.01548637243939699,-0.33911477096376985,0.2307986994014667,0.20373697491119308,-0.24424656546246476,-0.19597456558927057,0.25295640502892863,-0.023983434550934893,-0.037993369039705585,-0.2712277129887198,-0.42978913567884214,-0.39932721099335183,-0.05213761129600252,0.26064560375334184,0.14227914090734517,-0.5030872127121405,-0.03851573687375879,0.9999993553755957,-0.10246664283293519,0.3625445606783094,0.09314696208177092,0.15975298387794595,0.04613442445512855,0.36911654843720243,0.13742832726058424,-0.014433781920868118,0.5000534853997738,0.16026586882577437,0.3974927915346692,0.22221233485061348,-0.46169991239427505,-0.18988525004873147,0.15943656996025704,-0.618992996403372,0.5610234707551353,0.20859467460176961,-0.3164404639795369,-0.06932784420174681,-0.32393912163694827,0.5935579482560592,0.18085812853952782,-0.06975406338448781,0.454520032739715,0.22793145046091878,0.42135942769764045,0.1747549423587591,0.22192894451360537,-0.1082291113720831,0.2949203985019994,0.3718704835446579,0.06505790681139434,0.3151599865432888,0.2813074703658548,0.10497059381085308,-0.35569793788737225,-0.1612128309289333,0.21842386151874787,0.3305090869403686,-0.07245610790986895,0.5241911145140241,-0.36206855238645574,-0.2176266666419412,-0.4966535477980311,0.45481438342942626,0.23427816028889703,-0.03391828475103993,0.5195212096708577,-0.06332336691864628,0.24317379433287434,-0.40197416247355766,0.2872724206428049,0.31578910836721497,-0.05075635294844925,0.22758776488398086,-0.4044332979285008,0.2705115540060671,0.3563654705769543,0.3174179401355038,0.5083185985539258,0.46051273250219593,0.4609811446613524,0.37071887196636966,0.3291886701661557,0.26318608590350495,-0.2712164749759417,0.3269688910259901,0.21977509788931326,0.3919904776602422,0.11572623602594405,0.50625306204505,0.45591675714710744,0.39217062650846257,0.42874210221300657,-0.3007382893493803,-0.2994174015232261,-0.42526594745427393,0.46818024873219416,0.4088415361132577,-0.3527508574970959,-0.3438950328110435,0.45550853623350473,0.4163029508693854,-0.44192246402174035,-0.3371566120671774,-0.2468696758860784,-0.3435959983411991,0.41637443191709567,0.24758306204698563,-0.14608437068787544,-0.14078487952788354,0.4847404787665715,0.5052966913613315
IRI_Q21,-0.07639752017391868,-0.03606452619879616,-0.2316137266545622,-0.11373115536562103,0.2369928069518393,-0.0013530542863675124,0.18086766830528775,0.35376049392281406,0.18845274795705472,5.4035868876749216e-06,0.19180660857103,-0.0054906338929204684,0.22994424893844,-0.20277839921084084,-0.19867589815336334,0.14515882401081043,0.12257609361144658,0.07059569773329158,0.14623138644019817,-0.10258287040073782,0.9999994165317937,0.09360511911143239,0.08968421828500647,-0.23452051311875716,0.34901626210094766,0.02551996540035968,0.1109983959225478,0.3235062277836234,0.15138154280669042,-0.030869260787359236,0.14715868303343904,-0.02456216818291273,0.15907174168805077,0.1700998352009041,-0.02152175392212924,-0.252578752555247,0.20993968635026644,0.17212689151379015,-0.1828982733643713,0.1665242934314137,0.10619043895997832,0.14003923320409,0.10105739625586214,0.2505854114535332,0.2840213328605501,0.0035553340731213218,0.19997089745973692,0.1075157148916635,0.21244396964759715,0.03385072995867064,0.17296062234934007,0.21105453969417687,-0.143738472376944,0.23379919737844918,-0.05064767045737757,0.22462984768135766,-0.1443899120172722,0.3320864627360571,-0.00999397728802709,0.2124284291401131,-0.1617805975955181,0.022202472316591795,-0.09853944953523648,-0.03669325497041322,-0.1861458971012079,0.09075948372496577,0.1647353418820149,0.03166649073763536,0.13569700240158353,0.262658695724006,0.3659707670117067,-0.07007449639090368,0.21198110847444285,0.17136866481546498,0.06433522139087852,0.30199893264921945,-0.17309669841152953,0.30796296333938067,0.23783351811779327,0.004962930209329114,0.1722417174898067,0.20099100283172458,0.23767643295217006,0.3832506792242324,0.48800531031315236,0.3321307142868978,-0.24523111167970824,0.31108649284617956,0.2379750097340638,0.16850493400793345,0.24595657685847566,0.10888068727965902,0.17440785990647018,0.2259117259631564,0.2538271694029947,0.021846677905594178,0.14742801714573295,0.0010324205241590834,0.1560460345244577,0.2694369740633828,-0.3149560193406555,-0.03421725009101262,0.2633697072969658,0.14984145344199692,-0.012829903224679834,-0.11567199045448262,-0.18947792250900053,-0.00587860707725249,0.2157050381811201,0.06024230576926956,0.19706384756266246,-0.19260116783541603,0.25411033798829996,0.2626112246216631
IRI_Q22,0.04077398346053548,0.3948483080420401,-0.09745237907447916,-0.35446003477438565,0.38503576573145915,0.2011961307472465,-0.028301032470264414,-0.055711511612901665,0.0883511636365184,0.022930944243920975,0.10305741586932013,-0.1368545997259723,-0.38869753080962643,-0.2975851738136887,-0.0609103655456373,0.04281844682052652,0.20428823408514676,-0.28659322078544963,-0.03804863596364033,0.362401600938174,0.09396355825366985,0.9999972080342147,0.1086263434026297,0.12652703470249402,0.35182711706577263,0.2550768633462414,0.29156055172445183,0.25133920672659993,0.5252537910205632,0.3102899247582978,0.41991130765287715,0.14672793994664846,-0.5064736570175042,0.12196972714817608,0.11851644205662362,-0.3326795627046034,0.5639565174060859,0.6003372988805271,-0.16719878531341129,0.1693356493969763,0.10204911692103966,0.5747973855071444,0.24167228176739045,0.1385895349787259,0.48083711840025023,0.2299273382878483,0.49633937496455566,0.23752492264511962,0.34773902334994,0.014361129999063124,0.3025327390702506,0.3049522588891864,0.0335269731444716,0.29238066776314686,0.19119797454925824,0.42055889443168787,-0.1620228975402609,-0.033951678821445674,0.21581335442836175,0.3426258417133832,0.1218982940617637,0.4903339038798037,-0.2687565730950545,-0.07862315754162853,-0.47993618215068423,0.49083630600440814,0.39438097361216623,0.09067705396628922,0.5037333855909758,0.2993612428201497,0.47741806289537503,-0.2572716741233318,0.4708238139310314,0.44076706022361245,0.24564253736991426,0.44266448671581304,-0.22813998767200988,0.45266945626225863,0.5314303802103655,0.25194213259066156,0.5265993772282972,0.5499118988381914,0.4988747378695132,0.5249219388602991,0.4401103217398536,0.37713578256247476,-0.34809875061907514,0.4413198950964786,0.3675034951869399,0.32303491531001716,0.06206968733250623,0.463330890042974,0.45570061462833206,0.3294166711840735,0.48223798037317667,-0.07473558411853129,-0.042409894743386536,-0.16860340696397194,0.42697720222086344,0.47905272722133657,-0.37622013156372525,-0.1695657596967537,0.5285748523977152,0.4903548810181346,-0.19859743782331946,-0.14210873131497398,-0.18438989469802636,-0.07649113010759295,0.45531211915587333,0.3012173203326939,-0.05835508634817472,-0.06507273876923883,0.5055437674097365,0.5343366486681603
IRI_Q23,-0.16935314518125666,-0.23195664947823505,0.05013893092180814,0.05022022792058373,0.47252325784480725,0.3358981959861387,-0.11543242102960645,0.11215988348021988,-0.08780827883412556,0.022470608165133674,0.2366846687301577,-0.11754855210124232,0.13494178802794787,0.1508420982267034,-0.010569785795709302,0.5491859071436499,0.27007513280043927,-0.028279730066751583,0.03525067046095573,0.06823471742229154,0.08805923594436524,0.11737275563151836,0.9967124252105508,0.14835624363699265,-0.06295622950085128,0.021068562639517174,-0.231641935072644,-0.03710457259162314,0.267470801771694,-0.14536880455654044,0.10430872549674962,0.08438627417324603,-0.057082510414901165,-0.04662180751863042,0.10322253766352206,0.06419606876650126,0.4036533688867393,0.08787721530121309,0.11762483697416856,0.012707544817880813,0.16286548248418245,0.09410358673340032,0.2599606228850319,0.18505977017124953,0.2919750416978949,0.25797393345143027,0.12406563017818445,0.25099876367847973,0.24779026888608943,0.08088164149136126,0.21527686933624668,0.02183140278279231,-0.12257199671806475,0.03685181523054601,0.0579747244028686,0.06464093161328308,-0.042651365498283064,-0.1419290351796765,0.24091531307699812,0.08239467142526608,-0.18298551798206011,-0.14859094406621728,-0.11728713973929732,-0.20701935481461847,-0.11007088543719215,-0.024343215214272886,0.05084344308979207,-0.01290063893501222,-0.08693735680090248,0.12344953063429565,0.17483778161600333,-0.13782259322591928,0.08421486694451785,0.11021238469802817,0.023261978650686285,0.18368352130138296,0.029542127293531006,0.025239489364626735,0.04044521615642972,-0.0118274693273143,-0.020326330635615897,0.13029912108313757,-0.029908842215355565,-0.06775472121117751,0.10759062776642443,0.1504698087454633,-0.08524756763026026,0.06705758035641982,0.08365456502174823,0.19605063831528577,-0.0011153876991800774,0.04632730041350001,0.07971617225047115,0.022523139608165536,0.18879662336843714,0.09561683246332943,0.1622034658546857,0.06602751109258208,0.21531454624676066,0.26428924744930093,0.022851526755768507,0.11789205175361027,0.14943034034490305,0.1325360342064426,0.19707238521366072,0.10517747819865807,0.07806482916647592,0.14417212577327415,0.05688837459654825,0.15862270521050778,0.13269611498826264,0.06370989776227234,0.10716603654189469,0.11545826789103608
IRI_Q24,0.02202448715294278,0.12859659929338385,0.2912575200869304,-0.08485367990691331,-0.1770232803061284,0.36883163452529677,0.06925109738505938,-0.3025191813306657,-0.021673728802378583,0.4673762766766614,-0.09180631874914572,0.07396572696746175,-0.16853010054906015,-0.14293017485079662,0.2313469727821185,-0.03304063078467161,0.41247968887064523,0.002355308904110051,-0.4038366853744078,0.1635832077886383,-0.2328624071754344,0.12711821446781832,0.13079967757004257,0.9999197644957232,-0.09631673381229863,-0.2434101927646511,0.23912641207885577,-0.0931108184422685,0.08900822939362862,0.3024063019234418,0.017974015172294147,0.4019281920914344,-0.2062500108177086,0.05520235313236702,0.4636177959206986,0.08228270153989915,0.13514173507139407,0.2242694814251035,0.3788390713804848,-0.12243933678676935,0.2350646850441028,0.18381383905264503,0.42341378618651926,-0.1116173511771823,0.06942807912452434,0.4350711870095767,0.0817862574940304,0.417614711577318,0.05723458882602531,-0.37771489480026005,-0.15194391950124847,-0.23770093801133377,0.5070875015821105,-0.2539540316777446,0.5427386686718265,0.005563525584582313,-0.020531241271068312,-0.1489134239873947,0.4450554684808693,-0.01843011996678852,-0.0864555971684042,0.07888385237059445,-0.17063362424600687,-0.3099954291237502,-0.006716999422658292,0.18265269531658831,0.22515561075844137,0.15937455465408293,0.10273972948637994,-0.2188657167565674,-0.07383818976704609,0.043500351364898854,0.0489847073944273,0.054447251281801674,-0.05279619310149915,-0.04002432198247927,-0.10133202929069184,-0.019430043829932443,0.12288413285744865,-0.033847569892644286,0.1407066132688144,0.016924507742857017,0.04570353454044958,0.11147428197857104,0.028129832941802546,-0.11099676225659857,0.10047120276316447,-0.1225454433057171,-0.000663390000691301,-0.14528668245744467,-0.08193987820922832,0.10800537036247787,0.04004890561107574,-0.01829808618304045,0.06726136585502547,0.11627255335068284,-0.027714703687202497,0.022919813427281582,0.17253817552967826,0.05754251641961659,0.21857636213184894,0.1471086772390489,0.07208719518372793,0.1684590086174139,0.04468764089391358,0.05171404928978503,0.22454684315491819,0.011459138522938214,-0.08732752424756218,0.05044317916519947,-0.004054394945067888,0.32683881440753815,0.02644420315363183,0.0698395581187535
IRI_Q25,-0.15947014295637235,0.24808050947203963,-0.5254174357343004,-0.38736299496280224,0.1701997311501891,0.03069733762964981,-0.10107371501658192,0.05041624266548907,0.08912345678508274,0.029305426120775607,0.17231512218528713,-0.2492093664202162,-0.34198332578545987,-0.1877948809024816,-0.22601962960330868,0.07185634183884572,-0.07614703436910153,-0.3022961982586352,-0.09384079770252406,0.04418355972036225,0.3451964117353796,0.34658593324568915,-0.05448870863937543,-0.09682093314567904,0.9994010844642508,0.22878234360181426,0.2499841355397501,0.5095418337075404,0.37259897289710164,0.44246529882917923,0.12013500607472656,0.13637518076294028,-0.3831298220907629,0.4530274488265941,-0.19750631556667708,-0.2113883236585816,0.31350063409848095,0.3784989501436505,-0.22315637090476043,0.037234729222393764,0.251194773613371,0.35529605916415924,-0.05845223770775632,0.042458872629909675,0.3264046367067922,0.06050487386856859,0.44081939790480473,-0.04125508186684427,0.2957351766594772,0.13510520606698034,-0.0051374764224532965,0.19076344291632877,-0.2043525083330073,0.10962840163550558,-0.060403727196490474,0.3190514569909293,-0.14499553833902126,0.3068495878047459,0.08241967586811472,0.19712029956809654,-0.24552352665228197,0.38547411529587894,-0.2932269028300207,0.13903488268031183,-0.3113125885595457,0.31759833758718753,0.261603206293004,-0.002535875152290798,0.380147589383951,0.37727581561488244,0.4848568657775103,-0.11153387533832006,0.5136908454623976,0.5043865506252243,0.4145814418565285,0.5337400941073562,-0.21252650119520783,0.4953598215071987,0.52085275859245,-0.01923570934251963,0.41137038882448773,0.34365006880544446,0.4013909221413575,0.46553539133698163,0.4734531016952897,0.5047473816802447,-0.3365851981901654,0.33288670360967265,0.3561041763402896,0.1578352809387819,0.1885351810056764,0.41365888056101313,0.410817140479815,0.3830173398556941,0.3959766282430401,0.19613939011931247,0.2542909526718791,0.004296023705033444,0.3082736299987347,0.34853458866888065,-0.49246144105992756,-0.16038288405416903,0.4122857616365174,0.38345792549759194,-0.01957133971742847,-0.036589547199631464,-0.24283505121463597,0.07195269080454492,0.3097049418311539,0.2925136976070357,0.10869811219498085,-0.19363672134109633,0.35379851345733787,0.3829994516840585
IRI_Q26,0.2847224924205337,0.2782226527467964,-0.1900997573437181,-0.2908926447408206,0.49813583171351317,-0.048885662803005714,-0.3542914633552422,-0.03569659355879157,0.13487839351211275,-0.1431537971291862,0.22313490706194716,-0.48541820644485545,-0.22945383272333567,-0.2304559832693698,-0.10922892663806909,0.40111911468481404,-0.10850554831614184,-0.3866972461274224,0.0028815992769976873,0.3689713955861102,0.025320752173742675,0.2551627274553627,0.04949727888496283,-0.24530979787647106,0.23869042732003193,0.999993363090744,0.14915320734064552,0.21625192234707444,0.6238924807554338,0.17592579836837702,0.1974768044542875,-0.08693588859448682,-0.41653124957494325,-0.05021477328310073,-0.23499603994678564,-0.4155861699509338,0.4890361992342377,0.09097186997067847,-0.44107367342516113,-0.10199687376959364,-0.1927359479158794,0.41370709022358965,-0.08225362003615347,-0.1570860039545822,0.31276109131939817,-0.022543364701998747,0.47243725077769627,-0.09485403736569016,0.2395071762257832,-0.07951365584161496,0.23097483497797197,0.30568947484633796,-0.10215141739346484,0.26690796873730804,-0.099629191394814,0.18627705322691118,-0.343911204377625,-0.21855673046059762,-0.06953394222665224,0.5236581246297995,-0.28490028636029197,0.3412148421435083,-0.18637156779321012,-0.2306973679732788,-0.38789385659073705,0.3688008820705059,0.1005198488474282,-0.235681985674158,0.41553157319491807,0.13490455318285594,0.36571573410860647,-0.33708952875595694,0.3419090008386775,0.26261678950754624,-0.13565731799197245,0.3271865683172127,-0.4272847348031553,0.2754471656842612,0.3242724736486276,0.4517078082928396,0.4251062589593102,0.4776120218387202,0.30373354767057903,0.3381754347482373,0.29158335509847993,0.29655248153948705,-0.37483462224946773,0.4386773211879586,0.20786242128833476,0.24604553873124785,0.24785172031384411,0.41598038019896666,0.36666052322497406,0.2996267043348845,0.3549327531798669,-0.19685015979193338,-0.16571266435401197,-0.2888125329393896,0.48358343966321304,0.42818563690025646,-0.388417096402991,-0.1987749750432365,0.31209274805092807,0.4667207723607155,-0.30887094717066266,-0.2542245975149368,-0.27334521849834564,-0.28059271922228346,0.3569066620024058,0.45779379994612934,0.004255508839863011,-0.20280928833633244,0.33795710560252923,0.33331968734976203
IRI_Q27,0.3127435920786222,0.27493729315276694,0.027296933223342798,-0.37309591407128057,0.011637583962677722,0.23020363974861796,0.12680846845357488,-0.10364408321471666,0.19589064305157203,0.11797121371128991,0.06794186500891272,-0.13715313843118412,-0.4304019145415133,-0.34326536581313283,0.07392568882068756,-0.08290976121834343,0.35613941158350404,-0.25773198789061474,-0.26902724703079545,0.13294428622888999,0.11293640799117793,0.2870807813133346,-0.22562495397996996,0.23702492610064063,0.25519737823956296,0.14049826947974964,0.9995737571425174,0.20222459923820113,0.3572140297512273,0.4298448072349754,0.2048829371239413,0.1640612291086195,-0.43083078554282184,0.37919220738353554,0.33129615844815785,-0.3210062016273847,0.3404219827180098,0.2368093168632192,-0.04118469573407463,-0.13240394797674904,0.13175221995517752,0.49241373169156344,0.3645444666730816,-0.2650686190953013,0.14604475241460818,0.20181484646549497,0.480886173863846,0.4026260221607191,-0.04981476929833775,-0.33922789927742303,-0.15813924285946052,-0.061473460371419486,0.2377127140475328,-0.1395631884706835,0.2741565234654523,0.11723391369309721,-0.24505250853121557,-0.09573812150604973,0.2149005176247678,0.34655240826998235,-0.0641551991341015,0.36321133330141997,-0.24081883618918623,-0.4023944766981077,-0.3846727661471693,0.5842933071847113,0.25015317074184446,0.046489732769099776,0.5089577273616437,-0.05689151026749986,0.23977370667976602,-0.30810850278526986,0.381878382827059,0.36260287858734946,-5.494465652051625e-06,0.3109990909546389,-0.471060160554965,0.4591800152239595,0.4985814191907505,0.36390407278183845,0.5107232428824582,0.3958253608370206,0.5092738789806405,0.45774576414218204,0.39053469198572965,0.21694165994719336,-0.3213980289437102,0.3179310356143681,0.2562159896995027,0.10973570814540803,0.19105094128262698,0.4297296191320218,0.3249910502698644,0.1814502236482129,0.37044156848112847,-0.10110976018888625,-0.13340042189790097,-0.11161438659288753,0.4533486128305724,0.3697612838264843,-0.25274410597460734,-0.06797632779426352,0.4041125240035215,0.481436402268887,-0.21872199034816334,-0.1663148422566682,-0.1215686013031515,-0.15421225822555867,0.26633447923215814,0.2109277826238277,0.03894272182784816,-0.11075588582217998,0.3508404674099591,0.37407938007267183
IRI_Q28,-0.002572908554836259,0.08903591535737959,-0.4601928177024045,-0.3011388698498568,0.05673842039086466,-0.27056298744745205,-0.11099474946900778,0.3931532659512684,0.2698021982110924,0.024437299354667714,0.3753635570323565,-0.22848504458885383,-0.1339878353488027,-0.10243399536210408,-0.3470310477406311,0.137269765285848,-0.053859198414191296,-0.2360046697810064,0.026978015293241002,0.030249865805611908,0.3461284803479044,0.26751332290962904,0.0005660829036415738,-0.05606397571650462,0.3852590146752615,0.1929825234047117,0.22663280856736345,0.8195602899095109,0.23682751149635412,0.20107108779208555,0.04883650768040915,-0.010459289741720668,-0.15619767877554921,0.3540984415515453,-0.194310213763968,-0.26854755236091515,0.2718134584721247,0.34614868529233184,-0.3332578401934786,-0.09319609415600569,0.15213009520469717,0.21526354642157597,-0.06460972820050159,-0.08463643619105676,0.21969058906198125,-0.23589350761874567,0.26324761436434574,-0.04203330260533308,0.30123357604763923,-0.003435437006294645,0.05146793137454399,0.15922185045480247,-0.33834015254568495,0.09493535489420095,-0.19383002462842738,0.4361421391945437,-0.35898466663397655,0.1251724042038636,-0.27105049226564193,0.18471967781012696,-0.014766776309668168,0.2545695225080212,-0.19700523168637607,0.047572338437112976,-0.37988708988104364,0.2766125882516206,0.2598740059035663,-0.1187115624661127,0.3101957475986822,0.2690501390027047,0.5568650719964514,-0.23248382761807748,0.2262037373289752,0.3543680139721552,0.2003431873223772,0.3435849709790344,-0.31226462425323354,0.42364061244786977,0.4478040238583184,0.11154055576800682,0.34111909990544065,0.2998971846868173,0.44896897351802545,0.5227436361758984,0.3604609019120221,0.42487410351265237,-0.47976922963654844,0.4672438518173917,0.3252555793068995,0.2348356665291963,0.23006613877285592,0.12924716856184146,0.2772593538505041,0.10594765586498783,0.3330069532131616,0.08200476579218591,0.08404115444488552,-0.08416381004547473,0.19351640592103947,0.35280572321490833,-0.44812096858116335,-0.11274938860759226,0.33200026425874435,0.14572416078506967,-0.086902917880723,-0.1479882339874355,-0.1787068888210657,-0.05782934091088114,0.36589635523354025,0.10535724656226356,-0.05815841634074288,-0.13403129302441846,0.39408546773416864,0.35405708810613173
PANAS_Q1,0.1543205368262638,0.4174402748971465,-0.37959328054003083,-0.2260340823494049,0.6766671172891014,-0.2137933453285164,-0.7589316946503866,0.331703299685609,0.6706015949655071,-0.2294699094714627,0.40655115216544263,-0.6633706010674527,0.3802800092030285,0.2952678611910038,-0.05404866176210249,0.29215173042343523,-0.3316784539750674,-0.24184823779853432,0.433188811397967,0.7911619223165647,0.37787996570218063,0.043055245523856644,0.735364595322358,-0.369419112351816,0.09466314734891135,0.8340837140559019,-0.4155040245218926,0.4132100461681346,0.9999999999892274,-0.19050469311553442,0.47848096973459875,-0.18841437704017572,0.22339602638281156,-0.06941688814329972,-0.08092346312396759,-0.028376785625269598,0.5311679930095502,0.05692985345822742,-0.09795717117860486,0.2543463141994452,0.04861779640730554,0.05651628108898023,-0.15956475226657638,0.09573568775890512,0.34232309867448474,-0.22121145670813352,0.4970756139703456,-0.410349800609107,0.40724681923672446,0.2880091390790998,0.4522749074030649,0.307501405139704,-0.2983800442801054,0.387956380348566,-0.16275670999304137,0.7056953100527414,-0.20494172201490218,0.27794222147571496,-0.2945375805957667,0.8727206596558614,0.07257148783377562,0.5296490501084627,-0.4770091564354446,0.29899108614820397,-0.5782616919632031,0.7370790507460364,0.3764702554913369,-0.721632120357152,0.7750617789075444,-0.09493959031288614,0.6573790303986193,0.442934199469596,0.11023901858091117,0.3595267798352857,-0.24352556597478636,0.5613810082989885,0.7809534198576581,0.6141464307126892,0.36144420867751575,0.7648265224212031,0.6009675181061589,0.787699381766325,-0.30700029159591624,0.6088846977805145,0.7259813657558705,0.6113527208300171,0.4153245152976881,0.652470862775691,0.4055089606642091,0.48895258530688546,0.45301603219479936,0.55698823775689,0.5422164060507193,0.6865262656879568,0.5455621674680514,-0.3989684880951093,-0.4343382390781738,-0.37765271465752226,0.6849396565640216,0.5486794932136625,-0.32925064726733105,-0.2680094786112176,0.6189062396784988,0.6390442027260235,-0.4164748997103126,-0.43480034055935424,-0.32279821620536125,-0.42789407012278746,0.587470986193886,0.6858461678215628,-0.340867597402026,-0.25565594995584145,0.536475526618347,0.5086289046180906
PANAS_Q2,0.5805566298607668,-0.39792989845290483,0.6179224872823657,0.5144516286320249,0.2587150626572218,0.5309535089036856,-0.05438553934685783,-0.36025382231683223,-0.10557759311586372,0.706580747055704,-0.29340252599885824,0.31908422239871237,-0.6076296047530074,-0.7407169319154017,0.4806259613159155,0.4255608648741936,0.5481054765254081,0.3998514884773128,-0.5193931969629192,-0.07993535905314657,-0.40330364501330423,0.40971431450427914,-0.1692791889671567,0.6484502795390434,0.09068350407069484,-0.16054991342963715,0.7146343457321942,-0.20972947338069461,-0.19046276819047786,0.9999999843932573,0.2209880790797228,0.7464489050999416,-0.2044341405028271,0.3772302129969122,0.4384500738859136,0.41404523424645356,-0.05691389893155148,-0.08175266478883478,0.45266477490167445,-0.04014058547968687,0.40100913186903764,-0.2472814226563637,0.4235422804344565,-0.17688822337194476,-0.008538870187273014,0.4532275891232093,-0.16674443178715914,0.3882418272033633,-0.7028805469887673,-0.6860233238081923,-0.7054986609093565,-0.6933893418462042,0.65743226658346,-0.6677870149002654,0.5221498366191457,-0.4573460163614981,0.41335731584587593,-0.5126939801511082,0.4982214045192048,-0.350058662759948,-0.48849412721868885,-0.36323745822019965,0.6008111481574193,-0.7512724605242234,-0.10577904059479333,-0.06967621786908988,-0.42521855694053945,0.2690247884813791,-0.16787890015281204,-0.25711303740236435,-0.4331488646797056,-0.30864930473547564,-0.08592464735583759,-0.5707163387164635,-0.024981773079284383,-0.5722297825565403,-0.253052104085393,-0.2813321624251202,-0.2867873629696068,-0.12070170733334794,0.13863253006126247,-0.3081008586182753,0.5927205960474365,-0.353351696660548,-0.23384837704699077,-0.5794904725671775,-0.11058559797875478,-0.42053083685119746,-0.3413506381572621,-0.669112006089808,-0.6328700518805913,-0.6701548946606497,-0.5766035871068589,-0.506737541529333,-0.23334980934671895,0.6600274494651306,0.624559962589074,0.7688035720283724,-0.29009749785323213,-0.16575670316328273,0.7062935231643517,0.740229508445154,-0.27032103930503504,-0.42349902288063257,0.6439215118164905,0.5262102825718002,0.7271899127227959,0.5402317848202749,-0.3268490995397543,-0.304041166778906,0.6161733609996212,0.6652237140206799,-0.3043375581604991,-0.37295066379921266
PANAS_Q3,0.25422059320754004,0.2218745218770794,-0.08202898189907386,-0.05779758675121253,0.6883155763140686,-0.06486728026192484,-0.6152323423102565,0.113008471591197,0.5791484330763759,0.07397059505856199,0.3527433383206091,-0.48859669647023063,0.028476712611778143,-0.09953658881142437,0.1936185710180975,0.4033745879586876,-0.15843850504072085,-0.09168702280551028,0.1350432340692478,0.6516619670164552,-0.0018986736199062965,-0.00522753650718339,0.6424979253105617,0.00814393877096821,0.24202991863982892,0.6007598540318149,-0.009827618939605182,0.40809298532534316,0.4773324480591117,0.2217030067889944,0.9999956831722298,0.06832806715229683,0.22988776925937016,0.15393604410892903,0.2723317947419954,-0.024847139681189845,0.6693337944622795,0.26074013704513344,0.17966726889490964,0.30326869915715393,0.1100485539607475,0.15379009645822797,0.04066667636197635,0.05593012163158055,0.28860661956354233,-0.02718126778683587,0.49048828301298153,-0.06868423862158737,0.07990712641891333,0.031722605059922915,0.10349883216855832,0.011192311412625333,-0.13290373493677832,0.09808084941666792,-0.0040567978231555585,0.46184599991683994,-0.049200482446919686,-0.028679640729270983,-0.13619483384318226,0.48719331163654067,-0.19795716849390965,0.25777320365083406,-0.1611816311725524,-0.07477382870962418,-0.6056313165457732,0.6805723061843116,0.19798248896107354,-0.644192211873479,0.6757901967008203,-0.23083253820473526,0.4262087696235658,0.3341613344116,0.1567057202633915,0.14719671200599044,-0.3479597730712771,0.25656827122267734,0.5509325495501625,0.5063284143025063,0.2868088708242933,0.692793704909076,0.47492026101154194,0.5374923203522839,-0.09345307463737278,0.385495603073449,0.5319660659933518,0.21473974451342703,0.2814299578116297,0.42992711361601593,0.312789795615752,0.11808693107015697,0.15439452245466134,0.25219449621729584,0.293943450453576,0.3739630129360951,0.4211781785182594,-0.04516636582584774,-0.11746949810364538,-0.0349304598143535,0.39455903516151136,0.5667233605588046,-0.03795405205950693,0.10430908911161899,0.401372809487772,0.28668455184164454,-0.09333258659599553,-0.23519949204650023,-0.00980453106073452,-0.1919613337209613,0.43219278036784775,0.4162536914944847,-0.12659225139295693,-0.006785923336465174,0.44529453454853574,0.2507953934163468
PANAS_Q4,0.5596457392147081,-0.42360150688886766,0.6854241726956491,0.5895270167343035,0.2146426203217286,0.6602804741449916,-0.1407587708206599,-0.4577982429627788,-0.0969271501786227,0.8043151107114903,-0.23385528765754188,0.32403775485522945,-0.6848242586616043,-0.7927896433071702,0.5565303422287942,0.46855931245895943,0.7079574915749419,0.490857946887075,-0.5161249580329688,-0.16257323035858748,-0.4134001262346131,0.3698621883812243,-0.2289884331304864,0.7504176805592835,0.09376109935106512,-0.21700037097787087,0.7872550988625207,-0.16039245045725428,-0.19046424375117155,0.7425531553216532,0.06553924225374735,0.9998121894708628,-0.27881950594318256,0.42673542405382053,0.3163988463954185,0.4872815659751362,-0.17375730280997173,-0.2500441076702341,0.5712184908086743,-0.06438670076563613,0.4502413434153065,-0.13785729905907207,0.6004799126728321,-0.1768909426462297,-0.0694679291241331,0.6066264669179843,-0.3587400831801533,0.5606486508112474,-0.8354618412260116,-0.8092929468157692,-0.8368999841508533,-0.8281646747928431,0.7976165878987074,-0.8192075189003548,0.6454549925220843,-0.6072281665861325,0.5460086175006995,-0.5154796835827629,0.6659712753221134,-0.3686319257837449,-0.5773263030475413,-0.3579924735690466,0.6850474585858954,-0.8618546168898231,0.013723940469447526,-0.07852209979380799,-0.5768693296789498,0.2791809942706125,-0.23100013584620946,-0.4217535547298648,-0.5338650287788202,-0.41226435546638474,-0.14851920569087282,-0.6503104867875534,0.030670530398031824,-0.7127434463695431,-0.23474026539653606,-0.31710385501773125,-0.4461877318007882,-0.15236613110553016,0.14476187777616062,-0.2859715133349344,0.6301029858708086,-0.4064779314040256,-0.2516336622073155,-0.6286020233898608,-0.08344877455618083,-0.4961899958094562,-0.3023087076929722,-0.7885947797211177,-0.7740672414765226,-0.7918319189348814,-0.724506588628179,-0.5656092465844695,-0.4214490590691624,0.6867513953174809,0.6560903012097388,0.8276031299007254,-0.3793621161023243,-0.34112016518592436,0.792247304697129,0.7505862285956724,-0.43934873749440506,-0.4257815213029299,0.6856165339414664,0.5437746438569877,0.7696135532104302,0.6089574101411566,-0.45376852944812673,-0.377920128384052,0.6904007153704129,0.77034407669925,-0.4173687731783391,-0.49928940504860575
PANAS_Q5,-0.30965631385256526,0.24163038780824125,-0.29281958870736335,-0.11692364391762641,0.14085626371922963,-0.4659577768281091,-0.16855501048159977,0.5382333656275737,0.5033480692346222,-0.4022489750288815,0.4589646368387395,-0.35173086712480994,0.6520774818379592,0.4373698097555839,-0.06226767323321064,-0.04184341241134422,-0.5108226362878744,-0.24364250124557607,0.40154327883512697,0.19049838580162443,0.3680318194026115,-0.36047314160648253,0.2776891777626005,-0.44886848809411717,0.3833686015899216,0.2398364948351886,-0.4270309759673292,0.6305746169374882,0.2208906710034321,-0.20905176318294807,0.22436671462599206,-0.2823027945508797,0.9998352874059006,-0.05585017558297504,-0.2990543216349659,-0.049037112061788055,0.2258550894877875,0.18222181409460297,-0.366202792294006,0.41412116947706357,-0.08661622137750875,0.11319671185889864,-0.3812830256722215,0.21124211833734705,0.19597595951668567,-0.3463959866596992,0.42362889979651197,-0.321951333313072,0.4631065982003155,0.46978233472627434,0.4297695664821206,0.4880398241642179,-0.4891723965161674,0.48519150376278347,-0.4278547307705675,0.49905437479623715,-0.09762587087932201,0.655102225206462,-0.4699146174527084,0.34679578461576877,0.4883290656519781,0.7110282138360283,-0.4661938024859989,0.4260549684341063,-0.30643635246566103,0.35944967576031805,0.6573324721783549,-0.3228438286474349,0.3855754238600228,0.42001161608415283,0.5691968235584919,0.6615287305424249,0.6253059128889911,0.45079379241357936,0.3792105749504263,0.6101082885202872,0.5445651516357572,0.582241980840076,0.585378338546432,0.35041174545449943,0.17888329559257146,0.35793811961004385,-0.25251476595018646,0.5589177431255595,0.4723354354037358,0.43196255344350964,0.4818508475892158,0.5783648977881835,0.7084665705036193,0.4703632731517904,0.5555347088035032,0.4323502789288286,0.5214021494117598,0.5174354316985379,0.6084125809690815,-0.28717245406034314,-0.3127085950426596,-0.36639224850320296,0.36458167647116496,0.5612249469209347,-0.37471011397579584,-0.3341384123363016,0.47116503889619177,0.373259726398927,-0.28604212776046534,-0.3007289118199697,-0.4223740094230752,-0.2688639386037456,0.6428218839413865,0.43234267909181523,-0.4782669466415871,-0.38183068194852643,0.6740757940739792,0.6225581928439518
PANAS_Q6,0.4794714344130972,-0.1407518658701794,0.5549529872453879,0.5813066536761795,0.2359195370219091,0.3757585807642442,-0.10463953875219391,-0.19576477170688744,0.03184702250468505,0.5978495511193205,-0.07058482093589788,0.23489194532165716,-0.41173395901722704,-0.5654503155009816,0.23884100548332235,0.4747141709183682,0.3307680947999962,0.5876178060096192,-0.2690348279490863,-0.06127224416098421,-0.1816845533018633,0.3296829149828455,-0.06493036412050088,0.48425371145275214,0.30005827708136656,-0.10660656435691199,0.5416685304294362,0.13183964417980565,-0.06945258409976461,0.37731378411410726,0.15352078083096354,0.4259430215947,-0.05772473098378322,0.9999996680345886,0.40379240421869234,0.2226280945029126,-0.0345707671751622,-0.22941801935847292,0.37222908382148046,-0.03621090110522038,0.5301210936903635,-0.2726273189288168,0.35758345599853103,-0.11765851084406327,-0.025839680329027837,0.4756996599462749,0.03489875733566811,0.43358815226940706,-0.42641418898872296,-0.41092227457774566,-0.4003626754488234,-0.41123378359427387,0.4140702238389328,-0.4379131345340702,0.4682444510442342,-0.2446462915059951,0.33052646024079646,-0.36211637607358427,0.44635784393111194,-0.2262564046886076,-0.2646739011967899,0.007520421307803768,0.508353770495082,-0.4704471767514638,0.077444448673589,0.01650391843760928,-0.1857542728243589,0.22194423514033637,0.008931565013237164,-0.24059270593914303,-0.20906352441242454,-0.15562709952709913,0.20797101948793326,-0.4460565939546877,0.15606073749202784,-0.3627218780735993,0.002450469884477821,-0.08821800239040434,-0.08802754682263048,-0.011037452033925532,0.3665273545461567,-0.1774488877162998,0.756722655084442,-0.031163358211644773,-0.1285027755545931,-0.4552149710197016,0.03948110423976807,-0.2724993871371269,-0.07817587108780401,-0.45276256602916287,-0.39801688192436824,-0.43208464853056194,-0.43581684051951974,-0.357282231387621,-0.13652744263670474,0.6192003154083457,0.6287204719731108,0.56963961637659,-0.13753291516472615,-0.059930716386870975,0.5191248324211624,0.6163967206520014,-0.17880235750713766,-0.3226331692214214,0.6549183856829481,0.5653060493613117,0.5384045069321611,0.5988179294130175,-0.11295561508990758,-0.23135554283498322,0.49334935817611,0.4970231182365804,-0.05231912630967886,-0.20380667549390719
PANAS_Q7,0.48085943038626794,-0.17975936593279898,0.4579958866914695,0.2998014769825197,0.2422305000357982,0.46381557374917953,-0.09131319356101952,-0.14678729705411656,-0.04805451857716679,0.5986772377335845,-0.10800294803050364,0.10810256190301568,-0.4510167434898536,-0.4846167316599246,0.22835858941662185,0.5895175282116898,0.39623580117679985,0.34787407623802413,-0.23468354493628008,0.04427458523586302,-0.12817209345551994,0.3199352386864134,0.00036351188294051623,0.4821904070531451,0.07798649228646065,-0.023494649634711904,0.5313298937421269,-0.06216735446566145,-0.08092301994882918,0.43843075449607294,0.2719143285410828,0.31763652160588746,-0.2946762569283931,0.40384800508084084,0.9999999983652699,0.23628504562934463,0.17273197324902784,0.020042686041357713,0.45604773788579456,0.0625689450000897,0.3032035691521554,-0.04905108764140993,0.41974286246232007,0.022142144668118504,-0.0012794859945410575,0.43026733242842863,0.04462177992328224,0.6083059617699625,-0.4454733256642338,-0.4221137765834464,-0.39975056216124755,-0.44615266527179204,0.446089989097314,-0.4288916261029742,0.461192376887311,-0.17819480506161292,0.3084901841838596,-0.36908332133528504,0.4455033516630974,-0.0919274429905346,-0.2473490105434058,-0.15735088793909882,0.41872918063688264,-0.4629030433132683,-0.08820798040272688,0.0370345717415218,-0.26384744157123385,0.16848580133044394,0.12844176345784758,-0.10923294783156597,-0.17226953257626332,-0.12164268771198777,0.10276009991696952,-0.3125101592901718,0.12385270456859633,-0.3309472824957001,-0.048476947600362905,-0.02909335410279199,-0.056503221667116674,0.10808611643755049,0.25885027879552996,-0.10968733532614747,0.4209188075317937,-0.13814243875018764,-0.10301174772248621,-0.36529775502753825,-0.04249335495173892,-0.15902189443352893,-0.1540484441132002,-0.39721139724365806,-0.4071456022812521,-0.3313803470702109,-0.3461319588420665,-0.3258382686275058,-0.167524157160086,0.45461226615741324,0.4728995874703894,0.48733092036956954,-0.19673768859393903,-0.09295668190345222,0.5020088791726698,0.5299631679593588,-0.15534204131665125,-0.31734845005228685,0.45908347451982595,0.39701368620776456,0.4717355979254065,0.39794389867715846,-0.16538305719322843,-0.17292204445222814,0.49888209502226155,0.5253806955663821,-0.1453622374439061,-0.24835786753614975
PANAS_Q8,0.3859028125362428,-0.5754426024516921,0.7102123577883284,0.7558905363708499,0.04809295986915034,0.28573021738905746,-0.07653302279506176,-0.14635016949617288,0.0640416847016863,0.4247958468666643,-0.1778563677880183,0.2770772999114979,-0.2081430724737589,-0.39860500789948805,0.4610268541013899,0.485422364801865,0.29704387532610277,0.6014021681163435,-0.2709967611018106,-0.1428929127976839,-0.21502024738645842,0.023464397773234225,-0.1941731333168665,0.3806399582666575,0.01851439285592059,-0.14235422963827382,0.37833911076253335,-0.17129319311545266,-0.0283759677037883,0.4140682935234803,-0.024739375735771292,0.48461581994642666,-0.04983707155812584,0.22248347972028926,0.23628120013658416,0.9999999939357296,-0.1196968099913305,-0.2557407919368734,0.2831552163731315,0.16421767912139454,0.3005800637115195,-0.10611969147149333,0.2582675148631185,0.052680733601068924,-0.22367498539352776,0.23036033096260772,-0.09838797967856626,0.2229983081430174,-0.3850353706855151,-0.3623655817539451,-0.38292807166423226,-0.34755537698229466,0.36010986572321635,-0.3664421867454284,0.2915085407265725,-0.30205626646779526,0.8805581367938202,-0.14057563082546598,0.2803730280975348,-0.1578122441716212,-0.06420578440110328,-0.20100620246641832,0.5389290120796755,-0.37435664530877755,0.17309325608378917,-0.1680483208250328,-0.26954405011918287,0.2554821380979601,-0.1342950761001956,0.05560777491363947,-0.3199989649810295,0.023818156801098382,0.11860023023013697,-0.4202403824842968,0.2327049311210484,-0.3147774467414807,-0.07956768544616569,-0.18501753833150475,-0.21304053430073475,-0.12318000418848905,0.1799170610415901,-0.1763267197224184,0.4453311061851632,-0.23413227292971642,-0.17052230643048905,-0.32580496069259385,0.04650715446416935,-0.27964010130866257,-0.055289855159342864,-0.3486216839210141,-0.3683124359096633,-0.42134058783892875,-0.36508616112467723,-0.3047849369197596,-0.23806157671880523,0.6026140919963447,0.5732523892196739,0.46915649027275036,-0.22651244812463156,-0.24939097129595686,0.5709796658144988,0.5239105064009192,-0.21664240975041646,-0.3105368120123403,0.5436648577177778,0.48010323540075706,0.46186511118460394,0.5427034778806747,-0.24599299232968738,-0.21181635923123354,0.4229519735531838,0.5663577832228981,-0.24306155654661252,-0.2693732684175649
PANAS_Q9,0.10942523429593215,0.3290422519795032,-0.26831173044093054,-0.25161187498600296,0.6625583434332352,-0.19196813689884712,-0.56058791374193,0.45956453241303535,0.6275494201489504,-0.1565366828850093,0.31286167316680324,-0.714856500872655,0.3014599581417799,0.18553829512892367,-0.0679754237192762,0.36924031649106503,-0.31628068478793064,-0.28248867658505905,0.445505248781625,0.6783321397102926,0.34931356542544045,-0.1724580658075748,0.8281892586049013,-0.26236233101363543,0.08654649879884563,0.7544637362828681,-0.2561167446717625,0.33556517049126316,0.5310949326664786,-0.057061018785060494,0.6700960887831261,-0.17585681683451496,0.23186464494409104,-0.03459664307388841,0.17251335866121,-0.1198792453821362,0.9999995078092837,0.47511947636262564,-0.05103093412222153,0.44332745818657393,-0.21720641614544017,0.24792135965821055,-0.0737312227830576,0.16083898635215008,0.47316096473134406,-0.10106607721864155,0.5518682795253792,-0.18492147911713874,0.3282338268363107,0.25644662189277134,0.35725371129255257,0.25528322998865527,-0.3159386313784578,0.31830750261406726,-0.1218642678811282,0.6770128157560856,-0.10487177129054107,0.29788025051176104,-0.23465135863017586,0.6414570973332993,0.03889075203064392,0.4225921324453954,-0.44261948541718094,0.19815301589932516,-0.5514997804246428,0.6389484541070496,0.41631851914396134,-0.6222943742400525,0.6810941346176622,0.0547336234882914,0.5931723503328027,0.5200690888433297,0.32403841537250855,0.4741183899293274,-0.08472520221562749,0.49362360924350657,0.5811001368903855,0.6720077163605883,0.5296395081452174,0.7949975216494326,0.44578390823657654,0.699193445931362,-0.31617279226348927,0.5644736604584406,0.6467941410825663,0.5080846285967529,0.24211516889363782,0.6325730812417283,0.47818750237311336,0.39439408549742383,0.3929691411542514,0.4821585674509968,0.5459953542080187,0.5435136338518455,0.6238055662497661,-0.31436286945810404,-0.3443109794639674,-0.2594976599674327,0.6339006317173443,0.671089425478542,-0.23477655020718957,-0.1776449658499677,0.6659661874064265,0.579156467249481,-0.32665657816857524,-0.37924501028147806,-0.271421414511754,-0.367553336809081,0.5825117214528969,0.7135269139140472,-0.289509886182994,-0.21570149111770331,0.5708447048345642,0.4654049596385825
PANAS_Q10,-0.27271881176300394,0.21937016291384723,-0.303252382026283,-0.30235767350685117,0.3255350944908879,-0.24789483879369312,-0.16678131368995835,0.3931792576704377,0.3371108796365934,-0.2942042716409904,0.3636588994077941,-0.2910976251714559,0.30144326065600296,0.21690157232141774,0.12029007733278493,0.05664135553470033,-0.33729227967767555,-0.30649475683748095,0.3862311865538144,0.37058918978091143,0.13612696447220085,-0.414935029776441,0.45157471120058046,-0.2254434701904273,0.2129063276287494,0.3633874488258043,-0.1937365398771321,0.3283964066352133,0.056925218510235284,-0.0817654025129539,0.2613994291390805,-0.25109010775638624,0.1865941943172671,-0.2291214695573497,0.02005029780210038,-0.25575348216337324,0.4752185246079714,0.9999999979242318,-0.026839311487298408,0.34449366924175223,-0.2861769941909051,0.2753265909723216,-0.1521196780606297,0.38402017503026,0.34731165642973194,-0.015766721160430743,0.15773068304149152,-0.11894838104174252,0.2715018252396284,0.271926964314768,0.2614430812913766,0.23997660483705097,-0.3117165991434958,0.271524364957841,-0.13380543960216743,0.4283168600676182,-0.203633010900369,0.2791184980855221,-0.1821529525512873,0.21850311639365333,0.03310966458797607,0.19778044706758754,-0.3659519759952061,0.21043612453263988,-0.44016603012700867,0.3474656595766259,0.5010236111865375,-0.3840190841954587,0.22699994305733034,0.1228325176630495,0.4339257537234106,0.47027098438004733,0.243498642908621,0.7032990035130575,0.021611273992021687,0.4078358881102837,0.29703151928527666,0.46463529420309013,0.48902303948432624,0.3446264411909362,-0.10869570486308489,0.3743594787836315,-0.3249102137061824,0.38333145297866733,0.4564289529200318,0.3356282777190155,0.32283673108065447,0.4541186990953049,0.3322809984351243,0.29324913503210165,0.32548199242039383,0.36371254355975685,0.47920199573483263,0.42434368140190093,0.41887539148529573,-0.2875694919251432,-0.3015095288284981,-0.20850481059364923,0.3353425561219324,0.480883388390994,-0.22725866499312514,-0.184375134823284,0.44250256244992237,0.2926140965560007,-0.286384695723339,-0.33767137017501103,-0.24761182544339738,-0.3027757688536877,0.3589781344948976,0.411630111777939,-0.3444817389609181,-0.24479489488646022,0.38560442888395086,0.39633973848192317
PANAS_Q11,0.5674230265797651,-0.3791745946184764,0.5572411578986445,0.4556881928505252,0.29457208581635663,0.5787641334504711,-0.20223006054727455,-0.3650432078279942,-0.04356903269425072,0.676817042309716,-0.15956299104465826,0.2996714237132318,-0.5841281770875437,-0.6267327248455284,0.6507443931550547,0.531248984281005,0.5122800353044223,0.4387093974508514,-0.39844872239711027,-0.09311172967992587,-0.374266795574448,0.23316731928065915,-0.042116402843668896,0.7351133550090674,-0.03008318442242868,-0.024589092432589207,0.6619360881456727,-0.19369952033508894,-0.09801442764143461,0.4524982404361141,0.17946629716352805,0.5753990049054513,-0.3628718575754544,0.372068163182224,0.45606674920450996,0.28297083936764506,-0.05090600467485019,-0.026795094736848078,0.9999997393577955,-0.07317854479263475,0.33574746592515636,-0.20951409491357054,0.6140739515717154,-0.03148884622471586,-0.04384074925675927,0.6790676769164685,-0.17005567077406397,0.5275566385503276,-0.6732291963240739,-0.7218399030406624,-0.6675121583972783,-0.7514668632313846,0.6636499245774354,-0.695484344490198,0.736659166692459,-0.3703542631505544,0.4439592351103141,-0.5042854493812208,0.6924412754768512,-0.18329447578460917,-0.49760328923992236,-0.4012177930668363,0.6460233012212615,-0.7329355486286024,-0.009790683030607109,-0.021295956816815412,-0.4674377240929719,0.0764446959402629,-0.08614746917496936,-0.43723950853197163,-0.36506700002325243,-0.23908371640427495,-0.14401445544451408,-0.4344681445089643,-0.1211510656923393,-0.554831412264563,-0.05756590462635956,-0.17194366084150509,-0.3181479322776532,0.03436944932924502,0.13293925180114033,-0.11948607843847782,0.5156401300543887,-0.30994216853985324,-0.1125363428876301,-0.4651928172863024,0.22240095341275357,-0.3244926605658709,-0.2811768099909612,-0.6290545840583954,-0.635760120664802,-0.5350833331467997,-0.5147538774846021,-0.41911165167357084,-0.3859160569284384,0.5423177814504644,0.5417224778242874,0.6760613707307443,-0.3119738095427848,-0.2647915834235659,0.6979068749274677,0.6859012671293484,-0.3838032319415809,-0.3768293643732603,0.5028145710771348,0.4250946857575248,0.7088815677792814,0.4662413272254714,-0.3615222476113422,-0.27313037268827317,0.6685425046234984,0.7428363401712932,-0.3283798939949361,-0.46761335694255773
PANAS_Q12,-0.1680826347370381,0.16115640381269103,-0.11974961937265213,0.0026632761237385984,0.3184890159597742,-0.1876338953092062,-0.10308403831597722,0.49695934887274407,0.43569621829419636,-0.14562745763573978,0.44437717559638484,-0.31205922443116413,0.36326843534419295,0.17850018827942166,0.09615122256409261,0.19804155770685283,-0.3009376931850298,-0.07841583870540289,0.3427376410384004,0.2746128496849372,0.2753950829098626,-0.3588768387189835,0.4579633910079971,-0.18656174387312735,0.27037403848291,0.3369321282851151,-0.17194149893622718,0.4142690646316068,0.25408857512299576,-0.039847277154277855,0.30392073520504065,-0.06825049566831287,0.418350931965917,-0.03605028145612475,0.06283011785178973,0.16413208154387676,0.44314995814509184,0.3442410081673971,-0.072754890469968,0.9999989321577252,0.01779938399731615,0.04200089855182035,-0.09794061058694802,0.28221800485707293,0.29588035832819576,-0.07321669850783412,0.2549720740915878,-0.10534447599500282,0.23044820880098993,0.2582978162065362,0.23263152690115824,0.2556157830183295,-0.2188340566148542,0.26659989864116806,-0.15178526275296272,0.4799014293091356,0.12706197183322027,0.2983902556327303,-0.17741627780932795,0.42551353739301906,0.34498641096128224,0.3682230534622056,-0.30665642376787416,0.19611988569172836,-0.3094994554597299,0.3398302842003236,0.4189539599402033,-0.36811947739188855,0.33211780540300706,0.22154979868600255,0.45986668111313045,0.6063851744628119,0.33941827219667026,0.3188176926256059,0.11046326900447116,0.4330830404789652,0.4386277804042472,0.476484533062028,0.3752918343137428,0.4687730230690353,0.2229948979928671,0.3251730012636431,-0.19219826413434843,0.43080114522572777,0.3989688433134069,0.31327329626981115,0.3936732100249536,0.49153643957554594,0.4336637086569577,0.2637023648793659,0.3229158176575876,0.3086190499961834,0.38255810123134504,0.415480793670995,0.5150070442403138,-0.15727438124080864,-0.1776301210379738,-0.19895920813613555,0.3853827734476591,0.539640769004553,-0.1431104135618846,-0.14535707661592898,0.5009219887653712,0.2415259786640065,-0.16800707655428695,-0.23439490551077038,-0.2350013592177442,-0.16264806582255978,0.501078000894738,0.3778379689620566,-0.2640999509638005,-0.12409226761843947,0.5755111855624175,0.4620527796660311
PANAS_Q13,0.4137721175124522,-0.27186688390172664,0.5037643315332238,0.5281889563698792,0.1794829353414848,0.363991300431984,-0.12402731399982925,-0.24770347098073064,0.028864459211938497,0.5507893553132951,-0.055198856193799425,0.24289524695824066,-0.37744844332082317,-0.5204377588544856,0.3475007046281524,0.41830642288750164,0.28562987628087466,0.46012705577767765,-0.42636424994768884,-0.031793593381254315,-0.23567680093127616,0.16090215019071402,-0.09245161849297748,0.4321872944144298,0.11459547142676194,-0.07277101899803998,0.4669560464613035,-0.018179173630544443,0.04933115431609486,0.40086671288936776,0.1112168213450495,0.4500092559669722,-0.08688555631623546,0.5274490549128377,0.3030923952601252,0.30310696792943065,-0.21572088819329327,-0.28294695115427243,0.3375193034376871,0.017851280869226202,0.9998878974928017,-0.20171180061006477,0.3026491563930471,-0.1821987389645004,-0.09709805191864922,0.34507953020403376,-0.09026075066007283,0.4367207382191279,-0.40817964057737266,-0.3558304496862995,-0.39086157241443165,-0.37281497069345065,0.4206538297522132,-0.37501515785493356,0.37882142362531385,-0.28910390669860575,0.3713434612738259,-0.4461723870536358,0.3829609481204481,-0.16026324201788705,-0.20492004155715132,-0.1822236816827197,0.5193300421670565,-0.4441400784441643,-0.013405145946955306,0.03980919897437019,-0.2620346537496467,0.08238862513822581,-0.04469227672114995,-0.224208203543259,-0.23798674424102761,-0.1937980807365079,-0.0019057718209596758,-0.5155430583693819,0.12682796402864657,-0.36888210645813774,0.05228062574655863,-0.1428175055536864,-0.2596195684409625,-0.0465715084828984,0.20958470294875095,-0.14427112681186982,0.590557341316345,-0.21383051299998845,-0.10319248920647296,-0.4551221806411778,0.15825353973312814,-0.29086146693901666,-0.13079990322109922,-0.47316374769448805,-0.42475195470587435,-0.4362094538193628,-0.4301661630959742,-0.33026815400801657,-0.1622533946464382,0.5743917867094586,0.5599273401176845,0.5136205628484996,-0.23571793495443427,-0.1045340071317882,0.45674229982125325,0.5282002806181885,-0.23383699133441893,-0.36028732172105044,0.5849966869848024,0.4821693959550774,0.49280739618236136,0.5127882882399308,-0.15155657208945128,-0.2095336636890649,0.40055582393297684,0.4562366256080227,-0.1237385609461473,-0.22693737155770358
PANAS_Q14,-0.22021069258449033,0.2669848715971599,-0.29013594937061976,-0.3432177958678067,0.13099437115811605,-0.20398665870658755,-0.15617902095197228,0.22892750310777213,0.3458176719597207,-0.23456392330665327,0.3221881841608351,-0.4093578782983771,0.23437084879088674,0.2287156050297065,-0.21972784513538457,-0.012267531094928681,-0.25900660139855136,-0.3803121729611626,0.30432442181266284,0.41320710934956295,0.22231662827121734,-0.22202731908425155,0.3323675503391012,-0.24241725975584041,0.24457292357164012,0.3076132717365839,-0.23759289527088467,0.2892858019327247,0.05653033420690823,-0.2473199986601637,0.15383015777928988,-0.14466596645559124,0.11675626739177813,-0.27270903916755357,-0.049065010700567555,-0.10613018442760948,0.24795956684838757,0.27532905068487185,-0.20947094033509106,0.042377496664708025,-0.2029590635952851,0.9999999986298701,-0.16653579449564548,0.058338391295817,0.21219829333972465,-0.10039238513354995,0.14614594308584472,-0.06681479431119937,0.2716138862714853,0.32085114460906694,0.2611411657893192,0.2697255355610558,-0.3047596779462976,0.2983841917093558,-0.18244265297083834,0.22594581305411712,-0.10500791613732802,0.28129953808992025,-0.2425514454554964,0.17398744421868836,-0.05912574756739994,0.19823981699686222,-0.27594328309030935,0.26407122996834503,-0.2551292352107064,0.3193162297089377,0.24982792839394166,-0.26500842362114274,0.2911817074874955,0.042397416878817935,0.2483808203040396,0.18719623014755427,0.14090235195533107,0.3415104984944122,0.045495208047998774,0.25779566351825445,0.22776465208381846,0.33315856604680766,0.3587355658311819,0.2967249586339115,0.0972859072676372,0.3636625041408936,-0.32176369895518964,0.2834278867289065,0.345496681510459,0.2766601991177183,-0.0954097441364847,0.3051342078618744,0.3314715198696331,0.29345738542983985,0.28343653240845446,0.3231938901531358,0.31197429563651097,0.30045518347607836,0.1713407199961976,-0.3400990814110153,-0.37849200254543,-0.29658830911605727,0.20993447124455994,0.21744211432206617,-0.2779642834748698,-0.26408049397903144,0.22311704026098694,0.32798537723475163,-0.3535863004975578,-0.4607389709596815,-0.312277903539835,-0.3671006170173597,0.25391571019981307,0.3105202325329376,-0.33219719219261906,-0.26094977992132873,0.20722967766952466,0.25617476791856086
PANAS_Q15,0.656629684061333,-0.3957864162658592,0.5957662539185403,0.4535876063625411,0.24804674099935847,0.8844578577898243,-0.18819985316085677,-0.36978706501776903,-0.12539780661815428,0.7433624844576643,-0.22725391119312535,0.19548902148893899,-0.6264033294152447,-0.7026688281930221,0.35897340895998486,0.5822895071617148,0.8333755108858438,0.4154893689176193,-0.45903123318068784,-0.15280989211787716,-0.3526682323863736,0.303859562967827,-0.06137018992318374,0.7606633283032542,-0.06108395037965034,-0.03746978113649472,0.7659531619785056,-0.1540516892560574,-0.1729448615162052,0.4190247833181107,0.030329509185768558,0.5970110208750676,-0.38089782764958535,0.3481794534053265,0.4129429563935195,0.25093422993578246,-0.08302746907396327,-0.15045226524806377,0.6142788237261717,-0.10541738483511953,0.2934326958626411,-0.15976369785868738,0.9989541587833585,-0.22668736828398575,0.08318306468857532,0.7009617295440019,-0.16436061024714566,0.6315286458580713,-0.7417407505187243,-0.7840223066238953,-0.7320523685006235,-0.789409489127388,0.7704814538682392,-0.7567707414641314,0.8153041558518285,-0.48879096458895105,0.3987113234194771,-0.5443132666505321,0.8025095824446875,-0.2641837431086371,-0.6232307469095433,-0.3261138015486405,0.5971152761801803,-0.7570370787597317,-0.07050772248593548,-0.00991058541585968,-0.42454098299063586,0.25875525992899756,-0.07032405294077362,-0.4264339679929601,-0.37960928650803205,-0.377604208387261,-0.03373648164934272,-0.5259525236185193,0.015699559334629007,-0.6010583330120047,-0.17420075054300435,-0.1442550836784584,-0.3180398364258017,-0.04913776772429366,0.19135271805217624,-0.1539486315909792,0.5207561553658703,-0.362927602350252,-0.17211637075449043,-0.5182757183294541,0.03107498718997518,-0.3824764829883989,-0.1919264531842735,-0.6935105269713646,-0.7025527945256,-0.616768409332191,-0.6072137834612121,-0.46926306829747527,-0.3274321133117791,0.599776589935647,0.5845000444780788,0.6769974810084949,-0.26086852810072314,-0.2876650449167192,0.7094790411650295,0.6844025349093239,-0.32003573831658216,-0.3154981914307342,0.5701536046931768,0.5214205726723409,0.7335748194771406,0.5431113660696043,-0.4681409919491368,-0.20733424658063282,0.7419290884509768,0.7475758965314481,-0.41134948984819475,-0.41551209923715215
PANAS_Q16,-0.26364369545523114,0.09348111760555021,-0.1334360917459818,-0.04387266774839743,0.0035542034817021353,-0.24533323403721308,-0.009169405993279506,0.6061229022682457,0.17417826447278636,-0.31571991060392124,0.10675353474812753,-0.17327450629905633,0.42745808995079204,0.34495632967184087,0.18795271373266953,0.019814137190661198,-0.3082884981115318,-0.029157274627817267,0.6472600503517124,0.116794801407927,0.41962865848692316,-0.34714154056957425,0.2004071246380504,-0.30266007516291005,0.028276828072678353,0.13091376334648785,-0.2799231319593058,0.1518451657809815,0.09541198967466782,-0.17732104345851973,0.05599369965242227,-0.17732833506280377,0.21551900885961234,-0.11730706829922044,0.023101294067513937,0.05198610411766799,0.1603324132368372,0.38411006912653145,-0.030830825982413216,0.2820680367771755,-0.18107618391650582,0.05827108905008305,-0.21925325130252127,0.9999909695091104,0.2920502857745754,-0.06354660292220898,0.18175796920926196,-0.22450456076630632,0.3221123607458371,0.2943948697101309,0.31050051367341036,0.3075264218925489,-0.25207113741175763,0.3532823370876696,-0.16590092779234397,0.3490349926977041,-0.01930330812983487,0.5216145452440214,-0.2125955411671177,0.2466469586038818,0.357197499113865,0.2946619396525706,-0.3617494120872664,0.2878880136133525,-0.13820085116004213,0.16773749785599631,0.4887306740649586,-0.14123924186842582,0.12304016969524123,0.47898072675083647,0.4346362272881429,0.5739373332029325,0.32589260856466423,0.5113844748116532,0.24985551968740882,0.4258730700051931,0.2732380981669222,0.34661872424065354,0.3761033734142384,0.13989695883100367,0.025059529725111104,0.2185855930751521,-0.23916874331665797,0.36925479637705527,0.2676380187871189,0.4234787318537551,0.31738214433152895,0.40977219972936335,0.3099342820160726,0.3277366843328957,0.37297692901523727,0.30951864281761116,0.4211249963964262,0.29782934977120623,0.4148882152933161,-0.22134422637014511,-0.1758911126908029,-0.19835154361529558,0.3308136963698339,0.3336952119100301,-0.1648539917320865,-0.21953137080693483,0.3933113040816208,0.29649094992412267,-0.2028351819648806,-0.11375090364922043,-0.24274729647386395,-0.13575663596117243,0.42602117792700417,0.32973451046713526,-0.25962546154682253,-0.18394287865407707,0.41396538199554456,0.5195885050671721
PANAS_Q17,0.0882027338612249,0.4418700158301755,-0.24286145728686323,-0.23972187728179692,0.45894110967260227,-0.05191535054242022,-0.39571923566054457,0.5052667990610384,0.44808911132648027,-0.12910284884873743,0.3048563953820584,-0.5186488503357316,0.30794689954307414,0.15009468107261623,-0.008585141168571973,0.24735912049295303,-0.131914267017495,-0.2942495152903486,0.5559841010078217,0.4705413290840967,0.39415885356947633,-0.04738626830306032,0.6197930689937972,-0.14572100870849486,0.25775619117953,0.5352561738285507,-0.13561902569683973,0.3914252779064492,0.34232054925442923,-0.008597605228852834,0.2895191565725521,-0.06997984729592288,0.2030230448431552,-0.025715200416866923,-0.0012767194720574304,-0.22366596779751227,0.47300275557017657,0.3473161381002948,-0.04385366708190791,0.29597492063287745,-0.09367993704100472,0.21219702140043345,0.095245084310941,0.29242864223829035,0.9999999995939168,0.015945611521024458,0.4254736098468806,-0.15198247329549716,0.20490705546225269,0.16257979406359835,0.2173054003616551,0.17235275140972384,-0.1814894092585003,0.22122960575084472,0.0010733071897534169,0.44624377073224214,-0.2753406060172196,0.4003837545378902,-0.1435833691969125,0.43567402551751405,-0.007146988365083873,0.4467700807191479,-0.4008463914938845,0.12778027406160186,-0.4841123125095101,0.5373358864043322,0.4837810294167471,-0.4024481967740894,0.5591337601664013,0.059599599777216496,0.622623163826626,0.40288093728563484,0.3053675445537378,0.4382225145514379,-0.05983249907793273,0.4115842136538435,0.5418032076698642,0.6285238976554313,0.503804264036298,0.48682939128093533,0.39426559433967473,0.5136184844686779,-0.2239450162601192,0.5262012047029445,0.5712931938223126,0.44925601142521765,0.3295728373567538,0.5825120555977864,0.512478897823035,0.2941986626917609,0.33192080202940955,0.33266019636043126,0.42687529109758293,0.45058660067885425,0.6109293508226576,-0.2605872435645313,-0.25945304405833963,-0.13945222927570128,0.6270801863345237,0.5479184009678564,-0.15294311458614507,-0.11601296075071636,0.6352199621736037,0.561860296327327,-0.22018948348301715,-0.22143466232532127,-0.15022789016080906,-0.2617313641827107,0.4489339564862692,0.6014812895090648,-0.15685148387156264,-0.12252987019876897,0.47028204776381094,0.5634779433157965
PANAS_Q18,0.5248681583474529,-0.43364054547282843,0.6011839181064514,0.44944650443130707,0.19201790617027714,0.7954404729364926,-0.1020383167625965,-0.29154403591054584,-0.13762378687230806,0.7573295498805217,-0.18352482753375038,0.31821103318184146,-0.6288494651776577,-0.7047921692945189,0.40109552112583396,0.5355361596871121,0.6862712124685184,0.33521105162312265,-0.3890308088805883,-0.1992889816589788,-0.34191287889665234,0.15834850299437975,-0.140716210248232,0.8097397714919727,0.04833015245384748,-0.13826696513400255,0.7985474677634348,-0.13302558171623635,-0.221207235918747,0.45327716670483786,-0.027377551528936186,0.6041129933412419,-0.3435465810984385,0.4756669169011847,0.43030197853242563,0.23037038856309602,-0.1008641823967284,-0.01576113400351803,0.6789558323979562,-0.07344912941993673,0.3439984965596123,-0.10036305930288451,0.7048192933905788,-0.06405003061680027,0.01596002353740885,0.9999999957848253,-0.17881316518223325,0.7085703487760432,-0.7352683902552326,-0.7551473684642316,-0.7119229089453344,-0.7677155928517178,0.7881876546681466,-0.7337999013822726,0.9453065631206122,-0.48618116447635035,0.4098851594151149,-0.49720097672405544,0.9215550960698988,-0.3628798712424658,-0.6239754027958491,-0.35575896222501446,0.6325309273389635,-0.7523339992505835,-0.07737860710809237,-0.0688822287489251,-0.3874649023083967,0.2659905151125946,-0.14363060325618754,-0.377734858696294,-0.3749187900350629,-0.28881796402372206,-0.037116920035229164,-0.46488404687344037,0.15413119932084793,-0.5874120727450383,-0.1604864720551804,-0.13257128308956015,-0.2559834978285589,-0.0774752821364279,0.1420807576138127,-0.20898594367629764,0.5601677529770666,-0.2629572678974091,-0.15674029717409854,-0.5639560105952389,0.0878991412816834,-0.39037044959382494,-0.2581901945555479,-0.7316467095355432,-0.6733063086536639,-0.6460495165779325,-0.6100567548100186,-0.49449481285520375,-0.3454977233722055,0.6193258399632291,0.6295803777447698,0.7599826006057693,-0.2966909909763577,-0.23794022728040942,0.7506133903349969,0.7127006287986705,-0.3749907687780624,-0.43199593811751835,0.6037519395691202,0.4934407363072187,0.7687844364639362,0.5606894546737285,-0.41363532197702557,-0.28783155094805013,0.7165272696531652,0.7393008144735271,-0.32831659181268313,-0.3702680550288005
PANAS_Q19,-0.023499402323345884,0.3446890877020292,-0.2803921955829906,-0.15881050510427291,0.44629268227554086,-0.3219166142342352,-0.457284506554666,0.565988208373517,0.6259110713043723,-0.27533769207623227,0.39198121131660546,-0.6031745304518873,0.427049300571541,0.29984024405250886,-0.19003497672321562,0.1800870654899398,-0.41412981613098265,-0.26829809871339033,0.4983142212000172,0.5580322307714913,0.3581996628022125,-0.1702388557561388,0.6428986269670806,-0.3235544380857132,0.20342184503158267,0.6176086903981302,-0.3329322690501423,0.4799114915992466,0.49708279967657576,-0.16679606781141132,0.49158060258322933,-0.36107191193005084,0.42785024534565685,0.034998048270363125,0.044621639807182104,-0.09840075012155616,0.5518905965985186,0.15775029344202166,-0.16999295848957363,0.25506472219248777,-0.09039434851520589,0.14614391563846124,-0.16180110899013506,0.18201254037119632,0.4254866883011732,-0.17881823982954717,0.9999999977764775,-0.27818953668334057,0.4904933650740927,0.41703184767443624,0.48833613215562444,0.4217068667524263,-0.43686744410966477,0.4889144794885081,-0.18434824289689095,0.657058142068373,-0.11771046178480285,0.40885497219081923,-0.31585741164355696,0.5837105147396414,0.1794739464117026,0.5707761910503902,-0.4341697001636541,0.37342799756938017,-0.5152263662585705,0.6066881178686439,0.60373302126034,-0.5590669254462257,0.7177363163420092,0.2114728255959457,0.7056720958307732,0.6314377200078113,0.4334994649844369,0.41690284052068527,-0.06240531487307177,0.6244938593389048,0.6668016698092738,0.7209253653667771,0.5869952980230644,0.6462340531962818,0.4767104213176955,0.6220050296593103,-0.2815495196960308,0.6575973172010521,0.6682866882940138,0.5112825754605728,0.37241091969718815,0.715768114126845,0.6156400099842613,0.538546837215825,0.6266913393579232,0.5858707265941787,0.6217925584837617,0.6148849481153669,0.7424575626802725,-0.2869137321167139,-0.3069030070584886,-0.308318013129858,0.7108833585420506,0.7216787018169963,-0.2959425102088688,-0.17430814366934505,0.6925933470394388,0.5334609200255246,-0.30618967440830924,-0.3735099844967259,-0.30221683301315305,-0.38112907966532356,0.6601112314799462,0.6626103666371284,-0.3571607533451402,-0.3263614433110936,0.6816248185342412,0.6507257809326615
PANAS_Q20,0.4389334292741831,-0.37367091423792936,0.5869157749969668,0.38971574813358156,0.011597280062562852,0.7067502391817729,0.10560490146011858,-0.4168480376309057,-0.2670616567182827,0.7758968383251095,-0.1521864405788131,0.43854552194058993,-0.6868159071918637,-0.7126070070609893,0.34396869988745765,0.4155243980303821,0.660411120435175,0.3970116297018652,-0.5658276109322835,-0.28826905000795494,-0.40423369977378876,0.1702974190713575,-0.276175492219057,0.7679841947239212,0.06980401963515036,-0.29661811979765373,0.8092501985961107,-0.1095411590053092,-0.41038868207303963,0.38826403490590194,-0.06925157091336293,0.556977716976546,-0.32408350169657124,0.4334674259645218,0.6083157684266387,0.22300917038174628,-0.18460065559138328,-0.11891753097164533,0.5274229559954086,-0.10569150647925762,0.4353978690897063,-0.0667654984245365,0.6309879531032984,-0.2254916997209408,-0.1519644722817125,0.7085639382754614,-0.2782178077528541,0.9999999820676853,-0.7170416917174356,-0.6542516621589667,-0.7021606819613893,-0.7069756688887041,0.7351472365013547,-0.7157528617220481,0.7022580806676496,-0.5587639345111501,0.42008351211008715,-0.5495170260455398,0.7644084873268748,-0.4482882801638215,-0.44661936174014993,-0.3538185191849094,0.6737405189736757,-0.7077036447366711,0.08270490212991202,-0.20069346746013045,-0.479859838104944,0.35432700526792066,-0.27272133907680574,-0.3232319407170684,-0.5175527661121515,-0.39391172670640895,-0.02418796821740049,-0.5476778931430961,0.18624873060161032,-0.6377087882216101,-0.3105995483541734,-0.26760177636435145,-0.3642350407498607,-0.19465544303499333,0.014207162342757734,-0.40399835496795694,0.5369536842404733,-0.4137292564026883,-0.33473129029204823,-0.7021425363759952,0.004083211497682898,-0.5078839053260246,-0.29289053752130767,-0.7310712384594343,-0.7019146706047757,-0.6771016024334873,-0.6723193817010357,-0.5836821021024239,-0.45491406275285867,0.6200174257444108,0.6310545933078153,0.692724829157285,-0.5076508540285491,-0.37268614600116234,0.678112110935897,0.6430917592003775,-0.5138045458910432,-0.5668061256659849,0.6232491253992267,0.4978308147788407,0.6914907217384325,0.5472410217896125,-0.5021866206241523,-0.43871449785630223,0.6576531768200216,0.664330254546432,-0.415998185673024,-0.5310434589933776
POM_Q1,0.20211026382227737,0.6541932701153733,-0.8046807405820848,-0.746996793734965,0.7295386874241536,-0.7381194919250964,-0.5419797068420089,0.24971669044166492,0.6788880446235923,-0.809988570875599,0.6048216586454624,-0.7787805622596855,0.7655645601794923,0.581032729686822,-0.8039967290723697,0.3214391217632432,-0.7175402080414423,-0.5006919354171335,0.7609397527212209,0.6212023730058024,0.6894163949806704,0.8126286621608929,0.7211615223696765,-0.7974324625641315,0.7493412945061944,0.7194277737576438,-0.7165665136597841,0.5351084742292762,0.79106085758934,-0.5709334985895487,0.3685397701995812,-0.7234455774932184,0.7720549590942267,-0.759590424732445,-0.7332452021910474,-0.7236120486294588,0.701558856643407,0.6540326779389674,-0.7488674536800122,-0.1036195111802629,-0.7431542632397801,0.7215695560024216,-0.7968272966971865,0.6974505531984382,0.7641977011353496,-0.7584311766722684,0.7529576706136893,-0.6585511473084704,0.9999999999826058,0.8188171648882892,0.6556435187276972,0.4057215502553288,-0.561090842027328,0.5659835170014835,-0.6896237845904518,0.45818993823350895,-0.5156879751464171,0.765111806539174,-0.757837451280863,0.628671766001671,0.23856148660420118,0.8017024464807669,-0.8027102317660384,0.7216341408026177,-0.8128865400272872,0.7058571267824476,0.7835003334723329,-0.5719368008088999,0.673860371242519,0.1671950674440679,0.748590669019843,0.6518279048485525,0.638310832917501,0.890387799625053,-0.2503089631609243,0.6684785806508869,0.8724067096736711,0.819062710378175,0.42527874977919167,0.5220913786840071,0.8271401810707422,0.794182482370059,-0.3717426586133969,0.8045928263565294,0.7930695548641729,0.6076638503005003,-0.38612975874233724,0.7570165933456523,0.7405950593600403,0.8047581291347243,0.7472796877383419,0.764029657959092,0.7840551039278125,0.7172846980034742,0.6945564528728363,-0.5155377622085421,-0.43503283957136135,-0.5109094528323489,0.7434461421194781,0.7136826411166728,-0.6768462627979254,-0.5408082886709809,0.7650642971706275,0.7234403972081463,-0.6973857301607271,-0.7037932401924549,-0.5867620919152978,-0.664886780921893,0.6286292490156288,0.6737791023745223,-0.6758687046098923,-0.6171937416910613,0.6470978000277496,0.7004450435358923
POM_Q2,0.47888482422578194,0.5608357024050101,-0.7873408384837641,-0.6487694538283602,0.7363948913941629,-0.7041271035846031,-0.45609935619050257,0.504978784918541,0.7561577498691379,-0.8530655357366451,0.5197601589652726,-0.7107985108536188,0.8507061570508042,0.72077505292779,-0.7888790478790606,0.5920762371758761,-0.7517468773217063,-0.4443041644019338,0.8445327710150026,0.713083843745575,0.7909747435291843,0.8251191817292998,0.7713352458574741,-0.8308752059415707,0.8677832475391739,0.7498338929410066,-0.7225430350962879,0.6184615568977233,0.7996445399849663,-0.5496740973340126,0.5829755968814733,-0.7478797719823864,0.8079234237913157,-0.6017750974797691,-0.8265972184501907,-0.6912876860253171,0.7410421156657945,0.74829093995528,-0.6976444791616949,-0.0443259798136665,-0.6815420354587141,0.7426552378386727,-0.8157746711516878,0.7548058879892952,0.782639477071813,-0.7412009886303421,0.7816772543610795,-0.6906419018175671,0.8188191028292018,0.999999999866968,0.7682229734494943,0.6245770965637127,-0.6060777769906298,0.6496840210850274,-0.6430501843378122,0.6764541419576866,-0.32751010891744586,0.8109788167936836,-0.7264632340133854,0.7804349425070939,0.44712384492648405,0.7957172845805793,-0.8119530848825408,0.82072657980227,-0.7611091196680492,0.6348130579984006,0.6516711304144277,-0.4802876391638632,0.8292847763118749,0.3695422956339106,0.7167514479296369,0.7121490243734125,0.7284697155117933,0.881990785355687,-0.006617563917710859,0.8105531071898,0.7929224805401606,0.7395699587168015,0.3172215472243378,0.7450799836040995,0.8162875234022829,0.8265028468174909,-0.18978009122297418,0.7859694566839156,0.7589712991492594,0.5734862371667759,-0.5128006898803357,0.6931288946963454,0.5781174143583803,0.8985028078939525,0.8765314545121288,0.8594174615028405,0.8601608283180016,0.7850401056777596,0.7827103382331742,-0.4777792422244902,-0.36884764070562315,-0.47917219123800175,0.7986541881967846,0.7655211656086602,-0.6507288755496299,-0.49049785257452805,0.7945049516891896,0.7567452965739652,-0.6440553984496709,-0.619628851478013,-0.5317886764611572,-0.5769343164864599,0.7808490394669259,0.7604456812958286,-0.6349241900828526,-0.5595518698800761,0.759517245948666,0.7733286074493588
POM_Q3,0.5250958076519934,0.6798408452649738,-0.7283586860992195,-0.5644793639886746,0.7164194477441046,-0.6903105942752963,-0.49265690329052575,0.5374302888257668,0.7965538099073992,-0.7909475303254749,0.6081899128906947,-0.6871163183770241,0.7172201935486481,0.5757653067536758,-0.6534239214498014,0.5884851524244683,-0.6890023293359695,-0.44445963596512944,0.7262794066842051,0.7369683280725149,0.7785233989822504,0.7595414472665736,0.7334810922464745,-0.7290949589159759,0.7787390261390136,0.7117375891905101,-0.6999012256068484,0.7428059736103422,0.755701600997548,-0.5546334896352956,0.5519532562748939,-0.7563507887386537,0.6869480833972736,-0.5941779382658304,-0.7667624431363955,-0.6005960910357306,0.7830021022115359,0.7960534166318946,-0.6712117990100475,-0.024297130770681276,-0.6312406450118904,0.7535761345694809,-0.7339263360758677,0.7651209659287319,0.7257231010439271,-0.6942944207194289,0.7670060889705972,-0.5944879661586374,0.6556429980976216,0.7682218837583716,0.9999999999901907,0.6984171712193481,-0.5121096879444729,0.47687328962568454,-0.6113262223879417,0.6364064397390238,-0.2707938973400421,0.7739690279765236,-0.6711404121941429,0.7520873478129986,0.31237562949071135,0.7247438779197343,-0.7063271580613869,0.7027271254764741,-0.6209774507712115,0.5883576099663274,0.6384925374188402,-0.5051293214796716,0.7558084753182985,0.19437392932556172,0.6976539354937096,0.4947960097634641,0.619699254646181,0.8147191497929087,-0.11794158715664706,0.8216367477967182,0.7504489989046788,0.7249856254855035,0.3536577181031625,0.7212527244107876,0.757507634977646,0.8327094864434648,-0.3028698056897072,0.7530898669628265,0.6420761024298962,0.6069921033223737,-0.4578831332390989,0.6753164802702418,0.6098145378263204,0.8504515513684203,0.8308264689034445,0.880998986386963,0.7982095422234525,0.7713457429371734,0.7608937165844226,-0.4483598196107893,-0.3583956582004853,-0.46155784171881764,0.7560374267330523,0.7323794769663419,-0.6297871434662807,-0.4793098934405637,0.7378473704834428,0.7471616718191865,-0.6397644789466255,-0.6053137281931917,-0.5134611948837489,-0.5716677275803351,0.7538324748216596,0.7450039283832299,-0.6398611422053443,-0.5450116342984781,0.7389965461853618,0.738829190371856
POM_Q4,0.5191073526039326,0.5179734342629139,-0.6551436416009293,-0.48119712815632004,0.6660041709118409,-0.60521111983098,-0.3320450854703881,0.6360509052181262,0.7016402179574224,-0.6588953468577594,0.494590699135975,-0.583145991045581,0.6490405486049415,0.5732781016617698,-0.4822982236366622,0.5934240787444935,-0.6520246070463187,-0.41185196866154355,0.6585614728799049,0.7391173870048982,0.6176243859384138,0.6946483270669808,0.68924237737001,-0.6488998396673638,0.6095719470834212,0.6517281070355788,-0.6237153277008296,0.6628511532015426,0.6928027127963359,-0.40074556975458897,0.5853888305235901,-0.5616817030417595,0.6783202251823309,-0.43543347408898114,-0.6158206129405919,-0.3486997354275835,0.6947743678212007,0.7549147573928029,-0.5620736482112998,0.14440286777536177,-0.5011484960981214,0.7042638092162359,-0.6219657035536102,0.6983193029829794,0.6938761336300081,-0.5839180958423702,0.7441978669425372,-0.4221346884787236,0.40578257012840624,0.6246012809092534,0.6984503455032034,0.9999999562043971,-0.4653079658560793,0.574153209642047,-0.45552048265213374,0.7022126640873776,-0.08969160817851492,0.7123744792632465,-0.5439155199807191,0.6136295945730478,0.5134782306993018,0.5857564919058518,-0.5961905743581579,0.7188454932671113,-0.3968827391996961,0.5802809767660533,0.4745975014134586,-0.4509660684422162,0.7056599304149187,0.28931257471068494,0.6255979529898985,0.330254015326286,0.5891126621567526,0.6699559940673514,0.03602237132579125,0.7834662809210673,0.5906737139442607,0.597171273823547,0.22902732963176944,0.7594037621777187,0.6069622525517848,0.7129710595442984,-0.11581775935363478,0.6172633612176137,0.5498699226085652,0.49432713176421156,-0.49892458781169957,0.5682523345957552,0.4317572233761846,0.7387732025709755,0.7630155987480944,0.7185141441188664,0.6949821080255275,0.6696071356049829,0.7005090253434396,-0.33177766172940226,-0.24085565297641848,-0.344162268936961,0.6738035518773825,0.6547298497169438,-0.5071126478663478,-0.3463742155867571,0.6582678436309211,0.6927491712187575,-0.552640971966267,-0.4620969483754139,-0.3865390279313443,-0.4283914105692469,0.7413614130056942,0.7276417932270672,-0.47370553323995834,-0.43276698282203707,0.7274056361592434,0.7080848648259702
POM_Q5,-0.13250721879773808,-0.47524677116582237,0.7775624979567473,0.6556645225149014,-0.6016790754553043,0.7275266376426175,0.3912977662435202,-0.11949342707948822,-0.5797599371639924,0.747934247863027,-0.4595308759911607,0.7241930083746162,-0.5297896496357772,-0.48570872925193626,0.575963662213445,-0.19852377075401695,0.7845445076060582,0.650115319181376,-0.6191552470624433,-0.5516492634051581,-0.48234573158402955,-0.5522334746370435,-0.5772260232914177,0.7350911776654785,-0.4696163348394429,-0.4899945868247274,0.6338520606155793,-0.4563210456696864,-0.5936618542046543,0.5197053077295994,-0.34735909021705913,0.6792507977785308,-0.5461493311821815,0.6415814888762963,0.6665260775424733,0.5340868135988142,-0.5755656147519793,-0.4446275623866709,0.6846087275298772,-0.024771951320352585,0.6523003470784563,-0.6541339675190805,0.7150940732983764,-0.5965116553906666,-0.6165540211411302,0.7105186503702793,-0.6671771324202422,0.6266779705882035,-0.5610956778357923,-0.6060849198644782,-0.5121064905730504,-0.4652850003489213,0.999999999094991,-0.6129687858794912,0.5943198606245909,-0.4789031715822727,0.13841346813195535,-0.6517227369402642,0.6737167162261524,-0.5434747937668217,-0.07815907166562829,-0.6688868164786287,0.7178367396186266,-0.6963621743018523,0.5540466187415343,-0.39751612594891694,-0.5511535202259449,0.60881389159264,-0.5157791778229128,-0.08048911330502329,-0.6574263182955224,-0.5006599520412337,-0.4078031162543735,-0.7012086079349596,0.21853416298556852,-0.6424690717904038,-0.6458908623066909,-0.6417223428867039,-0.14380851833960984,-0.5513553268788887,-0.6796333602235199,-0.718441644037511,0.39341354501364223,-0.5516792235069085,-0.5006346027784965,-0.5278661757506813,0.38994415310427877,-0.6275686997627975,-0.47100474017128047,-0.5592183719325924,-0.5501798844744288,-0.5388563144115694,-0.5137747865791236,-0.5700056649441643,-0.5448531534329342,0.5370400557851417,0.4453562910855036,0.5182742297447378,-0.535611876623259,-0.5804782453903373,0.595414540033387,0.5179867787682413,-0.5317222889695838,-0.5716948273304362,0.6928218149927589,0.5984364771091015,0.5608895896658584,0.5751925254159721,-0.5491708959415622,-0.5382852139672447,0.5459223013324805,0.5591850032485908,-0.485376586791743,-0.5265281809288546
POM_Q6,0.11389337069611995,0.6640509063053516,-0.727003836389108,-0.5947907187203254,0.6818399734387699,-0.6589096763153999,-0.42841795001430844,0.35976585709024905,0.5545157853881744,-0.689957925730768,0.6004202025044569,-0.6868259815464287,0.6256567603469181,0.45228748253235285,-0.6119305357119262,0.3110559764739986,-0.7107257958970564,-0.49834542811272814,0.6286391963372955,0.6325076162038863,0.5406400286961623,0.7290734732562969,0.6246084359269158,-0.7281537462841693,0.5641729997785696,0.6305516057661766,-0.6547061251939592,0.40437329476168915,0.7026853547143481,-0.4599184089233063,0.4315897540993555,-0.5312119826202597,0.7322358871169853,-0.5802291257917866,-0.5483057535163586,-0.4990945049345016,0.6442441613150568,0.6085499428511171,-0.6348705454274929,0.15244681453151498,-0.5737762901710111,0.6850618315153323,-0.6983964709695898,0.6906129102067763,0.6969289954390301,-0.6630809705051544,0.7152886416551736,-0.5433885649942679,0.5654212439046893,0.6488590226401665,0.4766422771838794,0.5737951209173231,-0.612334803867165,0.9999844189024862,-0.578296043173079,0.607645138554548,-0.19708568338674426,0.758844061699183,-0.6561456419699696,0.5190718011411419,0.3467792707276922,0.7460782034024893,-0.7434827643236577,0.8481153312633292,-0.6011071987914595,0.6664852310446334,0.6115268781730776,-0.4889388163995484,0.5781651684008751,0.20184359046426886,0.7303486845315053,0.40794752925554056,0.5621842963047449,0.688094964953021,-0.10436293226388621,0.6079699563020748,0.6973089750834319,0.6906710267560345,0.12581002792760018,0.5643604711192722,0.6677325590121467,0.7740251244717831,-0.14018537373467257,0.7061268274254373,0.7380043997872647,0.6640478158399213,-0.6300822408787022,0.6957909877998931,0.5266010015280396,0.6141584663293769,0.588471547359791,0.6338871676715129,0.5913627894463319,0.6732480248879266,0.6336608136743491,-0.4160862896152518,-0.33205597157922073,-0.4473512159839832,0.5945652352285036,0.6712619030351987,-0.5947238718057362,-0.44629706336830555,0.6253553855778773,0.6410695482298017,-0.6066562133596656,-0.540039830802864,-0.4920561072686109,-0.5097848266735217,0.6426266091279516,0.6301972495015777,-0.5334571280879794,-0.507193291101856,0.6515525662044697,0.6186761747711066
POM_Q7,-0.19137091727994204,-0.5517699692533473,0.8312937614304471,0.730088042357139,-0.7508495678124751,0.8952314601111625,0.47249854304547423,-0.21862858322212456,-0.5749592864711781,0.8144080269999252,-0.5144391231024893,0.8203104314329493,-0.6358870340463763,-0.3814791660998492,0.720565968854269,-0.1968225159031341,0.8928720437817269,0.6246574317280049,-0.6497304339664545,-0.7079139039694924,-0.6589653719229844,-0.7072961153456125,-0.6521698140861929,0.8616580349157695,-0.5580961129041959,-0.6397056623789061,0.8319501019699741,-0.4881137265345157,-0.7473655303426905,0.6624265986552962,-0.4448689362799032,0.7537548421512521,-0.6614186482755104,0.7435623177994429,0.7338269025700705,0.7253151505945907,-0.7471702476386762,-0.6272130219927013,0.9521034962825551,0.15341933294136018,0.7809558877177872,-0.8283281538831109,0.8883213902607238,-0.7844317474690767,-0.7419946702438819,0.9218643526401245,-0.7897760220340175,0.708837222411982,-0.6870208431356621,-0.6402542571524564,-0.6089645878588146,-0.4526819348134496,0.589475886910411,-0.577676944179782,0.9996453266722162,-0.5623284482794244,0.41786703880111453,-0.7688739057360386,0.9656446221513644,-0.6166654082285189,-0.10174480040173459,-0.8346655401711254,0.7949935587066048,-0.7561398751517425,0.6684432059992711,-0.5925781486795222,-0.6872084101879676,0.6354068012071368,-0.5617777186799797,-0.07583781754482492,-0.7352292830290043,-0.5005297210620279,-0.4905053177830924,-0.7544648671747158,0.2726338836659145,-0.5543985881008977,-0.817869418022005,-0.7905398330090978,-0.3605906670035526,-0.46358222786926695,-0.8347672054562427,-0.8041041913512401,0.4859608830663195,-0.8117899786818119,-0.7217299170528008,-0.572648965589351,0.5400770240571567,-0.7067828394263729,-0.6860763214609509,-0.6470386766659773,-0.6222162627584175,-0.637836735113651,-0.6185425428830831,-0.6067590945441315,-0.7286987437969621,0.55726598959999,0.4370791050910518,0.5918087981876606,-0.6951338936854372,-0.7318565177426457,0.7389303336471874,0.5764585123888829,-0.6999446283255754,-0.7413941391847891,0.7933291165379646,0.6776769606130074,0.6411975440011077,0.7027917802078356,-0.70886755064797,-0.6879773572017053,0.6810153468383392,0.6442685908404626,-0.6353650902104853,-0.6873118029285383
BigFive_Q1,0.0999451230432161,-0.01394517820032988,-0.10207702464954804,-0.44280952924696315,0.06611805138673399,-0.21128551510126606,-0.6068495209732948,0.13837940588116782,0.06906171113633225,-0.14979486311649048,0.08627086437768478,-0.534719809395318,-0.509220190019339,-0.46307697538227566,0.19468334428900763,0.3807822245740322,-0.19847070992657323,-0.3711221292715112,-0.09193878302652761,0.20734220130155998,-0.27122526679965975,0.03872914770740035,0.299197757754862,-0.17848664202882075,0.04328902161238175,0.27560714778676104,-0.33531834998140864,-0.03433660122922322,0.599198675884685,-0.4111367372821735,0.8603456188076468,-0.28455566918526676,0.016533531173180058,-0.4336673920364522,-0.36935657071358785,0.39839789393070946,0.7762243063287206,0.26554449159379,-0.24981967291024637,0.4171262664517541,-0.3671110001730121,0.7535323383584294,-0.28171460801215287,0.2215481377779623,0.011642650173346765,-0.2709677264044885,0.7468999536760477,-0.3257756494994345,-0.07781950008308777,-0.26651352281359486,-0.2344904076971674,-0.4361495019680405,-0.10301443982527594,-0.36138259878706014,-0.21309790341926574,0.9999999999858437,0.5415848224368194,-0.08813037161018371,-0.08492716028242758,0.38680048495072594,-0.6869612676623575,0.23090131569606703,0.1587957839267081,-0.42129647933721104,-0.41840889816398796,0.06940517134444024,-0.33526481364304034,-0.5947587139273057,0.40187726463774703,-0.018358933660709464,0.3434524907425467,0.9936152147237656,-0.5822500051163153,0.9242138418605218,-0.648930707581694,0.9797401505258112,-0.5449289750472321,-0.22658726128683065,0.05988528966272649,0.5517865427260851,0.26657539553971854,0.6625083420157469,0.19128428161348035,0.08663630840083927,0.4993631464477525,0.8728555994286709,0.6054890277303822,0.11764893334486848,-0.526954506236377,0.19050573045617025,-0.0228203834877012,0.4806123703394818,0.24282003498261256,-0.4294723581446406,0.7490005169363164,-0.7865655045905677,-0.6425006464267617,-0.3975365734460464,0.3063517424427822,0.41579183954093024,-0.6855283358008765,-0.39977075208417784,0.7790825398247838,0.16594261810945174,-0.5888413310115056,-0.6712054213649641,-0.40794316028513644,-0.5781122723358897,0.37409416967607534,0.39385475078797416,-0.5995433718281676,-0.6893072045270235,0.07451332574876639,-0.24622582037234533
BigFive_Q2,0.2343111056339776,-0.09385199199670245,0.26003060881058265,-0.2479281640296564,-0.02764076795713792,0.04141594250095455,-0.2607127137210912,0.5201821856062014,-0.04449157592897644,0.1123607855313046,-0.03683843133060874,-0.305724172798692,-0.49348359260715763,-0.4668219515313495,0.7182787702122251,0.4593284148190219,0.01932073289547387,-0.1866171198071862,-0.17041677862685703,0.03708182878506705,-0.2433279034840569,-0.05875089392248814,0.2384369174925026,0.03285238276832059,-0.11105951026789501,0.13602806640023196,-0.17180107243700957,-0.1972614742726518,0.5155309611789851,-0.2574166365120401,0.6457997042746897,-0.06234030350314537,-0.01660265294139909,-0.08249855452629977,-0.06840548854341916,0.6746023764963787,0.580406364213895,0.46604913681428384,0.06380961802404017,0.5962385232408979,-0.11818779455224264,0.47877999741362,-0.038077992372770375,0.22173893804443937,-0.09015933115551923,-0.019150259869973957,0.508772613444392,-0.06885201629980064,-0.2956184602044467,-0.3391363679759678,-0.38595612047681455,-0.4165450681401415,0.03345541470371777,-0.40840929064477643,-0.022761050905422964,0.5409649931713041,0.9999970803568027,-0.027590161034380202,0.14875671045844008,0.35303964094993634,-0.388161961802755,0.03904008489168665,0.20599192913249553,-0.39295940082291714,-0.26246435995532236,0.02130009580878571,-0.39724778038300035,-0.6508038864901953,0.16019099846222062,0.08225318180047253,0.19925070352181812,0.5455117419225785,-0.42461147641997116,0.5107102406857382,-0.5621545168531843,0.5457727601066922,-0.49425391990267004,-0.5221379859966808,0.059811243858044254,0.44196789776640083,0.16097684331451,0.5574558505365856,0.06943074884499942,0.04652636413324004,0.44899400193325506,0.634290067218962,0.9432012650310881,0.087683613857155,-0.5038796253231019,-0.0609983496426543,-0.1415427671464439,0.19716775486876228,0.1943174211746974,-0.4236457487471574,0.42003714738331255,-0.45168083935589637,-0.2606560540913719,-0.08146495996754312,0.10237202480179838,-0.06636572069492092,-0.26362991787929124,-0.11663782845307297,0.4129010423165494,0.09892724286491435,-0.27415152209739907,-0.47375432840872256,-0.04891066653691542,-0.19117770320837288,0.03303295790760951,0.15895256494339732,-0.19423112540229676,-0.29425249458718317,0.02259025408209686,-0.1994335748776473
BigFive_Q3,-0.34731783251391846,-0.10675211204605123,-0.1553349477443705,0.10250962449324763,-0.10748255612847238,-0.14477245018705548,0.28651927663415544,0.13242571146051468,-0.06409249694218375,-0.14041248917263766,-0.03437656723008261,-0.0899067510387983,0.18266021336359106,0.2805038024176568,0.1782434713038358,-0.05656234569780336,-0.13574765245926024,0.07268256076002404,0.7987371058750945,-0.009511973521135572,0.1575233343713695,-0.1480622414568089,-0.12410845771353515,-0.2500250646539145,-0.06557526542817621,-0.06970586840292425,-0.17096750810027955,-0.10896285775486503,-0.09377621506697653,0.07653713054919706,-0.045627418238582435,0.11697345652764726,0.6926964822058068,0.0687931020930802,0.017417803785765094,0.0449336006325777,0.05795405600433726,0.28344080731810495,-0.17460563153417347,0.32706224459270766,0.05937057636617799,0.1566070536387129,-0.13202796435157663,0.8048109885230201,0.6991788418278021,-0.1423681095102408,0.15261461232186818,-0.016566735444848824,0.175824033236805,0.06889793979277754,0.1389364185770337,0.12144327701378549,-0.19065717447783562,0.13218647482825535,-0.20595183589312413,-0.08816451257855437,-0.027213303137827903,0.9999932737825967,0.0323193505924121,-0.21373448322067862,-0.015698422116102353,-0.21442818954555837,-0.3684392678141136,0.06660277539614579,0.11173169097846457,0.20143271115633846,0.6307250632582225,-0.11647013295840296,-0.06778263643104729,0.6818885314872007,0.5522757192893537,-0.0624483509511151,0.334180591415783,0.07345350707016554,0.2524159015320026,-0.045581803057073676,0.3241027356431632,0.458590929581693,0.18534418429452307,-0.09783956049248069,0.057656480852657,-0.07850197868547644,-0.09133407841721196,0.20783526757637297,0.25443809566259246,0.03003375174996454,0.015147904932583868,0.5882157819098253,0.6050148692922591,0.442281345386733,0.3665473321718996,0.22598830898341177,0.6469034735642061,0.49178356403562995,0.06733830760026965,-0.05610590838515489,-0.02962600056327911,0.011615875622197479,0.2766399512520591,0.5176175746767226,0.11490827244882702,-0.06443984134909461,0.14083435936590893,-0.01809048343784244,-0.13943154060826995,-0.014582068948890275,-0.03416783144241263,-0.11116529477635378,0.2255498538177405,0.3482755133988511,0.09206564937819788,-0.01875414437985224,0.04409181436194373,0.3087473029733294
BigFive_Q4,0.22084378200784593,-0.08984621949902702,0.4185366083393555,0.20106980933593535,-0.1344272308337409,0.8635774634906794,0.17864166147328459,0.24541478236419734,-0.051774695221323344,0.8822370422367255,-0.01637188033062545,0.1352948053161784,-0.3092462554261907,-0.42333541193652424,0.4864004612508487,-0.14968528752271212,0.871592090993788,0.35446667976561747,-0.25735476621181036,-0.2636813572212185,-0.152099342317975,-0.1035648954213374,-0.2029401921528045,0.8909164543275556,-0.08018146179311705,-0.21920434820513068,0.5827278983008918,-0.16267619574822,-0.20750202001769194,0.13347647061154852,-0.08284900076746493,0.6884231262337475,-0.21369629592823763,0.23113071722234543,0.7628810537497451,0.48593814312246286,-0.19014871132234124,0.2029016471229316,0.900777556835485,0.09096450876872453,0.24091565558762623,-0.25808657325901485,0.9001995610999156,-0.12379684528057616,-0.2691261123226009,0.8837660019667974,-0.22002009034206882,0.8503207517762444,-0.7937687465670247,-0.6571112830398209,-0.6841301671589469,-0.47398419793460916,0.8524278466016803,-0.561385067086718,0.9008843303539252,-0.08690010598410813,0.14892319282582456,0.030537243268940403,0.999981817997921,-0.22699442471854755,0.047337401289875056,-0.14480053352794406,0.09873605396090257,-0.4304915630197928,0.15076071934886692,-0.011070559785874956,0.040123088886686226,-0.007823552222591929,-0.11155191012339868,0.12010775384553603,-0.061776670623575364,-0.06965590448009007,0.18303595850288182,-0.1627245358575925,0.016461455174186318,-0.097082732291277,1.676145938006232e-05,-0.16381942913303058,-0.037190102067065224,-0.1531886059772282,-0.21768860275883328,-0.05239178054019181,-0.09206069568266267,-0.12548584073811123,-0.14975923679412753,-0.08485268938720289,0.19225079503496287,-0.004035818975965541,-0.05752170790051881,-0.5598557325766771,-0.4936293659031371,-0.4506903260518016,-0.1822976253004236,-0.25363281457962117,-0.12988994993489278,-0.008604242239969147,0.18387981850534468,0.6286024102633592,-0.11089385557849099,-0.1548018448300551,0.2813732570556488,0.5464957579866598,-0.17669519830623975,-0.10578110283972023,0.032662848016125456,-0.108651872340712,0.657329817637879,0.23795452514452378,-0.15850943641401688,-0.20857512893403088,0.1695313737542564,0.3016384039396903,-0.10137760103976032,-0.03638090439175065
BigFive_Q5,0.3151299112406425,-0.1971642591782862,0.005753779616059107,-0.24800629900713594,-0.08160279466361531,-0.215422072157651,-0.6665059437264979,-0.002286488688136218,-0.19849395530533254,-0.12338414051645274,-0.1978407399671921,-0.6474463151435302,-0.2584082059358719,-0.3061744905807351,-0.028494660054416355,0.5028657227419587,-0.19718390332807798,-0.26649067589997094,-0.03835723917986669,0.27201937452084085,-0.11294734259696805,-0.134047017546441,0.4350314558029488,-0.1578015394308973,-0.24936127041102638,0.4376537619052444,-0.2371911720902518,-0.23235535001150498,0.8434957063236443,-0.3687877423777151,0.6439670077112986,-0.38328925428710303,-0.05133328514279126,-0.3107457345911694,-0.40047501799766505,0.11401524292308128,0.6864845867400481,0.25395030300935345,-0.2681571147506431,0.2764827927852452,-0.31859932782272593,0.548140757940963,-0.2781281703107079,0.005957630724861773,-0.09319790755310617,-0.2573092918709633,0.5623460171352455,-0.33803686078519596,0.11333494707390009,0.025955677949906147,0.05028789437424548,-0.08904544469078371,-0.04862129659152234,-0.07853939848020708,-0.21878071379426595,0.38675328817982013,0.352447780338371,-0.21414511544017767,-0.2268267863461248,0.9999999762945064,-0.32733920621642254,0.02978760438523219,0.06029954259091494,-0.057030189606970386,-0.5977349923943697,-0.08360722204240985,-0.27534053645551726,-0.21972069201942476,0.12458855003879207,-0.09122484582232289,0.22673676896130615,0.3627997150947549,-0.4869225422299755,0.4716931003266088,-0.5658999037844404,0.43276313322742854,-0.30231821811110016,-0.273937415767617,-0.22340256362705843,0.8186018607281283,0.0169281011931933,0.717389593842433,-0.03826593004456049,-0.012845959322057086,0.39083193756570445,0.42436724318469177,0.26690434739792607,0.15301788623847806,-0.26191331185201505,0.07599171782243021,-0.02501882905380534,0.5258686563098941,0.3151211569395622,-0.0379237894658466,0.28910374749818446,-0.3786173533346096,-0.4430318970058741,-0.32827169382121413,0.2755337271768842,0.009901756972310077,-0.3736351968971914,-0.2505019908467923,0.32569173240277094,0.18674780602155772,-0.41448570075613744,-0.38727353769485623,-0.35891702773006284,-0.3230285606800979,0.29972870096746684,0.3085475987561599,-0.36542254983779066,-0.3805997095689556,0.22080105830508576,-0.03033501139318895
BigFive_Q6,-0.011815297407175018,-0.10711890706889077,-0.03771739924574055,0.5014314664908901,-0.1875674294189276,0.10606944657580436,0.4755256220019714,-0.15574475789523895,-0.17291746561016855,0.09976648073724204,-0.18691455433197046,0.6200544258606859,0.5116921627850044,0.4907136309934337,-0.0545772328358793,-0.21962081440997497,0.09477355562398632,0.3783218387612998,0.07392373083703546,-0.32633734496308786,0.14954533924457836,-0.14965705862918935,-0.30877398505041914,0.1274504278039164,-0.10872561180679499,-0.31128922966644074,0.308682655101831,-0.07099283828211345,-0.48188987738899636,0.3655908160602595,-0.6376778972602737,0.25782046338070364,0.005480147899152896,0.3140253552357593,0.24880795364327318,-0.15314212092537247,-0.6000355587653268,-0.19797276815537124,0.16195992926212593,-0.29952735818804743,0.2145023572158825,-0.5957139182653239,0.1919206855871983,-0.12724445411711338,0.043841937457571103,0.16586730457855847,-0.6463362133185756,0.23679943371963322,0.11048832929035514,0.34345982025815436,0.2920208903248276,0.4568414789562697,0.004915590314246127,0.38090335993665925,0.10993954109513025,-0.7082249635781357,-0.4092100697084756,-0.01500524800404636,0.02976230331773526,-0.2666339876248115,0.9884845591228295,-0.2231471169860924,-0.03136306272097599,0.5056799748363574,0.4581148861410526,-0.09073968082177476,0.23368578093808945,0.36167230216287355,-0.24563496101478366,0.10889732750660094,-0.3184455539952036,-0.7092188096297032,0.5583136383021684,-0.6970225398114993,0.6025484663185532,-0.7115294443457011,0.5228110311923236,0.16615250449644056,-0.014795189017271913,-0.3429066201176366,-0.21419402692992565,-0.47321950037526644,-0.06516332035630418,-0.040307142949867675,-0.3627799673196127,-0.7073981342575933,-0.47122659538484896,-0.10094113510550637,0.4275084803668178,-0.13201897308782704,0.045738712452739215,-0.41834038144586644,-0.2755480387801616,0.33132419893228865,-0.574363607044925,0.718051365165151,0.5359901405385321,0.2726561684817083,-0.2682475092882459,-0.29859090848494185,0.6652965976905284,0.33535685602327486,-0.6067908232822887,-0.1665859364498658,0.5636376088908593,0.6112554079868906,0.34574739338847227,0.5708857986164171,-0.31592115419685574,-0.35565883305671353,0.5651334209971963,0.6134903505994889,-0.154029136133237,0.14410487705922745
BigFive_Q7,-0.23963157339931682,0.7203014493283935,-0.3849613272500801,-0.6922005781230733,0.7593792118867959,-0.1331096077676272,-0.46242858236498463,-0.1862923259864359,0.7091263120889991,-0.07833614384438717,0.6841247973791817,-0.08707204179128997,-0.31540512493491774,-0.17696841753673326,-0.24213287758374097,0.13810832344669047,-0.11897424879831842,-0.6531753509353699,-0.018152084459987547,0.5802673783299233,-0.09445447794116422,0.7323768285346353,0.44000867558215123,-0.13985255773430894,0.6617549402056299,0.597699789967361,-0.3893832036720736,0.6372099176181303,0.2102734934117781,-0.26950686545245783,0.2027493894046727,-0.25287175678324286,0.093159673677398,-0.33843220964255316,-0.15535074107668034,-0.2134483354373962,0.24779891693826003,0.1769912496913626,-0.1344112255720147,0.19647879878871222,-0.467994176577756,0.31530750401846785,-0.104708218299887,-0.03460280691006408,-0.0005544578384375221,-0.1484828648284503,0.33915912024766864,-0.16400370108060397,0.10425807532385314,0.08674140457712633,0.09472391907595155,-0.00897821528758179,-0.10959009998263311,0.042800950254724746,-0.11711136867704389,0.23158836756330295,0.03772044634307866,-0.21412485072458126,-0.1438361462483584,0.03150580147544743,-0.20252625093939866,0.9999414286614723,0.04772085952553359,-0.026139508184770552,-0.20451432286814414,0.38911300666308835,-0.009634828075037592,-0.21931288968788823,0.8018245969736577,-0.013808547059401065,0.20699748332791945,0.24168085136718193,-0.13495344416524307,0.25990148396795576,-0.1729263636753731,0.23892609867446418,-0.30822269108318007,0.12062642595829567,0.6876646445823151,0.30868571497992214,0.6897366749495689,0.38631022071167126,0.9097517970833695,0.4932027606821645,0.4490764437637018,0.2071546825587725,0.0544593968096071,0.15387706100143098,-0.15172250018517597,0.10152684832442194,0.006494978579734502,0.27103134085908276,0.17717245136682885,-0.009101207027747707,0.16017786209059168,-0.31232424146319004,-0.4105494355826581,-0.20177321399144496,0.0968212733966003,0.07328781408244722,-0.5761256322568902,-0.4887285078826422,0.16439393654909132,0.6369764096749281,-0.2853553477299281,-0.2635998767543867,-0.3875045686318529,-0.35852087640115154,0.2542440549390169,0.30457173297189366,-0.302615749725113,-0.25032480661184087,0.5656929402365687,0.2690838473748945
BigFive_Q8,0.26861915467246456,-0.047550399376786456,0.5610464321117885,0.10924398674420382,-0.06324187439650149,0.11921811866459946,-0.10378778585593226,0.09229140999508939,-0.020435910506853033,0.2781488630553932,0.000823512116693792,0.10950776985934477,-0.2676640978096629,-0.2792786938887798,0.2564219848095876,0.005322849813824012,0.060792356305520566,0.20008205883827673,-0.5722525212796095,-0.12615715343444217,-0.0962563056686076,-0.05621502295078852,0.09370277684282978,0.22795750982326468,-0.027142291348715944,-0.04250957709358097,0.38266702394407276,-0.0644816784289648,-0.025944397165640728,-0.2128614491881366,0.04683420907942967,-0.025381108580050025,-0.38007528772232474,0.1467965373288158,0.03033488165650395,0.2710206086198417,-0.055105825303311304,-0.06076400671653848,0.27035524238113917,-0.008686095579127126,0.08935749129125162,-0.09523496049659823,0.11369932162978516,-0.3538742060863025,-0.5150457296385306,0.09834428487396508,-0.0848562525745079,0.09504809093046981,-0.25174728208048736,-0.2755234000287875,-0.2932626071773386,-0.30897278900823655,0.24547113638670454,-0.31628049680909104,0.14665033080038214,0.15392496892091012,0.1898275845830517,-0.35896603055138676,0.07965634955009103,0.05139618272813411,0.016051037712893235,0.0555864674315282,0.9977767703743179,-0.29608858975963886,0.16081376008647918,-0.13798470598665868,-0.26884855202595614,0.0685568548251046,0.03351218725147914,-0.2641487129306355,-0.2934540105261325,0.12596536336814895,-0.13561245322313392,0.01346737018475333,-0.10586299963237242,0.11357593278985324,-0.07831097367092095,-0.36607925494862636,-0.05151863196985812,0.1093448299755069,0.005189446165486056,0.09564041017987958,0.03477708594338058,-0.14665703843924935,-0.12195238326694084,0.03672890742392769,0.1986578760071312,-0.3512816253278649,-0.3914960186720673,-0.2722760097931624,-0.24902929172608726,-0.2059780269965858,-0.3866765328503926,-0.39526501084581056,0.021567773918086938,0.0672714627018475,0.12796173697684665,-0.07547282840299327,-0.14355722320179398,-0.06336790188306289,0.01961369235614248,0.11911425339763876,0.04033938940018361,0.004252152796476977,0.1372987454192746,-0.05303496404081082,0.08641302801836198,0.030861895339825487,-0.07094096479011026,-0.19672456073016417,-0.0007224424297939194,0.06771415130611487,-0.041179415158045546,-0.19885948980090867
BigFive_Q9,-0.24482008905964286,-0.014965123479764628,-0.4086308138772728,0.11207292422362022,-0.0017075534254724772,-0.28925970867557477,0.12875351906854676,-0.32216269522835916,-0.09403885334778664,-0.3434559972732875,-0.13224478729886807,0.14639932429415192,0.8404518144624764,0.8240094490406173,-0.4656588549873176,0.04187396470489539,-0.2649023084028521,-0.11381630467671328,0.4598689895831365,0.20932233606647416,0.23882520110783031,-0.03224926138027159,-0.024198673734045495,-0.32488536228274967,-0.08613080887086053,0.040726010643475405,-0.22264211839800924,0.002776912899084036,-0.07322533028428062,0.2465492389857157,-0.30499679676659763,-0.23833295534432145,0.44331449767094167,0.03091681134455289,-0.18044903679326704,-0.4837570124832766,-0.1610702679024211,-0.22698831618000156,-0.383579325230365,-0.10649996192570721,-0.06300427031962239,-0.07688620609654723,-0.24438936122300292,0.1648610841953456,0.48798305407738773,-0.2537129629922178,-0.10617133047670858,-0.291682571301569,0.7598177709680584,0.9156293316366919,0.8845801450690005,0.9756754840749355,-0.4582494193992721,0.9495376532141011,-0.29792071528288344,-0.415644948752083,-0.38815549015339934,0.0618737838074372,-0.4255753700847605,-0.04990646288292225,0.4845357429237063,-0.03482441805682594,-0.30775086466088075,0.9990777209267545,0.1229049308811186,0.15951458692798232,0.3129485151372777,0.20433779979908182,-0.13634554636421908,0.08687993083212801,0.06947080289755686,-0.40251812785034513,0.3222392038321941,-0.24583751970561815,0.48126630413168925,-0.36758294633178545,0.515968749226783,0.39199463438518034,-0.02066690778718823,-0.07825714066385359,-0.044919389986418146,-0.1946211048616799,-0.0754155125883372,0.10568758581519008,0.04155499870774547,-0.37517284039661924,-0.4761985340558441,0.19840828761816093,0.4550923553940683,0.40510498720331184,0.6027225011383157,0.248493366494408,0.15519581363132856,0.7019205982462144,-0.3681285382161855,0.3973586024141147,0.19042506556208583,-0.06384291228977824,0.21797333444225908,-0.03320027265194237,0.1523556422917678,-0.16096594486414492,-0.3258313006477784,0.13494858443838123,0.2692164211201086,0.47226980462762125,-0.20818850458671367,0.149216529340133,0.15730974724312757,0.12964195240245485,0.12877927753776847,0.23044086599025043,0.13814442097090857,0.4718834732751297
BigFive_Q10,-0.1624108188330418,0.013184558388472975,0.23922304518285425,0.48375606263811716,-0.11197503988523158,0.1784163238046036,0.6543287869686291,0.02813762603336567,-0.029280921298491414,0.16662823444443234,-0.03710987523449122,0.7585681237694536,0.328988296495808,0.2750493631014723,0.17702272097191935,-0.5202957605572782,0.1585947205890782,0.5296547149274888,-0.10183605840987389,-0.4430686367760042,0.29334893809684137,-0.08519294105364508,-0.4048576015876873,0.16239335851970726,0.02036490570768934,-0.4342792347253504,0.39178107350425595,0.014225185338652198,-0.6482690717991724,0.3853680006421497,-0.5542345237557865,0.2371709789338459,-0.07348755337320695,0.3334453227020711,0.2690436225499682,-0.03732360450101842,-0.6007427764051366,-0.3526254188504573,0.20858993763759498,-0.3585505910493225,0.3152776937702679,-0.6022129197527418,0.23091913163648964,-0.09869879786767687,-0.07705392012510828,0.20573077968311454,-0.6334596645941745,0.19900491189291264,-0.09612231716314684,-0.02116457304973399,-0.028738203833464298,0.10615494360945522,0.04557362851564449,0.07004802033358748,0.11245186444144646,-0.412125615339211,-0.2624287924975225,0.1083885601071504,0.14965847990713482,-0.5959466498412571,0.5018421348328049,-0.20188493005695943,0.15239628130839084,0.10911810387675246,0.9998457963073725,-0.03493658323971585,0.38388807332292796,0.3078395022880371,-0.21751961570911907,0.08159704252572036,-0.17833009725631152,-0.4121094184806632,0.700737884739121,-0.47350746158150847,0.7508660210368059,-0.4303269094501072,0.5271236929380293,0.2593137249925082,-0.012376295502442361,-0.591402421406409,-0.2204420471085591,-0.6055471656270834,-0.09333893568580381,-0.031034037306383044,-0.421031769747791,-0.4715532357354337,-0.26400115082960607,-0.1065937005164319,0.4121682076350192,-0.19959782044298666,-0.05600463297371759,-0.5893976937363465,-0.39632063018603214,0.16356783936196082,-0.439951616874419,0.5292536850915319,0.4898872387766966,0.25703732915828387,-0.21476901365613416,-0.11277008906351363,0.5363442201296179,0.3589189044591958,-0.4397739731570224,-0.38263573873264956,0.5773425886198031,0.5316831525274022,0.40194216346253103,0.48982888864637675,-0.3764932764137098,-0.36921598775838305,0.310490800423076,0.40964006350962356,-0.3100267668604493,-0.08214291856529106
SelfConst_Q1,-0.0018956518192070615,0.2004360446611563,-0.3861599163928138,-0.4651612859774225,0.27997814933688797,0.08811154130631299,-0.6970999365223524,-0.19232633806969873,0.3295825816138583,-0.02903784458223279,0.40827843287185156,-0.4041930304537037,0.25843330840063716,-0.3033352294278606,-0.22383144033385666,0.03563393865426843,0.21555082700394157,-0.5048821985545835,0.4979017117462296,0.42056285773804697,0.12691029562314982,0.32627423911784237,0.35046210790597343,-0.6365074060878351,0.38838596469440334,0.10354517285284001,0.13510288884300614,0.4294721225780342,0.37945731644889047,-0.21031464533193758,0.34928734586057764,-0.1852321239658015,0.43100332914174844,0.12269368992341295,-0.48436239925181934,-0.3368164189334277,0.5825965885326265,0.16729939873675018,-0.4243044991632079,0.17365495004847267,-0.002850979998657542,0.6216694463369012,-0.0003616992739293029,0.04744019155927717,0.4157324815279364,-0.13676719864745196,0.7097189169619337,-0.2691978012813805,0.2586456273263816,0.03386698262224831,0.403165414867276,0.3324302546378286,-0.44680107982102946,0.36166830888436896,-0.5626580645506102,0.09836834605573609,-0.2535897207765634,0.5263559366517766,-0.7435288956773791,-0.10757646297842577,0.2079894213453272,0.3289512450677959,-0.41941893494730215,0.6266944571792179,-0.02218672796988254,0.9999999999654604,0.279981594123734,0.08866736071845123,0.47578447979556543,0.18909167820398087,-0.05696643342249064,8.494968820797755e-05,0.13611409773482588,0.20766120580013048,-0.10070492486045601,0.17425883893607738,0.276626703989352,0.16840795703244346,0.06947822412951832,0.10794820324476566,0.10668473632976376,0.025222167405095912,0.08462101163255861,0.2869050280874678,0.03613179583476607,0.034537592810588505,-0.01514633420853953,-0.05697057403607571,0.26261386910702855,0.41254111424529194,0.09609709344054396,0.6659878922610214,0.615458710338548,0.6656636322702006,0.026945695633375982,-0.3200879579226854,-0.2344468419662731,-0.10420273023474,0.19329032593314388,-0.07470505228781985,-0.3250666456183444,-0.19809441785991058,0.11912993382675412,0.10187756122497602,-0.3429954122568257,-0.47192148538379497,-0.16613771150824502,-0.2829142963243725,0.17893829159749564,0.2585665113922043,-0.11313245384433725,-0.36236475702916326,0.13865614623756817,0.3586254805611201
SelfConst_Q2,0.030228564805835273,0.09281147328368662,-0.2491216460411638,-0.3005183772437479,0.20589673762637262,-0.033852155279831916,-0.39063653937750675,-0.21401888123398716,0.1824972035773494,-0.0737590503022259,0.17747252257298599,-0.28263252199972405,0.09837954061587767,-0.08020780476898065,-0.020493345452234468,0.003100437144417833,0.08469311952605127,-0.2918348900397732,0.47668833113805975,0.26175924034793396,0.055904490020175696,0.10427529964817897,0.2732765431841724,-0.3196039578108056,0.17898775343078915,0.11574745165062138,-0.03521251540302458,0.09460647739851613,0.29084959751375417,-0.22174333110515215,0.1214429056536807,-0.18151674462207934,0.3681587665274554,-0.051537431022228984,-0.418284161365538,-0.37960429897271053,0.26236696957212546,0.22445555208439114,-0.36427296660523006,0.17058826279854972,-0.10408934408956952,0.2913782695249264,-0.0023532759104717554,0.12367358036393042,0.34923370087401173,-0.04208454725146865,0.3639754998568747,-0.29473214654686575,0.18506949502922665,0.06544368698430576,0.18245448818248616,0.21517658535609685,-0.2095382199786262,0.23668238535903852,-0.19721233136774072,0.21327089042302655,-0.18174833296664064,0.662226521761539,-0.39159028509656385,-0.02981177128021335,0.10918355130673106,0.14920435164846785,-0.42897334776108104,0.5086971146413861,0.04057974532248482,0.2800064649539874,0.9999976559035754,0.09088583466545275,0.3258971119744828,0.15769093605551773,-0.0729476683901518,0.1956603833482931,0.18542957665919552,0.34395483866796006,-0.11818188761575268,0.2887110050997828,0.17729776621078755,0.2342700311808587,0.2946769456700597,0.13558330655713127,0.062185121493797166,0.17695713424469364,-0.13683099668522225,0.17040716148519708,0.04458528471684847,0.0487296851095398,0.28370994472919775,-0.12031076497730107,0.24272300356397505,0.2103821542725546,0.1138368439880645,0.4680984429057099,0.5099775509050838,0.42180427776387275,0.04861720049575361,-0.2364394886860353,-0.2329045250292258,-0.23731129087471367,0.12631039677702505,0.040559262334905075,-0.4155200745640344,-0.31170368330229814,0.07058720874258921,0.0903985642131314,-0.35417510965258625,-0.3629018922950454,-0.2770936448735966,-0.2652133095514223,0.08069931418266944,0.04746065386586136,-0.024335639611550837,-0.2213720883127109,0.05914472187786188,0.1911321253429108
SelfConst_Q3,-0.15481417650782114,-0.06167262947129176,0.4658759743621359,-0.17809492824191814,-0.1367967314643039,0.2778797106396645,4.840360625976009e-05,0.17753117404726582,-0.014714998938097162,0.16767539067302242,0.07190147734446277,0.07560050495757636,-0.1322070865638757,0.13326247180095607,0.3976358048101345,-0.047709043188120914,0.5413460759521151,0.13640244926475167,-0.19438712673277214,-0.20768240859999643,-0.3252947536746822,0.04065998064956759,-0.1406426133739378,-0.018490258971969445,-0.020458408359460944,-0.0927227729060519,0.26681017929331297,0.05863275564566955,-0.3339432221284537,-0.018697857316041927,-0.14077665213012905,-0.054380379900359765,-0.3053881472458681,0.31693914577438687,-0.15463691666634566,-0.07845492810541965,-0.2404975088044444,-0.26550964857002524,-0.16984981957857898,-0.15562668943013755,0.06456343042273555,-0.19447258050180125,0.21475273653186136,-0.39695904988646435,-0.12437454693551375,0.16556138433627107,-0.11838352494638452,0.09026302940432027,-0.18839782249981268,-0.2555149910755193,-0.2332490715773814,0.13852419121964596,0.3076594462437422,-0.06647676648982193,-0.26012370798941864,-0.4573369171158876,-0.17747862467236403,0.014721990002327144,0.11876077772637288,-0.5202314503206981,0.5726522262609368,-0.03690159923903681,-0.2272991608860685,0.18268223980027426,0.42624015828487166,0.08879845655056057,0.09104329750032512,0.9999997738655957,0.08913595460727665,-0.13777635753541748,0.04981563345874452,-0.339441114190565,0.23135054285047496,-0.13939135057569038,0.08343810279696467,-0.1923838693246916,-0.0234343984951787,-0.1091872202430145,-0.0765837255507517,-0.25085843467950175,-0.11579191416699491,-0.3005135072995332,0.208858620609496,0.06000790178801862,-0.006024283953601134,-0.11504381480262388,-0.2275673620939215,-0.02069695860392476,-0.10227959421909984,-0.22114693023104287,-0.12019512380970679,0.10339969070283728,-0.0783604972125975,0.023169532057112606,-0.0691088100683639,-0.17179274117322124,-0.10332678628920547,-0.13386585688985558,-0.02192934636789884,-0.04227941790203042,0.3007353852214192,0.0588510395343792,-0.18799986774060223,-0.14832243105525472,-0.17701776523754492,-0.19325462743481175,0.04207808160383342,-0.3089774004321484,0.1160136731401861,0.2756218024125497,0.07902499507646825,0.3868287408765051,0.13772634365186504,0.08198384865087274
SelfConst_Q4,-0.15902302297078166,0.6471079843531966,-0.1952207892822893,-0.41434109199514424,0.1313203984156176,0.3855953144596813,-0.6351917797061934,0.16778552639256766,0.7691864106643926,0.3137337269260781,0.6820796224358898,-0.11495156218266897,0.48414661513035895,-0.12611955540379222,-0.2183423600600758,0.3397212348857597,0.4679442448788603,-0.27586283114189397,0.4186278501085052,0.31442135579085007,0.21733327291782345,0.5697371439777924,0.32743392574734936,-0.2174259776819726,0.7674641762098665,-0.022296711032312087,0.38950648503794305,0.6648840256549178,0.1956392060168772,0.16971065156303267,0.37736556124254805,0.13726095650077214,0.29134547428049207,0.2673150922868356,-0.28043839983652485,-0.1936460436420426,0.5299626153663963,0.03377826202053886,-0.16945932833249067,-0.041213502106204974,0.24848091102078662,0.5863151515091396,0.26767795564492136,-0.0759283568724611,0.3138828085931106,0.13545383680583073,0.5428401230287019,0.06010706421577541,0.42729291305996936,0.43518726788693013,0.5843174123728263,0.5742793593141211,-0.05668680445235226,0.6079261180419437,-0.3789080650430853,0.16293315234590144,-0.12183177913781695,0.5740441597106811,-0.4893448187485379,-0.22561904264000654,0.27052043138340776,0.7584067241706759,-0.30344723585798017,0.8091635793246466,0.15736513580875378,0.47601060380993937,0.32628346048603524,0.0898343187577706,0.999990476549226,0.5861906919610503,0.12423814433898493,0.030629823485248342,0.21615100210903188,0.07810170377932386,0.10367522965057838,0.21529345424682195,-0.08351526243715318,0.328067890867068,0.2249038517152015,-0.04557090247425226,0.3273577148801416,-0.10810593562154508,0.1343517682439339,0.14474982019724553,0.12436457560498008,0.0485107506640227,-0.028738337312194093,-0.057679259808979526,0.46258152248202916,0.44615243094230217,0.4738601755899209,0.6896395026044038,0.5126402837341756,0.4870665467198734,0.4051283967488085,-0.03597627368444521,-0.1509616696054646,0.08746739222647334,0.5362160238480859,0.28874214380855817,-0.213765045037891,0.023844729423526386,0.34972464966272665,0.5513564174737609,-0.11426618423330115,-0.3674056444567655,0.05501100211005511,-0.00515696549174215,0.49546977153710087,0.4548576082871082,0.16259305156966208,-0.1128660480740306,0.40961262513675595,0.6033986581504984
SelfConst_Q5,-0.15900034647132916,0.48206369217388967,-0.0952867537655257,-0.1571131260991876,0.06214199819291028,0.38120462035591146,-0.3938152816504723,0.2461902911128373,0.6399826330697261,0.3767484850078308,0.4764577292259792,0.04321620044197702,0.33781928654777466,0.03986001671787699,-0.19493005298207056,0.3389486294443809,0.25494262003382306,-0.1289083066572595,0.23708825409825118,0.1404903924737661,0.33080786966734077,0.4604153140127309,0.15945446130132362,0.09025963089575709,0.4889387655428088,-0.08207361754518125,0.2962291371953181,0.47858779676624996,0.11784718479329769,0.24505894754592733,0.23755568379259634,0.24735820896973226,0.276050674848391,0.2591317931522999,-0.007716353103499218,0.019810679162638553,0.3654877912577841,0.04605777659593151,-0.00028523216626205605,-0.05376036809126399,0.3576443074092744,0.3189708169594503,0.3155743743660834,0.045567006013978964,0.20194387262921953,0.3917445110184333,0.23267452259513144,0.14697956818400773,0.39515260300575383,0.41720100095300977,0.3942494354441939,0.3773054282138654,0.14006710181870655,0.409760977272418,0.09998074656898975,0.1051870315638814,0.02854212609267942,0.3138032955087823,-0.16620363190411347,-0.09190140821895336,0.17043369094354782,0.6404061293580912,-0.1758349854909421,0.4465665397223918,-0.018073662263174806,0.189091481388739,0.15737626514297778,-0.13785164711505693,0.5857951507355748,0.999999931669212,0.24751302127153085,0.06493568753565201,-0.07000580730831639,-0.10978912545225342,0.09463306936099491,0.17309264728999837,-0.23572313488934632,0.4654283423787899,0.095046090714128,-1.122892372946993e-05,0.4920300416643063,-0.023095607639481402,0.1162110447002753,0.11644620011729181,0.4024731736415195,0.0353317215030888,0.032901353935228306,0.09386217460473437,0.6261445966653837,0.40285333944958496,0.38339067209734584,0.36688772613336823,0.3194109657374846,0.23464602046424876,0.23251328784764863,0.06747573561238632,-0.09222513818847124,0.3293449009544278,0.49030256505696607,0.24597217268802601,-0.016566647006373378,0.11907321574191677,0.18102469236083923,0.4542504324160116,0.08836364460594578,-0.272375473043748,0.2525047002338261,0.1851451388449863,0.2512183717874822,0.10624877894562049,0.20323989718674063,-0.1738253658940071,0.18075497976717264,0.3623232087696802
SelfConst_Q6,-0.019396669107005944,0.15621641009800022,-0.02153786871578727,-0.14853655361612747,0.032020916859807444,0.2753625504339428,-0.06325553633205261,0.24717914616214037,0.22210674553381005,0.3004115736955278,0.2789047748937518,0.13522272164758564,0.44425068714825244,0.17532872827048804,0.12443408438720183,0.3295620170613406,0.1015510911936843,0.11651826386377467,0.23585808863969798,0.11831962682629034,0.21232151221170403,0.19356429283472573,0.09116075280882181,-0.0075321881008438285,0.2199690489829958,-0.009713661102694275,0.24763357751511023,0.2452583576317466,0.14364283656943877,0.27528967451234104,0.27903844546535117,0.27473988619148704,0.1879499105051515,0.25665014626921506,-0.17981894039801902,-0.059991035553704046,0.23328355947088586,0.058525670379547215,0.02783698107459133,0.050547644565180065,0.2757443035081064,0.1937671170693568,0.3404925056760806,0.25783515122799894,0.20166471599103591,0.17554446435505588,0.20977243035910992,0.15374853534959473,0.2364704557827843,0.31444782496276225,0.3933975500545817,0.48824239800277547,0.17095304758180002,0.39623971787698875,-0.10195388538972652,0.2262141958875454,-0.02175624602679528,0.23062908931276188,-0.18335108969394517,0.053528576671053416,0.2923833342166297,0.09849944196241486,-0.009241204518704336,0.3250136819498376,-0.10656794902769208,0.02702941758820876,0.05191930315655909,0.03581148832263687,0.23967298756937983,0.18023406986272494,0.8854314399080041,0.2100051904906068,0.02702483275544143,0.08207866946028894,0.002185851824648831,0.19021655465818507,0.17862332810727444,0.09563220637622324,0.09164499018090465,-0.010515780190403067,0.15369217528170992,-0.10065189070276168,0.21621406315383784,-0.02789386098289576,0.04158879419730742,-0.0668912336087526,0.06572710228831449,0.5665523345065224,0.280782920142534,0.21323950879590076,0.25827473214017616,0.3734926556145627,0.35284220376764985,0.3937179220457618,0.3245427110666168,0.11083257913200073,0.0005772983372684254,0.28335109159302474,0.2209075911458259,0.13548708231345635,0.25737060160313685,0.21240571665694233,0.3038327803855855,0.19097259754527687,0.03448945642142209,-0.16985214601281817,0.23306144486829403,0.11163391834959871,0.3132240773380663,0.21064168113751927,0.4818192358639476,-0.10941027924097395,0.2586721748871018,0.278543229630426
SelfConst_Q7,0.36847106368706545,-0.0444364338890821,-0.5324417381038044,-0.08619793717822662,0.41708783900957297,-0.07103223792010015,-0.1226928091405339,-0.13428731714127204,-0.01743987346518449,0.009236165046974817,0.005315771079230189,-0.032473908829316445,0.2711819623442995,0.02850018161145132,-0.09405718478614912,0.1629336868394417,-0.2933053896976679,-0.1224320752193806,0.5723093855805685,0.510903371164705,0.3094945242533378,-0.12533472000180937,0.475730322957868,-0.10220002864235117,0.025357932393264747,0.26132527649776166,-0.23379500135856293,-0.07517125181494418,0.6659876101652722,0.02202858517072458,0.5440495338964947,0.13899610528309614,0.6032434200740007,-0.39507397724453025,-0.06478586542550145,-0.0094314181045356,0.5424308503202921,0.5494325124908812,0.19722803839572736,0.49083130579998613,0.13021489579176337,0.4785474033106315,0.10239579822779743,0.7287266848737236,0.6229313059393128,0.163836362813399,0.4461664078322781,-0.03949955375348957,0.4643954267043297,0.45871037912467194,0.4660792800798074,0.12039970037147339,-0.14807292915940565,0.32738356609743424,-0.016922058885301114,0.8210417128554799,-0.046530008209234384,0.16794752897855916,-0.18538479229765017,0.6736818649526477,-0.1549574308487855,-0.101224180724355,-0.03591790832984203,0.06357913665265981,-0.5005081458405514,0.0010695489094052907,0.1898395295602422,-0.34530867195167775,0.03047636747046452,0.06104745698285431,0.26001812616670883,0.9993071690829369,0.005376905109190533,0.3513198990992995,-0.10460366104495748,0.4266165254699946,0.27938386935665427,-0.008250415004273565,0.012385154579831775,0.4372567999800142,-0.06183092915249347,0.37154640484182466,-0.43621728740425414,0.01070414319163459,0.167056408502949,0.5620523763505006,0.42641095970150844,0.3836581521647593,0.15298525152255238,0.38033846062513543,0.27187817080090493,0.29050261789361587,0.43675756723349024,0.3221933151344971,0.16273784198429608,0.1773464427542896,0.05022131953659406,0.13258222145204202,-0.14067518603988755,-0.13262545015893684,-0.07548585048509174,0.07099424359758719,0.4214376465430562,0.015709093509801195,0.05737530024970604,0.02620021760326674,-0.006207254023970127,0.167517605807514,0.03589115058919415,0.059722790439328766,0.4514635333244573,-0.2206918431487791,0.11642573575396961,0.0799064051214908
SelfConst_Q8,0.0022265243681179915,0.00957556102593135,-0.001683124193369842,-0.15435032561516898,0.04370976070733937,0.11387006350128773,-0.15055647708797457,-0.009396102504962298,0.0546091155013263,0.11161639272228767,-0.03440615942003794,0.08575680001226334,0.11632461054452738,0.004590474415209475,0.18684374266043705,0.055581077159237054,0.32219168932810216,0.03267276979837875,0.1931634560494001,0.10509284832691743,-0.13102696751176493,0.03354953125564525,0.061520095114598945,-0.1106947707352645,-0.0013416207382553266,0.0983006984352461,0.12591977163977888,-0.08907571940501474,-0.028944308561330352,0.005662211610929311,0.0867055853910626,-0.044710379598928054,0.12492545625959073,0.1743916934607236,-0.04427247361361235,-0.01353239571226765,0.09287135003618248,0.08132858858640685,-0.10809725696612073,0.15335182152695714,0.2386491329600971,0.19086536220819378,0.08974422830960935,-0.09061936117091929,0.12671686078898725,0.06068212035228587,0.17065071762929632,0.020996070446244127,-0.04522486193469108,0.04119271668715604,0.0993718750220709,0.22079756096944253,0.05746182248103912,0.15053889732014727,-0.2552981053249525,-0.01883921659124145,0.03402819091862733,0.43766168613744283,-0.10274530607621861,-0.3346270630344343,0.5181621410901562,0.1547546832753689,-0.14700800148808502,0.44907707372273725,0.39464595924334545,0.13611392135509273,0.185794340233158,0.23138699391325113,0.21575681690119386,-0.06997692025455832,-0.04222899496450819,0.007559746905786924,0.9999999999738757,0.023738352816054756,-0.007473960613420302,0.10713263403689918,0.10051812195891649,0.18478483099025633,0.4014156112785901,-0.00693719252700975,-0.06682992577433128,-0.055189748500336325,0.15609782205484102,0.22800160033147024,0.06525126260882466,-0.01130748573792785,0.10873967972816381,-0.12311685576150878,0.30903947126946335,0.10423146843253794,0.32861666060907646,0.3505387009126975,0.3158915577464006,0.3255478836931166,0.24572747691095634,-0.01936703451208821,-0.07393878228303782,-0.02939602807287873,0.15913561732318338,0.17236071507429698,0.072400987415375,0.0545148692642686,0.08809808324022307,0.2586921986579037,-0.00952248712903262,-0.0939981226220496,0.1047945180282922,-0.029507270843367808,0.35366611123180336,0.3588654190686583,0.12809391339614234,0.2614858450673101,0.25935927830549355,0.39124674102183415
SelfConst_Q9,0.28649512957296686,-0.290346187779272,-0.46052280337869744,-0.27730935471536117,0.24316222472854138,-0.2548652345789616,-0.17080920321533083,-0.2918155032309961,-0.11842802372274072,-0.1887194238800185,-0.18194663440844222,-0.25581970095925455,-0.02108721235444995,-0.1887652156585269,-0.02760367468358535,0.003514818396293931,-0.2389051764220397,-0.2662146252894611,0.4080630528542122,0.2183917754210648,-0.021022516835939392,-0.23159107479806948,0.25031779952924027,-0.27377120111940967,-0.17642066801725315,0.2282867655263101,-0.2958572672339462,-0.2604016585926659,0.4147164593280602,-0.21786719997037962,0.2637722159986834,-0.09794852295765161,0.4336602326601887,-0.28501481669561357,-0.4035289594703103,-0.26123058700554624,0.32486825440418543,0.41067018080796236,-0.09136417785557195,0.2937232581735747,-0.2567356380391375,0.4128316014133279,-0.04521644738744308,0.36450569118918275,0.4966050194137289,-0.06554698936916165,0.36861734157717624,-0.2867350491961676,0.20191200908071724,0.04160722961380656,0.2593015048000629,0.00935299873707019,-0.47371097102949944,0.1460615763205055,-0.21411609679024635,0.29615236687111773,-0.05026386846586924,0.14904701469820275,-0.28527398377895785,0.3603152194664422,-0.10766659239778564,-0.1500481459785848,-0.19825297232369382,0.1357021006960064,-0.1220262767823444,0.2077541395714563,0.343575429583054,-0.13889959275071406,0.07890936639141502,-0.10901274256361879,0.01406667266167368,0.3553483318133699,0.023727193601979862,0.9999969075733051,-0.24827677595039577,0.18165963965605242,0.3041136743403251,-0.01752513929612287,0.011235800902219498,0.26623886426947674,-0.2828923805435194,0.4784595159378163,-0.24723427196021727,-0.03618982521297199,0.06438323743470123,0.3064518739221731,0.13612694884290769,0.005546021296174555,-0.1420854530224583,0.12041340886697044,0.0069730921831322595,0.35061826500666765,0.4245473532180528,0.31781737076309247,0.2677356354967304,-0.20318870892699586,-0.07777841334591164,-0.19914738713281405,-0.12238942427755078,-0.047646458887408594,-0.10514247448474251,-0.12455140573149481,0.3599850281185605,-0.010504694926241898,-0.11828009037213205,-0.11781510859447222,-0.31211049903371846,-0.22701506167862784,0.13735116155474583,0.23809720065906279,0.1425846718502034,-0.17889241663458233,0.12005374818046063,0.1029976790483236
SelfConst_Q10,-0.1489583968038567,0.40072642771732536,0.4265484794957873,0.10134104093536725,-0.13747486576955037,0.39963298502602707,0.03388261525694053,0.434342876260582,0.4117429411410319,0.39284321960554563,0.14236819137560863,0.35161087119728407,0.3459472882012068,0.2862362384867867,0.02525012406758939,0.28866898988224077,0.48641272205830755,0.17603658712210346,-0.15035369450980388,-0.061733925327851505,0.27719226644462436,0.393001075410373,-0.07139988014183792,0.20973522748729084,0.27360017258432645,-0.11625829671579983,0.48929713570792455,0.1847719749530671,-0.24621459181705752,0.34240436575237965,0.018631916082368694,0.2992889303019929,-0.19458928956994093,0.4422498980022767,0.15142761797444684,0.2613164664719818,-0.11175987108912999,-0.06784315544430831,0.22178997806994727,-0.16360950717105516,0.26942912544389996,-0.07130709792407389,0.43233072726030286,-0.24693947902298444,-0.2001517000955622,0.2731404140182014,-0.0969498808238276,0.4447001008176651,0.131402299963152,0.13572259003809087,0.19192191871744327,0.25413346560963385,0.43385529705131753,0.19535418931597803,0.14635372494787366,-0.030753097408907568,0.20232642067502826,0.09968333568682664,0.15806883650439332,-0.260631437103002,0.2460898169606746,0.2977479987576557,0.029984655673649635,0.08340647932526399,0.06237636575090273,-0.10069155840952021,-0.1179870927795009,0.08344032158656517,0.10379996613969371,0.09470970707112994,-0.09823219700614418,-0.11651612653655334,-0.007474347594451994,-0.24792811830366882,0.9999999681564781,0.04724558948720828,-0.22260424581926286,0.20587213854892059,0.17999795103989635,-0.20094545484650905,0.22882758923765686,-0.3276027312252997,0.31092502817263723,-0.013009732183643985,-0.03671507073346521,-0.017841604012715343,-0.2539121780292607,-0.0172846599202587,0.08357938461607055,0.17859482360246914,0.28800680338277446,0.011163363585969664,-0.06713130801719602,0.07996208894453623,0.23213636882110622,0.1655167429759537,0.16310014453876895,0.2836205850354681,0.43052739824731345,0.36810572512219636,0.2762216752285218,0.25361787320080115,0.15102733752691988,0.43082566174854225,0.11220756591654038,-0.0659571312413123,0.3126295783965043,0.0796202654638938,0.34585908050103603,0.20991095538050736,0.12090118144515344,0.3523461614097792,0.2561117085635325,0.4342392982522414
SelfConst_Q11,0.42889651083018626,0.23919523493265113,-0.37270765642627274,-0.08131930736331945,0.5748174670027548,0.2661053576466059,-0.3365480491598869,0.09552994746466734,0.2797655869642677,0.2640544883357927,0.2860789337395794,-0.07369364239176547,0.4369923793707673,0.011288955001042905,-0.09629374136512858,0.4202141528117293,0.06463246328693127,-0.16079947524015215,0.7080178703642792,0.6433549833764409,0.5034580255164105,0.2916636187761843,0.590667473126773,0.049641527488411205,0.31747226504919834,0.47279077124000984,0.237872030447597,0.17168799082390543,0.6361419015112615,-0.16027185468374175,0.49615988058971977,-0.01162247385884381,0.6536946863380502,0.06019169359632236,-0.08909103135156969,-0.08658488955524024,0.6022962831874378,0.6066276768061674,0.0029922778072864614,0.5074030696541426,0.15235176968552028,0.6255262252226493,0.06800016346672962,0.44459129092693717,0.5793641385069375,0.2188073115833207,0.5929649327152435,0.03671395361477283,0.5626343895443091,0.48899436697232657,0.5150913463759764,0.31703910489734094,-0.008178937063569196,0.49856138373996084,0.06299784598838044,0.6899814324476491,0.12922516151806673,0.4385855397378493,-0.22527144896660997,0.3387601722174725,-0.07195148462813264,0.24884695831277504,-0.09535932137383082,0.3176869923846718,-0.3424713383987865,0.17423923238985714,0.2884930772917457,-0.19246274039727418,0.21566272758755267,0.1731666160597295,0.2087453548934512,0.43844288596295455,0.10702231178230434,0.1810456478200042,0.047237571668282796,0.9999998233636362,0.10345873748050785,0.09260674448064213,0.22569976615482046,0.39496949121760394,0.19316703328680174,0.2492944508891909,0.015595018753364137,0.281111803461746,0.13257010888961204,0.33189811037825667,0.1913078671756026,0.25503470724100563,0.3930716292819003,0.584506767126113,0.36201786800809377,0.3891945616694755,0.5921454843962697,0.3962852108973982,0.33587377771952837,0.12526209300653285,-0.056767734243810465,0.17543212695498334,0.20402240415328082,0.08823509990130518,-0.08285429774964996,0.08915738963019643,0.4429931174538782,0.2740546978280705,0.031655738084847465,-0.18108170439517082,0.132072560295331,0.0772346423352756,0.25458440746944044,0.2033438339645259,0.407195871212867,-0.20699327899167452,0.3895530776159913,0.2929368143315815
SelfConst_Q12,0.16566443170733358,-0.30475155245045993,-0.2646268383289572,-0.19175608530039423,0.1965768934099295,-0.15248514528698373,-0.12560359360968748,-0.2835141672299857,-0.18405307409679386,-0.13539989394704158,-0.10714784977599226,-0.20665519926484166,0.11073041716113131,-0.007989665830583671,0.1454570097855664,-0.09307962882650024,-0.09166160129216869,-0.06625587508092312,0.278487904742196,0.177009920546627,-0.1576942452876957,-0.3239272076866494,0.13070992929729966,-0.3924757938273422,-0.17660436041388605,0.21542055909611932,-0.19288255157218134,-0.13535763234848525,0.30477593328182523,-0.13812101773235763,0.3063264530665869,-0.15714846291946924,0.2924074394222516,-0.1763059452627958,-0.3712811143623733,-0.19386336521142103,0.2021233506016068,0.3618805879536149,-0.16298847893672014,0.34465994090988,-0.15176330802910137,0.19177139606997737,0.15827038649478004,0.3653851044786664,0.33283919969834486,-0.15741329828258935,0.3056621634296891,-0.2545463647287645,0.0001805630782027029,-0.0789452031047796,0.1418027107878739,0.044420209666200874,-0.2427251167176403,0.023198867313099843,-0.29431381415775715,0.22101805943695385,-0.25555671826704784,0.16397496366113318,-0.26949906665380324,0.2616671387313191,0.17518725374992017,-0.3304814340774528,-0.18950757960611117,0.10864354369504597,-0.061169499588159995,0.2767032022230885,0.17732771941502243,-0.023436003514838127,-0.08298883958398716,-0.2357250437663762,0.14647838952862743,0.27875278608563203,0.10059686017816333,0.30475748803706504,-0.2226969387674328,0.10373124294014531,0.9999998911897768,-0.22899284441384554,0.0720773289167239,0.13663072655848033,-0.435330604545645,0.19426661640934723,-0.15914420971567955,0.2761683102049989,0.01847211468855846,-0.06637429291632146,0.3426708298803464,0.08421404082376001,0.043978599772305345,0.029453032931559014,-0.012999695474680883,0.3732221807007383,0.3734008774125288,0.4562396257644573,-0.04041613211327799,-0.09844774627696115,-0.04116938028132601,-0.1804738868547719,-0.2097694576967499,-0.29856453129627963,-0.09038468004225605,-0.1372218223953252,0.16711501363428213,-0.2020108788325777,-0.1729448938988088,-0.08977541754826156,-0.20211516276795288,-0.11205095580222565,-0.030768290155386374,0.1026636559457573,0.17348127852209833,-0.10148264550683875,0.002175683562456919,0.08004998113373106
SelfConst_Q13,-0.09030894122163416,0.3498615820805311,-0.02321856744830946,-0.1550691655423342,0.030792398478050896,0.20447213738016634,-0.33680400634006097,0.05077316417687218,0.3905101923130522,0.1886779673413597,0.1574191759458125,0.11910999373127157,0.20126131127878316,0.006128975760301483,-0.2869124805894603,0.2517151592249548,0.21453313550363468,-0.09064154365764915,0.10684704248072621,0.044846828691658125,0.17572798517726368,0.4370701029718391,0.061052737387412195,-0.05240787439788039,0.2528796353958448,0.0034253946698690335,0.19201368213920275,0.16407728985298722,-0.031248840550743923,0.12235884266668272,0.033243076331540576,0.11010192358134865,0.09400747684034104,0.11067346406841863,-0.05896806220125517,-0.16320637225164347,0.1936583912079074,-0.08263974376065684,-0.08348803390920297,-0.07462371884487942,0.0814891315084396,0.17444850976843368,0.15533158360932547,-0.15546643315660733,0.04296171637335112,0.16907475119803553,0.19165599139365241,0.034942923351770294,0.12471412048967581,0.12412287066517867,0.20397178689238582,0.2781350772138741,-0.02007085692208567,0.24390664569006387,0.09129992018775786,-0.018140424489286114,-0.012894616209312315,0.2833682515806235,-0.21812758064400267,-0.32071170030206764,0.2778642252840847,0.4112764913649204,-0.3175358053290364,0.4023203000336766,0.06441047078340914,0.16840052113498463,0.2342050955216807,-0.10921311476661946,0.32723235557938757,0.46539704653350467,0.08372295777332844,-0.010461924424576774,0.18479450614279397,-0.01795673711528007,0.20589241800739846,0.09251409674580043,-0.22894991623272726,0.9999999991015682,0.43411026205877357,0.062461506503652925,0.4003607540424468,-0.0005443580845697904,0.011936450535622561,0.16601866364781215,0.12228567250633461,-0.10536386463319017,-0.10658869073821545,-0.051554992654212324,0.50908005716917,0.17428974373623393,0.33776035388484,0.25169219284450395,0.16977483284502132,0.21011198975953443,0.38009324491374175,-0.03492932605900823,-0.08090293820343766,0.18925944783805188,0.5780947586472094,0.5828436128570379,-0.15785941145767085,-0.07948540539575538,0.18560602531161474,0.49825146031395595,0.03184881774153421,-0.24723923843995127,0.01894299368059159,0.0576601643675078,0.43742754882533064,0.1987317246062548,-0.01266168062125364,0.09898742135382264,0.22176253786316744,0.4161485531191985
SelfConst_Q14,0.06800954949877563,0.09140234740438802,-0.03425155637176758,-0.04740306204458039,0.15087158088876745,0.07326135497482225,-0.14523906701076916,0.06282990582019471,0.20899400146356234,0.11188477145635288,-0.01679208306329856,0.12536158270041198,0.21412998321387966,0.07878835617294276,-0.036877253801169935,0.19122466800302584,0.16491208300119448,-0.032654502414644335,0.1896362588695487,0.1760418737063367,0.13069859938360012,0.20445907805552008,0.21038653642559968,-0.03430733354409626,0.12506899267079535,0.19947112403486145,0.2302298835201745,0.016682651764498978,0.03814635054734583,0.05172858267740847,0.054838537029532994,-0.025463288088705224,0.08199819506566675,0.11613986671391599,-0.10611836774219358,-0.18655606926336005,0.10226362823210568,0.02991301904927245,-0.13021402551015793,0.10059902187584774,0.058674427716312066,0.12266964865915052,0.17941497346748433,-0.07213406603195131,0.06792285907982441,0.059805871087593915,0.15299904732978095,-0.027598141858063252,-0.02536249849069054,0.056455014332532444,0.0975478240225437,0.33852973311983736,0.06682843638515244,0.16616574876556073,0.1497755540454497,0.05719154569990481,-0.0022489790446888133,0.315444569335204,-0.11135376953332315,-0.27213538622605316,0.3380625813270722,0.15449392196336093,-0.09552653452879442,0.3799714003208059,0.13471546035768545,0.06950076187082764,0.29509098721009125,-0.07653585435725431,0.22465861607605242,0.09508610799521758,0.03391017624651122,0.008900445693597839,0.4014405590531209,0.011080838972729507,0.18003080199813093,0.2256925030584463,0.07204639771363533,0.43411626100953965,0.9999999779196331,0.1271619758325839,-0.0016303751028803135,-0.009147438544082842,0.17902130691082618,0.2853641353082461,-0.015848289178856993,-0.00017905865867411108,-0.0999387520032005,-0.051905146536349936,0.37060125812949585,0.14534051600004777,0.3154212917236944,0.26673219155758826,0.24145147412113338,0.286615465748546,0.3524864361368571,0.12158029777111093,0.021856286084598872,0.07136419637928024,0.3512539334418283,0.3324368588003672,-0.00964237576379896,0.015304063609972801,0.2883170648433906,0.4745772014497992,0.039707983476205744,-0.12063709634194288,0.023562982471897337,0.11668999977207056,0.46231980996027,0.28210638052048914,0.11862927832211884,0.15524787133398912,0.29999944334014333,0.3967200490777303
SelfConst_Q15,0.8440224861911307,-0.132314598614496,-0.5522937721019435,0.050756424478018744,0.8681500927764583,-0.22574805199676942,-0.19999679663226577,-0.19285687665125978,0.0044295932184150524,-0.10096286158295512,-0.1905590223154843,-0.18545653071329776,0.04284034472682818,-0.05314234045680344,-0.19791877445070988,0.15562134534793612,-0.2989089632866148,-0.22217100582972862,0.47163374477088327,0.6898962536755667,0.33715439601981606,-0.06048966740158386,0.6850347714156161,-0.11216979673435773,-0.13364686780374474,0.8386060225659965,-0.30738428686203434,-0.25213919187759454,0.7560246962570927,-0.20433779398603286,0.5029431378097531,-0.013607919797915778,0.6328580400539845,-0.24870862354244044,-0.08655061372281819,-0.1597879069037187,0.5762424727445863,0.4914480160385506,0.025465667432837187,0.6812662281833907,-0.0011218568753069563,0.45072156067321223,-0.11777478441814003,0.5243924114201375,0.6156175093353672,0.08394446720514215,0.3954100129312938,-0.2255372191951153,0.3404916383631633,0.3220164410447398,0.27633703043860885,0.057225809792502635,-0.26203183921000633,0.2104193242559719,0.10117179643269598,0.5292390943070646,-0.09123899842708838,-0.010327711362163136,-0.12992488190723347,0.5531640730607941,-0.06238710267777707,-0.08171463234507667,-0.2635924009268179,0.06829160088688613,-0.33114501609411817,0.10796683974779511,0.1352808448743384,-0.25083995173031937,-0.045901418841499904,-8.836754169063571e-05,0.11793268721344413,0.4400853459792401,-0.006922654000679526,0.26582405273715604,-0.2009587040733106,0.3950847103976613,0.13662704228870953,0.062475501791237384,0.12722375599635322,0.9999999972625385,-0.024559165124921185,0.614947218844346,-0.10082291126852952,0.4139992852743202,0.31992599864215954,0.5250078950913921,0.18205940498138148,0.09112813713929879,0.10530775610442203,0.29265254975761423,0.16398387895222372,0.19935038709350372,0.42594054994770536,0.3001824730767778,0.15029054529566693,0.13346920165125153,0.07829678078626601,0.1288351048611143,-0.15243437081335834,-0.20999249206225618,-0.21378636707444706,0.058459640977819145,0.3473781135900804,-0.027611257595196514,0.045464137693367705,0.031854904981810206,0.03564353771051845,0.12312219424837083,-0.0035258128670326433,0.10088828131794672,0.2870427570692462,-0.2642455920852069,0.09211048189493258,-0.027962415032616553
SelfConst_Q16,-0.09690953496870477,0.7495769966724968,0.075134606573294,0.059399450951195656,0.0679156672229606,0.5159233926828312,-0.2803004695788036,0.42948360335145586,0.6387598829033374,0.5399000561156966,0.5044195472287819,0.15049584032465793,0.4653682802693083,0.1925034769727852,-0.3300049678189648,0.5182134961460174,0.35400035970335997,0.03864515835451986,0.10430645566564348,0.13647794273963768,0.551156749184573,0.822202559236429,0.2557850430409878,0.2784228621637702,0.5924464971239047,-0.05013789580916522,0.4512286333543699,0.5245139034045572,-0.0333664249575705,0.29595661378123356,0.14135843941185727,0.331254184339003,0.07353151847181016,0.5114655309990801,0.14002690674459461,0.08674661898206142,0.2778702171085462,-0.20815897464381192,0.05336499575999608,-0.19131949784425176,0.35921689727336564,0.24114919148947317,0.10034253905821008,-0.24665614704330313,0.07165650682995522,0.30482478586763945,0.22452694895982683,0.25891824463430024,0.4010019878438594,0.47852144859378715,0.3841183065872065,0.410565931517758,0.22824929922675571,0.4625164523172691,0.06683880033785866,0.06508553896777054,0.10858035345831553,0.16252358796820948,-0.13077988214397607,-0.21725849036273023,0.047291540740467715,0.6882440220066677,-0.11240388759128012,0.33762558740010934,-0.06854448159709707,0.10653182122616471,0.06176633225213546,-0.11514944465484925,0.3274769506673942,0.4923469871943511,0.1553110333959271,-0.06721942248981212,-0.06690763506051361,-0.28352454612202727,0.22804194006498843,0.19387204884451192,-0.4355419845536245,0.40049016591838366,-0.0014094102916971003,-0.023450641591366245,0.9999933404389224,-0.22216907629896698,0.27605839522747666,0.05628986780617348,-0.0007991405289264342,-0.08098644862664395,-0.07931387882554211,0.16313021736614275,0.48197975238716617,0.37412124582501893,0.2395778575962597,0.10850228087426725,0.08728192517389552,0.10584069334426086,0.06511855424097682,0.01255939293207739,0.008429608609733172,0.37152706821159875,0.4026129152827996,0.2169631378880402,-0.06450112178944901,0.1577294790228682,-0.021419450871517566,0.3478797313879287,0.10059873398878602,-0.23689025256921098,0.3236748582228143,0.1566218882662525,0.2068608333085486,0.06260299372589316,0.02207200837657952,-0.14937054068842928,0.14414061394838806,0.2143659135539176
SelfConst_Q17,0.5966185454957329,-0.3455680783943385,-0.4873192369935447,-0.004124463402538303,0.47023411465404186,-0.40976480049360164,-0.1296562662301538,-0.3288108618035762,-0.231976054204269,-0.308226763712362,-0.26287162484631926,-0.32513578644872493,-0.12848392440476322,-0.19925771140821125,-0.0711599651186471,-0.08079702101838127,-0.46569623463238385,-0.17051876779027603,0.35817274256747045,0.42823844677654055,0.0019670787094776595,-0.33630536229030383,0.32180451820295386,-0.10280807022978347,-0.2996372399666636,0.4626344560139596,-0.46726074180137733,-0.31481588087370765,0.5955729197101066,-0.23579896652640892,0.2826411221187739,-0.14214958793608576,0.515414441012251,-0.44768793435424137,-0.16631897800521245,-0.06025281458610787,0.4033558139823152,0.4616261696452214,0.058797379992389806,0.5121357503210856,-0.2917335010165317,0.3152504144604142,-0.09809858086068605,0.3929602028676902,0.5667988297522657,-0.05382828972037948,0.25937580653831716,-0.29491661155745197,0.21513022757722555,0.024600198547410954,0.16445768601399283,-0.21114623949571115,-0.4304504983233227,0.02848662441041138,0.013216053210309327,0.36738707602351833,-0.018565798963303085,-0.05209228814990403,-0.07582565649982272,0.5335145631971768,-0.32704110362179345,-0.2179033133522598,-0.15578658448254362,-0.11038963776228773,-0.29442777047774915,0.022728952615803745,0.17744101185298816,-0.29780776644424817,-0.10758123647028164,-0.021405183075556306,-0.05719069560602776,0.37296953107624686,-0.06338950161152955,0.48049392741763264,-0.32131437675572583,0.24351773261579823,0.18796237823702858,0.004807422490991947,-0.007196982442341737,0.6096334988600061,-0.22629622288296874,0.9996720022818433,-0.31168259415245053,0.1683091017541576,0.2837392423594835,0.32030528326352403,0.1434256648442181,-0.12369573627588953,-0.04294124950691708,0.08121621242684743,-0.06238356236115279,0.14388396562359057,0.29875612371877336,0.16962266394422446,0.03066008955722438,-0.1136695702821713,-0.1536493989474111,-0.2339388688657746,-0.2670470282023765,-0.26080452130279985,-0.36224638887764293,-0.2587569360786475,0.21362943228918252,-0.16579343380992145,-0.07700150747060182,0.02363066658473164,-0.32362478845238385,-0.08724862223983751,-0.13456835852231708,-0.10478471841793409,-0.003962930916399925,-0.163132482727262,-0.11589424939259763,-0.16797343240289794
SelfConst_Q18,-0.11148975781950128,0.22168487346849566,0.3188363548058732,0.11840083579023261,-0.04201065733050609,0.344416127549817,0.008205548628279768,0.3059855537893181,0.3599739296631236,0.34924935356108505,0.09532111760861245,0.17558339898179035,0.2504152548770204,0.1232701559129609,0.09066240352844587,0.2882260338093344,0.37995333504619566,0.10876617233829633,-0.03512928823375116,0.01091518278915983,0.23692759464166335,0.3294507102755676,-0.007425671033999187,0.14549584358664575,0.12358035331732328,0.04207778551916573,0.444207546423292,0.1714448201087475,-0.18515333661917677,0.17030071722820675,-0.051327206054948865,0.11288182925101796,-0.08953821656021636,0.8578388821685841,0.22729176598830908,0.14590920752227796,-0.013938711976553487,-0.0900800276042414,-0.00267747180923196,-0.13175671570004135,0.2732319092039538,0.0044639430899110905,0.11247559609616503,-0.3061307658425676,-0.11693140506306189,0.09565003590626794,-0.04019233187653404,0.22819794489643383,0.1079646078397808,0.06706352129295377,0.07665733913338665,0.29889599224084423,0.3315607294765238,0.1650131268962041,0.09528240632222393,-0.2485937096717704,0.07248118172303422,0.11845656664913254,0.11972963732538125,-0.45037885299448877,0.3619419535176091,0.26472627533746,0.01797432588550068,0.17085709399524868,0.39364523277671026,0.08438647323012777,-0.13670465213833122,0.20884035424857503,0.13441011211053533,0.11652107036983878,0.11171011438654774,-0.4315492884874287,0.1560786579942841,-0.24698727210518717,0.3107066942391682,0.01643559799845809,-0.15964935692121052,0.01166932419782081,0.18058713087712375,-0.09962474154877687,0.2753282841624357,-0.31334981031633646,0.9999804968219042,0.2533954553873592,0.14259422386930556,-0.17220229439111248,-0.23150818314284266,-0.057799545529461344,0.23804590474491524,0.19153439528339283,0.21242032097817892,0.013715522730475896,0.04375679745010411,0.06847196076204043,0.09386574631132891,0.11006839164311041,0.12428418602175217,0.2826643901716025,0.28906417711096194,0.09061848217575713,0.30551671822519716,0.22315184555216122,-0.04436712687531601,0.26176082373417675,0.09139569685928259,-0.05782300003589204,0.3173422341885382,0.06541781141698597,0.21681467627430973,0.12460459300690925,0.020300384230789392,0.13653291571770226,0.20343816175277704,0.2985656612376676
SelfConst_Q19,0.32019986899013103,-0.021857857506570384,-0.15003964936743305,-0.03362028856101522,0.4704225798513423,0.13110225901188818,-0.26419262035471214,-0.07001991338111443,0.15587441524433157,0.10038055795676033,0.10598513495701099,-0.09450005242168724,0.24260256158640225,-0.05667591564297658,-0.09428491420863236,0.11744861428128525,0.14653554093001145,-0.08818243635380282,0.36821782123118607,0.390188696108708,0.24294468306672673,0.06817097469270345,0.37349722858624923,-0.11083913729340289,0.09419660745537208,0.4451001194416613,0.06331197597154131,0.0688617195155874,0.35653444853418315,-0.1737925836264004,0.23823920435904014,-0.09235377235619956,0.44886463219987116,0.22000733973092235,0.0387531883719045,-0.14949700926692383,0.38850360164459646,0.2699881414928022,-0.1465276665095723,0.4451056076321276,0.08155602884581879,0.337724784196895,-0.022763314768499604,0.06449626690131616,0.3687572616400306,0.10211772672948742,0.35353305728779794,-0.02751687069605828,0.09415853571839884,0.030729156327629032,0.09267368514815658,0.15005141911153427,-0.052210270255863916,0.13441449752089468,0.11338936715528075,0.12287277744527593,-0.2723083308533327,0.21666971943404867,-0.09938923572477772,-0.015692328038797165,0.3454294500024856,0.0206101483503299,-0.3119602076545833,0.33209548361114194,0.06170951322729766,0.2869222669066639,0.17052156545567942,0.06001100913478588,0.14451749556773866,0.11642525213552225,0.027512138676755934,0.019909740130799367,0.22802149968621505,-0.03650868269365591,-0.013001040983294104,0.28121894286237686,0.2760805867133443,0.16602282951846448,0.28541284690731655,0.4139902529952131,0.05538001636046943,0.16890563788585278,0.25246949526251006,0.9999999935375945,0.19389297920817072,-0.04639332299939948,0.10496657166955299,-0.033149283885796826,0.40647093439367865,0.15707863304204378,0.19592476224973981,0.27577434551190827,0.38103498738897146,0.3660428601502736,0.1527616999219788,0.10089285252318002,0.11632590398148004,0.148976181411734,0.25193412834597073,0.11269838799045248,-0.10139471109250373,-0.026178072800383374,0.19051595103640195,0.13315272074795637,0.021924164448098298,-0.04841703081512552,0.010544536328687756,0.05844047964232969,0.2514822926662119,0.25115123831750064,0.10900180122133976,0.06989411297834329,0.2881479102778577,0.34676977350007
SelfConst_Q20,0.31014176179842295,-0.002543889785944692,0.0013977158851767833,0.08016215996399285,0.30228713627773923,0.23620456962769135,0.04989415677075011,0.16321247236393685,0.1929953288772191,0.2501217900358119,-0.02278126070818499,0.24738547463837132,0.209164823771617,0.28737067930032467,0.22289520223273296,0.280216483721484,0.1249481354503004,0.17281249181682018,0.21441186626111772,0.2639681537617153,0.23403017523985528,-0.020210514524385798,0.26398568513598947,0.140987940780053,-0.038639402583807075,0.2786856104108957,0.08911534380516936,-0.028251845336164563,0.2852981787029621,0.0832736012322604,0.3718041392706918,0.19103564411929577,0.3360105900178541,0.0971052527714861,0.06687475577835095,0.21219029858260455,0.2782669352278581,0.35361225471763597,0.18780933965403324,0.30786680936737587,0.3769920035144962,0.19857869521283303,0.3733707726635638,0.2840807829738297,0.3752141612702953,0.38243409430402353,0.10523001617510225,0.1150005467997233,0.29400211779209356,0.23068061907947032,0.24686551490170966,0.2055608634927098,0.18171334582075716,0.22609422516381622,0.28003207113595247,0.2635763949564011,-0.017357207401283825,0.0259748525718638,0.16401330722961388,0.17105014104047106,0.24960964536826424,0.0922336375225001,-0.11498805877503324,0.04879922658344519,0.16795017247848704,0.0361384397135268,0.04434836796210549,-0.006138822769105656,0.12389374956609975,0.4025375654606121,0.14902899159931177,0.1690659279375057,0.06527600397461984,0.06381304844255903,-0.03671853286045401,0.13271595890628402,0.018507163515119295,0.12240503670766772,-0.01579465438307339,0.3199264734996379,-0.0014860558131559731,0.28179608303758896,0.14248477218004812,0.19397230228211937,0.9999999727003287,0.2833125625676484,0.17338268429110415,0.12273498747971945,0.25885166688278544,0.3733379871669896,0.4354050737854404,0.21470015084979815,0.2905785535077732,0.22037406364729883,0.08360748698925025,0.29579667505131335,0.08593533506705624,0.3245495088459541,0.022801717537738346,-0.07156679096766361,0.20442428152535957,0.2712017833901637,0.35860690158366887,0.17347280591632125,0.1846694305344022,-0.01855417762809391,0.41261476366932054,0.274173519882233,0.1282812294830986,0.22887266327871192,0.327476418544187,-0.01812060721954697,0.2968844152493737,0.20629418348455347
SelfConst_Q21,0.4539329082221063,-0.03668630977425247,-0.4222584132547091,0.052352050062213135,0.5037249202778412,-0.07752524480778736,-0.0615246964192281,0.003493339731114431,0.00548760136931177,0.04594813639877916,-0.13338884171126458,0.04495494176677372,0.149777391109953,0.1441860540925994,0.09631896441264229,0.28459971026447756,-0.10094699187451071,-0.14863759801770632,0.4882957153087959,0.5405813954488815,0.40573957743475497,-0.032696565913899064,0.5565471835363116,-0.018412728810762773,-0.015375045023601444,0.3842901927398046,-0.02565189902216976,-0.15558384280053666,0.6079441171337598,0.00194730918197367,0.5374953488535746,0.12189378823036975,0.47797225240090774,-0.22094648528176358,0.060421347052610076,0.06477380364398783,0.5096371202009811,0.5494293187360397,0.15939082695967338,0.4220423429105445,0.23382228647541903,0.4886511235938296,0.10524893432731006,0.6267432367884292,0.5196394083426661,0.27086308318559904,0.34159643056236005,0.03994025899419898,0.5447907174254845,0.5432869387213888,0.42432723384515403,0.18452183845104214,-0.0790283233013557,0.36012350791726555,0.11393231222884714,0.6417645426335044,0.2927175579089571,-0.022712310371702044,-0.03451659577012685,0.4350873113104771,-0.07743253406050013,0.03814732972445337,0.08558837008426289,0.011258090116712666,-0.31109529332031205,0.03454008852756868,0.04855370497149186,-0.11488091406764056,0.04859989336897072,0.035117206631010964,-0.012576571339876264,0.56063218493954,-0.011410154573337078,0.30561653090494495,-0.01777557664984135,0.3320673092713432,-0.06614922295161403,-0.10529558477159925,-0.00035024266768086953,0.5249581996857264,-0.08244219306689057,0.3242407288843259,-0.17325303103956136,-0.046254939498416504,0.2833339661109574,0.9999990762329077,0.26816204424290535,0.16291356064549137,-0.13574116566872144,0.5302615164317321,0.16730021247373983,0.1839276663977901,0.31164412078367654,0.2366724263472935,0.1361400803371381,0.25358022944336445,0.08992012426692073,0.17777847711721328,-0.2548593206365867,-0.2592832419336598,0.06776381619664273,0.23527669005649504,0.3574807238474418,-0.005458664790327458,0.05115531298687079,0.0417454105310532,0.22549302454335052,0.0811368887925513,-0.0002093038122776003,0.1316215246644991,0.4603522168566616,-0.19180851418728898,0.22190247086044435,-0.02602077387115455
SelfConst_Q22,0.16573596660200005,-0.15202472161594172,-0.36202596325932185,0.01565492052099822,0.17903415635309064,-0.18049973593628552,0.036612710219993974,-0.16924423802403538,-0.12292141566185234,-0.09994409935618914,-0.18542870986899848,-0.02409619610341256,0.13167384406526372,0.04266263532023202,0.15759426446856625,0.012428363885284038,-0.19125845360921456,-0.09104166906511814,0.39543279212235616,0.2205821114706387,0.1451807413988799,-0.2204478729556265,0.18188251474075895,-0.17432742262175976,-0.0955495278791383,0.13538352531043715,-0.24435447253698564,-0.23141347432320228,0.38340600860786894,0.10147088197278772,0.31414279135917417,0.03745311938868778,0.38862593777800647,-0.18839273758545172,0.059775717174166534,0.1733780013762064,0.26323278380450404,0.22771460882083736,0.09731786927124628,0.31746806531303273,0.0006515700038816352,0.21244361687002605,0.07137166263911499,0.6407899112377518,0.3267427087742946,-0.03283980720021627,0.23327328692340646,-0.1055251877400455,0.2895857701946547,0.3763659387758816,0.23046115049501523,0.05174177129638527,-0.188283920216666,0.16294044902368868,0.04600056488221152,0.49512667053429715,-0.08547351343922378,0.13169374930315222,-0.06597676908510583,0.4520423868277231,-0.09350310609346507,-0.13341372650805908,0.14151310674502204,0.027386044296406037,-0.15982921383926776,-0.01488608873995581,0.28434633322350367,-0.22721169129281216,-0.028487327229898288,0.03333262442251297,0.11455189059337585,0.43149641734182786,0.10867657877877723,0.1353091804397061,-0.2542155558808158,0.19107445956359653,0.3422305616723975,-0.10664722133145216,-0.09984615094832705,0.18200742258413777,-0.07984790384345723,0.1525713561509685,-0.23150476245154183,0.10471438278266214,0.17368768670036694,0.2684629595344386,0.9999872741389838,0.20254157900592046,0.022286342124964206,0.28061660463372246,0.1285790984294665,0.11857737692512424,0.24686480796326132,0.24685272451826712,-0.16097425181472183,0.10822068177591065,0.010730416072972145,-0.007767043906366788,-0.26246676319702444,-0.26845462170255,-0.194773427771896,-0.08148196305222032,0.09406779588111495,-0.23230176475867992,-0.019079314810724866,0.1381998057119746,-0.02342460785829975,0.047967686549615356,-0.18114128245479225,-0.20072870806536144,0.18015619284843076,-0.17096898058037857,-0.15253768430384812,-0.12153282546452526
SelfConst_Q23,0.08878349284490966,0.056028965456574875,-0.020016298251693085,0.016950238019900605,0.15072510943794537,0.1885757527842344,0.14160733716529103,0.29211986356423214,-0.00847471793737159,0.3019271442770419,0.06303107956769001,0.3017549696282366,0.3429727967196362,0.35118718221332107,0.21497617017738188,0.34525568305555754,-0.04877971649687077,0.20706326539933,0.18312756089836782,0.19789450518707769,0.3328709838016544,0.10186473423672417,0.280357722650495,0.1745298067001952,0.1289268260676608,0.025412626015396504,0.12318573576915502,0.0018482260431724393,0.17066857839397648,0.07498843256761208,0.29857313235585026,0.23653455590061884,0.19207949935281873,0.07415580883392876,-0.08985464846528887,0.12995940297709987,0.21099027456312014,0.0636778729308158,0.09619232077575333,0.1430498483524739,0.3552373409877474,0.15946845291588893,0.1518684650604393,0.3871678067502391,0.2660577032598414,0.29369837252159336,0.2030858465974264,0.09676789098068694,0.30210807925138367,0.37606195132301135,0.29393616084081975,0.3867430857743648,0.23880685400932367,0.3126515398351029,0.16087710624278923,0.3572363423259952,0.11871957759103277,-0.027806942647879314,-0.012625388345194166,0.28083202545167835,0.11368671348047327,-0.07572370436052663,0.14953958881107543,0.053692411922016486,-0.2794025845336428,-0.04807407896870976,-0.1213900645479401,-0.021910902484392453,-0.06020550406803476,0.07714185217979463,0.7239218989589224,0.3790088552046787,-0.1337703813415646,-0.013254770571109395,-0.004981836801501702,0.237827866927794,0.07132723395747065,-0.04680971871441311,-0.04076375696300767,0.08541241017832482,0.17826926595701462,-0.13143056835974423,-0.0664107509461606,-0.04906795735060954,0.1127450479408719,0.1759447021807235,0.19675173567160265,0.9964030717989718,0.13754161011738322,0.23539855793844303,0.2514106427179912,0.10499140431867929,0.12835920822257693,0.19804980519498266,0.16169907701099304,0.12150748750730725,0.14956643021648372,0.3600294382279303,0.025302608158369155,0.07560289782738405,0.36309834876944613,0.3224227806077197,0.26086028570195463,0.031963248584021456,0.0962188509085352,-0.04571044035519515,0.3491885985746504,0.15555914266633109,0.15907931717463375,0.17982492756379231,0.5067096004705881,-0.12314083390282564,0.22658613969417724,0.10486482188407334
SelfConst_Q24,-0.04196422733334648,0.5057934291343088,-0.09162501155677916,-0.08348535635181856,0.18063057817476272,0.5002925805602823,-0.4328936423366249,0.24359939395789681,0.5719449738912604,0.4543368357060318,0.46999855533116297,0.047637360565877904,0.5515964466394939,0.16179692832237005,-0.08252429958710786,0.41150054273022585,0.34353639701046934,-0.040873603619345396,0.4024747592654332,0.24996966101578416,0.4147470867383082,0.5225022918508668,0.2756049528051226,0.01148370735914838,0.4654157483711602,0.08715325133712742,0.4067044494609267,0.4292070219410198,0.21361093396479267,0.1229046579008569,0.30123793779193786,0.21612137964396563,0.3857470745992153,0.3821254880790804,0.018326406946227766,0.0035237045883696194,0.42832505708573937,0.22701574636835775,0.01335232918670079,0.14610035778670732,0.4595537976476827,0.3884723663787113,0.21045797561467378,0.0016629120173861298,0.3400339589692649,0.37711110340261056,0.44261018252064566,0.1916474937799733,0.353868573416467,0.3723603020907834,0.42788502367895537,0.4589573206226758,0.2271114519153807,0.4738953618823907,-0.05299273292244103,0.1716896414731381,-0.04869262533962395,0.5051394320401792,-0.27055507671624557,-0.14931874990295585,0.3279793321587083,0.44699208997311735,-0.2149656762509377,0.5214673519848217,0.05897579926432332,0.26324714871523097,0.2414034593377108,-0.09693265212795384,0.45996929127150366,0.6219927127205349,0.28751289817823455,0.165640613841069,0.31233960166563324,-0.13862666644856383,0.08679573583817081,0.39659213209062216,0.04800350988870426,0.5068193891359869,0.36970829334487965,0.11097613258817263,0.47891647282971195,-0.038975768437378225,0.240338197530296,0.4079973935970001,0.2662087786504603,-0.13140459122071912,0.022180818043484457,0.15606427200544937,0.9997538431417701,0.4151769710701147,0.5384400356703751,0.41879855008019484,0.5057497060260252,0.38033141639254725,0.38083480305280715,-0.002726475920483612,-0.12918786283537181,0.27259338814589495,0.6672589699158058,0.36775760719668965,-0.038507118978560635,0.11754511049792911,0.20493358475265003,0.5050827705421812,0.07107056434296022,-0.3480293927552405,0.22181071046748194,0.19335154657334142,0.33844516033917454,0.2934793178894619,0.2092621392641174,-0.17082711610744675,0.3116265092342001,0.5870960873885316
LifeSat_Q1,0.3374079234802763,0.6847662647033538,-0.5578393148804206,-0.08831716277357769,0.9012888169523482,-0.6391397226532879,-0.8225378760370723,0.7287963847935855,0.8550922509364716,-0.00968066225423004,0.8660044772272896,-0.7186717914855848,0.7902158460589226,-0.2430756414856673,-0.050079468171855934,0.5831806180931466,-0.5300988345862955,-0.46731943166639756,0.8510103070514441,0.8817604459571031,0.6714351747854097,0.9005703084953255,0.8728024169553873,0.08647440164523895,0.8077170853521167,0.8810895051576922,-0.23797128625527683,0.7407335774873687,0.8874095204449097,-0.24619690409384554,0.6209288293923002,-0.7515399086625647,0.6910779898384309,-0.21826792804427783,-0.6180044783702777,-0.5195687402560212,0.9003740678124603,0.8242402431154348,-0.8987561725276312,-0.5779109108036071,-0.7735190137575004,0.9084045436628716,-0.8769974563774641,0.8817548382949887,0.8436806041700453,-0.8803811031168576,0.9016741374410164,-0.43749022945636346,0.935174031476877,0.9116844091597602,0.941991950309996,0.9319736623776155,-0.9196798263902928,0.9327929127654357,-0.7283595769050765,0.7341363868764774,0.008139391110397576,0.7644511874465256,-0.8539027165181843,0.7226123632191084,-0.36702701742196325,0.8800623251808575,-0.8550289205473014,0.9204772162317076,-0.7708990310539702,0.7920293172554701,0.9316833584758917,-0.7424595377000719,0.8294069430582669,-0.07063257320459759,0.8860921977963154,0.7555711706452373,0.7188697683667251,0.9070645942507611,0.1295822433791235,0.6819944180792569,0.8494081827647273,0.900657814892909,0.53260943753464,0.5089274503811398,0.6812330099056683,0.904121414055054,0.36997310858961224,0.8096884417529436,0.8799617240717867,0.8679840149752355,-0.5497452562110673,0.9011815545029513,0.8797229337681115,0.9999999999993563,0.8185641614348436,0.8234619887536484,0.6386401272965504,0.656791026534226,0.8212795372914082,0.3853106072330075,0.45515926818498537,-0.7696166392773609,0.9223238064379853,0.8206448931237886,-0.63175599241692,-0.4742701188981361,0.9090289525906547,0.8378459060629847,-0.6105612666569342,0.3958370449792607,-0.550118558994462,-0.1898558756307384,0.7678910249184545,0.8836078663662253,-0.2923372877519155,0.33389409629041433,0.30261889888640214,0.8932558139922774
LifeSat_Q2,0.32786972357829136,0.6042609827795474,-0.5222828542368119,-0.07075583609769023,0.8070973728110895,-0.6708316137108744,-0.764898975613103,0.6437703361124084,0.8058023171066496,-0.01711624879092593,0.7825192418867691,-0.5786651547833717,0.6645364187324643,-0.3255602816679206,-0.03003054790361402,0.5921213764596088,-0.47018368806194966,-0.37831159825961913,0.7733814960372094,0.8141130042026594,0.5661364206302336,0.841316199240538,0.7755809930139335,0.08870129638664602,0.7289696866236722,0.8201317356648736,-0.3396732513621872,0.7290079589331389,0.8031460636580839,-0.16836160207437534,0.6003125058482963,-0.7139267849187848,0.6481940951785774,-0.2958487935705362,-0.4528087373172433,-0.36530899925608845,0.7982045678616818,0.7599904716808886,-0.8244093883946946,-0.38203664046014113,-0.6470348820417184,0.8052358017298205,-0.8170104334739938,0.7483855564727256,0.7295662605634248,-0.8409136688160642,0.8224492065135274,-0.3552047562463667,0.8402707710915065,0.8384750848133528,0.8378611836818983,0.8282672898549304,-0.8289770189846388,0.8150228844411864,-0.7595463622704117,0.7034800431605783,0.07140522223740338,0.7016792898480425,-0.8024758223531137,0.6737312306013317,-0.2948729991329511,0.7638206104139871,-0.8026017486387371,0.796875349913011,-0.7179922215096615,0.7132320809871922,0.8244919027901205,-0.6889458173320356,0.7661120051612188,0.12111584165961634,0.7966715236191535,0.7376223959753109,0.7833946372990922,0.8405078203401333,0.05284539400644786,0.5233008753077295,0.761923554628356,0.8203539398827973,0.37064519830393794,0.49351848518770136,0.5466590821878256,0.8061355721846448,0.34705234225070003,0.7059694744118419,0.7900598840807683,0.7118087732732832,-0.4593044956177138,0.8058156423105876,0.8382019788409465,0.8185668984122813,0.999999897680063,0.7916445960249485,0.5902694022139898,0.5809546030418358,0.7150570936499139,0.3555713208948215,0.35268274275053174,-0.7310559182109975,0.8503430049089876,0.7692966821132236,-0.6471947758379228,-0.5683289714138436,0.8411140637774157,0.7849481213711142,-0.6295955325479915,0.3749458322722266,-0.5931796330663315,-0.2557837455977941,0.7003520117536801,0.8420738715886693,-0.43958166104929514,0.3067169729098237,0.3019554725395002,0.8207565914092202
LifeSat_Q3,0.43967433122392313,0.6721307150484221,-0.5430915991861818,0.03261738921530191,0.9260434134114274,-0.51760572604011,-0.9344203201387672,0.8453746959487574,0.8966223787263903,0.06399331097127295,0.8998505171000131,-0.5837019102424179,0.7805869422362393,-0.16632057249768728,-0.04358375334838489,0.6865414413346931,-0.4829299582506613,-0.38024741289924746,0.8185108793118467,0.9012665480141211,0.7060541568909504,0.9072506410191186,0.8983384564415865,0.17547694032282127,0.8184952505076052,0.9135169834123164,-0.27603997976939054,0.7649518517815854,0.9186329763937339,-0.07864859564530277,0.7284918330342397,-0.8388737880159054,0.5870907168123752,-0.05901930306096555,-0.45319100362868536,-0.36918169302988735,0.9116933494503632,0.8723937789395158,-0.826022940427872,-0.4680536798582317,-0.6418805122700708,0.9079292563878905,-0.7841569311190566,0.8512277079638553,0.8223475692533094,-0.8525545562624076,0.9140922600599415,-0.2812701604097485,0.9245624743444739,0.8950506371531444,0.9346509152322289,0.9199703924731446,-0.8513277972395514,0.9129950989274497,-0.7311457615457733,0.7736497509274453,0.19276392145418367,0.8443196593702825,-0.7862351280335338,0.781546337504744,-0.2865150497451131,0.8923307853288229,-0.8063938459849276,0.8201812803327682,-0.7244813442743703,0.7394938462620458,0.8553933458088891,-0.7430493574385796,0.894534978017235,0.23565866968605603,0.8904252702680973,0.7711815086067209,0.8194872388428699,0.942974397038855,0.37846491101235263,0.5248916677749996,0.9152354161623749,0.9114741674136863,0.5653060743023632,0.49743427096220544,0.650152479800197,0.8725319534351126,0.6066232519867508,0.787071642303274,0.8892938421555127,0.8496451871592479,-0.48837715458546027,0.9000430111817039,0.8566359235060546,0.8234549272074304,0.7915978787046982,0.9999999992709347,0.6845989566861168,0.7631364333947362,0.8005890743677776,0.2569915403186229,0.301406600123845,-0.7092658065063313,0.8488972747887162,0.7873730650034718,-0.6137241660463806,-0.5511411518136768,0.8585533738124544,0.8374537389090512,-0.6025596154708328,0.2686415142939574,-0.5766302120948287,-0.21750737441238285,0.7546055759964707,0.8027082725230509,-0.3218848086877205,0.158962367973546,0.1863095872577551,0.8667890511666043
LifeSat_Q4,0.3101577376568781,0.48731579541047093,-0.5184693882963722,-0.07685691744887596,0.7198668614858417,-0.4910679639522502,-0.7333447911421584,0.5952320292526918,0.6897891492715241,-0.08395725137451923,0.73077305585342,-0.4685009915428027,0.6062837721956671,-0.12059330924521443,0.07454871475283929,0.5553552111010402,-0.5164944403654719,-0.29884501206574243,0.7678436806032449,0.706251347245051,0.5653010784084121,0.7056215696789955,0.7091713210175421,0.14963590317285216,0.6527935017259248,0.7156515227368597,-0.3256269541446254,0.653423269889089,0.7638438359660872,-0.023814583687460894,0.5962438205773901,-0.6493308670533285,0.5353847387792454,-0.08975388303046598,-0.38249950016599166,-0.4002939298761434,0.7814006275981725,0.7615397867230396,-0.6507484140048748,-0.2779665518633312,-0.4950004336123793,0.7595051428176329,-0.628986163775924,0.770231082159023,0.7157789759821427,-0.6937422124713098,0.7491312127336662,-0.2852512049161779,0.7173869384507564,0.705404490686703,0.7185303851636926,0.7252548419512143,-0.7345643189486032,0.7045341065431252,-0.6588308779419341,0.6051695774071957,0.19298441432217525,0.6807946166186423,-0.5813892837685253,0.6844103872176553,-0.24309285381809523,0.6871368831372331,-0.6642374711004435,0.6510020514729367,-0.5446292725394795,0.5660574874391315,0.6745376936326041,-0.7341000328340398,0.6870098813827992,0.029753601703224553,0.7542968884955976,0.6732430651547219,0.6487133293119873,0.7438584651849883,0.062021903646387294,0.49752022597289625,0.7220035933761686,0.7193272989629721,0.2793360124778701,0.3251919432909095,0.4322080247711384,0.7448252679322726,0.33328174098976204,0.5306860629280777,0.7149374251745579,0.7374433927885837,-0.44353878426369586,0.7365778479896801,0.6713659829159544,0.6385640429344881,0.5901598436454238,0.684553369648017,0.9999999691050054,0.5000769965318349,0.6389192595442037,0.2288133425254871,0.2851109813299942,-0.5202829967393306,0.6760675760379018,0.5984134493562772,-0.4768102697443478,-0.41490475803776217,0.6626146689032166,0.6751145940624217,-0.4593007648961277,0.2245917258196247,-0.39696309050190837,-0.05525115357925557,0.5715287106939195,0.6099923898482679,-0.2783289586711829,0.12287500824994639,0.13916098065096255,0.6891290154704215
LifeSat_Q5,0.31047705418720506,0.7955693045221179,-0.42400212210101335,-0.024087933799359307,0.8141993966820809,-0.28238460153341,-0.7450653963028493,0.7372877485085668,0.8653053831514885,0.14629971179041965,0.8039544676588427,-0.5050023196854685,0.6149899680481534,-0.15782368914674952,0.01827971749234472,0.5137237108297612,-0.2411185995841695,-0.3389123486224668,0.7217024391329635,0.7808543460431038,0.6848649039840172,0.8073783265670895,0.7912118112375007,0.11743049208064535,0.835957522274964,0.8110397023162988,-0.0399179759156131,0.7562499427145235,0.808160025670968,-0.1415091305374298,0.5369514306795502,-0.6588015939398368,0.6180380513428387,-0.1009730789176701,-0.5247661368041281,-0.44217012869455746,0.7828181873182274,0.8063807667151449,-0.6435825956690236,-0.43881033368350864,-0.5921981946266168,0.7616463088699909,-0.6028847354766014,0.789451726807251,0.7426076434690492,-0.6564611018320223,0.7785081964812745,-0.3822267027013808,0.7648152756002308,0.7475826110087613,0.7645694393066397,0.7595314360241974,-0.679618333483248,0.754130041893517,-0.5288257270946146,0.6142891700259883,0.13750858293962223,0.6591806506742204,-0.6471553075717075,0.7226628665701302,-0.2370492771508083,0.7617891265461944,-0.70137949452593,0.6665528419347411,-0.6555685907899904,0.7263970996041138,0.7500813684916596,-0.576131840562649,0.7696993763595092,0.31807524180998814,0.7853317217789947,0.6262082946600878,0.7688888223105355,0.8045669820134067,0.3551872880667559,0.5467582757466288,0.7270590423514673,0.7852627509279407,0.48044075642016204,0.48017034192483743,0.47553039126222646,0.712505228251856,0.5964576780490078,0.5850067097853184,0.7482204157910186,0.7078803311222049,-0.4726863912374733,0.7889547717642581,0.7640446248402325,0.6565651658118783,0.5804242262173035,0.7631044086363642,0.5002451607815059,0.9999917391598508,0.6117535862991346,0.20232160545463806,0.23960702751449275,-0.5173649667811484,0.6534918388433406,0.6072371422958895,-0.5122805677021541,-0.42167275276733474,0.6657712883043728,0.643434590080756,-0.4855621244446156,0.26489976577695507,-0.41838927089746447,-0.20372327206773994,0.5621964675734853,0.6684430745249257,-0.1900303263571159,0.19311561938335498,0.2258217114753241,0.6909086385188412
Lonely_Q1,-0.16120804648413167,0.6841687581881782,-0.48394719432670397,-0.38857435493412174,0.6725195014657265,-0.6187383690162296,-0.5011660564884275,0.34042494331301393,0.7203791046674926,-0.5749723408007792,0.5306375016463912,-0.2547581033915345,0.23350245362949776,-0.5257570564831203,-0.5750631210446209,0.37155327709863495,-0.6253407956247201,-0.5470242388736106,0.7206687052772371,0.7544072454874564,0.6225957294236164,0.7712678389058321,0.5015916128366963,-0.620380148587587,0.5325558384803872,0.4150912965231456,-0.5844459972342722,0.44804825522975916,0.7602392853721294,-0.5696886944693675,0.625786196986929,-0.681727066693984,0.7732285773939055,-0.32180747024698425,-0.2073411662989472,0.07494667273741498,0.7205850185354887,0.6857419137009524,-0.4545277232560817,0.4171525478288576,-0.2971215678088767,0.7640791281589646,-0.49898440102263014,0.7634292277271747,0.5594386869038619,-0.5854013414784768,0.8353909574870919,-0.37494967115462463,0.7860135424033448,0.7169155648284729,0.8083210343467615,0.7583731720045188,-0.7323504227329609,0.7709275518989127,-0.6573832926854121,0.9139735145244521,0.31840912612404115,0.5604258652900981,-0.7111225903513906,0.7410603217950424,-0.6198830008497228,0.8391716756832441,-0.25216438256177387,0.7176855817933467,-0.33080675405734417,0.6845933915290203,0.5862281804014193,-0.7600714126238799,0.8608983865056139,0.10591672651855785,0.7139187397546196,0.6694516207099311,0.47028670675596507,0.8507873238076068,0.7189820177714983,0.7557936545298451,0.5463074659453303,0.8801704943370228,0.3694890740991336,0.46092971329054255,0.8428709419663458,0.42883492663062955,0.2916788458488815,0.6836680553750081,0.46763572841262635,0.7389659218467305,-0.4121213987451306,0.5078103092319176,0.7363223281712026,0.8087015261126335,0.7341544108317882,0.794333625313917,0.813538701619093,0.6908138745119718,0.9999999999909974,-0.49464919175261923,-0.48649310310253935,-0.36155821773913094,0.6788094751301788,0.4042597204961207,-0.5969622580604339,-0.510552503831261,0.6129226214608559,0.27384766562392815,-0.368458085436602,-0.26147023366590605,-0.3789913403531902,-0.4466519578684949,0.3353756235810861,0.24375592654554595,-0.23182126418867224,0.03538045529100952,0.2582595454849831,0.30475364585781173
Lonely_Q2,0.4291829421440345,-0.5356195335996379,0.40101415964792275,0.5486086281766754,-0.33042305655070914,0.5610295608131562,0.12301105859653294,-0.1264771994836013,-0.32047692048326487,0.46278930901217097,-0.30317249178387606,0.4826645265995202,-0.4914195885463713,0.20964766770156212,0.5962846556907285,-0.12603951891277165,0.5148041558610882,0.5827304046044374,-0.46424867351785043,-0.5068448297740059,-0.4087694979537754,-0.3263789785062311,-0.3400743880636305,0.5483407490223926,-0.4871583874805376,-0.25114482206906463,0.567826692847511,-0.5233642343316625,-0.605203992449203,0.656974865983905,-0.37334291560515526,0.6914190232744984,-0.6431465855864064,0.550991632976398,0.25671138923590564,0.428062306147181,-0.45205182215202944,-0.5200617516288677,0.6165131144067056,-0.3971507067318646,0.1647763053023437,-0.5259424291292658,0.45010218579710304,-0.5719499623718292,-0.5998769894798489,0.5691781797779243,-0.6464275351863136,0.26153436570776245,-0.6080413849890389,-0.6583549945392827,-0.6132951001493541,-0.5724919985588401,0.6822302766628493,-0.5400864214109193,0.5645290728714705,-0.5487769492706013,-0.21143781888102703,-0.38827327688431035,0.6316713319893025,-0.5527734220445606,0.3951444986489246,-0.5775051946589399,0.346262652465852,-0.6285366139434496,0.2272164991876641,-0.5722105118685763,-0.41994559042373275,0.6006718445862604,-0.6285781119964785,-0.12431184143356529,-0.5863258670665508,-0.45384369079624043,-0.16186871998512936,-0.6217046862540713,-0.6133896631882967,-0.5395086929149602,-0.13567991798113704,-0.6243013171222517,-0.395965964798476,-0.23110828049629456,-0.7031045684828221,-0.2252262521686546,-0.35032851513836705,-0.5177834957779492,-0.34113355568592124,-0.5962395275710196,0.3467758176710142,-0.33078609099779166,-0.42329536159469255,-0.6763171842691371,-0.6703327241000067,-0.6886463957821221,-0.62491687557994,-0.7325725754786498,-0.49413137888935493,0.9999950755043536,0.8376432556767861,0.436097428554184,-0.39684115319744256,-0.14381468668056488,0.7534018219423971,0.6644405609741214,-0.20930089565383891,-0.486262717236335,0.4308677462398344,0.5666376314588625,0.586272262178167,0.6525812136400466,-0.46670801837134585,-0.4840851234083963,0.13597090634764591,0.36737909259982116,-0.2844349340942585,-0.3680792268481114
Lonely_Q3,0.42816003698959526,-0.4305491421293183,0.34715737017855297,0.4535325234158945,-0.3344072755601638,0.6571816767613494,0.06702586700942463,-0.12810976286632741,-0.3547107051306083,0.4408778703560361,-0.19078334152475374,0.3568502600645682,-0.41971786106931713,0.2397705139836005,0.5491423417225788,-0.167462077574821,0.6307516841445125,0.46415381618862,-0.3478799629570618,-0.6287502511349459,-0.44409836089096677,-0.30587679409715407,-0.3658181902526076,0.4996302144399329,-0.45368688464183404,-0.22118510107820002,0.5911924111001565,-0.46938690764504265,-0.6066284784926108,0.6442222161455775,-0.47179077950714055,0.6922564422906632,-0.6923603505509484,0.516160787970718,0.25193272347767715,0.3513554905054753,-0.40835063304604496,-0.5216012419830824,0.5976695850440134,-0.4181418129753798,0.30430030828135746,-0.5261571720521303,0.48512837217083643,-0.5893451220986219,-0.6293092993631997,0.571074117655281,-0.5976103233921715,0.3312699402396617,-0.6327732730767162,-0.7009894753299373,-0.6248063161926982,-0.643070918989605,0.6891548174331986,-0.5906919778869207,0.5188596901973599,-0.5774074569796865,-0.2826430950116972,-0.2441674565689388,0.6459718019302629,-0.5122080606817891,0.48962488775063323,-0.5478585724622442,0.2170967797522383,-0.6343160153935934,0.05338260579170894,-0.4458614967354594,-0.27809511715448987,0.5290906709246895,-0.5999809257193377,-0.2710816932299846,-0.5291296555678415,-0.3860362960779365,-0.2645575387721518,-0.6106824166756304,-0.6406156651315127,-0.48079528692496487,-0.12464422776165125,-0.5841588116774306,-0.21514025546176235,-0.2138476224013852,-0.6635958988569812,-0.35538762996812423,-0.29843360731237245,-0.44182986028248616,-0.2188276791305322,-0.5725139672934455,0.4098223953488198,-0.1985654206874022,-0.32665150102534013,-0.6762608434171176,-0.6759074021354088,-0.6133964093232714,-0.5758134966871975,-0.6500216982108411,-0.4840844686501123,0.8326860513194134,0.9998598644801833,0.4276581717912557,-0.4174345660743578,-0.1781013121052713,0.6327913281538986,0.5885140594787774,-0.18915644359650668,-0.39087944289558607,0.4344309956726876,0.4459492393310482,0.6176522191448276,0.6750525533103386,-0.4074387225475976,-0.40726657529493177,0.27247691675980545,0.23171002201005453,-0.22877860604973482,-0.371115580178251
Lonely_Q4,0.3325881202462304,-0.43224465460384875,0.34007053682400473,0.231951791105408,-0.27729491508285525,0.5530869600793556,-0.15239710549172764,-0.18236251478906051,-0.22964520052962592,0.332452777645366,-0.23726361495630816,0.1545099334880609,-0.34987673461957264,0.05611668182436791,0.41011059159216967,-0.0693747081066649,0.5023717102661627,0.24518792776374537,-0.4721168863128964,-0.41457177531929823,-0.3436293867136147,-0.28487354911920637,-0.24913690140974556,0.5125219592657699,-0.4396977031846495,-0.1487096128390325,0.5043163968186501,-0.4142742499892962,-0.4102965001480192,0.4516064576618472,-0.2769319076555942,0.5766959947507151,-0.5577423844675633,0.22902820671894153,0.15945200956078004,0.1602302457731942,-0.3868193773140245,-0.3478917339662654,0.4497398463461667,-0.3538786315127755,0.22872753480649974,-0.43585631602137753,0.4850397659257464,-0.526259226952412,-0.43411025976546036,0.5523078010848098,-0.47879356021935443,0.2794061023826175,-0.5962067930882553,-0.5724830617396648,-0.594015536965451,-0.55478818411246,0.6191745190516931,-0.5490907116184437,0.5193917137012782,-0.4688944051368411,-0.32565843893322066,-0.26219267045631167,0.6336799503698077,-0.4652593966540933,0.30234613446715947,-0.45473501807875794,0.16917485232695118,-0.6000617344471755,0.10498026103049954,-0.3681023506262658,-0.32236096279686893,0.5033791616751027,-0.466903731175546,0.004339654685714331,-0.46461692961531187,-0.31071573609182207,-0.011142078687226706,-0.4986421262683559,-0.5197354902336351,-0.4328173487820753,-0.04968903623546325,-0.48400310733885266,-0.13545131334206917,-0.09496452988256346,-0.4810552871442835,-0.1589479026299675,-0.21735439781441102,-0.33518739950202725,-0.2072138239960731,-0.46307714699655916,0.3246177604440241,-0.124750301162831,-0.3508477057818548,-0.5620300180827009,-0.5399282182426073,-0.5354893842701871,-0.5592506001596789,-0.4994561132397208,-0.32121831661429256,0.3853300920725576,0.3732498761542181,0.9841651707644963,-0.34347348950979584,-0.1487727561575535,0.3108256639994172,0.23566667270843727,-0.1980186107684802,-0.11909302070063699,0.5394037063942236,0.39419877456171554,0.39693440767884036,0.6548477732802394,-0.508348201413025,-0.26921422414300006,0.2152149475275451,0.24644055559340416,-0.44289279780990715,-0.4020549822610908
Lonely_Q5,-0.1260349292069594,0.47958904577713957,-0.2619825223397845,-0.2403596458697588,0.39361798570855305,-0.5541499984204512,-0.23318247952471782,0.37368773524270255,0.5532045849499945,-0.28825634288549856,0.3423805035457306,-0.207309859384761,0.18821953986570744,-0.4150746610565171,-0.4391420236096242,0.4706836891329619,-0.5518215618637143,-0.26425612736842974,0.49835588759602434,0.6914166932341215,0.4593333992920292,0.42621798321841387,0.35514805000160266,-0.3964374662721169,0.3890326927812152,0.33211468042182246,-0.43047168449072837,0.33038527869373113,0.6219910154502302,-0.4428765351449236,0.5057941067925353,-0.5455313394431048,0.6035360757517029,-0.18967627232212614,-0.10658139024935095,-0.018646433547971297,0.49195816321878993,0.6780873745029563,-0.40513142466954033,0.25377193199744613,-0.22015007505705286,0.5734496724587675,-0.29981946831971984,0.6026299567378064,0.4717191024779894,-0.4082902117235128,0.6679382059866067,-0.2155059116619812,0.6510802882380684,0.6335365678503095,0.659374665631248,0.6781593679299825,-0.6010050569009651,0.6124475665758834,-0.4697713631950603,0.6860589450671797,0.29466192685795667,0.36649490147145924,-0.5874513266275811,0.5918072724377834,-0.5160185082109445,0.6310241575060043,-0.14095261071667384,0.5785754658170895,-0.25130418966984314,0.5542245972890061,0.565515682743051,-0.6439612928514262,0.6412590577725512,-0.0036477762766296967,0.508020688523513,0.4040574039122539,0.31533123961696424,0.6234198098852071,0.5885598336844697,0.4464461884145785,0.4625432948638258,0.6971394628242984,0.1718170105337449,0.3022484608550666,0.670706423028635,0.3622953512942319,0.06230596543420369,0.5217071897594558,0.3531579778070273,0.5314338825403474,-0.39051800607438136,0.4777427979073524,0.5437754863516832,0.6678586220927871,0.6684262847742812,0.6799261462865823,0.687854685421347,0.5903549200714564,0.6778236803767461,-0.39711750632710185,-0.41937464281413545,-0.39243302614769315,0.9999824338777578,0.41189344753477586,-0.3967984206195856,-0.3233762338493135,0.5740797313313266,0.30082467957195025,-0.2730912064372879,-0.247073304916796,-0.3344798429058221,-0.47362988621147595,0.3337534281112877,0.17531108242538326,-0.20394200829256062,-0.057635312291156926,0.22725534321517335,0.2951468990804425
Lonely_Q6,0.015239602636694383,0.40322120082953017,-0.2862613157982089,-0.3009491745556589,0.45489451013453763,-0.3511721800542339,-0.2984742103127618,0.38432447621866284,0.4849580385492976,-0.27442904042184607,0.5879470561531904,-0.293473243719834,0.12908226977611229,-0.35420507957179154,-0.39650239232701523,0.4704819165550689,-0.39149657006657834,-0.1595295340817202,0.39758651008323986,0.47793208070593846,0.3684680959333034,0.3606688108816296,0.25825974203345936,-0.2852136283934041,0.44729157833527367,0.4261721201695966,-0.37591340311843935,0.4243691837588828,0.5237761811095136,-0.27536529580453717,0.34465688420553653,-0.36560709944692554,0.482275994328343,0.01391888466207604,-0.10477896691429844,-0.07261694032516554,0.5305740098787466,0.5885386307465142,-0.14897990392413385,0.3809279352710342,-0.22520919419312863,0.48092155358252,-0.16762259287001877,0.49960690759643256,0.451584987772825,-0.3099642445182632,0.48874872681793835,-0.20537417524095572,0.44541763710889715,0.3928315581528393,0.381663654478287,0.3730360387371229,-0.40290221809838295,0.3868463445625588,-0.37403298846117017,0.4568415076960938,0.4060699878128294,0.41906585104465194,-0.40977951257626055,0.5934346927472016,-0.539450723409201,0.526802404620553,-0.2059114546139627,0.40712863375178177,-0.4244742956686464,0.4652196486547047,0.5224929900536366,-0.4394540430223174,0.5124763499836871,0.040597870504310074,0.3839104389009827,0.3691597242256745,0.13390215541283057,0.4985461911138219,0.3821856393811913,0.3692752063466678,0.34476129167315184,0.48818527659932265,0.3944678798807917,0.31574362767433106,0.45076201839300556,0.3254954732698726,0.0946272025175799,0.5337645707901597,0.4545200653733962,0.4141440327940604,-0.22872952503297495,0.41065409222791216,0.5512248149173635,0.4138468563073512,0.36708161863523464,0.4451478256638866,0.43847041936191067,0.351382102969136,0.4039859096723043,-0.14364282907992523,-0.17953191407074992,-0.17886780923216772,0.41198709634235997,0.9999899736430077,-0.22890762591253658,-0.23807887286304677,0.3769046308745806,0.056571478116615635,-0.2535543052919997,-0.24385210059443155,-0.19396719447166716,-0.24235263874973012,0.31043706020093936,0.4441991041597466,-0.20426498196129572,0.11548292332343367,0.22189547506702334,0.23362533056342918
Lonely_Q7,0.49597490263338007,-0.4824280064945712,0.4606593379648851,0.5957890448057237,-0.31141042477003605,0.6221284347693092,0.1818666181758477,-0.16767216141913602,-0.45378947961662797,0.49223688360009155,-0.3336252894385585,0.47566598618049005,-0.22111666845428904,0.45454358584877985,0.6733679305478919,-0.00883729775437031,0.6064526479218864,0.6884021360787996,-0.413463995333854,-0.5578821580935689,-0.40747724370099847,-0.40380565710158833,-0.2628113414219379,0.6518120764290942,-0.5318806821632602,-0.08259472689873187,0.680599044684061,-0.5143994454928661,-0.66331427049539,0.612942903553165,-0.41465590867279806,0.679791206202744,-0.6290199654936521,0.49565874989513536,0.36103926095502853,0.3063105334623753,-0.4614625003189298,-0.5051847585720769,0.6370869612889947,-0.2705053679393325,0.41318610531311717,-0.548911835674631,0.6191228237942444,-0.5833569416401063,-0.4672622881155612,0.6537882141351089,-0.7077537870989905,0.4081590106593057,-0.6447140218247589,-0.7029518938605637,-0.6626933308679113,-0.646439359306954,0.718319393074891,-0.6057359485067078,0.659211170502648,-0.6772182831518074,-0.25048558054871634,-0.38767132438231855,0.6660742874949745,-0.6001782192828514,0.5361720083565605,-0.6488897188421476,0.3971803472332508,-0.6517994637799315,0.2772056821061234,-0.5893569470003432,-0.43187981859881375,0.755652749823387,-0.6855556893384487,0.07177242788073651,-0.655854876895215,-0.45890539594156377,-0.35598716661160723,-0.6943078552112227,-0.571547162631391,-0.5678567011292108,-0.18540526987318343,-0.6896580186325962,-0.3182526506259516,-0.3958879617239302,-0.7389324802761318,-0.44174996976814046,-0.3017453947878138,-0.5240508615747862,-0.4316447323398536,-0.7111424026107764,0.36188297466864633,-0.31471928609465954,-0.4829694424582068,-0.6988068841974222,-0.7099533707350518,-0.7189210857864858,-0.641913773001711,-0.6650608978514451,-0.5969553007534754,0.7533399135350651,0.6388509176177333,0.3498055003763156,-0.39728414613843616,-0.22911102365202635,0.9999999990170105,0.6288771691251591,-0.4851956266022392,-0.3507134222257917,0.43473846941047706,0.45489495460319107,0.3656928315011666,0.5021824995908826,-0.31788277808888116,-0.2871133275628039,0.3857306517229159,0.12558019505454243,-0.04058455328729709,-0.21279345213585554
Lonely_Q8,0.47017623728311786,-0.4381440038726302,0.40134799041341906,0.6069561523833488,-0.2519173219554085,0.4988276767993353,0.22092767076238007,0.0891000138917412,-0.26258372795693075,0.40081702651305506,-0.2952826050216829,0.5493631591946349,-0.1621747066729498,0.28419108806410726,0.6748544135521913,0.04763501604448242,0.509273121328468,0.6024389891064426,-0.3684484440152943,-0.48220738263965135,-0.3483932623097684,-0.3120508272545225,-0.27373238303539005,0.5325851227369026,-0.518443501357186,-0.06872683610069787,0.7027351074601111,-0.5091534180561703,-0.5871780443818363,0.709184234154674,-0.355842314914511,0.6473677563710087,-0.5986432390327191,0.6253498379742958,0.5272589607122478,0.39123443617251463,-0.3911337474171427,-0.4555131113254753,0.6546422501357833,-0.21907179664911797,0.3492897659507995,-0.44586608770746866,0.49418058713053725,-0.4939628464674197,-0.4927704090576254,0.5532549898187147,-0.5815309021090825,0.4615682662223552,-0.5427531808303214,-0.5667396723645659,-0.5600966843675755,-0.5376791267194778,0.5991358672731317,-0.500174161587162,0.6203674356817709,-0.5667773709407319,-0.05265955172073765,-0.2845715745441805,0.6169696457795623,-0.5059915831063542,0.5173631245894539,-0.513148857106539,0.48199464036510176,-0.590750184645645,0.3578764073085302,-0.48239046090993387,-0.37402388570961187,0.6827206070215013,-0.5682587231745999,-0.1362741001090153,-0.5808948786668313,-0.4519959784851339,-0.2323052963633394,-0.5802644353124911,-0.5468748341215888,-0.48845873535566436,-0.07522886710538389,-0.5866035372108275,-0.25216364561053334,-0.14562372481172528,-0.6070415212094125,-0.27411096469554863,-0.17609517485082118,-0.47900534171337383,-0.2902192558374469,-0.6364841596189618,0.3944550151572126,-0.40012219741497335,-0.41446435057263725,-0.5841516122363626,-0.56172137478512,-0.6039845334033491,-0.5550809897111166,-0.6170037396894931,-0.5018604815182227,0.6456179729400754,0.5934190957373797,0.22822592261233882,-0.31603281809448397,-0.2430551040972298,0.5917212726031462,0.9865621272742048,-0.3306736728122221,-0.38866414215916806,0.4184411662637277,0.5243149426679377,0.6661318560907612,0.5675543137455985,-0.35103215129880916,-0.4206102880793582,0.32731354934789036,0.410777658157215,-0.30353112527202364,-0.3220340448820592
Lonely_Q9,-0.05554339009268136,0.4833168328576425,-0.32767134634201106,-0.3389076594850275,0.46914841789432304,-0.47963013338970073,-0.1948276765932427,0.42246497529887184,0.6804668358968878,-0.33046617126134087,0.2972305114772258,-0.23819886171478077,0.07880335420404141,-0.4815939702305366,-0.4298987742640149,0.3697152522636406,-0.4994711502003777,-0.27988773734435995,0.3820593327610238,0.5974635144988634,0.48405696125768216,0.5601296447048074,0.3318507425942095,-0.3753939197658188,0.3267493933120513,0.3092444720265477,-0.3893933766707644,0.26517281879896654,0.5439042305730231,-0.3473305482567075,0.48834377529485634,-0.47510800045878765,0.5136924393195823,-0.058257754030852274,-0.10751371034858848,0.0039229116369749045,0.49727948641953024,0.6884265132353448,-0.26170936071814294,0.2929534042294698,-0.3221137873382777,0.5186631967063988,-0.2946985792140565,0.5091583092113974,0.31471622136899985,-0.37707932113108233,0.5928800232737456,-0.2345762282992721,0.5467065529028041,0.5482189819048303,0.5483493715575928,0.5539949617575648,-0.537756425098113,0.5383509872132526,-0.4000604921250108,0.6905006649602055,0.33194975476674116,0.2585078752968953,-0.5159936866991777,0.5819386974441486,-0.4645178247628058,0.6018170207883016,-0.12524109266600947,0.5187877829973602,-0.27209508830666096,0.4186853013236417,0.3718207178377452,-0.6186353282631174,0.6221291762751926,0.07228453088061881,0.43943294968740043,0.3879259075780692,0.5316462362596751,0.5860784053379131,0.5010566852378157,0.4932476575383417,0.39444506058440204,0.6302291944814332,0.12011890982804771,0.43585222488334435,0.5810601479977964,0.5313228904188838,0.08853108125792841,0.4293599445324837,0.35723815098659606,0.5321889237813593,-0.3378003481518628,0.28275160277998734,0.5283215920700637,0.5540925221311825,0.5703290348892764,0.6386113769618382,0.6134693945561662,0.477248433640922,0.612837010575595,-0.209809924643722,-0.19252221351545104,-0.21421327268063287,0.5741890291050104,0.37761164776805406,-0.4851221854836618,-0.3406680363193301,0.9999999146228746,0.09240273776900834,-0.31069567901580464,-0.18387180626518967,-0.15258464813842926,-0.2747016037856113,0.1615978661486341,0.028446243584873687,-0.29232695983982654,0.047793439755653165,-0.07615310006471364,0.06758278986540064
Lonely_Q10,-0.10553107141623819,0.2150944407868982,0.018516318579342092,-0.1571052170148659,0.16669583149789527,-0.3934331821369643,-0.03825858571759737,0.23749864214983143,0.21887140940243577,-0.10158994294704748,0.09412085726172892,-0.18136532824285367,0.3628980099186965,0.05267679034965753,-0.22172744962205929,0.22695987668231413,-0.31407595784018677,-0.206324016215907,0.20381362898843386,0.38452278148217267,0.2586099760584775,0.06337123504778522,0.21635827119276343,-0.03058645077537437,0.27185804568167304,0.26520282345084545,-0.19133586721080392,0.3065623300471848,0.2629822036078555,-0.3262368895283966,0.2974370953118546,-0.4253222937690624,0.3744010855611999,-0.21626037754357968,-0.11279848539499532,-0.11240893968667921,0.11893026302990586,0.30287738701778993,-0.2964144473484891,0.11817303400363108,-0.04791094693702898,0.26802493203073985,-0.022889873170394592,0.2228893762463861,0.3612372052615435,-0.07489167836878113,0.2993268777460998,-0.2709006909623537,0.3022089678232648,0.3970466697516353,0.36653392932827233,0.45357923866551875,-0.31307956057023845,0.3628880079221556,-0.1438248628869279,0.26788926420751513,0.0944873937312495,0.10868216531410521,-0.2481421679099819,0.2290944306233033,-0.16793708307967808,0.3124693071029257,-0.04360259188930735,0.38097980329524944,-0.0637974559894634,0.30766505013376916,0.2834992130784198,-0.32213189561185074,0.3569128169685901,0.2626972815922688,0.2613866730360808,0.19664020341250138,0.2463510760155071,0.31406130935406873,0.4531752708215183,0.19736414751787135,0.2197175142462323,0.415188417601367,0.2724222503484439,0.23500879190245144,0.4377713703463197,0.26405541766557244,0.32359119305732303,0.2830515589224456,0.07565062358061347,0.22876358260630605,-0.3495909899106536,0.4300830189512702,0.2862917001644165,0.38069234141482927,0.4467268832346466,0.3841407786328831,0.33825328282120454,0.5120858740641371,0.2732841743157084,-0.48623917902718106,-0.3914432302834599,-0.14820947118856917,0.30056911173566064,0.05578909379435124,-0.35006644890506494,-0.40613032982472363,0.09223134336150461,0.9999973109790552,-0.15124560116944127,-0.08406556457457592,-0.17580097999436495,-0.36459339298353527,0.27844618929451714,0.13746438884333437,-0.026795177279863077,-0.010103928529439754,0.05886696070018928,0.11045769295056129
Lonely_Q11,0.43858140425496206,-0.2830297471076051,0.42466220861195847,0.48291051561693976,-0.3296790551313575,0.37764349064914027,-0.04732044039936331,-0.10763912498139658,-0.2637371234692507,0.5158933171785324,-0.22810333435013302,0.4291780502631678,-0.2527946266702209,0.23574436495808745,0.5853003358737596,0.05200662097730058,0.3895156649544558,0.38098847805812225,-0.3726088222286782,-0.4107583716729497,-0.45210336664848333,-0.2328246095287132,-0.3739187991274405,0.5531445755354363,-0.4365016020625184,-0.03415087315356147,0.5558858034359331,-0.5088114932228587,-0.47839937383638864,0.5396191820082311,-0.3768480272138964,0.5453642318680345,-0.494313654847141,0.2948147252376148,0.37225698728589546,0.4346307561839474,-0.3854130217718328,-0.35198647172229547,0.46803298584203223,-0.3125021177559686,0.35159299306774383,-0.43071821895350215,0.47240778862087995,-0.5004768530734455,-0.3425059007916794,0.5533052976361096,-0.4960637345298607,0.2689371758300835,-0.4240255391935234,-0.42046289354749533,-0.44694734761879173,-0.4067384142150352,0.449328203861707,-0.4696051765870429,0.5271535314571052,-0.391499167252008,-0.2885177911120381,-0.24444980410156109,0.542939632789935,-0.3693425476006828,0.44099375213557945,-0.40773833907772017,0.3847054371538188,-0.4877383654959968,0.26022886390414995,-0.36476615918521055,-0.23252483838393273,0.5117204907101645,-0.4125705493236803,0.0631537878336832,-0.4490586237016883,-0.28123634430340905,-0.07400940036342464,-0.43492951903401855,-0.3614316270977119,-0.4329586265533394,0.12320388553019218,-0.4164597019479478,-0.0897862508209338,0.13482439474045071,-0.4768129788015972,-0.14726547456801956,-0.1177194183076208,-0.3521768572837947,-0.29941283729121065,-0.42068310078601795,0.1997190521390389,-0.2191483481129289,-0.2663133125563181,-0.41435705766392955,-0.39955767544998266,-0.4973015439948997,-0.481968074010384,-0.4679649345450928,-0.3656563471773686,0.42777772137236025,0.4329753711600135,0.5018012225413355,-0.2713855049403121,-0.25081163823293917,0.43184025577562746,0.4431464741336999,-0.3092308952865438,-0.14958899296645956,0.9999583982513749,0.5294184044111137,0.47327571551771785,0.5290136016998481,-0.41635400102791004,-0.3037026045003203,0.3404278793935163,0.17536696490078296,-0.2538495405944947,-0.2700939073081343
Lonely_Q12,0.44309186428639996,-0.3740878961035459,0.36631896548828374,0.48669702466749365,-0.14544695040406613,0.40577176932373227,0.050274271758901534,0.10326843159522278,-0.09579390814439849,0.36784673694191017,-0.18565530633149943,0.49845349491816077,-0.2469078833946742,0.16509036824498205,0.5891496118215133,0.05106258076480046,0.4054065685627227,0.4526785592671272,-0.3257131512237015,-0.25566080893752646,-0.22397694493406967,-0.21422584098245534,-0.1550415096066046,0.4688619321089502,-0.4128417537097397,0.014389121695963958,0.5149966537348355,-0.4780094630308168,-0.40204565210959897,0.5585901482227283,-0.15037768898953757,0.5488202424128422,-0.49666570582238534,0.45737888453325565,0.3819171421968697,0.42718055790083675,-0.2962140257084966,-0.33481275571916796,0.5629399688877106,-0.2736412545187684,0.19077022734935606,-0.30052811482514974,0.3884339166326312,-0.3697905794593893,-0.4857869405209029,0.45654156119533695,-0.44772127763932323,0.2545654280077879,-0.4048756576271474,-0.4693517607492112,-0.42653537482985304,-0.38190113503539724,0.5073614925769703,-0.31134659108424284,0.41907053693608287,-0.3460600476588414,-0.09988735597046189,-0.2758608323606128,0.5170352486010754,-0.35315752713954807,0.3187800937092165,-0.3542694072702945,0.42231164310240277,-0.47635709673038457,0.3083728457779168,-0.34245706762849615,-0.2480560234064347,0.48674110507849366,-0.38363301264758465,-0.05660548381586088,-0.4779954408918762,-0.32096322847073505,0.10471111184736535,-0.4266740412437811,-0.4491686907421093,-0.30911123770185606,0.09370434163854194,-0.3917002853694435,-0.17364450808558263,-0.08963638214336683,-0.4184295274574719,0.02677475882925491,-0.18928282121242815,-0.3452430499422038,-0.2566778998055707,-0.4444823151422574,0.2246679949813435,-0.21125359346681966,-0.27530884661383603,-0.4423092095006859,-0.45750812280196634,-0.45717757127728026,-0.39771563845593505,-0.5289677925741987,-0.24816034049464897,0.5585580968958017,0.44129597053240965,0.41317049870507094,-0.2321382966126645,-0.23948904717755107,0.4504750645190557,0.5177488144788449,-0.18673000637525794,-0.07323165884116577,0.5253381952310192,0.9982624137262879,0.5416458444406335,0.6352163516831759,-0.3686224337518851,-0.5303285528846577,0.19000908851523687,0.5345898727822893,-0.35370679987744336,-0.3981261657021658
Lonely_Q13,0.5218547858475326,-0.39140787469538285,0.3479307338347959,0.42341230287825027,-0.1353390262406476,0.34370668659265835,-0.0633953081177363,0.2141615556726414,-0.05989666167854493,0.4060194489706843,-0.13162658398209953,0.3187172453305405,-0.2629391565763818,0.08740872224959655,0.5409758046126394,0.09463879689127257,0.3677137526041281,0.35745042643299935,-0.3428851191837561,-0.2694594892786657,-0.2770021495468523,-0.1761603333461103,-0.21704558078922548,0.4690924232521931,-0.3608999695403752,-0.020062630436484097,0.522683165236834,-0.373422833501725,-0.3790958439648203,0.5902399952446377,-0.2278783990070236,0.5235467248537317,-0.5352475673731028,0.5072382722042434,0.4404393113687106,0.4994677937788391,-0.2934194913991458,-0.2901955933516953,0.5777142386999143,-0.28506485134030957,0.20939757376276225,-0.3261072908811694,0.399597880833146,-0.40611362675684515,-0.4419485368288768,0.5138968028171307,-0.40974278081157367,0.4025958368517374,-0.37621860399950563,-0.3759982305398372,-0.3774643571339128,-0.3217351439632338,0.4505780835541884,-0.3764649300640195,0.47768144119014355,-0.3298964529502779,0.02190290248147049,-0.2211065030284761,0.5460753446045623,-0.28322014713774885,0.30091767923982,-0.30566148834869983,0.4195040117434861,-0.4775447813697524,0.3150528378171136,-0.3171309544975687,-0.19372675268897777,0.40510852759468574,-0.32399545783346795,-0.022496219008515755,-0.3935387447690707,-0.324755029301663,0.02358489590958668,-0.39250787968277107,-0.4037726012099815,-0.3600320843064694,0.06537867969968914,-0.3281023452983813,-0.0689498492969545,-0.001848587918964209,-0.38473103768611067,-0.04631708873029078,-0.18755615861977315,-0.2536795948677694,-0.2362615914690751,-0.37380852673599047,0.2850274037279956,-0.12895036326594678,-0.1940226572062445,-0.385503472196006,-0.3509371322304488,-0.395410867189839,-0.40777832104324163,-0.4913225810247677,-0.26442576086559116,0.45769102683697105,0.4950181981606997,0.4471754247107633,-0.272018455623547,-0.11753364795738895,0.24396119944052932,0.5982926790427775,-0.07821848902459475,-0.1278055051764004,0.47092424334134525,0.5922396972802131,0.9443978487046125,0.44879728890025566,-0.34287087179667164,-0.5755079676320196,0.20159278196186506,0.5108183176812238,-0.3696822613577505,-0.43480357338244
Lonely_Q14,0.31750691395250175,-0.17135787712050812,0.2057359268320874,0.40934051755125755,-0.14185773184308548,0.36746294374310406,-0.13900398380403767,-0.002167052747949035,-0.14250981530836743,0.2249706555941468,-0.11754173712737717,0.34684502195050354,-0.30218327138655765,0.09517237191222415,0.44409315581450204,-0.09833551796617414,0.3262973374529949,0.21551305750475386,-0.21323086368542765,-0.32967019262108743,-0.28796827023034105,-0.03666382918154183,-0.26550199761695686,0.32001468934688304,-0.38753412467208714,-0.039001966611674516,0.4109104584907937,-0.41969419322081225,-0.3476679176662857,0.37272821903972475,-0.29122059793531174,0.4525608231860101,-0.42505472832980357,0.1968779876500878,0.17391587240616083,0.3905072821288037,-0.18142827320951943,-0.3226196083382299,0.3264460731261929,-0.18478239442307176,0.14306558170504646,-0.27033565021087935,0.31028549565517843,-0.3098596489858424,-0.4134410031160314,0.37948260376561815,-0.34289167232988593,0.0781108262946982,-0.3276305492329844,-0.4093425474966179,-0.3420492033331385,-0.3706499375195549,0.3854326064916742,-0.28885061187623795,0.3548600753202481,-0.22724882014304462,-0.1225879120176897,-0.06674727372928355,0.3806373023705133,-0.28165048873460774,0.3274207331446755,-0.2606738616106941,0.2564465151132052,-0.3777640215777748,0.1837500008832283,-0.26223341343814643,-0.2254504269531999,0.3633216209816211,-0.23990023810196495,-0.03165823299977115,-0.296863952978882,-0.1950915733664557,-0.05995968912127688,-0.2966194359273726,-0.34631624998928795,-0.24454732267842164,-0.012067009513643798,-0.2772208135227166,-0.10130405028274339,-0.09874162444828566,-0.3531119608433847,-0.1687739356620479,-0.07261813036360952,-0.2949315611268589,-0.16291941025566636,-0.35178759332991477,0.18122609781157098,-0.17517977517771788,-0.20513874502076923,-0.3160290457707673,-0.36558671229254336,-0.4169702141586703,-0.372904552092446,-0.38361452217577235,-0.1268302045589219,0.3862318926387885,0.4157717248006798,0.44722604804837385,-0.2816445204137305,-0.127389609390207,0.27928975368873593,0.31052840560883066,-0.2010289942219958,-0.23787504928073142,0.46046640601456745,0.3951782342191203,0.27741667945512083,0.7621339661598059,-0.503811427825142,-0.20873862025659046,0.16001998231408485,0.2725666152735663,-0.24560649532906723,-0.3245574981646688
Lonely_Q15,-0.40721039454925123,0.4659880727717707,-0.24106838449548235,-0.31379629724795755,0.42281558591832846,-0.45175914346114493,-0.04335560159253343,0.05342055775148452,0.19238334755818032,-0.3692268680288528,0.3630990784410087,-0.347717221479642,0.31063224879833873,-0.19245539515732485,-0.45840894780276875,0.11557207668632402,-0.446228115133675,-0.4056908635917644,0.5599800927720607,0.428724610898194,0.43201570458288946,0.2989307964411976,0.37224316652809925,-0.4553574871903695,0.49982926074768774,0.35137021383461775,-0.5708282037215668,0.5058608673041117,0.5074837853875295,-0.4751719639913292,0.38311794992001214,-0.5397691372902815,0.5697830940624513,-0.29217997381334704,-0.2127657622117331,-0.28236388571385174,0.48677402124540303,0.5014685443792138,-0.45964217948942576,0.4528196709918868,-0.3042124887610377,0.49731613193289587,-0.4322027999715634,0.578998672277659,0.4629807008374037,-0.4900932963868949,0.5809052873131417,-0.23484158557574092,0.5401214754500494,0.4978295179846879,0.48628695688187507,0.46004837870582804,-0.5117522715504044,0.5043730420421673,-0.5772507693445926,0.4312484289819388,0.05053667929051024,0.489064622910962,-0.5443619238864478,0.515785383293852,-0.49254131208676655,0.5397830472153324,-0.36916952535778663,0.6402067440061019,-0.4123938422495547,0.5155351451120863,0.49802084451077033,-0.5213822010707254,0.46416639984323915,0.07890699095826365,0.607428695347335,0.47463034832901685,0.059874664735452734,0.5727160570404339,0.5183166167259727,0.5615302719676527,0.032738111553134976,0.48803421281623593,0.36280403325791166,0.21961661553347267,0.5093660228940329,0.147356930587892,0.4481318241141581,0.5252781745874322,0.4242136248534323,0.6261626215304337,-0.3207338742014752,0.4822746826741169,0.45387747735727707,0.5257030727994672,0.46585341329648733,0.6098036282777103,0.611393808645815,0.6152006490875065,0.3214486953382834,-0.45756441561019595,-0.4001670327904301,-0.4968700213343755,0.31802176068824245,0.3061500631181003,-0.3150922558024207,-0.35950186281322827,0.15728136019978703,0.2727744059215395,-0.4125738055144727,-0.371238337113024,-0.34198482662104784,-0.5570675999511843,0.998320188094583,0.5238096988268199,-0.2727769438699934,-0.2781488709641159,0.6545350380326118,0.5784706253449388
Lonely_Q16,-0.31993809441379456,0.5047513628404073,-0.2505800599967591,-0.4341158096048967,0.3426030729206169,-0.2737985843907601,-0.22771257615619295,-0.08069973076682674,0.15378275867090402,-0.2678182865683782,0.3677028810790622,-0.42630319520181975,0.30110424361426735,-0.15107180110877066,-0.4748887030270313,0.1162638079584546,-0.2826066419690848,-0.41356301574719145,0.4518658331282468,0.3126570756203493,0.27546127102453,0.37182784317556333,0.2179469082832467,-0.35049537410126896,0.4788340322587904,0.30578120768560046,-0.42491111715416197,0.49871304616859824,0.4326200665483722,-0.45415662152970865,0.20399947005141916,-0.42396514983048633,0.5328624841718744,-0.30108572213850493,-0.27250352747855244,-0.4130357245545538,0.44007411755179704,0.4179361241544901,-0.37057242048665145,0.4434512655289241,-0.159413485810403,0.41231608105255657,-0.2628599478706544,0.4919198790951025,0.4815586481247334,-0.3824583070491436,0.42687220941730425,-0.22807857214240107,0.39878239125199955,0.34542473741380986,0.338472645506973,0.3029676556067723,-0.42614260660128866,0.3899318324518664,-0.4110060933884405,0.3020361565127807,0.07849100984816089,0.5344886732921932,-0.4450818005358659,0.36032025484771446,-0.3491915746922327,0.46043303959382964,-0.45352220650988817,0.4995078000245004,-0.532502496781935,0.4995189146288221,0.46117718331818625,-0.3542180657249294,0.3834778110327126,-0.005976612376690678,0.4779598302027579,0.426779976447778,-0.07835111967099971,0.4571050476887611,0.381058989138778,0.40237511117403757,0.04924016033074595,0.3464041574503878,0.3653660991304852,0.14485003774633493,0.45966160909304343,-0.08832217070049726,0.36058217337701837,0.5082905784348315,0.4558149920627047,0.43136340831401454,-0.1731162201988426,0.30575077119299054,0.3857061819666315,0.38186754932019884,0.31326463802326177,0.3519038697349562,0.35293104830081773,0.479192053441197,0.2433443488268157,-0.48350485784345004,-0.4096026191038027,-0.3021894904298622,0.17529408802749713,0.4436375452519449,-0.28663210990721577,-0.42381370695918613,0.02786231016151791,0.13765745349484648,-0.3058364947669078,-0.5236987289915866,-0.5870095361841916,-0.39506359683056136,0.5266233742084154,0.9999964173347013,-0.12143815983522753,-0.3389442222229636,0.5261966404527463,0.543228275482224
Lonely_Q17,0.5687851952126581,-0.10466484778659177,0.35281663819296705,0.2549748355920247,-0.046371485996065144,0.5328080806013518,-0.2138140252814026,0.011356214792069778,-0.07922760103204443,0.3642563251023032,-0.08533693831963593,0.13339459022637196,0.2671187907419515,0.23049289073971757,0.43382693872702255,0.2196803920089646,0.6523297540782658,0.3962746716631887,-0.08790394968746743,-0.3815469296502062,-0.23796664191950906,-0.07113659783582059,-0.13031422751727678,0.48958404559935154,-0.16714497719268204,0.2677228059380907,0.67892541096369,-0.1516388049397691,-0.25912666007389085,0.40045326900155126,-0.3002864574045919,0.4442905842921045,-0.3753700203631384,0.32449014664908904,0.5315946732162102,0.21786858193941572,-0.16854857018158947,-0.11971013197270175,0.5139363285407377,0.09481142566518931,0.9901867580899099,-0.24385775091259357,0.7350149355617643,-0.31905048130615843,-0.13579822184010867,0.5650821885946435,-0.3355187007184286,0.6298402807497843,-0.3434498597785992,-0.45044454013499047,-0.3243735303650289,-0.37076676972254896,0.43189225087209526,-0.34635407465152174,0.48638366961721125,-0.3515086184362869,-0.15171641060080976,-0.018605668062905395,0.5753269916776731,-0.32091487276350694,0.6652248889456004,-0.23457621064446013,0.18739616914486928,-0.4159713083102923,0.08814722621088132,-0.13604925712426577,-0.03671699545970089,0.5005336124309163,-0.29043810919051993,0.02085543486721607,-0.3528774923979404,-0.09514914500253341,-0.19661171695455454,-0.3455616932751012,-0.3003913515241231,-0.1715788655283627,0.2738442629949332,-0.268924391537889,0.0672361765505724,-0.21532847332068672,-0.2850822044755694,-0.2294425238569432,-0.04065977754089915,-0.15178395014109888,-0.1041919108384883,-0.5299416181372056,0.4213534996959033,-0.10331326102123817,-0.12012868587883911,-0.3195054613676649,-0.3760594263676326,-0.3180633979045637,-0.27087480075111736,-0.29156105351177447,-0.23180807775860213,0.13566575796089864,0.2737565611892891,0.2478653497626315,-0.20527017004026277,-0.20521377106659303,0.3857230200748877,0.35796887289124113,-0.2923069624764808,-0.02722810640730215,0.3427609212366331,0.19194724322642712,0.2233102933961476,0.32477134624451465,-0.2673657042135237,-0.12208806917345366,0.9999999981532403,4.4107969616319354e-05,-0.13081738137376725,-0.031864808934883346
Lonely_Q18,0.40894249894116125,-0.28085169690846823,0.22406189120928957,0.24503361287349334,0.016499183011818883,0.12047864885690482,-0.09494274824619973,0.31098311978845455,0.14568314469216442,0.19234490437026283,-0.056524636314072355,0.330764898783131,-0.30481491928264115,-0.01866054882809491,0.3065531943632445,0.2021632242837631,0.1299805433601582,0.32704752778887003,-0.16145164936213519,-0.03355335792146508,-0.02270315227312416,-0.08258728563814932,-0.04480973379611223,0.26688264394796113,-0.2757626323774325,0.12697094752695923,0.24839326171452028,-0.30895154384649126,-0.13715348135093375,0.2288112479330388,0.017435798288340465,0.19476798210525076,-0.12814125099051804,0.2652190125712368,0.12342820683427361,0.433063852944092,-0.1275803151464099,-0.14839409610974102,0.310334475685211,-0.1427192060621143,-0.01304903689376899,-0.0821581672642312,0.20343262688081049,-0.18560136102250718,-0.14717267591031563,0.2861240172712501,-0.1884636124348295,-0.007609417190126491,-0.16994890257701298,-0.1909981405491081,-0.16371960982393505,-0.11926125354889354,0.21464089590010527,-0.1137695486767071,0.24959140523564557,-0.08184779396348485,0.22612730584810475,-0.14899960560419828,0.2777169469066538,-0.12736294194879866,0.05314906515933068,-0.12124804903509367,0.3714015771119946,-0.2749991507994924,0.1943688840244071,-0.20393027811645906,-0.08756668209958413,0.2587623680257741,-0.11243246706575952,0.17740027045467402,-0.23458705870403704,-0.08660272115266496,0.2385398218511241,-0.12359712357416297,-0.18645741445114286,-0.15802587451633937,0.1706291712652302,-0.09162191519399876,-0.015506540692376239,0.05524375360138882,-0.1929746525607118,0.1266718593630976,0.02605962837025813,-0.13397275512703366,-0.13271078860495025,-0.19898487298161296,0.058904410134964794,-0.10083485176303456,-0.08542443262349562,-0.18183426849573642,-0.16591153233631883,-0.2434037071088747,-0.19075384593118744,-0.3221915700208492,0.03581252942683527,0.36672637701144517,0.2317707219754542,0.22985186028253518,-0.0567084281027144,0.11673580197212442,0.12507570750654,0.42900551582415813,0.04822284879451793,-0.009502535382602414,0.17445694942000298,0.535052841096964,0.46867225845638394,0.3565214954796133,-0.2887639733679667,-0.3388320929672381,6.066131868404101e-06,0.9999991216729405,-0.43277573467007774,-0.4026324759709434
Lonely_Q19,-0.22997194617173733,0.4493477644479366,-0.3228807316923605,-0.18596464376586958,0.3912121365293229,-0.2521262963443541,-0.25036166946147564,-0.1102415018906504,0.08648160025702363,-0.2704559268393531,0.44916499998785997,-0.22191725731961884,0.13819081326979887,-0.20588624064164238,-0.3539408991310277,0.08147910735202656,-0.28287248678614785,-0.3372933163582137,0.5674879025603818,0.2818040922404184,0.196843206103454,0.390228546826595,0.21499369239875268,-0.3857260946780038,0.3958030260121077,0.2629420226882528,-0.40993945716304386,0.4101929651698334,0.3600992061125269,-0.33309017682666175,0.20056347705533414,-0.3103072073245721,0.4308966385169158,-0.24817012105530828,-0.18979030872907493,-0.11878621022154895,0.5165784267839183,0.36690103488159836,-0.30847681739206156,0.310471655210135,-0.14380975591947406,0.4349369451462848,-0.2648420550250732,0.5322776279811026,0.3313663618938499,-0.3724085996674116,0.41896662993650347,-0.20233971243317686,0.4640445092108465,0.3305346445773143,0.37542511770703985,0.3065689315621112,-0.405990674069055,0.4153769779407941,-0.45841223056528413,0.32485269395715505,-0.01033529507067027,0.5914923591532653,-0.4422363371415417,0.3985774986115817,-0.32886972827753314,0.45042143214489233,-0.39025295585868625,0.499964597663737,-0.39364060043039106,0.4890371617511603,0.5213907008453522,-0.3669675357615595,0.38579980472129005,-0.05103716705761538,0.48248296657046,0.3440233849893568,-0.1474841997037326,0.44117675921149424,0.4040621214309087,0.445910838497001,0.0747483861387115,0.37634235453611137,0.3413809777235156,0.1201721880226972,0.40687249759082084,-0.1607045534980595,0.2958682728538418,0.545561451230322,0.40794623970760624,0.4285311988106788,-0.17354248542562484,0.3923937133180563,0.4890753179204858,0.4067178814809908,0.27023545567741647,0.3969711780899153,0.43890463889749465,0.44406340263676713,0.2532374825548065,-0.283435675633641,-0.22928641869841082,-0.4437931747820971,0.22585583200118223,0.21396510082426243,-0.03646572328951982,-0.3039464046355147,-0.08033898892652022,0.057932863202444056,-0.2519721412402227,-0.36615421042970425,-0.36305153650884575,-0.4047771857730558,0.6606826610478546,0.5248606224024458,-0.12744150688051636,-0.4345035756289537,0.9996908795179875,0.6451877951973262
Lonely_Q20,-0.28981764701983287,0.45546611170948825,-0.23601832684660706,-0.3910463103849278,0.38001864468187324,-0.321356293419396,-0.24645563067722498,-0.014099718806870151,0.2976465729836729,-0.2708441841814332,0.434134830185923,-0.28573033149499744,0.3229198653544031,-0.1444270901009866,-0.4704492086047798,0.2505391535502788,-0.32873462312934665,-0.3819531522000491,0.5286352490098816,0.4170977964652821,0.2386039686173599,0.3580539528975488,0.21502403069868464,-0.33578444552048536,0.4490565142839108,0.32342857718671836,-0.37106613488640683,0.46830900002160847,0.3975972751581818,-0.40356248649569515,0.2962667892004564,-0.4011922404993584,0.5270130672345119,-0.22431498122210047,-0.0816035286263901,-0.14296716696029588,0.5058554348870801,0.5370660171619219,-0.3492214518787657,0.33683061624070776,-0.06840254533843963,0.5266739367924879,-0.20554424638192606,0.609136620192067,0.3606917821540315,-0.33513924834682574,0.4539821975770899,-0.10518684816195213,0.5096385430189619,0.4478691518936888,0.4433343818439506,0.4257496502785116,-0.4522496160393096,0.5122165402924936,-0.400410992750315,0.4019729033079935,0.18646553934621304,0.4978356302270847,-0.4478070177274438,0.41371078741254164,-0.35440720933803826,0.505523656104993,-0.39492723291564336,0.5342106483073381,-0.37035711485534445,0.48996290359085526,0.5436133082085719,-0.39525491458895273,0.4529887313392038,0.04662053012585528,0.46732123749520443,0.24105204576133954,0.1357952551096297,0.4754370319172692,0.5151585308117964,0.4798024227500408,-0.001193015245738678,0.4571042205853483,0.3809135132797902,0.12195868310199448,0.49122704452831395,0.04398083841595245,0.4085056362804693,0.5811536131444631,0.4342819616098672,0.36227850298962305,-0.34131649568338224,0.30127794148678505,0.5030980755855348,0.4975731876275302,0.4171530763758548,0.4750663385745164,0.49889531307578666,0.46868619608279455,0.30423152641634993,-0.3681621054571948,-0.3688042317336651,-0.39948327704366954,0.2950384236005632,0.2331448010860986,-0.212760305188523,-0.3310364908191496,0.06732852262260433,0.11066316611658668,-0.27048427079451565,-0.4034680782851458,-0.40381303727911244,-0.44720763008767433,0.5964133597497687,0.5436441632663964,-0.03165071066265656,-0.40303085892180646,0.644764742012589,0.9999978859515519
