model,family,mtype,size,sub_i,sub_j,pair_type,human_r,pred_r,amplification_ratio,signed_diff,abs_diff
llama1b_instruct,llama,instruct,1.0,IRI_Perspective_taking,IRI_Fantasy,within_scale,0.2425985343359973,0.358614348545146,1.4782214143489738,0.11601581420914872,0.11601581420914872
llama1b_instruct,llama,instruct,1.0,IRI_Perspective_taking,IRI_Empathic_concern,within_scale,0.3868208797594384,0.2981891072711055,0.7708712814482701,-0.08863177248833293,0.08863177248833293
llama1b_instruct,llama,instruct,1.0,IRI_Perspective_taking,IRI_Personal_distress,within_scale,0.0740487612513309,-0.0194118351438183,-0.2621493569343053,-0.0934605963951492,0.0934605963951492
llama1b_instruct,llama,instruct,1.0,IRI_Perspective_taking,PANAS_Positive_Affect,affect_cognitive,0.1557113197797272,0.5969112703435224,3.8334481474303015,0.44119995056379524,0.44119995056379524
llama1b_instruct,llama,instruct,1.0,IRI_Perspective_taking,PANAS_Negative_Affect,affect_cognitive,0.0202225922116022,-0.0117888876111996,-0.5829563039122168,-0.032011479822801794,0.032011479822801794
llama1b_instruct,llama,instruct,1.0,IRI_Perspective_taking,POM_Peace_of_Mind,affect_cognitive,0.0253891025645737,0.4626604557240444,18.222796750981292,0.4372713531594707,0.4372713531594707
llama1b_instruct,llama,instruct,1.0,IRI_Perspective_taking,BigFive_Extraversion,cognitive_social,0.1484577372088443,0.3407165553846186,2.295040742169688,0.19225881817577428,0.19225881817577428
llama1b_instruct,llama,instruct,1.0,IRI_Perspective_taking,BigFive_Agreeableness,cognitive_social,0.3098355967896596,0.3994027709864142,1.289079676850558,0.08956717419675458,0.08956717419675458
llama1b_instruct,llama,instruct,1.0,IRI_Perspective_taking,BigFive_Conscientiousness,cognitive_cognitive,0.0541501002704837,0.3882462596232396,7.16981607945177,0.33409615935275594,0.33409615935275594
llama1b_instruct,llama,instruct,1.0,IRI_Perspective_taking,BigFive_Neuroticism,affect_cognitive,-0.0755272944961235,-0.0141790803631042,0.1877345197878358,0.0613482141330193,0.0613482141330193
llama1b_instruct,llama,instruct,1.0,IRI_Perspective_taking,BigFive_Openness,cognitive_cognitive,0.1375948994500437,0.1580156962553483,1.1484124548724188,0.02042079680530462,0.02042079680530462
llama1b_instruct,llama,instruct,1.0,IRI_Perspective_taking,SelfConst_Independent_self,cognitive_social,0.0781023657329456,0.51745246364552,6.625311010614435,0.4393500979125744,0.4393500979125744
llama1b_instruct,llama,instruct,1.0,IRI_Perspective_taking,SelfConst_Interdependent_self,cognitive_social,0.3763493765579964,0.3956578966679673,1.051304775064495,0.019308520109970917,0.019308520109970917
llama1b_instruct,llama,instruct,1.0,IRI_Perspective_taking,LifeSat_Life_Satisfaction,affect_cognitive,0.0169341144368968,0.3253020956655252,19.209867565128917,0.3083679812286284,0.3083679812286284
llama1b_instruct,llama,instruct,1.0,IRI_Perspective_taking,Lonely_Loneliness,affect_cognitive,-0.1849937929362051,-0.0815362147063763,0.4407510836565958,0.1034575782298288,0.1034575782298288
llama1b_instruct,llama,instruct,1.0,IRI_Fantasy,IRI_Empathic_concern,within_scale,0.3706209196161055,0.4501590458448493,1.2146077623225655,0.07953812622874379,0.07953812622874379
llama1b_instruct,llama,instruct,1.0,IRI_Fantasy,IRI_Personal_distress,within_scale,0.3308957665144541,0.408359632011574,1.2341035254488095,0.07746386549711987,0.07746386549711987
llama1b_instruct,llama,instruct,1.0,IRI_Fantasy,PANAS_Positive_Affect,affect_cognitive,-0.0007664699810815,-0.0937903113764784,,-0.0930238413953969,0.0930238413953969
llama1b_instruct,llama,instruct,1.0,IRI_Fantasy,PANAS_Negative_Affect,affect_cognitive,0.2238166936468798,0.3412773775489425,1.5248075198867106,0.11746068390206268,0.11746068390206268
llama1b_instruct,llama,instruct,1.0,IRI_Fantasy,POM_Peace_of_Mind,affect_cognitive,-0.1389352237888281,-0.10728471663435,0.7721923476901389,0.031650507154478105,0.031650507154478105
llama1b_instruct,llama,instruct,1.0,IRI_Fantasy,BigFive_Extraversion,cognitive_social,0.0807086947857257,0.3205452680203267,3.971632410502306,0.23983657323460097,0.23983657323460097
llama1b_instruct,llama,instruct,1.0,IRI_Fantasy,BigFive_Agreeableness,cognitive_social,0.0810782565288163,0.1174108764112154,1.448117922583671,0.03633261988239911,0.03633261988239911
llama1b_instruct,llama,instruct,1.0,IRI_Fantasy,BigFive_Conscientiousness,cognitive_cognitive,-0.2034452516585949,0.251684614128025,-1.2371122553913494,0.4551298657866199,0.4551298657866199
llama1b_instruct,llama,instruct,1.0,IRI_Fantasy,BigFive_Neuroticism,affect_cognitive,0.2155317582109705,0.2177786430289135,1.0104248433576255,0.0022468848179429957,0.0022468848179429957
llama1b_instruct,llama,instruct,1.0,IRI_Fantasy,BigFive_Openness,cognitive_cognitive,-0.050456731884954,-0.0846609595590197,1.6778922533479674,-0.0342042276740657,0.0342042276740657
llama1b_instruct,llama,instruct,1.0,IRI_Fantasy,SelfConst_Independent_self,cognitive_social,0.0054414023548496,-0.1052470300693169,,-0.11068843242416651,0.11068843242416651
llama1b_instruct,llama,instruct,1.0,IRI_Fantasy,SelfConst_Interdependent_self,cognitive_social,0.1816660764877526,0.3196410644351137,1.759497813873153,0.1379749879473611,0.1379749879473611
llama1b_instruct,llama,instruct,1.0,IRI_Fantasy,LifeSat_Life_Satisfaction,affect_cognitive,-0.1182575367466149,-0.254320020531869,2.1505607805512557,-0.13606248378525407,0.13606248378525407
llama1b_instruct,llama,instruct,1.0,IRI_Fantasy,Lonely_Loneliness,affect_cognitive,0.0188661268326879,0.4498308224598184,23.84330532965732,0.4309646956271305,0.4309646956271305
llama1b_instruct,llama,instruct,1.0,IRI_Empathic_concern,IRI_Personal_distress,within_scale,0.3782623305565888,0.2057217765777453,0.5438600673639347,-0.17254055397884352,0.17254055397884352
llama1b_instruct,llama,instruct,1.0,IRI_Empathic_concern,PANAS_Positive_Affect,affect_social,0.0056088014587591,0.0384603122474416,,0.032851510788682495,0.032851510788682495
llama1b_instruct,llama,instruct,1.0,IRI_Empathic_concern,PANAS_Negative_Affect,affect_social,0.2101682426513958,0.1205021749776038,0.5733605299135497,-0.08966606767379201,0.08966606767379201
llama1b_instruct,llama,instruct,1.0,IRI_Empathic_concern,POM_Peace_of_Mind,affect_social,-0.0978173461455466,0.0506464311137697,-0.517765336205408,0.1484637772593163,0.1484637772593163
llama1b_instruct,llama,instruct,1.0,IRI_Empathic_concern,BigFive_Extraversion,social_social,0.1310469198934273,0.3465923867916117,2.6447961315952697,0.2155454668981844,0.2155454668981844
llama1b_instruct,llama,instruct,1.0,IRI_Empathic_concern,BigFive_Agreeableness,social_social,0.4700891724010413,0.1454431846773317,0.3093948833887447,-0.3246459877237096,0.3246459877237096
llama1b_instruct,llama,instruct,1.0,IRI_Empathic_concern,BigFive_Conscientiousness,cognitive_social,-0.1093590128817475,0.0326404531686637,-0.29847062723543966,0.1419994660504112,0.1419994660504112
llama1b_instruct,llama,instruct,1.0,IRI_Empathic_concern,BigFive_Neuroticism,affect_social,0.1495859314422549,0.0382077929226357,0.2554237056536641,-0.1113781385196192,0.1113781385196192
llama1b_instruct,llama,instruct,1.0,IRI_Empathic_concern,BigFive_Openness,cognitive_social,0.065264043100276,0.1506410579008943,2.308178450872855,0.0853770148006183,0.0853770148006183
llama1b_instruct,llama,instruct,1.0,IRI_Empathic_concern,SelfConst_Independent_self,social_social,-0.0803015415932576,0.0118648926272167,-0.14775423225763973,0.0921664342204743,0.0921664342204743
llama1b_instruct,llama,instruct,1.0,IRI_Empathic_concern,SelfConst_Interdependent_self,social_social,0.437418299700178,0.4255938136761016,0.972967555239044,-0.011824486024076375,0.011824486024076375
llama1b_instruct,llama,instruct,1.0,IRI_Empathic_concern,LifeSat_Life_Satisfaction,affect_social,-0.0994772298781971,-0.0479835298117292,0.4823569159543513,0.0514937000664679,0.0514937000664679
llama1b_instruct,llama,instruct,1.0,IRI_Empathic_concern,Lonely_Loneliness,affect_social,-0.144702481326898,0.2645674593229536,-1.8283546826351107,0.4092699406498516,0.4092699406498516
llama1b_instruct,llama,instruct,1.0,IRI_Personal_distress,PANAS_Positive_Affect,affect_affect,-0.2855822135455922,-0.6268896195213506,2.1951283721010513,-0.34130740597575837,0.34130740597575837
llama1b_instruct,llama,instruct,1.0,IRI_Personal_distress,PANAS_Negative_Affect,affect_affect,0.5294570102216241,0.8484386660650172,1.6024694161852184,0.3189816558433931,0.3189816558433931
llama1b_instruct,llama,instruct,1.0,IRI_Personal_distress,POM_Peace_of_Mind,affect_affect,-0.3883839878343598,-0.6943924982545886,1.7879019733190882,-0.3060085104202288,0.3060085104202288
llama1b_instruct,llama,instruct,1.0,IRI_Personal_distress,BigFive_Extraversion,affect_social,-0.0579335353592926,-0.2626753522270995,4.534081177646724,-0.20474181686780688,0.20474181686780688
llama1b_instruct,llama,instruct,1.0,IRI_Personal_distress,BigFive_Agreeableness,affect_social,0.2558076569058266,0.0457982757956945,0.17903403029313839,-0.21000938111013207,0.21000938111013207
llama1b_instruct,llama,instruct,1.0,IRI_Personal_distress,BigFive_Conscientiousness,affect_cognitive,-0.3401424925970019,-0.1887091060142864,0.5547942704055722,0.15143338658271552,0.15143338658271552
llama1b_instruct,llama,instruct,1.0,IRI_Personal_distress,BigFive_Neuroticism,affect_affect,0.5104295874631224,0.5593809908320759,1.09590236258099,0.04895140336895354,0.04895140336895354
llama1b_instruct,llama,instruct,1.0,IRI_Personal_distress,BigFive_Openness,affect_cognitive,-0.2001937411071401,-0.1676958527032676,0.8376678100716434,0.03249788840387252,0.03249788840387252
llama1b_instruct,llama,instruct,1.0,IRI_Personal_distress,SelfConst_Independent_self,affect_social,-0.1852491281846682,-0.6631070964893038,3.579542333005077,-0.47785796830463556,0.47785796830463556
llama1b_instruct,llama,instruct,1.0,IRI_Personal_distress,SelfConst_Interdependent_self,affect_social,0.3115448414218291,0.054121902312031,0.1737210671344431,-0.2574229391097981,0.2574229391097981
llama1b_instruct,llama,instruct,1.0,IRI_Personal_distress,LifeSat_Life_Satisfaction,affect_affect,-0.2644579776515124,-0.7926142757804613,2.9971274938240775,-0.5281562981289489,0.5281562981289489
llama1b_instruct,llama,instruct,1.0,IRI_Personal_distress,Lonely_Loneliness,affect_affect,0.18842654885845,0.6528555446744151,3.4647747285593704,0.4644289958159651,0.4644289958159651
llama1b_instruct,llama,instruct,1.0,PANAS_Positive_Affect,PANAS_Negative_Affect,within_scale,-0.1155486587886431,-0.5990553609238956,5.18444235704772,-0.4835067021352525,0.4835067021352525
llama1b_instruct,llama,instruct,1.0,PANAS_Positive_Affect,POM_Peace_of_Mind,affect_affect,0.4043980239852481,0.8213398604774221,2.0310184812064844,0.41694183649217403,0.41694183649217403
llama1b_instruct,llama,instruct,1.0,PANAS_Positive_Affect,BigFive_Extraversion,affect_social,0.304035391358864,0.40450138567267,1.3304417747709587,0.10046599431380604,0.10046599431380604
llama1b_instruct,llama,instruct,1.0,PANAS_Positive_Affect,BigFive_Agreeableness,affect_social,-0.0953433540889089,0.3215702446100416,-3.3727599336412393,0.4169135986989505,0.4169135986989505
llama1b_instruct,llama,instruct,1.0,PANAS_Positive_Affect,BigFive_Conscientiousness,affect_cognitive,0.3535661062107319,0.3740885182582357,1.05804405933433,0.02052241204750377,0.02052241204750377
llama1b_instruct,llama,instruct,1.0,PANAS_Positive_Affect,BigFive_Neuroticism,affect_affect,-0.2395934489048498,-0.2956029512420514,1.2337689222857038,-0.05600950233720159,0.05600950233720159
llama1b_instruct,llama,instruct,1.0,PANAS_Positive_Affect,BigFive_Openness,affect_cognitive,0.3999394212485611,0.1837445335101329,0.4594309131530604,-0.21619488773842818,0.21619488773842818
llama1b_instruct,llama,instruct,1.0,PANAS_Positive_Affect,SelfConst_Independent_self,affect_social,0.5018794906994306,0.8379110923434375,1.6695463908590997,0.3360316016440069,0.3360316016440069
llama1b_instruct,llama,instruct,1.0,PANAS_Positive_Affect,SelfConst_Interdependent_self,affect_social,0.0270265323841661,0.2515162293563707,9.306270807561138,0.22448969697220458,0.22448969697220458
llama1b_instruct,llama,instruct,1.0,PANAS_Positive_Affect,LifeSat_Life_Satisfaction,affect_affect,0.3754486441349218,0.7728390637045549,2.0584414826833846,0.3973904195696331,0.3973904195696331
llama1b_instruct,llama,instruct,1.0,PANAS_Positive_Affect,Lonely_Loneliness,affect_affect,-0.3697831339693283,-0.474702387834064,1.2837318531500093,-0.10491925386473566,0.10491925386473566
llama1b_instruct,llama,instruct,1.0,PANAS_Negative_Affect,POM_Peace_of_Mind,affect_affect,-0.5766884713941555,-0.6709955621700512,1.1635321242817747,-0.09430709077589572,0.09430709077589572
llama1b_instruct,llama,instruct,1.0,PANAS_Negative_Affect,BigFive_Extraversion,affect_social,-0.1323805357997911,-0.3180441470245689,2.402499318370872,-0.1856636112247778,0.1856636112247778
llama1b_instruct,llama,instruct,1.0,PANAS_Negative_Affect,BigFive_Agreeableness,affect_social,-0.0574017480725705,0.0372172331276258,-0.6483641069706395,0.0946189812001963,0.0946189812001963
llama1b_instruct,llama,instruct,1.0,PANAS_Negative_Affect,BigFive_Conscientiousness,affect_cognitive,-0.2985335682367622,-0.1290362813214039,0.4322337420328802,0.1694972869153583,0.1694972869153583
llama1b_instruct,llama,instruct,1.0,PANAS_Negative_Affect,BigFive_Neuroticism,affect_affect,0.5956331777420659,0.457400580767383,0.767923275364383,-0.13823259697468293,0.13823259697468293
llama1b_instruct,llama,instruct,1.0,PANAS_Negative_Affect,BigFive_Openness,affect_cognitive,-0.1167409204094412,-0.0844715740178516,0.7235815318363733,0.0322693463915896,0.0322693463915896
llama1b_instruct,llama,instruct,1.0,PANAS_Negative_Affect,SelfConst_Independent_self,affect_social,-0.2263810536303488,-0.5899311398689686,2.6059209920996764,-0.36355008623861984,0.36355008623861984
llama1b_instruct,llama,instruct,1.0,PANAS_Negative_Affect,SelfConst_Interdependent_self,affect_social,0.0843883716573425,0.0261500726290749,0.3098776776409054,-0.058238299028267604,0.058238299028267604
llama1b_instruct,llama,instruct,1.0,PANAS_Negative_Affect,LifeSat_Life_Satisfaction,affect_affect,-0.4079942081992174,-0.7468581688627105,1.8305607134943225,-0.3388639606634931,0.3388639606634931
llama1b_instruct,llama,instruct,1.0,PANAS_Negative_Affect,Lonely_Loneliness,affect_affect,0.3386000777626718,0.5481799701095824,1.6189599651947135,0.2095798923469106,0.2095798923469106
llama1b_instruct,llama,instruct,1.0,POM_Peace_of_Mind,BigFive_Extraversion,affect_social,0.1082377433043031,0.4277638845948243,3.9520768960619868,0.3195261412905212,0.3195261412905212
llama1b_instruct,llama,instruct,1.0,POM_Peace_of_Mind,BigFive_Agreeableness,affect_social,0.0650822784924807,0.260191579936628,3.9978867667746036,0.1951093014441473,0.1951093014441473
llama1b_instruct,llama,instruct,1.0,POM_Peace_of_Mind,BigFive_Conscientiousness,affect_cognitive,0.2046240763661845,0.3909366357226668,1.9105114249755593,0.1863125593564823,0.1863125593564823
llama1b_instruct,llama,instruct,1.0,POM_Peace_of_Mind,BigFive_Neuroticism,affect_affect,-0.525213997135656,-0.3916324061462167,0.7456625457090839,0.13358159098943928,0.13358159098943928
llama1b_instruct,llama,instruct,1.0,POM_Peace_of_Mind,BigFive_Openness,affect_cognitive,0.1427760721896465,0.2248111030489081,1.574571282156412,0.08203503085926162,0.08203503085926162
llama1b_instruct,llama,instruct,1.0,POM_Peace_of_Mind,SelfConst_Independent_self,affect_social,0.2895192592870562,0.8071030987042811,2.787735436639966,0.517583839417225,0.517583839417225
llama1b_instruct,llama,instruct,1.0,POM_Peace_of_Mind,SelfConst_Interdependent_self,affect_social,0.0410384690635432,0.2078650786083632,5.065127509666815,0.16682660954482,0.16682660954482
llama1b_instruct,llama,instruct,1.0,POM_Peace_of_Mind,LifeSat_Life_Satisfaction,affect_affect,0.6897377245732463,0.8337845586692924,1.2088429108110195,0.14404683409604602,0.14404683409604602
llama1b_instruct,llama,instruct,1.0,POM_Peace_of_Mind,Lonely_Loneliness,affect_affect,-0.4673179722857797,-0.4964023741366434,1.0622368570774283,-0.029084401850863695,0.029084401850863695
llama1b_instruct,llama,instruct,1.0,BigFive_Extraversion,BigFive_Agreeableness,within_scale,-0.0949578376115242,0.0803950318313216,-0.8466392438317779,0.17535286944284578,0.17535286944284578
llama1b_instruct,llama,instruct,1.0,BigFive_Extraversion,BigFive_Conscientiousness,within_scale,-0.0749633428742371,0.2859632303566818,-3.814707554283305,0.3609265732309189,0.3609265732309189
llama1b_instruct,llama,instruct,1.0,BigFive_Extraversion,BigFive_Neuroticism,within_scale,0.013526683613174,-0.0112492725331401,-0.8316356658319509,-0.0247759561463141,0.0247759561463141
llama1b_instruct,llama,instruct,1.0,BigFive_Extraversion,BigFive_Openness,within_scale,0.374028887685193,0.0091138218755549,0.024366625615360717,-0.36491506580963806,0.36491506580963806
llama1b_instruct,llama,instruct,1.0,BigFive_Extraversion,SelfConst_Independent_self,social_social,0.383065040512844,0.3715544179063288,0.969951257908827,-0.011510622606515197,0.011510622606515197
llama1b_instruct,llama,instruct,1.0,BigFive_Extraversion,SelfConst_Interdependent_self,social_social,0.1087385289929,0.4848779464600177,4.459118133662424,0.3761394174671177,0.3761394174671177
llama1b_instruct,llama,instruct,1.0,BigFive_Extraversion,LifeSat_Life_Satisfaction,affect_social,0.1514776054608016,0.3049664908772184,2.013277737983095,0.15348888541641678,0.15348888541641678
llama1b_instruct,llama,instruct,1.0,BigFive_Extraversion,Lonely_Loneliness,affect_social,-0.4589356266931431,-0.0301070509007124,0.06560190394816047,0.42882857579243067,0.42882857579243067
llama1b_instruct,llama,instruct,1.0,BigFive_Agreeableness,BigFive_Conscientiousness,within_scale,0.0102069144256358,0.2181262826006933,21.37044296686224,0.20791936817505752,0.20791936817505752
llama1b_instruct,llama,instruct,1.0,BigFive_Agreeableness,BigFive_Neuroticism,within_scale,-0.1604544666739748,0.0811516116981996,-0.5057610011137329,0.2416060783721744,0.2416060783721744
llama1b_instruct,llama,instruct,1.0,BigFive_Agreeableness,BigFive_Openness,within_scale,-0.046032666273312,-0.0167323351314683,0.36348828964463165,0.0293003311418437,0.0293003311418437
llama1b_instruct,llama,instruct,1.0,BigFive_Agreeableness,SelfConst_Independent_self,social_social,-0.1388279137981352,0.2545908451687754,-1.833859187273872,0.3934187589669106,0.3934187589669106
llama1b_instruct,llama,instruct,1.0,BigFive_Agreeableness,SelfConst_Interdependent_self,social_social,0.4270687033594729,0.2264939600183276,0.5303454882941464,-0.20057474334114528,0.20057474334114528
llama1b_instruct,llama,instruct,1.0,BigFive_Agreeableness,LifeSat_Life_Satisfaction,affect_social,-0.0681672471329937,0.2066295902749377,-3.031215121124155,0.2747968374079314,0.2747968374079314
llama1b_instruct,llama,instruct,1.0,BigFive_Agreeableness,Lonely_Loneliness,affect_social,-0.1211838981515432,0.0098740248903071,-0.08147967709339905,0.1310579230418503,0.1310579230418503
llama1b_instruct,llama,instruct,1.0,BigFive_Conscientiousness,BigFive_Neuroticism,within_scale,-0.2594539542198637,-0.1197055970462852,0.4613751114575249,0.13974835717357853,0.13974835717357853
llama1b_instruct,llama,instruct,1.0,BigFive_Conscientiousness,BigFive_Openness,within_scale,0.0546263542895831,0.3379136221856784,6.185908369325616,0.28328726789609526,0.28328726789609526
llama1b_instruct,llama,instruct,1.0,BigFive_Conscientiousness,SelfConst_Independent_self,cognitive_social,0.1737890582742088,0.3359832339206167,1.9332818605328639,0.1621941756464079,0.1621941756464079
llama1b_instruct,llama,instruct,1.0,BigFive_Conscientiousness,SelfConst_Interdependent_self,cognitive_social,-0.0018154185359622,0.0888278033357534,,0.0906432218717156,0.0906432218717156
llama1b_instruct,llama,instruct,1.0,BigFive_Conscientiousness,LifeSat_Life_Satisfaction,affect_cognitive,0.2171927893560278,0.2804734786304108,1.2913572290406552,0.06328068927438299,0.06328068927438299
llama1b_instruct,llama,instruct,1.0,BigFive_Conscientiousness,Lonely_Loneliness,affect_cognitive,-0.1753595321199811,-0.2306684689241673,1.31540308151794,-0.05530893680418622,0.05530893680418622
llama1b_instruct,llama,instruct,1.0,BigFive_Neuroticism,BigFive_Openness,within_scale,-0.0445387805619514,-0.2513121227977526,5.6425461053696555,-0.2067733422358012,0.2067733422358012
llama1b_instruct,llama,instruct,1.0,BigFive_Neuroticism,SelfConst_Independent_self,affect_social,-0.1533157014938961,-0.397194470194617,2.590696623531611,-0.24387876870072092,0.24387876870072092
llama1b_instruct,llama,instruct,1.0,BigFive_Neuroticism,SelfConst_Interdependent_self,affect_social,0.0062020528049378,0.0983601603519148,,0.09215810754697701,0.09215810754697701
llama1b_instruct,llama,instruct,1.0,BigFive_Neuroticism,LifeSat_Life_Satisfaction,affect_affect,-0.2833454572921715,-0.5139955306067598,1.8140242498285537,-0.23065007331458837,0.23065007331458837
llama1b_instruct,llama,instruct,1.0,BigFive_Neuroticism,Lonely_Loneliness,affect_affect,0.234332319601605,0.4462171868720034,1.904206759147137,0.2118848672703984,0.2118848672703984
llama1b_instruct,llama,instruct,1.0,BigFive_Openness,SelfConst_Independent_self,cognitive_social,0.3406711029459182,0.1461529725450661,0.4290148805731492,-0.19451813040085209,0.19451813040085209
llama1b_instruct,llama,instruct,1.0,BigFive_Openness,SelfConst_Interdependent_self,cognitive_social,-0.099685173410681,-0.0212882479507458,0.21355480682210282,0.07839692545993521,0.07839692545993521
llama1b_instruct,llama,instruct,1.0,BigFive_Openness,LifeSat_Life_Satisfaction,affect_cognitive,0.1359975269215463,0.2379469407405191,1.7496416745709278,0.1019494138189728,0.1019494138189728
llama1b_instruct,llama,instruct,1.0,BigFive_Openness,Lonely_Loneliness,affect_cognitive,-0.284213527238953,-0.3708075187295256,1.304679345602606,-0.08659399149057262,0.08659399149057262
llama1b_instruct,llama,instruct,1.0,SelfConst_Independent_self,SelfConst_Interdependent_self,within_scale,-0.0487859894791837,0.1828748954571646,-3.7485125834169,0.2316608849363483,0.2316608849363483
llama1b_instruct,llama,instruct,1.0,SelfConst_Independent_self,LifeSat_Life_Satisfaction,affect_social,0.3274941122911161,0.7877872179848476,2.405500399605865,0.46029310569373155,0.46029310569373155
llama1b_instruct,llama,instruct,1.0,SelfConst_Independent_self,Lonely_Loneliness,affect_social,-0.2617850614373652,-0.4422764452729252,1.6894640314636307,-0.18049138383556002,0.18049138383556002
llama1b_instruct,llama,instruct,1.0,SelfConst_Interdependent_self,LifeSat_Life_Satisfaction,affect_social,0.0673655923064217,0.1603327695910402,2.380039484574625,0.09296717728461851,0.09296717728461851
llama1b_instruct,llama,instruct,1.0,SelfConst_Interdependent_self,Lonely_Loneliness,affect_social,-0.1430357729512929,0.1496863467471674,-1.046495877630131,0.2927221196984603,0.2927221196984603
llama1b_instruct,llama,instruct,1.0,LifeSat_Life_Satisfaction,Lonely_Loneliness,affect_affect,-0.4147670935561622,-0.5591491946840601,1.3481040404868754,-0.1443821011278979,0.1443821011278979
llama3b_instruct,llama,instruct,3.0,IRI_Perspective_taking,IRI_Fantasy,within_scale,0.2425985343359973,0.4074888601664616,1.6796839324762463,0.16489032583046428,0.16489032583046428
llama3b_instruct,llama,instruct,3.0,IRI_Perspective_taking,IRI_Empathic_concern,within_scale,0.3868208797594384,0.2822919039540819,0.7297742152120577,-0.10452897580535653,0.10452897580535653
llama3b_instruct,llama,instruct,3.0,IRI_Perspective_taking,IRI_Personal_distress,within_scale,0.0740487612513309,0.0738452872168417,0.9972521615344978,-0.00020347403448919832,0.00020347403448919832
llama3b_instruct,llama,instruct,3.0,IRI_Perspective_taking,PANAS_Positive_Affect,affect_cognitive,0.1557113197797272,0.4673206475560671,3.001198937990826,0.31160932777633993,0.31160932777633993
llama3b_instruct,llama,instruct,3.0,IRI_Perspective_taking,PANAS_Negative_Affect,affect_cognitive,0.0202225922116022,0.1091596794343468,5.397907364799613,0.0889370872227446,0.0889370872227446
llama3b_instruct,llama,instruct,3.0,IRI_Perspective_taking,POM_Peace_of_Mind,affect_cognitive,0.0253891025645737,0.2917784846308029,11.492272477481405,0.2663893820662292,0.2663893820662292
llama3b_instruct,llama,instruct,3.0,IRI_Perspective_taking,BigFive_Extraversion,cognitive_social,0.1484577372088443,0.3744852044371168,2.5225037877972385,0.2260274672282725,0.2260274672282725
llama3b_instruct,llama,instruct,3.0,IRI_Perspective_taking,BigFive_Agreeableness,cognitive_social,0.3098355967896596,0.5222876427138465,1.6856928258905506,0.21245204592418693,0.21245204592418693
llama3b_instruct,llama,instruct,3.0,IRI_Perspective_taking,BigFive_Conscientiousness,cognitive_cognitive,0.0541501002704837,0.3671737631361095,6.780666357071359,0.3130236628656258,0.3130236628656258
llama3b_instruct,llama,instruct,3.0,IRI_Perspective_taking,BigFive_Neuroticism,affect_cognitive,-0.0755272944961235,-0.1035515657082999,1.371048260091122,-0.028024271212176405,0.028024271212176405
llama3b_instruct,llama,instruct,3.0,IRI_Perspective_taking,BigFive_Openness,cognitive_cognitive,0.1375948994500437,0.1339826123683353,0.9737469405032715,-0.003612287081708382,0.003612287081708382
llama3b_instruct,llama,instruct,3.0,IRI_Perspective_taking,SelfConst_Independent_self,cognitive_social,0.0781023657329456,0.4426485374909151,5.667543272689811,0.3645461717579695,0.3645461717579695
llama3b_instruct,llama,instruct,3.0,IRI_Perspective_taking,SelfConst_Interdependent_self,cognitive_social,0.3763493765579964,0.3987408066319533,1.059496392099128,0.02239143007395694,0.02239143007395694
llama3b_instruct,llama,instruct,3.0,IRI_Perspective_taking,LifeSat_Life_Satisfaction,affect_cognitive,0.0169341144368968,0.2274766908020643,13.433043201032586,0.21054257636516752,0.21054257636516752
llama3b_instruct,llama,instruct,3.0,IRI_Perspective_taking,Lonely_Loneliness,affect_cognitive,-0.1849937929362051,0.2190279798423915,-1.1839747505362141,0.40402177277859663,0.40402177277859663
llama3b_instruct,llama,instruct,3.0,IRI_Fantasy,IRI_Empathic_concern,within_scale,0.3706209196161055,0.5795057619686369,1.5636078032748322,0.2088848423525314,0.2088848423525314
llama3b_instruct,llama,instruct,3.0,IRI_Fantasy,IRI_Personal_distress,within_scale,0.3308957665144541,0.5570968734736725,1.6836022997270277,0.2262011069592184,0.2262011069592184
llama3b_instruct,llama,instruct,3.0,IRI_Fantasy,PANAS_Positive_Affect,affect_cognitive,-0.0007664699810815,-0.1737218471422597,,-0.17295537716117818,0.17295537716117818
llama3b_instruct,llama,instruct,3.0,IRI_Fantasy,PANAS_Negative_Affect,affect_cognitive,0.2238166936468798,0.4387435750961753,1.9602808349425,0.21492688144929548,0.21492688144929548
llama3b_instruct,llama,instruct,3.0,IRI_Fantasy,POM_Peace_of_Mind,affect_cognitive,-0.1389352237888281,-0.19532863221135,1.405897128781654,-0.056393408422521885,0.056393408422521885
llama3b_instruct,llama,instruct,3.0,IRI_Fantasy,BigFive_Extraversion,cognitive_social,0.0807086947857257,0.1862817396834115,2.308075234991381,0.10557304489768579,0.10557304489768579
llama3b_instruct,llama,instruct,3.0,IRI_Fantasy,BigFive_Agreeableness,cognitive_social,0.0810782565288163,0.2862109814123054,3.530058411043683,0.2051327248834891,0.2051327248834891
llama3b_instruct,llama,instruct,3.0,IRI_Fantasy,BigFive_Conscientiousness,cognitive_cognitive,-0.2034452516585949,0.1140223232765995,-0.5604570386727059,0.3174675749351944,0.3174675749351944
llama3b_instruct,llama,instruct,3.0,IRI_Fantasy,BigFive_Neuroticism,affect_cognitive,0.2155317582109705,0.3025597424807002,1.4037826489799405,0.08702798426972971,0.08702798426972971
llama3b_instruct,llama,instruct,3.0,IRI_Fantasy,BigFive_Openness,cognitive_cognitive,-0.050456731884954,-0.0499293603760179,0.9895480446466777,0.0005273715089360934,0.0005273715089360934
llama3b_instruct,llama,instruct,3.0,IRI_Fantasy,SelfConst_Independent_self,cognitive_social,0.0054414023548496,-0.1651419964697832,,-0.1705833988246328,0.1705833988246328
llama3b_instruct,llama,instruct,3.0,IRI_Fantasy,SelfConst_Interdependent_self,cognitive_social,0.1816660764877526,0.3680625949696926,2.0260392148366035,0.18639651848194003,0.18639651848194003
llama3b_instruct,llama,instruct,3.0,IRI_Fantasy,LifeSat_Life_Satisfaction,affect_cognitive,-0.1182575367466149,-0.3191249027338824,2.698558683981867,-0.20086736598726748,0.20086736598726748
llama3b_instruct,llama,instruct,3.0,IRI_Fantasy,Lonely_Loneliness,affect_cognitive,0.0188661268326879,0.6134169960995253,32.514198676789576,0.5945508692668373,0.5945508692668373
llama3b_instruct,llama,instruct,3.0,IRI_Empathic_concern,IRI_Personal_distress,within_scale,0.3782623305565888,0.3498027434845916,0.92476230178638,-0.028459587071997194,0.028459587071997194
llama3b_instruct,llama,instruct,3.0,IRI_Empathic_concern,PANAS_Positive_Affect,affect_social,0.0056088014587591,-0.1372685622760219,,-0.14287736373478102,0.14287736373478102
llama3b_instruct,llama,instruct,3.0,IRI_Empathic_concern,PANAS_Negative_Affect,affect_social,0.2101682426513958,0.3098612873943311,1.474348757382414,0.0996930447429353,0.0996930447429353
llama3b_instruct,llama,instruct,3.0,IRI_Empathic_concern,POM_Peace_of_Mind,affect_social,-0.0978173461455466,-0.1505292251967371,1.538880690677891,-0.052711879051190486,0.052711879051190486
llama3b_instruct,llama,instruct,3.0,IRI_Empathic_concern,BigFive_Extraversion,social_social,0.1310469198934273,0.2341529589340233,1.7867871990005264,0.10310603904059601,0.10310603904059601
llama3b_instruct,llama,instruct,3.0,IRI_Empathic_concern,BigFive_Agreeableness,social_social,0.4700891724010413,0.1800081884211842,0.3829234940719206,-0.2900809839798571,0.2900809839798571
llama3b_instruct,llama,instruct,3.0,IRI_Empathic_concern,BigFive_Conscientiousness,cognitive_social,-0.1093590128817475,0.0799257165804201,-0.7308562364845563,0.1892847294621676,0.1892847294621676
llama3b_instruct,llama,instruct,3.0,IRI_Empathic_concern,BigFive_Neuroticism,affect_social,0.1495859314422549,0.1423404601333181,0.9515631500965465,-0.007245471308936796,0.007245471308936796
llama3b_instruct,llama,instruct,3.0,IRI_Empathic_concern,BigFive_Openness,cognitive_social,0.065264043100276,0.1018740305150314,1.5609518760354055,0.03660998741475539,0.03660998741475539
llama3b_instruct,llama,instruct,3.0,IRI_Empathic_concern,SelfConst_Independent_self,social_social,-0.0803015415932576,-0.1771669697849675,2.2062710910626286,-0.09686542819170989,0.09686542819170989
llama3b_instruct,llama,instruct,3.0,IRI_Empathic_concern,SelfConst_Interdependent_self,social_social,0.437418299700178,0.4236818826709216,0.9685966109815894,-0.013736417029256376,0.013736417029256376
llama3b_instruct,llama,instruct,3.0,IRI_Empathic_concern,LifeSat_Life_Satisfaction,affect_social,-0.0994772298781971,-0.2382419447690889,2.3949394757051383,-0.1387647148908918,0.1387647148908918
llama3b_instruct,llama,instruct,3.0,IRI_Empathic_concern,Lonely_Loneliness,affect_social,-0.144702481326898,0.4240194499697639,-2.9302845817264163,0.5687219312966618,0.5687219312966618
llama3b_instruct,llama,instruct,3.0,IRI_Personal_distress,PANAS_Positive_Affect,affect_affect,-0.2855822135455922,-0.6525916997263834,2.2851272550354382,-0.3670094861807912,0.3670094861807912
llama3b_instruct,llama,instruct,3.0,IRI_Personal_distress,PANAS_Negative_Affect,affect_affect,0.5294570102216241,0.8303457359389517,1.5682968020224708,0.3008887257173276,0.3008887257173276
llama3b_instruct,llama,instruct,3.0,IRI_Personal_distress,POM_Peace_of_Mind,affect_affect,-0.3883839878343598,-0.7261087302574836,1.869564021694835,-0.3377247424231238,0.3377247424231238
llama3b_instruct,llama,instruct,3.0,IRI_Personal_distress,BigFive_Extraversion,affect_social,-0.0579335353592926,-0.3223976411707171,5.564957138749935,-0.26446410581142454,0.26446410581142454
llama3b_instruct,llama,instruct,3.0,IRI_Personal_distress,BigFive_Agreeableness,affect_social,0.2558076569058266,0.0977568662625436,0.3821498834123326,-0.15805079064328298,0.15805079064328298
llama3b_instruct,llama,instruct,3.0,IRI_Personal_distress,BigFive_Conscientiousness,affect_cognitive,-0.3401424925970019,-0.403530074096696,1.1863559622196196,-0.06338758149969409,0.06338758149969409
llama3b_instruct,llama,instruct,3.0,IRI_Personal_distress,BigFive_Neuroticism,affect_affect,0.5104295874631224,0.6833022318305222,1.3386806889988319,0.1728726443673998,0.1728726443673998
llama3b_instruct,llama,instruct,3.0,IRI_Personal_distress,BigFive_Openness,affect_cognitive,-0.2001937411071401,-0.299588952186158,1.4964950978453584,-0.09939521107901789,0.09939521107901789
llama3b_instruct,llama,instruct,3.0,IRI_Personal_distress,SelfConst_Independent_self,affect_social,-0.1852491281846682,-0.6452457486295369,3.483124346940594,-0.45999662044486866,0.45999662044486866
llama3b_instruct,llama,instruct,3.0,IRI_Personal_distress,SelfConst_Interdependent_self,affect_social,0.3115448414218291,0.108178426537946,0.34723228298129105,-0.20336641488388307,0.20336641488388307
llama3b_instruct,llama,instruct,3.0,IRI_Personal_distress,LifeSat_Life_Satisfaction,affect_affect,-0.2644579776515124,-0.7900088409487358,2.987275513351177,-0.5255508632972234,0.5255508632972234
llama3b_instruct,llama,instruct,3.0,IRI_Personal_distress,Lonely_Loneliness,affect_affect,0.18842654885845,0.6396518441579521,3.394701267062276,0.45122529529950206,0.45122529529950206
llama3b_instruct,llama,instruct,3.0,PANAS_Positive_Affect,PANAS_Negative_Affect,within_scale,-0.1155486587886431,-0.5607240045610872,4.8527088971819285,-0.4451753457724441,0.4451753457724441
llama3b_instruct,llama,instruct,3.0,PANAS_Positive_Affect,POM_Peace_of_Mind,affect_affect,0.4043980239852481,0.8161364096328068,2.0181513292027815,0.41173838564755866,0.41173838564755866
llama3b_instruct,llama,instruct,3.0,PANAS_Positive_Affect,BigFive_Extraversion,affect_social,0.304035391358864,0.4719975551699383,1.5524428029920454,0.16796216381107432,0.16796216381107432
llama3b_instruct,llama,instruct,3.0,PANAS_Positive_Affect,BigFive_Agreeableness,affect_social,-0.0953433540889089,0.382582168702676,-4.012677887814951,0.47792552279158484,0.47792552279158484
llama3b_instruct,llama,instruct,3.0,PANAS_Positive_Affect,BigFive_Conscientiousness,affect_cognitive,0.3535661062107319,0.5628233554749338,1.5918475939531396,0.20925724926420186,0.20925724926420186
llama3b_instruct,llama,instruct,3.0,PANAS_Positive_Affect,BigFive_Neuroticism,affect_affect,-0.2395934489048498,-0.551434641923775,2.3015430699141,-0.3118411930189252,0.3118411930189252
llama3b_instruct,llama,instruct,3.0,PANAS_Positive_Affect,BigFive_Openness,affect_cognitive,0.3999394212485611,0.2588054267796026,0.6471115699763836,-0.14113399446895847,0.14113399446895847
llama3b_instruct,llama,instruct,3.0,PANAS_Positive_Affect,SelfConst_Independent_self,affect_social,0.5018794906994306,0.8642110092655584,1.72194924335556,0.3623315185661278,0.3623315185661278
llama3b_instruct,llama,instruct,3.0,PANAS_Positive_Affect,SelfConst_Interdependent_self,affect_social,0.0270265323841661,0.1903930004591488,7.04466994702929,0.1633664680749827,0.1633664680749827
llama3b_instruct,llama,instruct,3.0,PANAS_Positive_Affect,LifeSat_Life_Satisfaction,affect_affect,0.3754486441349218,0.807010436735062,2.1494562554474257,0.4315617926001402,0.4315617926001402
llama3b_instruct,llama,instruct,3.0,PANAS_Positive_Affect,Lonely_Loneliness,affect_affect,-0.3697831339693283,-0.3986694735081991,1.0781169742080956,-0.028886339538870764,0.028886339538870764
llama3b_instruct,llama,instruct,3.0,PANAS_Negative_Affect,POM_Peace_of_Mind,affect_affect,-0.5766884713941555,-0.7057527897443138,1.2238024943313723,-0.1290643183501583,0.1290643183501583
llama3b_instruct,llama,instruct,3.0,PANAS_Negative_Affect,BigFive_Extraversion,affect_social,-0.1323805357997911,-0.3872204242341908,2.9250555747848987,-0.2548398884343997,0.2548398884343997
llama3b_instruct,llama,instruct,3.0,PANAS_Negative_Affect,BigFive_Agreeableness,affect_social,-0.0574017480725705,0.143347269009945,-2.497263129142293,0.2007490170825155,0.2007490170825155
llama3b_instruct,llama,instruct,3.0,PANAS_Negative_Affect,BigFive_Conscientiousness,affect_cognitive,-0.2985335682367622,-0.2911359926965347,0.9752202890150008,0.007397575540227519,0.007397575540227519
llama3b_instruct,llama,instruct,3.0,PANAS_Negative_Affect,BigFive_Neuroticism,affect_affect,0.5956331777420659,0.5774027078191917,0.9693931254938105,-0.01823046992287425,0.01823046992287425
llama3b_instruct,llama,instruct,3.0,PANAS_Negative_Affect,BigFive_Openness,affect_cognitive,-0.1167409204094412,-0.1506795167967161,1.2907172246736045,-0.033938596387274894,0.033938596387274894
llama3b_instruct,llama,instruct,3.0,PANAS_Negative_Affect,SelfConst_Independent_self,affect_social,-0.2263810536303488,-0.5621956506854386,2.4834041615665945,-0.33581459705508987,0.33581459705508987
llama3b_instruct,llama,instruct,3.0,PANAS_Negative_Affect,SelfConst_Interdependent_self,affect_social,0.0843883716573425,0.0518463641600022,0.6143780611210683,-0.032542007497340306,0.032542007497340306
llama3b_instruct,llama,instruct,3.0,PANAS_Negative_Affect,LifeSat_Life_Satisfaction,affect_affect,-0.4079942081992174,-0.7266275249491674,1.780975098044446,-0.31863331674995,0.31863331674995
llama3b_instruct,llama,instruct,3.0,PANAS_Negative_Affect,Lonely_Loneliness,affect_affect,0.3386000777626718,0.536563910608893,1.584653831606548,0.19796383284622115,0.19796383284622115
llama3b_instruct,llama,instruct,3.0,POM_Peace_of_Mind,BigFive_Extraversion,affect_social,0.1082377433043031,0.5415645959761767,5.003472720727412,0.4333268526718736,0.4333268526718736
llama3b_instruct,llama,instruct,3.0,POM_Peace_of_Mind,BigFive_Agreeableness,affect_social,0.0650822784924807,0.2014875411712779,3.0958894777255965,0.1364052626787972,0.1364052626787972
llama3b_instruct,llama,instruct,3.0,POM_Peace_of_Mind,BigFive_Conscientiousness,affect_cognitive,0.2046240763661845,0.5841756663251747,2.8548725873282117,0.3795515899589902,0.3795515899589902
llama3b_instruct,llama,instruct,3.0,POM_Peace_of_Mind,BigFive_Neuroticism,affect_affect,-0.525213997135656,-0.6463411270001413,1.230624336984682,-0.12112712986448537,0.12112712986448537
llama3b_instruct,llama,instruct,3.0,POM_Peace_of_Mind,BigFive_Openness,affect_cognitive,0.1427760721896465,0.3131156544280205,2.193054127529965,0.17033958223837398,0.17033958223837398
llama3b_instruct,llama,instruct,3.0,POM_Peace_of_Mind,SelfConst_Independent_self,affect_social,0.2895192592870562,0.8012465574539707,2.7675069334836224,0.5117272981669145,0.5117272981669145
llama3b_instruct,llama,instruct,3.0,POM_Peace_of_Mind,SelfConst_Interdependent_self,affect_social,0.0410384690635432,0.169229033930591,4.123668299335434,0.1281905648670478,0.1281905648670478
llama3b_instruct,llama,instruct,3.0,POM_Peace_of_Mind,LifeSat_Life_Satisfaction,affect_affect,0.6897377245732463,0.8614246944554498,1.2489163108896637,0.17168696988220344,0.17168696988220344
llama3b_instruct,llama,instruct,3.0,POM_Peace_of_Mind,Lonely_Loneliness,affect_affect,-0.4673179722857797,-0.4666963921307243,0.9986698988870145,0.0006215801550554234,0.0006215801550554234
llama3b_instruct,llama,instruct,3.0,BigFive_Extraversion,BigFive_Agreeableness,within_scale,-0.0949578376115242,0.2937447525171446,-3.093422932805869,0.3887025901286688,0.3887025901286688
llama3b_instruct,llama,instruct,3.0,BigFive_Extraversion,BigFive_Conscientiousness,within_scale,-0.0749633428742371,0.4667566593370501,-6.226465382154961,0.5417200022112871,0.5417200022112871
llama3b_instruct,llama,instruct,3.0,BigFive_Extraversion,BigFive_Neuroticism,within_scale,0.013526683613174,-0.1850843392531556,-13.682905917374823,-0.1986110228663296,0.1986110228663296
llama3b_instruct,llama,instruct,3.0,BigFive_Extraversion,BigFive_Openness,within_scale,0.374028887685193,0.1775322296733638,0.47464844432761155,-0.1964966580118292,0.1964966580118292
llama3b_instruct,llama,instruct,3.0,BigFive_Extraversion,SelfConst_Independent_self,social_social,0.383065040512844,0.450815615065476,1.1768644156666663,0.067750574552632,0.067750574552632
llama3b_instruct,llama,instruct,3.0,BigFive_Extraversion,SelfConst_Interdependent_self,social_social,0.1087385289929,0.5677791264698062,5.221508252211862,0.45904059747690623,0.45904059747690623
llama3b_instruct,llama,instruct,3.0,BigFive_Extraversion,LifeSat_Life_Satisfaction,affect_social,0.1514776054608016,0.4200839484038615,2.773241279633035,0.26860634294305985,0.26860634294305985
llama3b_instruct,llama,instruct,3.0,BigFive_Extraversion,Lonely_Loneliness,affect_social,-0.4589356266931431,0.0422822958230524,-0.09213121266639755,0.5012179225161955,0.5012179225161955
llama3b_instruct,llama,instruct,3.0,BigFive_Agreeableness,BigFive_Conscientiousness,within_scale,0.0102069144256358,0.3740702420544168,36.64870953702696,0.363863327628781,0.363863327628781
llama3b_instruct,llama,instruct,3.0,BigFive_Agreeableness,BigFive_Neuroticism,within_scale,-0.1604544666739748,-0.0112711503714254,0.07024516428281859,0.1491833163025494,0.1491833163025494
llama3b_instruct,llama,instruct,3.0,BigFive_Agreeableness,BigFive_Openness,within_scale,-0.046032666273312,0.0546849517416172,-1.1879596853446108,0.1007176180149292,0.1007176180149292
llama3b_instruct,llama,instruct,3.0,BigFive_Agreeableness,SelfConst_Independent_self,social_social,-0.1388279137981352,0.3132511014335685,-2.256398535881307,0.4520790152317037,0.4520790152317037
llama3b_instruct,llama,instruct,3.0,BigFive_Agreeableness,SelfConst_Interdependent_self,social_social,0.4270687033594729,0.412413636022958,0.9656845204969763,-0.014655067336514893,0.014655067336514893
llama3b_instruct,llama,instruct,3.0,BigFive_Agreeableness,LifeSat_Life_Satisfaction,affect_social,-0.0681672471329937,0.1582507386307269,-2.32150695952238,0.22641798576372058,0.22641798576372058
llama3b_instruct,llama,instruct,3.0,BigFive_Agreeableness,Lonely_Loneliness,affect_social,-0.1211838981515432,0.2582784925888954,-2.1312938148425653,0.37946239074043864,0.37946239074043864
llama3b_instruct,llama,instruct,3.0,BigFive_Conscientiousness,BigFive_Neuroticism,within_scale,-0.2594539542198637,-0.448849490004839,1.7299774495804356,-0.18939553578497526,0.18939553578497526
llama3b_instruct,llama,instruct,3.0,BigFive_Conscientiousness,BigFive_Openness,within_scale,0.0546263542895831,0.4953129186179907,9.067288583679906,0.4406865643284076,0.4406865643284076
llama3b_instruct,llama,instruct,3.0,BigFive_Conscientiousness,SelfConst_Independent_self,cognitive_social,0.1737890582742088,0.5207363591210206,2.996370221992857,0.3469473008468118,0.3469473008468118
llama3b_instruct,llama,instruct,3.0,BigFive_Conscientiousness,SelfConst_Interdependent_self,cognitive_social,-0.0018154185359622,0.2265196256229906,,0.2283350441589528,0.2283350441589528
llama3b_instruct,llama,instruct,3.0,BigFive_Conscientiousness,LifeSat_Life_Satisfaction,affect_cognitive,0.2171927893560278,0.5875959477078727,2.7054118575947332,0.3704031583518449,0.3704031583518449
llama3b_instruct,llama,instruct,3.0,BigFive_Conscientiousness,Lonely_Loneliness,affect_cognitive,-0.1753595321199811,-0.2648389918316534,1.5102628789545949,-0.08947945971167229,0.08947945971167229
llama3b_instruct,llama,instruct,3.0,BigFive_Neuroticism,BigFive_Openness,within_scale,-0.0445387805619514,-0.4452016483326246,9.995820332650768,-0.40066286777067317,0.40066286777067317
llama3b_instruct,llama,instruct,3.0,BigFive_Neuroticism,SelfConst_Independent_self,affect_social,-0.1533157014938961,-0.5546069634088937,3.617417903090468,-0.40129126191499764,0.40129126191499764
llama3b_instruct,llama,instruct,3.0,BigFive_Neuroticism,SelfConst_Interdependent_self,affect_social,0.0062020528049378,0.1014683961772713,,0.0952663433723335,0.0952663433723335
llama3b_instruct,llama,instruct,3.0,BigFive_Neuroticism,LifeSat_Life_Satisfaction,affect_affect,-0.2833454572921715,-0.6807667983678797,2.4026035387110776,-0.3974213410757082,0.3974213410757082
llama3b_instruct,llama,instruct,3.0,BigFive_Neuroticism,Lonely_Loneliness,affect_affect,0.234332319601605,0.5076765450028575,2.166481114794463,0.2733442254012525,0.2733442254012525
llama3b_instruct,llama,instruct,3.0,BigFive_Openness,SelfConst_Independent_self,cognitive_social,0.3406711029459182,0.216526115126608,0.6355869730488461,-0.12414498781931019,0.12414498781931019
llama3b_instruct,llama,instruct,3.0,BigFive_Openness,SelfConst_Interdependent_self,cognitive_social,-0.099685173410681,-0.0428820341334602,0.430174645499142,0.056803139277220804,0.056803139277220804
llama3b_instruct,llama,instruct,3.0,BigFive_Openness,LifeSat_Life_Satisfaction,affect_cognitive,0.1359975269215463,0.3458473552596784,2.543041502947252,0.20984982833813212,0.20984982833813212
llama3b_instruct,llama,instruct,3.0,BigFive_Openness,Lonely_Loneliness,affect_cognitive,-0.284213527238953,-0.3352930941292684,1.1797225043668318,-0.0510795668903154,0.0510795668903154
llama3b_instruct,llama,instruct,3.0,SelfConst_Independent_self,SelfConst_Interdependent_self,within_scale,-0.0487859894791837,0.1279055024416688,-2.621767105825419,0.17669149192085248,0.17669149192085248
llama3b_instruct,llama,instruct,3.0,SelfConst_Independent_self,LifeSat_Life_Satisfaction,affect_social,0.3274941122911161,0.7940433263313453,2.424603363939271,0.46654921404022925,0.46654921404022925
llama3b_instruct,llama,instruct,3.0,SelfConst_Independent_self,Lonely_Loneliness,affect_social,-0.2617850614373652,-0.3712181541797258,1.4180264990733387,-0.10943309274236063,0.10943309274236063
llama3b_instruct,llama,instruct,3.0,SelfConst_Interdependent_self,LifeSat_Life_Satisfaction,affect_social,0.0673655923064217,0.0900795346393259,1.3371742391811343,0.022713942332904205,0.022713942332904205
llama3b_instruct,llama,instruct,3.0,SelfConst_Interdependent_self,Lonely_Loneliness,affect_social,-0.1430357729512929,0.3948207467349286,-2.7602937264468412,0.5378565196862215,0.5378565196862215
llama3b_instruct,llama,instruct,3.0,LifeSat_Life_Satisfaction,Lonely_Loneliness,affect_affect,-0.4147670935561622,-0.5403248212980096,1.30271863340298,-0.12555772774184742,0.12555772774184742
llama8b_instruct,llama,instruct,8.0,IRI_Perspective_taking,IRI_Fantasy,within_scale,0.2425985343359973,0.2929545116554378,1.2075691737267373,0.0503559773194405,0.0503559773194405
llama8b_instruct,llama,instruct,8.0,IRI_Perspective_taking,IRI_Empathic_concern,within_scale,0.3868208797594384,0.3114643863433213,0.8051902124234326,-0.07535649341611711,0.07535649341611711
llama8b_instruct,llama,instruct,8.0,IRI_Perspective_taking,IRI_Personal_distress,within_scale,0.0740487612513309,-0.0037754672929792,-0.05098623162870726,-0.0778242285443101,0.0778242285443101
llama8b_instruct,llama,instruct,8.0,IRI_Perspective_taking,PANAS_Positive_Affect,affect_cognitive,0.1557113197797272,0.5704601997783763,3.6635756513101447,0.41474887999864907,0.41474887999864907
llama8b_instruct,llama,instruct,8.0,IRI_Perspective_taking,PANAS_Negative_Affect,affect_cognitive,0.0202225922116022,0.0107016885715147,0.5291946976696131,-0.0095209036400875,0.0095209036400875
llama8b_instruct,llama,instruct,8.0,IRI_Perspective_taking,POM_Peace_of_Mind,affect_cognitive,0.0253891025645737,0.3775547370110239,14.870739761311578,0.35216563444645016,0.35216563444645016
llama8b_instruct,llama,instruct,8.0,IRI_Perspective_taking,BigFive_Extraversion,cognitive_social,0.1484577372088443,0.4946551442060402,3.331959340793262,0.34619740699719587,0.34619740699719587
llama8b_instruct,llama,instruct,8.0,IRI_Perspective_taking,BigFive_Agreeableness,cognitive_social,0.3098355967896596,0.5404209905073849,1.7442185343030954,0.2305853937177253,0.2305853937177253
llama8b_instruct,llama,instruct,8.0,IRI_Perspective_taking,BigFive_Conscientiousness,cognitive_cognitive,0.0541501002704837,0.4269033537950517,7.883703846579015,0.372753253524568,0.372753253524568
llama8b_instruct,llama,instruct,8.0,IRI_Perspective_taking,BigFive_Neuroticism,affect_cognitive,-0.0755272944961235,-0.0362103234063635,0.4794336093718017,0.03931697108976,0.03931697108976
llama8b_instruct,llama,instruct,8.0,IRI_Perspective_taking,BigFive_Openness,cognitive_cognitive,0.1375948994500437,0.1455904496513239,1.058109350224738,0.007995550201280205,0.007995550201280205
llama8b_instruct,llama,instruct,8.0,IRI_Perspective_taking,SelfConst_Independent_self,cognitive_social,0.0781023657329456,0.4937381869043908,6.3216803008582785,0.4156358211714452,0.4156358211714452
llama8b_instruct,llama,instruct,8.0,IRI_Perspective_taking,SelfConst_Interdependent_self,cognitive_social,0.3763493765579964,0.4768427446359871,1.2670214814677776,0.1004933680779907,0.1004933680779907
llama8b_instruct,llama,instruct,8.0,IRI_Perspective_taking,LifeSat_Life_Satisfaction,affect_cognitive,0.0169341144368968,0.3224776808376857,19.043079107523745,0.3055435664007889,0.3055435664007889
llama8b_instruct,llama,instruct,8.0,IRI_Perspective_taking,Lonely_Loneliness,affect_cognitive,-0.1849937929362051,0.0730995681338356,-0.3951460585439421,0.2580933610700407,0.2580933610700407
llama8b_instruct,llama,instruct,8.0,IRI_Fantasy,IRI_Empathic_concern,within_scale,0.3706209196161055,0.5575153680537535,1.5042738780941884,0.18689444843764796,0.18689444843764796
llama8b_instruct,llama,instruct,8.0,IRI_Fantasy,IRI_Personal_distress,within_scale,0.3308957665144541,0.6077859578742716,1.8367897669906346,0.27689019135981746,0.27689019135981746
llama8b_instruct,llama,instruct,8.0,IRI_Fantasy,PANAS_Positive_Affect,affect_cognitive,-0.0007664699810815,-0.2153231583646223,,-0.21455668838354078,0.21455668838354078
llama8b_instruct,llama,instruct,8.0,IRI_Fantasy,PANAS_Negative_Affect,affect_cognitive,0.2238166936468798,0.5040481905399788,2.2520580673719808,0.280231496893099,0.280231496893099
llama8b_instruct,llama,instruct,8.0,IRI_Fantasy,POM_Peace_of_Mind,affect_cognitive,-0.1389352237888281,-0.280796550212706,2.021060912814286,-0.1418613264238779,0.1418613264238779
llama8b_instruct,llama,instruct,8.0,IRI_Fantasy,BigFive_Extraversion,cognitive_social,0.0807086947857257,0.1724871955291045,2.137157539061218,0.09177850074337879,0.09177850074337879
llama8b_instruct,llama,instruct,8.0,IRI_Fantasy,BigFive_Agreeableness,cognitive_social,0.0810782565288163,0.364499142882718,4.495646039862366,0.2834208863539017,0.2834208863539017
llama8b_instruct,llama,instruct,8.0,IRI_Fantasy,BigFive_Conscientiousness,cognitive_cognitive,-0.2034452516585949,-0.0081398845584418,0.04001019680764772,0.1953053671001531,0.1953053671001531
llama8b_instruct,llama,instruct,8.0,IRI_Fantasy,BigFive_Neuroticism,affect_cognitive,0.2155317582109705,0.3541586282385704,1.6431853531854306,0.1386268700275999,0.1386268700275999
llama8b_instruct,llama,instruct,8.0,IRI_Fantasy,BigFive_Openness,cognitive_cognitive,-0.050456731884954,-0.1370727135963217,2.7166387610846483,-0.0866159817113677,0.0866159817113677
llama8b_instruct,llama,instruct,8.0,IRI_Fantasy,SelfConst_Independent_self,cognitive_social,0.0054414023548496,-0.2362291996091401,,-0.2416706019639897,0.2416706019639897
llama8b_instruct,llama,instruct,8.0,IRI_Fantasy,SelfConst_Interdependent_self,cognitive_social,0.1816660764877526,0.417095267686551,2.295944712136007,0.23542919119879838,0.23542919119879838
llama8b_instruct,llama,instruct,8.0,IRI_Fantasy,LifeSat_Life_Satisfaction,affect_cognitive,-0.1182575367466149,-0.4050511436130236,3.4251613449458906,-0.28679360686640865,0.28679360686640865
llama8b_instruct,llama,instruct,8.0,IRI_Fantasy,Lonely_Loneliness,affect_cognitive,0.0188661268326879,0.6392642220646182,33.88423218681079,0.6203980952319303,0.6203980952319303
llama8b_instruct,llama,instruct,8.0,IRI_Empathic_concern,IRI_Personal_distress,within_scale,0.3782623305565888,0.3828168782080506,1.0120407116531007,0.004554547651461793,0.004554547651461793
llama8b_instruct,llama,instruct,8.0,IRI_Empathic_concern,PANAS_Positive_Affect,affect_social,0.0056088014587591,-0.1269366026553706,,-0.1325454041141297,0.1325454041141297
llama8b_instruct,llama,instruct,8.0,IRI_Empathic_concern,PANAS_Negative_Affect,affect_social,0.2101682426513958,0.3467550538680849,1.6498927216289496,0.1365868112166891,0.1365868112166891
llama8b_instruct,llama,instruct,8.0,IRI_Empathic_concern,POM_Peace_of_Mind,affect_social,-0.0978173461455466,-0.1688615064682798,1.7262940891590286,-0.0710441603227332,0.0710441603227332
llama8b_instruct,llama,instruct,8.0,IRI_Empathic_concern,BigFive_Extraversion,social_social,0.1310469198934273,0.2697273143435215,2.0582499349307466,0.1386803944500942,0.1386803944500942
llama8b_instruct,llama,instruct,8.0,IRI_Empathic_concern,BigFive_Agreeableness,social_social,0.4700891724010413,0.3763401237798993,0.8005717763242522,-0.09374904862114203,0.09374904862114203
llama8b_instruct,llama,instruct,8.0,IRI_Empathic_concern,BigFive_Conscientiousness,cognitive_social,-0.1093590128817475,-0.0285145300832448,0.2607423872239798,0.0808444827985027,0.0808444827985027
llama8b_instruct,llama,instruct,8.0,IRI_Empathic_concern,BigFive_Neuroticism,affect_social,0.1495859314422549,0.1443752948606369,0.9651662657619011,-0.0052106365816179945,0.0052106365816179945
llama8b_instruct,llama,instruct,8.0,IRI_Empathic_concern,BigFive_Openness,cognitive_social,0.065264043100276,0.024896044920263,0.381466481964825,-0.04036799818001301,0.04036799818001301
llama8b_instruct,llama,instruct,8.0,IRI_Empathic_concern,SelfConst_Independent_self,social_social,-0.0803015415932576,-0.179107810534102,2.2304404994030715,-0.09880626894084439,0.09880626894084439
llama8b_instruct,llama,instruct,8.0,IRI_Empathic_concern,SelfConst_Interdependent_self,social_social,0.437418299700178,0.5357064017790184,1.22470048040105,0.09828810207884042,0.09828810207884042
llama8b_instruct,llama,instruct,8.0,IRI_Empathic_concern,LifeSat_Life_Satisfaction,affect_social,-0.0994772298781971,-0.2062892297514855,2.0737331548543545,-0.1068119998732884,0.1068119998732884
llama8b_instruct,llama,instruct,8.0,IRI_Empathic_concern,Lonely_Loneliness,affect_social,-0.144702481326898,0.403612496578572,-2.7892576055193503,0.54831497790547,0.54831497790547
llama8b_instruct,llama,instruct,8.0,IRI_Personal_distress,PANAS_Positive_Affect,affect_affect,-0.2855822135455922,-0.6744968882856472,2.3618308714382388,-0.38891467474005503,0.38891467474005503
llama8b_instruct,llama,instruct,8.0,IRI_Personal_distress,PANAS_Negative_Affect,affect_affect,0.5294570102216241,0.8905166606940977,1.6819432805721821,0.3610596504724737,0.3610596504724737
llama8b_instruct,llama,instruct,8.0,IRI_Personal_distress,POM_Peace_of_Mind,affect_affect,-0.3883839878343598,-0.7735053738643486,1.9915995460508984,-0.3851213860299888,0.3851213860299888
llama8b_instruct,llama,instruct,8.0,IRI_Personal_distress,BigFive_Extraversion,affect_social,-0.0579335353592926,-0.3916036238581604,6.759532651158096,-0.3336700884988678,0.3336700884988678
llama8b_instruct,llama,instruct,8.0,IRI_Personal_distress,BigFive_Agreeableness,affect_social,0.2558076569058266,0.1082052908883414,0.4229947304828966,-0.14760236601748516,0.14760236601748516
llama8b_instruct,llama,instruct,8.0,IRI_Personal_distress,BigFive_Conscientiousness,affect_cognitive,-0.3401424925970019,-0.4321208523548561,1.2704112592801788,-0.09197835975785418,0.09197835975785418
llama8b_instruct,llama,instruct,8.0,IRI_Personal_distress,BigFive_Neuroticism,affect_affect,0.5104295874631224,0.7148024552669079,1.400393850245899,0.2043728678037855,0.2043728678037855
llama8b_instruct,llama,instruct,8.0,IRI_Personal_distress,BigFive_Openness,affect_cognitive,-0.2001937411071401,-0.2976414069589768,1.4867667955697197,-0.09744766585183667,0.09744766585183667
llama8b_instruct,llama,instruct,8.0,IRI_Personal_distress,SelfConst_Independent_self,affect_social,-0.1852491281846682,-0.7240027185997392,3.9082651869649117,-0.538753590415071,0.538753590415071
llama8b_instruct,llama,instruct,8.0,IRI_Personal_distress,SelfConst_Interdependent_self,affect_social,0.3115448414218291,0.2029096456225905,0.6513015741058366,-0.10863519579923858,0.10863519579923858
llama8b_instruct,llama,instruct,8.0,IRI_Personal_distress,LifeSat_Life_Satisfaction,affect_affect,-0.2644579776515124,-0.85209629231309,3.2220479785863514,-0.5876383146615776,0.5876383146615776
llama8b_instruct,llama,instruct,8.0,IRI_Personal_distress,Lonely_Loneliness,affect_affect,0.18842654885845,0.7809677678104328,4.144680102362392,0.5925412189519828,0.5925412189519828
llama8b_instruct,llama,instruct,8.0,PANAS_Positive_Affect,PANAS_Negative_Affect,within_scale,-0.1155486587886431,-0.6269794944410141,5.426107935946357,-0.511430835652371,0.511430835652371
llama8b_instruct,llama,instruct,8.0,PANAS_Positive_Affect,POM_Peace_of_Mind,affect_affect,0.4043980239852481,0.8602112923342189,2.127140196821531,0.4558132683489708,0.4558132683489708
llama8b_instruct,llama,instruct,8.0,PANAS_Positive_Affect,BigFive_Extraversion,affect_social,0.304035391358864,0.586956687070771,1.9305538228540136,0.282921295711907,0.282921295711907
llama8b_instruct,llama,instruct,8.0,PANAS_Positive_Affect,BigFive_Agreeableness,affect_social,-0.0953433540889089,0.3615079690136458,-3.791643082710673,0.4568513231025547,0.4568513231025547
llama8b_instruct,llama,instruct,8.0,PANAS_Positive_Affect,BigFive_Conscientiousness,affect_cognitive,0.3535661062107319,0.5943073230553009,1.6808944992625587,0.24074121684456895,0.24074121684456895
llama8b_instruct,llama,instruct,8.0,PANAS_Positive_Affect,BigFive_Neuroticism,affect_affect,-0.2395934489048498,-0.4557231931424724,1.9020686718502668,-0.2161297442376226,0.2161297442376226
llama8b_instruct,llama,instruct,8.0,PANAS_Positive_Affect,BigFive_Openness,affect_cognitive,0.3999394212485611,0.2924576212837563,0.7312547994662292,-0.10748179996480478,0.10748179996480478
llama8b_instruct,llama,instruct,8.0,PANAS_Positive_Affect,SelfConst_Independent_self,affect_social,0.5018794906994306,0.8669683974566662,1.727443367427586,0.3650889067572356,0.3650889067572356
llama8b_instruct,llama,instruct,8.0,PANAS_Positive_Affect,SelfConst_Interdependent_self,affect_social,0.0270265323841661,0.1672857076169761,6.189684464107683,0.14025917523280998,0.14025917523280998
llama8b_instruct,llama,instruct,8.0,PANAS_Positive_Affect,LifeSat_Life_Satisfaction,affect_affect,0.3754486441349218,0.8314142256386585,2.2144552620621005,0.4559655815037367,0.4559655815037367
llama8b_instruct,llama,instruct,8.0,PANAS_Positive_Affect,Lonely_Loneliness,affect_affect,-0.3697831339693283,-0.5022971955939743,1.3583561537872557,-0.13251406162464602,0.13251406162464602
llama8b_instruct,llama,instruct,8.0,PANAS_Negative_Affect,POM_Peace_of_Mind,affect_affect,-0.5766884713941555,-0.7396473411923477,1.2825769507828655,-0.16295886979819219,0.16295886979819219
llama8b_instruct,llama,instruct,8.0,PANAS_Negative_Affect,BigFive_Extraversion,affect_social,-0.1323805357997911,-0.4535733251134802,3.4262841011570826,-0.3211927893136891,0.3211927893136891
llama8b_instruct,llama,instruct,8.0,PANAS_Negative_Affect,BigFive_Agreeableness,affect_social,-0.0574017480725705,0.1021536602137461,-1.7796262943873717,0.1595554082863166,0.1595554082863166
llama8b_instruct,llama,instruct,8.0,PANAS_Negative_Affect,BigFive_Conscientiousness,affect_cognitive,-0.2985335682367622,-0.3480130762616957,1.1657418571625824,-0.049479508024933505,0.049479508024933505
llama8b_instruct,llama,instruct,8.0,PANAS_Negative_Affect,BigFive_Neuroticism,affect_affect,0.5956331777420659,0.6162039267665671,1.0345359355274348,0.020570749024501178,0.020570749024501178
llama8b_instruct,llama,instruct,8.0,PANAS_Negative_Affect,BigFive_Openness,affect_cognitive,-0.1167409204094412,-0.1818331464106441,1.5575784889557773,-0.0650922260012029,0.0650922260012029
llama8b_instruct,llama,instruct,8.0,PANAS_Negative_Affect,SelfConst_Independent_self,affect_social,-0.2263810536303488,-0.6796199435490069,3.0021061067183608,-0.4532388899186581,0.4532388899186581
llama8b_instruct,llama,instruct,8.0,PANAS_Negative_Affect,SelfConst_Interdependent_self,affect_social,0.0843883716573425,0.087066842288516,1.0317398070204433,0.0026784706311734907,0.0026784706311734907
llama8b_instruct,llama,instruct,8.0,PANAS_Negative_Affect,LifeSat_Life_Satisfaction,affect_affect,-0.4079942081992174,-0.7928883848266479,1.9433814718259248,-0.38489417662743053,0.38489417662743053
llama8b_instruct,llama,instruct,8.0,PANAS_Negative_Affect,Lonely_Loneliness,affect_affect,0.3386000777626718,0.6727119068101008,1.9867446908314397,0.33411182904742903,0.33411182904742903
llama8b_instruct,llama,instruct,8.0,POM_Peace_of_Mind,BigFive_Extraversion,affect_social,0.1082377433043031,0.578546442707309,5.345145094911715,0.47030869940300596,0.47030869940300596
llama8b_instruct,llama,instruct,8.0,POM_Peace_of_Mind,BigFive_Agreeableness,affect_social,0.0650822784924807,0.2515562449239843,3.8652034125241626,0.1864739664315036,0.1864739664315036
llama8b_instruct,llama,instruct,8.0,POM_Peace_of_Mind,BigFive_Conscientiousness,affect_cognitive,0.2046240763661845,0.6190915726895665,3.0255069866835846,0.414467496323382,0.414467496323382
llama8b_instruct,llama,instruct,8.0,POM_Peace_of_Mind,BigFive_Neuroticism,affect_affect,-0.525213997135656,-0.6146341486990043,1.1702547000860914,-0.08942015156334837,0.08942015156334837
llama8b_instruct,llama,instruct,8.0,POM_Peace_of_Mind,BigFive_Openness,affect_cognitive,0.1427760721896465,0.3177868743116415,2.225771233498648,0.175010802121995,0.175010802121995
llama8b_instruct,llama,instruct,8.0,POM_Peace_of_Mind,SelfConst_Independent_self,affect_social,0.2895192592870562,0.8632788989652118,2.9817667435701654,0.5737596396781557,0.5737596396781557
llama8b_instruct,llama,instruct,8.0,POM_Peace_of_Mind,SelfConst_Interdependent_self,affect_social,0.0410384690635432,0.0475193157915986,1.157921259636186,0.006480846728055399,0.006480846728055399
llama8b_instruct,llama,instruct,8.0,POM_Peace_of_Mind,LifeSat_Life_Satisfaction,affect_affect,0.6897377245732463,0.8931388357349647,1.2948963119098154,0.20340111116171833,0.20340111116171833
llama8b_instruct,llama,instruct,8.0,POM_Peace_of_Mind,Lonely_Loneliness,affect_affect,-0.4673179722857797,-0.6207326084998461,1.3282874730104506,-0.15341463621406642,0.15341463621406642
llama8b_instruct,llama,instruct,8.0,BigFive_Extraversion,BigFive_Agreeableness,within_scale,-0.0949578376115242,0.3988861216882278,-4.200665597715954,0.493843959299752,0.493843959299752
llama8b_instruct,llama,instruct,8.0,BigFive_Extraversion,BigFive_Conscientiousness,within_scale,-0.0749633428742371,0.392645009034864,-5.237826836158951,0.4676083519091011,0.4676083519091011
llama8b_instruct,llama,instruct,8.0,BigFive_Extraversion,BigFive_Neuroticism,within_scale,0.013526683613174,-0.2611319262575888,-19.304948184288527,-0.2746586098707628,0.2746586098707628
llama8b_instruct,llama,instruct,8.0,BigFive_Extraversion,BigFive_Openness,within_scale,0.374028887685193,0.1350998947561593,0.3612017659712641,-0.2389289929290337,0.2389289929290337
llama8b_instruct,llama,instruct,8.0,BigFive_Extraversion,SelfConst_Independent_self,social_social,0.383065040512844,0.5672265464592763,1.4807577995107006,0.18416150594643227,0.18416150594643227
llama8b_instruct,llama,instruct,8.0,BigFive_Extraversion,SelfConst_Interdependent_self,social_social,0.1087385289929,0.5849418969433469,5.379343479821584,0.4762033679504469,0.4762033679504469
llama8b_instruct,llama,instruct,8.0,BigFive_Extraversion,LifeSat_Life_Satisfaction,affect_social,0.1514776054608016,0.5317458661533234,3.510392605796275,0.38026826069252184,0.38026826069252184
llama8b_instruct,llama,instruct,8.0,BigFive_Extraversion,Lonely_Loneliness,affect_social,-0.4589356266931431,-0.1108185279506279,0.24146856662475716,0.3481170987425152,0.3481170987425152
llama8b_instruct,llama,instruct,8.0,BigFive_Agreeableness,BigFive_Conscientiousness,within_scale,0.0102069144256358,0.3666926962623151,35.9259107082671,0.3564857818366793,0.3564857818366793
llama8b_instruct,llama,instruct,8.0,BigFive_Agreeableness,BigFive_Neuroticism,within_scale,-0.1604544666739748,0.0504341929080657,-0.3143209033285576,0.2108886595820405,0.2108886595820405
llama8b_instruct,llama,instruct,8.0,BigFive_Agreeableness,BigFive_Openness,within_scale,-0.046032666273312,0.0639421663817509,-1.3890606727427857,0.1099748326550629,0.1099748326550629
llama8b_instruct,llama,instruct,8.0,BigFive_Agreeableness,SelfConst_Independent_self,social_social,-0.1388279137981352,0.3023892916357243,-2.1781591566334275,0.4412172054338595,0.4412172054338595
llama8b_instruct,llama,instruct,8.0,BigFive_Agreeableness,SelfConst_Interdependent_self,social_social,0.4270687033594729,0.4313679359177214,1.0100668405912894,0.004299232558248489,0.004299232558248489
llama8b_instruct,llama,instruct,8.0,BigFive_Agreeableness,LifeSat_Life_Satisfaction,affect_social,-0.0681672471329937,0.1876110721015244,-2.752217230299719,0.2557783192345181,0.2557783192345181
llama8b_instruct,llama,instruct,8.0,BigFive_Agreeableness,Lonely_Loneliness,affect_social,-0.1211838981515432,0.2536852303766069,-2.0933905761916303,0.37486912852815013,0.37486912852815013
llama8b_instruct,llama,instruct,8.0,BigFive_Conscientiousness,BigFive_Neuroticism,within_scale,-0.2594539542198637,-0.3858716631539605,1.4872452582741105,-0.12641770893409676,0.12641770893409676
llama8b_instruct,llama,instruct,8.0,BigFive_Conscientiousness,BigFive_Openness,within_scale,0.0546263542895831,0.4716667173335284,8.634416912268154,0.41704036304394526,0.41704036304394526
llama8b_instruct,llama,instruct,8.0,BigFive_Conscientiousness,SelfConst_Independent_self,cognitive_social,0.1737890582742088,0.6150739439119282,3.5391983247958505,0.4412848856377194,0.4412848856377194
llama8b_instruct,llama,instruct,8.0,BigFive_Conscientiousness,SelfConst_Interdependent_self,cognitive_social,-0.0018154185359622,0.073179439936433,,0.0749948584723952,0.0749948584723952
llama8b_instruct,llama,instruct,8.0,BigFive_Conscientiousness,LifeSat_Life_Satisfaction,affect_cognitive,0.2171927893560278,0.5998607087005118,2.761881324325207,0.38266791934448396,0.38266791934448396
llama8b_instruct,llama,instruct,8.0,BigFive_Conscientiousness,Lonely_Loneliness,affect_cognitive,-0.1753595321199811,-0.3994974852608708,2.2781623583914126,-0.22413795314088972,0.22413795314088972
llama8b_instruct,llama,instruct,8.0,BigFive_Neuroticism,BigFive_Openness,within_scale,-0.0445387805619514,-0.3189614719457768,7.161432529615758,-0.27442269138382536,0.27442269138382536
llama8b_instruct,llama,instruct,8.0,BigFive_Neuroticism,SelfConst_Independent_self,affect_social,-0.1533157014938961,-0.5592702787524162,3.647834326836265,-0.40595457725852013,0.40595457725852013
llama8b_instruct,llama,instruct,8.0,BigFive_Neuroticism,SelfConst_Interdependent_self,affect_social,0.0062020528049378,0.1851294057887333,,0.1789273529837955,0.1789273529837955
llama8b_instruct,llama,instruct,8.0,BigFive_Neuroticism,LifeSat_Life_Satisfaction,affect_affect,-0.2833454572921715,-0.6774972059822151,2.391064294648685,-0.3941517486900436,0.3941517486900436
llama8b_instruct,llama,instruct,8.0,BigFive_Neuroticism,Lonely_Loneliness,affect_affect,0.234332319601605,0.5822321908485629,2.484643142006328,0.3478998712469579,0.3478998712469579
llama8b_instruct,llama,instruct,8.0,BigFive_Openness,SelfConst_Independent_self,cognitive_social,0.3406711029459182,0.2714599614501691,0.7968388251975208,-0.06921114149574908,0.06921114149574908
llama8b_instruct,llama,instruct,8.0,BigFive_Openness,SelfConst_Interdependent_self,cognitive_social,-0.099685173410681,-0.1031969729089668,1.0352289049427437,-0.0035117994982857975,0.0035117994982857975
llama8b_instruct,llama,instruct,8.0,BigFive_Openness,LifeSat_Life_Satisfaction,affect_cognitive,0.1359975269215463,0.3487256538637789,2.5642058481324472,0.21272812694223261,0.21272812694223261
llama8b_instruct,llama,instruct,8.0,BigFive_Openness,Lonely_Loneliness,affect_cognitive,-0.284213527238953,-0.3984254828404888,1.401852637737091,-0.1142119556015358,0.1142119556015358
llama8b_instruct,llama,instruct,8.0,SelfConst_Independent_self,SelfConst_Interdependent_self,within_scale,-0.0487859894791837,0.0661200176428492,-1.3553075042387257,0.11490600712203289,0.11490600712203289
llama8b_instruct,llama,instruct,8.0,SelfConst_Independent_self,LifeSat_Life_Satisfaction,affect_social,0.3274941122911161,0.8525895591593037,2.603373700964186,0.5250954468681877,0.5250954468681877
llama8b_instruct,llama,instruct,8.0,SelfConst_Independent_self,Lonely_Loneliness,affect_social,-0.2617850614373652,-0.4989701912182163,1.9060300403642403,-0.2371851297808511,0.2371851297808511
llama8b_instruct,llama,instruct,8.0,SelfConst_Interdependent_self,LifeSat_Life_Satisfaction,affect_social,0.0673655923064217,0.0142620636537814,0.2117113969533354,-0.05310352865264029,0.05310352865264029
llama8b_instruct,llama,instruct,8.0,SelfConst_Interdependent_self,Lonely_Loneliness,affect_social,-0.1430357729512929,0.3813608856657428,-2.666192364308789,0.5243966586170357,0.5243966586170357
llama8b_instruct,llama,instruct,8.0,LifeSat_Life_Satisfaction,Lonely_Loneliness,affect_affect,-0.4147670935561622,-0.671814807045827,1.6197398913346022,-0.25704771348966476,0.25704771348966476
llama8b_base,llama,base,8.0,IRI_Perspective_taking,IRI_Fantasy,within_scale,0.2425985343359973,0.4227687437954345,1.7426681696679285,0.1801702094594372,0.1801702094594372
llama8b_base,llama,base,8.0,IRI_Perspective_taking,IRI_Empathic_concern,within_scale,0.3868208797594384,0.3678326493456651,0.9509120851346443,-0.018988230413773288,0.018988230413773288
llama8b_base,llama,base,8.0,IRI_Perspective_taking,IRI_Personal_distress,within_scale,0.0740487612513309,0.0559614580659664,0.7557379370064827,-0.018087303185364507,0.018087303185364507
llama8b_base,llama,base,8.0,IRI_Perspective_taking,PANAS_Positive_Affect,affect_cognitive,0.1557113197797272,0.5028584035454158,3.229427406156282,0.3471470837656886,0.3471470837656886
llama8b_base,llama,base,8.0,IRI_Perspective_taking,PANAS_Negative_Affect,affect_cognitive,0.0202225922116022,0.0124197719612437,0.6141533108756538,-0.007802820250358498,0.007802820250358498
llama8b_base,llama,base,8.0,IRI_Perspective_taking,POM_Peace_of_Mind,affect_cognitive,0.0253891025645737,0.3685315726142639,14.515344592309019,0.3431424700496902,0.3431424700496902
llama8b_base,llama,base,8.0,IRI_Perspective_taking,BigFive_Extraversion,cognitive_social,0.1484577372088443,0.4259019619390993,2.868843146517569,0.277444224730255,0.277444224730255
llama8b_base,llama,base,8.0,IRI_Perspective_taking,BigFive_Agreeableness,cognitive_social,0.3098355967896596,0.5444980386262068,1.7573772809450756,0.23466244183654722,0.23466244183654722
llama8b_base,llama,base,8.0,IRI_Perspective_taking,BigFive_Conscientiousness,cognitive_cognitive,0.0541501002704837,0.4176317315601013,7.712483069726563,0.36348163128961763,0.36348163128961763
llama8b_base,llama,base,8.0,IRI_Perspective_taking,BigFive_Neuroticism,affect_cognitive,-0.0755272944961235,-0.1150032840967027,1.5226718349166517,-0.0394759896005792,0.0394759896005792
llama8b_base,llama,base,8.0,IRI_Perspective_taking,BigFive_Openness,cognitive_cognitive,0.1375948994500437,0.0802817448011022,0.5834645406332808,-0.05731315464894149,0.05731315464894149
llama8b_base,llama,base,8.0,IRI_Perspective_taking,SelfConst_Independent_self,cognitive_social,0.0781023657329456,0.501203817898694,6.417268071142091,0.42310145216574835,0.42310145216574835
llama8b_base,llama,base,8.0,IRI_Perspective_taking,SelfConst_Interdependent_self,cognitive_social,0.3763493765579964,0.4486727473720069,1.1921708266809505,0.07232337081401052,0.07232337081401052
llama8b_base,llama,base,8.0,IRI_Perspective_taking,LifeSat_Life_Satisfaction,affect_cognitive,0.0169341144368968,0.2968683062849907,17.530784227970074,0.2799341918480939,0.2799341918480939
llama8b_base,llama,base,8.0,IRI_Perspective_taking,Lonely_Loneliness,affect_cognitive,-0.1849937929362051,0.2367445714590808,-1.279743323824502,0.4217383643952859,0.4217383643952859
llama8b_base,llama,base,8.0,IRI_Fantasy,IRI_Empathic_concern,within_scale,0.3706209196161055,0.5526274158023028,1.4910853288441523,0.1820064961861973,0.1820064961861973
llama8b_base,llama,base,8.0,IRI_Fantasy,IRI_Personal_distress,within_scale,0.3308957665144541,0.5333923420999808,1.6119648423385955,0.20249657558552664,0.20249657558552664
llama8b_base,llama,base,8.0,IRI_Fantasy,PANAS_Positive_Affect,affect_cognitive,-0.0007664699810815,-0.1470361742166378,,-0.1462697042355563,0.1462697042355563
llama8b_base,llama,base,8.0,IRI_Fantasy,PANAS_Negative_Affect,affect_cognitive,0.2238166936468798,0.4390517446080154,1.9616577184395205,0.21523505096113557,0.21523505096113557
llama8b_base,llama,base,8.0,IRI_Fantasy,POM_Peace_of_Mind,affect_cognitive,-0.1389352237888281,-0.235299982019064,1.6935948681862247,-0.09636475823023588,0.09636475823023588
llama8b_base,llama,base,8.0,IRI_Fantasy,BigFive_Extraversion,cognitive_social,0.0807086947857257,0.193478214835253,2.397241280495493,0.11276952004952728,0.11276952004952728
llama8b_base,llama,base,8.0,IRI_Fantasy,BigFive_Agreeableness,cognitive_social,0.0810782565288163,0.3509132205766304,4.328080494083036,0.2698349640478141,0.2698349640478141
llama8b_base,llama,base,8.0,IRI_Fantasy,BigFive_Conscientiousness,cognitive_cognitive,-0.2034452516585949,0.1257620153930607,-0.6181614678532984,0.3292072670516556,0.3292072670516556
llama8b_base,llama,base,8.0,IRI_Fantasy,BigFive_Neuroticism,affect_cognitive,0.2155317582109705,0.2421284738963958,1.123400448760741,0.026596715685425293,0.026596715685425293
llama8b_base,llama,base,8.0,IRI_Fantasy,BigFive_Openness,cognitive_cognitive,-0.050456731884954,-0.213861077372035,4.238504345855335,-0.163404345487081,0.163404345487081
llama8b_base,llama,base,8.0,IRI_Fantasy,SelfConst_Independent_self,cognitive_social,0.0054414023548496,-0.1071778898665041,,-0.11261929222135371,0.11261929222135371
llama8b_base,llama,base,8.0,IRI_Fantasy,SelfConst_Interdependent_self,cognitive_social,0.1816660764877526,0.4119356490506315,2.267543049394822,0.23026957256287892,0.23026957256287892
llama8b_base,llama,base,8.0,IRI_Fantasy,LifeSat_Life_Satisfaction,affect_cognitive,-0.1182575367466149,-0.2962054902295944,2.5047493663280047,-0.1779479534829795,0.1779479534829795
llama8b_base,llama,base,8.0,IRI_Fantasy,Lonely_Loneliness,affect_cognitive,0.0188661268326879,0.6228356564264705,33.013435240312845,0.6039695295937826,0.6039695295937826
llama8b_base,llama,base,8.0,IRI_Empathic_concern,IRI_Personal_distress,within_scale,0.3782623305565888,0.4108848255919561,1.086243044575349,0.032622495035367294,0.032622495035367294
llama8b_base,llama,base,8.0,IRI_Empathic_concern,PANAS_Positive_Affect,affect_social,0.0056088014587591,-0.1241359343106679,,-0.129744735769427,0.129744735769427
llama8b_base,llama,base,8.0,IRI_Empathic_concern,PANAS_Negative_Affect,affect_social,0.2101682426513958,0.3241885906240555,1.5425193955767342,0.11402034797265967,0.11402034797265967
llama8b_base,llama,base,8.0,IRI_Empathic_concern,POM_Peace_of_Mind,affect_social,-0.0978173461455466,-0.1696342549616905,1.7341940018418047,-0.07181690881614389,0.07181690881614389
llama8b_base,llama,base,8.0,IRI_Empathic_concern,BigFive_Extraversion,social_social,0.1310469198934273,0.2998564767414422,2.2881611943668556,0.16880955684801494,0.16880955684801494
llama8b_base,llama,base,8.0,IRI_Empathic_concern,BigFive_Agreeableness,social_social,0.4700891724010413,0.2741690391424216,0.5832277262249367,-0.19592013325861973,0.19592013325861973
llama8b_base,llama,base,8.0,IRI_Empathic_concern,BigFive_Conscientiousness,cognitive_social,-0.1093590128817475,0.0190326220021176,-0.17403798279249308,0.1283916348838651,0.1283916348838651
llama8b_base,llama,base,8.0,IRI_Empathic_concern,BigFive_Neuroticism,affect_social,0.1495859314422549,0.1481767993828844,0.9905797821641102,-0.0014091320593705159,0.0014091320593705159
llama8b_base,llama,base,8.0,IRI_Empathic_concern,BigFive_Openness,cognitive_social,0.065264043100276,0.0180019489198977,0.27583257280334766,-0.0472620941803783,0.0472620941803783
llama8b_base,llama,base,8.0,IRI_Empathic_concern,SelfConst_Independent_self,social_social,-0.0803015415932576,-0.1193267673193817,1.4859835185206556,-0.0390252257261241,0.0390252257261241
llama8b_base,llama,base,8.0,IRI_Empathic_concern,SelfConst_Interdependent_self,social_social,0.437418299700178,0.5455655432695063,1.2472398700362017,0.10814724356932837,0.10814724356932837
llama8b_base,llama,base,8.0,IRI_Empathic_concern,LifeSat_Life_Satisfaction,affect_social,-0.0994772298781971,-0.2175932985478935,2.1873678912683965,-0.1181160686696964,0.1181160686696964
llama8b_base,llama,base,8.0,IRI_Empathic_concern,Lonely_Loneliness,affect_social,-0.144702481326898,0.381055968392212,-2.6333754950018227,0.52575844971911,0.52575844971911
llama8b_base,llama,base,8.0,IRI_Personal_distress,PANAS_Positive_Affect,affect_affect,-0.2855822135455922,-0.6670055276348141,2.3355989834021265,-0.3814233140892219,0.3814233140892219
llama8b_base,llama,base,8.0,IRI_Personal_distress,PANAS_Negative_Affect,affect_affect,0.5294570102216241,0.8827806395746616,1.667332044966485,0.3533236293530375,0.3533236293530375
llama8b_base,llama,base,8.0,IRI_Personal_distress,POM_Peace_of_Mind,affect_affect,-0.3883839878343598,-0.7443937244596766,1.9166437025646634,-0.35600973662531676,0.35600973662531676
llama8b_base,llama,base,8.0,IRI_Personal_distress,BigFive_Extraversion,affect_social,-0.0579335353592926,-0.3749379321960041,6.471863487541567,-0.3170043968367115,0.3170043968367115
llama8b_base,llama,base,8.0,IRI_Personal_distress,BigFive_Agreeableness,affect_social,0.2558076569058266,0.0673115676694295,0.2631335139987998,-0.18849608923639707,0.18849608923639707
llama8b_base,llama,base,8.0,IRI_Personal_distress,BigFive_Conscientiousness,affect_cognitive,-0.3401424925970019,-0.4397903235120419,1.2929590776918953,-0.09964783091503998,0.09964783091503998
llama8b_base,llama,base,8.0,IRI_Personal_distress,BigFive_Neuroticism,affect_affect,0.5104295874631224,0.6973982932544492,1.366296763321611,0.18696870579132685,0.18696870579132685
llama8b_base,llama,base,8.0,IRI_Personal_distress,BigFive_Openness,affect_cognitive,-0.2001937411071401,-0.3330473137238603,1.6636250058667885,-0.1328535726167202,0.1328535726167202
llama8b_base,llama,base,8.0,IRI_Personal_distress,SelfConst_Independent_self,affect_social,-0.1852491281846682,-0.6763747863465186,3.6511631281323216,-0.4911256581618504,0.4911256581618504
llama8b_base,llama,base,8.0,IRI_Personal_distress,SelfConst_Interdependent_self,affect_social,0.3115448414218291,0.1233457087237244,0.39591638930947776,-0.18819913269810468,0.18819913269810468
llama8b_base,llama,base,8.0,IRI_Personal_distress,LifeSat_Life_Satisfaction,affect_affect,-0.2644579776515124,-0.8210839314428686,3.104780346331038,-0.5566259537913563,0.5566259537913563
llama8b_base,llama,base,8.0,IRI_Personal_distress,Lonely_Loneliness,affect_affect,0.18842654885845,0.6777664178306533,3.596979416843248,0.4893398689722033,0.4893398689722033
llama8b_base,llama,base,8.0,PANAS_Positive_Affect,PANAS_Negative_Affect,within_scale,-0.1155486587886431,-0.688893430733136,5.96193359538021,-0.573344771944493,0.573344771944493
llama8b_base,llama,base,8.0,PANAS_Positive_Affect,POM_Peace_of_Mind,affect_affect,0.4043980239852481,0.8454700615831099,2.090687914968525,0.4410720375978618,0.4410720375978618
llama8b_base,llama,base,8.0,PANAS_Positive_Affect,BigFive_Extraversion,affect_social,0.304035391358864,0.5601280155680286,1.8423118869963702,0.2560926242091646,0.2560926242091646
llama8b_base,llama,base,8.0,PANAS_Positive_Affect,BigFive_Agreeableness,affect_social,-0.0953433540889089,0.3717605484602529,-3.899176319238585,0.4671039025491618,0.4671039025491618
llama8b_base,llama,base,8.0,PANAS_Positive_Affect,BigFive_Conscientiousness,affect_cognitive,0.3535661062107319,0.6334896773110185,1.7917149471715677,0.27992357110028654,0.27992357110028654
llama8b_base,llama,base,8.0,PANAS_Positive_Affect,BigFive_Neuroticism,affect_affect,-0.2395934489048498,-0.5306315059181975,2.214716255154907,-0.29103805701334773,0.29103805701334773
llama8b_base,llama,base,8.0,PANAS_Positive_Affect,BigFive_Openness,affect_cognitive,0.3999394212485611,0.2769810550700803,0.6925575233503612,-0.12295836617848077,0.12295836617848077
llama8b_base,llama,base,8.0,PANAS_Positive_Affect,SelfConst_Independent_self,affect_social,0.5018794906994306,0.8479579753114619,1.6895649075632249,0.3460784846120313,0.3460784846120313
llama8b_base,llama,base,8.0,PANAS_Positive_Affect,SelfConst_Interdependent_self,affect_social,0.0270265323841661,0.2203018859677779,8.1513189645019,0.19327535358361178,0.19327535358361178
llama8b_base,llama,base,8.0,PANAS_Positive_Affect,LifeSat_Life_Satisfaction,affect_affect,0.3754486441349218,0.826297975754752,2.2008282322037425,0.45084933161983015,0.45084933161983015
llama8b_base,llama,base,8.0,PANAS_Positive_Affect,Lonely_Loneliness,affect_affect,-0.3697831339693283,-0.3468285812919215,0.9379242843474014,0.022954552677406814,0.022954552677406814
llama8b_base,llama,base,8.0,PANAS_Negative_Affect,POM_Peace_of_Mind,affect_affect,-0.5766884713941555,-0.7523032926900883,1.304522857672845,-0.17561482129593287,0.17561482129593287
llama8b_base,llama,base,8.0,PANAS_Negative_Affect,BigFive_Extraversion,affect_social,-0.1323805357997911,-0.4631084984629837,3.498312615710946,-0.3307279626631926,0.3307279626631926
llama8b_base,llama,base,8.0,PANAS_Negative_Affect,BigFive_Agreeableness,affect_social,-0.0574017480725705,0.0212372266793849,-0.3699752602052399,0.0786389747519554,0.0786389747519554
llama8b_base,llama,base,8.0,PANAS_Negative_Affect,BigFive_Conscientiousness,affect_cognitive,-0.2985335682367622,-0.4092994784308549,1.3710333509504902,-0.11076591019409271,0.11076591019409271
llama8b_base,llama,base,8.0,PANAS_Negative_Affect,BigFive_Neuroticism,affect_affect,0.5956331777420659,0.6209871835745322,1.0425664767845515,0.025354005832466275,0.025354005832466275
llama8b_base,llama,base,8.0,PANAS_Negative_Affect,BigFive_Openness,affect_cognitive,-0.1167409204094412,-0.2082738137459286,1.7840686283392095,-0.0915328933364874,0.0915328933364874
llama8b_base,llama,base,8.0,PANAS_Negative_Affect,SelfConst_Independent_self,affect_social,-0.2263810536303488,-0.671316416282739,2.9654266800034974,-0.4449353626523902,0.4449353626523902
llama8b_base,llama,base,8.0,PANAS_Negative_Affect,SelfConst_Interdependent_self,affect_social,0.0843883716573425,0.0042406508067608,0.050251601298575685,-0.08014772085058171,0.08014772085058171
llama8b_base,llama,base,8.0,PANAS_Negative_Affect,LifeSat_Life_Satisfaction,affect_affect,-0.4079942081992174,-0.7995677412676068,1.9597526758938448,-0.3915735330683894,0.3915735330683894
llama8b_base,llama,base,8.0,PANAS_Negative_Affect,Lonely_Loneliness,affect_affect,0.3386000777626718,0.5677704839224509,1.6768173465110865,0.22917040615977907,0.22917040615977907
llama8b_base,llama,base,8.0,POM_Peace_of_Mind,BigFive_Extraversion,affect_social,0.1082377433043031,0.5612325839772798,5.185183715438453,0.45299484067297674,0.45299484067297674
llama8b_base,llama,base,8.0,POM_Peace_of_Mind,BigFive_Agreeableness,affect_social,0.0650822784924807,0.2920434524695561,4.487296069440737,0.22696117397707538,0.22696117397707538
llama8b_base,llama,base,8.0,POM_Peace_of_Mind,BigFive_Conscientiousness,affect_cognitive,0.2046240763661845,0.6264850501388,3.0616389882570574,0.42186097377261544,0.42186097377261544
llama8b_base,llama,base,8.0,POM_Peace_of_Mind,BigFive_Neuroticism,affect_affect,-0.525213997135656,-0.5948473061246614,1.1325808325154367,-0.06963330898900544,0.06963330898900544
llama8b_base,llama,base,8.0,POM_Peace_of_Mind,BigFive_Openness,affect_cognitive,0.1427760721896465,0.2943864704607454,2.0618753965280536,0.1516103982710989,0.1516103982710989
llama8b_base,llama,base,8.0,POM_Peace_of_Mind,SelfConst_Independent_self,affect_social,0.2895192592870562,0.8178433000655626,2.824832109889716,0.5283240407785064,0.5283240407785064
llama8b_base,llama,base,8.0,POM_Peace_of_Mind,SelfConst_Interdependent_self,affect_social,0.0410384690635432,0.1388491633509622,3.383390426576848,0.09781069428741901,0.09781069428741901
llama8b_base,llama,base,8.0,POM_Peace_of_Mind,LifeSat_Life_Satisfaction,affect_affect,0.6897377245732463,0.8755817520768112,1.2694415875520657,0.18584402750356488,0.18584402750356488
llama8b_base,llama,base,8.0,POM_Peace_of_Mind,Lonely_Loneliness,affect_affect,-0.4673179722857797,-0.422485886757953,0.9040651372585977,0.04483208552782669,0.04483208552782669
llama8b_base,llama,base,8.0,BigFive_Extraversion,BigFive_Agreeableness,within_scale,-0.0949578376115242,0.3481365902440071,-3.6662228100459275,0.4430944278555313,0.4430944278555313
llama8b_base,llama,base,8.0,BigFive_Extraversion,BigFive_Conscientiousness,within_scale,-0.0749633428742371,0.5563643267369772,-7.421818523626496,0.6313276696112143,0.6313276696112143
llama8b_base,llama,base,8.0,BigFive_Extraversion,BigFive_Neuroticism,within_scale,0.013526683613174,-0.2651774606616133,-19.60402625247698,-0.2787041442747873,0.2787041442747873
llama8b_base,llama,base,8.0,BigFive_Extraversion,BigFive_Openness,within_scale,0.374028887685193,0.1142632663176478,0.3054931586295527,-0.2597656213675452,0.2597656213675452
llama8b_base,llama,base,8.0,BigFive_Extraversion,SelfConst_Independent_self,social_social,0.383065040512844,0.5816039420311888,1.5182903176247635,0.1985389015183448,0.1985389015183448
llama8b_base,llama,base,8.0,BigFive_Extraversion,SelfConst_Interdependent_self,social_social,0.1087385289929,0.5658835906914041,5.204076199415509,0.45714506169850416,0.45714506169850416
llama8b_base,llama,base,8.0,BigFive_Extraversion,LifeSat_Life_Satisfaction,affect_social,0.1514776054608016,0.5467303846852221,3.609314941453187,0.3952527792244205,0.3952527792244205
llama8b_base,llama,base,8.0,BigFive_Extraversion,Lonely_Loneliness,affect_social,-0.4589356266931431,-0.047660969741319,0.1038511001744182,0.4112746569518241,0.4112746569518241
llama8b_base,llama,base,8.0,BigFive_Agreeableness,BigFive_Conscientiousness,within_scale,0.0102069144256358,0.3739375303613345,36.63570740067623,0.36373061593569866,0.36373061593569866
llama8b_base,llama,base,8.0,BigFive_Agreeableness,BigFive_Neuroticism,within_scale,-0.1604544666739748,0.0068556326324452,-0.042726343333121815,0.16731009930642002,0.16731009930642002
llama8b_base,llama,base,8.0,BigFive_Agreeableness,BigFive_Openness,within_scale,-0.046032666273312,-0.0272220628099458,0.5913640250234239,0.018810603463366198,0.018810603463366198
llama8b_base,llama,base,8.0,BigFive_Agreeableness,SelfConst_Independent_self,social_social,-0.1388279137981352,0.358134929244429,-2.5797040339105037,0.4969628430425642,0.4969628430425642
llama8b_base,llama,base,8.0,BigFive_Agreeableness,SelfConst_Interdependent_self,social_social,0.4270687033594729,0.4299104390057178,1.006654047987808,0.002841735646244903,0.002841735646244903
llama8b_base,llama,base,8.0,BigFive_Agreeableness,LifeSat_Life_Satisfaction,affect_social,-0.0681672471329937,0.2356459155600001,-3.456878860022864,0.3038131626929938,0.3038131626929938
llama8b_base,llama,base,8.0,BigFive_Agreeableness,Lonely_Loneliness,affect_social,-0.1211838981515432,0.2802306479804541,-2.312441275242849,0.40141454613199734,0.40141454613199734
llama8b_base,llama,base,8.0,BigFive_Conscientiousness,BigFive_Neuroticism,within_scale,-0.2594539542198637,-0.4404039516737148,1.697426246587525,-0.1809499974538511,0.1809499974538511
llama8b_base,llama,base,8.0,BigFive_Conscientiousness,BigFive_Openness,within_scale,0.0546263542895831,0.3370482925234319,6.170067486779085,0.28242193823384876,0.28242193823384876
llama8b_base,llama,base,8.0,BigFive_Conscientiousness,SelfConst_Independent_self,cognitive_social,0.1737890582742088,0.6398706677131809,3.681881207409368,0.46608160943897214,0.46608160943897214
llama8b_base,llama,base,8.0,BigFive_Conscientiousness,SelfConst_Interdependent_self,cognitive_social,-0.0018154185359622,0.1618289055695242,,0.1636443241054864,0.1636443241054864
llama8b_base,llama,base,8.0,BigFive_Conscientiousness,LifeSat_Life_Satisfaction,affect_cognitive,0.2171927893560278,0.6195303467636832,2.852444358767978,0.4023375574076554,0.4023375574076554
llama8b_base,llama,base,8.0,BigFive_Conscientiousness,Lonely_Loneliness,affect_cognitive,-0.1753595321199811,-0.2236035636294904,1.2751149648169722,-0.048244031509509316,0.048244031509509316
llama8b_base,llama,base,8.0,BigFive_Neuroticism,BigFive_Openness,within_scale,-0.0445387805619514,-0.3919148517900139,8.799406872958237,-0.34737607122806247,0.34737607122806247
llama8b_base,llama,base,8.0,BigFive_Neuroticism,SelfConst_Independent_self,affect_social,-0.1533157014938961,-0.583040057150227,3.8028724486085292,-0.42972435565633094,0.42972435565633094
llama8b_base,llama,base,8.0,BigFive_Neuroticism,SelfConst_Interdependent_self,affect_social,0.0062020528049378,0.1083914032113749,,0.1021893504064371,0.1021893504064371
llama8b_base,llama,base,8.0,BigFive_Neuroticism,LifeSat_Life_Satisfaction,affect_affect,-0.2833454572921715,-0.6612424018679687,2.3336968525531328,-0.3778969445757972,0.3778969445757972
llama8b_base,llama,base,8.0,BigFive_Neuroticism,Lonely_Loneliness,affect_affect,0.234332319601605,0.4713960008165994,2.0116559321310565,0.23706368121499438,0.23706368121499438
llama8b_base,llama,base,8.0,BigFive_Openness,SelfConst_Independent_self,cognitive_social,0.3406711029459182,0.2118905763412281,0.6219798935363939,-0.12878052660469008,0.12878052660469008
llama8b_base,llama,base,8.0,BigFive_Openness,SelfConst_Interdependent_self,cognitive_social,-0.099685173410681,-0.0774178417483483,0.7766234345543425,0.022267331662332704,0.022267331662332704
llama8b_base,llama,base,8.0,BigFive_Openness,LifeSat_Life_Satisfaction,affect_cognitive,0.1359975269215463,0.3534418472153779,2.5988843710317617,0.21744432029383162,0.21744432029383162
llama8b_base,llama,base,8.0,BigFive_Openness,Lonely_Loneliness,affect_cognitive,-0.284213527238953,-0.4121370388541781,1.4500964920915715,-0.12792351161522508,0.12792351161522508
llama8b_base,llama,base,8.0,SelfConst_Independent_self,SelfConst_Interdependent_self,within_scale,-0.0487859894791837,0.1923946215389816,-3.9436449602210835,0.2411806110181653,0.2411806110181653
llama8b_base,llama,base,8.0,SelfConst_Independent_self,LifeSat_Life_Satisfaction,affect_social,0.3274941122911161,0.8341335397735524,2.5470184301575305,0.5066394274824364,0.5066394274824364
llama8b_base,llama,base,8.0,SelfConst_Independent_self,Lonely_Loneliness,affect_social,-0.2617850614373652,-0.2566650620004134,0.9804419724760467,0.005119999436951794,0.005119999436951794
llama8b_base,llama,base,8.0,SelfConst_Interdependent_self,LifeSat_Life_Satisfaction,affect_social,0.0673655923064217,0.1206015104100294,1.7902538414782545,0.0532359181036077,0.0532359181036077
llama8b_base,llama,base,8.0,SelfConst_Interdependent_self,Lonely_Loneliness,affect_social,-0.1430357729512929,0.2785498587986925,-1.9474139444371399,0.4215856317499854,0.4215856317499854
llama8b_base,llama,base,8.0,LifeSat_Life_Satisfaction,Lonely_Loneliness,affect_affect,-0.4147670935561622,-0.5069808602486862,1.2223266216755395,-0.09221376669252396,0.09221376669252396
qwen05b_instruct,qwen,instruct,0.5,IRI_Perspective_taking,IRI_Fantasy,within_scale,0.2425985343359973,0.4512860309165414,1.860217466489362,0.2086874965805441,0.2086874965805441
qwen05b_instruct,qwen,instruct,0.5,IRI_Perspective_taking,IRI_Empathic_concern,within_scale,0.3868208797594384,0.3803064196149565,0.9831589749019412,-0.006514460144481926,0.006514460144481926
qwen05b_instruct,qwen,instruct,0.5,IRI_Perspective_taking,IRI_Personal_distress,within_scale,0.0740487612513309,-0.0413763263946573,-0.5587713514101983,-0.1154250876459882,0.1154250876459882
qwen05b_instruct,qwen,instruct,0.5,IRI_Perspective_taking,PANAS_Positive_Affect,affect_cognitive,0.1557113197797272,0.5991804889535786,3.8480213885618144,0.4434691691738514,0.4434691691738514
qwen05b_instruct,qwen,instruct,0.5,IRI_Perspective_taking,PANAS_Negative_Affect,affect_cognitive,0.0202225922116022,-0.0104393407567469,-0.5162216914386274,-0.030661932968349098,0.030661932968349098
qwen05b_instruct,qwen,instruct,0.5,IRI_Perspective_taking,POM_Peace_of_Mind,affect_cognitive,0.0253891025645737,0.3777877199707987,14.879916255800985,0.35239861740622497,0.35239861740622497
qwen05b_instruct,qwen,instruct,0.5,IRI_Perspective_taking,BigFive_Extraversion,cognitive_social,0.1484577372088443,0.462414831708442,3.114791053685101,0.3139570944995977,0.3139570944995977
qwen05b_instruct,qwen,instruct,0.5,IRI_Perspective_taking,BigFive_Agreeableness,cognitive_social,0.3098355967896596,0.4949963429602672,1.597609661669408,0.18516074617060757,0.18516074617060757
qwen05b_instruct,qwen,instruct,0.5,IRI_Perspective_taking,BigFive_Conscientiousness,cognitive_cognitive,0.0541501002704837,0.4021203514504419,7.4260315205663785,0.34797025117995817,0.34797025117995817
qwen05b_instruct,qwen,instruct,0.5,IRI_Perspective_taking,BigFive_Neuroticism,affect_cognitive,-0.0755272944961235,0.0546685725339302,-0.7238253786084725,0.1301958670300537,0.1301958670300537
qwen05b_instruct,qwen,instruct,0.5,IRI_Perspective_taking,BigFive_Openness,cognitive_cognitive,0.1375948994500437,0.2180250532976147,1.5845431347313323,0.08043015384757102,0.08043015384757102
qwen05b_instruct,qwen,instruct,0.5,IRI_Perspective_taking,SelfConst_Independent_self,cognitive_social,0.0781023657329456,0.4993672443476181,6.393753116968288,0.4212648786146725,0.4212648786146725
qwen05b_instruct,qwen,instruct,0.5,IRI_Perspective_taking,SelfConst_Interdependent_self,cognitive_social,0.3763493765579964,0.4210107826289403,1.1186700679018171,0.04466140607094393,0.04466140607094393
qwen05b_instruct,qwen,instruct,0.5,IRI_Perspective_taking,LifeSat_Life_Satisfaction,affect_cognitive,0.0169341144368968,0.3019255792180723,17.8294283024463,0.2849914647811755,0.2849914647811755
qwen05b_instruct,qwen,instruct,0.5,IRI_Perspective_taking,Lonely_Loneliness,affect_cognitive,-0.1849937929362051,0.0651857486538564,-0.35236722064688747,0.2501795415900615,0.2501795415900615
qwen05b_instruct,qwen,instruct,0.5,IRI_Fantasy,IRI_Empathic_concern,within_scale,0.3706209196161055,0.5815154594104085,1.5690303181286978,0.210894539794303,0.210894539794303
qwen05b_instruct,qwen,instruct,0.5,IRI_Fantasy,IRI_Personal_distress,within_scale,0.3308957665144541,0.4111317005957722,1.2424809931130176,0.08023593408131807,0.08023593408131807
qwen05b_instruct,qwen,instruct,0.5,IRI_Fantasy,PANAS_Positive_Affect,affect_cognitive,-0.0007664699810815,-0.0414985808222405,,-0.040732110841159,0.040732110841159
qwen05b_instruct,qwen,instruct,0.5,IRI_Fantasy,PANAS_Negative_Affect,affect_cognitive,0.2238166936468798,0.299714148529543,1.3391054243809362,0.07589745488266317,0.07589745488266317
qwen05b_instruct,qwen,instruct,0.5,IRI_Fantasy,POM_Peace_of_Mind,affect_cognitive,-0.1389352237888281,-0.0375651190171508,0.27037865555423996,0.10137010477167731,0.10137010477167731
qwen05b_instruct,qwen,instruct,0.5,IRI_Fantasy,BigFive_Extraversion,cognitive_social,0.0807086947857257,0.4103712065950009,5.084597238060898,0.3296625118092752,0.3296625118092752
qwen05b_instruct,qwen,instruct,0.5,IRI_Fantasy,BigFive_Agreeableness,cognitive_social,0.0810782565288163,0.2227580239835654,2.747444672843874,0.14167976745474908,0.14167976745474908
qwen05b_instruct,qwen,instruct,0.5,IRI_Fantasy,BigFive_Conscientiousness,cognitive_cognitive,-0.2034452516585949,0.2606946400946704,-1.2813994820195989,0.4641398917532653,0.4641398917532653
qwen05b_instruct,qwen,instruct,0.5,IRI_Fantasy,BigFive_Neuroticism,affect_cognitive,0.2155317582109705,0.2138106067107859,0.9920143949343192,-0.00172115150018462,0.00172115150018462
qwen05b_instruct,qwen,instruct,0.5,IRI_Fantasy,BigFive_Openness,cognitive_cognitive,-0.050456731884954,-0.1118470919950727,2.2166931510763397,-0.061390360110118704,0.061390360110118704
qwen05b_instruct,qwen,instruct,0.5,IRI_Fantasy,SelfConst_Independent_self,cognitive_social,0.0054414023548496,0.0196496717061106,,0.014208269351261002,0.014208269351261002
qwen05b_instruct,qwen,instruct,0.5,IRI_Fantasy,SelfConst_Interdependent_self,cognitive_social,0.1816660764877526,0.3955454643287953,2.177321555989358,0.21387938784104268,0.21387938784104268
qwen05b_instruct,qwen,instruct,0.5,IRI_Fantasy,LifeSat_Life_Satisfaction,affect_cognitive,-0.1182575367466149,-0.224161802678169,1.8955392514091545,-0.10590426593155408,0.10590426593155408
qwen05b_instruct,qwen,instruct,0.5,IRI_Fantasy,Lonely_Loneliness,affect_cognitive,0.0188661268326879,0.4549964952751957,24.117112076595284,0.4361303684425078,0.4361303684425078
qwen05b_instruct,qwen,instruct,0.5,IRI_Empathic_concern,IRI_Personal_distress,within_scale,0.3782623305565888,0.2895242017336581,0.7654058528842715,-0.0887381288229307,0.0887381288229307
qwen05b_instruct,qwen,instruct,0.5,IRI_Empathic_concern,PANAS_Positive_Affect,affect_social,0.0056088014587591,0.0093513643532532,,0.0037425628944941,0.0037425628944941
qwen05b_instruct,qwen,instruct,0.5,IRI_Empathic_concern,PANAS_Negative_Affect,affect_social,0.2101682426513958,0.2106569889938539,1.0023255004480804,0.0004887463424581018,0.0004887463424581018
qwen05b_instruct,qwen,instruct,0.5,IRI_Empathic_concern,POM_Peace_of_Mind,affect_social,-0.0978173461455466,-0.0527439019570319,0.5392080651886834,0.0450734441885147,0.0450734441885147
qwen05b_instruct,qwen,instruct,0.5,IRI_Empathic_concern,BigFive_Extraversion,social_social,0.1310469198934273,0.3922384601832472,2.993114683673844,0.26119154028981995,0.26119154028981995
qwen05b_instruct,qwen,instruct,0.5,IRI_Empathic_concern,BigFive_Agreeableness,social_social,0.4700891724010413,0.3007239252023935,0.6397167662177946,-0.16936524719864782,0.16936524719864782
qwen05b_instruct,qwen,instruct,0.5,IRI_Empathic_concern,BigFive_Conscientiousness,cognitive_social,-0.1093590128817475,0.0872167500457705,-0.7975268589894831,0.196575762927518,0.196575762927518
qwen05b_instruct,qwen,instruct,0.5,IRI_Empathic_concern,BigFive_Neuroticism,affect_social,0.1495859314422549,0.0768860482705196,0.5139925093838129,-0.0726998831717353,0.0726998831717353
qwen05b_instruct,qwen,instruct,0.5,IRI_Empathic_concern,BigFive_Openness,cognitive_social,0.065264043100276,0.0870642002235912,1.334030134936936,0.021800157123315192,0.021800157123315192
qwen05b_instruct,qwen,instruct,0.5,IRI_Empathic_concern,SelfConst_Independent_self,social_social,-0.0803015415932576,-0.0611375954837322,0.7613502091081341,0.019163946109525397,0.019163946109525397
qwen05b_instruct,qwen,instruct,0.5,IRI_Empathic_concern,SelfConst_Interdependent_self,social_social,0.437418299700178,0.4561215697981132,1.0427583164919143,0.01870327009793521,0.01870327009793521
qwen05b_instruct,qwen,instruct,0.5,IRI_Empathic_concern,LifeSat_Life_Satisfaction,affect_social,-0.0994772298781971,-0.1623061291125637,1.631590760129692,-0.0628288992343666,0.0628288992343666
qwen05b_instruct,qwen,instruct,0.5,IRI_Empathic_concern,Lonely_Loneliness,affect_social,-0.144702481326898,0.319506754275411,-2.2080254004325734,0.464209235602309,0.464209235602309
qwen05b_instruct,qwen,instruct,0.5,IRI_Personal_distress,PANAS_Positive_Affect,affect_affect,-0.2855822135455922,-0.5981957393008491,2.094653346488433,-0.3126135257552569,0.3126135257552569
qwen05b_instruct,qwen,instruct,0.5,IRI_Personal_distress,PANAS_Negative_Affect,affect_affect,0.5294570102216241,0.7618232897611624,1.4388765755358925,0.23236627953953837,0.23236627953953837
qwen05b_instruct,qwen,instruct,0.5,IRI_Personal_distress,POM_Peace_of_Mind,affect_affect,-0.3883839878343598,-0.6993418110446565,1.8006453225433068,-0.31095782321029675,0.31095782321029675
qwen05b_instruct,qwen,instruct,0.5,IRI_Personal_distress,BigFive_Extraversion,affect_social,-0.0579335353592926,-0.1756742052561298,3.0323404944412995,-0.11774066989683721,0.11774066989683721
qwen05b_instruct,qwen,instruct,0.5,IRI_Personal_distress,BigFive_Agreeableness,affect_social,0.2558076569058266,0.0336130184461185,0.13139957909271202,-0.22219463845970808,0.22219463845970808
qwen05b_instruct,qwen,instruct,0.5,IRI_Personal_distress,BigFive_Conscientiousness,affect_cognitive,-0.3401424925970019,-0.1432835706389342,0.42124572424032725,0.1968589219580677,0.1968589219580677
qwen05b_instruct,qwen,instruct,0.5,IRI_Personal_distress,BigFive_Neuroticism,affect_affect,0.5104295874631224,0.4391784008631507,0.8604093721249663,-0.0712511865999717,0.0712511865999717
qwen05b_instruct,qwen,instruct,0.5,IRI_Personal_distress,BigFive_Openness,affect_cognitive,-0.2001937411071401,-0.2031989660192382,1.015011582757174,-0.0030052249120980923,0.0030052249120980923
qwen05b_instruct,qwen,instruct,0.5,IRI_Personal_distress,SelfConst_Independent_self,affect_social,-0.1852491281846682,-0.6354359160285159,3.43016953577818,-0.4501867878438477,0.4501867878438477
qwen05b_instruct,qwen,instruct,0.5,IRI_Personal_distress,SelfConst_Interdependent_self,affect_social,0.3115448414218291,0.0836389479128125,0.26846519920246753,-0.22790589350901658,0.22790589350901658
qwen05b_instruct,qwen,instruct,0.5,IRI_Personal_distress,LifeSat_Life_Satisfaction,affect_affect,-0.2644579776515124,-0.7809432313313909,2.9529955506219334,-0.5164852536798785,0.5164852536798785
qwen05b_instruct,qwen,instruct,0.5,IRI_Personal_distress,Lonely_Loneliness,affect_affect,0.18842654885845,0.5712910649562787,3.0319032451496235,0.3828645160978287,0.3828645160978287
qwen05b_instruct,qwen,instruct,0.5,PANAS_Positive_Affect,PANAS_Negative_Affect,within_scale,-0.1155486587886431,-0.5560931565630285,4.812631859104583,-0.4405444977743854,0.4405444977743854
qwen05b_instruct,qwen,instruct,0.5,PANAS_Positive_Affect,POM_Peace_of_Mind,affect_affect,0.4043980239852481,0.7550681309776899,1.8671410001875621,0.3506701069924418,0.3506701069924418
qwen05b_instruct,qwen,instruct,0.5,PANAS_Positive_Affect,BigFive_Extraversion,affect_social,0.304035391358864,0.4007851811842353,1.3182188408821591,0.0967497898253713,0.0967497898253713
qwen05b_instruct,qwen,instruct,0.5,PANAS_Positive_Affect,BigFive_Agreeableness,affect_social,-0.0953433540889089,0.3464818826580688,-3.634043358019165,0.4418252367469777,0.4418252367469777
qwen05b_instruct,qwen,instruct,0.5,PANAS_Positive_Affect,BigFive_Conscientiousness,affect_cognitive,0.3535661062107319,0.3385012762319409,0.9573917586721049,-0.01506482997879105,0.01506482997879105
qwen05b_instruct,qwen,instruct,0.5,PANAS_Positive_Affect,BigFive_Neuroticism,affect_affect,-0.2395934489048498,-0.1918866955362806,0.800884566808356,0.047706753368569194,0.047706753368569194
qwen05b_instruct,qwen,instruct,0.5,PANAS_Positive_Affect,BigFive_Openness,affect_cognitive,0.3999394212485611,0.2260367511927882,0.5651774723460108,-0.17390267005577287,0.17390267005577287
qwen05b_instruct,qwen,instruct,0.5,PANAS_Positive_Affect,SelfConst_Independent_self,affect_social,0.5018794906994306,0.8076197937639351,1.6091906697331224,0.3057403030645045,0.3057403030645045
qwen05b_instruct,qwen,instruct,0.5,PANAS_Positive_Affect,SelfConst_Interdependent_self,affect_social,0.0270265323841661,0.2179650552743419,8.064854646393334,0.1909385228901758,0.1909385228901758
qwen05b_instruct,qwen,instruct,0.5,PANAS_Positive_Affect,LifeSat_Life_Satisfaction,affect_affect,0.3754486441349218,0.7672095006087056,2.043447253289321,0.39176085647378384,0.39176085647378384
qwen05b_instruct,qwen,instruct,0.5,PANAS_Positive_Affect,Lonely_Loneliness,affect_affect,-0.3697831339693283,-0.3068442071896368,0.8297950312008767,0.06293892677969154,0.06293892677969154
qwen05b_instruct,qwen,instruct,0.5,PANAS_Negative_Affect,POM_Peace_of_Mind,affect_affect,-0.5766884713941555,-0.6861662745360204,1.1898387232836478,-0.10947780314186495,0.10947780314186495
qwen05b_instruct,qwen,instruct,0.5,PANAS_Negative_Affect,BigFive_Extraversion,affect_social,-0.1323805357997911,-0.247383999423798,1.8687339338007756,-0.1150034636240069,0.1150034636240069
qwen05b_instruct,qwen,instruct,0.5,PANAS_Negative_Affect,BigFive_Agreeableness,affect_social,-0.0574017480725705,0.0992291942492017,-1.7286789615492302,0.1566309423217722,0.1566309423217722
qwen05b_instruct,qwen,instruct,0.5,PANAS_Negative_Affect,BigFive_Conscientiousness,affect_cognitive,-0.2985335682367622,-0.1415223337897426,0.4740583600886836,0.1570112344470196,0.1570112344470196
qwen05b_instruct,qwen,instruct,0.5,PANAS_Negative_Affect,BigFive_Neuroticism,affect_affect,0.5956331777420659,0.375463689306676,0.630360603366637,-0.22016948843538992,0.22016948843538992
qwen05b_instruct,qwen,instruct,0.5,PANAS_Negative_Affect,BigFive_Openness,affect_cognitive,-0.1167409204094412,-0.0584819818783908,0.5009552920542263,0.0582589385310504,0.0582589385310504
qwen05b_instruct,qwen,instruct,0.5,PANAS_Negative_Affect,SelfConst_Independent_self,affect_social,-0.2263810536303488,-0.5586698685937066,2.467829615750189,-0.3322888149633578,0.3322888149633578
qwen05b_instruct,qwen,instruct,0.5,PANAS_Negative_Affect,SelfConst_Interdependent_self,affect_social,0.0843883716573425,0.0547126030481929,0.6483429170828472,-0.029675768609149604,0.029675768609149604
qwen05b_instruct,qwen,instruct,0.5,PANAS_Negative_Affect,LifeSat_Life_Satisfaction,affect_affect,-0.4079942081992174,-0.7065460030221237,1.7317549828480112,-0.2985517948229063,0.2985517948229063
qwen05b_instruct,qwen,instruct,0.5,PANAS_Negative_Affect,Lonely_Loneliness,affect_affect,0.3386000777626718,0.4597117733651698,1.3576836024455563,0.12111169560249796,0.12111169560249796
qwen05b_instruct,qwen,instruct,0.5,POM_Peace_of_Mind,BigFive_Extraversion,affect_social,0.1082377433043031,0.3776716118825076,3.489278327068492,0.2694338685782045,0.2694338685782045
qwen05b_instruct,qwen,instruct,0.5,POM_Peace_of_Mind,BigFive_Agreeableness,affect_social,0.0650822784924807,0.1793048076408746,2.755048099024232,0.11422252914839391,0.11422252914839391
qwen05b_instruct,qwen,instruct,0.5,POM_Peace_of_Mind,BigFive_Conscientiousness,affect_cognitive,0.2046240763661845,0.3693181551785687,1.8048616845930503,0.1646940788123842,0.1646940788123842
qwen05b_instruct,qwen,instruct,0.5,POM_Peace_of_Mind,BigFive_Neuroticism,affect_affect,-0.525213997135656,-0.3674638026325978,0.6996458674685447,0.15775019450305816,0.15775019450305816
qwen05b_instruct,qwen,instruct,0.5,POM_Peace_of_Mind,BigFive_Openness,affect_cognitive,0.1427760721896465,0.2333740821678152,1.6345461714189002,0.09059800997816869,0.09059800997816869
qwen05b_instruct,qwen,instruct,0.5,POM_Peace_of_Mind,SelfConst_Independent_self,affect_social,0.2895192592870562,0.7652500704463816,2.643175007876218,0.4757308111593254,0.4757308111593254
qwen05b_instruct,qwen,instruct,0.5,POM_Peace_of_Mind,SelfConst_Interdependent_self,affect_social,0.0410384690635432,0.1243084135771248,3.02907044082585,0.0832699445135816,0.0832699445135816
qwen05b_instruct,qwen,instruct,0.5,POM_Peace_of_Mind,LifeSat_Life_Satisfaction,affect_affect,0.6897377245732463,0.8123435237659198,1.1777571311885717,0.12260579919267345,0.12260579919267345
qwen05b_instruct,qwen,instruct,0.5,POM_Peace_of_Mind,Lonely_Loneliness,affect_affect,-0.4673179722857797,-0.3854371038429433,0.8247855351200495,0.08188086844283643,0.08188086844283643
qwen05b_instruct,qwen,instruct,0.5,BigFive_Extraversion,BigFive_Agreeableness,within_scale,-0.0949578376115242,0.1470225343183332,-1.548292779368118,0.24198037192985739,0.24198037192985739
qwen05b_instruct,qwen,instruct,0.5,BigFive_Extraversion,BigFive_Conscientiousness,within_scale,-0.0749633428742371,0.2977989914494727,-3.9725948714570767,0.3727623343237098,0.3727623343237098
qwen05b_instruct,qwen,instruct,0.5,BigFive_Extraversion,BigFive_Neuroticism,within_scale,0.013526683613174,0.0851108815954139,6.292073063091542,0.0715841979822399,0.0715841979822399
qwen05b_instruct,qwen,instruct,0.5,BigFive_Extraversion,BigFive_Openness,within_scale,0.374028887685193,-0.052992783244209,-0.14168099039668608,-0.427021670929402,0.427021670929402
qwen05b_instruct,qwen,instruct,0.5,BigFive_Extraversion,SelfConst_Independent_self,social_social,0.383065040512844,0.4023050420417119,1.050226461551045,0.0192400015288679,0.0192400015288679
qwen05b_instruct,qwen,instruct,0.5,BigFive_Extraversion,SelfConst_Interdependent_self,social_social,0.1087385289929,0.4703117621486996,4.32516207920569,0.3615732331557996,0.3615732331557996
qwen05b_instruct,qwen,instruct,0.5,BigFive_Extraversion,LifeSat_Life_Satisfaction,affect_social,0.1514776054608016,0.2795824634892376,1.8457016311997758,0.128104858028436,0.128104858028436
qwen05b_instruct,qwen,instruct,0.5,BigFive_Extraversion,Lonely_Loneliness,affect_social,-0.4589356266931431,0.040795474422393,-0.08889149599551567,0.4997311011155361,0.4997311011155361
qwen05b_instruct,qwen,instruct,0.5,BigFive_Agreeableness,BigFive_Conscientiousness,within_scale,0.0102069144256358,0.2641989929165634,25.884315464916437,0.2539920784909276,0.2539920784909276
qwen05b_instruct,qwen,instruct,0.5,BigFive_Agreeableness,BigFive_Neuroticism,within_scale,-0.1604544666739748,0.1428245314179626,-0.8901249954491188,0.3032789980919374,0.3032789980919374
qwen05b_instruct,qwen,instruct,0.5,BigFive_Agreeableness,BigFive_Openness,within_scale,-0.046032666273312,0.1560557181333206,-3.3901081724609075,0.20208838440663257,0.20208838440663257
qwen05b_instruct,qwen,instruct,0.5,BigFive_Agreeableness,SelfConst_Independent_self,social_social,-0.1388279137981352,0.1769341313169222,-1.274485270838226,0.3157620451150574,0.3157620451150574
qwen05b_instruct,qwen,instruct,0.5,BigFive_Agreeableness,SelfConst_Interdependent_self,social_social,0.4270687033594729,0.3260018063970411,0.763347451669008,-0.10106689696243176,0.10106689696243176
qwen05b_instruct,qwen,instruct,0.5,BigFive_Agreeableness,LifeSat_Life_Satisfaction,affect_social,-0.0681672471329937,0.1622984067067885,-2.3808854476717496,0.23046565383978218,0.23046565383978218
qwen05b_instruct,qwen,instruct,0.5,BigFive_Agreeableness,Lonely_Loneliness,affect_social,-0.1211838981515432,0.0895755241028801,-0.7391701824186566,0.2107594222544233,0.2107594222544233
qwen05b_instruct,qwen,instruct,0.5,BigFive_Conscientiousness,BigFive_Neuroticism,within_scale,-0.2594539542198637,-0.1856435931271893,0.7155165304201654,0.07381036109267441,0.07381036109267441
qwen05b_instruct,qwen,instruct,0.5,BigFive_Conscientiousness,BigFive_Openness,within_scale,0.0546263542895831,0.2201587554387693,4.030266311964959,0.16553240114918621,0.16553240114918621
qwen05b_instruct,qwen,instruct,0.5,BigFive_Conscientiousness,SelfConst_Independent_self,cognitive_social,0.1737890582742088,0.3416128456456956,1.965675221662633,0.16782378737148682,0.16782378737148682
qwen05b_instruct,qwen,instruct,0.5,BigFive_Conscientiousness,SelfConst_Interdependent_self,cognitive_social,-0.0018154185359622,0.163002204521839,,0.1648176230578012,0.1648176230578012
qwen05b_instruct,qwen,instruct,0.5,BigFive_Conscientiousness,LifeSat_Life_Satisfaction,affect_cognitive,0.2171927893560278,0.3226378718385098,1.4854907144713438,0.105445082482482,0.105445082482482
qwen05b_instruct,qwen,instruct,0.5,BigFive_Conscientiousness,Lonely_Loneliness,affect_cognitive,-0.1753595321199811,-0.0669330145672024,0.3816901981775749,0.1084265175527787,0.1084265175527787
qwen05b_instruct,qwen,instruct,0.5,BigFive_Neuroticism,BigFive_Openness,within_scale,-0.0445387805619514,-0.3115126381692467,6.994188755032188,-0.2669738576072953,0.2669738576072953
qwen05b_instruct,qwen,instruct,0.5,BigFive_Neuroticism,SelfConst_Independent_self,affect_social,-0.1533157014938961,-0.2909821450825094,1.8979278850581014,-0.13766644358861332,0.13766644358861332
qwen05b_instruct,qwen,instruct,0.5,BigFive_Neuroticism,SelfConst_Interdependent_self,affect_social,0.0062020528049378,0.179740748174533,,0.1735386953695952,0.1735386953695952
qwen05b_instruct,qwen,instruct,0.5,BigFive_Neuroticism,LifeSat_Life_Satisfaction,affect_affect,-0.2833454572921715,-0.4575485933694515,1.6148082900007483,-0.17420313607728,0.17420313607728
qwen05b_instruct,qwen,instruct,0.5,BigFive_Neuroticism,Lonely_Loneliness,affect_affect,0.234332319601605,0.3621753066440635,1.5455627600145296,0.1278429870424585,0.1278429870424585
qwen05b_instruct,qwen,instruct,0.5,BigFive_Openness,SelfConst_Independent_self,cognitive_social,0.3406711029459182,0.1680330173173829,0.4932411814924563,-0.17263808562853528,0.17263808562853528
qwen05b_instruct,qwen,instruct,0.5,BigFive_Openness,SelfConst_Interdependent_self,cognitive_social,-0.099685173410681,-0.0682151126049553,0.6843055017211439,0.0314700608057257,0.0314700608057257
qwen05b_instruct,qwen,instruct,0.5,BigFive_Openness,LifeSat_Life_Satisfaction,affect_cognitive,0.1359975269215463,0.2618170036865281,1.9251600349877247,0.1258194767649818,0.1258194767649818
qwen05b_instruct,qwen,instruct,0.5,BigFive_Openness,Lonely_Loneliness,affect_cognitive,-0.284213527238953,-0.2638709235036411,0.9284249277895601,0.02034260373531188,0.02034260373531188
qwen05b_instruct,qwen,instruct,0.5,SelfConst_Independent_self,SelfConst_Interdependent_self,within_scale,-0.0487859894791837,0.1219068070645339,-2.498807718485444,0.1706927965437176,0.1706927965437176
qwen05b_instruct,qwen,instruct,0.5,SelfConst_Independent_self,LifeSat_Life_Satisfaction,affect_social,0.3274941122911161,0.7517076081467015,2.2953316714240453,0.4242134958555854,0.4242134958555854
qwen05b_instruct,qwen,instruct,0.5,SelfConst_Independent_self,Lonely_Loneliness,affect_social,-0.2617850614373652,-0.2635964789322599,1.0069194838122117,-0.0018114174948947181,0.0018114174948947181
qwen05b_instruct,qwen,instruct,0.5,SelfConst_Interdependent_self,LifeSat_Life_Satisfaction,affect_social,0.0673655923064217,0.1041833892516816,1.5465371220635762,0.0368177969452599,0.0368177969452599
qwen05b_instruct,qwen,instruct,0.5,SelfConst_Interdependent_self,Lonely_Loneliness,affect_social,-0.1430357729512929,0.2517708244166423,-1.7601948045708555,0.3948065973679352,0.3948065973679352
qwen05b_instruct,qwen,instruct,0.5,LifeSat_Life_Satisfaction,Lonely_Loneliness,affect_affect,-0.4147670935561622,-0.49035760783828,1.1822480988884967,-0.07559051428211777,0.07559051428211777
qwen3b_instruct,qwen,instruct,3.0,IRI_Perspective_taking,IRI_Fantasy,within_scale,0.2425985343359973,0.3955715102937718,1.630560181974999,0.1529729759577745,0.1529729759577745
qwen3b_instruct,qwen,instruct,3.0,IRI_Perspective_taking,IRI_Empathic_concern,within_scale,0.3868208797594384,0.3458264273693609,0.894022131340036,-0.040994452390077485,0.040994452390077485
qwen3b_instruct,qwen,instruct,3.0,IRI_Perspective_taking,IRI_Personal_distress,within_scale,0.0740487612513309,0.0768896157544337,1.0383646458778775,0.0028408545031027993,0.0028408545031027993
qwen3b_instruct,qwen,instruct,3.0,IRI_Perspective_taking,PANAS_Positive_Affect,affect_cognitive,0.1557113197797272,0.5965316381607055,3.8310100961482627,0.44082031838097835,0.44082031838097835
qwen3b_instruct,qwen,instruct,3.0,IRI_Perspective_taking,PANAS_Negative_Affect,affect_cognitive,0.0202225922116022,0.1285099456578652,6.35477115461666,0.108287353446263,0.108287353446263
qwen3b_instruct,qwen,instruct,3.0,IRI_Perspective_taking,POM_Peace_of_Mind,affect_cognitive,0.0253891025645737,0.3752783094273,14.781078160318234,0.3498892068627263,0.3498892068627263
qwen3b_instruct,qwen,instruct,3.0,IRI_Perspective_taking,BigFive_Extraversion,cognitive_social,0.1484577372088443,0.3850274300949036,2.5935154161299296,0.23656969288605928,0.23656969288605928
qwen3b_instruct,qwen,instruct,3.0,IRI_Perspective_taking,BigFive_Agreeableness,cognitive_social,0.3098355967896596,0.5218731865332811,1.684355161061655,0.21203758974362147,0.21203758974362147
qwen3b_instruct,qwen,instruct,3.0,IRI_Perspective_taking,BigFive_Conscientiousness,cognitive_cognitive,0.0541501002704837,0.4221960521501111,7.796773229250011,0.3680459518796274,0.3680459518796274
qwen3b_instruct,qwen,instruct,3.0,IRI_Perspective_taking,BigFive_Neuroticism,affect_cognitive,-0.0755272944961235,0.076687989130842,-1.0153678831270472,0.15221528362696551,0.15221528362696551
qwen3b_instruct,qwen,instruct,3.0,IRI_Perspective_taking,BigFive_Openness,cognitive_cognitive,0.1375948994500437,0.2703298446612052,1.9646792558568156,0.1327349452111615,0.1327349452111615
qwen3b_instruct,qwen,instruct,3.0,IRI_Perspective_taking,SelfConst_Independent_self,cognitive_social,0.0781023657329456,0.4771166826622383,6.108863389537228,0.3990143169292927,0.3990143169292927
qwen3b_instruct,qwen,instruct,3.0,IRI_Perspective_taking,SelfConst_Interdependent_self,cognitive_social,0.3763493765579964,0.4509165097988089,1.1981327401755946,0.07456713324081249,0.07456713324081249
qwen3b_instruct,qwen,instruct,3.0,IRI_Perspective_taking,LifeSat_Life_Satisfaction,affect_cognitive,0.0169341144368968,0.2493153439503894,14.722667954054335,0.2323812295134926,0.2323812295134926
qwen3b_instruct,qwen,instruct,3.0,IRI_Perspective_taking,Lonely_Loneliness,affect_cognitive,-0.1849937929362051,0.1752973859187069,-0.9475852304901818,0.360291178854912,0.360291178854912
qwen3b_instruct,qwen,instruct,3.0,IRI_Fantasy,IRI_Empathic_concern,within_scale,0.3706209196161055,0.5478148393802926,1.4781001567524228,0.17719391976418714,0.17719391976418714
qwen3b_instruct,qwen,instruct,3.0,IRI_Fantasy,IRI_Personal_distress,within_scale,0.3308957665144541,0.4550444421570356,1.3751896766474903,0.12414867564258147,0.12414867564258147
qwen3b_instruct,qwen,instruct,3.0,IRI_Fantasy,PANAS_Positive_Affect,affect_cognitive,-0.0007664699810815,-0.0737853677661956,,-0.0730188977851141,0.0730188977851141
qwen3b_instruct,qwen,instruct,3.0,IRI_Fantasy,PANAS_Negative_Affect,affect_cognitive,0.2238166936468798,0.412852853477011,1.844602593086186,0.1890361598301312,0.1890361598301312
qwen3b_instruct,qwen,instruct,3.0,IRI_Fantasy,POM_Peace_of_Mind,affect_cognitive,-0.1389352237888281,-0.1570056920591766,1.130063980735471,-0.0180704682703485,0.0180704682703485
qwen3b_instruct,qwen,instruct,3.0,IRI_Fantasy,BigFive_Extraversion,cognitive_social,0.0807086947857257,0.2732038684877222,3.385061166124094,0.1924951737019965,0.1924951737019965
qwen3b_instruct,qwen,instruct,3.0,IRI_Fantasy,BigFive_Agreeableness,cognitive_social,0.0810782565288163,0.3103746558634301,3.828087444790069,0.22929639933461382,0.22929639933461382
qwen3b_instruct,qwen,instruct,3.0,IRI_Fantasy,BigFive_Conscientiousness,cognitive_cognitive,-0.2034452516585949,0.1276376630805362,-0.6273808901410353,0.3310829147391311,0.3310829147391311
qwen3b_instruct,qwen,instruct,3.0,IRI_Fantasy,BigFive_Neuroticism,affect_cognitive,0.2155317582109705,0.2645094229003514,1.2272410576330923,0.04897766468938089,0.04897766468938089
qwen3b_instruct,qwen,instruct,3.0,IRI_Fantasy,BigFive_Openness,cognitive_cognitive,-0.050456731884954,-0.1244676359115838,2.466819218402442,-0.0740109040266298,0.0740109040266298
qwen3b_instruct,qwen,instruct,3.0,IRI_Fantasy,SelfConst_Independent_self,cognitive_social,0.0054414023548496,-0.0879610948364706,,-0.09340249719132021,0.09340249719132021
qwen3b_instruct,qwen,instruct,3.0,IRI_Fantasy,SelfConst_Interdependent_self,cognitive_social,0.1816660764877526,0.4274172517154079,2.3527631574308985,0.2457511752276553,0.2457511752276553
qwen3b_instruct,qwen,instruct,3.0,IRI_Fantasy,LifeSat_Life_Satisfaction,affect_cognitive,-0.1182575367466149,-0.2897051129823289,2.449781391972226,-0.17144757623571402,0.17144757623571402
qwen3b_instruct,qwen,instruct,3.0,IRI_Fantasy,Lonely_Loneliness,affect_cognitive,0.0188661268326879,0.5428203130208206,28.772217945673784,0.5239541861881327,0.5239541861881327
qwen3b_instruct,qwen,instruct,3.0,IRI_Empathic_concern,IRI_Personal_distress,within_scale,0.3782623305565888,0.3321631499113469,0.8781290736050562,-0.04609918064524193,0.04609918064524193
qwen3b_instruct,qwen,instruct,3.0,IRI_Empathic_concern,PANAS_Positive_Affect,affect_social,0.0056088014587591,0.0018188632841305,,-0.0037899381746286003,0.0037899381746286003
qwen3b_instruct,qwen,instruct,3.0,IRI_Empathic_concern,PANAS_Negative_Affect,affect_social,0.2101682426513958,0.2743639193205939,1.3054489862946559,0.06419567666919809,0.06419567666919809
qwen3b_instruct,qwen,instruct,3.0,IRI_Empathic_concern,POM_Peace_of_Mind,affect_social,-0.0978173461455466,-0.1042990445536286,1.066263282163039,-0.006481698408081993,0.006481698408081993
qwen3b_instruct,qwen,instruct,3.0,IRI_Empathic_concern,BigFive_Extraversion,social_social,0.1310469198934273,0.3115289665656799,2.3772322677940694,0.18048204667225262,0.18048204667225262
qwen3b_instruct,qwen,instruct,3.0,IRI_Empathic_concern,BigFive_Agreeableness,social_social,0.4700891724010413,0.2517817057029167,0.5356041374382419,-0.21830746669812462,0.21830746669812462
qwen3b_instruct,qwen,instruct,3.0,IRI_Empathic_concern,BigFive_Conscientiousness,cognitive_social,-0.1093590128817475,-0.0034600447999312,0.03163931996782587,0.1058989680818163,0.1058989680818163
qwen3b_instruct,qwen,instruct,3.0,IRI_Empathic_concern,BigFive_Neuroticism,affect_social,0.1495859314422549,0.1176544519448336,0.7865342068632443,-0.03193147949742131,0.03193147949742131
qwen3b_instruct,qwen,instruct,3.0,IRI_Empathic_concern,BigFive_Openness,cognitive_social,0.065264043100276,0.0113456360345909,0.1738420651806495,-0.053918407065685105,0.053918407065685105
qwen3b_instruct,qwen,instruct,3.0,IRI_Empathic_concern,SelfConst_Independent_self,social_social,-0.0803015415932576,-0.0659156148908442,0.8208511764907227,0.014385926702413399,0.014385926702413399
qwen3b_instruct,qwen,instruct,3.0,IRI_Empathic_concern,SelfConst_Interdependent_self,social_social,0.437418299700178,0.4748707972337569,1.0856216979473656,0.03745249753357893,0.03745249753357893
qwen3b_instruct,qwen,instruct,3.0,IRI_Empathic_concern,LifeSat_Life_Satisfaction,affect_social,-0.0994772298781971,-0.1899932877222804,1.9099173545032757,-0.09051605784408331,0.09051605784408331
qwen3b_instruct,qwen,instruct,3.0,IRI_Empathic_concern,Lonely_Loneliness,affect_social,-0.144702481326898,0.3998201720633241,-2.763049868924422,0.5445226533902221,0.5445226533902221
qwen3b_instruct,qwen,instruct,3.0,IRI_Personal_distress,PANAS_Positive_Affect,affect_affect,-0.2855822135455922,-0.5748923045292992,2.0130536050961716,-0.28931009098370697,0.28931009098370697
qwen3b_instruct,qwen,instruct,3.0,IRI_Personal_distress,PANAS_Negative_Affect,affect_affect,0.5294570102216241,0.8327607776354398,1.5728581576186074,0.3033037674138157,0.3033037674138157
qwen3b_instruct,qwen,instruct,3.0,IRI_Personal_distress,POM_Peace_of_Mind,affect_affect,-0.3883839878343598,-0.7449256283255495,1.9180132334478466,-0.35654164049118975,0.35654164049118975
qwen3b_instruct,qwen,instruct,3.0,IRI_Personal_distress,BigFive_Extraversion,affect_social,-0.0579335353592926,-0.2484790487907064,4.289036518308219,-0.1905455134314138,0.1905455134314138
qwen3b_instruct,qwen,instruct,3.0,IRI_Personal_distress,BigFive_Agreeableness,affect_social,0.2558076569058266,0.0066050728854962,0.02582046591329282,-0.24920258402033038,0.24920258402033038
qwen3b_instruct,qwen,instruct,3.0,IRI_Personal_distress,BigFive_Conscientiousness,affect_cognitive,-0.3401424925970019,-0.2841353936129847,0.8353422456676884,0.056007098984017234,0.056007098984017234
qwen3b_instruct,qwen,instruct,3.0,IRI_Personal_distress,BigFive_Neuroticism,affect_affect,0.5104295874631224,0.5925700420075175,1.1609241638060992,0.08214045454439511,0.08214045454439511
qwen3b_instruct,qwen,instruct,3.0,IRI_Personal_distress,BigFive_Openness,affect_cognitive,-0.2001937411071401,-0.2796965527323976,1.3971293567200433,-0.07950281162525746,0.07950281162525746
qwen3b_instruct,qwen,instruct,3.0,IRI_Personal_distress,SelfConst_Independent_self,affect_social,-0.1852491281846682,-0.6912632127059315,3.731532879425138,-0.5060140845212633,0.5060140845212633
qwen3b_instruct,qwen,instruct,3.0,IRI_Personal_distress,SelfConst_Interdependent_self,affect_social,0.3115448414218291,0.1643321548548755,0.52747512719163,-0.14721268656695358,0.14721268656695358
qwen3b_instruct,qwen,instruct,3.0,IRI_Personal_distress,LifeSat_Life_Satisfaction,affect_affect,-0.2644579776515124,-0.8293586688239071,3.13606976877358,-0.5649006911723946,0.5649006911723946
qwen3b_instruct,qwen,instruct,3.0,IRI_Personal_distress,Lonely_Loneliness,affect_affect,0.18842654885845,0.7097344896043439,3.7666374186872758,0.5213079407458939,0.5213079407458939
qwen3b_instruct,qwen,instruct,3.0,PANAS_Positive_Affect,PANAS_Negative_Affect,within_scale,-0.1155486587886431,-0.4912412459599441,4.251379904447897,-0.37569258717130105,0.37569258717130105
qwen3b_instruct,qwen,instruct,3.0,PANAS_Positive_Affect,POM_Peace_of_Mind,affect_affect,0.4043980239852481,0.810057884004328,2.003120282392571,0.4056598600190799,0.4056598600190799
qwen3b_instruct,qwen,instruct,3.0,PANAS_Positive_Affect,BigFive_Extraversion,affect_social,0.304035391358864,0.4437672624527185,1.4595908077323931,0.13973187109385454,0.13973187109385454
qwen3b_instruct,qwen,instruct,3.0,PANAS_Positive_Affect,BigFive_Agreeableness,affect_social,-0.0953433540889089,0.4092151171144059,-4.292015117622226,0.5045584712033148,0.5045584712033148
qwen3b_instruct,qwen,instruct,3.0,PANAS_Positive_Affect,BigFive_Conscientiousness,affect_cognitive,0.3535661062107319,0.5320927262495959,1.504931374650654,0.178526620038864,0.178526620038864
qwen3b_instruct,qwen,instruct,3.0,PANAS_Positive_Affect,BigFive_Neuroticism,affect_affect,-0.2395934489048498,-0.2377082133676299,0.992131523020195,0.0018852355372198926,0.0018852355372198926
qwen3b_instruct,qwen,instruct,3.0,PANAS_Positive_Affect,BigFive_Openness,affect_cognitive,0.3999394212485611,0.3495592451045536,0.8740304819496741,-0.05038017614400747,0.05038017614400747
qwen3b_instruct,qwen,instruct,3.0,PANAS_Positive_Affect,SelfConst_Independent_self,affect_social,0.5018794906994306,0.833512406930824,1.660781965346347,0.33163291623139335,0.33163291623139335
qwen3b_instruct,qwen,instruct,3.0,PANAS_Positive_Affect,SelfConst_Interdependent_self,affect_social,0.0270265323841661,0.2190133061628282,8.10364063912026,0.19198677377866208,0.19198677377866208
qwen3b_instruct,qwen,instruct,3.0,PANAS_Positive_Affect,LifeSat_Life_Satisfaction,affect_affect,0.3754486441349218,0.7583774463383038,2.0199232523150945,0.38292880220338205,0.38292880220338205
qwen3b_instruct,qwen,instruct,3.0,PANAS_Positive_Affect,Lonely_Loneliness,affect_affect,-0.3697831339693283,-0.3557133933060687,0.9619513726539334,0.014069740663259611,0.014069740663259611
qwen3b_instruct,qwen,instruct,3.0,PANAS_Negative_Affect,POM_Peace_of_Mind,affect_affect,-0.5766884713941555,-0.6523166543752581,1.1311421794132108,-0.07562818298110263,0.07562818298110263
qwen3b_instruct,qwen,instruct,3.0,PANAS_Negative_Affect,BigFive_Extraversion,affect_social,-0.1323805357997911,-0.2762268630500905,2.0866123662458116,-0.1438463272502994,0.1438463272502994
qwen3b_instruct,qwen,instruct,3.0,PANAS_Negative_Affect,BigFive_Agreeableness,affect_social,-0.0574017480725705,0.0657200243544218,-1.144913292036592,0.1231217724269923,0.1231217724269923
qwen3b_instruct,qwen,instruct,3.0,PANAS_Negative_Affect,BigFive_Conscientiousness,affect_cognitive,-0.2985335682367622,-0.1604843989563401,0.5375757235751206,0.1380491692804221,0.1380491692804221
qwen3b_instruct,qwen,instruct,3.0,PANAS_Negative_Affect,BigFive_Neuroticism,affect_affect,0.5956331777420659,0.4714517218121299,0.7915135345537925,-0.12418145592993601,0.12418145592993601
qwen3b_instruct,qwen,instruct,3.0,PANAS_Negative_Affect,BigFive_Openness,affect_cognitive,-0.1167409204094412,-0.1409828054404501,1.2076554214750597,-0.02424188503100891,0.02424188503100891
qwen3b_instruct,qwen,instruct,3.0,PANAS_Negative_Affect,SelfConst_Independent_self,affect_social,-0.2263810536303488,-0.6002177337943313,2.651360280239749,-0.3738366801639825,0.3738366801639825
qwen3b_instruct,qwen,instruct,3.0,PANAS_Negative_Affect,SelfConst_Interdependent_self,affect_social,0.0843883716573425,0.1040379797825993,1.2328473430562645,0.01964960812525679,0.01964960812525679
qwen3b_instruct,qwen,instruct,3.0,PANAS_Negative_Affect,LifeSat_Life_Satisfaction,affect_affect,-0.4079942081992174,-0.7233815033354802,1.7730190497759812,-0.31538729513626285,0.31538729513626285
qwen3b_instruct,qwen,instruct,3.0,PANAS_Negative_Affect,Lonely_Loneliness,affect_affect,0.3386000777626718,0.6167993154224944,1.8216159886850802,0.27819923765982263,0.27819923765982263
qwen3b_instruct,qwen,instruct,3.0,POM_Peace_of_Mind,BigFive_Extraversion,affect_social,0.1082377433043031,0.4352282926072022,4.021039974785757,0.3269905493028991,0.3269905493028991
qwen3b_instruct,qwen,instruct,3.0,POM_Peace_of_Mind,BigFive_Agreeableness,affect_social,0.0650822784924807,0.2801665969495192,4.304806215134098,0.21508431845703846,0.21508431845703846
qwen3b_instruct,qwen,instruct,3.0,POM_Peace_of_Mind,BigFive_Conscientiousness,affect_cognitive,0.2046240763661845,0.4897455685164643,2.393391712322461,0.2851214921502798,0.2851214921502798
qwen3b_instruct,qwen,instruct,3.0,POM_Peace_of_Mind,BigFive_Neuroticism,affect_affect,-0.525213997135656,-0.4363819389915688,0.8308650214416449,0.08883205814408718,0.08883205814408718
qwen3b_instruct,qwen,instruct,3.0,POM_Peace_of_Mind,BigFive_Openness,affect_cognitive,0.1427760721896465,0.3674974219945358,2.573942652704415,0.22472134980488928,0.22472134980488928
qwen3b_instruct,qwen,instruct,3.0,POM_Peace_of_Mind,SelfConst_Independent_self,affect_social,0.2895192592870562,0.832999933014799,2.877183145142292,0.5434806737277429,0.5434806737277429
qwen3b_instruct,qwen,instruct,3.0,POM_Peace_of_Mind,SelfConst_Interdependent_self,affect_social,0.0410384690635432,0.1543981225473807,3.762277835177368,0.1133596534838375,0.1133596534838375
qwen3b_instruct,qwen,instruct,3.0,POM_Peace_of_Mind,LifeSat_Life_Satisfaction,affect_affect,0.6897377245732463,0.8775485803716067,1.2722931472460237,0.18781085579836032,0.18781085579836032
qwen3b_instruct,qwen,instruct,3.0,POM_Peace_of_Mind,Lonely_Loneliness,affect_affect,-0.4673179722857797,-0.4776254750904163,1.0220567224372301,-0.010307502804636604,0.010307502804636604
qwen3b_instruct,qwen,instruct,3.0,BigFive_Extraversion,BigFive_Agreeableness,within_scale,-0.0949578376115242,0.271586814566838,-2.8600779187696865,0.3665446521783622,0.3665446521783622
qwen3b_instruct,qwen,instruct,3.0,BigFive_Extraversion,BigFive_Conscientiousness,within_scale,-0.0749633428742371,0.3412829192146659,-4.552664090597216,0.41624626208890303,0.41624626208890303
qwen3b_instruct,qwen,instruct,3.0,BigFive_Extraversion,BigFive_Neuroticism,within_scale,0.013526683613174,-0.1050144532532984,-7.7635033284154,-0.1185411368664724,0.1185411368664724
qwen3b_instruct,qwen,instruct,3.0,BigFive_Extraversion,BigFive_Openness,within_scale,0.374028887685193,0.1482038718944479,0.39623643192818275,-0.2258250157907451,0.2258250157907451
qwen3b_instruct,qwen,instruct,3.0,BigFive_Extraversion,SelfConst_Independent_self,social_social,0.383065040512844,0.4421586982605079,1.154265337469976,0.0590936577476639,0.0590936577476639
qwen3b_instruct,qwen,instruct,3.0,BigFive_Extraversion,SelfConst_Interdependent_self,social_social,0.1087385289929,0.5299734044888269,4.873832756404412,0.4212348754959269,0.4212348754959269
qwen3b_instruct,qwen,instruct,3.0,BigFive_Extraversion,LifeSat_Life_Satisfaction,affect_social,0.1514776054608016,0.3407805777652987,2.249709300121487,0.18930297230449708,0.18930297230449708
qwen3b_instruct,qwen,instruct,3.0,BigFive_Extraversion,Lonely_Loneliness,affect_social,-0.4589356266931431,-0.0095241481105826,0.020752688518014546,0.4494114785825605,0.4494114785825605
qwen3b_instruct,qwen,instruct,3.0,BigFive_Agreeableness,BigFive_Conscientiousness,within_scale,0.0102069144256358,0.4236205503579081,41.50329205209539,0.41341363593227226,0.41341363593227226
qwen3b_instruct,qwen,instruct,3.0,BigFive_Agreeableness,BigFive_Neuroticism,within_scale,-0.1604544666739748,0.1210340207309041,-0.7543200463021789,0.2814884874048789,0.2814884874048789
qwen3b_instruct,qwen,instruct,3.0,BigFive_Agreeableness,BigFive_Openness,within_scale,-0.046032666273312,0.1450502127629633,-3.1510278353582555,0.1910828790362753,0.1910828790362753
qwen3b_instruct,qwen,instruct,3.0,BigFive_Agreeableness,SelfConst_Independent_self,social_social,-0.1388279137981352,0.321510865810099,-2.3158949595511227,0.4603387796082342,0.4603387796082342
qwen3b_instruct,qwen,instruct,3.0,BigFive_Agreeableness,SelfConst_Interdependent_self,social_social,0.4270687033594729,0.2966905659074129,0.6947139033451535,-0.13037813745206,0.13037813745206
qwen3b_instruct,qwen,instruct,3.0,BigFive_Agreeableness,LifeSat_Life_Satisfaction,affect_social,-0.0681672471329937,0.1902301953036937,-2.7906392483850238,0.2583974424366874,0.2583974424366874
qwen3b_instruct,qwen,instruct,3.0,BigFive_Agreeableness,Lonely_Loneliness,affect_social,-0.1211838981515432,0.1511885036562488,-1.247595645645795,0.272372401807792,0.272372401807792
qwen3b_instruct,qwen,instruct,3.0,BigFive_Conscientiousness,BigFive_Neuroticism,within_scale,-0.2594539542198637,-0.2022196096910942,0.7794046165113807,0.05723434452876952,0.05723434452876952
qwen3b_instruct,qwen,instruct,3.0,BigFive_Conscientiousness,BigFive_Openness,within_scale,0.0546263542895831,0.3962542084035443,7.253901776108596,0.3416278541139612,0.3416278541139612
qwen3b_instruct,qwen,instruct,3.0,BigFive_Conscientiousness,SelfConst_Independent_self,cognitive_social,0.1737890582742088,0.4820454104639781,2.7737385497733382,0.3082563521897693,0.3082563521897693
qwen3b_instruct,qwen,instruct,3.0,BigFive_Conscientiousness,SelfConst_Interdependent_self,cognitive_social,-0.0018154185359622,0.148409487611123,,0.1502249061470852,0.1502249061470852
qwen3b_instruct,qwen,instruct,3.0,BigFive_Conscientiousness,LifeSat_Life_Satisfaction,affect_cognitive,0.2171927893560278,0.4528999166666839,2.0852437965805537,0.2357071273106561,0.2357071273106561
qwen3b_instruct,qwen,instruct,3.0,BigFive_Conscientiousness,Lonely_Loneliness,affect_cognitive,-0.1753595321199811,-0.2603327659214528,1.4845658104478348,-0.08497323380147173,0.08497323380147173
qwen3b_instruct,qwen,instruct,3.0,BigFive_Neuroticism,BigFive_Openness,within_scale,-0.0445387805619514,-0.297578614717871,6.68133727424245,-0.2530398341559196,0.2530398341559196
qwen3b_instruct,qwen,instruct,3.0,BigFive_Neuroticism,SelfConst_Independent_self,affect_social,-0.1533157014938961,-0.4063708205209237,2.65054926900036,-0.2530551190270276,0.2530551190270276
qwen3b_instruct,qwen,instruct,3.0,BigFive_Neuroticism,SelfConst_Interdependent_self,affect_social,0.0062020528049378,0.1549567646307979,,0.14875471182586011,0.14875471182586011
qwen3b_instruct,qwen,instruct,3.0,BigFive_Neuroticism,LifeSat_Life_Satisfaction,affect_affect,-0.2833454572921715,-0.5357323581148992,1.8907391818972383,-0.2523869008227277,0.2523869008227277
qwen3b_instruct,qwen,instruct,3.0,BigFive_Neuroticism,Lonely_Loneliness,affect_affect,0.234332319601605,0.4922495665066643,2.1006473513493646,0.2579172469050593,0.2579172469050593
qwen3b_instruct,qwen,instruct,3.0,BigFive_Openness,SelfConst_Independent_self,cognitive_social,0.3406711029459182,0.296535970605096,0.8704465040939247,-0.04413513234082217,0.04413513234082217
qwen3b_instruct,qwen,instruct,3.0,BigFive_Openness,SelfConst_Interdependent_self,cognitive_social,-0.099685173410681,0.0402931444259992,-0.40420398588263773,0.1399783178366802,0.1399783178366802
qwen3b_instruct,qwen,instruct,3.0,BigFive_Openness,LifeSat_Life_Satisfaction,affect_cognitive,0.1359975269215463,0.3777705894872774,2.777775434881284,0.24177306256573108,0.24177306256573108
qwen3b_instruct,qwen,instruct,3.0,BigFive_Openness,Lonely_Loneliness,affect_cognitive,-0.284213527238953,-0.3561067365559959,1.2529549174364194,-0.0718932093170429,0.0718932093170429
qwen3b_instruct,qwen,instruct,3.0,SelfConst_Independent_self,SelfConst_Interdependent_self,within_scale,-0.0487859894791837,0.1711081524109251,-3.5073215535360736,0.2198941418901088,0.2198941418901088
qwen3b_instruct,qwen,instruct,3.0,SelfConst_Independent_self,LifeSat_Life_Satisfaction,affect_social,0.3274941122911161,0.8081766554718995,2.4677593432687277,0.48068254318078346,0.48068254318078346
qwen3b_instruct,qwen,instruct,3.0,SelfConst_Independent_self,Lonely_Loneliness,affect_social,-0.2617850614373652,-0.3929238012074283,1.5009405007681824,-0.13113873977006313,0.13113873977006313
qwen3b_instruct,qwen,instruct,3.0,SelfConst_Interdependent_self,LifeSat_Life_Satisfaction,affect_social,0.0673655923064217,0.0652587352779019,0.9687250277717967,-0.0021068570285198013,0.0021068570285198013
qwen3b_instruct,qwen,instruct,3.0,SelfConst_Interdependent_self,Lonely_Loneliness,affect_social,-0.1430357729512929,0.3072728673455691,-2.148223909344712,0.450308640296862,0.450308640296862
qwen3b_instruct,qwen,instruct,3.0,LifeSat_Life_Satisfaction,Lonely_Loneliness,affect_affect,-0.4147670935561622,-0.582998560789393,1.4056046630672527,-0.16823146723323085,0.16823146723323085
qwen7b_instruct,qwen,instruct,7.0,IRI_Perspective_taking,IRI_Fantasy,within_scale,0.2425985343359973,0.3386832391750976,1.3960646551393572,0.09608470483910028,0.09608470483910028
qwen7b_instruct,qwen,instruct,7.0,IRI_Perspective_taking,IRI_Empathic_concern,within_scale,0.3868208797594384,0.2920215823080651,0.7549271448058118,-0.09479929745137333,0.09479929745137333
qwen7b_instruct,qwen,instruct,7.0,IRI_Perspective_taking,IRI_Personal_distress,within_scale,0.0740487612513309,0.0087235611404938,0.11780833322633076,-0.0653252001108371,0.0653252001108371
qwen7b_instruct,qwen,instruct,7.0,IRI_Perspective_taking,PANAS_Positive_Affect,affect_cognitive,0.1557113197797272,0.5280225015437829,3.3910347834103245,0.37231118176405575,0.37231118176405575
qwen7b_instruct,qwen,instruct,7.0,IRI_Perspective_taking,PANAS_Negative_Affect,affect_cognitive,0.0202225922116022,-0.0063491444009685,-0.31396293484698956,-0.026571736612570698,0.026571736612570698
qwen7b_instruct,qwen,instruct,7.0,IRI_Perspective_taking,POM_Peace_of_Mind,affect_cognitive,0.0253891025645737,0.3609314718378446,14.21599959745977,0.33554236927327086,0.33554236927327086
qwen7b_instruct,qwen,instruct,7.0,IRI_Perspective_taking,BigFive_Extraversion,cognitive_social,0.1484577372088443,0.4112354134088289,2.770050393738116,0.2627776761999846,0.2627776761999846
qwen7b_instruct,qwen,instruct,7.0,IRI_Perspective_taking,BigFive_Agreeableness,cognitive_social,0.3098355967896596,0.4984123575404396,1.6086349105935704,0.18857676075078,0.18857676075078
qwen7b_instruct,qwen,instruct,7.0,IRI_Perspective_taking,BigFive_Conscientiousness,cognitive_cognitive,0.0541501002704837,0.4591460744762958,8.47913618225687,0.4049959742058121,0.4049959742058121
qwen7b_instruct,qwen,instruct,7.0,IRI_Perspective_taking,BigFive_Neuroticism,affect_cognitive,-0.0755272944961235,-0.0885985532371512,1.1730666883837417,-0.0130712587410277,0.0130712587410277
qwen7b_instruct,qwen,instruct,7.0,IRI_Perspective_taking,BigFive_Openness,cognitive_cognitive,0.1375948994500437,0.1358474913419448,0.9873003424176103,-0.0017474081080988968,0.0017474081080988968
qwen7b_instruct,qwen,instruct,7.0,IRI_Perspective_taking,SelfConst_Independent_self,cognitive_social,0.0781023657329456,0.4828729534041143,6.182565007764239,0.4047705876711687,0.4047705876711687
qwen7b_instruct,qwen,instruct,7.0,IRI_Perspective_taking,SelfConst_Interdependent_self,cognitive_social,0.3763493765579964,0.4428555451819665,1.1767139067220465,0.06650616862397013,0.06650616862397013
qwen7b_instruct,qwen,instruct,7.0,IRI_Perspective_taking,LifeSat_Life_Satisfaction,affect_cognitive,0.0169341144368968,0.3360565539732737,19.84494407579169,0.3191224395363769,0.3191224395363769
qwen7b_instruct,qwen,instruct,7.0,IRI_Perspective_taking,Lonely_Loneliness,affect_cognitive,-0.1849937929362051,0.0867383365172792,-0.4688716045039999,0.2717321294534843,0.2717321294534843
qwen7b_instruct,qwen,instruct,7.0,IRI_Fantasy,IRI_Empathic_concern,within_scale,0.3706209196161055,0.6009959553406665,1.6215920999904345,0.23037503572456103,0.23037503572456103
qwen7b_instruct,qwen,instruct,7.0,IRI_Fantasy,IRI_Personal_distress,within_scale,0.3308957665144541,0.5606778652269958,1.6944244138660032,0.22978209871254168,0.22978209871254168
qwen7b_instruct,qwen,instruct,7.0,IRI_Fantasy,PANAS_Positive_Affect,affect_cognitive,-0.0007664699810815,-0.1918302280938592,,-0.19106375811277768,0.19106375811277768
qwen7b_instruct,qwen,instruct,7.0,IRI_Fantasy,PANAS_Negative_Affect,affect_cognitive,0.2238166936468798,0.4711838568468334,2.105222131420768,0.24736716319995358,0.24736716319995358
qwen7b_instruct,qwen,instruct,7.0,IRI_Fantasy,POM_Peace_of_Mind,affect_cognitive,-0.1389352237888281,-0.3027330458228685,2.178951007291007,-0.16379782203404036,0.16379782203404036
qwen7b_instruct,qwen,instruct,7.0,IRI_Fantasy,BigFive_Extraversion,cognitive_social,0.0807086947857257,0.1316501094070888,1.6311762909387637,0.05094141462136309,0.05094141462136309
qwen7b_instruct,qwen,instruct,7.0,IRI_Fantasy,BigFive_Agreeableness,cognitive_social,0.0810782565288163,0.3751075707164542,4.626487874503517,0.2940293141876379,0.2940293141876379
qwen7b_instruct,qwen,instruct,7.0,IRI_Fantasy,BigFive_Conscientiousness,cognitive_cognitive,-0.2034452516585949,0.0737229733683186,-0.3623725438037474,0.2771682250269135,0.2771682250269135
qwen7b_instruct,qwen,instruct,7.0,IRI_Fantasy,BigFive_Neuroticism,affect_cognitive,0.2155317582109705,0.3107949441558754,1.4419914110831766,0.09526318594490488,0.09526318594490488
qwen7b_instruct,qwen,instruct,7.0,IRI_Fantasy,BigFive_Openness,cognitive_cognitive,-0.050456731884954,-0.1105669313997459,2.1913216981997308,-0.0601101995147919,0.0601101995147919
qwen7b_instruct,qwen,instruct,7.0,IRI_Fantasy,SelfConst_Independent_self,cognitive_social,0.0054414023548496,-0.2146218673326196,,-0.2200632696874692,0.2200632696874692
qwen7b_instruct,qwen,instruct,7.0,IRI_Fantasy,SelfConst_Interdependent_self,cognitive_social,0.1816660764877526,0.3587103255154198,1.9745586652750935,0.17704424902766722,0.17704424902766722
qwen7b_instruct,qwen,instruct,7.0,IRI_Fantasy,LifeSat_Life_Satisfaction,affect_cognitive,-0.1182575367466149,-0.3225413565858022,2.7274486299921588,-0.20428381983918728,0.20428381983918728
qwen7b_instruct,qwen,instruct,7.0,IRI_Fantasy,Lonely_Loneliness,affect_cognitive,0.0188661268326879,0.5675826215952798,30.08474535493277,0.548716494762592,0.548716494762592
qwen7b_instruct,qwen,instruct,7.0,IRI_Empathic_concern,IRI_Personal_distress,within_scale,0.3782623305565888,0.4905074941488758,1.2967389415359585,0.11224516359228698,0.11224516359228698
qwen7b_instruct,qwen,instruct,7.0,IRI_Empathic_concern,PANAS_Positive_Affect,affect_social,0.0056088014587591,-0.2478791944594581,,-0.2534879959182172,0.2534879959182172
qwen7b_instruct,qwen,instruct,7.0,IRI_Empathic_concern,PANAS_Negative_Affect,affect_social,0.2101682426513958,0.3934881776792413,1.8722532610786333,0.18331993502784552,0.18331993502784552
qwen7b_instruct,qwen,instruct,7.0,IRI_Empathic_concern,POM_Peace_of_Mind,affect_social,-0.0978173461455466,-0.3069540658760992,3.1380330582611506,-0.2091367197305526,0.2091367197305526
qwen7b_instruct,qwen,instruct,7.0,IRI_Empathic_concern,BigFive_Extraversion,social_social,0.1310469198934273,0.1615975477287271,1.2331274009350606,0.0305506278352998,0.0305506278352998
qwen7b_instruct,qwen,instruct,7.0,IRI_Empathic_concern,BigFive_Agreeableness,social_social,0.4700891724010413,0.2623416959994621,0.5580679398751474,-0.2077474764015792,0.2077474764015792
qwen7b_instruct,qwen,instruct,7.0,IRI_Empathic_concern,BigFive_Conscientiousness,cognitive_social,-0.1093590128817475,-0.0477049646307845,0.43622343850496353,0.061654048250963,0.061654048250963
qwen7b_instruct,qwen,instruct,7.0,IRI_Empathic_concern,BigFive_Neuroticism,affect_social,0.1495859314422549,0.2535037897367795,1.6947034209205718,0.1039178582945246,0.1039178582945246
qwen7b_instruct,qwen,instruct,7.0,IRI_Empathic_concern,BigFive_Openness,cognitive_social,0.065264043100276,0.0712876035817514,1.0922952393896346,0.0060235604814753985,0.0060235604814753985
qwen7b_instruct,qwen,instruct,7.0,IRI_Empathic_concern,SelfConst_Independent_self,social_social,-0.0803015415932576,-0.2690505610862212,3.3505030631791963,-0.18874901949296363,0.18874901949296363
qwen7b_instruct,qwen,instruct,7.0,IRI_Empathic_concern,SelfConst_Interdependent_self,social_social,0.437418299700178,0.5131503169763891,1.1731340854466321,0.07573201727621115,0.07573201727621115
qwen7b_instruct,qwen,instruct,7.0,IRI_Empathic_concern,LifeSat_Life_Satisfaction,affect_social,-0.0994772298781971,-0.2727117478462951,2.7414489545015632,-0.173234517968098,0.173234517968098
qwen7b_instruct,qwen,instruct,7.0,IRI_Empathic_concern,Lonely_Loneliness,affect_social,-0.144702481326898,0.4850863089549662,-3.352301249479652,0.6297887902818642,0.6297887902818642
qwen7b_instruct,qwen,instruct,7.0,IRI_Personal_distress,PANAS_Positive_Affect,affect_affect,-0.2855822135455922,-0.6711304243864282,2.3500427987238237,-0.385548210840836,0.385548210840836
qwen7b_instruct,qwen,instruct,7.0,IRI_Personal_distress,PANAS_Negative_Affect,affect_affect,0.5294570102216241,0.8625437311641282,1.6291100401203078,0.33308672094250413,0.33308672094250413
qwen7b_instruct,qwen,instruct,7.0,IRI_Personal_distress,POM_Peace_of_Mind,affect_affect,-0.3883839878343598,-0.7951679765231204,2.047375796713453,-0.40678398868876064,0.40678398868876064
qwen7b_instruct,qwen,instruct,7.0,IRI_Personal_distress,BigFive_Extraversion,affect_social,-0.0579335353592926,-0.4146956342747401,7.158127528431985,-0.3567620989154475,0.3567620989154475
qwen7b_instruct,qwen,instruct,7.0,IRI_Personal_distress,BigFive_Agreeableness,affect_social,0.2558076569058266,0.1093431744108748,0.42744293010403733,-0.14646448249495178,0.14646448249495178
qwen7b_instruct,qwen,instruct,7.0,IRI_Personal_distress,BigFive_Conscientiousness,affect_cognitive,-0.3401424925970019,-0.4648271271132237,1.3665658870323714,-0.1246846345162218,0.1246846345162218
qwen7b_instruct,qwen,instruct,7.0,IRI_Personal_distress,BigFive_Neuroticism,affect_affect,0.5104295874631224,0.7209497618800356,1.4124372481290044,0.21052017441691318,0.21052017441691318
qwen7b_instruct,qwen,instruct,7.0,IRI_Personal_distress,BigFive_Openness,affect_cognitive,-0.2001937411071401,-0.2206645110923721,1.1022547951400559,-0.02047076998523198,0.02047076998523198
qwen7b_instruct,qwen,instruct,7.0,IRI_Personal_distress,SelfConst_Independent_self,affect_social,-0.1852491281846682,-0.7173982648661482,3.8726134470711226,-0.53214913668148,0.53214913668148
qwen7b_instruct,qwen,instruct,7.0,IRI_Personal_distress,SelfConst_Interdependent_self,affect_social,0.3115448414218291,0.1758652072645366,0.5644940434960263,-0.13567963415729248,0.13567963415729248
qwen7b_instruct,qwen,instruct,7.0,IRI_Personal_distress,LifeSat_Life_Satisfaction,affect_affect,-0.2644579776515124,-0.8062925770571441,3.048849515591586,-0.5418345994056317,0.5418345994056317
qwen7b_instruct,qwen,instruct,7.0,IRI_Personal_distress,Lonely_Loneliness,affect_affect,0.18842654885845,0.7255126986960356,3.850374074627117,0.5370861498375856,0.5370861498375856
qwen7b_instruct,qwen,instruct,7.0,PANAS_Positive_Affect,PANAS_Negative_Affect,within_scale,-0.1155486587886431,-0.6094383929489966,5.274300881880044,-0.49388973416035353,0.49388973416035353
qwen7b_instruct,qwen,instruct,7.0,PANAS_Positive_Affect,POM_Peace_of_Mind,affect_affect,0.4043980239852481,0.841229889001099,2.0802027683295155,0.43683186501585086,0.43683186501585086
qwen7b_instruct,qwen,instruct,7.0,PANAS_Positive_Affect,BigFive_Extraversion,affect_social,0.304035391358864,0.5509723885769162,1.8121981987504328,0.24693699721805223,0.24693699721805223
qwen7b_instruct,qwen,instruct,7.0,PANAS_Positive_Affect,BigFive_Agreeableness,affect_social,-0.0953433540889089,0.3066549968217094,-3.2163227290677194,0.4019983509106183,0.4019983509106183
qwen7b_instruct,qwen,instruct,7.0,PANAS_Positive_Affect,BigFive_Conscientiousness,affect_cognitive,0.3535661062107319,0.5763537579041389,1.6301159748627643,0.22278765169340697,0.22278765169340697
qwen7b_instruct,qwen,instruct,7.0,PANAS_Positive_Affect,BigFive_Neuroticism,affect_affect,-0.2395934489048498,-0.5328282623917151,2.2238849385373562,-0.2932348134868653,0.2932348134868653
qwen7b_instruct,qwen,instruct,7.0,PANAS_Positive_Affect,BigFive_Openness,affect_cognitive,0.3999394212485611,0.1984517621521583,0.49620455401124647,-0.2014876590964028,0.2014876590964028
qwen7b_instruct,qwen,instruct,7.0,PANAS_Positive_Affect,SelfConst_Independent_self,affect_social,0.5018794906994306,0.8545231473552686,1.7026460797678458,0.35264365665583797,0.35264365665583797
qwen7b_instruct,qwen,instruct,7.0,PANAS_Positive_Affect,SelfConst_Interdependent_self,affect_social,0.0270265323841661,0.1488238688512874,5.506583927817469,0.12179733646712129,0.12179733646712129
qwen7b_instruct,qwen,instruct,7.0,PANAS_Positive_Affect,LifeSat_Life_Satisfaction,affect_affect,0.3754486441349218,0.7865910142630838,2.0950695296169806,0.41114237012816196,0.41114237012816196
qwen7b_instruct,qwen,instruct,7.0,PANAS_Positive_Affect,Lonely_Loneliness,affect_affect,-0.3697831339693283,-0.4202215226612482,1.136399916757976,-0.050438388691919855,0.050438388691919855
qwen7b_instruct,qwen,instruct,7.0,PANAS_Negative_Affect,POM_Peace_of_Mind,affect_affect,-0.5766884713941555,-0.7717271632514302,1.338204596644294,-0.19503869185727474,0.19503869185727474
qwen7b_instruct,qwen,instruct,7.0,PANAS_Negative_Affect,BigFive_Extraversion,affect_social,-0.1323805357997911,-0.4342429363487883,3.280262719328513,-0.3018624005489972,0.3018624005489972
qwen7b_instruct,qwen,instruct,7.0,PANAS_Negative_Affect,BigFive_Agreeableness,affect_social,-0.0574017480725705,0.1288622520332901,-2.2449186019627003,0.1862640001058606,0.1862640001058606
qwen7b_instruct,qwen,instruct,7.0,PANAS_Negative_Affect,BigFive_Conscientiousness,affect_cognitive,-0.2985335682367622,-0.394260081980303,1.3206557785408628,-0.0957265137435408,0.0957265137435408
qwen7b_instruct,qwen,instruct,7.0,PANAS_Negative_Affect,BigFive_Neuroticism,affect_affect,0.5956331777420659,0.6342498443187037,1.0648329677051005,0.03861666657663776,0.03861666657663776
qwen7b_instruct,qwen,instruct,7.0,PANAS_Negative_Affect,BigFive_Openness,affect_cognitive,-0.1167409204094412,-0.1066735055245362,0.9137627590257476,0.010067414884905007,0.010067414884905007
qwen7b_instruct,qwen,instruct,7.0,PANAS_Negative_Affect,SelfConst_Independent_self,affect_social,-0.2263810536303488,-0.6554981709586559,2.8955522577830224,-0.42911711732830715,0.42911711732830715
qwen7b_instruct,qwen,instruct,7.0,PANAS_Negative_Affect,SelfConst_Interdependent_self,affect_social,0.0843883716573425,0.067650343721802,0.801654806144323,-0.01673802793554051,0.01673802793554051
qwen7b_instruct,qwen,instruct,7.0,PANAS_Negative_Affect,LifeSat_Life_Satisfaction,affect_affect,-0.4079942081992174,-0.7558780674238307,1.852668621841678,-0.3478838592246133,0.3478838592246133
qwen7b_instruct,qwen,instruct,7.0,PANAS_Negative_Affect,Lonely_Loneliness,affect_affect,0.3386000777626718,0.597748471266829,1.765352433515378,0.25914839350415714,0.25914839350415714
qwen7b_instruct,qwen,instruct,7.0,POM_Peace_of_Mind,BigFive_Extraversion,affect_social,0.1082377433043031,0.5498469822227054,5.079993036041484,0.44160923891840237,0.44160923891840237
qwen7b_instruct,qwen,instruct,7.0,POM_Peace_of_Mind,BigFive_Agreeableness,affect_social,0.0650822784924807,0.1958512853853077,3.009287473055133,0.130769006892827,0.130769006892827
qwen7b_instruct,qwen,instruct,7.0,POM_Peace_of_Mind,BigFive_Conscientiousness,affect_cognitive,0.2046240763661845,0.598866040139466,2.9266645977072945,0.39424196377328147,0.39424196377328147
qwen7b_instruct,qwen,instruct,7.0,POM_Peace_of_Mind,BigFive_Neuroticism,affect_affect,-0.525213997135656,-0.6547495961684355,1.2466339430008035,-0.12953559903277956,0.12953559903277956
qwen7b_instruct,qwen,instruct,7.0,POM_Peace_of_Mind,BigFive_Openness,affect_cognitive,0.1427760721896465,0.2039483860873109,1.4284493400015268,0.06117231389766439,0.06117231389766439
qwen7b_instruct,qwen,instruct,7.0,POM_Peace_of_Mind,SelfConst_Independent_self,affect_social,0.2895192592870562,0.851320963105682,2.940464013351193,0.5618017038186258,0.5618017038186258
qwen7b_instruct,qwen,instruct,7.0,POM_Peace_of_Mind,SelfConst_Interdependent_self,affect_social,0.0410384690635432,0.0432735785853382,1.0544637646773372,0.002235109521795002,0.002235109521795002
qwen7b_instruct,qwen,instruct,7.0,POM_Peace_of_Mind,LifeSat_Life_Satisfaction,affect_affect,0.6897377245732463,0.879740225763773,1.2754706527152546,0.19000250119052664,0.19000250119052664
qwen7b_instruct,qwen,instruct,7.0,POM_Peace_of_Mind,Lonely_Loneliness,affect_affect,-0.4673179722857797,-0.5611803758812538,1.200853399958849,-0.0938624035954741,0.0938624035954741
qwen7b_instruct,qwen,instruct,7.0,BigFive_Extraversion,BigFive_Agreeableness,within_scale,-0.0949578376115242,0.2643269893864712,-2.7836247753223073,0.3592848269979954,0.3592848269979954
qwen7b_instruct,qwen,instruct,7.0,BigFive_Extraversion,BigFive_Conscientiousness,within_scale,-0.0749633428742371,0.5257848044388002,-7.013892180887498,0.6007481473130373,0.6007481473130373
qwen7b_instruct,qwen,instruct,7.0,BigFive_Extraversion,BigFive_Neuroticism,within_scale,0.013526683613174,-0.2578332520703512,-19.06108396142573,-0.2713599356835252,0.2713599356835252
qwen7b_instruct,qwen,instruct,7.0,BigFive_Extraversion,BigFive_Openness,within_scale,0.374028887685193,0.0509127872590718,0.13611993334034483,-0.3231161004261212,0.3231161004261212
qwen7b_instruct,qwen,instruct,7.0,BigFive_Extraversion,SelfConst_Independent_self,social_social,0.383065040512844,0.4961188777089262,1.2951296130931884,0.1130538371960822,0.1130538371960822
qwen7b_instruct,qwen,instruct,7.0,BigFive_Extraversion,SelfConst_Interdependent_self,social_social,0.1087385289929,0.5046117398720849,4.640597445501889,0.39587321087918487,0.39587321087918487
qwen7b_instruct,qwen,instruct,7.0,BigFive_Extraversion,LifeSat_Life_Satisfaction,affect_social,0.1514776054608016,0.4961356484803332,3.275306913989474,0.3446580430195316,0.3446580430195316
qwen7b_instruct,qwen,instruct,7.0,BigFive_Extraversion,Lonely_Loneliness,affect_social,-0.4589356266931431,-0.0603160025108818,0.13142584493927453,0.39861962418226127,0.39861962418226127
qwen7b_instruct,qwen,instruct,7.0,BigFive_Agreeableness,BigFive_Conscientiousness,within_scale,0.0102069144256358,0.3257649478465849,31.91610454070135,0.31555803342094907,0.31555803342094907
qwen7b_instruct,qwen,instruct,7.0,BigFive_Agreeableness,BigFive_Neuroticism,within_scale,-0.1604544666739748,0.0439424965993538,-0.27386271950060415,0.20439696327332862,0.20439696327332862
qwen7b_instruct,qwen,instruct,7.0,BigFive_Agreeableness,BigFive_Openness,within_scale,-0.046032666273312,0.1286975503830146,-2.795787444048805,0.1747302166563266,0.1747302166563266
qwen7b_instruct,qwen,instruct,7.0,BigFive_Agreeableness,SelfConst_Independent_self,social_social,-0.1388279137981352,0.2173459691618414,-1.5655782991731515,0.3561738829599766,0.3561738829599766
qwen7b_instruct,qwen,instruct,7.0,BigFive_Agreeableness,SelfConst_Interdependent_self,social_social,0.4270687033594729,0.3166686335178686,0.7414934202081341,-0.11040006984160428,0.11040006984160428
qwen7b_instruct,qwen,instruct,7.0,BigFive_Agreeableness,LifeSat_Life_Satisfaction,affect_social,-0.0681672471329937,0.1520807452770868,-2.230994380341905,0.22024799241008047,0.22024799241008047
qwen7b_instruct,qwen,instruct,7.0,BigFive_Agreeableness,Lonely_Loneliness,affect_social,-0.1211838981515432,0.2434226645444381,-2.008704689793297,0.3646065626959813,0.3646065626959813
qwen7b_instruct,qwen,instruct,7.0,BigFive_Conscientiousness,BigFive_Neuroticism,within_scale,-0.2594539542198637,-0.4415167286243749,1.7017151654209497,-0.18206277440451119,0.18206277440451119
qwen7b_instruct,qwen,instruct,7.0,BigFive_Conscientiousness,BigFive_Openness,within_scale,0.0546263542895831,0.3587229601553336,6.56684790373682,0.3040966058657505,0.3040966058657505
qwen7b_instruct,qwen,instruct,7.0,BigFive_Conscientiousness,SelfConst_Independent_self,cognitive_social,0.1737890582742088,0.5800864888297459,3.3378769330487463,0.40629743055553713,0.40629743055553713
qwen7b_instruct,qwen,instruct,7.0,BigFive_Conscientiousness,SelfConst_Interdependent_self,cognitive_social,-0.0018154185359622,0.0882153462733227,,0.0900307648092849,0.0900307648092849
qwen7b_instruct,qwen,instruct,7.0,BigFive_Conscientiousness,LifeSat_Life_Satisfaction,affect_cognitive,0.2171927893560278,0.6439057055711955,2.9646734934449843,0.4267129162151677,0.4267129162151677
qwen7b_instruct,qwen,instruct,7.0,BigFive_Conscientiousness,Lonely_Loneliness,affect_cognitive,-0.1753595321199811,-0.3369216710901128,1.9213194003026353,-0.1615621389701317,0.1615621389701317
qwen7b_instruct,qwen,instruct,7.0,BigFive_Neuroticism,BigFive_Openness,within_scale,-0.0445387805619514,-0.3403008903603332,7.640552481830755,-0.2957621097983818,0.2957621097983818
qwen7b_instruct,qwen,instruct,7.0,BigFive_Neuroticism,SelfConst_Independent_self,affect_social,-0.1533157014938961,-0.5968463418341359,3.892923790704489,-0.4435306403402398,0.4435306403402398
qwen7b_instruct,qwen,instruct,7.0,BigFive_Neuroticism,SelfConst_Interdependent_self,affect_social,0.0062020528049378,0.1961565565042515,,0.18995450369931371,0.18995450369931371
qwen7b_instruct,qwen,instruct,7.0,BigFive_Neuroticism,LifeSat_Life_Satisfaction,affect_affect,-0.2833454572921715,-0.688880386699626,2.431238507520124,-0.40553492940745456,0.40553492940745456
qwen7b_instruct,qwen,instruct,7.0,BigFive_Neuroticism,Lonely_Loneliness,affect_affect,0.234332319601605,0.557369680961546,2.3785437788058683,0.32303736135994104,0.32303736135994104
qwen7b_instruct,qwen,instruct,7.0,BigFive_Openness,SelfConst_Independent_self,cognitive_social,0.3406711029459182,0.1627510452093069,0.4777365729054623,-0.1779200577366113,0.1779200577366113
qwen7b_instruct,qwen,instruct,7.0,BigFive_Openness,SelfConst_Interdependent_self,cognitive_social,-0.099685173410681,-0.1257182279612428,1.2611527237186149,-0.02603305455056179,0.02603305455056179
qwen7b_instruct,qwen,instruct,7.0,BigFive_Openness,LifeSat_Life_Satisfaction,affect_cognitive,0.1359975269215463,0.2612306974630116,1.9208488814190665,0.1252331705414653,0.1252331705414653
qwen7b_instruct,qwen,instruct,7.0,BigFive_Openness,Lonely_Loneliness,affect_cognitive,-0.284213527238953,-0.3597231210040189,1.2656790987347377,-0.07550959376506589,0.07550959376506589
qwen7b_instruct,qwen,instruct,7.0,SelfConst_Independent_self,SelfConst_Interdependent_self,within_scale,-0.0487859894791837,0.0540856391317376,-1.1086305660524767,0.1028716286109213,0.1028716286109213
qwen7b_instruct,qwen,instruct,7.0,SelfConst_Independent_self,LifeSat_Life_Satisfaction,affect_social,0.3274941122911161,0.818041211718227,2.497880667213503,0.4905470994271109,0.4905470994271109
qwen7b_instruct,qwen,instruct,7.0,SelfConst_Independent_self,Lonely_Loneliness,affect_social,-0.2617850614373652,-0.4771378859353904,1.822632213295909,-0.21535282449802523,0.21535282449802523
qwen7b_instruct,qwen,instruct,7.0,SelfConst_Interdependent_self,LifeSat_Life_Satisfaction,affect_social,0.0673655923064217,0.0492276086256889,0.7307529992725416,-0.018137983680732793,0.018137983680732793
qwen7b_instruct,qwen,instruct,7.0,SelfConst_Interdependent_self,Lonely_Loneliness,affect_social,-0.1430357729512929,0.3423424540082438,-2.3934044396349687,0.4853782269595367,0.4853782269595367
qwen7b_instruct,qwen,instruct,7.0,LifeSat_Life_Satisfaction,Lonely_Loneliness,affect_affect,-0.4147670935561622,-0.5814332576141786,1.4018307301792945,-0.16666616405801643,0.16666616405801643
qwen14b_instruct,qwen,instruct,14.0,IRI_Perspective_taking,IRI_Fantasy,within_scale,0.2425985343359973,0.353319879884272,1.4563974215727389,0.1107213455482747,0.1107213455482747
qwen14b_instruct,qwen,instruct,14.0,IRI_Perspective_taking,IRI_Empathic_concern,within_scale,0.3868208797594384,0.3514487465285579,0.9085568151003683,-0.03537213323088051,0.03537213323088051
qwen14b_instruct,qwen,instruct,14.0,IRI_Perspective_taking,IRI_Personal_distress,within_scale,0.0740487612513309,-0.0044992328721387,-0.06076040700894013,-0.0785479941234696,0.0785479941234696
qwen14b_instruct,qwen,instruct,14.0,IRI_Perspective_taking,PANAS_Positive_Affect,affect_cognitive,0.1557113197797272,0.5166557746087965,3.318036064042548,0.36094445482906934,0.36094445482906934
qwen14b_instruct,qwen,instruct,14.0,IRI_Perspective_taking,PANAS_Negative_Affect,affect_cognitive,0.0202225922116022,0.026038692939101,1.2876041145784447,0.005816100727498802,0.005816100727498802
qwen14b_instruct,qwen,instruct,14.0,IRI_Perspective_taking,POM_Peace_of_Mind,affect_cognitive,0.0253891025645737,0.415250501117166,16.355461956996443,0.3898613985525923,0.3898613985525923
qwen14b_instruct,qwen,instruct,14.0,IRI_Perspective_taking,BigFive_Extraversion,cognitive_social,0.1484577372088443,0.4508621910075454,3.0369733466521236,0.30240445379870107,0.30240445379870107
qwen14b_instruct,qwen,instruct,14.0,IRI_Perspective_taking,BigFive_Agreeableness,cognitive_social,0.3098355967896596,0.5797895662014108,1.8712813253508014,0.26995396941175115,0.26995396941175115
qwen14b_instruct,qwen,instruct,14.0,IRI_Perspective_taking,BigFive_Conscientiousness,cognitive_cognitive,0.0541501002704837,0.4702410377672044,8.684028938419617,0.41609093749672066,0.41609093749672066
qwen14b_instruct,qwen,instruct,14.0,IRI_Perspective_taking,BigFive_Neuroticism,affect_cognitive,-0.0755272944961235,-0.0819592049694837,1.0851600804221886,-0.006431910473360197,0.006431910473360197
qwen14b_instruct,qwen,instruct,14.0,IRI_Perspective_taking,BigFive_Openness,cognitive_cognitive,0.1375948994500437,0.1418124363167541,1.0306518401740732,0.00421753686671042,0.00421753686671042
qwen14b_instruct,qwen,instruct,14.0,IRI_Perspective_taking,SelfConst_Independent_self,cognitive_social,0.0781023657329456,0.4390711389947808,5.621739301676098,0.3609687732618352,0.3609687732618352
qwen14b_instruct,qwen,instruct,14.0,IRI_Perspective_taking,SelfConst_Interdependent_self,cognitive_social,0.3763493765579964,0.4700571469822841,1.2489914325920164,0.09370777042428774,0.09370777042428774
qwen14b_instruct,qwen,instruct,14.0,IRI_Perspective_taking,LifeSat_Life_Satisfaction,affect_cognitive,0.0169341144368968,0.3225654868630835,19.04826426354268,0.3056313724261867,0.3056313724261867
qwen14b_instruct,qwen,instruct,14.0,IRI_Perspective_taking,Lonely_Loneliness,affect_cognitive,-0.1849937929362051,0.1233246280382436,-0.6666419779866449,0.3083184209744487,0.3083184209744487
qwen14b_instruct,qwen,instruct,14.0,IRI_Fantasy,IRI_Empathic_concern,within_scale,0.3706209196161055,0.6768615761368261,1.8262908009562144,0.3062406565207206,0.3062406565207206
qwen14b_instruct,qwen,instruct,14.0,IRI_Fantasy,IRI_Personal_distress,within_scale,0.3308957665144541,0.6017429951035593,1.8185273309541545,0.2708472285891052,0.2708472285891052
qwen14b_instruct,qwen,instruct,14.0,IRI_Fantasy,PANAS_Positive_Affect,affect_cognitive,-0.0007664699810815,-0.2607332818502192,,-0.2599668118691377,0.2599668118691377
qwen14b_instruct,qwen,instruct,14.0,IRI_Fantasy,PANAS_Negative_Affect,affect_cognitive,0.2238166936468798,0.4880063859755816,2.180384215421926,0.2641896923287018,0.2641896923287018
qwen14b_instruct,qwen,instruct,14.0,IRI_Fantasy,POM_Peace_of_Mind,affect_cognitive,-0.1389352237888281,-0.2730871348805331,1.9655716342718574,-0.134151911091705,0.134151911091705
qwen14b_instruct,qwen,instruct,14.0,IRI_Fantasy,BigFive_Extraversion,cognitive_social,0.0807086947857257,0.1729365530784084,2.1427251863945926,0.09222785829268271,0.09222785829268271
qwen14b_instruct,qwen,instruct,14.0,IRI_Fantasy,BigFive_Agreeableness,cognitive_social,0.0810782565288163,0.331939530863986,4.094063502043982,0.2508612743351697,0.2508612743351697
qwen14b_instruct,qwen,instruct,14.0,IRI_Fantasy,BigFive_Conscientiousness,cognitive_cognitive,-0.2034452516585949,0.1228631437146321,-0.6039125647464653,0.326308395373227,0.326308395373227
qwen14b_instruct,qwen,instruct,14.0,IRI_Fantasy,BigFive_Neuroticism,affect_cognitive,0.2155317582109705,0.3866159925210712,1.7937773798636072,0.1710842343101007,0.1710842343101007
qwen14b_instruct,qwen,instruct,14.0,IRI_Fantasy,BigFive_Openness,cognitive_cognitive,-0.050456731884954,-0.1283655624288268,2.5440720719192065,-0.07790883054387279,0.07790883054387279
qwen14b_instruct,qwen,instruct,14.0,IRI_Fantasy,SelfConst_Independent_self,cognitive_social,0.0054414023548496,-0.2881883255459513,,-0.2936297279008009,0.2936297279008009
qwen14b_instruct,qwen,instruct,14.0,IRI_Fantasy,SelfConst_Interdependent_self,cognitive_social,0.1816660764877526,0.3699285907060029,2.0363107843689376,0.18826251421825033,0.18826251421825033
qwen14b_instruct,qwen,instruct,14.0,IRI_Fantasy,LifeSat_Life_Satisfaction,affect_cognitive,-0.1182575367466149,-0.3842136569173673,3.2489570431405537,-0.26595612017075243,0.26595612017075243
qwen14b_instruct,qwen,instruct,14.0,IRI_Fantasy,Lonely_Loneliness,affect_cognitive,0.0188661268326879,0.6547393119356534,34.70449010240069,0.6358731851029655,0.6358731851029655
qwen14b_instruct,qwen,instruct,14.0,IRI_Empathic_concern,IRI_Personal_distress,within_scale,0.3782623305565888,0.602799867435943,1.5936026898289386,0.22453753687935424,0.22453753687935424
qwen14b_instruct,qwen,instruct,14.0,IRI_Empathic_concern,PANAS_Positive_Affect,affect_social,0.0056088014587591,-0.3039498908225412,,-0.3095586922813003,0.3095586922813003
qwen14b_instruct,qwen,instruct,14.0,IRI_Empathic_concern,PANAS_Negative_Affect,affect_social,0.2101682426513958,0.4860246940087359,2.312550592217211,0.27585645135734005,0.27585645135734005
qwen14b_instruct,qwen,instruct,14.0,IRI_Empathic_concern,POM_Peace_of_Mind,affect_social,-0.0978173461455466,-0.3101223304927699,3.1704226572588223,-0.21230498434722328,0.21230498434722328
qwen14b_instruct,qwen,instruct,14.0,IRI_Empathic_concern,BigFive_Extraversion,social_social,0.1310469198934273,0.2290745173943386,1.748034349686596,0.0980275975009113,0.0980275975009113
qwen14b_instruct,qwen,instruct,14.0,IRI_Empathic_concern,BigFive_Agreeableness,social_social,0.4700891724010413,0.3340611416973899,0.7106335591418312,-0.13602803070365144,0.13602803070365144
qwen14b_instruct,qwen,instruct,14.0,IRI_Empathic_concern,BigFive_Conscientiousness,cognitive_social,-0.1093590128817475,0.0323475114529038,-0.2957919114346975,0.1417065243346513,0.1417065243346513
qwen14b_instruct,qwen,instruct,14.0,IRI_Empathic_concern,BigFive_Neuroticism,affect_social,0.1495859314422549,0.3749217672049436,2.506397249995904,0.22533583576268867,0.22533583576268867
qwen14b_instruct,qwen,instruct,14.0,IRI_Empathic_concern,BigFive_Openness,cognitive_social,0.065264043100276,0.0034887702678647,0.05345623872098028,-0.061775272832411306,0.061775272832411306
qwen14b_instruct,qwen,instruct,14.0,IRI_Empathic_concern,SelfConst_Independent_self,social_social,-0.0803015415932576,-0.3872362219624974,4.822276313497462,-0.3069346803692398,0.3069346803692398
qwen14b_instruct,qwen,instruct,14.0,IRI_Empathic_concern,SelfConst_Interdependent_self,social_social,0.437418299700178,0.5652135445231103,1.2921579753534038,0.12779524482293236,0.12779524482293236
qwen14b_instruct,qwen,instruct,14.0,IRI_Empathic_concern,LifeSat_Life_Satisfaction,affect_social,-0.0994772298781971,-0.3473628087336764,3.4918826062908854,-0.24788557885547932,0.24788557885547932
qwen14b_instruct,qwen,instruct,14.0,IRI_Empathic_concern,Lonely_Loneliness,affect_social,-0.144702481326898,0.6207178679266812,-4.289614540364479,0.7654203492535792,0.7654203492535792
qwen14b_instruct,qwen,instruct,14.0,IRI_Personal_distress,PANAS_Positive_Affect,affect_affect,-0.2855822135455922,-0.7418121414381127,2.59754321611379,-0.4562299278925205,0.4562299278925205
qwen14b_instruct,qwen,instruct,14.0,IRI_Personal_distress,PANAS_Negative_Affect,affect_affect,0.5294570102216241,0.9013830925967652,1.7024670090201612,0.37192608237514113,0.37192608237514113
qwen14b_instruct,qwen,instruct,14.0,IRI_Personal_distress,POM_Peace_of_Mind,affect_affect,-0.3883839878343598,-0.7839104110634394,2.0183901386731886,-0.3955264232290796,0.3955264232290796
qwen14b_instruct,qwen,instruct,14.0,IRI_Personal_distress,BigFive_Extraversion,affect_social,-0.0579335353592926,-0.3702832287570281,6.391517908593063,-0.31234969339773555,0.31234969339773555
qwen14b_instruct,qwen,instruct,14.0,IRI_Personal_distress,BigFive_Agreeableness,affect_social,0.2558076569058266,0.0935058861211061,0.3655320065557283,-0.16230177078472047,0.16230177078472047
qwen14b_instruct,qwen,instruct,14.0,IRI_Personal_distress,BigFive_Conscientiousness,affect_cognitive,-0.3401424925970019,-0.3364057246807617,0.9890141102697583,0.0037367679162402245,0.0037367679162402245
qwen14b_instruct,qwen,instruct,14.0,IRI_Personal_distress,BigFive_Neuroticism,affect_affect,0.5104295874631224,0.7944839852116864,1.556500651069892,0.284054397748564,0.284054397748564
qwen14b_instruct,qwen,instruct,14.0,IRI_Personal_distress,BigFive_Openness,affect_cognitive,-0.2001937411071401,-0.3727408690606572,1.861900711776863,-0.17254712795351707,0.17254712795351707
qwen14b_instruct,qwen,instruct,14.0,IRI_Personal_distress,SelfConst_Independent_self,affect_social,-0.1852491281846682,-0.7959725098233532,4.296767912612667,-0.610723381638685,0.610723381638685
qwen14b_instruct,qwen,instruct,14.0,IRI_Personal_distress,SelfConst_Interdependent_self,affect_social,0.3115448414218291,0.1476206606463768,0.4738343924189702,-0.1639241807754523,0.1639241807754523
qwen14b_instruct,qwen,instruct,14.0,IRI_Personal_distress,LifeSat_Life_Satisfaction,affect_affect,-0.2644579776515124,-0.851064186921412,3.2181452587635517,-0.5866062092698996,0.5866062092698996
qwen14b_instruct,qwen,instruct,14.0,IRI_Personal_distress,Lonely_Loneliness,affect_affect,0.18842654885845,0.7666554967689111,4.068723337627113,0.5782289479104611,0.5782289479104611
qwen14b_instruct,qwen,instruct,14.0,PANAS_Positive_Affect,PANAS_Negative_Affect,within_scale,-0.1155486587886431,-0.660521088738806,5.716389057764871,-0.5449724299501629,0.5449724299501629
qwen14b_instruct,qwen,instruct,14.0,PANAS_Positive_Affect,POM_Peace_of_Mind,affect_affect,0.4043980239852481,0.8863927975779984,2.1918821186186923,0.4819947735927503,0.4819947735927503
qwen14b_instruct,qwen,instruct,14.0,PANAS_Positive_Affect,BigFive_Extraversion,affect_social,0.304035391358864,0.4841035557795045,1.5922605378796166,0.1800681644206405,0.1800681644206405
qwen14b_instruct,qwen,instruct,14.0,PANAS_Positive_Affect,BigFive_Agreeableness,affect_social,-0.0953433540889089,0.3197774469794805,-3.353956340588605,0.41512080106838944,0.41512080106838944
qwen14b_instruct,qwen,instruct,14.0,PANAS_Positive_Affect,BigFive_Conscientiousness,affect_cognitive,0.3535661062107319,0.5597980408715824,1.5832910198070071,0.20623193466085044,0.20623193466085044
qwen14b_instruct,qwen,instruct,14.0,PANAS_Positive_Affect,BigFive_Neuroticism,affect_affect,-0.2395934489048498,-0.629031466681917,2.6254117946760953,-0.3894380177770672,0.3894380177770672
qwen14b_instruct,qwen,instruct,14.0,PANAS_Positive_Affect,BigFive_Openness,affect_cognitive,0.3999394212485611,0.3082524971357109,0.7707479702135513,-0.09168692411285018,0.09168692411285018
qwen14b_instruct,qwen,instruct,14.0,PANAS_Positive_Affect,SelfConst_Independent_self,affect_social,0.5018794906994306,0.8891378531159331,1.7716162337632295,0.38725836241650247,0.38725836241650247
qwen14b_instruct,qwen,instruct,14.0,PANAS_Positive_Affect,SelfConst_Interdependent_self,affect_social,0.0270265323841661,0.1143361353890686,4.230514435364788,0.08730960300490251,0.08730960300490251
qwen14b_instruct,qwen,instruct,14.0,PANAS_Positive_Affect,LifeSat_Life_Satisfaction,affect_affect,0.3754486441349218,0.8491005472015372,2.2615624279532707,0.47365190306661537,0.47365190306661537
qwen14b_instruct,qwen,instruct,14.0,PANAS_Positive_Affect,Lonely_Loneliness,affect_affect,-0.3697831339693283,-0.5260913398412135,1.4227023666386314,-0.15630820587188515,0.15630820587188515
qwen14b_instruct,qwen,instruct,14.0,PANAS_Negative_Affect,POM_Peace_of_Mind,affect_affect,-0.5766884713941555,-0.7367011318038825,1.2774681103350192,-0.16001266040972706,0.16001266040972706
qwen14b_instruct,qwen,instruct,14.0,PANAS_Negative_Affect,BigFive_Extraversion,affect_social,-0.1323805357997911,-0.4334817805283566,3.2745129630230783,-0.30110124472856553,0.30110124472856553
qwen14b_instruct,qwen,instruct,14.0,PANAS_Negative_Affect,BigFive_Agreeableness,affect_social,-0.0574017480725705,0.1037111476395953,-1.8067593953493866,0.1611128957121658,0.1611128957121658
qwen14b_instruct,qwen,instruct,14.0,PANAS_Negative_Affect,BigFive_Conscientiousness,affect_cognitive,-0.2985335682367622,-0.2790808470350999,0.9348390825307972,0.019452721201662304,0.019452721201662304
qwen14b_instruct,qwen,instruct,14.0,PANAS_Negative_Affect,BigFive_Neuroticism,affect_affect,0.5956331777420659,0.7393319849803393,1.2412538666549917,0.14369880723827333,0.14369880723827333
qwen14b_instruct,qwen,instruct,14.0,PANAS_Negative_Affect,BigFive_Openness,affect_cognitive,-0.1167409204094412,-0.2564491346113958,2.1967373026695443,-0.1397082142019546,0.1397082142019546
qwen14b_instruct,qwen,instruct,14.0,PANAS_Negative_Affect,SelfConst_Independent_self,affect_social,-0.2263810536303488,-0.7089425239782885,3.1316336442885393,-0.4825614703479397,0.4825614703479397
qwen14b_instruct,qwen,instruct,14.0,PANAS_Negative_Affect,SelfConst_Interdependent_self,affect_social,0.0843883716573425,0.0406058469862298,0.48117822620288403,-0.0437825246711127,0.0437825246711127
qwen14b_instruct,qwen,instruct,14.0,PANAS_Negative_Affect,LifeSat_Life_Satisfaction,affect_affect,-0.4079942081992174,-0.7971547430976392,1.953838380736034,-0.38916053489842184,0.38916053489842184
qwen14b_instruct,qwen,instruct,14.0,PANAS_Negative_Affect,Lonely_Loneliness,affect_affect,0.3386000777626718,0.6632642645103974,1.9588426231115221,0.3246641867477256,0.3246641867477256
qwen14b_instruct,qwen,instruct,14.0,POM_Peace_of_Mind,BigFive_Extraversion,affect_social,0.1082377433043031,0.4958179102529678,4.580822688246643,0.3875801669486647,0.3875801669486647
qwen14b_instruct,qwen,instruct,14.0,POM_Peace_of_Mind,BigFive_Agreeableness,affect_social,0.0650822784924807,0.2556177648345092,3.927609339369427,0.1905354863420285,0.1905354863420285
qwen14b_instruct,qwen,instruct,14.0,POM_Peace_of_Mind,BigFive_Conscientiousness,affect_cognitive,0.2046240763661845,0.5870150287659968,2.8687485812544637,0.38239095239981225,0.38239095239981225
qwen14b_instruct,qwen,instruct,14.0,POM_Peace_of_Mind,BigFive_Neuroticism,affect_affect,-0.525213997135656,-0.7000290950194488,1.3328454664901863,-0.1748150978837928,0.1748150978837928
qwen14b_instruct,qwen,instruct,14.0,POM_Peace_of_Mind,BigFive_Openness,affect_cognitive,0.1427760721896465,0.2893061925058899,2.026293258170112,0.1465301203162434,0.1465301203162434
qwen14b_instruct,qwen,instruct,14.0,POM_Peace_of_Mind,SelfConst_Independent_self,affect_social,0.2895192592870562,0.8697276385743767,3.0040407008365833,0.5802083792873205,0.5802083792873205
qwen14b_instruct,qwen,instruct,14.0,POM_Peace_of_Mind,SelfConst_Interdependent_self,affect_social,0.0410384690635432,0.1154150477643579,2.812362410148668,0.07437657870081471,0.07437657870081471
qwen14b_instruct,qwen,instruct,14.0,POM_Peace_of_Mind,LifeSat_Life_Satisfaction,affect_affect,0.6897377245732463,0.9047998879409458,1.3118028138895295,0.21506216336769945,0.21506216336769945
qwen14b_instruct,qwen,instruct,14.0,POM_Peace_of_Mind,Lonely_Loneliness,affect_affect,-0.4673179722857797,-0.5723673155842541,1.2247920035787399,-0.10504934329847443,0.10504934329847443
qwen14b_instruct,qwen,instruct,14.0,BigFive_Extraversion,BigFive_Agreeableness,within_scale,-0.0949578376115242,0.2636641421545161,-2.7766443380184715,0.3586219797660403,0.3586219797660403
qwen14b_instruct,qwen,instruct,14.0,BigFive_Extraversion,BigFive_Conscientiousness,within_scale,-0.0749633428742371,0.4016614937552804,-5.3581054199934925,0.4766248366295175,0.4766248366295175
qwen14b_instruct,qwen,instruct,14.0,BigFive_Extraversion,BigFive_Neuroticism,within_scale,0.013526683613174,-0.3052492968111095,-22.566454981901035,-0.3187759804242835,0.3187759804242835
qwen14b_instruct,qwen,instruct,14.0,BigFive_Extraversion,BigFive_Openness,within_scale,0.374028887685193,0.2261519283064651,0.6046375981975202,-0.14787695937872788,0.14787695937872788
qwen14b_instruct,qwen,instruct,14.0,BigFive_Extraversion,SelfConst_Independent_self,social_social,0.383065040512844,0.4584002028539787,1.1966641545787542,0.07533516234113469,0.07533516234113469
qwen14b_instruct,qwen,instruct,14.0,BigFive_Extraversion,SelfConst_Interdependent_self,social_social,0.1087385289929,0.5807756692293851,5.341029298523124,0.4720371402364851,0.4720371402364851
qwen14b_instruct,qwen,instruct,14.0,BigFive_Extraversion,LifeSat_Life_Satisfaction,affect_social,0.1514776054608016,0.460031938067989,3.036963362792483,0.30855433260718734,0.30855433260718734
qwen14b_instruct,qwen,instruct,14.0,BigFive_Extraversion,Lonely_Loneliness,affect_social,-0.4589356266931431,-0.0708873512039547,0.15446033622347632,0.3880482754891884,0.3880482754891884
qwen14b_instruct,qwen,instruct,14.0,BigFive_Agreeableness,BigFive_Conscientiousness,within_scale,0.0102069144256358,0.3788108923679488,37.11316432873417,0.368603977942313,0.368603977942313
qwen14b_instruct,qwen,instruct,14.0,BigFive_Agreeableness,BigFive_Neuroticism,within_scale,-0.1604544666739748,-0.0037990684112032,0.023676925235883113,0.1566553982627716,0.1566553982627716
qwen14b_instruct,qwen,instruct,14.0,BigFive_Agreeableness,BigFive_Openness,within_scale,-0.046032666273312,0.0088657771690626,-0.19259751578201856,0.0548984434423746,0.0548984434423746
qwen14b_instruct,qwen,instruct,14.0,BigFive_Agreeableness,SelfConst_Independent_self,social_social,-0.1388279137981352,0.226569565182782,-1.6320173586432256,0.36539747898091723,0.36539747898091723
qwen14b_instruct,qwen,instruct,14.0,BigFive_Agreeableness,SelfConst_Interdependent_self,social_social,0.4270687033594729,0.3511593999710595,0.8222550545350571,-0.0759093033884134,0.0759093033884134
qwen14b_instruct,qwen,instruct,14.0,BigFive_Agreeableness,LifeSat_Life_Satisfaction,affect_social,-0.0681672471329937,0.1783776478351593,-2.616764727012462,0.24654489496815302,0.24654489496815302
qwen14b_instruct,qwen,instruct,14.0,BigFive_Agreeableness,Lonely_Loneliness,affect_social,-0.1211838981515432,0.2463908930732649,-2.033198278249372,0.3675747912248081,0.3675747912248081
qwen14b_instruct,qwen,instruct,14.0,BigFive_Conscientiousness,BigFive_Neuroticism,within_scale,-0.2594539542198637,-0.3707381945454383,1.4289171103989855,-0.1112842403255746,0.1112842403255746
qwen14b_instruct,qwen,instruct,14.0,BigFive_Conscientiousness,BigFive_Openness,within_scale,0.0546263542895831,0.3798766502457883,6.95409121084671,0.3252502959562052,0.3252502959562052
qwen14b_instruct,qwen,instruct,14.0,BigFive_Conscientiousness,SelfConst_Independent_self,cognitive_social,0.1737890582742088,0.5004438577808958,2.879605095686075,0.3266547995066871,0.3266547995066871
qwen14b_instruct,qwen,instruct,14.0,BigFive_Conscientiousness,SelfConst_Interdependent_self,cognitive_social,-0.0018154185359622,0.2674248164468426,,0.26924023498280475,0.26924023498280475
qwen14b_instruct,qwen,instruct,14.0,BigFive_Conscientiousness,LifeSat_Life_Satisfaction,affect_cognitive,0.2171927893560278,0.5369850702864168,2.472389032244425,0.31979228093038903,0.31979228093038903
qwen14b_instruct,qwen,instruct,14.0,BigFive_Conscientiousness,Lonely_Loneliness,affect_cognitive,-0.1753595321199811,-0.1900194019423382,1.0835989332608782,-0.014659869822357119,0.014659869822357119
qwen14b_instruct,qwen,instruct,14.0,BigFive_Neuroticism,BigFive_Openness,within_scale,-0.0445387805619514,-0.3170587479110859,7.11871191601377,-0.27251996734913453,0.27251996734913453
qwen14b_instruct,qwen,instruct,14.0,BigFive_Neuroticism,SelfConst_Independent_self,affect_social,-0.1533157014938961,-0.6890215368026452,4.4941355000751635,-0.5357058353087492,0.5357058353087492
qwen14b_instruct,qwen,instruct,14.0,BigFive_Neuroticism,SelfConst_Interdependent_self,affect_social,0.0062020528049378,0.1216940028765207,,0.1154919500715829,0.1154919500715829
qwen14b_instruct,qwen,instruct,14.0,BigFive_Neuroticism,LifeSat_Life_Satisfaction,affect_affect,-0.2833454572921715,-0.7517666241489309,2.6531804368183227,-0.46842116685675944,0.46842116685675944
qwen14b_instruct,qwen,instruct,14.0,BigFive_Neuroticism,Lonely_Loneliness,affect_affect,0.234332319601605,0.63038919170465,2.6901504358271726,0.396056872103045,0.396056872103045
qwen14b_instruct,qwen,instruct,14.0,BigFive_Openness,SelfConst_Independent_self,cognitive_social,0.3406711029459182,0.2622386502884746,0.7697707496197739,-0.07843245265744359,0.07843245265744359
qwen14b_instruct,qwen,instruct,14.0,BigFive_Openness,SelfConst_Interdependent_self,cognitive_social,-0.099685173410681,0.0292393178355349,-0.29331661705673456,0.1289244912462159,0.1289244912462159
qwen14b_instruct,qwen,instruct,14.0,BigFive_Openness,LifeSat_Life_Satisfaction,affect_cognitive,0.1359975269215463,0.3455171278436827,2.5406133160274544,0.20951960092213642,0.20951960092213642
qwen14b_instruct,qwen,instruct,14.0,BigFive_Openness,Lonely_Loneliness,affect_cognitive,-0.284213527238953,-0.2974071030392268,1.0464213506248112,-0.013193575800273805,0.013193575800273805
qwen14b_instruct,qwen,instruct,14.0,SelfConst_Independent_self,SelfConst_Interdependent_self,within_scale,-0.0487859894791837,-0.0028086769583384,0.057571384496297305,0.045977312520845304,0.045977312520845304
qwen14b_instruct,qwen,instruct,14.0,SelfConst_Independent_self,LifeSat_Life_Satisfaction,affect_social,0.3274941122911161,0.8522764395834994,2.602417593467738,0.5247823272923833,0.5247823272923833
qwen14b_instruct,qwen,instruct,14.0,SelfConst_Independent_self,Lonely_Loneliness,affect_social,-0.2617850614373652,-0.5556858992072475,2.1226799426834413,-0.29390083776988235,0.29390083776988235
qwen14b_instruct,qwen,instruct,14.0,SelfConst_Interdependent_self,LifeSat_Life_Satisfaction,affect_social,0.0673655923064217,0.0660582824612537,0.980593804635139,-0.0013073098451679976,0.0013073098451679976
qwen14b_instruct,qwen,instruct,14.0,SelfConst_Interdependent_self,Lonely_Loneliness,affect_social,-0.1430357729512929,0.2914820497158717,-2.037826228373851,0.43451782266716465,0.43451782266716465
qwen14b_instruct,qwen,instruct,14.0,LifeSat_Life_Satisfaction,Lonely_Loneliness,affect_affect,-0.4147670935561622,-0.6213461648851808,1.4980604164082425,-0.2065790713290186,0.2065790713290186
qwen14b_base,qwen,base,14.0,IRI_Perspective_taking,IRI_Fantasy,within_scale,0.2425985343359973,0.2393435570425457,0.9865828649692356,-0.0032549772934515886,0.0032549772934515886
qwen14b_base,qwen,base,14.0,IRI_Perspective_taking,IRI_Empathic_concern,within_scale,0.3868208797594384,0.2434205847376225,0.6292850191773627,-0.14340029502181592,0.14340029502181592
qwen14b_base,qwen,base,14.0,IRI_Perspective_taking,IRI_Personal_distress,within_scale,0.0740487612513309,-0.0106508829461284,-0.14383607188212036,-0.0846996441974593,0.0846996441974593
qwen14b_base,qwen,base,14.0,IRI_Perspective_taking,PANAS_Positive_Affect,affect_cognitive,0.1557113197797272,0.5535184189169593,3.5547731513674097,0.3978070991372321,0.3978070991372321
qwen14b_base,qwen,base,14.0,IRI_Perspective_taking,PANAS_Negative_Affect,affect_cognitive,0.0202225922116022,0.0300938550925805,1.4881304423136672,0.009871262880978303,0.009871262880978303
qwen14b_base,qwen,base,14.0,IRI_Perspective_taking,POM_Peace_of_Mind,affect_cognitive,0.0253891025645737,0.4297164779935469,16.925233056214648,0.4043273754289732,0.4043273754289732
qwen14b_base,qwen,base,14.0,IRI_Perspective_taking,BigFive_Extraversion,cognitive_social,0.1484577372088443,0.3589671096530699,2.4179750843709114,0.21050937244422557,0.21050937244422557
qwen14b_base,qwen,base,14.0,IRI_Perspective_taking,BigFive_Agreeableness,cognitive_social,0.3098355967896596,0.4869787852604975,1.5717328489892541,0.17714318847083788,0.17714318847083788
qwen14b_base,qwen,base,14.0,IRI_Perspective_taking,BigFive_Conscientiousness,cognitive_cognitive,0.0541501002704837,0.5572269290228209,10.290413613999453,0.5030768287523372,0.5030768287523372
qwen14b_base,qwen,base,14.0,IRI_Perspective_taking,BigFive_Neuroticism,affect_cognitive,-0.0755272944961235,-0.0835780137359402,1.1065935075991622,-0.008050719239816706,0.008050719239816706
qwen14b_base,qwen,base,14.0,IRI_Perspective_taking,BigFive_Openness,cognitive_cognitive,0.1375948994500437,0.1466089954261558,1.065511846820927,0.009014095976112108,0.009014095976112108
qwen14b_base,qwen,base,14.0,IRI_Perspective_taking,SelfConst_Independent_self,cognitive_social,0.0781023657329456,0.4972819622858433,6.367053771280028,0.4191795965528977,0.4191795965528977
qwen14b_base,qwen,base,14.0,IRI_Perspective_taking,SelfConst_Interdependent_self,cognitive_social,0.3763493765579964,0.3654650280611928,0.971079137698196,-0.010884348496803586,0.010884348496803586
qwen14b_base,qwen,base,14.0,IRI_Perspective_taking,LifeSat_Life_Satisfaction,affect_cognitive,0.0169341144368968,0.348671049496593,20.589860237208097,0.3317369350596962,0.3317369350596962
qwen14b_base,qwen,base,14.0,IRI_Perspective_taking,Lonely_Loneliness,affect_cognitive,-0.1849937929362051,0.0037763459613044,-0.020413365774962347,0.18877013889750952,0.18877013889750952
qwen14b_base,qwen,base,14.0,IRI_Fantasy,IRI_Empathic_concern,within_scale,0.3706209196161055,0.6438826706604146,1.7373079515515681,0.2732617510443091,0.2732617510443091
qwen14b_base,qwen,base,14.0,IRI_Fantasy,IRI_Personal_distress,within_scale,0.3308957665144541,0.5970892271479179,1.8044631801653346,0.2661934606334638,0.2661934606334638
qwen14b_base,qwen,base,14.0,IRI_Fantasy,PANAS_Positive_Affect,affect_cognitive,-0.0007664699810815,-0.2759770008524027,,-0.2752105308713212,0.2752105308713212
qwen14b_base,qwen,base,14.0,IRI_Fantasy,PANAS_Negative_Affect,affect_cognitive,0.2238166936468798,0.5140542570447555,2.29676459190211,0.29023756339787565,0.29023756339787565
qwen14b_base,qwen,base,14.0,IRI_Fantasy,POM_Peace_of_Mind,affect_cognitive,-0.1389352237888281,-0.3237391925042922,2.3301448234347917,-0.18480396871546406,0.18480396871546406
qwen14b_base,qwen,base,14.0,IRI_Fantasy,BigFive_Extraversion,cognitive_social,0.0807086947857257,0.0363084316785887,0.44987013821725536,-0.044400263107137,0.044400263107137
qwen14b_base,qwen,base,14.0,IRI_Fantasy,BigFive_Agreeableness,cognitive_social,0.0810782565288163,0.3239301765975041,3.9952780247855353,0.24285192006868783,0.24285192006868783
qwen14b_base,qwen,base,14.0,IRI_Fantasy,BigFive_Conscientiousness,cognitive_cognitive,-0.2034452516585949,0.0641234541627646,-0.31518776496377177,0.2675687058213595,0.2675687058213595
qwen14b_base,qwen,base,14.0,IRI_Fantasy,BigFive_Neuroticism,affect_cognitive,0.2155317582109705,0.3991659750720078,1.8520053767727782,0.18363421686103729,0.18363421686103729
qwen14b_base,qwen,base,14.0,IRI_Fantasy,BigFive_Openness,cognitive_cognitive,-0.050456731884954,-0.1798836192307246,3.5651064290266725,-0.1294268873457706,0.1294268873457706
qwen14b_base,qwen,base,14.0,IRI_Fantasy,SelfConst_Independent_self,cognitive_social,0.0054414023548496,-0.3115588680988002,,-0.31700027045364976,0.31700027045364976
qwen14b_base,qwen,base,14.0,IRI_Fantasy,SelfConst_Interdependent_self,cognitive_social,0.1816660764877526,0.3055560897850546,1.681965591444115,0.12389001329730201,0.12389001329730201
qwen14b_base,qwen,base,14.0,IRI_Fantasy,LifeSat_Life_Satisfaction,affect_cognitive,-0.1182575367466149,-0.4241371380500017,3.5865548168721055,-0.30587960130338676,0.30587960130338676
qwen14b_base,qwen,base,14.0,IRI_Fantasy,Lonely_Loneliness,affect_cognitive,0.0188661268326879,0.6081499607392626,32.23501920307074,0.5892838339065747,0.5892838339065747
qwen14b_base,qwen,base,14.0,IRI_Empathic_concern,IRI_Personal_distress,within_scale,0.3782623305565888,0.5406151169788075,1.429206858064156,0.16235278642221868,0.16235278642221868
qwen14b_base,qwen,base,14.0,IRI_Empathic_concern,PANAS_Positive_Affect,affect_social,0.0056088014587591,-0.2442567638064155,,-0.24986556526517462,0.24986556526517462
qwen14b_base,qwen,base,14.0,IRI_Empathic_concern,PANAS_Negative_Affect,affect_social,0.2101682426513958,0.4739800417447358,2.2552410191244845,0.26381179909333996,0.26381179909333996
qwen14b_base,qwen,base,14.0,IRI_Empathic_concern,POM_Peace_of_Mind,affect_social,-0.0978173461455466,-0.2966270390583888,3.0324584620914243,-0.19880969291284217,0.19880969291284217
qwen14b_base,qwen,base,14.0,IRI_Empathic_concern,BigFive_Extraversion,social_social,0.1310469198934273,0.096880812613194,0.73928340087643,-0.03416610728023328,0.03416610728023328
qwen14b_base,qwen,base,14.0,IRI_Empathic_concern,BigFive_Agreeableness,social_social,0.4700891724010413,0.3849215880972164,0.8188267475534047,-0.08516758430382493,0.08516758430382493
qwen14b_base,qwen,base,14.0,IRI_Empathic_concern,BigFive_Conscientiousness,cognitive_social,-0.1093590128817475,-0.0013361860374917,0.012218343987217127,0.1080228268442558,0.1080228268442558
qwen14b_base,qwen,base,14.0,IRI_Empathic_concern,BigFive_Neuroticism,affect_social,0.1495859314422549,0.3109225092429433,2.0785544886817755,0.16133657780068839,0.16133657780068839
qwen14b_base,qwen,base,14.0,IRI_Empathic_concern,BigFive_Openness,cognitive_social,0.065264043100276,-0.0413554874851161,-0.6336641973218666,-0.10661953058539211,0.10661953058539211
qwen14b_base,qwen,base,14.0,IRI_Empathic_concern,SelfConst_Independent_self,social_social,-0.0803015415932576,-0.3280466472449733,4.08518492592074,-0.2477451056517157,0.2477451056517157
qwen14b_base,qwen,base,14.0,IRI_Empathic_concern,SelfConst_Interdependent_self,social_social,0.437418299700178,0.4987878222391147,1.1402993943806228,0.06136952253893674,0.06136952253893674
qwen14b_base,qwen,base,14.0,IRI_Empathic_concern,LifeSat_Life_Satisfaction,affect_social,-0.0994772298781971,-0.3518135072580567,3.536623483472828,-0.25233627737985964,0.25233627737985964
qwen14b_base,qwen,base,14.0,IRI_Empathic_concern,Lonely_Loneliness,affect_social,-0.144702481326898,0.582301605919835,-4.024130067295494,0.727004087246733,0.727004087246733
qwen14b_base,qwen,base,14.0,IRI_Personal_distress,PANAS_Positive_Affect,affect_affect,-0.2855822135455922,-0.697571832711749,2.442630526779582,-0.41198961916615684,0.41198961916615684
qwen14b_base,qwen,base,14.0,IRI_Personal_distress,PANAS_Negative_Affect,affect_affect,0.5294570102216241,0.8805797449372021,1.6631751548036025,0.3511227347155781,0.3511227347155781
qwen14b_base,qwen,base,14.0,IRI_Personal_distress,POM_Peace_of_Mind,affect_affect,-0.3883839878343598,-0.7675053464746155,1.976150846882868,-0.37912135864025576,0.37912135864025576
qwen14b_base,qwen,base,14.0,IRI_Personal_distress,BigFive_Extraversion,affect_social,-0.0579335353592926,-0.5032789221700673,8.687177798641644,-0.44534538681077473,0.44534538681077473
qwen14b_base,qwen,base,14.0,IRI_Personal_distress,BigFive_Agreeableness,affect_social,0.2558076569058266,0.1482850953045517,0.5796741860590263,-0.10752256160127488,0.10752256160127488
qwen14b_base,qwen,base,14.0,IRI_Personal_distress,BigFive_Conscientiousness,affect_cognitive,-0.3401424925970019,-0.358659989800168,1.0544404113163992,-0.01851749720316609,0.01851749720316609
qwen14b_base,qwen,base,14.0,IRI_Personal_distress,BigFive_Neuroticism,affect_affect,0.5104295874631224,0.759532026333777,1.4880250772858103,0.24910243887065464,0.24910243887065464
qwen14b_base,qwen,base,14.0,IRI_Personal_distress,BigFive_Openness,affect_cognitive,-0.2001937411071401,-0.3708024282219642,1.8522178873889836,-0.17060868711482408,0.17060868711482408
qwen14b_base,qwen,base,14.0,IRI_Personal_distress,SelfConst_Independent_self,affect_social,-0.1852491281846682,-0.7567945629559607,4.085280024646266,-0.5715454347712925,0.5715454347712925
qwen14b_base,qwen,base,14.0,IRI_Personal_distress,SelfConst_Interdependent_self,affect_social,0.3115448414218291,0.1033557704820508,0.3317524694370014,-0.2081890709397783,0.2081890709397783
qwen14b_base,qwen,base,14.0,IRI_Personal_distress,LifeSat_Life_Satisfaction,affect_affect,-0.2644579776515124,-0.8380021549727887,3.168753547972223,-0.5735441773212764,0.5735441773212764
qwen14b_base,qwen,base,14.0,IRI_Personal_distress,Lonely_Loneliness,affect_affect,0.18842654885845,0.7512764390701663,3.9871050211429653,0.5628498902117163,0.5628498902117163
qwen14b_base,qwen,base,14.0,PANAS_Positive_Affect,PANAS_Negative_Affect,within_scale,-0.1155486587886431,-0.6090597757379058,5.271024191219503,-0.49351111694926275,0.49351111694926275
qwen14b_base,qwen,base,14.0,PANAS_Positive_Affect,POM_Peace_of_Mind,affect_affect,0.4043980239852481,0.858353438027907,2.122546073714788,0.4539554140426589,0.4539554140426589
qwen14b_base,qwen,base,14.0,PANAS_Positive_Affect,BigFive_Extraversion,affect_social,0.304035391358864,0.5550897967364266,1.8257407279313544,0.2510544053775626,0.2510544053775626
qwen14b_base,qwen,base,14.0,PANAS_Positive_Affect,BigFive_Agreeableness,affect_social,-0.0953433540889089,0.2725682070295608,-2.8588065695212217,0.3679115611184697,0.3679115611184697
qwen14b_base,qwen,base,14.0,PANAS_Positive_Affect,BigFive_Conscientiousness,affect_cognitive,0.3535661062107319,0.6297820167825197,1.7812284767113904,0.27621591057178774,0.27621591057178774
qwen14b_base,qwen,base,14.0,PANAS_Positive_Affect,BigFive_Neuroticism,affect_affect,-0.2395934489048498,-0.5773757766214337,2.4098145390057306,-0.3377823277165839,0.3377823277165839
qwen14b_base,qwen,base,14.0,PANAS_Positive_Affect,BigFive_Openness,affect_cognitive,0.3999394212485611,0.2958162042872625,0.7396525287848874,-0.10412321696129856,0.10412321696129856
qwen14b_base,qwen,base,14.0,PANAS_Positive_Affect,SelfConst_Independent_self,affect_social,0.5018794906994306,0.8851904846276526,1.7637510618216956,0.383310993928222,0.383310993928222
qwen14b_base,qwen,base,14.0,PANAS_Positive_Affect,SelfConst_Interdependent_self,affect_social,0.0270265323841661,0.1499231115303209,5.547256651325184,0.12289657914615479,0.12289657914615479
qwen14b_base,qwen,base,14.0,PANAS_Positive_Affect,LifeSat_Life_Satisfaction,affect_affect,0.3754486441349218,0.8402126357351309,2.237889652447888,0.46476399160020915,0.46476399160020915
qwen14b_base,qwen,base,14.0,PANAS_Positive_Affect,Lonely_Loneliness,affect_affect,-0.3697831339693283,-0.5176988423181874,1.4000066383804513,-0.1479157083488591,0.1479157083488591
qwen14b_base,qwen,base,14.0,PANAS_Negative_Affect,POM_Peace_of_Mind,affect_affect,-0.5766884713941555,-0.7143529669100555,1.2387155324660704,-0.1376644955159,0.1376644955159
qwen14b_base,qwen,base,14.0,PANAS_Negative_Affect,BigFive_Extraversion,affect_social,-0.1323805357997911,-0.5083420533706542,3.840006012209058,-0.3759615175708631,0.3759615175708631
qwen14b_base,qwen,base,14.0,PANAS_Negative_Affect,BigFive_Agreeableness,affect_social,-0.0574017480725705,0.2075729463522027,-3.61614329392508,0.26497469442477317,0.26497469442477317
qwen14b_base,qwen,base,14.0,PANAS_Negative_Affect,BigFive_Conscientiousness,affect_cognitive,-0.2985335682367622,-0.2690849313419536,0.9013556932014649,0.02944863689480859,0.02944863689480859
qwen14b_base,qwen,base,14.0,PANAS_Negative_Affect,BigFive_Neuroticism,affect_affect,0.5956331777420659,0.6614105560344778,1.1104326970867568,0.06577737829241193,0.06577737829241193
qwen14b_base,qwen,base,14.0,PANAS_Negative_Affect,BigFive_Openness,affect_cognitive,-0.1167409204094412,-0.254359515881256,2.178837677389814,-0.1376185954718148,0.1376185954718148
qwen14b_base,qwen,base,14.0,PANAS_Negative_Affect,SelfConst_Independent_self,affect_social,-0.2263810536303488,-0.6851904681927704,3.0267129567812616,-0.45880941456242164,0.45880941456242164
qwen14b_base,qwen,base,14.0,PANAS_Negative_Affect,SelfConst_Interdependent_self,affect_social,0.0843883716573425,0.0469494619287631,0.5563498975830529,-0.037438909728579405,0.037438909728579405
qwen14b_base,qwen,base,14.0,PANAS_Negative_Affect,LifeSat_Life_Satisfaction,affect_affect,-0.4079942081992174,-0.7654491197821649,1.8761274165156965,-0.3574549115829475,0.3574549115829475
qwen14b_base,qwen,base,14.0,PANAS_Negative_Affect,Lonely_Loneliness,affect_affect,0.3386000777626718,0.6501354171592428,1.9200687178073517,0.311535339396571,0.311535339396571
qwen14b_base,qwen,base,14.0,POM_Peace_of_Mind,BigFive_Extraversion,affect_social,0.1082377433043031,0.593599329410663,5.484217531603543,0.4853615861063599,0.4853615861063599
qwen14b_base,qwen,base,14.0,POM_Peace_of_Mind,BigFive_Agreeableness,affect_social,0.0650822784924807,0.2171028663268653,3.335821537839188,0.1520205878343846,0.1520205878343846
qwen14b_base,qwen,base,14.0,POM_Peace_of_Mind,BigFive_Conscientiousness,affect_cognitive,0.2046240763661845,0.6034751346482621,2.9491892907475594,0.39885105828207756,0.39885105828207756
qwen14b_base,qwen,base,14.0,POM_Peace_of_Mind,BigFive_Neuroticism,affect_affect,-0.525213997135656,-0.6914069095434564,1.3164289476559303,-0.16619291240780043,0.16619291240780043
qwen14b_base,qwen,base,14.0,POM_Peace_of_Mind,BigFive_Openness,affect_cognitive,0.1427760721896465,0.2905880714217742,2.0352715056889368,0.14781199923212768,0.14781199923212768
qwen14b_base,qwen,base,14.0,POM_Peace_of_Mind,SelfConst_Independent_self,affect_social,0.2895192592870562,0.8913671170024478,3.0787834950857755,0.6018478577153916,0.6018478577153916
qwen14b_base,qwen,base,14.0,POM_Peace_of_Mind,SelfConst_Interdependent_self,affect_social,0.0410384690635432,0.1079969308452344,2.6316023309255026,0.06695846178169121,0.06695846178169121
qwen14b_base,qwen,base,14.0,POM_Peace_of_Mind,LifeSat_Life_Satisfaction,affect_affect,0.6897377245732463,0.9114109409198284,1.3213876933927826,0.2216732163465821,0.2216732163465821
qwen14b_base,qwen,base,14.0,POM_Peace_of_Mind,Lonely_Loneliness,affect_affect,-0.4673179722857797,-0.5860501528644604,1.2540715050994704,-0.11873218057868068,0.11873218057868068
qwen14b_base,qwen,base,14.0,BigFive_Extraversion,BigFive_Agreeableness,within_scale,-0.0949578376115242,0.2709430490869511,-2.853298431198365,0.3659008866984753,0.3659008866984753
qwen14b_base,qwen,base,14.0,BigFive_Extraversion,BigFive_Conscientiousness,within_scale,-0.0749633428742371,0.4812633554031988,-6.419982580160472,0.5562266982774359,0.5562266982774359
qwen14b_base,qwen,base,14.0,BigFive_Extraversion,BigFive_Neuroticism,within_scale,0.013526683613174,-0.3896518509445186,-28.806162847264808,-0.4031785345576926,0.4031785345576926
qwen14b_base,qwen,base,14.0,BigFive_Extraversion,BigFive_Openness,within_scale,0.374028887685193,0.1684268172423193,0.45030430212138656,-0.20560207044287368,0.20560207044287368
qwen14b_base,qwen,base,14.0,BigFive_Extraversion,SelfConst_Independent_self,social_social,0.383065040512844,0.5970392162381901,1.5585844519742116,0.2139741757253461,0.2139741757253461
qwen14b_base,qwen,base,14.0,BigFive_Extraversion,SelfConst_Interdependent_self,social_social,0.1087385289929,0.533463036244016,4.905924709344267,0.42472450725111605,0.42472450725111605
qwen14b_base,qwen,base,14.0,BigFive_Extraversion,LifeSat_Life_Satisfaction,affect_social,0.1514776054608016,0.5505621100737748,3.6346105973813114,0.3990845046129732,0.3990845046129732
qwen14b_base,qwen,base,14.0,BigFive_Extraversion,Lonely_Loneliness,affect_social,-0.4589356266931431,-0.1736525180643407,0.3783809928106748,0.28528310862880235,0.28528310862880235
qwen14b_base,qwen,base,14.0,BigFive_Agreeableness,BigFive_Conscientiousness,within_scale,0.0102069144256358,0.4354932013748824,42.666488932354795,0.4252862869492466,0.4252862869492466
qwen14b_base,qwen,base,14.0,BigFive_Agreeableness,BigFive_Neuroticism,within_scale,-0.1604544666739748,0.0313272503839472,-0.1952407498109766,0.19178171705792202,0.19178171705792202
qwen14b_base,qwen,base,14.0,BigFive_Agreeableness,BigFive_Openness,within_scale,-0.046032666273312,-0.0151210221314741,0.3284846035572938,0.030911644141837898,0.030911644141837898
qwen14b_base,qwen,base,14.0,BigFive_Agreeableness,SelfConst_Independent_self,social_social,-0.1388279137981352,0.2065360617110551,-1.4877127809568034,0.3453639755091903,0.3453639755091903
qwen14b_base,qwen,base,14.0,BigFive_Agreeableness,SelfConst_Interdependent_self,social_social,0.4270687033594729,0.3980741835898873,0.9321080670592237,-0.028994519769585614,0.028994519769585614
qwen14b_base,qwen,base,14.0,BigFive_Agreeableness,LifeSat_Life_Satisfaction,affect_social,-0.0681672471329937,0.1009456754214204,-1.4808530440502647,0.1691129225544141,0.1691129225544141
qwen14b_base,qwen,base,14.0,BigFive_Agreeableness,Lonely_Loneliness,affect_social,-0.1211838981515432,0.271554745401814,-2.2408484092682732,0.3927386435533572,0.3927386435533572
qwen14b_base,qwen,base,14.0,BigFive_Conscientiousness,BigFive_Neuroticism,within_scale,-0.2594539542198637,-0.3709229333040587,1.4296291394724132,-0.11146897908419495,0.11146897908419495
qwen14b_base,qwen,base,14.0,BigFive_Conscientiousness,BigFive_Openness,within_scale,0.0546263542895831,0.3642130351575351,6.667350217566839,0.309586680867952,0.309586680867952
qwen14b_base,qwen,base,14.0,BigFive_Conscientiousness,SelfConst_Independent_self,cognitive_social,0.1737890582742088,0.6086566327573906,3.502272460657659,0.4348675744831818,0.4348675744831818
qwen14b_base,qwen,base,14.0,BigFive_Conscientiousness,SelfConst_Interdependent_self,cognitive_social,-0.0018154185359622,0.2153779014012871,,0.2171933199372493,0.2171933199372493
qwen14b_base,qwen,base,14.0,BigFive_Conscientiousness,LifeSat_Life_Satisfaction,affect_cognitive,0.2171927893560278,0.5757436792963139,2.650841591027871,0.35855088994028605,0.35855088994028605
qwen14b_base,qwen,base,14.0,BigFive_Conscientiousness,Lonely_Loneliness,affect_cognitive,-0.1753595321199811,-0.2596386126494114,1.480607352851321,-0.08427908052943031,0.08427908052943031
qwen14b_base,qwen,base,14.0,BigFive_Neuroticism,BigFive_Openness,within_scale,-0.0445387805619514,-0.3646157543850542,8.186478160934165,-0.32007697382310285,0.32007697382310285
qwen14b_base,qwen,base,14.0,BigFive_Neuroticism,SelfConst_Independent_self,affect_social,-0.1533157014938961,-0.6676976441782325,4.355050641729708,-0.5143819426843365,0.5143819426843365
qwen14b_base,qwen,base,14.0,BigFive_Neuroticism,SelfConst_Interdependent_self,affect_social,0.0062020528049378,0.1209392057376559,,0.1147371529327181,0.1147371529327181
qwen14b_base,qwen,base,14.0,BigFive_Neuroticism,LifeSat_Life_Satisfaction,affect_affect,-0.2833454572921715,-0.7580536331144763,2.675368930770645,-0.4747081758223048,0.4747081758223048
qwen14b_base,qwen,base,14.0,BigFive_Neuroticism,Lonely_Loneliness,affect_affect,0.234332319601605,0.6004618586493142,2.5624372244945826,0.36612953904770923,0.36612953904770923
qwen14b_base,qwen,base,14.0,BigFive_Openness,SelfConst_Independent_self,cognitive_social,0.3406711029459182,0.2606504855150426,0.7651088785080227,-0.08002061743087557,0.08002061743087557
qwen14b_base,qwen,base,14.0,BigFive_Openness,SelfConst_Interdependent_self,cognitive_social,-0.099685173410681,-0.0411575877875207,0.4128757204239439,0.05852758562316031,0.05852758562316031
qwen14b_base,qwen,base,14.0,BigFive_Openness,LifeSat_Life_Satisfaction,affect_cognitive,0.1359975269215463,0.3656860362398362,2.6889168098681067,0.2296885093182899,0.2296885093182899
qwen14b_base,qwen,base,14.0,BigFive_Openness,Lonely_Loneliness,affect_cognitive,-0.284213527238953,-0.4186236311325783,1.4729194461621096,-0.1344101038936253,0.1344101038936253
qwen14b_base,qwen,base,14.0,SelfConst_Independent_self,SelfConst_Interdependent_self,within_scale,-0.0487859894791837,0.1046087167541099,-2.144236857156397,0.1533947062332936,0.1533947062332936
qwen14b_base,qwen,base,14.0,SelfConst_Independent_self,LifeSat_Life_Satisfaction,affect_social,0.3274941122911161,0.8756138223423842,2.673678058566236,0.548119710051268,0.548119710051268
qwen14b_base,qwen,base,14.0,SelfConst_Independent_self,Lonely_Loneliness,affect_social,-0.2617850614373652,-0.5410448458423571,2.0667521778044917,-0.27925978440499194,0.27925978440499194
qwen14b_base,qwen,base,14.0,SelfConst_Interdependent_self,LifeSat_Life_Satisfaction,affect_social,0.0673655923064217,0.0578343179683031,0.8585142056680171,-0.009531274338118595,0.009531274338118595
qwen14b_base,qwen,base,14.0,SelfConst_Interdependent_self,Lonely_Loneliness,affect_social,-0.1430357729512929,0.2950496290089114,-2.0627680958481824,0.4380854019602043,0.4380854019602043
qwen14b_base,qwen,base,14.0,LifeSat_Life_Satisfaction,Lonely_Loneliness,affect_affect,-0.4147670935561622,-0.6633807085415369,1.5994053502504069,-0.24861361498537465,0.24861361498537465
