label,IRI_Q1,IRI_Q2,IRI_Q3,IRI_Q4,IRI_Q5,IRI_Q6,IRI_Q7,IRI_Q8,IRI_Q9,IRI_Q10,IRI_Q11,IRI_Q12,IRI_Q13,IRI_Q14,IRI_Q15,IRI_Q16,IRI_Q17,IRI_Q18,IRI_Q19,IRI_Q20,IRI_Q21,IRI_Q22,IRI_Q23,IRI_Q24,IRI_Q25,IRI_Q26,IRI_Q27,IRI_Q28,PANAS_Q1,PANAS_Q2,PANAS_Q3,PANAS_Q4,PANAS_Q5,PANAS_Q6,PANAS_Q7,PANAS_Q8,PANAS_Q9,PANAS_Q10,PANAS_Q11,PANAS_Q12,PANAS_Q13,PANAS_Q14,PANAS_Q15,PANAS_Q16,PANAS_Q17,PANAS_Q18,PANAS_Q19,PANAS_Q20,POM_Q1,POM_Q2,POM_Q3,POM_Q4,POM_Q5,POM_Q6,POM_Q7,BigFive_Q1,BigFive_Q2,BigFive_Q3,BigFive_Q4,BigFive_Q5,BigFive_Q6,BigFive_Q7,BigFive_Q8,BigFive_Q9,BigFive_Q10,SelfConst_Q1,SelfConst_Q2,SelfConst_Q3,SelfConst_Q4,SelfConst_Q5,SelfConst_Q6,SelfConst_Q7,SelfConst_Q8,SelfConst_Q9,SelfConst_Q10,SelfConst_Q11,SelfConst_Q12,SelfConst_Q13,SelfConst_Q14,SelfConst_Q15,SelfConst_Q16,SelfConst_Q17,SelfConst_Q18,SelfConst_Q19,SelfConst_Q20,SelfConst_Q21,SelfConst_Q22,SelfConst_Q23,SelfConst_Q24,LifeSat_Q1,LifeSat_Q2,LifeSat_Q3,LifeSat_Q4,LifeSat_Q5,Lonely_Q1,Lonely_Q2,Lonely_Q3,Lonely_Q4,Lonely_Q5,Lonely_Q6,Lonely_Q7,Lonely_Q8,Lonely_Q9,Lonely_Q10,Lonely_Q11,Lonely_Q12,Lonely_Q13,Lonely_Q14,Lonely_Q15,Lonely_Q16,Lonely_Q17,Lonely_Q18,Lonely_Q19,Lonely_Q20
IRI_Q1,1.0,0.1629306245812791,0.0495545475267048,-0.0556673422938798,0.2574063591238653,0.22360354840983,-0.1945684012318745,-0.1340795177315799,0.0954020655612338,0.2180160518657795,0.0241463462823097,-0.1181319828435795,-0.0716599580322676,-0.0881607273159465,0.1037035617801614,0.1847491139096554,0.1990156799342056,-0.0358606844136391,-0.0963124239800578,0.1996954233805953,-0.0039680992269869,0.1780871501817695,0.1211315394988112,0.1071729078051158,0.0243097943298173,0.234637199479663,0.1560860936453707,0.0219179824518475,0.4470464430530446,0.2733998185371348,-0.0154787467150597,0.278876837737781,-0.1082325547908726,0.1567541503994516,0.2544435652932927,-0.2652588527919426,0.161689746598886,-0.1804447295918967,-0.0863227904137439,-0.212932943174904,-0.0785349163408883,0.3471183276377984,0.2010828969805188,-0.0666328837347372,-0.3697389155522022,0.22360354840983,-0.0025990794741716,0.2277312307449747,0.0411457727163911,0.0524491473370506,-0.0039431793455764,0.0821909471969658,0.2851107680688711,-0.1065819867378112,0.2716690944689384,-0.2212746931516924,-0.0012830312531436,-0.034811326697854,0.2673555680517718,0.4943201097733791,-0.1913336578115634,0.1777239928843147,-0.0866923981232664,-0.0782300762474775,-0.2647007513702089,0.2028443783471149,0.0732403593995266,0.0043331955772739,0.3961699404437585,0.3009624679104035,0.1324537117738268,-0.0807129719269281,0.1275384652733095,0.3485662785625379,0.1443793153061434,0.1258112735132791,-0.0335982807945604,0.2330331698265524,0.1222496202063249,0.906397337482688,0.3595886346272022,-0.2559921772188743,0.5486929836226003,0.0782255817561315,0.0187060660056906,0.2024429844208919,0.1846794358258661,,-0.1364809381510305,0.1301577253173476,0.0333618308377826,0.3522550975398776,0.2080617747864505,0.2818829352746734,0.2291854961030469,-0.0565413125348431,0.034079512094353,0.0212647581377998,0.1580218286954,0.2754395495175764,-0.0081176307231008,0.3427206451790915,0.2885582323223654,0.2636275535503276,0.0814775891714029,-0.128576000614435,0.4933142684822809,-0.1767588253093562,0.2847845422123249,0.1291893949296842,0.0607984252245599,0.2714098853379786,0.2683492375838898,0.4314691145957008
IRI_Q2,0.1629306245812791,1.0,-0.1243677723064711,-0.4091052462836276,0.3126269023546147,0.19402856302205,-0.2038623544177101,0.04364206885488,0.4313571299765021,0.1588517548246531,0.1742516782971677,-0.1780248457786501,-0.2254421377888885,-0.3526385523739025,-0.1060680067675974,0.1844001093818385,0.1346549750157294,-0.4339872419792718,-0.0791459013151322,0.4659638729258756,0.1131132741751063,0.4300544205061042,0.1380577723787997,0.0971145751545771,0.3508314023183106,0.0551759298731606,0.328532488972553,0.1771184244438058,0.518554983742581,0.2896324715897213,0.0804904275349067,0.203886509638787,-0.1587956512048013,0.0220479275922049,0.1756268127639721,-0.1043896465141865,0.2179804671494533,0.0466760028009336,-0.0330465729334641,-0.2999179809306235,-0.1491251527361531,0.5569721874839147,0.1371990618844452,-0.1154983539348742,-0.110641854079211,0.19402856302205,0.1151347093142089,0.1204542605978552,-0.0370948563536548,-0.1564665724593368,-0.1810278551421007,0.0698037822422041,0.2202629147422135,-0.08925477672725,0.1785523089312961,-0.0614435414724524,-0.094164377223874,0.0763450812336421,0.128658870420842,0.4616210788769438,-0.0701434016421158,0.6437571743401218,0.0827092863580964,0.0757694766233916,-0.4391128507288833,0.2719500044149281,0.4310768886249198,-0.0907414383499357,0.605800213789796,0.1093648730088369,0.3943785859947478,-0.4045127956301033,0.0421284281490397,0.1940095926748058,0.4502135091851552,0.4519371138323159,0.0690656944371836,0.4802629189673235,0.0207745914211413,0.2068834657141288,0.2899491342464685,0.006678243593633,0.2515708503749026,0.0940536017448342,0.1682594685145381,-0.0355111465780837,-0.1718533580105137,,0.0273308362035291,0.1832775491952535,-0.1304492890629037,0.519569466700533,0.1664513732630581,3.4694469519536136e-17,0.6052901746572987,-0.2569898673859272,-0.2326992239824774,-0.293347566451442,0.3811812499312436,0.4449532565112126,-0.5897643899838064,0.131671752380474,0.6191779061664227,0.6579410803387364,-0.0632921086408116,-0.4127273085981116,0.0531234042534401,-0.2341720005152954,0.5577301370383005,0.3262300994893461,-0.2058408262571814,-0.146090886927345,0.6093923494732251,0.5759958442983385
IRI_Q3,0.0495545475267048,-0.1243677723064711,1.0,0.2037935271060543,-0.1069208249372183,-0.0620824981136425,0.1465110599137689,-0.3158662889508513,-0.1184955030607518,-0.0060821913780938,-0.3060922479831222,0.1345467306207535,-0.0539982970504138,0.0131535537421051,0.2145361388661529,-0.0076760656866445,0.0600246943029394,0.1297059475448143,-0.0162697511301666,-0.1355978959170572,-0.2007347214658403,-0.0828440152465092,-0.0640694188287326,0.1590093547863582,-0.279121740436592,-0.0752032440468383,0.0054424933702898,-0.3073232524434461,-0.1694553717467329,-0.0151937950739501,0.0257056115499564,0.0923304547952667,0.1079447194808091,-0.0087408966048,0.1151404187131709,0.0678258346700943,-0.1463139337240788,-0.0021588807601944,0.1797632288562738,0.1203595627585746,0.1112328431695824,-0.139644822965993,0.0643645073160496,0.080131274910435,0.0589620373408525,-0.0620824981136425,0.052445796881094,0.0771266101181355,0.1862396158182707,0.2337344615369122,0.2372346249052732,0.1108485263170637,0.0166220457587498,0.1254354262513947,0.1094729621247988,-0.0553683635931426,0.1116633945336117,0.0196174952057534,0.1016427136043597,-0.1074842994843043,-0.012248910757328,-0.1692443333766562,-0.0267785657307896,-0.0249005794585065,0.178762073370292,0.0306395982992008,-0.0564520227921173,-0.0443915187461531,-0.1233781503729211,0.0592980071247907,-0.2704052412097708,0.2942139002451222,0.3090391048575187,0.174717849254658,-0.0357191253807178,-0.2399453105185766,-0.0159722973222247,-0.2236411910177666,-0.0008897002946365,0.0645807955303689,-0.0872427288107013,-0.0952396373256937,0.0610519061125241,-0.2041675165309221,-0.0035374623857553,-0.0870513605606293,0.1453832544435924,,-0.2465031818349154,0.0704195111979877,0.1438537926376752,-0.0186261416913204,0.0632400472763642,0.0847465909961801,-0.0961122077754325,0.2161511045520359,0.251662290672289,0.3080200547544061,-0.1304662706227163,-0.1351134239183037,0.4716483264788775,0.5510983915386487,0.0310991001998152,-0.0334003224356075,0.1585684109985736,0.3437386575492989,0.182567430541894,0.2106034610376649,-0.0094377075018856,-0.1785113515848737,0.3977975159593688,0.3599717231905979,-0.1121684006854933,-0.0068151995784199
IRI_Q4,-0.0556673422938798,-0.4091052462836276,0.2037935271060543,1.0,-0.1992286547796675,-0.0779135705531323,0.1442313037240863,-0.175986794585353,-0.369768641352265,-0.0697552910174694,-0.1839944554456734,0.181730765747708,0.1744838447858174,0.350258482422162,0.1722013428400466,-0.1516279042367101,-0.1077809805335068,0.4657896632145917,-0.0799076150047423,-0.3091909257499358,-0.1892161559940388,-0.2877933448370404,-0.0782073780534736,-0.0010154138652087,-0.2703936225211377,-0.0877201842164327,-0.2836672092183048,-0.2643459498845611,-0.3819014469530523,-0.1732443231791609,-0.0330626426149505,-0.0993818757561778,0.118775472719809,0.2399388343710539,-0.1170667074759589,-0.0351658119576612,-0.240953805551479,-0.0928431401592753,0.072021076788234,0.1391168034670072,0.1573607021345248,-0.4223664400689865,-0.112957086332864,0.0412226044980492,0.0586210629775245,-0.0779135705531323,-0.0122033210624646,-0.1075346501344605,0.1936160394985471,0.2981941696620084,0.2518722174904617,0.0145160398327522,-0.0756999261588941,0.1550089954547794,-0.0819746529340623,-0.092173230790401,0.0831694840656102,0.0166830337227179,-0.0590394704357817,-0.4418138387318946,-0.0935647260345503,-0.4003687228289655,-0.0772961612570277,-0.0522695120941362,0.3486833471027707,-0.0798357219657168,-0.2465033587202668,0.1572172816132933,-0.3082939721940573,0.0611445833201521,-0.3544410572389913,0.2819679062477706,0.0426014674285034,-0.0403149441252776,-0.2820133198391737,-0.3430997295617127,-0.0228295401144734,-0.3322543096805168,-0.0582593898680739,-0.1077359228194486,-0.1463439553294791,-0.1963734738483485,0.031043468043132,-0.0866828256458407,-0.1136142095964142,0.0642346663691763,0.294689466933107,,-0.1332031498255123,-0.0591170587868994,0.3424418595144453,-0.2551733185850771,0.0368500500938962,0.162689358201881,-0.351493424642502,0.2467198064555303,0.3578887839967647,0.3178096824323644,-0.2081984717617962,-0.264355998037565,0.5584148904658661,0.0184143523954174,-0.2702291378313395,-0.3232322849856862,0.0728736774837053,0.4051151544672854,0.0427044084681309,0.0831484398640007,-0.2175819035165133,-0.2064312053445112,0.282486739906123,0.4198799087056492,-0.3416509552858138,-0.3005589396164129
IRI_Q5,0.2574063591238653,0.3126269023546147,-0.1069208249372183,-0.1992286547796675,1.0,0.2851662937041197,-0.4826296819158512,-0.0155427229476934,0.163747171405758,0.1902385121016869,0.1308622489953813,-0.4444076308591782,-0.2083347080126207,-0.1175601331306839,-0.0676027986742103,0.394392669369568,0.1798070758649685,-0.1771594816766668,-0.0791800914490894,0.3460031727322198,0.064878854698566,0.2790152548241578,0.4110853675010374,0.0860259739104264,0.2277306531449275,0.4189070389956434,0.1973308243937338,0.156364087514855,0.427899600485826,0.2957884013705414,-0.0203267491331405,0.2482573040884738,-0.0546840751637633,0.0093614151546894,0.2083642560160133,-0.1347077805051916,0.2041835415338267,-0.018497122187262,-0.0766163188046717,-0.3259225728636522,-0.0865393366817873,0.3616709674571035,0.1816150445658071,-0.0641502260082609,-0.4760262369374157,0.2851662937041197,0.0563214326550398,0.2230572245559414,0.019595660888667,0.019469219064228,-0.0949488066493571,-0.05906730644777,0.1836279681934975,-0.1002699452375954,0.1560839780173254,-0.0821110266839822,-0.0928234069734722,0.0593227661708823,0.1524243439747951,0.4984704851144662,-0.0995251366412793,0.4236811514434137,0.0495506075402518,0.0095285351110371,-0.394008169799009,0.2684507539338958,0.1437711849978915,-0.1134927463657647,0.3477468956358778,0.2011140576770279,0.1007631497635928,-0.4444874639751144,-0.0128649510456541,0.017425175838082,0.1991102743315138,0.1571612775050658,0.0196776914017844,0.2805188878775656,-0.0829100608024959,0.3470762337095938,0.1304562551182967,0.030486702952199,0.2953305238970135,0.0124824362377829,0.2252777064682999,-0.0985911751620782,-0.1203762402819783,,-0.0774667991508909,0.1042025746466672,0.0349704437899674,0.2548427450355445,0.1416949116254392,-0.0015254247695734,0.3508390708154481,-0.1847768520823809,-0.0486605982602789,-0.1334730199457395,0.3594277817222544,0.3903149738080599,-0.2910559709199541,0.0868160151818231,0.3729848633839763,0.3510742774029088,0.0159835505146411,-0.1818891230382107,0.2343527372699841,-0.1551712193576289,0.2621771308261242,0.2849707870806435,-0.0057371732008922,-0.0379140841755293,0.317088557597374,0.3258404033654591
IRI_Q6,0.22360354840983,0.19402856302205,-0.0620824981136425,-0.0779135705531323,0.2851662937041197,0.9999999999999996,-0.2544133877131385,-0.1187835798964962,0.059775654477179,0.450716133365998,0.0113468357487497,-0.1303531729300953,-0.109047119005336,-0.0161401889895844,-0.0588124823736039,0.1944774300185753,0.4586603399323843,-0.1416535622716827,-0.2904878123626755,0.1536738340091101,0.007832636620925,0.193044007566154,0.1643113994288264,0.3436835924069406,0.091670085538394,0.1344247383708329,0.2664129609123344,0.0049489936408231,0.2071386428777512,0.4493820568362592,-0.1282277023198914,0.4758059927801079,-0.0966578602773375,0.2900786596744131,0.5612027447255779,-0.1801740689402758,0.0690138876196328,-0.1284034859228231,0.0562561698444789,-0.174706227306095,-0.0040637936388307,0.2656206248371787,0.4587882664690447,-0.2024062403713677,-0.337606587980814,0.9999999999999996,-0.0268789839331252,0.5212567807665558,0.0675621467327149,0.0760181242274263,-0.0325489611524685,0.1314557675131312,0.6380688023718635,-0.0680621256305158,0.6038706071353347,-0.1554034674726928,-0.1194634044282129,-0.056698106709456,0.6369532960834561,0.1638874657947855,-0.1039889524470209,0.1406730175559749,-0.0659893313402171,-0.131729390565336,-0.1068544562344827,0.167737421845688,0.1310002748372793,0.0114180427187972,0.1629740206785706,0.0337203135242527,0.0540704932537133,-0.1036300593351168,-0.0049202791514694,0.0503440584419693,0.1189569262640666,0.1468179541915178,-0.1320094849109575,0.2145880824673075,-0.0136689926202739,0.2483595678969193,0.190728175213706,-0.1670352997801881,0.1734646681521938,0.0246620113727231,0.0311329457383315,0.1054846639143165,-0.0008190718931013,,-0.0291058891943099,-0.1023971454704175,-0.0567586924172151,0.1316100905275606,-0.0041824980848611,0.1175555456858068,0.1278195980081487,-0.0373712348663977,0.0021668803501084,0.0019869855622469,0.1013747343657202,0.1955913847006093,-0.107638232642539,0.1299686108511553,0.1941638783702566,0.158856007714842,-0.0352531820478491,-0.1803974089211521,0.231687460090728,-0.1131935069698707,0.1760337143802052,0.0980185606316794,0.0275163938510147,0.0711730313246844,0.1434997568634108,0.1885838000468121
IRI_Q7,-0.1945684012318745,-0.2038623544177101,0.1465110599137689,0.1442313037240863,-0.4826296819158512,-0.2544133877131385,0.9999999999999996,0.0713643309610673,-0.1057966429204328,-0.1867922909911915,-0.0864423561078434,0.4448128083037581,0.2019491985963793,0.111806779950476,0.0973931407321855,-0.3599722281248894,-0.1384863913491485,0.1797160748952083,0.0953366085928164,-0.3390732077290157,-0.0320830726468089,-0.1480468733561398,-0.3536477458152105,-0.1372908937319799,-0.2370985917079724,-0.3864543756370851,-0.180016853494509,-0.0571517142890144,-0.2322829848515679,-0.2729733166859679,-0.0364049438462421,-0.2501714878024353,-0.0249774286014958,-0.0310975132818471,-0.1952844959224854,0.0611680808121864,-0.0996439440714013,-0.090247712249236,-0.0314487166906825,0.4306583726925435,0.0119695887490718,-0.3148601916525038,-0.1428103298611596,0.0992771971256397,0.627387483273098,-0.2544133877131385,-0.068429144906882,-0.1565994494330507,0.0666436452600611,-0.027988069301717,0.1866654878286626,0.1243345625792091,-0.2415667381838129,0.2300924115319543,-0.2097081113797832,0.0165349819648833,0.1850817474278549,-0.0671246554837779,-0.1496210091954646,-0.3421559039087128,0.0572437368340738,-0.2995635986446812,-0.0775371180692648,0.0096019520333195,0.4088395227218841,-0.1805358336139974,0.1190835110321599,0.0987707387682222,-0.254238492991186,-0.0669300276186711,-0.0419943352772097,0.5121543116448514,0.1083688051510034,0.1480525372991732,-0.0943542490969036,-0.0563506199292658,-0.0500465803663287,-0.229465568060098,0.1682537470652796,-0.254001077719189,-0.1313887290146945,-0.0263687451331414,-0.1640808720810447,0.1133885127875833,-0.1606733294699496,0.1722271114211824,0.1572913881177889,,0.1823294444618712,0.0670680414829396,0.0184585651824682,-0.10916356660709,-0.017694171306271,0.0240695826624459,-0.226241220442727,0.0648228501729271,0.0934922752807831,0.1081337824802442,-0.1986886201629999,-0.263894508793979,0.2733065538185634,0.0135262093550961,-0.1960898169066398,-0.2391713285271452,0.0146778323919618,0.136202766413694,-0.2314399491376537,0.0490065186293696,-0.1920306449074922,-0.2338773508409654,0.0165243347134639,0.1310709269397195,-0.2120204148788241,-0.2155276493913051
IRI_Q8,-0.1340795177315799,0.04364206885488,-0.3158662889508513,-0.175986794585353,-0.0155427229476934,-0.1187835798964962,0.0713643309610673,1.0,0.0952890221363239,-0.0656487802555534,0.326909198212449,-0.081941987916576,0.144515418957388,-0.0318797241279239,-0.2145589430124356,0.0699825805286693,-0.090136588743195,-0.1242295198399592,0.1463661601620996,0.0708590285722154,0.4273967399168034,-0.0406819493042423,0.0406154916101168,-0.1893929871301887,0.1424137125076112,0.0373454704160014,-0.0105324583052603,0.2945340792829959,0.0904364302491005,-0.0524792721758851,-0.0110696495188146,-0.0534856926535165,-0.0447805150553316,-0.0412378788894178,-0.1298479522149821,-0.1577791581635907,0.0187669125035704,-0.1391975507541096,-0.1580848600368207,0.0541602482281946,-0.1674661778146306,0.0618906764119931,-0.1030647473804634,0.048358573862885,0.0956054138014834,-0.1187835798964962,-0.0671007204904649,-0.0906822886711676,-0.0877286137718611,-0.1875401719305008,-0.1514679412747553,-0.0040021089912419,-0.0470716207301191,0.0225314238805782,-0.0616497966192514,-0.0390262260552415,0.0468472503158944,-0.1825625509630503,-0.1603239177057916,0.0217396670622389,-0.0049305092980501,-0.0090168516966903,-0.0208790841020101,-0.0394999767662531,-0.1204142090279293,0.1222946729311294,0.283662956309424,0.2709532982761084,0.0704245255830572,-0.1907315591342883,0.3458183819618051,-0.0113622562044825,-0.1157579201543673,0.0206547436035462,0.0882769832780548,0.4195526998182317,-0.1695880934247395,0.3201783986168203,0.3073346087933499,-0.0480790012594894,0.0887752872025802,-0.0368125293288129,-0.1927073927331382,0.4013219083631572,0.2732426356587115,0.2645869338194866,0.0930507323040465,,0.7088076840376083,-0.0160849025421439,-0.1264051068554472,0.0662522267567958,-0.00686749376433,0.0683162771983178,0.0827486551319611,-0.1227381386710324,-0.1928310453664996,-0.3062587669185064,0.2058240137733233,0.1076884208690661,-0.1812554936682535,-0.2064052311969473,-0.0238051853446518,0.0032270534833526,-0.0981663705084713,-0.2352814287750298,-0.1250918770529726,-0.2656615625755413,0.039203881792055,0.2618877286011123,-0.2592756028142787,-0.1646540897339118,0.0827439919391066,-0.0022352219826328
IRI_Q9,0.0954020655612338,0.4313571299765021,-0.1184955030607518,-0.369768641352265,0.163747171405758,0.059775654477179,-0.1057966429204328,0.0952890221363239,1.0,0.1378062781287998,0.2821814342128279,-0.0424331098289656,-0.255485964344383,-0.2723340062307529,-0.020126815755172,0.1511096932240804,0.1328978509266155,-0.3579126713574131,-0.0513156283354671,0.2548796037618765,0.1487602205582273,0.285036408509602,0.02744303808117,0.0552602633964573,0.2351697890878616,0.0105533092788084,0.3436892113041635,0.274833964252224,0.311126523838757,0.2021808896687143,-0.009309099397118,0.0861953558302117,-0.1385758161582443,0.0371563751397876,0.1229397124998169,-0.0849302193339804,0.2242111118593146,0.0150170916681939,0.023702397856411,-0.3308243319082515,-0.133890840887851,0.3424363787094775,0.1358853986258192,-0.0805193340270763,-0.1182009778352543,0.059775654477179,0.059756363627554,0.0907977285196028,-0.1935872282492099,-0.2415629352588695,-0.2226906668021154,-0.2004193260157843,0.0676474627575823,-0.2135723944017528,0.0298623419938988,0.0588770650578059,-0.0415189300269894,0.0208701301596019,0.0216527268456559,0.2724760030658192,-0.1157261092868286,0.3040536443368396,0.0712733170788808,0.0793710359031365,-0.2858257303383974,0.0911896951306285,0.2629321464428322,-0.0696831900062459,0.3695532982460336,0.0925596732829905,0.3202550586152086,-0.3393369229088844,0.007175646212545,7.199399622982022e-05,0.3863219199824896,0.4353491572320341,0.0941589219682173,0.3891326570493622,-0.0299728256495628,0.0963946787622444,0.1828143406240786,0.0826436456946874,0.1256880412418724,0.1146027334974853,0.0159218222181076,-0.022536406839366,-0.155100054880124,,0.0483545561362833,0.0060540944433528,-0.3401306049963426,0.2284906673853875,-0.0618778611920987,-0.1205407966130472,0.3777641673566832,-0.3479395577051208,-0.2303416323421125,-0.2622400900270364,0.2693218264071606,0.2473786987784845,-0.442921321939497,0.0033388606895159,0.2746817920946911,0.3426761022435207,-0.1340896828126213,-0.3494527643428039,-0.0439170703301506,-0.265961529297418,0.2508857317503204,0.2758061547038856,-0.1567839344364864,-0.1978800025009978,0.3157830396256235,0.2652553845931501
IRI_Q10,0.2180160518657795,0.1588517548246531,-0.0060821913780938,-0.0697552910174694,0.1902385121016869,0.450716133365998,-0.1867922909911915,-0.0656487802555534,0.1378062781287998,1.0,0.1419409889828869,-0.024403994687874,-0.0967467811717677,-0.1278174936058841,-0.0294664489958721,0.109221296165975,0.4457570431058012,-0.1215114365577587,-0.280639759378776,0.2013937291094154,0.0267738706738576,0.1389261874237494,0.103375685433004,0.3496725989103386,0.1225502037473809,0.1313367757635398,0.3074496698810703,0.0663876754353464,0.1771018367792242,0.8738590362814953,0.0378372740830003,0.6904150246582141,-0.088908698711291,0.5338021809934512,0.484334621394391,-0.1540908983953125,0.0874243246573293,-0.0375638555572415,0.0852430131109818,-0.1386647889079795,0.0130137131582781,0.2397526817735876,0.4485911942141757,-0.1049230767428152,-0.2131949502266943,0.450716133365998,0.0019917042583683,0.4669425052447643,0.0934514632912745,0.1478479216770941,0.0453697699528385,0.2029225830911295,0.665760898688442,-0.0167674249408951,0.6252188258590632,-0.1107147470885102,-0.1173572593312187,-0.0644881414969062,0.5384848610582069,0.1269024599693652,-0.1147454937541534,0.1792379657279982,-0.0432542238475771,-0.1338710171157778,-0.1596206477427476,0.2378114949031173,0.0825108303917694,-0.0672052432572416,0.2277108242090188,0.0650940503476837,-0.0385667578075093,-0.0975107921802954,0.0998820766629018,0.022468410930328,0.1270639936599722,0.120267469424932,-0.0838760937498145,0.2738621501537375,-0.0009963234261142,0.2782298418434008,0.2055452842498709,-0.0625166309932255,0.2639458105372432,-0.0162539017973215,0.2083841198847917,0.0124796588027698,-0.0891820309358535,,-0.0400260063047177,-0.0193901660145207,-0.0456372215894146,0.2038117751635783,0.0223481604944691,0.0792071169778401,0.2033948048216582,-0.0353033917443565,0.008671736572276,-0.0461971544603775,0.1891550286565488,0.237522805531737,-0.1232745930351785,0.13268295978532,0.1998908429559842,0.2006895983830012,0.0647717409400297,-0.1806239011219731,0.296536514158127,-0.1003508122312546,0.291005566548184,0.2507679086647182,0.081968354326278,0.0526962988118601,0.1664075289067443,0.19117162252565
IRI_Q11,0.0241463462823097,0.1742516782971677,-0.3060922479831222,-0.1839944554456734,0.1308622489953813,0.0113468357487497,-0.0864423561078434,0.326909198212449,0.2821814342128279,0.1419409889828869,0.9999999999999998,-0.187950740663333,-0.0267340375904999,-0.0984272206779777,-0.2412069617401461,0.2507625331019914,0.0971329813684591,-0.0990335506495759,-0.0017260708553822,0.1279786440625873,0.1671943978834852,0.2037207484595476,0.1776661993215479,0.0538169734111684,0.2432138178871502,0.1770603338890408,0.2334075519778115,0.4346725846193201,0.1238460701937939,0.1739816086941152,-0.0339167053365117,0.1204740511631345,0.0578500125600616,0.1226134591249831,0.0641733544638808,-0.0485946681652474,0.1317461124166059,0.0129787848259564,-0.0909261443309974,-0.1602983674676255,-0.089768385884703,0.1579975092249293,0.0905976041842042,-0.0935709297603113,-0.1017376232144836,0.0113468357487497,-0.021970731273123,0.0672419634276558,-0.0654695831405392,-0.0868070553769872,-0.1460754793930865,-0.0857833625501111,0.0467597636160757,-0.0307926467495212,0.0248581929196625,0.009460897611127,-0.1510382490787983,-0.0696520211140724,-0.0392776873052375,0.1164533017485668,0.0491935596787579,0.2358708025227298,0.0477822308616878,-0.055117416029241,-0.1833581163393854,0.1098809888005535,0.1422927957284775,-0.0461819520921791,0.2492608635793994,0.0470357321440786,0.3532734591194525,-0.1462685578631878,0.0531139273532935,0.0372212445387029,0.3072606568256553,0.4337061973258956,-0.0134305904153412,0.2799877829530348,0.0870518402571051,0.0664556352867499,0.1758828587498249,0.0888792200115101,0.0393025418131246,0.2049421949945293,0.2232809890753833,0.0128481699119653,-0.1639223474071278,,0.2219340121898096,0.1075662504366588,-0.0791714659314821,0.1414240598951047,0.0834272816128321,-0.0810602116542663,0.3777685771732436,-0.1249526878101604,-0.0692943971318955,-0.2039363337183765,0.5653722587194858,0.4105366186388476,-0.2842858600567242,-0.1460711522691815,0.2642604864606055,0.2929790853284277,-0.0609066164303928,-0.1736232834585063,-0.0533271392069163,-0.1578911616718639,0.1288280025079386,0.6760385986154984,-0.1049576963049259,-0.206996182262638,0.2797016765237797,0.191537207076396
IRI_Q12,-0.1181319828435795,-0.1780248457786501,0.1345467306207535,0.181730765747708,-0.4444076308591782,-0.1303531729300953,0.4448128083037581,-0.081941987916576,-0.0424331098289656,-0.024403994687874,-0.187950740663333,1.0,0.188536993480809,0.1264619456817505,0.151685187317569,-0.2355180716409386,0.0088645644139019,0.1856697551090307,-0.0307603230759849,-0.337767455312402,-0.1352116349609066,-0.1064546707398165,-0.2119481568873979,-0.0082093002354768,-0.207797164342752,-0.3364646827148937,-0.1230434131506006,-0.1273251168174214,-0.1034160906998876,-0.1004513431513948,-0.0425484378962899,-0.1205000795310975,-0.0440664936855093,0.0546273868825826,-0.0466925127809399,0.1569323916300447,-0.1044779697235187,0.0501139236816189,-0.0332608982227627,0.2650548570754515,0.0126017827048319,-0.1772822631340985,0.0071414572629489,-0.0352125365839639,0.3780144264972159,-0.1303531729300953,-0.0587310877247211,-0.0709190867429659,0.0186898344029985,0.0263994846505095,0.1585477481781358,-0.0079353719645614,-0.0657250784854517,0.1073029477783531,-0.0439770390271179,0.0294900388228023,0.0046233297152433,-0.0012363239520234,0.0028315857293155,-0.2674702800810139,0.0425960484905808,-0.2464800704143322,-0.0405833715132242,-0.0748794526271601,0.3304826754098821,-0.1328970215144599,-0.0013877518439439,0.0431511698418139,-0.2196132893144937,-0.0813265863844566,-0.1579119558205307,0.3414331637334318,0.0440033956888751,-0.0407506084792219,-0.1274809678541747,-0.1170463888481465,-0.0333668635315149,-0.2250321635904378,-0.0280911933045093,-0.1887667508245632,-0.1189754985992691,-0.0036229161681562,-0.0823583864111227,-0.0902913048653529,-0.1149182936936239,0.0230830549133845,0.0771602154229218,,-0.0289093434278091,0.0749121998603945,-0.0574039083389946,-0.0914910448299615,-0.0205050190104581,-0.0286117349413691,-0.2058839589354618,0.0423456141875902,0.0058187077242099,0.137423403061657,-0.1999989712013539,-0.2587409934679921,0.1915096456937455,-0.0092189668820888,-0.1205740677609127,-0.1795434479824169,-0.0530409312715823,0.0928504698118231,-0.1254100364152598,0.087935882693513,-0.1332587006702978,-0.2010546413165398,0.0564787801244042,0.1438615471323364,-0.1715899050816421,-0.1411506631454074
IRI_Q13,-0.0716599580322676,-0.2254421377888885,-0.0539982970504138,0.1744838447858174,-0.2083347080126207,-0.109047119005336,0.2019491985963793,0.144515418957388,-0.255485964344383,-0.0967467811717677,-0.0267340375904999,0.188536993480809,1.0,0.1967824947402464,0.0084324228334678,-0.0899989228802662,-0.0813131395485412,0.2267304494738864,0.2516175152015556,-0.2882058424262188,-0.0323549556035286,-0.297638841385871,-0.121546737312498,-0.1455058300425805,-0.1342604513229749,-0.1309812540568022,-0.2597141469540126,-0.0173644977802965,-0.1904043678673706,-0.1740436898075532,0.0151125351148426,-0.1953774995618067,0.0717899018967694,-0.0342358066621007,-0.1481786989148453,-0.0104178847487836,-0.1288919465951403,-0.0676461719242454,0.0427182501651609,0.2460486216409207,0.0848286239575037,-0.2735241508495749,-0.0843810890780256,0.0949472026528917,0.0779194460220122,-0.109047119005336,-0.0925768363546535,-0.1230343796574745,0.1587566809311315,0.1660611329721443,0.1460225980245664,0.1897331954624967,-0.0565801270649455,0.2172977474572844,-0.1163759992287912,-0.0611868635780565,0.0576452071416615,-0.0465539397916701,-0.187068861782606,-0.1974403864937915,-0.0218141070613363,-0.2601041888421758,-0.096247081976154,-0.0917920558990887,0.1893015335631037,-0.0319524069058777,-0.0091321124553654,0.1922797344115763,-0.2197022828193437,0.0200768425035643,-0.0282231242903723,0.2469575592359047,0.0468690783625385,0.0316197396621767,-0.1453304811445509,-0.1033297226893197,-0.0318929828923277,-0.0891575593568653,0.118316609931965,-0.1000048672127741,-0.113625454466149,-0.0984463814583698,-0.0252638879199347,0.0838035102437666,0.0454081761366502,0.1351720202201226,0.307901209782787,,0.14059355573522,-0.0416759490239193,0.0613116203263314,-0.1428782337623402,0.0104525909435184,0.1317958304415515,-0.2442261415405079,0.0873906024283073,0.1064828173173854,0.0510649630095475,-0.1214544348765401,-0.1570913183344944,0.2191314587979332,-0.0863898553669228,-0.1362160226269428,-0.2134166957796028,0.023606318840875,0.1052115743924919,-0.1057167119016476,0.0146028945241983,-0.1464105219211321,-0.1168311668004598,0.0619908650225048,0.0641761421898449,-0.1941552782884485,-0.2032691837627566
IRI_Q14,-0.1005448593053449,-0.3509848458366795,0.0241315006455984,0.3459425679945995,-0.1166462260892572,-0.0179533427122177,0.1082800089123015,-0.0329975993898684,-0.2701882104201707,-0.1270340314250123,-0.0967884345871028,0.1248441287921885,0.1942901056457017,0.993549545231488,0.1731203009305604,-0.1530785210249988,-0.0991332694829169,0.2762303363139031,-0.0313562774243318,-0.2772031071883954,-0.1306237799611276,-0.2302423857462095,-0.1517652025082949,-0.0822284709579913,-0.2319821291001106,-0.0161835718978027,-0.2686884456771619,-0.1854471963468739,-0.2137145873845028,-0.1771246750973314,-0.0595752430121313,-0.0992974967578882,0.0803519728136408,0.1452087025075908,-0.1629281722773204,-0.0871668072409532,-0.322137495747549,-0.1633829243209499,0.0353930372710078,0.1725485358256306,0.0812728380397214,-0.3607763603233963,-0.100301520240968,0.141990796952929,-0.0626915778832664,-0.0179533427122177,-0.1695210104392014,-0.1238041141069355,0.1262277716220917,0.21587753860584,0.2184435582760479,0.0090443818692215,-0.0922778096319862,0.1782965267462017,-0.1564006336052909,-0.2183944699041727,0.1419195092491197,-0.122264585131642,-0.1261688245446195,-0.3561684903622407,-0.0303736991085426,-0.2911256898026367,-0.1504467981166639,-0.1521068226003681,0.3542057046061348,-0.135628884508435,-0.2466143876982776,0.2051558752501018,-0.2718587529298851,-0.0759005633167593,-0.1852515211419053,0.2673489356162027,-0.0415947960046513,-0.1112448840213518,-0.2633146323594412,-0.1466745788162619,-0.1331521412656194,-0.17423521476813,0.1747155227250029,-0.1086580516476614,-0.0959014537350915,-0.1954730403029641,-0.104841324823598,0.0751577913573941,-0.1070523711305623,0.0889908736305267,0.227484478182793,,0.0817924392268898,-0.1068637855113902,0.234361147223735,-0.2881728870265594,-0.0400050096288609,0.2245649865254401,-0.2529262751065515,0.0944942871644466,0.1644667800234376,0.1860719976416554,-0.1941108067264173,-0.230743989546303,0.3463028694789484,-0.0630791036960552,-0.2257939207632543,-0.24572016651937,-0.0580086372934843,0.2565176861345052,0.0595309277660324,0.0294876457390495,-0.2192445811810472,-0.1884091970075233,0.1406337227828574,0.2886401699875746,-0.2604457064393339,-0.2561026079631927
IRI_Q15,0.1181887052559012,-0.112207590431801,0.2181371029708643,0.1736703125142834,-0.0645744827510085,-0.0445303249019993,0.1007631280884473,-0.1979642691796495,-0.0167009512429305,-0.0313929332924791,-0.2512678738769199,0.1426689779557998,0.0113967955337724,0.183190701498897,0.988026394485878,0.0164311612536944,0.0877612791757799,0.1139770330351017,0.017141193792427,-0.0807337023231566,-0.1305748527486964,-0.0567130903656474,-0.0585246160410268,0.0218140161839715,-0.1496088917187807,-0.077746640335181,-0.0159459947280934,-0.19591682596648,-0.0129048600958468,-0.0577605143473683,-0.0699074313049106,-0.0401156159433831,0.1145639250811581,0.1167944936076545,0.0180213457654301,-0.0252998898421444,-0.094007943595938,-0.0662858665980847,0.1020891616559735,0.2347809543721818,0.0587781238547692,-0.0793865807483884,0.0884148514337171,0.4652441834384582,0.0406320609766773,-0.0445303249019993,-0.1355263186807002,0.0488667902316303,-0.0036097008458573,0.0629985758900658,-0.0490081213186094,-0.0597373188432916,-0.009791856127775,-0.0511728389539803,0.0217761607228817,-0.079745273267419,0.4874998573841439,-0.0244082192833603,-0.0149474858951906,-0.1229112341702579,-0.1559228224960533,-0.1180457517427682,-0.0947338709977603,-0.083468591124151,0.1416421881297476,0.0184461261170006,-0.0506176288098543,0.088274378400032,-0.0471291796001443,0.0611199424671607,-0.1198542736706634,0.2271412908222823,0.0355838142264777,0.0994662455006967,-0.0934898115782285,-0.084388852409787,-0.0633936460231886,-0.0981308311955621,0.1422993471140033,0.1210936474373471,0.0821850943837427,-0.1862698577744381,0.0936422279765423,-0.0083264558172572,-0.0597323962083973,0.1486541668681796,0.3179438101985977,,-0.0702236471993668,0.0003348739824191,0.0338390753232423,-0.0120930966039857,0.0110355808601108,0.1854553117127109,-0.0610642321642734,0.0198272603797091,0.048279799809153,0.0910705945330171,-0.0990661787894014,-0.0856526458490334,0.1536448085766402,0.037982850696045,-0.0098071613498646,-0.0874333459514424,0.0014686740587178,0.1163036496814703,0.019322049828578,0.0591690220724436,-0.0183081350875822,-0.1812680117320413,0.1830012381294951,0.1812061771615892,-0.0499255525168718,-0.009324982132038
IRI_Q16,0.1847491139096554,0.1844001093818385,-0.0076760656866445,-0.1516279042367101,0.394392669369568,0.1944774300185753,-0.3599722281248894,0.0699825805286693,0.1511096932240804,0.109221296165975,0.2507625331019914,-0.2355180716409386,-0.0899989228802662,-0.157877644919518,0.0068209790762111,1.0,0.1441242325325297,-0.0713168038750845,-0.0500076690631596,0.3117896318998339,0.1649985499791186,0.1668100669340519,0.5907119944825371,0.168945596559928,0.1862177586383519,0.4088561617397235,0.18071808259321,0.1031033810830361,0.3578473144274614,0.1716823103965722,0.0368566562697563,0.1414858390336363,-0.0354671571110724,2.7755575615628914e-17,0.1218261462955429,-0.1969430274939412,0.1326109508688282,-0.0619708321583939,-0.0170423559697562,-0.1476870696419727,-0.0860160074520535,0.2828660159857646,0.1433143511993527,-0.0330207078047723,-0.2975041241001596,0.1944774300185753,0.0410425313171863,0.0857140012583925,-0.0445657587031595,-0.0751356409199631,-0.1595442028535731,-0.1430589782795788,0.1284512707151954,-0.0909541931639078,0.174917224462526,-0.0869759145745159,-0.0333478566712154,-0.0968900491552428,0.0958026821831301,0.3195315941868275,-0.0685463789358108,0.2066544645824006,0.0589429538442453,0.0219960094015011,-0.1486200846216095,0.1899936394674667,0.1799947187803436,0.0078363695690928,0.2951137547850312,-0.034676491683656,0.1350909985605727,-0.154191832066307,0.0533832131270152,0.0754254158970326,0.2298629162969303,0.2289875727578244,-0.0168561021292269,0.3285131469511515,-0.0408998178159702,0.2796437459730895,0.2223380797189432,0.0190153278176723,0.0917181825407861,0.0437873939203351,0.1545546015363958,-0.0391739983623457,-0.1594891806994074,,0.0352921397236245,-0.0257112492798493,-0.0913563487711174,0.1422226807691533,0.0258252256308913,0.0166095290163254,0.3154023810945315,-0.1966313352230243,-0.0608012030607327,-0.1160624922606258,0.3375153890086019,0.3091647672553903,-0.191504294348943,0.1087571959633808,0.2821070963840986,0.3000037529080565,0.0010298004490917,-0.137071533296243,0.1731312247752758,-0.1154042545882712,0.2252841284727298,0.349716168619808,-0.0652648049888892,-0.0982430576055658,0.2677098025836699,0.2446692802459971
IRI_Q17,0.1990156799342056,0.1346549750157294,0.0600246943029394,-0.1077809805335068,0.1798070758649685,0.4586603399323843,-0.1384863913491485,-0.090136588743195,0.1328978509266155,0.4457570431058012,0.0971329813684591,0.0088645644139019,-0.0813131395485412,-0.1015622953376206,0.0776227434851035,0.1441242325325297,1.0,-0.0782580081482242,-0.2818802259368173,0.192666085988546,-0.0308459259052099,0.2462519392125729,0.1525673812860654,0.3803689870585978,0.0726638541538741,0.0829914801219901,0.345139927452998,0.0555509557879798,0.2260435526483712,0.4660388927263814,-0.0286107796037593,0.4660065509257576,0.0401452435243271,0.2793681773727703,0.7718713186042255,-0.0502020901545307,0.0536929652888902,-0.0614852216510266,0.1104059481414614,-0.0464794161203107,0.0212117363196163,0.2366475698716833,0.9931497592903952,-0.0196647824737606,-0.1626440443452109,0.4586603399323843,-0.0811940172456371,0.8336556466450813,0.0982538184447073,0.1169812413220731,-0.0220799830718394,0.1246445695181462,0.5955654202407369,0.0054264580721829,0.6782593446695965,-0.0325613285942412,0.0167146856188665,-0.0968428877385282,0.6972540186028797,0.1210631280328208,0.0358279063277283,0.1850698167924526,0.0334116506643548,-0.1698510561595085,-0.0621457186798964,0.1990185926631502,0.1482333197379669,0.0168570209765369,0.1495961824920955,0.0213876265489033,0.0218365102163015,-0.010846928720036,0.0081392382832786,0.0771704147490426,0.1582444289544775,0.1686292118752391,-0.0977178048578282,0.1917956137457176,0.0435827137019412,0.2158767557672514,0.2149286699916943,-0.0185716475660246,0.2022878908280147,-0.0329691618289244,0.1333703893081135,-0.0018711205650985,-0.1183010036447505,,-0.0381842363582259,-0.0044356719442353,-0.0440146043632621,0.1934673832021417,0.0261026849861074,-0.0076622050598369,0.179457116340966,-0.1487793045617813,-0.0751297351139868,-0.1208062468393472,0.1874586061574049,0.2157625674134113,-0.0884386265413367,0.0782217199723677,0.2394327895923013,0.1817936393286372,-0.0509503099918122,-0.1693805907106795,0.1980004319106353,-0.1104396523531816,0.1646854973110528,0.1729900178731614,0.0275079072615517,0.0272280267209356,0.202049822245639,0.2199775332608237
IRI_Q18,-0.0358606844136391,-0.4339872419792718,0.1297059475448143,0.4657896632145917,-0.1771594816766668,-0.1416535622716827,0.1797160748952083,-0.1242295198399592,-0.3579126713574131,-0.1215114365577587,-0.0990335506495759,0.1856697551090307,0.2267304494738864,0.2794002051179806,0.1097873653671235,-0.0713168038750845,-0.0782580081482242,1.0,0.0886014857303217,-0.3548447947829382,-0.1065538814878045,-0.2299288791286263,-0.0671872101917672,-0.023658864405375,-0.204929787071363,-0.0638173546066164,-0.2724495014484014,-0.1278021616220268,-0.3399811386197193,-0.1952044352710203,-0.0617567637550826,-0.1232245529302581,0.1135733706781683,-0.011417523842744,-0.1006880300319991,0.0272720085474591,-0.2100833863247599,0.0274947145881287,0.017597354888572,0.2263015923008942,0.0720780577411258,-0.3985001838322605,-0.0820715379393707,-0.0009738110489842,0.1130257012815538,-0.1416535622716827,-0.0578888563294307,-0.1285439023834088,0.1345148946909781,0.2020422955543019,0.1522595427812907,0.0334527578838833,-0.183511967366297,0.125922390108734,-0.1395646357586318,-0.026740006584104,0.0709970668956057,0.0314279922397624,-0.0927171596169827,-0.3194229864472548,0.0784662218999407,-0.3997091908241752,0.020766746490085,-0.0438457924962179,0.3810615822327543,-0.1716424274219781,-0.187507628653085,0.0743727883255967,-0.3545485291080606,0.0367071717438156,-0.2880569114069004,0.3275724169883142,0.0178540055196083,-0.0221142379459461,-0.2631098290516233,-0.3020820514661436,-0.0129884367442691,-0.3127545328840234,0.0073932821575353,-0.0956822488586592,-0.0971857026186594,-0.1261146083936259,0.0268905182654997,-0.0546780210740587,-0.0686406929705947,0.0162990062751814,0.1480712272167757,,-0.0235430716420892,-0.0142898493674295,0.2374426699114697,-0.2682383396639834,0.0112499601687243,0.1046510867361564,-0.3082130048681798,0.1881519574259594,0.2200932021640733,0.2160396641716273,-0.2115317390647861,-0.2560171692431479,0.5053582115793596,-0.0148297216251331,-0.2385144645151324,-0.3363215589449989,0.0960179230105984,0.4074271374373061,0.0357775384944866,0.1396045317956083,-0.29583917422961,-0.1958355481295561,0.1660976012625642,0.2444341792243139,-0.336954751962619,-0.2442495486239737
IRI_Q19,-0.0963124239800578,-0.0791459013151322,-0.0162697511301666,-0.0799076150047423,-0.0791800914490894,-0.2904878123626755,0.0953366085928164,0.1463661601620996,-0.0513156283354671,-0.280639759378776,-0.0017260708553822,-0.0307603230759849,0.2516175152015556,-0.0282453091117985,0.0160685699275986,-0.0500076690631596,-0.2818802259368173,0.0886014857303217,1.0,-0.048810614165746,0.0753890697709007,-0.1185444371659428,-0.0862748269125895,-0.3565049957923237,-0.1001579572973773,-0.0300603477520838,-0.2802676381036205,-0.0127223975878074,0.019681026967596,-0.2785165134112817,0.1052825654439612,-0.3506348310573581,0.1825836065189802,-0.2524022343119326,-0.2544858772936547,0.1365430663917834,-0.0727094911636425,0.0554132146720129,0.0086960384661224,0.1830090816493941,0.1515666873586772,-0.0707008193881588,-0.2785404560206546,0.1873785763303966,0.2018442557398769,-0.2904878123626755,0.0812160458228949,-0.2746735468599781,-0.1203331425991119,-0.1725152070745537,0.0213626579117804,0.0288150146541833,-0.2493499378968924,0.1026059760178128,-0.2493826486282122,0.0305787299319999,0.0492029058514112,0.0227083670097896,-0.3467305250954698,0.059596518344601,0.1386224550791251,-0.1757258770343303,-0.0739324350035905,0.1062908023199167,0.078775130144312,-0.0668761389394748,0.0426172361177731,-0.0064993782125223,-0.1051907995114,-0.0449262012794085,0.1616670339234861,0.11141461875989,-0.0541332180617275,0.1184837124205711,-0.063237966110201,-0.035314572910236,0.0080386274061564,-0.1343076715746581,-0.0435235701832898,-0.0838658252002179,-0.077655488788939,0.0481918348853616,-0.1768885069715732,0.033852894292966,0.0188208842530314,0.0046291604514337,0.0580708729715217,,0.0844427954795681,0.0608042078453338,-0.0537003238971731,-0.0334532740044975,0.0688449277428361,0.0291961313920485,-0.0951380763701662,-0.0701105998818518,-0.0075676169232499,-0.0419895596820351,-0.0900631399826191,-0.1841871694455295,0.0393049488105211,-0.1295147483585631,-0.1210859083054975,-0.1367205335188807,0.0036833169003767,0.0728415663402246,-0.1397665430461963,0.0625867511274587,-0.1574240103146644,-0.1054037755720543,-0.0474993907994804,-0.1299129242998188,-0.137513089483566,-0.1082006529207565
IRI_Q20,0.1854978018326149,0.4710198577153128,-0.130715011672433,-0.323050341441789,0.3515875061976718,0.1637642361363218,-0.3385255334990606,0.0738951280021902,0.2612356413169262,0.2017754522938497,0.1258361713138652,-0.3443881450342204,-0.2858953878332017,-0.2805100324099422,-0.0879900179981713,0.321303754360591,0.1999271573917899,-0.3552948703697345,-0.0507108004970418,0.9933004040519596,0.1766606154412273,0.4399436622952677,0.3542778293614302,0.1376322938792175,0.2164187541602668,0.2727376948448352,0.3255050853041722,0.1730920357590048,0.5331249329575216,0.3284296353311439,0.0740729168995607,0.2474431965190638,-0.1904895709814754,0.0556339913432029,0.1866640793450637,-0.1614883804911902,0.209360378842525,1.3877787807814457e-17,-0.0874818122716495,-0.2435669866358743,-0.2068818796476761,0.6641028197695693,0.2028308466713945,-0.0933095841005606,-0.2221697556672807,0.1637642361363218,0.0485756578175302,0.16687161378825,-0.0748462514581908,-0.1348900090300806,-0.1525623324441778,-0.0479646115280529,0.2490920567919656,-0.160363669654605,0.2040702605786373,-0.0611990387601609,-0.0081184842189225,-0.0423059403528637,0.1792546840404612,0.4426355202157825,-0.0696078403749053,0.473440052724751,0.0371244119960255,0.0650521870522667,-0.3318142339111506,0.3002380793463013,0.2323118515968127,-0.0583821050926662,0.5209628642882546,-0.0038195521693284,0.2223065394406003,-0.214799424190999,-0.0658331529126303,0.0528847802968123,0.2890892752878245,0.2746869391018474,-0.0302987724396773,0.3910715596400722,0.0362949450429492,0.2210030589856861,0.3095217145620094,0.0804899780034491,0.1002516478311375,0.0904964676547834,0.2052479278955804,0.0723173210485865,-0.2502117547698666,,0.0245247959575577,0.0296887765723423,-0.1403895470997609,0.3337492013167001,0.0806048967753967,-0.0081589076352818,0.4174783824965368,-0.1700739941509879,-0.1937778298346437,-0.2536780994814522,0.3469422568702299,0.3517597675039486,-0.4042551985717192,0.049358485523933,0.4001265807696768,0.4321750663599956,-0.0449369647156759,-0.320080665846891,0.1078247081878885,-0.1712167961526851,0.3416364005587085,0.3308079642097979,-0.1286948991433441,-0.1378127007080231,0.410912734762247,0.3279047771998413
IRI_Q21,-0.0039680992269869,0.1131132741751063,-0.2007347214658403,-0.1892161559940388,0.064878854698566,0.007832636620925,-0.0320830726468089,0.4273967399168034,0.1487602205582273,0.0267738706738576,0.1671943978834852,-0.1352116349609066,-0.0323549556035286,-0.1310415550711441,-0.1483925994587852,0.1649985499791186,-0.0308459259052099,-0.1065538814878045,0.0753890697709007,0.1758045825801131,0.9999999999999996,0.1112642292678532,0.1779779644137977,0.0052033962154067,0.1353659089770207,0.061328013979475,0.1374427657067994,0.1971208616799665,0.0976472342495666,0.0280126272749401,0.0215633742589597,0.0654207898102316,-0.0502761204738651,-0.0202513258723937,-0.0427338482080688,-0.2303863380841217,0.1666449166611365,-0.152554834248358,-0.0904563252515992,-0.0212685842830575,-0.0827146381127663,0.1318287588346607,-0.0304546478346931,-0.0789336551951397,-0.0038662092007322,0.007832636620925,-0.0065427881046965,-0.0002195216295042,-0.038147971340234,-0.1552075697014437,-0.1023832670600993,-0.025183236956255,0.0341627602093983,0.0069894692524989,-0.0066745309598297,-0.0686809191149531,-0.1111044905788156,-0.1408973185634493,-0.0913740864218936,0.1422395594977807,-0.0540732337460146,0.0376383863391783,-0.0664734186804132,-0.0202986321712248,-0.1623602585782906,0.0982613425891552,0.2073172321867276,0.1355728730731916,0.162293792394655,-0.0750936505673382,0.2742045795276223,-0.0397076963440758,-0.0573338959921091,0.0116179730729078,0.1018306841912618,0.2813688980734958,-0.0842900315972783,0.220647229582163,0.1886089544381808,0.052895197418209,0.2029633525029344,-0.0769313224905035,-0.0158088903182894,0.3478872561048082,0.1879171020885938,0.2157646194514662,0.0234652887229495,,0.3907246600246222,-0.0452338856752885,-0.0835057642272239,0.1375002762391939,-0.0414071353200205,0.0327241568844636,0.1362859262958513,-0.1740922110686375,-0.1191795828696494,-0.1859747895236704,0.0776099866209886,0.0673755606952691,-0.1799688613010557,-0.0089916269055269,0.0391930543114327,0.0988788642552259,-0.0989096910486733,-0.1857280010026636,-0.0771162405957216,-0.2281682314723527,0.1681578803431977,0.0950382655244316,-0.2335259372706936,-0.1348703005646737,0.1166115178863899,0.0380390135681071
IRI_Q22,0.1780871501817695,0.4300544205061042,-0.0828440152465092,-0.2877933448370404,0.2790152548241578,0.193044007566154,-0.1480468733561398,-0.0406819493042423,0.285036408509602,0.1389261874237494,0.2037207484595476,-0.1064546707398165,-0.297638841385871,-0.2329719695174325,-0.0444264786293816,0.1668100669340519,0.2462519392125729,-0.2299288791286263,-0.1185444371659428,0.4347006536049771,0.1112642292678532,0.9999999999999996,0.3154061167691596,0.2167032629518199,0.2629342023165317,0.0518394361806598,0.3300330307404743,0.2294820970800391,0.3583770618987713,0.2424943947060792,-0.0216294792128687,0.2418777250937603,-0.1761246443809476,0.0913664652208094,0.2735422360129899,-0.1372291808239059,0.1389956315159527,0.0444877603487369,-0.0431323515356942,-0.2495392465269054,-0.176713837647211,0.4987238650530272,0.2503062121891637,-0.1712533078412032,-0.1650479522077605,0.193044007566154,0.0321905458286096,0.2526668806133335,-0.0001604297169485,-0.144781048174074,-0.1507711142563245,0.0235837201765438,0.1067910362841991,-0.1324339733898843,0.0940335553799234,-0.006326805132782,-0.0565301201022067,0.0188169864581604,0.1715988611107493,0.2641690174478538,-0.021093914265103,0.5119487298194066,-0.014798594204915,0.0082142425646166,-0.2902908274033181,0.139433555765318,0.1681931614621249,-0.0266710420533633,0.4189972785022777,0.05971448710062,0.1639799716261897,-0.2351484505125446,-0.0431109722897922,-0.0002503726695087,0.2806800356956368,0.3201283229977907,-0.003086554470132,0.345147442365984,-0.0137387266885884,0.1974183897718596,0.3655181313509843,0.0391514151826819,0.1523636317209282,0.069811482960729,0.000772372704991,-0.0711378867679393,-0.2435260045179137,,-0.0651995196826253,0.0686505832625795,-0.0405519420603676,0.3427894043748869,0.1067989460848653,-0.0761414421910681,0.4027728051633549,-0.2076660434900952,-0.1292134040850701,-0.1465907202741171,0.3428688445758275,0.3646739084812239,-0.3098853374957168,0.0868188986324632,0.4519899314555862,0.4202414154268791,-0.0538706815056932,-0.2602990312746761,0.0247397403818766,-0.1346096452624081,0.2662012062370361,0.309988606881729,-0.0882018206254156,-0.0984190777125502,0.4221494710066302,0.3054020562424421
IRI_Q23,0.1211315394988112,0.1380577723787997,-0.0640694188287326,-0.0782073780534736,0.4110853675010374,0.1643113994288264,-0.3536477458152105,0.0406154916101168,0.02744303808117,0.103375685433004,0.1776661993215479,-0.2119481568873979,-0.121546737312498,-0.1569382510795277,-0.0496141801113734,0.5907119944825371,0.1525673812860654,-0.0671872101917672,-0.0862748269125895,0.3483321181223834,0.1779779644137977,0.3154061167691596,1.0,0.2650096300180746,0.2121144178578712,0.2915167901428105,0.1731041807639621,0.1215981561435222,0.2618795416253051,0.1834142505734762,0.0661343709173087,0.1324982775710493,0.0133954933106953,-0.0315186844723374,0.1670652495748948,-0.1194210150159648,0.2085720704175052,0.0875776480855243,-0.063167827679401,-0.1297032802408509,0.0034772387536307,0.2845970914465672,0.1586853418311617,-0.025870864418554,-0.2683587347195383,0.1643113994288264,0.1298551607680436,0.1302019474218503,0.1091041229681567,-0.0063787142356432,-0.0133200190549668,-0.0690185530396367,0.1045489309673704,0.00931218150957,0.1534788204856325,-0.0160833710184144,-0.1011527833424384,0.0260067899901184,0.1406135026411683,0.3229479872267854,-0.0063022174206622,0.2606761769085344,0.0168372263970398,0.0731122364714887,-0.160436890321529,0.1943712773833646,0.1237535419495643,0.0037235719800686,0.2201465757075419,0.0497362467482206,0.09313955373575,-0.2005474455303056,0.0486669745083721,-0.0031069584603952,0.2463276566639963,0.2274404544688178,0.0384903066720598,0.3155610216511965,-0.0340347887417842,0.1858434408211363,0.0752822817603414,0.1182872350748682,0.0587691507422266,0.007298466787348,0.1857346263069553,-0.1183647369443577,-0.2057321409830766,,0.0431755893459347,0.1322539707430866,0.0639728346380769,0.2020141816435194,0.137200963170365,-0.0438692278661056,0.2938060493222211,-0.088143029829502,0.0098199679325994,-0.0920357584438569,0.2877652385438465,0.3201366892717723,-0.2268097173522281,0.0539827509860865,0.2631516779524844,0.3171134745155967,0.0997380521738673,-0.1213083999611607,0.0892816223145604,-0.0609444291968427,0.2751340510455682,0.3215616709134707,0.0149921034294192,-0.0801819689721047,0.2899287107769308,0.1855268913994393
IRI_Q24,0.1071729078051158,0.0971145751545771,0.1590093547863582,-0.0010154138652087,0.0860259739104264,0.3436835924069406,-0.1372908937319799,-0.1893929871301887,0.0552602633964573,0.3496725989103386,0.0538169734111684,-0.0082093002354768,-0.1455058300425805,-0.0926015921358751,0.0348840505389528,0.168945596559928,0.3803689870585978,-0.023658864405375,-0.3565049957923237,0.1269714615087505,0.0052033962154067,0.2167032629518199,0.2650096300180746,1.0,0.0979016775336443,0.0992877589025341,0.3693281011629696,-0.0049434176011198,0.0243424492883501,0.3554345588233084,-0.0553744291364277,0.4359221706819318,0.0432952962922623,0.2973174596804994,0.4679655676566331,-0.0631267001955918,-0.0155806861916463,-0.0081592563274676,0.3098907120081716,-0.0997755820979346,0.0167379495150802,0.1674600378131436,0.3928013206502013,-0.0735607940356463,-0.1169851543036982,0.3436835924069406,0.0730070400144741,0.4402076273425016,0.2366748926452591,0.216114662032078,0.0633413028617795,0.1418797426370867,0.2764372270938017,-0.0840829374517908,0.3390201531883234,-0.0299563528997411,-0.0921912744082835,0.034018186474909,0.4247244301683608,0.0805970404626979,0.0065502632256267,0.1437116112764049,-0.057322110037206,-0.0100464995498349,-0.0376894802825442,0.1340114057551353,-0.0526042552060518,-0.0434235854258788,0.1255429594371658,0.0159235096402235,-0.1633411499013201,-0.0025401476039865,0.1118509022646367,-0.0477613605773785,0.11269425887558,0.0865066699572925,-0.0276182347124473,0.110052779499986,-0.0246453378663047,0.1186205955300343,0.0854366240893063,0.0490994125838186,0.056473854525089,-0.1337316967681991,0.0717906108096374,-0.0888777941155014,-0.121019212157747,,-0.1253162078249719,0.0048227739580358,0.1176878729908777,0.1239837486009553,-0.0333145423629609,-0.0744653156246822,0.1515223067126025,0.0566381963519425,0.0911368019187287,0.0439346791457856,0.112491944749244,0.1935563359260578,-0.005146663596344,0.1634024240741215,0.225574305287216,0.1882767918976304,0.0856906434815102,0.0104018608726291,0.2134833244829075,0.0334434034457945,0.1507680986732263,0.081846931187523,0.2012613872412182,0.1000213580397251,0.1723207950891953,0.1935241715925758
IRI_Q25,0.0215512009532389,0.367517746499714,-0.3097772319330488,-0.2664732588705962,0.2544802415974795,0.1753879661119267,-0.2545772408369179,0.1910762814251014,0.2545734229972888,0.167990196786914,0.2661590544134861,-0.2430343688609932,-0.1363016328057958,-0.2254555209686112,-0.1845863322968344,0.2065368468083294,0.1167839722612237,-0.2523072779868986,-0.112849234149637,0.2597081688154365,0.1852564111777656,0.2849714376220845,0.1959947220359665,0.1106375974469154,0.940109002205934,0.1706346620472635,0.2420209983260844,0.3606161996541942,0.2022600178824464,0.245485455988955,0.0159454439566932,0.1426490589829708,-0.1425948941385945,-0.0137080905964443,0.1696401093072764,-0.1199437994423479,0.2017840037620973,0.0101571272556,-0.0194034683543139,-0.2941437530166263,-0.0875128566718314,0.2996024073737098,0.1189213302381283,-0.0647195257622607,-0.1514799073962653,0.1753879661119267,0.0556019464828315,0.0756779713630747,-0.1396165775447171,-0.1204420601109336,-0.2381622607288657,-0.0977517614710168,0.1449808560470312,-0.178319352163811,0.0970036774436226,-0.0370202381336341,-0.0629605614226892,-0.0228026941345913,0.1236282635131864,0.1751524228150521,-0.1364217952903223,0.3775302521358376,0.0434076670593116,-0.0012761714076443,-0.2617658646399608,0.2619756241830611,0.2626044358851225,0.0743832010171497,0.397754767557989,-0.0040586191641232,0.2233225489230398,-0.3717475227113971,-0.0684868657453883,0.038127919216617,0.3042038246503901,0.3991134005183274,-0.0476419936698758,0.408218993302894,0.0310739459227304,0.0891634604045791,0.2649935249379155,0.0494388995856928,0.0940231417763177,0.1646560839214271,0.1629344925300657,0.0455471001053302,-0.1788947063161778,,0.131829645475876,-0.0566192799168348,-0.1742766265849371,0.209529581069302,-0.0871290849296858,-0.0293174077096435,0.3305610306524192,-0.2519589256961874,-0.2724612357202153,-0.3121787262420216,0.359118401416888,0.3637781955690735,-0.4570493204819388,-0.1026153566545966,0.1750677565363583,0.3062732770137475,-0.0715653004853502,-0.3302821203413841,-0.1031873057761174,-0.2880957682784258,0.2655451747916161,0.3882694381588472,-0.2280884298326349,-0.3015611450470441,0.3331153912605157,0.1949573774893765
IRI_Q26,0.234637199479663,0.0551759298731606,-0.0752032440468383,-0.0877201842164327,0.4189070389956434,0.1344247383708329,-0.3864543756370851,0.0373454704160014,0.0105533092788084,0.1313367757635398,0.1770603338890408,-0.3364646827148937,-0.1309812540568022,-0.0174980112160287,-0.0758886779017,0.4088561617397235,0.0829914801219901,-0.0638173546066164,-0.0300603477520838,0.2643197733529123,0.061328013979475,0.0518394361806598,0.2915167901428105,0.0992877589025341,0.1368945142474841,1.0,0.1824939501924393,0.235178441906437,0.2121126275416893,0.1586862711710857,-0.0513950313127708,0.1957965866130085,-0.0779820006552421,0.0465899325961029,0.1015674922134429,-0.0797854784212043,0.0952463692076546,-0.1306874378653079,-0.0414121621431076,-0.2177874669328698,-0.0665418970953395,0.2259852766413137,0.0847218883832661,-0.0070684212453416,-0.3359748004790214,0.1344247383708329,-0.0318211470119499,0.0982259327453945,-0.026977693240635,0.0214858726589389,-0.0575050677169992,-0.156426353391627,0.1419022093520195,-0.1916997703184876,0.1433594972977336,-0.1676630327684234,-0.087754471733887,-0.0867261057004627,0.0918895303269931,0.2566680705652701,0.0261344888135,0.1660019901614919,-0.007350818543114,-0.143194399225342,-0.1571495512530499,0.125052083793631,-0.112896313695184,0.0911560345415131,0.2396071653883074,0.0068970507584329,0.0432893581268112,-0.1439354012174171,-0.075904733880616,0.0135827732892077,0.0536303342222066,0.0480993376571155,-0.0893073269952276,0.192564201815426,0.0593811066207988,0.3729167375233443,0.1286141621838844,-0.1122383057706286,0.0961762849660864,0.154426512441256,0.2264304891831292,0.0118959423617978,-0.1188840937998914,,0.1028056067238044,-0.1004768223064875,0.0001920198033239,0.0710855975087594,0.0397176191053728,0.0509731166703657,0.1524861829496934,0.0286632653198724,-0.0124419164170174,-0.0219969786012843,0.1589642411235439,0.2157622227001726,-0.0286525033757094,0.0843620475388245,0.1287411499852345,0.167904238238165,-0.0149150634977149,-0.0401115193171646,0.2471440046868581,-0.0694006967826988,0.1031141635989121,0.1576329213497729,-0.0038657509936997,-0.0005715599237461,0.171399652560615,0.1555569387023703
IRI_Q27,0.1493053853649166,0.3290042956196934,-0.0124983289887177,-0.2939968274203516,0.1902438874283977,0.2610621024520778,-0.1714714803912407,0.0015212777719725,0.3356993080171683,0.3016129201961846,0.2333840593692113,-0.115961559981803,-0.258959208596238,-0.2769810970102209,-0.0121906078669294,0.170820860572372,0.3384686663301361,-0.2710521931577331,-0.2716937565939947,0.3173640785029232,0.1379254500048013,0.3358094324683359,0.1690731164438137,0.3549287072401936,0.2121253088603359,0.1744693819543117,0.993623170055654,0.267110712164823,0.3327679826193769,0.370667997023774,0.0079362359997752,0.3841037761843185,-0.0554939791154496,0.2015791456961499,0.4035201901705165,-0.0201070816672213,0.1649922438546405,0.0139404343184932,-0.0261620453836382,-0.2153024057624554,-0.0886390535804646,0.4221907503358137,0.3407485177891729,-0.0261775305864937,-0.1387829997397346,0.2610621024520778,0.0137038424420943,0.3816864909666531,-0.0423905028391358,-0.0904794430445015,-0.1178760209328806,-0.0998478456869584,0.2834759174114322,-0.2400868859679297,0.3331772484319047,-0.0130014799633173,-0.0818362016269006,-0.0146900518528215,0.2583785655106884,0.3106581932284857,-0.0154667684945052,0.3547937259948988,0.0513558184421784,-0.0185660829426471,-0.2460545693467595,0.1476900154710397,0.114252116377354,-0.0486577542079127,0.3884508113036514,0.0178874478121178,0.2040707896850324,-0.1563931820243754,-0.007760809109396,-0.0148081399934101,0.3986807929315101,0.332903472884885,-0.0035630940648509,0.3321269392087974,0.0778908555633089,0.1728963664467794,0.2251592980303983,0.0272365005775869,0.1212757744763869,0.1175409396731126,0.1356003385384627,-0.0081460407187494,-0.2544614365650623,,0.0317716747886467,0.0268566839943903,-0.1348711732197651,0.2375944948555756,0.040432847520349,-0.0998546910965461,0.3245820532719721,-0.1994327781899215,-0.1206696442680098,-0.1411427519676956,0.2550511939038558,0.3263293492648177,-0.3128202384056041,0.0270529484616276,0.3264328129802446,0.3835417249605793,-0.0316374816085922,-0.2088296858387687,0.1112359165962453,-0.0726814038098086,0.2954413807297469,0.232095507635153,-0.0666433642456139,-0.1498145917909071,0.346309105103358,0.2820309529426953
IRI_Q28,0.0219179824518475,0.1771184244438058,-0.3073232524434461,-0.2643459498845611,0.156364087514855,0.0049489936408231,-0.0571517142890144,0.2945340792829959,0.274833964252224,0.0663876754353464,0.4346725846193201,-0.1273251168174214,-0.0173644977802965,-0.1883922196827397,-0.186760888411449,0.1031033810830361,0.0555509557879798,-0.1278021616220268,-0.0127223975878074,0.1633797491791802,0.1971208616799665,0.2294820970800391,0.1215981561435222,-0.0049434176011198,0.3385165328670447,0.235178441906437,0.2613909437891525,1.0,0.1854865855099745,0.0875738347455452,-0.0247988395421238,0.0769606707786364,-0.0710983407446093,-0.025821439182692,0.0627866528616367,-0.0766874359887,0.1986284825933395,-0.0021258463051121,-0.0570281826399135,-0.1128460200454897,-0.0714355745344485,0.2163668863521902,0.0518274138605431,-0.0509299641493126,0.0016109828082614,0.0049489936408231,0.0493999608319536,0.0548715535607909,-0.1528382250733214,-0.1602551816489156,-0.2155520570299859,-0.1240384729180823,0.0014597380308478,-0.1225227774717546,0.0054510777817757,-0.0277288650206494,-0.0575135585839323,-0.0420435679478211,-0.0594417205609195,0.201781161609946,0.0489937786979307,0.1942384390759695,0.0161758241776601,-0.0121262308556894,-0.1928467239332723,0.0851693512921083,0.2894900567126854,0.0458628043469502,0.3010182033615476,0.0432236073558069,0.4089524433629641,-0.1724042497036031,0.0207899844910362,0.0404504549633287,0.3085412989353061,0.3740077311222577,0.0093544994566945,0.2930529782316872,0.0749826893686356,0.093940024747777,0.2243124136480575,0.1228265014649821,0.0157401618620398,0.2719152155378534,0.1618432779039253,0.0630003780229729,-0.0634626942374851,,0.3310637579773905,0.0507837665855699,-0.2176936002669592,0.0936941966494661,-0.0078039542591101,-0.0530619352239999,0.185517730195432,-0.1523694668332395,-0.152280726025733,-0.1961597369197278,0.2853298549338155,0.2504912919709501,-0.2722740154331324,-0.2217905141310293,0.1918356465596345,0.1934231376689317,-0.08859824998098,-0.2292781608542765,-0.0852779737861909,-0.1517540078543331,0.1273207436948402,0.328181256654746,-0.1956274966913732,-0.2327940162795115,0.1980806536864413,0.1391348677354981
PANAS_Q1,0.2745409098685413,0.1897627089422736,-0.2273916415224638,-0.2856003518112648,0.6866254253925683,-0.1243605111585998,-0.15696592208471,-0.2231849598124386,0.455576163674107,-0.0948596196285061,0.1426935872225681,-0.3095950251184187,0.0319397785832187,-0.2572313703074668,0.2467733421483948,0.644129926947489,-0.0799989621420634,-0.240263201058451,0.3138901685500642,0.0603524698632919,0.3387856348748119,-0.0820559211315521,0.4331871950675394,-0.11405129917136,0.1243279042542169,0.3340048776961907,-0.2048397242902419,0.109866953168722,0.9999999999999996,-0.0313278395492613,0.5620312174798385,-0.0857763730459925,0.314892401298901,-0.0586475648587969,0.1106137743040094,0.0065530798761088,0.5016713964047368,0.280611312130003,-0.023638946718987,0.1846503165257791,-0.0048854542944089,0.331055245617986,-0.0733050332791301,0.0886126367513769,0.3293507684242323,-0.0337548307918808,0.4679535474273223,-0.0513627700688594,-0.1506934362229795,-0.1690728456056034,-0.3192583567229979,-0.0465793127715884,-0.1482314434001831,-0.0344157272269453,-0.0337065614931166,0.3504224530706514,-0.0049782449666735,0.2759012169513193,-0.0686178075407274,0.399497676362707,-0.3232663985563324,-0.3281537622327224,,-0.1122069970659149,-0.3405288913875305,0.4569440617806166,0.1581303556696039,0.2501057282145241,0.5924419174477136,0.5954625299122953,0.4116774486851524,0.2465145840163866,-0.1661906123695363,0.471586166774385,0.2953043574713851,0.3078087904127895,0.3717241464045051,0.5955726720686255,0.2747571269632347,0.3134240336232728,0.0142189180155918,0.413758211103033,0.2010906248556277,0.2628901172964106,0.3536346508808841,0.4629268803319118,0.4243464263094421,0.4073527117688317,0.3624975481488102,0.0921508370503356,-0.1858530776383969,0.2795973161146969,0.2367971938086262,0.0782337474021424,0.300200568537694,-0.3144518196196721,-0.3114069691689659,-0.2073282519011088,0.5282432937164607,0.431871021906883,-0.1647623650247098,-0.1218710914213027,0.3236204154715561,0.2125097013797992,-0.1941518969189374,-0.3283168856066563,-0.2232598832180701,-0.277437438521132,0.3492857090993299,0.2495577504239488,-0.2183326924907263,0.0256464198556467,0.2656104783901585,0.2093521296153471
PANAS_Q2,0.2072810928166972,-0.4600230988499781,0.5723776142703414,0.4084818906425906,0.084127154044246,0.5104593094533862,-0.0249493666132888,-0.3263474266637937,0.0781713928433963,0.6324042922393592,-0.5457020718645262,0.0845137898261256,-0.6075667443522716,-0.3351866106676803,-0.0408397606622713,-0.2032053986476875,0.4514099831521695,0.2979692647928458,-0.3649875429728904,0.2566505472216567,-0.5471130269302583,0.3301213986866931,-0.4987318946862349,0.4959982994742117,-0.4436004112601959,0.072239020099501,0.5548938667783054,-0.4537320849027789,-0.0313278395492613,0.9999999999999996,0.0519714431174626,0.6857233626047051,-0.1488105674391807,0.3863748401957592,0.3341823942731828,0.2566422015624945,-0.0045899239196867,-0.0434786396693402,0.4011600859441869,0.0636406112334712,0.2984953132456978,-0.0943860577997455,0.4211770339139714,-0.1387199501674814,-0.1371696957619678,0.4713422781468415,-0.0875007932286364,0.451104073887363,0.103312101104071,-0.3235240379314415,-0.2452236198555613,-0.3378560681365563,0.5801768556616511,-0.363271464943449,0.4792639255103802,-0.329620821788693,0.0288997467449908,-0.453371532725885,0.478679185605544,-0.493006384749506,-0.1435799120541215,-0.113750047503142,,-0.4262288619378452,0.2318698352212035,-0.3739342710325388,-0.2736359854466099,-0.0634492890175227,0.1352026193897916,0.0102405359821118,-0.5182178260712629,-0.4317456666528718,-0.0244477508502311,-0.4013008227212443,-0.5320489318539957,-0.4399148035942928,-0.4891842693601528,-0.3718309099146154,-0.436071171935493,-0.392475983732404,-0.2977372466271858,-0.4476111162918569,-0.1345899014791853,-0.4839344609110677,-0.4832067108668262,-0.5183375471382696,0.099689807993279,-0.557144670675469,-0.3557556519531225,-0.3604829653313332,-0.0721289212501639,-0.5471984829317437,-0.3983184772364405,-0.4193071160171692,-0.5335331197846634,0.604446264829151,0.5377022366552495,0.7086813974717042,-0.2565109309558039,-0.3503281080762685,0.5448021366828321,0.4086184539098078,-0.4282887444076949,-0.5074672710615071,0.7142387818644238,0.5827841323148943,0.3844879352633468,0.602029451417003,-0.5276370025302417,-0.4885051898496424,0.5708060404044754,0.0050045562201846,-0.6123953607849644,-0.5152362901202612
PANAS_Q3,0.2992751353778138,0.1395787696796783,-0.2362866542084367,-0.1255099465464004,0.536592853689196,-0.1038092876656842,-0.134680577386945,-0.1608088029628155,0.3323103421060438,-0.104545543747281,0.1097895611983806,-0.3097091969417157,-0.0372550050889687,-0.2291079812206573,0.1721524765486701,0.5421383317813876,0.0113760263515319,-0.1041782587157894,0.2797360683895796,0.1142886135599976,0.1457063803246827,-0.0364826440368042,0.3327539477761244,-0.0239188931816897,0.1597871817037876,0.2825794731335618,-0.1980925618469108,0.0770129640180751,0.5620312174798385,0.0519714431174626,1.0,-0.0046278936884248,0.2827805036154679,0.1380305391160263,0.1436537343961494,0.0006816047124277,0.5097102943754022,0.2605905690312066,0.1021931402708767,0.1290257858275831,0.0642411265763436,0.3841401339404746,-0.0037013233372897,0.0779418603292967,0.3033902770436356,-0.0052905370799209,0.4739111283601708,0.0065702712329255,-0.2213136782702749,-0.2919512409764015,-0.1624850061693442,-0.1879345010391065,-0.1791051057793617,-0.1850315379067058,0.0713970405447967,0.4816641456682388,-0.0024717913625036,0.2094828397974628,-0.0696421069989916,0.2919174131312191,-0.3434311994755558,-0.2135521187459148,,-0.2653210995429827,-0.2551111367468764,0.2958038239859155,0.1239784945725317,0.2473846037752909,0.453484053491789,0.5065934278320237,0.2929093424210451,0.269563622553902,-0.1420418437677003,0.3401423173155093,0.223326607351517,0.2819087109206768,0.2094116904372319,0.3801308247676582,0.1823220170850515,0.4050998204884917,-0.0249123916138541,0.3675883342917085,0.1646638670896794,0.0509306739353874,0.2037373627412355,0.3034688638731536,0.4076026087311504,0.2084076539294725,0.2041441973935891,0.0765212420967131,-0.3094672585965603,0.241009706735149,0.2361484748452261,-0.1145294109639049,0.2458719198678411,-0.2734339818427604,-0.3087472907854816,-0.1575204205295251,0.4190287762265517,0.3970480667820843,-0.2291261113810805,-0.1701785075507637,0.3309944599726159,0.2450485311160228,-0.0601645056347204,-0.2898286576144358,-0.2418515374101204,-0.1374790515295887,0.257980620777536,0.231581493730214,-0.0701192617512003,0.0905302495336319,0.2497889998217415,0.170403287774081
PANAS_Q4,0.1169439473266797,-0.5442794100891682,0.5789179128600446,0.4474784656536466,0.0477770502758723,0.5624246399946493,-0.0383107763490777,-0.3503384107045342,0.0649025388586923,0.7735299556947867,-0.4468253694519224,0.0862797549673364,-0.571033719592634,-0.188358536316816,-0.2009521402469431,-0.2471000842997952,0.4970589882619086,0.2127629229322578,-0.4136137795385212,0.0940960725760668,-0.5854430236048974,0.1823606497206952,-0.5190016711151825,0.5336940672651524,-0.4446175841716424,0.0913415616263411,0.5400185689735111,-0.4209807507074465,-0.0773702555391234,0.6867429355992529,-0.003659086927852,0.9977277121452766,-0.1846903512947147,0.3108860435871392,0.2501853287385897,0.2787583033131063,-0.0613935970583373,-0.074612217170406,0.48056620406536,0.0311786683942069,0.2927087592827075,-0.0605681064986803,0.4509098342338845,-0.0899187618813003,-0.1742831613129795,0.5567358155711077,-0.1179657505619299,0.4491895203202459,0.0460843437528933,-0.3253235164775024,-0.174575721772787,-0.3365502747391504,0.5277038296960015,-0.3681281108814902,0.5628601230352734,-0.3901315589314274,0.0483595471667499,-0.4932865321354931,0.5330495590448034,-0.5599166684507481,-0.1213032974898815,-0.1301884715980001,,-0.4812902184625646,0.2333255595059152,-0.406961176347846,-0.1838942013401562,-0.0474321074249579,0.1202325532008267,-0.0370201825839605,-0.5810326380982465,-0.4020094291702581,-0.0023936293112709,-0.4452784681601623,-0.4961266574060567,-0.4279735718530635,-0.506254143738714,-0.42847232755099,-0.5156369903474263,-0.4115257110100827,-0.2836075286930671,-0.5043857848705932,-0.1068296697422861,-0.4979004256700464,-0.5250772775303333,-0.5313058254838088,0.0556777278462995,-0.539102049605978,-0.3088478792353261,-0.232423054890048,-0.1188755269484957,-0.5206399277821971,-0.3328796915630065,-0.3905237175839503,-0.5104081924968713,0.6087596509040766,0.5769912150953622,0.7541570964240052,-0.3359932471196846,-0.3457228756234647,0.5281199248569907,0.3109216046848519,-0.3903292493667729,-0.4290976820111085,0.7372817833176075,0.5988212201737412,0.2864033500921658,0.7008778452356333,-0.5216994475088879,-0.4544783934316928,0.6051036619079344,0.0434202862849894,-0.5858597230708236,-0.4528645897221627
PANAS_Q5,-0.2751338504366666,0.2665624430387634,-0.4135463257990994,-0.195539891855574,0.2411209597150218,-0.4004879117157338,-0.0908939786688331,-0.0213791668754959,0.2433471265896037,-0.3355498614557742,0.3113912843805018,-0.2916607264243233,0.2781060485212532,-0.0669563501178101,0.1222843668069452,0.2264520011571909,-0.2831508537247947,-0.2251791565085772,0.443980507085015,-0.0254232048470115,0.372223570032661,-0.2058555923634503,0.3959366985186718,-0.3854682692343624,0.3308398975879387,0.1758944500003236,-0.441131296645266,0.2691705610804747,0.314892401298901,-0.1488105674391807,0.2827805036154679,-0.1888331218943038,1.0,-0.0112714843235057,-0.1007621166570448,0.0475094295166861,0.3100338515732164,0.2850546988607681,-0.2926739127465815,0.3468402568274651,-0.1076590344495367,0.3284869755789197,-0.3097349052468098,0.2593485749854784,0.361246441462812,-0.2532310818956135,0.4330923798854822,-0.1589281589038138,-0.0670554709854298,-0.0211315084523981,-0.0067080990907495,0.0430459285630435,-0.4394054457950613,0.0115512580791453,-0.3044487426995309,0.2457128884249191,0.0899062475860395,0.6744380998192984,-0.361189670980156,0.228775281248534,-0.1812607149366736,-0.1134770799293313,,0.0095911448004059,-0.3413953780109505,0.3630884913600956,0.1722006091750687,0.2570656381008227,0.221180249283573,0.3843293590694192,0.4568642252847366,0.3851305392381361,-0.0710966712197592,0.4553327854842586,0.496189928975834,0.4713829930718383,0.4757211976227868,0.3365247139623292,0.5267172983786185,0.3644340623566118,-0.1481980018936784,0.3868553365903645,0.2084095287324891,0.4609224062483977,0.4613939880512927,0.3830181835878657,0.2149888176195598,0.368982752137779,0.347054499142794,0.2000162073244211,-0.1283308689302902,0.4006706957779901,0.4227001153100966,0.1231419333290348,0.4646701800180317,-0.4709522459092018,-0.4669298843560003,-0.3471310370565373,0.2846495709966805,0.3934335149232957,-0.4508521435116385,-0.2743986792710544,0.466381853780331,0.4176232484795797,-0.2996659582578513,-0.4599829295267688,-0.353179354372352,-0.3233960963614761,0.3804854510871919,0.4522715207118284,-0.3699740680575578,-0.049445592068643,0.4360878388244468,0.4138499748833545
PANAS_Q6,-0.0523249018455853,-0.2889158651304789,0.2813747119785008,0.4574069695246509,-0.0071777741876024,0.3218678810184762,-0.0140542075062573,-0.2500256577377472,0.1073375013562025,0.2845291167498293,-0.301939991301505,-0.0437849897850925,-0.4423794928366971,-0.2003644762883868,-0.0717435033485687,-0.1403413829592845,0.4214862407210059,0.1179679194169776,-0.2135422213952149,0.0317665120292742,-0.3772426795271211,0.1049875117145154,-0.29253949334438,0.3498332105007354,-0.1975542393760674,0.0345631801020834,0.2974464207297426,-0.2077716643221941,-0.0586475648587969,0.3863748401957592,0.1380305391160263,0.3043353919234695,-0.0112714843235057,1.0,0.3133842518540742,0.149516394633076,-0.0017307618854862,-0.0263559410372218,0.2607971062274338,0.0025016709068816,0.5733084009470866,0.058101829581077,0.3234438547830625,-0.1647138738283679,-0.0565158497096493,0.3648441063520988,-0.0133813486011391,0.3621302156242591,0.0002929081048114,-0.2107168696648127,-0.1301389874194679,-0.2209818387177331,0.3202561901376454,-0.2203999037474122,0.3592821656816213,-0.2430585743285214,0.0036876966334482,-0.2226269375474356,0.3114729270039278,-0.2949332467100374,-0.1535466916558547,-0.0360872352098497,,-0.25033528477688,0.1140912731372559,-0.2500140342033243,-0.1340576332108749,-0.0748775352893303,0.1184638065716554,0.0158737492702036,-0.2417561498363279,-0.2044410602085934,0.0483159836116523,-0.2123608035666865,-0.2353437664012559,-0.2323860588904717,-0.2717085465940648,-0.2269193677813704,-0.1735395841167558,-0.2356553594771558,-0.2650497548045898,-0.2184508455716706,-0.0786482357458458,-0.2114140952455804,-0.2507383246195104,-0.2869979479068171,0.0619681458112184,-0.3515147025586532,-0.2366762687674183,-0.1489577733492132,-0.1406539079731907,-0.3353123007288341,-0.1894369945938009,-0.3561434007838341,-0.2915850008565286,0.2862649058837538,0.3105395344730976,0.3550298219221227,-0.1766618643977459,-0.2202704181543157,0.2570834730774154,0.2323661718236953,-0.1998256629445589,-0.2539434398898176,0.4639646641794763,0.2790479492240871,0.1989095663714255,0.3914162152781369,-0.3083404193156275,-0.2186849688491853,0.4589394907854625,-0.0241550186852171,-0.303737760840567,-0.2997965701406207
PANAS_Q7,0.1333998583675012,-0.362524587037296,0.3417649921562312,0.1479714623788343,-0.00499124194381,0.290174647481863,-0.0884166635255128,-0.1647345918824552,0.0522128571199916,0.3102314778348434,-0.3185369217199465,0.0502563648877648,-0.4229276012199262,-0.2883927855684294,0.0496363273554605,-0.0312677914162319,0.4373257809329136,-0.0103924685721473,-0.0893073914026959,0.0175336297250932,-0.2852841707398032,-0.0297232284753937,-0.3253787443400615,0.4704135389470418,-0.2535646942479152,0.0096151278256659,0.2783845997534693,-0.2499261137962509,0.1106137743040094,0.3341823942731828,0.1436537343961494,0.2438842679205234,-0.1007621166570448,0.3133842518540742,0.9999999999999998,0.2543676737228,0.0518361567356032,0.0345492011367874,0.2775291658855394,0.0752736661448473,0.4079057887378585,0.0075484032270871,0.3432083438028733,-0.0108310170541791,-0.1127441927145487,0.3285896245416111,0.0175467210299828,0.5364824962109707,-0.0808246149876242,-0.2303062733602822,-0.1328182290046694,-0.2561668293429956,0.3258514664522808,-0.239714736223172,0.3145719415142338,-0.1797236945220867,0.060553600512387,-0.2496762064626021,0.3443542023097713,-0.2087394262022684,-0.1377219339795761,-0.0397337993626853,,-0.1752328960660291,-0.0167837171080022,-0.2114879255614542,-0.1106708763616746,-0.0698364072772396,0.0851847572598669,0.047663113870934,-0.2657353059275719,-0.1487110186761558,-0.0066066757076682,-0.2060662696333956,-0.3540888506842466,-0.2164821302956471,-0.2552199767427819,-0.1461835272235946,-0.3309524112694194,-0.1521715373828837,-0.340401843671959,-0.2230967247697846,-0.0825135627227998,-0.2958188878465426,-0.297858970803885,-0.3093533998150087,0.1997554885187077,-0.2836829288341803,-0.3119753163096603,-0.2287327505801182,-0.0996121855934009,-0.2467062552905869,-0.2074163139664133,-0.2910406667968798,-0.3383024659532317,0.246318792956212,0.274207765300151,0.2681511984753773,-0.1183259478871215,-0.30526796882637,0.2456418390888835,0.1823422957173304,-0.1653050255262172,-0.2484061360961342,0.3057635387167936,0.2192301372296823,0.1793755490105011,0.2182632115818991,-0.3394583022739876,-0.3019397687663091,0.2687444466229487,0.0475403791580675,-0.2525448899691918,-0.275796210558899
PANAS_Q8,-0.1114464537412563,-0.3492022833467298,0.2751929270757514,0.3972949384068841,-0.0209537697203544,0.1061716209981365,-0.0292049462694207,-0.1660215936583936,0.0856327600117738,0.2296390272277703,-0.2541892541868074,-0.0321248016808606,-0.2915030952380452,-0.1341943357827849,-0.050185437232242,-0.0757147960448661,0.1614136790392834,0.0620749418615315,-0.1552975996890697,-0.0372053614383028,-0.2018003675685574,-0.0758740251558698,-0.2279273802985701,0.2363337152249449,-0.3112720855889792,0.0444728485079606,0.2350472846202401,-0.2946802952374673,0.0065530798761088,0.2566422015624945,0.0006816047124277,0.2770776230421314,0.0475094295166861,0.149516394633076,0.2543676737228,1.0,-0.0575932737884808,0.0709884820630641,0.1879371598743055,0.2404174325308405,0.22512132292655,-0.0720995412010165,0.1445664840385349,0.0995785108561186,-0.1317047998488356,0.15794782570315,-0.0849630447605744,0.2272400119232465,-0.0597657818532724,-0.1946112861103546,-0.1520076489615752,-0.1761947115754855,0.2377247255538154,-0.1392183722629504,0.2042903085458611,-0.1554388580870473,0.55118369742617,-0.2635678123123812,0.1463685060963271,-0.2989375210869235,-0.1307335907722511,-0.1642993863428649,,-0.2474548809951404,0.0825620811815832,-0.2458912604658494,-0.0994930984184099,-0.0383329839320444,0.04823631099955,0.0786709041696735,-0.2312827226139814,-0.1662517699923383,-0.0510977020200706,-0.1767857569894382,-0.2533911338112832,-0.2438355552505688,-0.325100285366578,-0.1999021848977615,-0.2522901654784843,-0.2458866681659828,-0.2411138886531925,-0.1395317157792097,-0.0073426177225028,-0.2175349323289905,-0.2883579098005129,-0.2004433621238781,0.0717722308333606,-0.2382327621310568,-0.1992894960892975,-0.1006818434865832,-0.1751826811446155,-0.2355399886620673,-0.1645654153447755,-0.2166827544988,-0.3217028708707785,0.2564824956715643,0.2684318632609979,0.2209767390897134,-0.2219165802821712,-0.1586594600867761,0.2854934747562681,0.1460289516019003,-0.1704500591236654,-0.3071506432649521,0.3120782477144479,0.2780584751735525,0.0752506503360905,0.2526552290169993,-0.2435343237304096,-0.2846274068556447,0.1675930768683461,0.0560782716628037,-0.2935509287678028,-0.3160558339869724
PANAS_Q9,0.2746709154992984,0.1945362936642967,-0.2829768758920954,-0.2143260686657751,0.5388686824804897,-0.1612107940530618,-0.1365493322095356,-0.1590380575112458,0.3666382996392366,-0.1692887868038675,0.2150457303162662,-0.2760373778425686,-0.0369890336292232,-0.1577564892998982,0.203867710546356,0.4836430556749612,-0.0810586805249731,-0.2580350197414095,0.3118333962698094,0.1074844598754456,0.211004920972244,0.0112015225574921,0.3276947559383204,-0.0991882387634065,0.1914134202405845,0.2620362625957975,-0.2545104429061325,0.095106712004595,0.5016713964047368,-0.0045899239196867,0.5097102943754022,-0.0669647780193095,0.3100338515732164,-0.0017307618854862,0.0518361567356032,-0.0575932737884808,0.9999999999999996,0.2968972110580483,-0.0203932262936514,0.1327144692833488,-0.0539423362021636,0.4662379826117537,-0.0477955587627762,0.1550912383125298,0.3830922274328167,-0.084377656658722,0.5328900402736692,-0.0724128930276068,-0.2058119317848461,-0.1791769429692022,-0.1688641147284845,-0.1135803031620725,-0.2175516052208059,-0.1224221592488942,-0.0636377171793108,0.4852303235381353,-0.0740717115687379,0.2557302814353563,-0.1057976066182682,0.3728513193948093,-0.2908677382880081,-0.2867684342464507,,-0.1099265177813444,-0.3059900303451008,0.3500851885978133,0.1954993970588099,0.2587225204677139,0.4324448521685081,0.5410727541701379,0.2811572977345886,0.3191767066565386,-0.1372956226272623,0.4560966740973957,0.2777429610544194,0.2833527710646872,0.2904484895680482,0.4670879886440683,0.3001508728407903,0.4012539815071168,-0.0088886250107688,0.4274310713608679,0.1935645474491186,0.1704498694486578,0.2774799506862023,0.3302238265975253,0.4063995028314787,0.245218075474255,0.2932314155699796,0.1737076299599413,-0.2443415438945199,0.3478506151651795,0.3395418175228092,-0.0082560763952841,0.3151183443624646,-0.2678706942146261,-0.329309408920331,-0.1724039587199056,0.4426709252071663,0.3788077211300844,-0.2964778981502108,-0.2708022582935057,0.4419335669557903,0.2937632332487342,-0.1200513540808903,-0.2860180530046495,-0.3514561914986207,-0.1518761709528657,0.3159327665192472,0.2863802416096631,-0.189303721211779,-0.0316258288740034,0.3097160418170116,0.268777576601274
PANAS_Q10,0.1208207951164076,0.0044587328376846,-0.1972327590128177,-0.1442323308375148,0.182451102146147,-0.1418551200210569,-0.0877208552796907,-0.2105481453595711,0.1580370912145975,-0.163778164019252,0.0411556909234411,-0.2500743062940199,0.0759867480347845,-0.0884428597924096,0.1119885269998939,0.3116406063675611,-0.1698913257697447,-0.150179194861378,0.2564827877612579,-0.0595065417284429,0.1553697028154707,-0.0772158336848583,0.2433540228453642,-0.1431341587628243,0.0243318649413188,0.1190574179806992,-0.2030654901682732,-0.04437309978033,0.280611312130003,-0.0434786396693402,0.2605905690312066,-0.0769288040788136,0.2850546988607681,-0.0263559410372218,0.0345492011367874,0.0709884820630641,0.2968972110580483,1.0,0.0179075894598721,0.2292180105338607,-0.0575014217939897,0.2422936910016123,-0.1468056345494645,0.2636842387146949,0.2724189882314105,-0.0605384119943678,0.2193143072856694,-0.0493297917380221,-0.1687116700252882,-0.1649686914463347,-0.0917087606528455,-0.0490360334566083,-0.1867285318153322,-0.0497396129599509,-0.0118336752673208,0.2486335802258609,0.0978407142402742,0.2566813280741939,-0.117302120189352,0.0816816054378699,-0.2311790524968029,-0.1885151234895654,,-0.0824431602099455,-0.2295113003757174,0.1832978466615134,0.2073296300199625,0.2009988211776672,0.1158306443944274,0.2704634168759999,0.1973806463211583,0.2741359377589519,-0.087128088030786,0.3681500403486483,0.1333747302236659,0.2039216173795038,0.1408238211229157,0.1971395562475495,0.1964107071027137,0.2429758592719397,-0.3149007712667983,0.2841311743735337,0.1523299704244139,0.1398686253635108,0.1584187548168191,0.1896924690410686,0.2620675791355999,0.1386732185913489,0.1900001042743626,0.145792503640298,-0.1898263908327163,0.2806852475913137,0.198148022435221,-0.1356141803435984,0.2192803327640255,-0.2090943594685324,-0.2637750165132081,-0.1921315864902326,0.1677094381936076,0.2180270523262717,-0.1384982321923989,-0.2234187025267743,0.3228538735994545,0.1633283834567591,-0.1757716222810102,-0.2358300556652117,-0.2368892436744876,-0.1361685375422543,0.2094250422536421,0.1723224655961703,-0.2567385680165718,-0.0054140909125687,0.2104005094182904,0.152319612936295
PANAS_Q11,0.2946747505973364,-0.5062885217876478,0.5083706169344947,0.2882683380209543,0.0231360913450861,0.5155914778372319,-0.0647593943187067,-0.3065972580711935,0.0878920889062255,0.5057813686994344,-0.4107997539661899,0.0836629436326776,-0.4881144954846604,-0.2660196105402465,0.0539614493153354,-0.0965992614634291,0.4692691930424197,0.1111432544632731,-0.1698570759418783,0.0340011073599415,-0.3637690054071822,0.026684233177913,-0.3948180685494774,0.6677368449247023,-0.4694233659998873,0.1278861860292169,0.4289052110273705,-0.4765262629047391,-0.023638946718987,0.4011600859441869,0.1021931402708767,0.4779279892241934,-0.2926739127465815,0.2607971062274338,0.2775291658855394,0.1879371598743055,-0.0203932262936514,0.0179075894598721,0.9999999999999996,0.0366692659607803,0.248082521054498,-0.0555832701383093,0.4854659675033764,-0.0033505698971582,-0.1714802153792857,0.5343601590373739,-0.0438651355994378,0.3999485595594008,-0.0476547119967513,-0.3354054004779465,-0.1001815821438047,-0.2826647336722755,0.5104460814820722,-0.2257892895240555,0.899999243290163,-0.2350548790299989,0.0712456077255382,-0.3994450196153762,0.5206521801037436,-0.3417900986001233,-0.1505446637261553,-0.0908827747754967,,-0.3274856821264193,0.071265352547018,-0.2639071261797068,-0.193452122523876,-0.0686037252568776,0.0141091356170576,0.070854115013333,-0.336046402528218,-0.3291474690246156,-0.0689272973048365,-0.2872557389103148,-0.4325146795753065,-0.4234421062328473,-0.3643804966582036,-0.2471678437405217,-0.4983945484350567,-0.3201568745994631,-0.2197297490538229,-0.3374908562566168,-0.1347386146429924,-0.3836467499167439,-0.3484756294235529,-0.336840214403324,0.1572133374527104,-0.3345515687930981,-0.2268360941204895,-0.2518952162331243,-0.1482001047387773,-0.3814995932038513,-0.4031096108145637,-0.4154153290455456,-0.3712409237141858,0.4103672543826849,0.440153668524845,0.3485641334151475,-0.2243657417510269,-0.3211238462249365,0.4760124665297699,0.3123743581227894,-0.3490738210036207,-0.3917812039048409,0.3699331861285898,0.4451343448673709,0.293548268158228,0.3147381557266287,-0.4377144455429448,-0.468510619433669,0.3206168466666275,0.0686421580425119,-0.4333138236492587,-0.5013541858047981
PANAS_Q12,-0.0645304421756791,-0.111004600596287,-0.069701555356062,0.0768571177620045,0.0450862739896433,-0.1096486620716344,-0.0733263010793039,0.0213405274689428,0.1335089159649085,-0.101560218023689,0.0471462581588044,-0.0936233135305191,0.0881174837799201,-0.0485482669735939,0.0622448611416433,0.054441730385991,-0.0548303180079974,-0.1538868693033256,0.2620215044583965,-0.0810091276111897,0.0717222982987969,-0.1927311981784602,0.0409764443924312,-0.0662354048581803,0.0405375120853224,0.1049302882393593,-0.1075611557271217,-0.0291076415223182,0.1846503165257791,0.0636406112334712,0.1290257858275831,0.0233829078217284,0.3468402568274651,0.0025016709068816,0.0752736661448473,0.2404174325308405,0.1327144692833488,0.2292180105338607,0.0366692659607803,1.0,0.0508183581272688,0.1044116564735604,-0.033707879039304,0.3498231902649337,0.195740230124311,-0.0068467866652411,0.2432149035987701,0.0717311343067969,-0.1761909223397031,-0.1981475990757253,0.0217166830109201,-0.1399186787951976,-0.1375429205250061,-0.1491630943300791,0.0096941873152404,0.1142937762866428,0.3514859792026844,0.1525690118905061,-0.0771435147477129,-0.0713084715491228,-0.1845030050471289,-0.1664139458960199,,-0.1392735532791623,-0.1540883978584777,0.0281293246371466,0.1607447245544262,0.2550839681745443,0.0440122690719955,0.2293176998037865,0.1344007567276631,0.2414414842968283,-0.0968419604937293,0.1487789206548281,0.1530586770646127,0.1507119510335918,0.0516951462131755,0.0313941346141888,0.1144107268756777,0.1652766694963817,-0.2416927283174811,0.1161339380315716,0.1718280905071826,0.1253201962935728,0.0549032751005933,0.052015392238115,0.1993913868502236,0.0140627778500583,0.1696378272329923,0.1641425992482239,-0.2169730895433043,0.1201525558192084,0.214731035629057,-0.1547749110435806,0.0611622702249523,-0.095256371703201,-0.1117172361764696,-0.106008971895074,0.0238375171671422,0.1192188586081517,-0.1316063377048701,-0.2362013970509608,0.1233714063262176,0.0557568785449443,-0.028224248666789,-0.1131372895408806,-0.2476110313823916,-0.0814389007308878,0.0492114235966401,0.0329787448149674,-0.0946220791760356,-0.0194701298597456,0.0228966262274327,0.0642469734870291
PANAS_Q13,0.000759952761698,-0.2585012443212211,0.347959304401559,0.3497494872630852,-0.0109489196151588,0.3132411354801414,-0.0416285274764459,-0.1324432073748116,0.0487761603254737,0.3340568442174146,-0.2771255073275396,0.0338324835132243,-0.3489737257676089,-0.2138352213263668,-0.0717469957744563,-0.1504465491823301,0.3966778937553362,0.1113418468788905,-0.3207201077397811,0.1215575964395507,-0.3208299824360761,0.1465178112941961,-0.3094361734166254,0.3657989482968372,-0.2600683337147739,0.0287490186892186,0.3309970773689136,-0.2237832762250584,-0.0048854542944089,0.2984953132456978,0.0642411265763436,0.2863706154046582,-0.1076590344495367,0.5733084009470866,0.4079057887378585,0.22512132292655,-0.0539423362021636,-0.0575014217939897,0.248082521054498,0.0508183581272688,1.0,-0.0701816136139133,0.2942535262269003,-0.1351085136766539,-0.1351789489301821,0.3290250003766908,-0.072075505554903,0.4286295905528248,-0.0928900584294837,-0.1403178685262723,-0.0588262586588631,-0.173850070271707,0.2989319788205434,-0.1874695688345312,0.3243113564840149,-0.3487550204711239,0.0058108987994734,-0.2761215087347016,0.3299314602614968,-0.3189762731405076,-0.0192574233139227,0.0070374853008344,,-0.154794803985247,0.1564859611182874,-0.2307900394565824,-0.0818066514485552,-0.1550291658143079,0.0827040204678315,-0.0028865826004086,-0.2371195239078284,-0.2431839554169101,0.136439131564406,-0.2076327994422435,-0.2606558560499554,-0.3127063153326009,-0.2853549543575487,-0.1975994174165409,-0.2370521183081624,-0.263709967767532,-0.1774200080645841,-0.2580383936682855,-0.0797608350112932,-0.2208521638000759,-0.3085490860213874,-0.3133109363190725,0.0562815440455212,-0.3056630090432438,-0.294491059443037,-0.1937030496044653,-0.0912889863716572,-0.2906918058374568,-0.2210910884325023,-0.2608034831337887,-0.3601520400270176,0.2705733878719774,0.3484035961736075,0.3082285447802301,-0.1891901532871459,-0.2280668870946283,0.3240199557704459,0.2307062665648023,-0.2423351248000571,-0.3074526880832366,0.4192366858058963,0.2904063340045282,0.1893807758875293,0.3162886519228918,-0.3556287535431547,-0.3119967272475931,0.5360543771746753,-0.0417163728973998,-0.349041048568839,-0.3133575914681006
PANAS_Q14,0.1109025011971321,0.2664475284432456,-0.2907395483200214,-0.2404592048146985,0.3590714090164019,-0.1770268545158907,-0.0543944315636108,-0.0413608939441433,0.2905273181990354,-0.1365083482211211,0.3604464312904528,-0.1932553998595148,0.0232870117150446,-0.0194301216105304,0.043716076714984,0.3978495397165167,-0.0663958738036484,-0.3223850350264326,0.2632645313136167,-0.0110298423299684,0.2556269339995529,-0.0774009856851699,0.2662897474259892,-0.1637970450353346,0.2309703623352339,0.1661265859292566,-0.1974519552326562,0.1892992768569331,0.331055245617986,-0.0943860577997455,0.3841401339404746,-0.0691143709756568,0.3284869755789197,0.058101829581077,0.0075484032270871,-0.0720995412010165,0.4662379826117537,0.2422936910016123,-0.0555832701383093,0.1044116564735604,-0.0701816136139133,1.0,-0.10235211745614,0.1299879210563763,0.229938728342623,-0.0849865654573388,0.408655768439518,0.009340112441606,-0.2011265980881436,-0.1741350115855348,-0.0644840056727425,-0.1060903103690343,-0.2036471331952234,-0.1253315579079775,-0.1283394275032376,0.2725344510174168,-0.0693845022415006,0.2676422836430246,-0.1662434508629877,0.2750048438758156,-0.2004650824684044,-0.1236475081019653,,-0.0960105545735282,-0.3103444715569421,0.3317558383349966,0.2294961805256211,0.2881543695524508,0.3238913945010573,0.366424898707118,0.302731708476096,0.2368600839509965,-0.0861539196170153,0.4159161343171453,0.3535789822129074,0.289996556824462,0.3724346874519939,0.4123482086080656,0.3430847930281716,0.3458786280053917,-0.0003006789737997,0.2986178868779713,0.2122439968042038,0.261514631439968,0.3513542674854222,0.3054795031277887,0.2570529206756077,0.2264634817414647,0.2754666191020801,0.2237326775304107,-0.1980007301511581,0.3204243626321634,0.340603849012955,-0.0113758648430994,0.3332271277016305,-0.2731852748162074,-0.2606854039610601,-0.2036949673745216,0.3599918408760988,0.3471995624338175,-0.2782053640499592,-0.2491923196866599,0.2408455214914617,0.2992859927808379,-0.1327513776614594,-0.2359711947981979,-0.3390519062046118,-0.1928004213112443,0.3537667056247071,0.2386197650312471,-0.2038882806191751,-0.0917826601219378,0.2647603740018255,0.2488706255419634
PANAS_Q15,0.139150370666444,-0.5355602362681583,0.5461977831051128,0.3759566046712781,0.0045460106389619,0.659997789223642,-0.1168299715959634,-0.1942316479205682,0.0927263920202714,0.551090117062966,-0.4554200854256512,0.0541824680397611,-0.4933767766878427,-0.3183138070069189,0.0297894785575612,-0.1288604198942015,0.7491331969392719,0.0659240921016936,-0.17864016070395,0.0655780735200379,-0.4681586800423449,0.0924501058682935,-0.4661918809515591,0.735575450342061,-0.4653371433494075,0.1056127928290719,0.4552151088227144,-0.4629609233747778,-0.0733050332791301,0.4211770339139714,-0.0037013233372897,0.4481869411688352,-0.3097349052468098,0.3234438547830625,0.3432083438028733,0.1445664840385349,-0.0477955587627762,-0.1468056345494645,0.4854659675033764,-0.033707879039304,0.2942535262269003,-0.10235211745614,0.9999999999999996,-0.1313695688161517,-0.1028986508502076,0.6335430304730449,-0.1076799797230804,0.5201760492111074,-0.0730332395667698,-0.3223434696227348,-0.2184879356509246,-0.3347922123339019,0.6178832310581346,-0.3070472495654731,0.6156910553944743,-0.305609525412292,-0.0213430745096099,-0.4410091788745652,0.6721265729407488,-0.3897350167382663,-0.1252129118655248,-0.1792632427720825,,-0.344663636464009,0.0766190458138342,-0.3122165831792807,-0.2247902757212426,-0.0803274846179318,0.0496257578066482,0.0923486701268552,-0.4162732469063697,-0.4209401666411085,-0.0553430558282767,-0.4137538355408541,-0.5475307051672339,-0.4560932473041529,-0.4216946955222803,-0.3117496321963046,-0.501762572154945,-0.4505797921043223,-0.2179537974240105,-0.4378952698117317,-0.0569609625167693,-0.4459831078622655,-0.4107049613517369,-0.4363046769334368,0.1683633772864696,-0.4327738550241745,-0.2355873014167474,-0.2982182142258378,-0.2059843176972735,-0.5260734471504027,-0.4120504252480454,-0.3843056984854254,-0.4971602137595771,0.4294448761015234,0.4664435445165322,0.4872427311966246,-0.2478127256702662,-0.3169112253375724,0.5245545986428162,0.33656485315308,-0.4318876859577789,-0.4427174455056077,0.4248789373924988,0.4367107605142475,0.3258114774255076,0.4603515901031692,-0.4688111847565576,-0.4849278788334258,0.4300603693867924,0.126884279991436,-0.5276802254932298,-0.5236175534696754
PANAS_Q16,-0.0278074270304756,-0.0295247990381759,-0.1545672889844895,-0.052199162397849,0.040592455723333,-0.2577898121991822,-0.1067008357185812,0.1538568684769025,0.1478674799911768,-0.1679476532984744,0.1803268197939302,-0.1603140912991942,0.1709833262267178,0.0319635389363047,0.0298536502410041,0.123602491793846,-0.1529948166173296,-0.2071728015259233,0.495898155540384,-0.0929407992786193,0.2004163016841575,-0.1435363503587476,0.1413846395013846,-0.1310787472593361,0.1459367877170352,0.1402008426304892,-0.1701199940208579,0.099029793401147,0.0886126367513769,-0.1387199501674814,0.0779418603292967,-0.0889856151885337,0.2593485749854784,-0.1647138738283679,-0.0108310170541791,0.0995785108561186,0.1550912383125298,0.2636842387146949,-0.0033505698971582,0.3498231902649337,-0.1351085136766539,0.1299879210563763,-0.1313695688161517,1.0,0.3433927232695578,-0.1246174572198248,0.3022195142189587,-0.0224407738996773,-0.2047164795913986,-0.1084742478908775,-0.0122081680964729,-0.0747947375758515,-0.2792652174027578,-0.0767392826631079,-0.0430884730804021,0.1051168548730371,0.1093854676493348,0.2554861736350531,-0.1837446686759648,0.0345508378344319,-0.1728871957964196,-0.075408826782113,,-0.0552457335575878,-0.2329689318837341,0.1865597635885723,0.2491342624382687,0.1346907043821817,0.041052156695155,0.238865368807192,0.204543642878233,0.260401426870118,-0.0529165559401304,0.2442440924774985,0.2534314437144352,0.2023915418312107,0.101423287076087,0.1582775517408398,0.170960209265477,0.2103473160706226,-0.1613004004656251,0.1618574176288273,0.1740122552279324,0.1870200231297102,0.1850490124399141,0.1493677763438294,0.2294239008713588,0.1992219239778088,0.2465058862296062,0.2333678684279624,-0.1986905162546236,0.2445946406779076,0.3028489761380382,-0.1325106738988296,0.1092738559764783,-0.161894611131974,-0.1670431927865819,-0.2677916738381403,0.1549179232539189,0.1365104770249793,-0.2181026186424898,-0.2516710890476217,0.2060179483119761,0.1274099014784174,-0.1987850636704825,-0.1456459374904936,-0.2844830825412224,-0.2246866111328531,0.1402679752927676,0.1471834264791033,-0.2671456798711135,-0.1213737559045484,0.1462203193530376,0.1764553647037259
PANAS_Q17,0.0339310788147774,0.1801465980712069,-0.349068900304964,-0.2371878157062242,0.3301034508710662,-0.2498213628846615,-0.1823611781080611,0.0527825554324577,0.269472481653304,-0.2675775157634554,0.2868811592970395,-0.3240198765968367,0.2139141482572546,-0.1005917572555323,0.1053294183368836,0.3780538390574886,-0.1817136513747309,-0.2881240519411966,0.5062341178913047,0.0158803689792452,0.3107320462876637,-0.0672315436192874,0.4111954131869593,-0.2149237296831515,0.2009203508167076,0.2222352501689861,-0.2908599350249697,0.1400150356236724,0.3293507684242323,-0.1371696957619678,0.3033902770436356,-0.1798727814669923,0.361246441462812,-0.0565158497096493,-0.1127441927145487,-0.1317047998488356,0.3830922274328167,0.2724189882314105,-0.1714802153792857,0.195740230124311,-0.1351789489301821,0.229938728342623,-0.1028986508502076,0.3433927232695578,1.0,-0.1379756523978588,0.5121858427357,-0.1269051953655322,-0.1548579802484117,-0.0435758907135827,-0.085916418434558,0.0172050374894685,-0.3066521963556783,0.0012246297616038,-0.181022414705774,0.2941584680863303,-0.0475755624510104,0.3527099399541715,-0.2040111820144347,0.2094290638707723,-0.2559024218178888,-0.1812024557464566,,-0.0549815842533961,-0.3663335714714718,0.3628237268692222,0.1719965397595645,0.2918852400520771,0.276071612536916,0.422970141969896,0.4189394748365681,0.3107517664665546,-0.0709345684648847,0.4221910553380378,0.3291039479687161,0.3009767774926105,0.329687690093011,0.39883438026176,0.3514838596758708,0.3071263794632005,0.0001990654159108,0.3275197165598126,0.1560592617517039,0.3141971418914439,0.3512131494511346,0.4005965914269284,0.251479691543931,0.3453755083069528,0.3894568540661769,0.1748880624657659,-0.0893294857492333,0.282190744851442,0.3028590635542006,0.0775412284259118,0.341279151966598,-0.3157540413186207,-0.3542862250632737,-0.3043437178589454,0.4167320060720894,0.3566635325581144,-0.2666427587257911,-0.2565927622847369,0.3406146013910223,0.2493826578622453,-0.2792238752848911,-0.3613213949865772,-0.291649574907196,-0.2874316920497443,0.3179049010964265,0.3362436432954181,-0.2930482480349535,-0.0642613832201559,0.2452736161378145,0.2946435430664465
PANAS_Q18,0.1572285690997548,-0.53188887717102,0.6054001088324648,0.3529433457422752,0.0565921966121778,0.8476729646260994,-0.0934947820439159,-0.1944027935543496,0.099440095185861,0.6767991321150131,-0.4671926149893098,0.0716172629998273,-0.5215850003199185,-0.2525185651820877,-0.0354947137849451,-0.1425293483608288,0.7322935590072246,0.0400762003634719,-0.278342807231406,0.0587524748670699,-0.4910697610237043,0.1167620719457623,-0.4891969141960899,0.6135648575478139,-0.4569273878576637,0.1045615350684236,0.5824307252915193,-0.4325913340928933,-0.0337548307918808,0.4713422781468415,-0.0052905370799209,0.5511174873339456,-0.2532310818956135,0.3648441063520988,0.3285896245416111,0.15794782570315,-0.084377656658722,-0.0605384119943678,0.5343601590373739,-0.0068467866652411,0.3290250003766908,-0.0849865654573388,0.6335430304730449,-0.1246174572198248,-0.1379756523978588,0.9999999999999996,-0.0773634732864069,0.5886915293770061,-0.0716989542597492,-0.3723658831944837,-0.1895861621127812,-0.3936985453642929,0.5216703533776132,-0.3884464625444858,0.6620917344551178,-0.3786789216314662,0.0007989198100637,-0.4278391400243687,0.8918359297622029,-0.4310331423135302,-0.1762637719281095,-0.1450239928838422,,-0.4274103757007303,0.1272289761314599,-0.3583040258922898,-0.2144109904403329,-0.1161699543816298,0.1176516314736318,0.0159181079974037,-0.4213801137899934,-0.4476560352731657,-0.041771765590793,-0.4399731300526005,-0.5546977315190503,-0.4415727006809062,-0.3940770314887967,-0.3748281826081091,-0.5051618163914959,-0.4156477847884836,-0.2639432556887929,-0.47886391561025,-0.0802950758873186,-0.4634459449171612,-0.4156525053780293,-0.4429569366188935,0.1631316001342555,-0.4235850739693365,-0.2739071473406764,-0.3053658488558932,-0.2241599363843221,-0.5375780963239386,-0.3895529960177353,-0.4226630560435829,-0.4948530834314661,0.4708011838228578,0.5355424333618541,0.5661463335783126,-0.3073379957547233,-0.3746857627099988,0.5602346866265702,0.3705791655110623,-0.4114355435192524,-0.4517869120736236,0.5249280882095382,0.4886918302439505,0.3312489913367897,0.5261968686631272,-0.4861567534807238,-0.4670641555938605,0.4811755268592723,0.1526829954356212,-0.5289022228544065,-0.4958575991369129
PANAS_Q19,0.1527879598496128,0.1793638261773699,-0.3916381754611283,-0.2337172453035326,0.4271439842909817,-0.2275951471632543,-0.1262571840794598,-0.0912426233398219,0.3526584589599342,-0.253208034088542,0.2607813312971556,-0.3334730861830444,0.0541611572353388,-0.0959625771747992,0.12927181013024,0.4826583165694573,-0.1090569399243996,-0.2435243479017064,0.4876005825183666,0.1130347445800507,0.2709441182404006,-0.090289623483427,0.4223300949548915,-0.1801287550054127,0.2560881327426507,0.2809465416701225,-0.3569158417710152,0.1854332850788713,0.4679535474273223,-0.0875007932286364,0.4739111283601708,-0.12393264654454,0.4330923798854822,-0.0133813486011391,0.0175467210299828,-0.0849630447605744,0.5328900402736692,0.2193143072856694,-0.0438651355994378,0.2432149035987701,-0.072075505554903,0.408655768439518,-0.1076799797230804,0.3022195142189587,0.5121858427357,-0.0773634732864069,1.0,-0.0336836592910809,-0.1875326303734062,-0.2304381122069743,-0.1000791010768392,-0.1593529781136689,-0.3326330894507499,-0.15412580870078,-0.0815778818953227,0.3812478858743561,-0.0544282337174751,0.4535056986330719,-0.128409241992746,0.3478433347571903,-0.2953088761919621,-0.214760712766903,,-0.1051484955264353,-0.3493848747771568,0.3686460646652846,0.209724323743133,0.316918421773435,0.4190630251949769,0.5731958485848556,0.4366043385767741,0.3493547130805537,-0.1001850435204819,0.5294704355355786,0.3706600430673317,0.41748380221464,0.4286462161402893,0.4425838351960055,0.3868292231828772,0.4242843580729886,0.0375631003706255,0.4406931107276485,0.2095821578105289,0.2392597869243572,0.3482267743794225,0.4528411763191348,0.4445562852299766,0.2652304411048072,0.3717616135562934,0.1931323530969536,-0.242105704784293,0.3850931643518344,0.3507247286306129,-0.0719468696251553,0.4616585922158108,-0.4230055991545384,-0.4537474966800365,-0.3070641007339041,0.4540145729514148,0.4698617248530955,-0.3786191346571278,-0.265466807097667,0.4143276664605421,0.3464396722690697,-0.202481519279037,-0.4327496429099833,-0.3278612664848339,-0.243079978411669,0.3793013416973528,0.3593888010682444,-0.2439292105824331,-0.1153206313564694,0.3434282590662833,0.3168002784334925
PANAS_Q20,-0.0113638566197626,-0.5291264608910202,0.4700704631703949,0.3083697332355974,-0.0607028260591748,0.5497128637321084,-0.0775893633711672,-0.11366015428719,-0.0352772658383378,0.4894223914958925,-0.437737295939512,0.0053029335202154,-0.4907178329520957,-0.2119626632535102,0.0030522778830514,-0.2426884994005491,0.6754575792613002,0.0482344131955491,-0.2566414700082351,0.0932618853681183,-0.4282306331689712,0.0346849759437664,-0.4655376271788624,0.5692863106273856,-0.3652630037301668,0.0123317897896033,0.4614758535386983,-0.3165711014806713,-0.0513627700688594,0.451104073887363,0.0065702712329255,0.442251128586541,-0.1589281589038138,0.3621302156242591,0.5364824962109707,0.2272400119232465,-0.0724128930276068,-0.0493297917380221,0.3999485595594008,0.0717311343067969,0.4286295905528248,0.009340112441606,0.5201760492111074,-0.0224407738996773,-0.1269051953655322,0.5886915293770061,-0.0336836592910809,1.0,-0.033471408421568,-0.3262367058661509,-0.075727391933454,-0.3722751840482344,0.4721033844954935,-0.354207053123721,0.4680839299986778,-0.3991980791664105,-0.0350431225269671,-0.3632440625969499,0.5983010019080337,-0.4094445857022505,-0.1163727844709862,-0.0895068383941249,,-0.3414195313996641,0.0361074057764523,-0.3986710908988802,-0.1754596682851018,-0.0587728850030065,-0.0128934108283125,-0.0689587300105598,-0.3996625935109436,-0.3497739092848767,0.0487730749600296,-0.373172374670432,-0.5012641811475296,-0.3693186197954248,-0.4215334875060155,-0.3795903664890076,-0.431178302381048,-0.3468637898341171,-0.3265812526903939,-0.4160831171642264,-0.104843851187293,-0.4336592353741447,-0.4013702662827949,-0.4642645931432325,0.1600123893660361,-0.4364173905239352,-0.3660664952049229,-0.2333303487859532,-0.1567468298074324,-0.4599152028919121,-0.3280289719739014,-0.4383845800020222,-0.453873428849511,0.3816003080440991,0.4073082267546296,0.4151122409029,-0.2843161831489813,-0.3319760555719786,0.3891076820583869,0.2815776848854089,-0.3445031879994748,-0.4123741222387826,0.5116067122825532,0.3656797850854348,0.2634232819249791,0.4259962861191257,-0.4477338635880719,-0.4124342458401997,0.3689198703825436,0.0411297004838307,-0.4571332622775252,-0.3919872437193099
POM_Q1,-0.5152297386048037,0.458041991503359,-0.685167774723178,-0.6165910913812316,0.3584800187980058,-0.5850605054622817,0.2067655752029888,-0.5580906354107212,0.4227387149824663,-0.643296375442548,0.6840680926533274,-0.3223944803548729,0.2720947049326874,0.1007711297621632,0.1514591280790185,0.6534599715277176,-0.3299885355946197,-0.6211205026976119,0.4947507996482227,-0.0731274596663324,0.6818739583848004,-0.19176180226627,0.7267142028409326,-0.6248858496011221,0.4603131425547638,0.5103582578729751,-0.6294723860511827,0.3496608451497392,0.5401721678100434,-0.7087479537309478,-0.1116651462571987,-0.6714616469345716,-0.0365954578041665,-0.5959886600924444,-0.7048744911862777,-0.5778106831868723,-0.082537364586017,-0.0668204812148689,-0.5280816360788152,-0.0055637360209555,-0.3177328174404147,-0.1006770728567088,-0.5537597921808854,-0.0182302096072416,0.3151643726360705,-0.604823647133245,-0.2759255214953425,-0.6768954174428546,1.0,0.8420162447581447,0.7673110021539069,0.5786414970645032,-0.5339532671229744,0.6723902842210536,-0.5440599015651388,-0.2274212277603631,-0.469269144122462,0.3499558999720805,-0.4949709008736873,-0.1975056117188676,0.161502637150988,0.1504239396946394,-0.5649534592594972,0.75313112304429,-0.6485791307673172,0.2514091818126887,0.2262327527660029,-0.0322166840569644,0.3892166720818606,0.4806820110044645,0.7384087820410845,0.2366542846643757,0.0050823771509534,0.4787344177445662,-0.1654369722136103,0.561886471352234,0.5221981872547352,0.6796994334903959,0.3395238970471154,0.0044587446216101,-0.1174202508410936,0.5126763925457007,0.4222727263202164,0.24931172705038,0.0454831608579065,0.0606862827582247,-0.2505778772774968,0.4895668288256227,0.5608304616628672,0.7073325390392786,0.6429169273110836,0.752607123201861,0.5854180166486396,0.3257315068964788,0.6910655689198026,-0.6832059580561203,-0.6610442766153318,-0.7076742924100232,0.6397928352234301,0.6891219111036284,-0.5558708234528712,-0.659701384795829,0.6542250434889613,0.6861331961983919,-0.7610359417002218,-0.6790797120626039,-0.6255790309654718,-0.707733901119187,0.6178790747606979,0.693742018974604,-0.6913743651784933,-0.3576721180403355,0.6121111448560427,0.6028681572264024
POM_Q2,-0.495445892772232,0.4849377913003848,-0.6913329897214885,-0.6290264308475274,0.3644287884825583,-0.6569715789719479,0.2035070686713211,-0.5518803704069387,0.3962504674581445,-0.6691044819590706,0.7365987200356159,-0.3833115800974683,0.340816700041081,0.1549263143805451,0.1017858251288038,0.6971300482814962,-0.3849804755848601,-0.6291504150351052,0.5231098280681881,-0.0809321193174812,0.675755190388726,-0.2410314580024573,0.7553661213052436,-0.6834000705103098,0.4508573732938126,0.5001153678912895,-0.6598225178171393,0.3753657609777616,0.5836091727915662,-0.6729703053891991,-0.097822978617138,-0.6886494102203243,-0.0618981406961305,-0.5683365592888054,-0.6491086189571463,-0.5428753117605143,-0.1625992915006443,-0.0485640618609763,-0.5932768227685302,-0.0596917511703249,-0.2951007208064931,-0.050814261625179,-0.6265956283047289,-0.0098807536641607,0.3816249073930824,-0.6618334719374481,-0.3470875603874376,-0.6720714759520189,0.8420162447581447,0.9999999999999994,0.7954003135900753,0.6788336812008513,-0.5396572132170594,0.687418802210132,-0.6053334637054815,-0.2215695531015487,-0.4546970288397431,0.3894546333093976,-0.5584894626106192,-0.221805459222432,0.2738725154563904,0.1635358223220499,-0.5979068476271853,0.8045058472944557,-0.6961588383044156,0.2206053250148249,0.2575184174546019,-0.0238678658346586,0.381754154042657,0.5181935476021259,0.6771947520627183,0.2647839964698815,0.0703863173587135,0.5434875515252103,-0.1035179363361009,0.6094921734945743,0.4498565566921795,0.7229877845545845,0.2688186681610832,0.0342226656931697,-0.0846641486917584,0.5675050692373432,0.3469079812321418,0.1684794631688734,0.0190043072384505,0.0532618262244689,-0.2928177604306699,0.3893828203716832,0.5966136564258384,0.7679393242089811,0.6934427924987507,0.8210264057668628,0.6390745585656457,0.3488615771561615,0.6952446273089534,-0.709798013083975,-0.6827442500530578,-0.7194803496277999,0.6541395461379368,0.692058451056857,-0.6020901819551487,-0.6909708150285833,0.6798853887683993,0.7123310491171133,-0.7700675003363451,-0.7077792374708602,-0.6727058466878155,-0.7161645757555106,0.622606627198369,0.7029889649347075,-0.7181551151742521,-0.402011982852424,0.6314816690662839,0.6201366304093721
POM_Q3,-0.4573971629877866,0.4695985689356255,-0.6929306229767724,-0.6226980948229996,0.3512724252412551,-0.6344576649060378,0.1372364484973986,-0.5457794068753925,0.4081452566893687,-0.6911478322064744,0.6936607678870161,-0.4059463237441354,0.2761600533723231,0.0956434781371391,0.0544816537709652,0.6805412570591405,-0.3612159818725818,-0.5727933677914855,0.4870418196209912,-0.0919970304358382,0.6580229228971677,-0.2247251154957138,0.7165621062276101,-0.6827507589916983,0.3956227445633892,0.4816081374553017,-0.6685690104411007,0.3438568366228284,0.6040066714676019,-0.6620779637430552,-0.0977348959281168,-0.6976000786723342,-0.0865993208960263,-0.5050185050141163,-0.5969078570930417,-0.4968355330005368,-0.1102629308707517,-0.0697935223571769,-0.5511365970159259,-0.0148385916403471,-0.3083921669346239,-0.0898548323938533,-0.5901412835498139,-0.0529252461516101,0.3759353350906707,-0.6208633652797828,-0.3111267160939466,-0.6689301815768,0.7673110021539069,0.7954003135900753,1.0,0.726681881206654,-0.5511650816412614,0.7109909299486693,-0.5553087777515751,-0.1951290149646914,-0.4700798862579922,0.3908359800396704,-0.5132847474822363,-0.2348283377586041,0.3644538381631375,0.1832855872502216,-0.5998192485762828,0.7952985092703968,-0.6965222045992091,0.18868058851771,0.2508700258586725,0.0077255735434387,0.3514878842747138,0.5164583052987434,0.6759141387831265,0.2488724323312317,0.0866491496812284,0.5355338088974866,-0.088889898623857,0.6182654122751526,0.4372189982238206,0.7078416987876628,0.2380997952629281,0.0712828261719344,-0.0725009064822285,0.5846495479235627,0.3570959257011098,0.1742025338256647,0.0037198321958345,0.0688261254939707,-0.2187023756638343,0.3937758240239368,0.6054663055221153,0.8012356932091691,0.7127785833453122,0.8458699136526473,0.663559013303813,0.297726865557229,0.6858123573193848,-0.705464080933039,-0.6874076174551538,-0.6995318497047394,0.6462426303270321,0.6849175797628809,-0.582331498442285,-0.6814925357476352,0.672514488940446,0.7060138602126942,-0.6892564796429926,-0.6894053199158263,-0.6830670914423351,-0.6922060321456199,0.614439576319391,0.704041806514573,-0.6829928652828806,-0.4304475468030498,0.6063384385304345,0.6287448000105986
POM_Q4,-0.4284390903177812,0.4462444088936993,-0.6477645531143776,-0.5981617650529727,0.3278640758618295,-0.6531208839998981,0.0606743496596058,-0.4858645565809248,0.3219333031940607,-0.6378520891407936,0.6481059176538706,-0.4698107329524297,0.2816437520386074,0.0730068752621282,-0.0322350447897894,0.6167107635294409,-0.4110945620652772,-0.5540749005065878,0.4461565219376279,-0.0895026481942694,0.572614051852635,-0.2822178547312958,0.6463639544805869,-0.6679336953803475,0.3414627920476593,0.3451841430286557,-0.663126151710608,0.3249809270287407,0.5106387972604125,-0.5371687104207867,-0.04675239900095,-0.6330913343876092,-0.0855310189949679,-0.4468220776017067,-0.5117440080097704,-0.4219428649256512,-0.0872475806391799,0.0175813741547549,-0.5324269922579716,0.0256109040625192,-0.2551054523371243,-0.0204008153657074,-0.5633187101397077,-0.0202731307295226,0.3666624111110417,-0.6133951917826523,-0.28554788490563,-0.6137498968450095,0.5786414970645032,0.6788336812008513,0.726681881206654,0.9999999999999998,-0.507643654308683,0.684871256677946,-0.5465055747832921,-0.133155909868804,-0.4204852111675362,0.4335814835177226,-0.5418222080053383,-0.2172314566462211,0.4309780894174503,0.2069595917731852,-0.5598134000249404,0.7889737686588627,-0.6780908588549756,0.1935761780268725,0.284805746898439,-0.0390076255331181,0.2807276374324712,0.5236994573702922,0.6098265011438591,0.1169322495322688,0.1136327351016046,0.4691198895228657,-0.0022998946217025,0.5697928976027316,0.3575170162758855,0.6762797559483176,0.1275200748517161,0.128654401958218,-0.0280134250354024,0.5015874775233085,0.2177582716649346,0.0908183797507626,-0.0133977480998075,-0.0250958858075632,-0.2132601622781686,0.3246213809324023,0.5553762471537822,0.7598595526991572,0.7154902044763491,0.7865218549289479,0.6414241929313867,0.1984470355018133,0.625647279975903,-0.6799107127482584,-0.6362071865606256,-0.6432389073614321,0.5831014577559123,0.6214085928208304,-0.5820765469278788,-0.646858173975705,0.633558235090724,0.6330871386783401,-0.6502626424763442,-0.6424719505553476,-0.6586056625876495,-0.6011723992743548,0.5852784204435224,0.6290654426029906,-0.6413965912484407,-0.4068818292126751,0.5952672057279,0.6146321502350769
POM_Q5,0.318985777457539,-0.5124109217101167,0.7310434986665855,0.770073384828476,-0.3980312346951226,0.6771935214815252,0.1795942547863254,0.5446793854197034,-0.2298493644977491,0.852717367152646,-0.7383977386541717,0.5541664426320392,0.0088409967645361,0.2441613961496979,0.0629848239324365,-0.7049014810153453,0.3940283057182785,0.5443462250260205,-0.5591852161488403,0.0833242699238442,-0.654255173231636,0.4423404782272559,-0.6285574073993863,0.6891202698118359,-0.4588631165993747,-0.2143196648673592,0.6444034732669197,-0.4612830046326135,-0.5673146530756679,0.6281609404557802,-0.0495686284590846,0.6480280691885019,0.069746104600795,0.3934850010600623,0.5279520162105427,0.5290345800447925,-0.0075933465341166,-0.121156924278409,0.5311220759755197,-0.1253183872342068,0.1779554546626721,0.0053770708059738,0.5424479760849338,0.0285049297064118,-0.3962454695787428,0.6235207224815001,0.2514113430661642,0.6395678616521454,-0.5339532671229744,-0.5396572132170594,-0.5511650816412614,-0.507643654308683,1.0,-0.5931517556043693,0.5906908090036487,-0.0102409349906707,0.3982438648029671,-0.5444315765597063,0.5597681195651738,0.14887561235071,-0.4171390487463141,-0.4160253522183081,0.5936386407646739,-0.6131185400875097,0.6088275317045817,-0.0265908327884246,-0.2528598389055768,0.3074065182952068,-0.3064330511627564,-0.5321310900853794,-0.5838514954318632,-0.2209149060308596,-0.0990963046026846,-0.551456208748687,-0.016085063501814,-0.578674093974246,-0.1515006550989443,-0.6852610944266387,-0.0491327455744562,-0.1459449623634649,-0.049405695150266,-0.5774116639530887,-0.2915970408941905,0.0087843300132096,0.1953855874395018,0.2611989058717755,0.2957194928458607,-0.1393263857615212,-0.4776274361337482,-0.7053400385421748,-0.6647440117954575,-0.6622081494486272,-0.6627849060935542,0.0434941466395044,-0.6820161412680347,0.7405943516415607,0.767617975134343,0.6866259033113379,-0.6205894750846381,-0.6644239023830724,0.6339988719207257,0.7438329702065942,-0.6922764026408319,-0.687001226276595,0.5913247140730864,0.7192173026233322,0.7551454150204522,0.6661790831626173,-0.6498346366327665,-0.6795573309557988,0.678848928754568,0.5024598858536947,-0.6873148786349971,-0.6880749603392355
POM_Q6,-0.4456049118184132,0.5400253743503991,-0.6909348974733696,-0.6055199423284023,0.3923956022118218,-0.670946023421482,0.1017138581066519,-0.5478047599805165,0.4431464522304906,-0.7118048953349454,0.707647359834118,-0.3880906618059394,0.2370971817284171,0.0793759488423071,-0.0500942191001339,0.6702349539085573,-0.3652791810398708,-0.5430605898427185,0.4972020335280204,-0.1265759055960178,0.637599624327345,-0.2453498048681389,0.7081533064309393,-0.6923615603668996,0.4153470539146078,0.4055050061549466,-0.6889391700363203,0.3692826937113889,0.5120554969606845,-0.6325148178721445,-0.0977277991658191,-0.6882586292097272,-0.1033060330548192,-0.4267623091597785,-0.5897681436085224,-0.4961572059938518,-0.0971469472167213,0.0044719451617117,-0.5876321420081989,0.0075279808098483,-0.2840504657130099,-0.0597210441198728,-0.5969418890845831,-0.0486382490258098,0.3494469668028824,-0.6610111206429107,-0.3168789686059136,-0.6582037609032183,0.6717840549976428,0.6862744627611153,0.7096316080131204,0.6832504499949691,-0.5934663398990877,0.9979502246914708,-0.5945651884236546,-0.1461099397037674,-0.4387657032459031,0.3831459282534509,-0.5893186793822595,-0.2630745430908077,0.3654353119326783,0.1674333635514506,-0.6109933729101422,0.7994142981889933,-0.6907044638074935,0.1683916175883014,0.2052222150808136,-0.069279576484569,0.3519617687197085,0.4723114246392162,0.6659976051556166,0.1540155692001461,0.1236421716369376,0.5303469040827218,-0.0675617479065369,0.5571781249877066,0.396047901641388,0.7491106763569566,0.2122319555010054,0.0802348026436872,-0.0692904302817246,0.4859211563914837,0.3086655470737859,0.2026683088910788,-0.0310685157879496,0.0269928849733591,-0.2591828426198632,0.3534931877913524,0.6065118360556498,0.7561655202789516,0.6837443225796506,0.8016236101058499,0.6451258440823713,0.2263318494496067,0.69161661384071,-0.7133807182536294,-0.7000301904293972,-0.7109953285784338,0.6349524263522933,0.6759996883784869,-0.5758828789475057,-0.6943426301281852,0.6730500462816374,0.6828685989375334,-0.6701443892679076,-0.728063526376433,-0.6863143538592744,-0.6779705032353676,0.6232281407047189,0.6917149506803079,-0.7226056205323536,-0.4010119093552093,0.6077127612822086,0.626359681161129
POM_Q7,0.3781329457365386,-0.5637235329276312,0.6728166371694065,0.665290912282323,-0.3587558008795488,0.8041343482075776,0.0753422784467657,0.4285006429606467,-0.2651215239912843,0.6887887243761506,-0.8034907538175987,0.5004071892713654,-0.1856232661852612,-0.0956968826937871,-0.0496646124471508,-0.7143268290331573,0.4220980943163851,0.5229817545696169,-0.5639938483958891,0.1097615233171047,-0.6867753469559751,0.2979349423450521,-0.7163047887185718,0.7437551630303915,-0.5684345686907146,-0.2367835716227597,0.7107068258836603,-0.5139026061795369,-0.524323110747594,0.6561287665093365,-0.0131033476080398,0.6885950691331606,0.0872173458811471,0.3872659556259663,0.6847913114533868,0.6151729650019184,0.0726386703673734,-0.1156187416355555,0.9150495895334176,-0.0593958517136462,0.1433771452681374,0.0290928378364091,0.8939800257744933,0.0268915529258464,-0.4239030326866976,0.8261207835210582,0.2678143268180623,0.711259715672006,-0.5440599015651388,-0.6053334637054815,-0.5553087777515751,-0.5465055747832921,0.5906908090036487,-0.5971851101917471,1.0,0.0911118671900458,0.4061146871873499,-0.5362751599933854,0.874088150038122,0.1842157070394118,-0.4437841313037377,-0.3716243522534677,0.6563100462021786,-0.6593274701514638,0.6068416458269918,-0.0397451190777024,-0.2888118792959942,0.3419060711791499,-0.3122346394797577,-0.495613032873099,-0.575964592143468,-0.0954753109300998,-0.2068960074712114,-0.4784119441618956,-0.0655893201351757,-0.5787708534540035,-0.2785612560591923,-0.7038376125903344,-0.1138090607882015,-0.2186728189398361,-0.0334910952758996,-0.5886196894918165,-0.1011285483600658,0.0172516391516184,0.147077909435285,0.0988829060125808,0.591350661771491,-0.2015252446135051,-0.5331547148672076,-0.7223337019155189,-0.7045808656555513,-0.7196085796234188,-0.6686887111162836,-0.1646954498927115,-0.7194113404815508,0.7149343163021942,0.7128294046062946,0.7346333416761656,-0.6603864590464801,-0.7003588351956117,0.712499926669478,0.7448333959781603,-0.6738951009570939,-0.6803580936120579,0.6271274807170797,0.7372893369869182,0.6901052104053262,0.7249187705267596,-0.6667774606905401,-0.6846354907441199,0.742076256241335,0.4944553245693246,-0.6876568194101663,-0.699699895913112
BigFive_Q1,0.2087237651377661,0.1081755132674224,-0.100403675317013,0.1364599226532031,0.4459072822382846,-0.1893354115312568,0.0847505307021171,0.0686432877510366,0.1306601236233651,-0.2250401726114861,0.2599613853218587,-0.1564670862999132,-0.0883410026287353,0.0461433096521487,0.1787254924458204,0.3945678471476699,-0.1723192126591114,-0.1318242802930201,0.4531601099549179,0.2682675300222527,0.3732340691413967,0.1356486571293487,0.4618871403682438,-0.0118966223454999,0.1388371473112303,0.3390609819330557,-0.1006510822609614,-0.0477015658895986,0.5281677462540064,-0.0436779808480636,0.5205634586612371,-0.0484710724908673,0.3381673099824441,0.0643342552136084,-0.0109387610465027,-0.0065488496780784,0.9013772395079358,0.0056912882684532,-0.1325806920641817,0.1319054414078468,0.0795035080285094,0.5158075723343314,-0.220805075582238,0.4001352648379671,0.2595484728638081,-0.1809693294426607,0.8453020172764195,-0.1552221178050811,0.0242412508235354,-0.0480530465867596,-0.0317703773659856,-0.072089686152736,-0.2057289067406841,-0.0560814663267112,-0.2030812736039701,1.0,0.1530356683921068,0.07370196169542,-0.1984708361025716,0.2380538129504549,-0.5285009806486197,0.2023605698914045,0.0786419014615695,-0.0767784549142444,-0.2395870227010282,0.250868048724984,0.2089696569501022,0.1262880879999638,0.31247795690558,0.4479271545411338,0.3152934226520291,0.8402921484991455,-0.1142636281923075,0.8240623085280722,0.2743127031703075,0.7646639340118743,-0.1735895617496005,0.3196534548127795,0.1452379585997602,0.3904827986264114,0.2793599926107755,0.5337516189792529,0.225883629000091,0.2813792846170633,0.1633856918983152,0.5527209988340085,0.2019113858863526,0.2330441483175067,0.1749085470754983,0.0849961674179452,0.0769236469719251,0.3196454013902141,0.3507419555940304,-0.1054889447619268,0.5136700822316791,-0.2107811642376509,-0.1734805717580035,-0.1360182178552115,0.2499859064927075,0.2486280710642451,-0.2972763768003292,-0.2004954092703035,0.3592860056557985,0.2252619744771294,-0.0276660565584525,-0.2106292642770765,-0.2128108951043703,-0.2014654553562911,0.1525600231258999,0.2076682546703149,-0.1280454038226479,-0.0701657052234649,0.2584358018344364,0.1176185027367896
BigFive_Q2,0.1176394573392337,-0.2064863437090824,0.1601904779104505,0.2419426295931046,-0.1207717538883211,0.0814674457001566,-0.0408015863400856,0.1090740504205871,-0.1831167341669187,0.0409931576663936,-0.1599381354820966,0.0631974736788858,-0.2790895457190792,0.0794331559428815,0.4380390551548687,-0.0553624225092515,0.0936841320645962,0.1335427471035985,0.0021897574149288,-0.2077141028050512,0.0589683099080006,-0.2429333623363496,0.0151342854965951,0.1876920839099392,-0.2759168889330665,0.0084794817116304,0.1048811116002722,0.1843889586294062,0.0543274709830934,0.0576809509624341,0.1506368026684257,0.126368603498541,-0.0661336731143222,0.0465410195669209,0.090790167452035,0.2744079101514203,0.1431574052115446,0.0132051030944243,0.1595865051145093,0.1087741168956193,0.0756910621160037,0.0643719021474639,0.0397622248122255,0.0827584476731027,-0.2552534194692019,0.0622447192759676,0.0689125834167198,0.0830795260345103,-0.3195048263191897,-0.291055908037291,-0.333255362531831,-0.2897770246790468,0.0310480000554207,-0.2976141680266326,0.0762570327045681,0.1530356683921068,0.9999999999999998,-0.0017463124877311,0.0955268757885032,0.0971332094779379,-0.2614736426166164,-0.1782015349051129,0.1015316999116164,-0.2731160499799792,-0.0710408940382288,-0.0391236580698204,-0.2636584707430625,0.7447206729535496,-0.1020795022785151,0.1551368693933056,-0.1333481814205326,0.2439837635184195,-0.1789686566459771,0.1040556283604942,0.1043633884185739,0.2300760257408993,-0.0092926107586641,-0.0848796828496482,-0.0047134911726842,0.1101542590856721,-0.3040451919636744,0.183280332983377,0.235205112104142,-0.2763789796151766,-0.0001207526925966,0.3185252593728046,0.2525473994266679,0.0413030221620829,-0.1209459289057836,-0.3708601083131504,-0.0722580780691049,-0.2755943257262483,-0.1539885149287643,0.1483358610511888,-0.1202877406055148,0.1184278243473911,0.0540475737945361,0.0424232133692233,-0.148207522746357,-0.3739084553558802,-0.064239478909595,0.0721004404679071,-0.2819790273684927,-0.3211204554644567,0.1397721671911971,0.0029086214451743,-0.0655589336988223,0.0847812250273195,-0.2430610261647521,-0.2946129923283059,0.0455752773133426,-0.088252198658356,-0.2811174749006943,-0.2694320516699329
BigFive_Q3,-0.4214021304096306,-0.1140627969796542,-0.3620683778842233,-0.1067008277167066,-0.0646905988373236,-0.1864059216037599,-0.0492921516630888,-0.2115577721107865,-0.09973711383472,-0.320235495970566,0.0361237083821776,-0.2076860419476487,0.1675541311499301,-0.170528105520971,-0.0078493134127854,-0.1500522871246728,-0.1711658849369481,-0.3247779052982095,0.2978307188150896,-0.1269265943470584,0.1647627809483206,-0.0901042883111417,0.0572041782301442,-0.4791051629771119,-0.0540244719419292,0.0438537884624667,-0.3784945148602844,-0.0786886251311317,0.1130530549913836,-0.3152854617109115,0.0328474902397726,-0.2901698480946123,0.2993014628953641,-0.1328733828117478,-0.3101516571939694,-0.0846705616020859,0.1159744137720096,-0.0066216501006127,-0.3549012368600428,-0.1468208163593757,-0.1756665987004236,0.1645346956417449,-0.250531788218719,0.2556765122429686,0.29596569538678,-0.2564143522372475,0.1092995739053916,-0.3402712541822631,0.0887362579596086,0.22895022429813,0.1885082139931453,0.2046809826271893,-0.1292763003761123,0.2190721296622782,-0.1932875843211319,0.07370196169542,-0.0017463124877311,1.0,-0.1791777225008909,0.0999982086539302,0.0671048086536042,-0.0768301130977847,-0.4184260928960194,0.1997138237175943,-0.0611523676879274,0.1001678724465461,0.4634703700023559,0.1393208861178603,0.0248574100501049,0.4448633190879533,0.5548988335257035,0.1935154630106131,0.4012055153021108,0.1463764375963713,0.5510971104433844,0.1339803136448697,-0.0102028063768457,0.3674239978842221,0.0653686504236629,-0.161169965374343,0.0186912249594334,-0.0737476840627993,0.190907397538676,0.3524868172639177,0.2800654896492259,0.078763312767787,0.1515264128838809,0.6095092792681059,0.6088046291874447,0.1640815976205659,-0.1078610622086243,0.1806759286507845,0.2346070977193747,0.0608540354109823,0.1864222935317786,-0.3109070561131135,-0.5636109230261659,-0.4028732727225447,0.1688854948781527,0.2100300782978733,-0.3084152517821683,-0.3470619337822856,0.3003644156560108,0.2274819651156227,-0.4030310332251867,-0.4345389541165075,-0.2527451120271314,-0.4256496714928116,0.1873477068442823,0.3283586137478871,-0.4135325124713653,-0.2288687914284821,0.2590144999799476,0.5448378558159745
BigFive_Q4,0.0886733647779174,0.0101638729054207,0.3484032661323566,0.1174102640257494,-0.1966111239278136,0.9110285532494976,-0.1239929017601981,-0.1010284805389417,0.0204906179511732,0.6636739622369355,-0.1315935293963477,0.3929699572478938,-0.3764984378909761,-0.0749469165345643,-0.02183637371835,-0.2468153899566853,0.7962613695175917,0.1217350161433058,-0.5901594941988153,-0.118515882745217,-0.2698942630830736,-0.0223543550447328,-0.2223346239414076,0.4131515971889569,-0.0271662567574059,-0.1241411278464812,0.5954884157815242,0.0147016390328515,-0.2342028727420724,0.5115444011332124,-0.2811038760267805,0.5256422245292616,-0.4619929870440459,0.2173856870700869,0.5517905826144527,0.1292857154965508,-0.1695026327627824,0.0553226612727392,0.7087399725513239,-0.0378411770867558,0.1544907290029438,-0.3421695520228025,0.8734341424352403,-0.4344730227981498,-0.5420180860193848,0.8659422297034602,-0.2824732258967142,0.7853057579866254,-0.465945698529549,-0.3817273646161997,-0.400170751155865,-0.3737240391299244,0.572895965810881,-0.4082190517498609,0.9833458678898856,-0.1984708361025716,0.0955268757885032,-0.1791777225008909,1.0,-0.1823865203325247,0.1263204272813143,0.05923483725031,0.1382648827214679,-0.3608965466135982,0.1387502253471168,-0.1610963751561403,-0.320659731133069,0.0321994936397523,-0.0414398373156909,-0.1637668283997962,-0.4512077826628485,-0.2619259876375632,0.0917758449245818,-0.2871122473279593,0.006942558989786,-0.3926893575692369,0.7831509379252753,-0.1097699661632825,-0.0859134467220512,-0.2779854727283783,-0.2786240228124327,-0.1879404739595506,0.1905161872437807,-0.2727335939822212,-0.0326282799212033,-0.293449284233462,-0.0315211874981631,-0.165841034276746,-0.2355873165501524,-0.4735086338194487,-0.0552743137432228,-0.4698543704954062,-0.4693524897465914,0.0070908825971465,-0.2882136085403498,0.2600087134697751,0.3815428190171743,0.5630529681434386,-0.1033322966280963,-0.3474738486386457,0.434069950900534,0.7637386263825061,-0.3820472235232228,-0.3312362957481097,0.4783480413895674,0.5008130546721341,0.5848482265172079,0.3778102252631831,-0.2138878283716915,-0.4539231167122134,0.4026284783950652,0.3940139536193849,-0.3020646425738382,-0.2856492163412469
BigFive_Q5,0.3212425801978864,-0.0442217925462917,-0.0729866184502239,-0.0081073952390961,0.4158801984284261,-0.1601661905488318,0.1642757603668795,0.183330849628005,-0.0202753575624735,-0.14614367091715,0.1225878911971922,-0.0233402794008615,-0.0789515617562097,-0.0479803601889418,0.0022027935665319,0.3421021313641864,-0.1005219358461388,0.0010580576546269,0.3460901827646943,0.2116761653820846,0.6367232285356007,0.0117440097433329,0.6978779896600908,-0.1176776546478981,0.062403023139388,0.702084771451296,-0.0752794531912382,-0.0966761775472022,0.6713197234903103,-0.0816399228526163,0.3138727152446672,-0.0956032706934525,0.2818776114425819,0.0326397934685127,-0.0786265969580571,-0.0422375391731989,0.202148456418727,0.0816244236040205,-0.0889381223943617,-0.0145823903575222,-0.0309958927538163,0.3864898646104591,-0.1744178497565943,0.2568044774402763,0.0880922311480876,-0.184940121957938,0.3207795755795339,-0.1828485354438829,0.0552510600650895,-0.025346342791326,0.0044912501714553,-0.0263981040670839,-0.0881288622873365,-0.0383763330780481,-0.2009061901322207,0.2380538129504549,0.0971332094779379,0.0999982086539302,-0.1823865203325247,1.0,-0.2177608345683206,0.0183109709234236,0.0753568397719478,-0.0311152317719962,-0.4261508258899049,0.171195068877891,-0.0711120466621925,0.0096525560753244,0.149446827116439,0.170233792257524,0.1236857004710063,0.248554871886205,-0.1822463575216922,0.3462320556185312,0.0241092557932557,0.3798554912084246,-0.1452568968807159,0.1069919097743406,0.0190038362652707,0.3797977298896941,-0.040824919820994,0.5070060490295194,0.0474370050988855,0.0709932527555541,0.256722051367561,0.2851594316304688,0.1620385370787684,0.1410394272018356,0.1348363904840442,0.0722809214965017,-0.063167449096035,0.1513851316725356,0.2061818764144908,0.0430926462521171,0.2184435375616123,-0.1273978387389566,-0.0501172484262781,-0.1770057315535755,0.2114366758929759,0.1938211987964776,-0.2318796942162697,-0.1694702641610282,0.1667566335763945,0.1341166959193549,-0.0559989408411499,-0.216847250865198,-0.0788883740761932,-0.1374987892273846,0.2487430425300402,0.1836530912083115,-0.1638797277046424,-0.0844772614348799,0.1418436943827435,0.1709607105141797
BigFive_Q6,-0.329621933160876,0.0116266855477266,-0.0821016606829795,-0.0666776298468093,-0.4227826985300862,0.1092007300352257,-0.1226901514234841,-0.1478125325305858,-0.0267633564553194,0.0585733180355881,-0.1648402725098894,0.1349818638414863,0.3001234326630066,-0.0035627305871072,-0.1294134921175188,-0.4710297151096029,0.0163019482975104,0.0960940249768771,-0.2644841310165715,-0.2408151737171831,-0.3469393146504606,-0.0539326205660696,-0.4525681235058261,-0.1855004499738579,-0.065304776390377,-0.3029532686327005,-0.0517558795873678,0.0047008048347041,-0.4145325008818232,-0.0738772962968952,-0.4161985594094746,-0.0898503013121332,-0.2153382897012473,-0.1984570610169884,-0.0952263798967668,-0.14946156171267,-0.4808060270034328,-0.0340947594343593,0.0057373298341835,-0.0989680097172299,-0.1038660860956515,-0.4145172775514382,0.1606847372190175,-0.2787175647257305,-0.0927966244974754,0.1338946948255541,-0.5092299427346928,0.0684700307047002,0.1648178439291214,0.2609677718536823,0.2487035346594634,0.2846555624150376,0.137070056335658,0.2395727207853033,0.1403914487889744,-0.5306791433650448,-0.2626791031911955,0.0733819390469216,0.1292077847712115,-0.2158787534356262,0.9985421917377788,0.0050787963365153,-0.1315849646466338,0.2983822765152533,0.4099262083022883,-0.1663782791868285,0.1402235778284116,-0.1534650769637806,-0.1411992074680171,-0.2928513784359714,-0.0819843431912198,-0.4967162243206994,0.4233608197583856,-0.4472458239462396,-0.0917182087400103,-0.5233432062104841,0.1279470421298748,-0.0690069588035511,-0.1071832002037915,-0.3024429665404893,-0.0782187399489718,-0.3834656096460423,-0.1735979310276521,-0.0264437469965213,-0.0692377905414715,-0.2636645703758337,-0.0714661642084594,-0.0384449563540496,0.1450710336058689,0.0429630347507934,0.0707302995672778,-0.0935827053144952,-0.1093337116600096,0.0665627269130022,-0.1959506459515349,-0.0767912441338895,-0.010868408977819,-0.004231305837934,0.0203284746807599,0.0916047657485117,0.2614344265951314,0.0586443109926183,-0.0970103084557956,0.0364465833885431,-0.1156215603810936,0.0542084789926795,0.0905614180126092,-0.0068375626282239,-0.0690290963828556,-0.0056549717935796,-0.0243416293023104,-0.0784816260385601,-0.0108169215206182,0.0033562942875631
BigFive_Q7,-0.0597334170323369,0.8453213749144144,-0.1010392156211313,-0.0634971816788274,0.4424664827598366,0.0464024387959335,-0.034450645034416,0.0107457231117525,0.8177716437824698,-0.0291010238506776,0.5297508659534291,-0.0557804948712146,0.0113069039855652,-0.0173108938160457,-0.0123444072925419,0.1323762277359887,-0.0063716179810551,-0.2405806381827231,0.0676467124392465,0.5658212809830998,0.1120775473556517,0.7227794505869076,0.1336995954223448,-0.0421149436680722,0.6786692368434539,0.1481894012549257,-0.1446794931217707,-0.0879799382578085,0.1150546498249116,0.0028667647657376,0.1658660735755133,0.0082609527396086,0.0836156741107853,0.0043324684907403,-0.0202372667506808,-0.0592804208800962,0.2070861235407892,0.0235509688737786,-0.0321657909201808,0.0525696608835546,0.0498831658413525,0.2681669245776499,0.0338457605029062,0.0243059149031395,0.0512448502534265,0.0215190912998188,0.2142004987655789,0.0174915294311175,0.0217462894532303,0.0307919649331955,0.0396893693862088,0.0417570303125668,-0.0854565431190871,0.0499088638321394,0.0496526269264073,0.2172665200124849,-0.1836694034272903,-0.0647371975806488,0.0455467205346097,0.008478183368206,-0.0145752121201658,0.9907142875799904,0.0464798419901207,0.0431132347808538,-0.0667048628406162,0.1242217758524887,0.1740789791743984,-0.1036194000986196,0.704256315934092,0.2075466755518581,0.0100746407998605,0.1136312548542598,0.0852683976776887,0.2352617384292043,0.0280768834263804,0.2303596906559405,0.0663327752883498,0.4510660680266214,0.3032965020750652,0.1051050976511291,0.596529548667144,0.0933926516081925,0.1026891363446605,0.4653832598298775,0.1618964190110708,0.0585458375131618,0.0793059780027744,0.1576734948762546,0.059071029336672,0.0327528343072995,0.0170978592780868,0.1862912339754203,0.1187358937311361,-0.1802308399125493,0.3441363543237187,-0.2494115839393358,-0.15837486940494,-0.0245406271601446,0.2815191792524709,0.244508561430236,-0.1033850713449149,0.012667848888802,0.3791830529499211,0.4177031521612709,-0.0328486718096764,-0.1503412477679319,-0.0504359165674716,-0.1190361290741306,0.1504063068985502,0.2702783317941505,-0.1088620085549266,-0.0051324643754161,0.4691433465320195,0.2438552128222766
BigFive_Q8,0.4677281313619836,0.0045697374557729,0.4773753923929392,0.2685993576883622,0.0063222366614291,0.1211395677271645,0.0560574388700154,0.2155636193450249,-0.0082263183235741,0.2155380265458764,-0.0786684501335839,0.3141514293159588,-0.2004600763106598,0.1990240578888491,0.1473209958544885,0.2013071744781119,0.1088297625334688,0.3380740136820935,-0.2152994171864069,0.0376028298185056,-0.0200084217671592,0.0072707508061352,0.0763108396724277,0.5074482125371257,-0.0062249725854822,0.0790950684067356,0.2795307676372014,0.0559833850555766,0.0160309678705673,0.1828930959795253,0.1003522710091496,0.2201205233213518,-0.2529257848986689,0.2236931572283223,0.2351484635575196,0.0503332533074856,0.0464835045472152,-0.0115973540679525,0.3050339017697007,0.1862164311109377,0.0550026405148999,-0.0624595301819679,0.1590542947506469,-0.1460083584984549,-0.3584405902750292,0.1637828344212077,0.003909654983285,0.225543835812219,-0.1275322963720821,-0.2225701332964562,-0.2071994231117434,-0.217306131992287,0.0908426791356167,-0.2219617115015267,0.1385099483006339,0.0786419014615695,0.1015316999116164,-0.4184260928960194,0.1382648827214679,0.0753568397719478,-0.127164181126361,0.0611431979613586,1.0,-0.2072708820302969,0.0777517810652668,-0.0909657371071287,-0.3089627490752697,0.0248625625862799,0.0820832740402409,-0.0352098080208493,-0.3725908240301712,0.1095158393895285,-0.2451312535146525,0.0192195938861642,-0.2612882768777252,0.0224596290031642,0.0135575695168078,-0.125179955445522,-0.0079201390083144,0.2645249770901031,-0.107069797605297,0.2177959188020627,-0.0029314705787634,-0.2348800928392846,-0.0618706507763032,0.0398646605096485,-0.0177738097143979,-0.1618753247441898,-0.3298556991674662,-0.2233572766843314,0.0640796673019497,-0.1934476407224752,-0.2550469425436938,0.0235888588676027,-0.0738586430746271,0.1946312737075932,0.3673772851545115,0.2353359129874573,-0.0713942305547048,-0.2211988767142101,0.1680981482981685,0.2398419631780663,-0.2049779305609575,-0.1606484318797197,0.3258420439345543,0.3356986187621023,0.1138869676052214,0.231457186530024,-0.1492894372859219,-0.2548794361478539,0.1976546109844525,0.0561577390906385,-0.1975726832573399,-0.2799602377040014
BigFive_Q9,-0.2649051708019888,-0.0152148610044264,-0.2503277682458207,-0.1639431745276598,-0.0467235269227681,-0.2730395274456543,0.037557813318724,-0.0296002435915574,-0.0336648232809532,-0.2836869971012445,-0.0392215749492456,-0.0581949888628396,0.8807619100675886,0.0678534673208512,-0.1529823949162479,-0.1255295425724092,-0.3071743183373209,-0.0882390828258707,0.3153707748586719,0.0178487190223591,-0.0034834154497764,-0.0746435968744866,-0.1022000664101465,-0.3648535692058491,-0.1048726496302645,-0.0688747735778824,-0.3156073200820173,-0.1134101590471573,-0.064678456950595,-0.3732781602361543,-0.056138233048918,-0.3868303473772982,0.1839939094198444,-0.2436966194918455,-0.3998822797412535,-0.2006891382542216,-0.0469534847387389,-0.024254126120891,-0.3634447685277548,-0.0847269745191521,-0.1293653432667344,0.1026845790343036,-0.234923665991576,0.1415864342616915,0.3660350654788843,-0.2535285109608056,0.0044792294480709,-0.3358663299366926,0.753506003322998,0.9576011281662078,0.8914902089800668,0.99062833731132,-0.1080937474237215,0.925267228558856,-0.3287087354315956,-0.0767784549142444,-0.2731160499799792,0.1997138237175943,-0.3608965466135982,-0.0311152317719962,0.2962503522230834,0.0330112768737214,-0.2072708820302969,1.0,0.1642154461018011,-0.0632012761589868,0.3783254323851393,-0.1634820311261195,-0.0197360361043187,-0.028425690523658,0.3790146280626424,-0.0611325501422709,0.2509866768722941,0.0858303157570684,0.0598631643412814,0.0365426382579559,-0.2632191555998058,0.1699112766943614,-0.0041957264641759,0.0080236220082285,0.2703615655418664,-0.1373387178006229,-0.1984971913627622,0.1929180414613018,0.0577606637575867,0.0415285849019456,-0.0338355041179141,0.1594287413295751,0.3100760832098701,0.3714060024350465,0.088235407738029,0.446511864172142,0.2158669878120866,-0.0574959610620968,0.1406555516673615,-0.3057142136314823,-0.2817464220982061,-0.3264179281833817,0.0867786656559702,0.2947861514133141,-0.1783597007457857,-0.3568672528451588,0.2862536861819746,0.2929304854607185,-0.3657013914994432,-0.2682723504111753,-0.2301406062443524,-0.3047296595361647,0.129266529658193,0.3333284808306014,-0.3500274137849503,-0.1762755417073655,0.2466520273670599,0.2055301286722229
BigFive_Q10,-0.1947464009723436,-0.0421732513699006,0.0882853236575371,0.0350972788045668,-0.4525506782876379,0.1307152072837129,-0.1723928794066744,-0.0967270253889384,-0.0616458381020876,0.018984062415329,-0.1502658797641825,0.2017561068493644,0.1815586801718181,0.0134288920375939,0.0140050054431274,-0.3059477034424558,0.0649272529088,0.2562971587362306,-0.2595396029170309,-0.3058954935513031,-0.425059253746529,-0.1161896931079315,-0.4796266342448437,-0.0177469845650928,-0.1232929651853251,-0.4107882686746301,0.0106519171121801,0.0454646990232743,-0.434971378654018,-0.002899289930925,-0.2456960077139031,-0.0032763443928351,-0.2191565166894123,-0.0976736781161409,-0.0304566527920954,0.0074941240999605,-0.2026904230668593,-0.017057282298545,0.0565796491123163,-0.099686428513485,-0.0574778388468984,-0.2691451986688431,0.1656023157063192,-0.1833714038345845,-0.1871907996788862,0.1454283058884815,-0.259269959437155,0.1125020741872808,0.074704531746645,0.1537184021911187,0.1221730781441597,0.1595314689581713,0.1631821446643567,0.1088678839207607,0.1558463713698849,-0.2395870227010282,-0.0710408940382288,-0.0611523676879274,0.1387502253471168,-0.4261508258899049,0.4106440588988714,-0.0624249050330843,0.0777517810652668,0.1642154461018011,1.0,-0.2514401685805623,0.1281911414576994,-0.0877365059049315,-0.1486572918860828,-0.1943039854859385,-0.0444302355588649,-0.2309472733921846,0.2808921859258221,-0.2542407049901072,-0.0085186297511488,-0.2794128777378926,0.0501495953950486,-0.111017228722449,-0.0584561376959279,-0.0902848018314138,-0.0995557849354689,-0.2781954167317885,-0.1135905379975403,-0.127288602742192,-0.1791749178385412,-0.1342385282063591,-0.1516235278506804,-0.0893329729303044,0.050482266166868,-0.0992199506885648,0.1404962385411026,-0.10190987976067,-0.1825336084649483,0.1716429196248666,-0.1994376892117405,-0.01429367411473,0.0375088866313,0.0793844783169727,-0.1099865625826449,-0.0861138287332425,0.1585466014170503,0.0855509659774633,-0.1561676792761223,-0.0991383186546093,-0.0009352860272384,0.2031171540548632,0.0438928760582625,0.0795908950719464,-0.2491895128917037,-0.1086068259828818,0.032453271433999,-0.0499243953941327,-0.1156960324031747,-0.1785566948148286
SelfConst_Q1,-0.0622805061479543,0.3088619098600789,-0.1905970761425146,-0.1628986013989618,0.0697899208325278,-0.2950250465984597,-0.1516440131208799,0.0413106338142321,,-0.2385389512595402,0.1247719388968798,-0.1747053791408946,-0.0829039970544438,0.0452419492218573,-0.0944408261735072,0.0252278458091317,-0.093061882705124,-0.1304824249860137,0.4443310672982627,-0.0377235659871903,0.2462500326362941,0.0658174280482717,-0.0111743314406822,-0.0285353085563687,0.1283356514866015,0.0539776199312027,-0.1590034705241527,0.038003511433519,0.4250984189899194,-0.2488493596000334,-0.0639561848389699,-0.2323440936987587,0.1441592905142461,-0.0563221220480227,-0.222629644664178,-0.2110265394940966,0.1219285588648633,-0.1750879960141597,-0.2508261434353065,-0.0722214749054644,-0.2344606597792117,0.5675537565377629,-0.1366983124056927,-0.1351508905382905,0.1982587535663793,-0.2490386919587179,0.2557870928857313,-0.2538013096817361,0.1504067772959987,0.1437065180283986,0.0937423060715055,0.336596453130597,-0.1745204660670877,0.1458246517748778,-0.2459132016657155,-0.1587138758421821,-0.1368149191512663,0.2748655171059401,-0.3357844994773188,0.0672572067760605,-0.2157572711288889,0.1132095670266395,,-0.1501240652381538,-0.2533375335293037,1.0,0.3732618256501922,0.0975383246177775,0.1453471186430259,0.1123429704243143,-0.0975603765857636,-0.0487410889757974,0.1050162126477002,0.2381777560743184,0.0792343747067899,0.0861781755792327,0.1005307590428768,0.196403910484385,0.1525243148761288,0.0715167650486847,0.0957475040408776,0.0787647808595835,0.0644584265284629,0.036348311934199,0.0251639926568892,-0.0055326594822147,0.0223048539993215,-0.0128693491875636,0.1679675631954328,0.225648599990444,0.1575080798084571,0.3440405184105984,0.2312109491723169,0.3930995647344405,0.0980161734675777,-0.1950532637796498,0.0176647148206092,-0.2299460830141656,0.0261396967902653,,-0.3996554078355215,-0.3080972959421855,0.2167506010519525,0.188987375676029,-0.1757070092566691,-0.1713448462291292,-0.3116001373480559,-0.2099913525749738,0.065023022995743,0.1543608198741751,-0.2111103313920917,-0.018012064538794,0.2411963288544356,0.1960856270411261
SelfConst_Q2,-0.1645215856197013,0.2800212959897571,-0.2345184926319018,-0.15521019561151,0.1512440901362995,-0.2565080398846123,-0.1327755830645071,0.1137218550985879,,-0.2070797155084043,0.157545788910578,0.0237297003479235,-0.2036521112819662,0.0089121090261671,-0.0673114548027187,-0.0339919759712004,-0.1150559231881108,-0.1216931363235337,0.4961028981276383,-0.0080468785946278,0.0479506463564902,0.0556547373034291,-0.0964087611815164,-0.0385095198933145,0.1947362159381493,-0.0340487188654724,-0.2303530889090275,0.0024953023412354,0.2776766123741933,-0.2663358460999396,-0.1364800830787602,-0.2891847419639572,0.1657374144208716,-0.2057546326813335,-0.2025047693496237,-0.2974161645624668,0.1322600732748398,-0.1124589365235957,-0.2254289457641258,-0.1392428769514977,-0.1700816091335869,0.374381847710649,-0.1653888873655199,-0.0640679452360292,0.1883003761969667,-0.2601360699081131,0.174551227712832,-0.2558921289675659,0.1291430702176583,0.1037889497233973,0.0391731708972312,0.3883158516598294,-0.0234366336519516,0.0772826933853431,-0.2383400067394157,-0.1858941469012821,-0.0968671525688425,0.348085783454107,-0.2889547116460068,0.0624371323750562,-0.2202612913233086,0.1909272079990057,,-0.1664184843469192,-0.1420569394303615,0.3732618256501922,0.9999999999999996,0.1170131073440852,0.2498135402784995,0.1769366745462313,-0.0103212745338703,0.0373542154892056,0.1290291822201859,0.4394581222462997,0.1414699175828605,0.2743539645595045,0.0925222995673355,0.2179246428759793,0.2561948722273294,0.0264078935792157,0.0816516213637201,0.1443390043691106,0.022307100401959,0.164075415984443,0.0824399102314857,0.0991445344034549,0.0590815147944366,-0.0011889640787307,0.3114649955828304,0.1548676227051374,0.0798655892125441,0.3302494755960174,0.1511542395639964,0.4317970730934919,0.2589093191614812,-0.3260382836601314,-0.2222742464017626,-0.2139625495759067,0.160352271990868,,-0.4900677527077834,-0.4324678545840457,0.3133455710844159,0.2204546438710005,-0.2233527465737543,-0.141349241137323,-0.3045679732513137,-0.3627371634360277,0.2755925566519147,0.3430701038714111,-0.2710524748847158,-0.0657040669752577,0.3224858863565473,0.2540303170978145
SelfConst_Q3,-0.0753002123560186,-0.0156460716005138,-0.0577204787147986,-0.011743719130925,0.0086556527035142,-0.1721753368869393,0.0003620732144607,0.2663586752572452,,-0.1377578576396089,-0.0433429866427832,-0.0116903739719622,-0.0431461769726053,0.0170650723466481,0.0174984021694094,-0.0542924514019683,-0.0423498247940036,-0.1508168033660457,0.1163745897816833,-0.046158898565031,0.00436319395036,0.1231342551949807,-0.0609418299321382,-0.0024300556788097,0.0028688661012403,-0.0304641469179633,0.0372693157330236,-0.0702146717617277,-0.069598109650897,-0.014006672646858,-0.1703119398238911,-0.0058854528144052,-0.1756564196060704,-0.0085722354080258,-0.0740725798468339,-0.145286169093871,-0.2216961869330564,0.1220524791936421,-0.1028954043547879,0.0512735413769794,-0.0531705718061152,0.0580185064061337,-0.1005497950002899,-0.0546632548787925,-0.2011172819278514,-0.0186461878892836,-0.1752610353588882,-0.0832610326854025,-1.3877787807814457e-17,0.0522595277765981,0.0643104448826739,0.2305882177780668,0.0501774891480387,0.1084475174825982,-0.1066022148775617,-0.1009618836945258,-0.2109251735721867,0.098215890975904,-0.0828745448432346,-0.1126654087234377,-0.0936085544993288,0.1959980966578396,,-0.1257143137580046,-0.0059800057188719,0.0975383246177775,0.1170131073440852,1.0,0.2763337803745792,0.2054097594530831,-0.1307705904092544,-0.107122191683331,0.245026450953418,-0.0557339000340739,0.2075253116335894,-0.1520823454707666,-0.0773822288442824,0.2261086798555035,0.0758703492208993,-0.027632770746239,0.1988743946926909,-0.1945197570426904,0.2494659736875542,0.1879659811595041,-0.0819102434926376,-0.1984168803564011,-0.1124687731791321,-0.1904852159083209,0.1533043552461107,0.0494891100029408,-0.0145423941346256,0.1873166873836361,0.0463997643572322,0.1436303215756982,0.0160139102744212,-0.0431877144413091,0.0364508351821462,-0.025371176271716,0.0284404659320125,,-0.0982979212310716,-0.0569512656523883,0.1090410669351019,0.1353432925739288,-0.0207409860792877,0.024100831463372,0.035111535990391,0.0470791586175125,0.0469524227130876,0.0204019920733239,-0.1134541549345338,0.0376879315457817,0.093122599095462,0.1807207559244525
SelfConst_Q4,-0.1369286550216006,0.2478020094926251,-0.0897266377843148,-0.0010180374893015,0.2765961611986445,-0.139685338898035,0.0196638035924657,0.4461579210723211,,-0.1346015602589659,0.2842189285964343,-0.1276193490484236,-0.0021159175354968,0.0374528522348181,0.0082713161444517,0.1961121643658901,0.0484297719819268,-0.0318990872994823,0.1750049220826513,0.0917670329583551,-0.0373009656168749,0.7098536395395952,0.0686479268428554,-0.0323479811638038,0.5451626795505004,0.1279272095676756,0.2319417641888029,0.1338027144102031,-0.0097029421733002,0.0096289519060291,0.0870286662809298,-0.0018390826197276,-0.1601868574102624,0.0019643409621521,0.0563223068233194,-0.0758125244362532,0.0417605484219433,0.1796720756428506,-0.0120143509874378,0.1244031429908451,0.0740190775403503,0.4322110360626985,0.0624523116502677,-0.0221719892375985,-0.0308329944783028,-0.0076604793693967,0.080618252454215,-0.0337921916875995,0.2188012790882783,0.4120540638007691,0.2948017868217029,0.3749706764970438,-0.0079024329573764,0.2812733342244504,-0.0390924269801559,0.0820261165407801,0.0953201689824823,0.1472545202182393,-0.0591800670547294,0.1112378520078575,0.0506537250723144,0.9244160722301716,,0.0468882258981022,0.0012635487629588,0.1453471186430259,0.2498135402784995,0.2763337803745792,1.0,0.5226453674022836,-0.0354007628648189,-0.034508858981455,0.093117699557766,0.068152815348908,0.3172289570290961,0.0853923308427138,-0.1879073843794885,0.4512882774931678,0.2691007745383099,0.1275542260458384,0.508513589201171,-0.0997965815850652,0.2599383626378958,0.1242150600770717,-0.2001960879934445,-0.0871770861320864,-0.101321428861758,-0.055703455479587,0.4737499984322793,0.2672742591967862,0.2979808600348025,0.4419790501882755,0.2572007050624,0.09278924956356,0.586443706295164,-0.1646422944396898,-0.1149644213192466,-0.0227268453725276,0.4057197823433465,,-0.4073667160400193,-0.2769186877972395,0.5600542811723802,0.6734700342849346,0.0018147165053977,-0.0165682280800773,0.0507199054397231,-0.2775981697397717,0.250734619519648,0.2853228044560972,-0.1264657938268399,0.2781515932029141,0.3948603195407477,0.7322347665161084
SelfConst_Q5,-0.0840109730034793,0.1462023314455158,-0.0369742091087855,-0.009105156871586,0.1449271606108354,-0.0536380734960606,0.0379573488536245,0.3327142904201392,,-0.0712982394495146,0.2417608542782395,-0.1385603895346894,0.0630673225557584,0.1052346318537768,0.1233490989874173,0.1320428549528591,0.0302057416500428,-0.0600419612058996,0.2812866888022655,0.0990412841654296,-0.0577819335063531,0.3342793335547895,-0.0012668523354551,0.0260964319283333,0.2454036564649192,0.0431702314861069,0.2100701052522675,-0.0106701290230987,0.0068444682449834,0.1224181340473637,-0.0068309408283812,0.0845730152681119,-0.0640974910775784,0.076349244103472,0.0359065139341454,0.0492291551163311,0.0605136113135965,0.2045658732045049,-0.0125461383869444,0.1111876734279772,0.1027398837257174,0.3227696309840465,0.0173022544899416,-0.0068514254628496,-0.0501083365917561,0.0948843364440367,0.040571577944819,0.057488868009976,-0.0278565801425634,0.1302401032714909,0.0879653236706038,0.1879044692950979,-0.0694099621770972,0.1335625036823297,-0.0138596125043002,0.0913268470137225,0.1128970050748225,0.1527500033118346,-0.0413384224907682,-0.0222064478705159,0.0683019591344036,0.4927931519470989,,0.0055692107432138,0.0237364365978943,0.1123429704243143,0.1769366745462313,0.2054097594530831,0.5226453674022836,1.0,0.0678999487535757,0.0134784772989517,0.1384698677433903,0.028205974254443,0.3966589960340871,0.1069042689336414,-0.3470773703308196,0.3810466718262263,0.2460027765997676,0.0599306857858841,0.3994094197431,-0.1284014223861178,0.3185737375393446,0.1588394964678532,-0.0061258312988201,-0.0824926492096881,-0.1281679334681896,0.0151750422873024,0.5221494972151866,0.1716784990150266,0.0950607021755995,0.3347561740624674,0.2302218054894982,0.1175304556224403,0.350587523519531,-0.0622922347948099,-0.1006576660092857,0.0081089800628521,0.2659703634090342,,-0.3246292305944775,-0.1278408964959008,0.3591605147090925,0.3689359605230915,0.0164401853971221,-0.0228887961149624,0.114472509016997,-0.2077206913321899,0.2228276550258079,0.1846040414347657,-0.0409734718041246,0.181692736408342,0.3234434633724871,0.3755858599660635
SelfConst_Q6,-0.104256058981547,-0.1089606426841738,-0.0806999594127643,0.0985799309695314,-0.1735966964642493,-0.0607063346685884,0.1521223667543875,0.1018177022787537,,0.0057709818660957,-0.1793193242961231,-0.1509541426310963,0.1503074392513435,0.1219396022711477,0.103249123569051,0.0073738919028729,-0.1374872563669547,-0.0100623505258645,-0.0248299026109659,-0.0403285729236482,-0.2414869158128212,-0.0553193238641246,-0.0673422697873724,0.0217227619284938,-0.0288762912438222,-0.0614611196903644,-0.0199916898938188,0.1270780833755541,0.0104257192634917,0.0169394456932023,-0.0218601413118002,0.1049739622062984,0.0188515796575041,-0.1003618081234106,0.0191171874393668,0.1464109686958273,-0.0358365743684948,0.0830759336381169,0.0022423531342725,0.230200190461534,0.050913611953602,-0.0342979854220167,-0.1235365731824171,-0.0147114344219587,0.2383525013566172,0.0630624931801507,-0.0517219043214868,0.0503275860477563,0.0048523490610446,-0.0615086654813492,-0.1132540665317864,0.0623883808071163,-0.0185069695221784,-0.1570584328615536,0.009589162082992,0.2291494055883885,0.367598857225388,0.0220818538465082,0.0308879396895485,0.0108276507632647,0.1280811153105083,-0.0679491728514538,,0.0856708170630295,0.1772462382081947,-0.1104144228889784,-0.0231638054413477,-0.1118526004668906,-0.0336000268899102,0.0794340518049211,0.9894440894005744,0.3386929355874484,0.0002157645752333,-0.0619205271506473,0.0179474946743821,0.059657437174537,0.0374732469565378,-0.1459858666881341,-0.0775849526394939,-0.077469413564185,-0.0361829665191654,0.0245821912103114,-0.0573742696414866,-0.152837524991544,0.0302097498494348,0.0548817416851063,0.0471394499119177,0.5883630352636386,-0.0737468752733238,-0.0601088295543084,-0.0214956361707666,0.0215330683215398,-0.0561000991010276,-0.1066822018373892,0.0783845645537429,-0.0105226343571072,-0.0713259190880467,0.0553601672615358,-0.0609529191743277,,-0.1311223103443074,0.0307652052680405,-0.0813117813616309,-0.0686228503430077,0.0913900321925206,0.0307774619982614,-0.0422960050351538,-0.0558718871831026,-0.0767530635267778,0.0403557601150551,0.1306143231110456,-0.1538825544342308,-0.1293627747700562,-0.1013987072182519
SelfConst_Q7,-0.0066798825919125,-0.035758244279662,-0.11336488001711,-0.0386656423782353,-0.0509495715902118,-0.0074106116232893,-0.0338952444854776,0.1145588861904677,,-0.0552782933302262,-0.0681200648771965,-0.0866523135760094,0.0597649327730421,0.0374358853594182,0.0235647825083662,0.0088415623619641,-0.1938341139393996,-0.1079227166307744,0.1594448412183999,-0.1240347645059792,-0.070635643026527,-0.0710298718032262,0.0773426904731041,-0.0395073299381236,0.0446820792438238,0.0730931156113327,-0.1903641478749601,0.0236237178876627,0.1777445793443543,-0.0073987639865568,0.1009401240704278,-0.0254928229487869,0.1734092891794736,-0.064232273479931,0.0115933217446169,0.0081112298539313,0.2335948789630482,-0.0998021273153791,-0.0174727752078443,-0.0407216731860568,0.0289660268073575,0.1219299588177565,0.0040555375063561,-0.0638517845753033,0.4098669824151627,-0.0008790994065349,0.2229364288785875,-0.0028331960260429,0.1264412105973275,-0.005319130465984,0.0131558957551098,0.0355392203884628,0.0539530599527046,0.0094609250831098,-0.0747202886765907,0.0005590276194946,0.1328754406884395,0.2345545611346636,-0.0393115281358374,0.2117219199958422,-0.0505189968429006,-0.0155518774735782,,-0.0058777655763804,-0.0514938885422751,-0.0465858580723547,0.032806910392694,-0.1206942424892267,-0.0286042911998746,0.0164749140792437,0.3403996862423724,0.993264881995619,0.1006922795191641,0.0875076328699591,0.049130549889816,0.2966501614329173,0.1996571727519343,-0.0646652594875558,-0.0382863439835344,0.145740601314371,-0.0816855255301403,0.1349285182644929,-0.1013764835216407,-0.0727897683906709,0.1316268745411297,0.2233396106157594,0.1737222817031007,0.2372063181557804,-0.0637896825098857,0.0911673957251326,0.0093888041940013,0.1121327318887697,0.0438143042804363,0.111560868083173,0.0485950823640627,-0.09326725627706,-0.0783015311770031,-0.0362346352423684,-0.0291061471708823,,-0.1457969684139256,-0.1165884534685737,-0.0362659822542833,0.0068665183945653,-0.069875186196542,-0.0284927773305036,-0.1524791134943909,-0.0365640411679907,0.0084217756356763,0.1017825168920386,-0.0742259748195144,-0.1675632887819063,-0.0328372438904933,-0.0498034018079688
SelfConst_Q8,-0.0415048065252991,0.0890627483701178,0.001319007566914,0.0960276983916263,-0.0761964429065994,-0.0037908359840488,0.0518315333438998,0.11821953061094,,0.0015412689556133,0.0494042327464896,0.0366474207107029,0.0585472803375929,0.1297530550009253,0.0842092724295196,-0.0639608827738569,0.0481035101363618,-0.0383305113340965,0.1883176777221007,-0.0044105751276153,0.0503576654280175,0.0604951664607846,-0.0627855937964134,0.0145849897770448,0.1646266916918991,-0.0657598246404394,-0.0040206095469355,0.0455176601952176,0.0079761429311205,0.021951697466314,-0.056291250588405,-0.0019540932148421,0.0740036665843417,0.1189549396356267,0.0228594759086139,-0.0520391629927205,0.0928450596575233,0.0390877613654555,-0.0127656917059884,-0.0080395178544142,0.0409672489254029,0.1495785563754285,0.0577506654958467,0.0447574268972211,0.0720839746584277,0.0678815655208328,0.0106928099812154,-0.0016962293482448,0.0811167718640034,0.0967243729777478,0.1278114783420044,0.1681664364513876,0.0625389794607057,0.1708854568367067,-0.010659779925822,-0.0031624012582068,-0.0434554817290832,0.2418331466524804,-0.0147469529122838,0.0303396613586969,-0.014577858591188,0.059678994196908,,0.0165979556184968,0.0274549908189509,0.1050162126477002,0.1290291822201859,0.245026450953418,0.093117699557766,0.1384698677433903,0.0048261833519412,0.113932057011869,1.0,0.0836490564828822,0.1310879628922094,0.0513345736355886,-0.0769643045674273,0.1391209278242908,0.1231474017376266,-0.0424700973354669,0.0439761737129893,0.0471107975586007,0.1911294346646617,0.0945002912144932,0.0376090205560257,0.0482164719684553,0.0858291068559594,-0.0348304363255307,0.1227334672847936,0.1536845217325825,0.136857884971037,0.127466263918802,0.1203803958336026,0.1324441632025633,0.090034466952193,-0.020504805917502,0.0145849897770447,-0.0043198770455214,0.0740982341618985,,-0.1595108564288971,-0.0743333774727132,0.150460432198521,0.1543787029500948,-0.0063567142362848,0.0505619567317112,-0.0432352472777883,-0.0432026874414195,0.1158261849802754,0.0370596504900825,0.0018826388718976,-0.1432722105622062,0.1833872170462594,0.0984767558618002
SelfConst_Q9,-0.0846920321276865,0.1176398486357964,-0.2367114941590652,-0.1217042293503638,0.0746533025068898,-0.0939221061203992,-0.0978525047658645,0.0420928015428909,,-0.0585040901272381,0.0474106263238481,-0.0995569130515732,-0.1848224588510422,0.0309028564589846,-0.1142613634939424,0.0896769026751114,-0.2468260175969137,-0.0711848028647993,0.3114994647628542,-0.0150085253929153,-0.0601730443151281,0.0127953131961227,-0.0772773154914623,-0.0004385070801629,0.107695427849148,-0.014504923044821,-0.2749719089674048,-0.0268352897500133,0.1611211896325883,-0.0680899766517714,-0.0130565190498901,-0.1466321178985218,0.1547109051860596,-0.0967654587317594,-0.0471540583295342,-0.1950296495878951,0.1683452883814656,-0.1209620425875483,-0.0323116326563498,-0.1078664134616747,-0.0429078730677184,0.2059657139650801,-0.0910657523047949,-0.1181753527606648,0.2434246749920425,-0.0495516500943094,0.2364805910799002,-0.032485039583891,0.2061471203032365,0.1168641936889965,0.0801077023256417,0.2714188283656888,-0.0271638026010064,0.0309347461384417,-0.0672300234644983,-0.0425103436228333,-0.0141533337926963,0.2877582394540167,-0.1597633702872693,0.1247389405479809,-0.1767459047183126,0.0560324167611044,,-0.0040016182818215,-0.1211162100524161,0.2381777560743184,0.4394581222462997,-0.0557339000340739,0.068152815348908,0.028205974254443,-0.0540689409190349,0.1016117618410636,0.0836490564828822,1.0,0.0330283499965626,0.3230498427584926,0.0357189692103562,0.088032629347702,0.0799554319502694,0.1056992960917102,-0.0472533597321057,0.3167192847515284,-0.0852067962361647,0.0883119807036913,0.0654004334294237,0.2757986202442679,0.0829425345330942,-0.0041177310314236,0.1428122164647001,0.1771143600244735,0.1231850923924919,0.1818356324314296,0.2258564610026599,0.2451369965337408,0.1332661732182649,-0.2430572658117059,-0.15947040815259,-0.1485392853374355,0.0601893862269862,,-0.2727037665626484,-0.2363420745294464,0.2347750634084072,0.1368325977234442,-0.1549494812156066,-0.0569515843339833,-0.2107219202897024,-0.2517698179045194,0.1300984665470852,0.2124540880122221,-0.1882664761773267,-0.0903872595888908,0.2130163464759811,0.1168872369726553
SelfConst_Q10,-0.1215783749142298,0.0886965483371829,0.0043227793007541,0.0240761482777135,0.0044237826960252,-0.0868238778498664,0.044485451900561,0.2476653964082804,,-0.1301118377360693,0.2175786975897196,-0.1446800108270292,0.0263732881569289,0.1249658758373947,0.0278539330898097,0.0683489863273829,0.0261638614000959,-0.1072928572785606,0.2096017968892157,0.1234927019098239,-0.0799233603692361,0.29137968974105,-0.1482600847456142,-0.0382104151088858,0.2493151552601478,-0.0880622690128888,0.1735405593702007,0.1152185612963226,-0.0560146882301729,0.0218491211679351,-0.0017969136660672,0.0209014352919222,-0.093852861954498,0.0503969939912199,0.0465003854288991,-0.0235165266330409,-0.099756164488561,0.1268796279798957,0.0487112704190626,0.0736111049542589,0.1047340450657564,0.201779299126105,0.0003134015948144,0.0255686612982503,-0.0174519575958292,0.0533097238687524,-0.0503130683685917,0.0073023022146485,0.1159938348474802,0.1652009908524671,0.182504723554512,0.2686725266251735,0.0136799197948653,0.1830172269832723,-0.0287130267718114,0.0609319588368422,0.1031833130696597,0.1770173860275267,-0.0759473657502633,-0.0295116733438345,0.0165168351910065,0.2717002441283163,,0.0562082258880541,0.0555191599379542,0.0792343747067899,0.1414699175828605,0.2075253116335894,0.3172289570290961,0.3966589960340871,0.0053122704443155,0.0399018659717614,0.1310879628922094,0.0330283499965626,1.0,0.0375564344078955,-0.2335522085167896,0.3078520586899266,0.1783669253165053,-0.0860589719068797,0.2429414575922036,-0.1463220214862886,0.2131603102661134,0.0803507448014685,-0.0598826479987942,-0.0207573160687388,-0.1318962697647116,0.0266124794561324,0.3301236337313055,0.2397231124883372,0.1339334358190463,0.4198584772293578,0.1885349501408857,0.0598172087033444,0.3029361264363111,-0.1036143098900398,-0.0777284109629428,-0.0470231890752405,0.3415031501399793,,-0.2655152082452773,-0.1507348326572329,0.3572648406501542,0.3380737355368979,-0.0438977685959522,0.0018526197003232,0.0813655731235922,-0.139493338889338,0.2114817681245337,0.1790092883378537,-0.0327659705410515,0.2014263979491179,0.2895873312106016,0.2872462063059527
SelfConst_Q11,-0.0343483789880345,0.071077547157875,-0.1477316769710036,-0.0551863001942828,0.1857433314408905,-0.0900323005757468,-0.1196455061374122,0.0767450158448843,,-0.0819695205750238,0.1341889306095544,0.0252104552700461,-0.0519144539279202,0.0877400302458416,-0.0921309618891536,0.0873612323370266,-0.2949477409452161,-0.0234732117590428,0.2280943408570145,-0.0682255300760371,0.0212481580824704,0.0644883250259575,0.0969881380872521,-0.0126152808452406,0.2880016330190846,0.1565169701686318,-0.1500706110936517,0.0421663625278723,0.2682871371310877,-0.1547356310191305,-0.0488245922040994,-0.1253315926245143,0.2181084540771909,-0.1677131893318831,-0.1262170869496047,-0.156052321319452,0.2882120517276816,-0.1514481041445581,-0.1275963204349875,-0.1012869721980758,-0.0912277582725279,0.3353532476244066,-0.0999146444412867,-0.0677929077134611,0.3764984162358974,-0.1379927832030461,0.3009658795173937,-0.1845581911795166,0.0927306129319246,0.037915804359894,-0.0637023120495522,0.0217112733620093,0.0083994457890161,-0.0770907170779861,-0.1898553934884544,-0.0450060664512754,0.0273126103952415,0.0971861161815275,-0.0758554091574321,0.073874908801055,-0.150213131927047,0.1002427511127461,,-0.0633840621373267,-0.1485843806204812,0.0861781755792327,0.2743539645595045,-0.1520823454707666,0.0853923308427138,0.1069042689336414,0.0760055388707024,0.3028373199160001,0.0513345736355886,0.3230498427584926,0.0375564344078955,0.9999999999999996,0.1194854730029479,0.0829724938679828,0.1333731329036304,0.2144309095013513,0.0827286942120225,0.252277600973558,0.0985420563829052,0.0083795891708383,0.1813932559462858,0.364890168848481,0.0141822334929488,0.1990411235169694,0.2305769820022451,0.1155389239573776,0.0075695687398663,0.1111889260687582,0.0426249491594274,0.2069758767342608,0.1618199057715424,-0.1021876443765744,-0.0826429622718827,-0.059135449499782,0.0201915950631073,,-0.3203023922460833,-0.2564953605771459,0.0695300612765471,0.0757459995477629,-0.161730464236366,0.056539283779026,-0.220682171057456,-0.059970186440228,0.0756391083328112,0.1387336342218361,-0.2334056097946052,-0.0522487915460288,0.1576187066363993,0.1111181589964621
SelfConst_Q12,0.124118883650047,-0.0799756210976252,-0.1437716363568778,-0.1052360947971305,0.0866997503884122,-0.1505799525343285,-0.097523953250811,-0.0922586550955158,,-0.1572356750503563,-0.1070635761101672,0.0424156975753952,-0.1091182059397061,-0.0848553935672073,-0.0757081517462375,-0.2003164013855336,-0.0937620841545848,-0.067116140560992,0.1062789930621971,-0.2131730903436222,0.1971653572277966,-0.2006947193503441,0.1586629388374915,-0.0046488950548983,-0.0508061821256581,0.0997812782872303,-0.3192847724089305,-0.0504373685885751,0.1844749296520194,-0.240155185785002,-0.0011014897084994,-0.2432796558365396,0.2000761398342914,-0.1649363605649221,-0.1722471767120129,-0.1495304553286159,0.0834471095854838,-0.2332434348709458,-0.1323024599415644,-0.0954359084046242,-0.1966360148051517,0.0561795770840649,-0.0676199218676972,-0.0796864992118118,0.2904566422839737,-0.2053793497244057,0.1972076971810908,-0.1661241827873292,0.1919781945653901,-0.01627731400871,-0.0049838524876535,0.0999446282586896,0.1239310946668513,0.0207092429674302,-0.1421492398205645,-0.1544432663880299,-0.0210880195762742,0.1470072550637708,-0.1904521043426299,0.0451513262548284,-0.1685377876552548,-0.1480926444557902,,-0.1181814902143082,-0.1394807527795508,0.1005307590428768,0.0925222995673355,-0.0773822288442824,-0.1879073843794885,-0.3470773703308196,0.0502379463457018,0.2006363717654659,-0.0769643045674273,0.0357189692103562,-0.2335522085167896,0.1194854730029479,0.9999999999999996,-0.1716697500869281,-0.0495807639320064,0.1054176773152081,-0.2355435463895265,0.16829283648472,-0.1642550256988667,0.0322563863231313,0.2957392097196689,0.0077509694679736,0.164182583800467,0.1092304547032482,-0.0835619491966402,-0.075901928364085,-0.0176434683329019,0.0690071880879202,-0.0663714898907365,0.2096195106197486,-0.1507241518857358,-0.081452796892877,0.0825579639059534,-0.2248329268575027,-0.1967822162934071,,-0.0064142569281919,-0.1075039499737026,-0.1319061748019164,-0.1980887869790951,-0.1633688480807157,-0.099254668385396,-0.3042077303711635,0.0288183195581,-0.1482396990615938,0.0060702179998591,-0.1537892432929527,-0.2473247785414098,-0.0215747174176502,-0.1364038289231882
SelfConst_Q13,-0.0773244147261028,0.2027955478348253,-0.0398014876083995,0.0272492653693471,0.1760931369891622,-0.1143897239328025,-0.0883634793180774,0.2182105113345799,,-0.0988969559231085,0.3515622720098029,-0.0634542646327926,-0.0802252953312176,0.0750421047333086,-0.1061716930800887,0.1321071112876738,0.0116905692889957,-0.0731968100153411,0.237940637138663,0.0783617296081079,0.0280218840740359,0.3815809958572842,0.0059397746064656,-0.0374559037071131,0.289269566599996,0.0513878249463237,0.1475409198724163,0.0199059475776341,0.0555862516383036,-0.1022221756997848,-0.0032170587502327,-0.0653911234685127,-0.0055762783439957,-0.0059641561982172,-0.0852329457248325,-0.1710639597830491,0.0784222372074316,0.1050620854474447,-0.0973605039142692,-0.0229256536126796,-0.0728794348200728,0.3053872718355038,-0.0887543291505874,-0.0536923890098662,-0.0768082817287445,-0.0742069931705469,0.0913815640245437,-0.1643722782772003,0.0318220100957285,0.1344636567538366,0.151775959361901,0.2261427089237337,-0.0960324487998349,0.1711510208872322,-0.1086132674349173,-0.0122341665604454,0.0039133804161678,0.0982906905865738,-0.1038319705476631,-0.0041259806891079,-0.1220699419429906,0.4295543275838026,,-0.0471351306711867,-0.0669354524905253,0.196403910484385,0.2179246428759793,0.2261086798555035,0.4512882774931678,0.3810466718262263,-0.1318847291861135,-0.06662106878662,0.1391209278242908,0.088032629347702,0.3078520586899266,0.0829724938679828,-0.1716697500869281,0.9999999999999996,0.3071204206989323,0.0802458812628882,0.4533112944237268,-0.1163114040542317,0.136934153137669,0.1281215001383961,-0.0504569080667243,-0.0419849266240329,-0.1300803479819004,-0.0673004952569775,0.5085185903678681,0.1448496393417148,0.0810109618375722,0.297731272909746,0.1088246589586903,0.1404373169792743,0.3872037875361217,-0.0988560442341955,-0.0374559037071131,-0.0033946279204924,0.4299720448846048,,-0.3226654533366235,-0.1853771502025466,0.4288781736759372,0.4090734432033939,-0.0785912552417603,-0.0530686501445327,-0.0337231202718179,-0.1561011221982106,0.2181262851672589,0.1363764823470918,-0.1391414910107317,0.146674794855912,0.3065279057707464,0.4104546289749181
SelfConst_Q14,-0.017892504878629,0.0224782096069441,-0.1536040312043722,-0.1215813204691758,-0.0057847852951278,-0.1352801256745482,-0.1117854871654252,0.084184693558399,,-0.2611638276014715,-0.0463172150563249,0.1169068670603083,-0.1030789660536693,0.0249823570613843,-0.187478071079023,0.0320418550022371,-0.0395687468777753,-0.1434279735838132,0.13197017990316,0.0345866489374291,0.0925387553679643,0.2344683194345682,0.0175701752809997,-0.0132814714012349,0.2037046732004536,0.0777692731526761,0.0249669545320408,-0.0260695531919139,0.0188266236337711,-0.0959750834346343,-0.1765752221860696,-0.1614331919148535,-0.0689044864133096,-0.0762699813801099,-0.1388708208162687,-0.1133515919749166,-0.0056423427710428,-0.0018681106037535,-0.1177994641153347,-0.0583239794577883,-0.1255034697904124,0.2074980470285517,-0.1386455829822196,-0.0775173806896996,-0.0019328435563713,-0.130506377883468,0.0646450205182074,-0.11772923893557,0.0087623066767074,0.1090535674695376,0.1192792174417809,0.2220133274206942,-0.044261885206251,0.0013258835943436,-0.1060546356852486,-0.0307501194770602,-0.0451592393710985,0.107868851327116,-0.1673310782673982,0.0077272155860338,-0.0696473241168777,0.2710402236778831,,-0.0202519470635587,-0.0798814885459817,0.1525243148761288,0.2561948722273294,0.0758703492208993,0.2691007745383099,0.2460027765997676,-0.0657351951049303,-0.0465902076515852,0.1231474017376266,0.0799554319502694,0.1783669253165053,0.1333731329036304,-0.0495807639320064,0.3071204206989323,1.0,0.0805319637896443,0.1496213792608574,-5.683763161253019e-05,0.1158768047971841,0.2235693505059119,0.0680772850548703,0.0616906053133134,0.0518570182577206,-0.0688504588086077,0.2592873423648641,0.0211807707309425,0.0513535468387115,0.1263643471714397,0.0814469725069721,0.1413773066696767,0.2219732890571478,-0.0525008043644634,0.0707315569972745,-0.0919066579774043,-0.0267171383081881,,-0.3047008955335559,-0.1273035426382883,0.1682954944514877,0.2098348529771921,-0.1128326220008059,-0.0783336797310046,-0.0121287399798878,0.0647104919301157,-0.0570573206583963,0.0386861385432267,-0.2045763204406319,0.068743026430132,0.1301994906831339,0.1944628794409291
SelfConst_Q15,0.1166806657144796,-0.0506416547642089,-0.1149066114556641,-0.0679213341043871,0.3720376187090555,-0.0753951993439474,-0.0692662487634902,0.0253706356110347,,-0.0426922987495838,0.0943322936332803,-0.0798639266000121,-0.1622767774529294,0.0315836494445694,-0.1354401649741569,0.1053358412839862,-0.1126231042447367,-0.021156454489733,0.0771917250858784,-0.4690483716072819,0.175725522677319,0.120050093410498,0.7264754751602032,-0.0578820393739065,0.1838205002207265,0.8381082158297537,-0.0911024891611215,0.0488846165497244,0.399370908681399,-0.1667705807867983,0.1027906551625307,-0.06209999205543,0.1329679214102929,-0.0774222010679907,-0.1247010495288048,-0.1705028746696106,0.1579799348474438,-0.1596669906587125,-0.1252822474848049,-0.0749937989489485,-0.1477127693545079,0.204624451579706,-0.0158390769339615,-0.1087773446553372,0.1987456435280245,-0.1417176716694888,0.3755545545628275,-0.1421524235725128,0.11039933285112,0.0508820357409403,0.0466617025897038,0.0687639495999325,0.0495883502928291,0.0349658714813531,-0.1466710238136918,-0.0562952360410411,-0.000319902824248,-0.0383320462687465,-0.165512849075443,-0.0452676200623979,-0.1354109021552212,0.1726541561129363,,-0.1114106354492485,-0.2074297227503889,0.0715167650486847,0.0264078935792157,-0.027632770746239,0.1275542260458384,0.0599306857858841,-0.0831562069166768,0.1580298608107794,-0.0424700973354669,0.1056992960917102,-0.0860589719068797,0.2144309095013513,0.1054176773152081,0.0802458812628882,0.0805319637896443,0.9999999999999998,0.1915448145940592,0.1919367908031892,0.1584496000840345,0.0405403264555212,0.1530022561902311,0.0737149252485558,-0.0280634020201524,-0.0744677129375591,0.0799852518007403,0.0253045245428295,0.0085011264065979,0.1227647827377292,0.0682661647506546,0.1783012084150214,0.0619435755078795,-0.0770144061524069,0.077452471024683,-0.132754532244506,-0.0151045675572889,,-0.0937599294172673,-0.1559294758136906,0.0102154772936091,0.0647645609336547,-0.1135287722309551,-0.0820090130838993,-0.1569867451557535,0.0118811788724743,-0.031655661184754,0.1144922090095306,-0.179756851666346,-0.0191485885967089,0.0278460473577248,0.1146016659849271
SelfConst_Q16,-0.0656643900745765,0.181521754881519,0.010620883131286,0.0883384646731218,0.2322056209192092,0.0364032740394154,0.031480667663896,0.2773119451139818,,-0.0001426502448016,0.21110245000783,-0.205043164331521,0.0393105295715571,0.1886635468544126,0.0551940227859483,0.1686460963152989,0.08989501361956,0.0546118736073313,0.0629482553399715,0.0049049425036301,0.1360912006632824,0.5400235096823727,0.145801810580649,-0.0091620581651869,0.3900796522203723,0.2273281492565306,0.2281332625190275,0.1630642838263232,0.0424090996109514,0.0563010039004582,0.1228552362144907,0.0501627791809582,-0.2077872040517239,0.087165971680102,0.0997919581972107,0.0408907117175387,0.0503460182325693,0.2726884381900863,0.0588635751393334,0.2019187944745584,0.0793805116972407,0.3002082208069795,0.0891272063091997,-0.0126132039056455,-0.1655226087843841,0.057100624523021,0.0285631413762176,0.010919269020884,0.1229258510332859,0.2857642835947879,0.3130925618829531,0.1774935522362211,0.0094019005681405,0.2395986408916648,0.0271251695747935,0.1255799392245165,0.126704932492846,-0.1142833347345388,-0.0131938981459091,0.0459566822875701,0.1030366328824017,0.583187353005255,,0.1095218736430739,0.0667284205230137,0.0977393769169701,0.0841278213555179,0.1987440630620119,0.5117618956678455,0.4017682250352324,-0.0487708493467215,-0.0913938125300328,0.0425640882857701,-0.0429682001113722,0.2455731187668424,0.0832753916726573,-0.234631721413967,0.4599504046245397,0.153496668292957,0.19400520930851,0.997918005410293,-0.1223609554299682,0.1643571988124536,0.1012309223965609,-0.1544565743991277,-0.0865396679517135,-0.1155564165012766,-0.0571215910204892,0.4143157347132287,0.1053167560965112,0.2134658663458417,0.2573688851277113,0.0897186997887004,0.0108893265822524,0.333138705846479,-0.0583256274726854,-0.046920843330806,0.0091792211544401,0.2670835330937584,,-0.2547149381008441,-0.1438547598718335,0.3240404312512761,0.322281225668689,0.0336496556719726,-0.093227751930178,0.1698706653341596,-0.1737502199389941,0.1886563063635332,0.2207755335771938,-0.0094471264712848,0.3237530830276507,0.2525940257905718,0.3841923973344904
SelfConst_Q17,-0.092348725813323,-0.0883669629195442,-0.0837000967353728,-0.084790891153381,-0.0336269997423064,-0.1235399949316728,-0.1453871045287398,-0.0911790652470507,,-0.0131413369660272,-0.1175246814704,0.0302427534432334,-0.0883561462568467,-0.075005539110445,-0.1666507646793143,-0.0463674869073997,-0.1397219210296174,-0.0034318167235899,0.0851070862423481,-0.135926887900624,0.1297824210807832,-0.0834988555161354,0.0234898167446058,-0.0129015695244058,0.1026836525264717,0.078869663915896,-0.1631859222299597,-0.0125074933440156,0.2164189511855353,-0.1483716991307986,-0.0060654216577286,-0.2174122742037741,0.3384842540992916,-0.0666702419732169,-0.0409649623754592,-0.222459921245248,0.1179677363218375,-0.383727014999692,-0.0600620956311645,-0.2446531965388644,-0.0780763578775846,0.1485542282958588,-0.0081227164085977,-0.1877870217345948,0.2409907541824426,-0.1645942492486812,0.2409568634156629,-0.1472885356250966,0.1121396593569539,0.0099817082328076,-0.0040127753485146,0.0375445500386164,0.0588885604098073,-0.0472426120095032,-0.172163592769071,-0.1708674464942325,-0.0408642203120753,0.0743398124206998,-0.2065203928536296,0.0538220441195738,-0.2545524606313131,-0.0802534099856638,,-0.1454749306725109,-0.284466462645101,0.0787647808595835,0.1443390043691106,-0.1945197570426904,-0.0997965815850652,-0.1284014223861178,0.0325537545349909,0.1528220571801275,0.0471107975586007,0.3167192847515284,-0.1463220214862886,0.252277600973558,0.16829283648472,-0.1163114040542317,-5.683763161253019e-05,0.1919367908031892,-0.1231617437469571,1.0,-0.1235582887722168,-0.0129742385441945,0.2167288904013916,0.3032858145607596,0.1126627580992626,0.0816880870364881,-0.0796066261144994,-0.0519144207478308,-0.0530031952228512,0.0047004109849258,-0.0594114259094435,0.3041704338845101,-0.0484967640223768,-0.246000202370061,0.0332724687734678,-0.1553773916972607,-0.1650624658059311,,-0.187805341247437,-0.2100760092305348,-0.0504037051591215,-0.1489254671075762,-0.1448912403639232,-0.0837000967353727,-0.2834644047163459,-0.0706716024039137,-0.0911036473046868,-0.0573582820681935,-0.1882446215565552,-0.2508569461297821,0.0561364654344088,-0.1225124560797126
SelfConst_Q18,-0.1065885088212915,0.1008561190143232,-0.0799959661596038,0.028479437740494,0.0508100189741481,-0.0232559485158816,0.1689057117529916,0.1308002142642907,,-0.0048713086807945,0.1498476025101592,-0.1403888516334308,0.086926296887721,0.1820868026648683,0.0847993457621849,-0.0253963359841708,0.0483271453026622,-0.0764665544254829,0.1065215252796026,-0.0664085876287692,0.0158316390504414,0.2422899332741429,0.1068378889625205,-0.0241976695463957,0.1967202944820162,0.1065032896988643,0.2505428172752472,0.1003025942462815,-0.0481143955850068,0.034330844858887,-0.0725345561437433,0.1398988321738801,-0.1056718042948311,0.0800348466706017,0.0010783473765259,0.1311689556201806,-0.0632906044290825,0.0558541101385127,-0.0198518299265085,0.0718471502050567,0.0457368564367647,0.1259978972182015,-0.02089560341376,-0.0529900352724752,-0.0971870424615989,0.0931477057191093,-0.0628290240508324,0.0188089709084095,-0.0431545516318521,0.0547385985719522,-0.0174157029772228,0.0577158408870559,-0.1220198880756766,0.0392086867906562,-0.0352889292781865,0.1132579049905536,0.0727674662424073,0.0053861380063028,0.0874208059158801,-0.1774721017055188,0.0378911467268119,0.2238023111463608,,-0.0858204466192814,0.0189866785567144,0.0644584265284629,0.022307100401959,0.2494659736875542,0.2599383626378958,0.3185737375393446,-0.070054328019535,-0.0943144665609246,0.1911294346646617,-0.0852067962361647,0.2131603102661134,0.0985420563829052,-0.1642550256988667,0.136934153137669,0.1158768047971841,0.1584496000840345,0.1708531396085684,-0.1235582887722168,0.9999999999999998,0.184248202941357,-0.0456303798877705,-0.0048665502062305,-0.1323069792332776,-0.1093320881029609,0.2641107739076019,0.0716115242868502,-0.0224226312152975,0.1939664791474629,0.0810242371922942,0.0524187598018504,0.1249830105719201,0.1240041172195619,-0.0626875298775046,0.0664835686449703,0.1421808546594733,,-0.0632130560874275,0.0108281879432983,0.1468312375127188,0.165774495186791,0.0731919353189777,0.1020499919178906,0.0524538304377578,-0.0371697806735296,0.1662197926859262,0.1100519858939297,0.058116166339823,0.1245318144590652,0.1987025165022548,0.1880563021912168
SelfConst_Q19,-0.1755959688944524,-0.0718169021684553,-0.1880771553951681,-0.2252091485811886,-0.1218521535938213,-0.0936927193074185,-0.1625043856297158,-0.0601850969405961,,-0.1864583749346594,-0.0883338538913784,0.0195436595871353,-0.2538903656159989,-0.1227269206719558,-0.293089683537427,-0.1130745728454596,0.0358288789478537,-0.1705494212468447,0.0389315219277162,-0.1402228010069605,-0.0512696772340619,0.0648367186401694,-0.1027422947851832,-0.0724505868799633,-0.0397138202078809,-0.0642626153861266,0.0046133722122938,-0.2014946346456468,0.0117838224877548,-0.2076535294898998,-0.0026728483919378,-0.2051480757424845,-0.1114140931459804,-0.0211550459607216,-0.1932991665569713,-0.2640047549650525,-0.0755146485982767,-0.0916794097884512,-0.216660827568997,-0.2302578120673803,-0.1685855955023542,0.0738502896043683,-0.1067009375825213,-0.1211750407433991,-0.0981706080386124,-0.220742785247064,-0.0589017151749104,-0.2331785098016053,-0.0559157536598243,-0.0615503826940427,-0.0473503195291973,0.0589763317345531,0.0044177487943731,-0.0254019551850365,-0.2119334195122374,-0.2607216475159207,-0.2061498410785662,0.0881507326999056,-0.2541805686407834,-0.1390011865971045,-0.2800474171661071,0.1113821351368183,,-0.1951288184269969,-0.2813097900926343,0.036348311934199,0.164075415984443,0.1879659811595041,0.1242150600770717,0.1588394964678532,-0.1433258807609278,-0.0645303411445661,0.0945002912144932,0.0883119807036913,0.0803507448014685,0.0083795891708383,0.0322563863231313,0.1281215001383961,0.2235693505059119,0.0405403264555212,0.0925616825105671,-0.0129742385441945,0.184248202941357,1.0,0.1429747822530531,0.0097930516432657,0.0185437935840614,-0.1099958058858435,0.2682531777603565,-0.0432142793139591,-0.1542237274331073,0.0698854237519714,-0.0407809720491921,0.2082671145997068,-0.0026847062600442,-0.09594512772334,-0.0724505868799634,-0.1226864978256486,0.0818303067114156,,-0.1034624879720264,-0.0998157589733582,0.0238063597203955,0.0130053430345508,-0.2158102950548541,-0.0089560550188175,-0.0620919461258424,0.0453492383530511,0.0961452344577905,-0.004248993683048,-0.234071976648324,0.0426046807159528,-0.0018385056126685,0.0329685084209873
SelfConst_Q20,-0.0859565842791489,-0.1582993023887914,-0.1622952699439291,-0.1629127520503064,-0.1131072548109435,-0.2730294940071427,-0.2525931645098619,-0.1540808629211819,,-0.2379168880828205,-0.1222204034355183,-0.0532268346689441,-0.1575236363650682,-0.0779435421927241,-0.1860731482201393,-0.1888572552134337,-0.2159978788421643,-0.1607741967499019,0.1341498564497104,-0.2540952733502656,0.0692677569729473,-0.2384545596662724,0.0230878306374049,0.0303167508112049,-0.1701622692332026,0.0400730574199433,-0.3091929009861901,-0.2166144041474518,0.2506783387773099,-0.3336015178083561,-0.1029166925187977,-0.2710786330645213,0.1174205229232114,-0.1520353361356798,-0.2734867532540502,-0.2689954430154554,0.0505574726099559,-0.3109168612537595,-0.2915573019690471,-0.2152968852786542,-0.2953937242736789,0.0953880819976436,-0.1898923308607555,-0.1264182640452243,0.171410432737394,-0.2934353242182564,0.2253962089712678,-0.2777046102666087,0.0129505499223583,-0.1469902436776509,-0.13840082994741,0.0777021861335395,0.0211148605006172,-0.1097793709721563,-0.3431408413650076,-0.1941067958605934,-0.0732696360306073,0.0682267401129569,-0.2725668231919665,-0.0950321125702028,-0.2394179879637121,-0.1997348230999487,,-0.216956370934512,-0.2710552904345978,0.0251639926568892,0.0824399102314857,-0.0819102434926376,-0.2001960879934445,-0.0061258312988201,0.0415975204354967,0.1335730691394944,0.0376090205560257,0.0654004334294237,-0.0598826479987942,0.1813932559462858,0.2957392097196689,-0.0504569080667243,0.0680772850548703,0.1530022561902311,-0.1569076644575222,0.2167288904013916,-0.0456303798877705,0.1429747822530531,1.0,0.1825733412334735,0.0945803358345054,0.1104329355643748,-0.0116402251515993,-0.012528814874145,-0.2193755159105436,0.020745659482368,-0.0257848359951386,0.3161144306648566,-0.18040522493401,-0.1126884888484639,0.0748905682201117,-0.1659613802620072,-0.1777496750171854,,-0.1369426060679093,-0.0821639729391579,-0.176769481379847,-0.2112633374708557,-0.2537239032451293,-0.0517766025715252,-0.3739911023495001,0.128544562168954,-0.1085125176605585,-0.0424825056307002,-0.2423663911341739,-0.2355812371617492,-0.0616095887856895,-0.1878114958278394
SelfConst_Q21,-0.2116687630945104,-0.0290523640455438,-0.1425484089639925,0.0115020109520806,0.023336253250878,-0.0787032231004037,-0.0718359096726536,-0.0697904331324322,,-0.0691547486612697,-0.0147105964954295,-0.0409277009267803,-0.0016598538397864,0.0058296445780422,-0.0388631159893702,0.0200653388686088,-0.1995795284255464,-0.0408416663515494,0.2200320090489869,-0.0269781646061919,-0.043737554894358,-0.0868146746440716,-0.1179204442257174,0.0099269325154236,-0.0126409360678996,-0.0684443651011026,-0.1203510042515652,-0.0706683323535663,0.186586379089515,-0.1474738107792072,-0.0199097496967326,-0.1462040897304672,0.2149532212861926,-0.0154584531904854,-0.0466835546308285,-0.0809856145429852,0.1674572283442714,-0.1689724405643934,-0.0767735714144477,-0.1260460334965909,-0.0913656465730108,0.076315412160855,-0.0707649394593714,-0.0808245204154427,0.275533697902829,-0.0547741771220866,0.1908309435462955,-0.0753651080849583,0.086033926040609,-0.077929148359745,-0.0532869550234933,-0.0205793494476738,-0.0857584657926515,-0.1003721204636667,-0.1926630975852968,-0.0757148727697244,0.0963590920004379,-0.0091592710143691,-0.0841494541873729,0.0456974711379001,-0.0826804148126724,-0.0297373873662122,,-0.0824159557960308,-0.1357883870277911,-0.0055326594822147,0.0991445344034549,-0.1984168803564011,-0.0871770861320864,-0.0824926492096881,0.067857395381799,0.2184367449146104,0.0482164719684553,0.2757986202442679,-0.0207573160687388,0.364890168848481,0.0077509694679736,-0.0419849266240329,0.0616906053133134,0.0737149252485558,-0.0863326670476235,0.3032858145607596,-0.0048665502062305,0.0097930516432657,0.1825733412334735,1.0,0.2699477673182669,0.1579211693285076,-0.0328000545202723,-0.0479573631770316,-0.1098079840440392,0.0097896825518973,-0.0419556143976914,0.1330225122332864,0.0104649438516497,-0.1399903894414763,-0.0995376206276266,-0.100374855511977,-0.0650744194117255,,-0.1264394312137887,-0.1422967805214553,-0.0605933608101343,-0.1162504204813478,-0.0503789604490379,-0.037632779966494,-0.1598238620676668,-0.0269564204159399,0.0329927458531279,0.1023749805882193,-0.1573199220549795,-0.0650469993365839,-0.0209192196490929,-0.1112162726512977
SelfConst_Q22,-0.034460646200943,-0.0608076217936523,-0.1206631177001143,-0.0051828157798772,-0.036368206438474,-0.0648571216068083,-0.0382487899952215,-0.1313107166678349,,-0.1278918602517683,-0.1254556067096364,0.0461036417264405,0.0259840749150973,-0.0531655511144779,0.1078948051241574,-0.0730090812572425,-0.0019029979238778,-0.0451441753552927,0.0727002423496756,-0.0265169059378385,0.0400117794460168,-0.1440217836101752,-0.0543619489981803,-0.0177615057902066,-0.1248841862731947,-0.0511550124334032,-0.1906426737455124,-0.118940480811476,-0.0616503666362298,-0.1020579041540718,-0.046521903698127,-0.0639009551524266,0.1078009170796008,-0.023027152654953,-0.0809791502058785,-0.0568920043458265,0.0897578236216933,-0.1110176225286901,-0.0705703907497775,-0.0624807965183308,-0.1250397791400652,-0.0521703691369539,0.0200350990530794,-0.0058253531653663,0.1049474101199578,-0.0800687003036331,-0.0059050640939066,-0.0606559079820894,0.0010766502411785,-0.0745921785686567,-0.0362357870474577,0.0082600834909811,-0.1197429584972416,-0.1014746487254708,-0.0397991887737434,-0.0184455227985412,-0.0356648896959126,0.015785854860719,-0.0649277647591076,0.1178526464308638,-0.0255306815551793,-0.1019240075547538,,-0.0474315004494945,-0.0622093455284014,0.0223048539993215,0.0590815147944366,-0.1124687731791321,-0.101321428861758,-0.1281679334681896,0.0528674982173951,0.1857652639345606,0.0858291068559594,0.0829425345330942,-0.1318962697647116,0.0141822334929488,0.164182583800467,-0.1300803479819004,0.0518570182577206,-0.0280634020201524,-0.1138484628577157,0.1126627580992626,-0.1323069792332776,0.0185437935840614,0.0945803358345054,0.2699477673182669,1.0,0.1344216396131567,-0.075005753147938,-0.1434819840811894,0.0098352435198182,-0.0252738375824721,-0.0634397367929004,0.0798590738060675,-0.1105040002969739,0.0103076479710461,0.0648219057471643,-0.0618134388420213,-0.1894535320995998,,-0.0032783996079339,0.0576534455880417,-0.0769616926612844,-0.0414152477993847,0.014771069679345,-0.0836683650362647,-0.1251978483751616,0.127423868987721,-0.173495022652824,-0.0543886429372249,-0.0450481911224204,-0.0923849927179317,-0.0389226300065381,-0.0886983448901107
SelfConst_Q23,-0.1130230938479102,-0.0880042635046191,-0.0246524323890897,0.0016924145528172,-0.0160109701786436,-0.0688649875175258,0.1008867140322807,0.008447713553261,,-0.043680986672984,-0.012476670900346,-0.2384234681466004,0.0478053345261541,0.0841995690769687,-0.0062654996198845,-0.0765760232656579,-0.1921070948911623,-0.031597593014881,-0.0186950830938501,0.0292559622684728,-0.0756772653129525,-0.0966101699737736,-0.1132911337088303,0.0057999034030891,0.0538042119925677,-0.0464292142991167,-0.1500436826244162,0.0695842401158392,0.0114673235140766,-0.0426255061401677,-0.0079703878520466,0.0143351711751895,0.0994466861353935,-0.0638271756988165,0.0071774430402732,0.0677327456626256,-0.0271428619637517,0.0149779349857016,-0.0358773964085818,0.1680541251805709,0.0150904794661771,0.0200375200807618,-0.064713660378339,-0.0382414010766088,0.2594626910521022,0.0295380812006471,0.0074725171214383,-0.0071574084328335,0.1345520423788123,0.0179342014990313,-0.0228117471586481,-0.0363150794604,-0.1356056920252519,-0.0815328191329161,-0.0431460865672578,0.1460738833801225,0.2262104184273933,0.0133634916715426,-0.0522976164464287,0.0592149434406461,0.0289229080309497,-0.065822950461415,,0.1061299026603031,0.0756156837616535,-0.0128693491875636,-0.0011889640787307,-0.1904852159083209,-0.055703455479587,0.0151750422873024,0.598228916679191,0.2417545701597337,-0.0348304363255307,-0.0041177310314236,0.0266124794561324,0.1990411235169694,0.1092304547032482,-0.0673004952569775,-0.0688504588086077,-0.0744677129375591,-0.0531407782092103,0.0816880870364881,-0.1093320881029609,-0.1099958058858435,0.1104329355643748,0.1579211693285076,0.1344216396131567,0.9999999999999998,0.0244926375090254,-0.0008639109643072,0.0652000470380122,0.0438473667374541,0.0044211344678056,-0.0896975158839903,0.1321445023200668,-0.0110464605895109,-0.0751013132964102,0.0113862825793535,-0.0342700506521207,,-0.0868767601551201,0.0611261656195355,-0.0049323184272708,-0.0532999895979263,0.0297019652990683,0.0082174774630298,-0.0737873125462743,-0.0051593013008883,-0.0188248782338217,0.0662760742179346,0.0947336352511679,-0.1825242000363245,0.0182214499785324,-0.0684341471329129
SelfConst_Q24,-0.0473529353973512,0.1574072461703241,-0.0188550878147531,-0.0487986676740705,0.2582830401146786,-0.0586504684693336,0.0053163505410805,0.2311500637988195,,-0.0862463533103053,0.2931684099149515,-0.1279523635249396,0.0056556386381182,0.1707685621605719,-0.0118087498193381,0.0295162121153858,0.0688165824939824,-0.0721710888729825,0.2537128961461701,0.1055765575599538,0.0161088283252494,0.3590740326494345,0.034487003075267,-0.0048217169924097,0.3443387367592383,0.101987870189659,0.1275740356418075,0.0251566164061821,0.0893732763530781,-0.0362812486418844,0.0336607759658465,-0.0198991700916797,-0.0338730746278993,0.0514806681031193,0.0117579862892375,-0.1045296536381775,0.061837683664073,0.1391183854501778,-0.0390892579044343,0.0679448433492244,0.0109607812500231,0.3280795308934211,-0.0240169548959049,0.0541888865043672,0.021570400868522,-0.0323396900680941,0.027582323295293,-0.0541260398487456,0.1074749072453162,0.2139496034292986,0.1866746700560843,0.1941298477069531,-0.0874554229452732,0.1871884543611677,-0.0449426515522134,-0.0013607225049282,0.083852361131886,0.0600154692792296,-0.1704781304792592,-0.0478450491228693,-0.0396845335521447,0.4629769897160584,,-0.0269642032426154,-0.04694229129582,0.1679675631954328,0.3114649955828304,0.1533043552461107,0.4737499984322793,0.5221494972151866,-0.0786875181603657,-0.0633695960388143,0.1227334672847936,0.1428122164647001,0.3301236337313055,0.2305769820022451,-0.0835619491966402,0.5085185903678681,0.2592873423648641,0.0799852518007403,0.4115817374280101,-0.0796066261144994,0.2641107739076019,0.2682531777603565,-0.0116402251515993,-0.0328000545202723,-0.075005753147938,0.0244926375090254,1.0,0.1014931226709882,0.1385542859468461,0.3334768310061223,0.1028813133832283,0.1133871359540134,0.4173319953567315,-0.1465131807743654,-0.1622025596246641,-0.0624234517294179,0.4171785522240628,,-0.3560666727160064,-0.2254063762028238,0.398119044858908,0.3476864585893123,-0.0358865225418485,-0.0439952049010903,0.0092807403862152,-0.2472224982639791,0.3127142581861691,0.2387590426647494,-0.1144147661667616,0.2265398768996855,0.3355099491812583,0.4556023211879793
LifeSat_Q1,-0.4230310719375135,0.3364221976160892,-0.669834045029028,-0.2398253033057199,0.8218856728168253,-0.466185796981666,-0.3814164341286876,0.5127172223168275,0.5547493080727233,-0.5287430151481444,0.1354827572245438,-0.1013222183022854,0.5990078208552263,0.4040061592785863,0.4739206144204367,0.478891427152075,-0.3827381549635181,-0.2347827129578552,0.8484564923151817,-0.1251249586543265,0.6093410889530159,-0.0774018929943672,0.8226848417666843,-0.4761373429859986,0.4611794193595152,0.577080059278616,-0.5427944940714866,0.4310391119585124,0.8337470231525745,-0.5857304779804925,-0.2031255101878729,-0.6491965341273134,0.2355883786726426,-0.4422771868279246,-0.4498880335820323,-0.4563176087996701,-0.0719456395574194,-0.2847595667093818,-0.5193532918417196,-0.1780930478458798,-0.4215037597278286,0.6751410344050652,-0.6003263390202968,0.6038895845004684,0.2805579093876006,-0.6913753417832869,0.8286240505124748,-0.5980057267382776,0.8138605486684639,0.7626184759341075,0.850723246263974,0.8084429185827806,-0.1702469899921276,0.7936196588526025,-0.5955191326195598,-0.407282417047648,-0.0330877930782765,0.8470375601574998,-0.6394935438201761,0.8628827350552735,-0.3878442911331906,0.7310255779175584,-0.282173403457936,0.7977558572281307,-0.4896278487207427,0.612879029775026,0.7911301872571982,0.2806488643028161,0.4946912475242643,0.8334443232297607,0.1880129010221267,0.7912965001581822,0.8247523558528567,0.7392130331820261,0.3780026198659463,0.6146109337151149,0.7308716539136579,0.813871231044977,,0.5214448846335631,-0.4751779267264069,0.3338580768704634,0.402260778677221,0.1865466321219503,0.1880129010221267,0.2445693923070908,0.4376452066266572,0.1880129010221267,0.6532422398763613,1.0,0.8676131042912235,0.8272093407006155,0.6192207826973242,0.5240818828856283,0.7658718954259366,-0.7017389598626511,-0.7474890732461497,-0.7720685668267846,0.7067043255108223,0.8050651476437891,-0.1663985740247845,-0.5406642133021667,0.631901833382557,0.8008884501053559,-0.613677345844958,-0.7250701123258065,-0.1153053422909415,-0.7046920494747735,0.691654503221429,0.7649515080037974,-0.6720480065292069,-0.38974721888112,0.7152878301763355,0.7011227121837178
LifeSat_Q2,-0.435395448538125,0.3080654644343851,-0.6926629428926274,-0.2493957142784708,0.8040659875097685,-0.4865639742470948,-0.4209493821507766,0.4894287407667396,0.4964809693096025,-0.5282102206060677,0.1215651266129833,-0.0788821299106957,0.5459369974753644,0.395486776361116,0.4338785504087389,0.4285175227439172,-0.4185615744716363,-0.208279305791822,0.8224634602590202,-0.152825259392961,0.5470641978061779,-0.1241709711642808,0.7925655144760673,-0.4493369421026154,0.4059205915670519,0.5416267858477655,-0.5381720818407191,0.380703223562346,0.801510772282506,-0.5640810123697566,-0.236457355508792,-0.6410743293299971,0.225090381463805,-0.4762886679571377,-0.4967917964056212,-0.4383866351662496,-0.0484964278185623,-0.3166379451267671,-0.5619900507035791,-0.2112062921905707,-0.4671487981192721,0.6701270745833403,-0.5852438174117243,0.6100709901479118,0.2048535523011966,-0.6886342927714032,0.8011787984226625,-0.6165635224116037,0.8165948431982081,0.7705968912899337,0.8330762491399514,0.7656049041522732,-0.1485602898794458,0.8115801346738997,-0.5603788283076636,-0.4451322686229689,-0.0408579779363143,0.7808159551708728,-0.6526869514575283,0.8039235939149908,-0.4106777956147092,0.7442629307403321,-0.2859105528921876,0.72875358455013,-0.5137361148435451,0.5746616150059896,0.8248468137901984,0.327302870107808,0.4496632265267169,0.78153957181184,0.1747660870761754,0.7626369137335386,0.771247393449189,0.7239720911571844,0.3744389901966398,0.5934141038848952,0.6819047798525792,0.7639800301230664,,0.4684826239708886,-0.4667462778482115,0.4055170536037664,0.4551495180607895,0.2320661729007504,0.1747660870761754,0.2181616347240081,0.4431348738711529,0.1747660870761754,0.600563549287668,0.8676131042912235,1.0,0.821007597197392,0.6241856165559883,0.4787815636907775,0.7192231256693362,-0.7004305017704424,-0.7245524550376135,-0.7359373224693179,0.6660082080393677,0.7607872887198315,-0.1512678146044662,-0.5432513517870938,0.5897321309035815,0.7631203113992187,-0.5884716049906442,-0.708583441503414,-0.1675883251217968,-0.6561594406058527,0.6585919462671703,0.7126044950490201,-0.6338473100121804,-0.3489282705608269,0.6516116101989992,0.6706168995820813
LifeSat_Q3,-0.4125463084251082,0.3211885758318125,-0.644893522950024,-0.2305418875968103,0.8152809907147232,-0.4647848283718714,-0.4131580264235821,0.5120729815062246,0.4896619695569414,-0.5605298376331694,0.1389723182379416,-0.1677124277726829,0.6110847213562944,0.4368707956064414,0.3675354460309072,0.4762754549824019,-0.3459974922673962,-0.2488644514371596,0.8269503140299483,-0.1183311709834953,0.581548606064888,-0.0975304726305561,0.8269490498020184,-0.4908580871969688,0.4751212260081322,0.565899924423673,-0.5416959025299951,0.4389886011511578,0.8687828882774743,-0.5814005969523643,-0.1801977103523808,-0.6585549608595769,0.3213761858667292,-0.4104232669468708,-0.4233945884824728,-0.4435970631756329,-0.02968430915398,-0.2527040912422217,-0.529041066833553,-0.1571206722801365,-0.3990523846914634,0.7161160834896945,-0.5848519127778726,0.6164455453087576,0.3761610631258122,-0.6964597896070208,0.8403438094708826,-0.5955107443397532,0.8343379526418542,0.8078930014296941,0.9370663295229836,0.8250595045893032,-0.2080821040205256,0.8144313651044492,-0.5692578877069898,-0.3983486811475086,-0.0554115511753482,0.8419990041512381,-0.610782557993967,0.8285204952758308,-0.3973785180116409,0.7510008264676572,-0.3185370253255623,0.7691404302131555,-0.4878512348628612,0.6711102254083524,0.8065745491500529,0.1892413391299542,0.526873277380063,0.8002425072390691,0.2091883921956541,0.7631876306386896,0.791396387696957,0.7994352192756214,0.3691648788794311,0.6877266496223772,0.8231270460138593,0.8386247725201423,,0.57823048283614,-0.4632718998923761,0.3717292593790084,0.2833945625851233,0.1939725531065723,0.2091883921956541,0.2967403007296921,0.400549335205836,0.2091883921956541,0.6779564512755334,0.8272093407006155,0.821007597197392,1.0,0.6783928460620121,0.5229882052380056,0.7709382722568022,-0.737956896100743,-0.7867158276497515,-0.7678210882170186,0.7286806625149831,0.7734751752651429,-0.3119625349897592,-0.6111519521407589,0.6174713506731235,0.7908276959490725,-0.6313082861050288,-0.7416674730645998,-0.2680985674918952,-0.7290541279682423,0.6724806494023308,0.7451125864054597,-0.7195683559870218,-0.4013267441580347,0.6905540972163857,0.6924770691923718
LifeSat_Q4,-0.4681670154482782,0.2217320059331193,-0.6204569685451302,-0.2187660453238933,0.6134680689306188,-0.4768118898415168,-0.4066995148144492,0.3975895133089788,0.4431838578419506,-0.5077750230808091,0.0997921547419854,-0.1642739677906461,0.4312609443340179,0.3706676375855987,0.2759132279590648,0.3536718609213864,-0.3657582645127637,-0.2043164808347591,0.6721880890326033,-0.0615048563318087,0.5241267235039224,-0.0902273085983028,0.6369512823348857,-0.4050399670573996,0.4058674231424155,0.4129509640791655,-0.528673609892764,0.3866584420355524,0.6846747792900509,-0.5641631346365515,-0.1612249724608659,-0.6319612027206115,0.2440326927782036,-0.3161604252189889,-0.3827402525806702,-0.38245204708781,0.0240491863399762,-0.175382057304285,-0.4771967763854395,-0.1509770880658894,-0.3174376357476693,0.6224436897620759,-0.5795146236188937,0.5302811363928688,0.3169227813502259,-0.6682880143973777,0.6158084650268391,-0.5502959591277581,0.6698477712828141,0.6293091688350253,0.7017190139111983,0.6913566669365028,-0.2291776345308384,0.6531421733596557,-0.603163711187536,-0.2718413542135136,-0.0687064115150435,0.6997626904725261,-0.424513786297903,0.6787676892798941,-0.2611894742057107,0.6050757452132347,-0.3035540457773986,0.6294261752798426,-0.4171992752586494,0.6236266223758251,0.6547866685837908,0.2172701825979424,0.377727069828207,0.6207278819500259,0.2185742438608954,0.5659179817986746,0.5633007751021888,0.6855197413123517,0.3229527451810888,0.5511268521851949,0.6090163281392118,0.6660815752399998,,0.458825848669024,-0.3258469482144491,0.3004256357259089,0.125819150052665,0.2220212420036572,0.2185742438608954,0.2137613168656327,0.2716562130107504,0.2185742438608954,0.5152545301290266,0.6192207826973242,0.6241856165559883,0.6783928460620121,1.0,0.3941011398018052,0.6407267760655472,-0.679855109659841,-0.6634116199421785,-0.6612385306050603,0.5963474713637611,0.6013007868910438,-0.2703311727447751,-0.5854612771016392,0.4626235415291675,0.5826566150409472,-0.6085143581922325,-0.7117098240325723,-0.31369825272108,-0.6460161403914813,0.7051631864195551,0.6081642063820394,-0.638609668646682,-0.3828307919899162,0.6492148836600008,0.6730081200034793
LifeSat_Q5,-0.4875669911646814,0.2178990483671192,-0.5263598083041936,-0.1467417275678083,0.617772490101123,-0.3878968665711668,-0.3293486540434476,0.2807235080101898,0.3339174303260266,-0.4512460850477787,0.0547956145962342,-0.0957237500780336,0.4628286897954494,0.4064016482391087,0.297549430334097,0.3471827916297132,-0.3320838895473068,-0.2123905594873472,0.611286739973214,-0.1230508405797335,0.4773292672513193,-0.0775264811397876,0.6496279228222737,-0.43087895446574,0.4609700566515154,0.4379272192564907,-0.5589006945007247,0.4334648506057122,0.5878797743318702,-0.5075786873623751,-0.0614367839844958,-0.5127874018450236,0.2528272625309683,-0.2153833118068341,-0.2656762947534987,-0.3054563933937159,-0.024472865956936,-0.0753091498203718,-0.3462876925517109,-0.0798116738828025,-0.2078259426157584,0.5337563011413987,-0.4670728743008301,0.4934874473731372,0.2277992380556153,-0.5615157507141408,0.5788677775961885,-0.4603742320882104,0.558478599382657,0.5547488132392728,0.6059144407279595,0.504705242103489,-0.2692423645910545,0.5557661114211421,-0.5056360095620728,-0.1952588357026926,-0.1129555400841975,0.5752435590537213,-0.5557363509962875,0.5810092103428002,-0.2253463635095332,0.5162386849862847,-0.2483540541398114,0.5374942555296688,-0.3133100568638699,0.4146582133646919,0.4746056369525424,0.330368533779903,0.3239349711119689,0.5751248074831483,0.162317305389481,0.5752949006041174,0.5911312245484412,0.5498511518789702,0.3031337204923298,0.3557944506664247,0.3701674030483244,0.5483823245555911,,0.4438666200170876,-0.213226789647785,0.1522968840967706,0.3419268769472529,0.1727814178944315,0.162317305389481,0.3234287976022867,0.3303077857938475,0.162317305389481,0.4704785032345526,0.5240818828856283,0.4787815636907775,0.5229882052380056,0.3941011398018052,0.9999999999999998,0.5633041898806794,-0.567222348797502,-0.5979503811221611,-0.5773760513313004,0.510817962459903,0.5244699539291365,-0.2983564351288217,-0.5741503337363101,0.4020887577533426,0.5127344791960683,-0.5080958738870136,-0.5770604804877683,-0.2314783208582199,-0.5212073831619339,0.4885367401052646,0.5488944209356671,-0.5950511858831857,-0.3172721198795529,0.4779336503838984,0.4985289439816209
Lonely_Q1,-0.2346245785116307,0.2448104179066041,-0.252263474120089,-0.3807952183253708,0.0059024795897578,-0.509295751131452,0.2435637568595273,0.447019782551494,0.3298504013990242,-0.3677555076655008,0.3892106168527431,-0.2620980120193941,-0.0351818156125734,-0.0673751101910412,0.03045848471223,0.4085386642197196,-0.2696720429331868,0.0090637413570085,0.4824641474570873,0.0504813636517904,0.447338750273972,0.2731093718021053,0.427878504748,-0.421803705056737,0.3969046043804952,0.1766670535426266,0.1356947385932431,0.4487854064780922,0.6231556948422059,-0.5162696437024449,-0.018693652657847,-0.484598297593113,0.1473889332064411,,,,-0.0437442226753806,,-0.0347494818491229,0.0043929500824145,-0.1429876221828246,0.2924026039420582,-0.0613393228106098,0.3084324882940627,0.2646893546244868,-0.5701062843373963,-0.0324319582169725,-0.1374056875845161,0.2186498504818238,-0.2153636530126074,-0.0105065281629483,0.1649705933168285,-0.0063192916347324,0.1035443529217869,-0.514445393139448,-0.0409236704128455,-0.0924863485695446,0.3574413054137245,-0.3044512576692833,-0.0474843708726685,-0.299248053608637,-0.0178190469566665,,-0.0777407959098742,-0.5460105635687806,0.5182209306914252,0.2995806364642766,0.3596919630055815,0.4667003409322584,0.6534380792152151,0.44693932852794,0.1370154964625731,-0.0655109216350956,-0.0359750737006064,0.3000010764408365,-0.0891553639517524,0.0117534941860714,0.6048225228426307,0.1934636817026483,-0.0147574356426597,-0.0765625083805263,,0.0658553506979865,0.4537904594050337,0.3811968917905145,0.1975465331835939,0.1746203042605547,,0.27609695292177,0.332780217957915,0.1863002089922776,0.3093107211165061,0.5295466623179441,0.1821949921960827,1.0,-0.3625305310067387,-0.3640569030393986,-0.3347357925947367,0.5826014730061547,0.4405264679451066,-0.5320411692200849,-0.3661876895471019,0.5798405353953494,0.2662543084425701,-0.3139788107482096,-0.3295021245342209,-0.2571057426732427,-0.3742470362132866,0.2770505826471532,0.29448003539754,-0.227533891234587,-0.0720363720306815,0.2332233573564651,0.2507873905696688
Lonely_Q2,0.1328373933582877,-0.0174321745691239,0.3447139375168309,0.3297061469925479,-0.1609407741900791,0.5584849629204284,-0.3989050541074465,-0.3249255436920505,-0.356579609758808,0.3318506193969987,-0.3626054075001116,0.5363231768103827,0.2115347080126795,0.1095805355608674,0.1790358295979955,-0.39645847024726,0.3519720217053244,-0.0838000853704457,-0.3385218960170563,-0.0758680675837332,-0.3964026836299126,0.0763032638276651,-0.2470442965752595,0.4375361424174381,-0.4203081364544322,-0.2092899398548494,0.0200401309170264,-0.4943372276136858,-0.5123254307159775,0.7313899073888928,-0.1136199660480013,0.694653816279881,-0.0190503071112858,,,,-0.1466069632901495,,-0.1464733509706954,-0.0331884840445054,-0.0962280942442101,-0.3523311196862059,-0.1500264516688961,-0.1575309152184449,-0.3054689506247905,0.6322286408300869,-0.2602108319929262,0.0557842544058428,-0.2489705312635229,0.0531803525985977,-0.2097029453327732,-0.2497547289913942,0.1057911045235982,-0.2353695542972031,0.6042696417548443,-0.1474986029603969,-0.1158781658999732,-0.280159589609866,0.1294885084641332,-0.0289013983320387,-0.139379964264184,-0.1193348569024662,,-0.1403082767921494,0.3311787609718264,-0.6480926991912843,-0.2050120543183601,-0.2626954681555411,-0.4510642197702671,-0.5340986205149614,-0.4058338417978298,-0.3779419517635782,-0.0537403284554717,-0.0731495343352041,-0.2219401674116013,-0.0023739053817446,0.0601410101410705,-0.4205199424792145,-0.2529473942622375,-0.1482057706405605,-0.1056254944906255,,0.1297966094373504,-0.5091475863127104,-0.6074652383107763,-0.3271845595704799,-0.0539109421616403,,-0.4578607278658146,-0.3040879689529278,-0.2362662172127772,-0.2418568933157392,-0.3571305920293537,0.0353489674139285,-0.3625305310067387,1.0,0.7803615174659211,0.4639349320025572,-0.3917120940469487,-0.3365315910322913,0.3909785260063739,0.464641831025871,-0.1267961786025452,-0.3578370595794897,0.4225988582861144,0.4670691886035979,0.5028404243710434,0.4255478374483727,-0.3297066290619433,-0.3724456370131832,0.1398937388220955,0.5758222231527627,-0.3597457403626587,-0.3532474257567061
Lonely_Q3,0.1743239497147334,0.0452375973407224,0.3607553588589001,0.3263516028359935,-0.1532148074038698,0.6061871456804206,-0.3942283011636592,-0.342829588625706,-0.3875421080497263,0.3790882935543128,-0.3376971199932285,0.5329781836270984,0.1790325045042533,0.1404092126605509,0.165301725149898,-0.408164638378555,0.3805283281622753,-0.0267576698253433,-0.3861904883508939,-0.1277431226734447,-0.4267338467315098,0.059382214065327,-0.2462171901693339,0.5171952004707553,-0.4112829604258755,-0.2002243654072757,0.0611327728596149,-0.5274675704784832,-0.5550303447272887,0.6882978119716159,-0.0758520253179539,0.6772362446784346,-0.0473659270271766,,,,-0.1215541340464892,,-0.1429061692956157,-0.0283502212700879,-0.0848262700048388,-0.3798163305092993,-0.0746901431738154,-0.1752794404930978,-0.3321242116790179,0.6389563988504461,-0.2313080397098108,0.0280320852651208,-0.236942030841671,0.0470432409277218,-0.1670003166579757,-0.2284515190026093,0.1080921126862917,-0.2684920865350687,0.5940357095058375,-0.1346011994474167,-0.0620121915464254,-0.2985766068402166,0.1432934315933116,0.0259561741779011,-0.0561036992509972,-0.1100326309909144,,-0.141224452734098,0.3755344187876275,-0.655908316856562,-0.2208964730105279,-0.3299871281955205,-0.4637583100457772,-0.55953292477056,-0.4660411563692425,-0.4080785038750421,-0.007121414304825,-0.0739722995330191,-0.2476115109046164,-0.0026844662208874,0.0960792320694082,-0.4558074552710416,-0.2771813695271666,-0.1163420935428127,-0.090227264871637,,0.1751015579348112,-0.4574766912122791,-0.6078612969809833,-0.4144478104117247,-0.1688357306291724,,-0.4622773915095005,-0.3051427582269451,-0.2060498615136744,-0.2234254972558665,-0.398786498162324,0.0823705290838128,-0.3640569030393986,0.7803615174659211,1.0,0.4744843190174664,-0.3925310462004025,-0.3226683108253144,0.4280390047538688,0.4447824183527319,-0.1681304816720875,-0.3028939774365007,0.450621369735087,0.4195271483421821,0.488893969185365,0.4438094725718819,-0.3689538280578585,-0.4054469374217891,0.1093439283092169,0.4854570272210143,-0.3767006579033669,-0.4020347026622212
Lonely_Q4,0.1868054584705471,-0.0255908102086017,0.252204346786127,0.2866935953545599,-0.1649863484233655,0.5784292384246124,-0.4513653982387126,-0.2546904126641006,-0.38208713624314,0.3321458956667085,-0.2452185576638699,0.4274321720152412,-0.0657101213426491,0.0606319423743826,0.2098782744911921,-0.2789570119055359,0.3383325149918095,-0.0340539929703173,-0.2952643575812005,-0.0781826648888071,-0.3557774227919085,0.054315469422777,-0.2434553495566568,0.3861195341465882,-0.371539621483589,-0.0615668062859315,0.093014313283541,-0.4557641912009678,-0.4494503138791713,0.6769459957933406,-0.025240667130949,0.7074505462028644,-0.0189898527568728,,,,0.0067226473289875,,-0.0792514131084999,-0.0506549815097383,0.0048515750177215,-0.3895085616395075,-0.0282976686030476,-0.2387658013062131,-0.3663498244377804,0.5980725580031593,-0.1380642264038003,0.0272229263094173,-0.2015888421048045,0.1157379698291245,-0.1088874253156657,-0.1722979103218504,0.0990618197321063,-0.1896551999989141,0.591904011557522,-0.0814162069168722,-0.0380696371347908,-0.2236712596327894,0.1322360185517135,-0.0048845062849926,-0.0087821208236631,-0.0681910533143176,,-0.0859847542259708,0.3018013734752284,-0.4813873795494168,-0.2600591825769213,-0.3129434947634628,-0.3770481002345234,-0.4788701954298937,-0.3506538738206963,-0.3552792975177808,-0.0330172289637654,-0.0426858366832918,-0.2516838441364845,-0.0483415997701483,0.1401921391249093,-0.4142835227699004,-0.325314545847582,-0.0370545750236336,-0.0792204788296539,,0.1908685377093226,-0.4193703967602894,-0.46852305188904,-0.3104883709428591,-0.146872341466462,,-0.4037457553332779,-0.2831527027023545,-0.1442496432150221,-0.2262471877006347,-0.3340562690075448,0.0472684341521707,-0.3347357925947367,0.4639349320025572,0.4744843190174664,0.9999999999999998,-0.334830041463965,-0.2367469216102024,0.402106113851196,0.37009918260149,-0.1888511840709689,-0.2332230952134507,0.4740060766684661,0.3541880627894771,0.4399240947122494,0.4328727167662552,-0.3134577776174547,-0.197024111486788,0.1452545629745767,0.3523124334930269,-0.229756893996979,-0.3606853647184687
Lonely_Q5,-0.2235364683653186,0.1333011233114684,-0.2136248525895488,-0.3649427986708404,-0.0065063927262296,-0.5495966513846982,0.1692120218969935,0.410942045864038,0.3437406293254488,-0.3078862720052519,0.4180667890167813,-0.4423307964861799,-0.1878767664257938,-0.1781460532167236,-0.1571939227124382,0.3554070081449669,-0.3719034720296176,0.0333745238388808,0.4193104667886511,0.130985110840813,0.3439727756259866,0.0759727128320301,0.2448737014548159,-0.4196274506025644,0.4131001994810183,0.1355172245575536,0.0629181871194759,0.5077816559096255,0.6580236829534467,-0.5316829239717529,0.0541686482057793,-0.5109223056449854,0.1519019622827508,,,,0.0114294059469825,,0.0383048806023318,-0.0926515492809699,-0.0718576989855669,0.3197023764377417,-0.0446515903346855,0.2983501918199576,0.2810080807177001,-0.5813061942322058,0.0698299064196097,-0.1322172564704971,0.194855746242969,-0.1320876616538991,0.2011750358170319,0.2328819814996042,-0.2873582595782792,0.2537276532760446,-0.4840440148087259,0.0924858122563717,-0.0331003584445454,0.3966633766362646,-0.264159186108005,-0.0224424231171791,-0.1945596565467389,0.0734533702024679,,0.0634534443161072,-0.5474747422188571,0.4620944157515814,0.2470225739693747,0.2837656985882007,0.4437565298517447,0.5973833545026583,0.4475194286746078,0.1431553088560705,0.01144396954104,0.0653990585522395,0.179465504730594,-0.0576213772279726,-0.0129560548100382,0.594330091300683,0.1538696594164994,0.1105440036161551,-0.0553344297751056,,-0.0798181561807412,0.3296107734759474,0.3340656505196967,0.221805215404205,0.1070729703536719,,0.3830004665150386,0.3740304499920747,0.2047840553465276,0.3221982706071855,0.4821011029345491,0.1304469998421318,0.5841965445351347,-0.3958211452251401,-0.3970063322453412,-0.3378470069138412,0.9961917831153354,0.5273068933314424,-0.4915894527559656,-0.3112889649716787,0.4197753968879471,0.347010208865225,-0.3225531195438081,-0.3642340231554734,-0.2800219176691878,-0.3571359416594301,0.3202922524151651,0.3772293101120266,-0.1086244231931588,-0.2465680884454837,0.3308916103479755,0.4007504518109639
Lonely_Q6,-0.1808428523844379,0.1466065412902875,-0.2310290858969476,-0.3121976222115389,-0.0823570597209724,-0.4933124711705017,0.1327130254653266,0.4122730958106014,0.3114365476002517,-0.2028453367411572,0.4339996217853018,-0.4320160031588003,-0.1576777212013089,-0.1914914273731925,-0.1370278258227685,0.4171110211389546,-0.3736556433826865,0.0844601654809688,0.3855815838106252,0.1191793496346568,0.3081883561811818,0.1168143137778864,0.2413144326808806,-0.3492824978655868,0.3894698777751154,0.0896529161201842,0.0929922287372058,0.4993427381219615,0.5339257992924095,-0.4462541813744618,0.19002714641014,-0.4657882038028173,0.146296574135572,,,,0.0670570000772336,,-0.0237802715806543,-0.0612946553710165,-0.0474618593007218,0.2527575615657156,-0.0627993258419242,0.1709271988728157,0.16887490294365,-0.5441794849211173,0.1110158634514138,-0.1910215229707837,0.2409634091173912,-0.0678390065451275,0.092754378344195,0.2262615208371884,-0.1640756384868482,0.2994405422616819,-0.3857186650031625,0.1212561690150384,0.0558639953433982,0.3929023005456631,-0.2367233932047781,0.057762039617129,-0.1377300772454661,0.0796962477412276,,0.0563517762359808,-0.4772183847843653,0.4373011604917254,0.1789884575520933,0.2322146424071487,0.4574319034826795,0.4834098944327923,0.3926936551275422,0.1045384775850483,0.0012219737093081,0.0482524656285833,0.1983170103949713,-0.0295571824392307,-0.0459883048389836,0.5039106460833044,0.1007562347494622,0.0633718929522559,-0.0371573423423684,,-0.1053475338149015,0.3839174850270858,0.4258123614304909,0.1801650404178606,0.0094656956660895,,0.3286265744663448,0.3535335669093348,0.2249336897284296,0.3459936123531718,0.4238876709253804,0.1278817569881822,0.4405264679451066,-0.3365315910322913,-0.3226683108253144,-0.2367469216102024,0.5336368256945543,1.0,-0.3764349294298776,-0.3393556395380904,0.3581602241688376,0.3342710594664829,-0.2905962989320607,-0.347483556333285,-0.2747077550286153,-0.2736952389399241,0.3262477612408557,0.4024299448521123,-0.0932371437964508,-0.2675032547205013,0.3162793408009046,0.3635278723935937
Lonely_Q7,0.1658237088557561,0.0621497931974994,0.2905830171991898,0.402793741886749,0.0945683948568995,0.5897599761487071,-0.2248649642837477,-0.3914919525547763,-0.3337410757242829,0.3379529086573413,-0.2741090343174314,0.4752359189716555,0.1498128677276352,0.0946929956445973,0.1110924390558722,-0.3322144453212661,0.5035053071762717,0.0474114440083702,-0.4281148504211797,-0.0751406920873235,-0.2611826018826005,-0.0214480793525962,-0.1014179678236918,0.3266198767664861,-0.3789955495596552,-0.1029460303761554,0.1522600625566171,-0.5420995510296291,-0.5630431858180465,0.5162851386946457,-0.0640076044105912,0.5486939052426127,-0.1914350775399482,,,,-0.0769997482026194,,-0.1013327076121305,-0.076315669792247,0.0293229259457302,-0.3776265720604506,-0.1012392660719724,-0.3159287938626515,-0.3378948855646321,0.5716636374047213,-0.1950872313267373,-0.0257004554285794,-0.3299510513613124,0.0240597553733526,-0.1537145692485428,-0.2824933535042274,0.1538300178692095,-0.2220104794454487,0.4490840302332193,-0.1293417851191481,0.0047926010802471,-0.4252582235695238,0.051941501960495,-0.037694482598282,0.0199005214773095,-0.1506436007034527,,-0.1010908133434071,0.4703702825656588,-0.5027915242018165,-0.3069291367530041,-0.2057004172569689,-0.4677376369814963,-0.5735404465920932,-0.5239991035547169,-0.2607737708797205,-0.0918827560431005,-0.1398549291760996,-0.3233822041158902,-0.0185125729083537,0.1042056168423636,-0.5786270310384338,-0.2454413437594191,-0.1482387465854423,-0.0094406372273447,,0.2216780382544053,-0.3186335607033803,-0.3404769457150929,-0.3986776888456355,0.0563222365432491,,-0.5003076227045031,-0.4131643664618213,-0.267700882821539,-0.3283716983847956,-0.4373571422089703,-0.1573795896669856,-0.5320411692200849,0.3909785260063739,0.4280390047538688,0.402106113851196,-0.4901835626103587,-0.3764349294298776,1.0,0.4686899426751016,-0.4088808931499824,-0.2798004142977551,0.3806949457993774,0.4134740604835238,0.3542642804708525,0.3260263191351977,-0.2019124584289933,-0.2703855406101242,0.2807472071403956,0.2664789389499392,-0.1875543558292747,-0.2492248617052788
Lonely_Q8,0.225651405684862,-0.0170197122366477,0.3845970789580401,0.4499672054155854,0.0537064041685843,0.606313592053001,-0.2748592247973068,-0.3591004950554088,-0.2330132254870544,0.3632183116369947,-0.3340636419801308,0.4363775096980172,0.1570826651851946,0.074551308350363,0.0837125782675892,-0.2778831622624728,0.4110248726785408,0.0890265841100239,-0.3881042249961513,-0.0976338263069114,-0.3591898974376921,0.0145310332617373,-0.1548407591749419,0.3616869298641361,-0.2762665452464417,-0.0534712960652813,0.083346767357031,-0.4748648444383184,-0.4991852891276814,0.612511721507372,-0.0939835922046892,0.6137438320060955,-0.0307324598535176,,,,-0.1260462078228105,,-0.1371805744510505,-0.0556083697906323,-0.0571053085439755,-0.3504358729185051,-0.0656139760593512,-0.1929299022927482,-0.258127900390436,0.6110422518053316,-0.1972061208517241,-0.0186153678484542,-0.2986366789338422,0.0257692498322268,-0.1432225730626563,-0.2033274939764129,0.0209248851357184,-0.2429351487102482,0.5851175347469868,-0.1446067168808095,-0.0371103950247123,-0.2983480241743343,0.1213265128849584,-0.0038438289299404,-0.0311680972854304,-0.104956249548495,,-0.1132155933079318,0.4287081606479934,-0.5118402665418574,-0.2046152373910743,-0.2454959538961456,-0.4449914762587214,-0.4873634221582237,-0.4141826289312019,-0.3176044671212795,-0.0277032806417512,-0.0062584298288875,-0.233607991776994,-0.0230834613553617,-0.0117857237812954,-0.475037349491123,-0.1557891526149115,-0.0875283855992493,-0.0792031523687111,,0.2581074663390175,-0.4295759871416065,-0.5307085092044734,-0.3053670995442772,-0.0565758178898993,,-0.399295698584787,-0.3492158411171292,-0.2433964003071193,-0.2601026638678564,-0.3797384188398677,-0.0410748873474287,-0.3661876895471019,0.464641831025871,0.4447824183527319,0.37009918260149,-0.3088332400873116,-0.3393556395380904,0.4686899426751016,1.0,-0.1935003633677602,-0.3342131318542363,0.4601974676069319,0.4645308500881102,0.6295037387374108,0.37763544533852,-0.2376403650451682,-0.3018648873397145,0.1777149940195126,0.344773430753833,-0.2583530317438934,-0.2740196018474573
Lonely_Q9,-0.1456129630328351,0.1337406675135878,-0.1756407099234303,-0.2904317403332178,-0.0485368679352001,-0.3831786234679013,0.062918718344244,0.3757014617156105,0.2231326321039603,-0.2888519358186813,0.2396524387662542,-0.2796748358193446,-0.0086239126563821,-0.0382348928954084,-0.0048828806008652,0.2293628367681497,-0.2522411049272797,0.0872186960652711,0.4302517482088966,0.1463239441373229,0.3424452552258578,0.1746575624750548,0.1947766669498426,-0.274315521523493,0.3381007143115433,0.0974688649106971,-0.044188454450467,0.3683249185100524,0.5417702192409408,-0.2804998304881468,0.066634839138007,-0.3047165215295326,0.2318820287672745,,,,0.1538750712968089,,-0.0098713125623008,0.0350767408664885,-0.1728059331382874,0.385058857291255,-0.0848254918494108,0.4110910249854964,0.3201485442904807,-0.3838665904371123,0.0677296497151795,-0.0724978224558907,0.1451442826000525,-0.2226464905545093,0.1384292811353945,0.1628955714306841,-0.1240432684509557,0.1699461652157346,-0.3582760587693715,0.1290834120895932,0.0815924412285777,0.5180713246419314,-0.1728340432535171,0.1266862973095249,-0.2801041932869332,0.1465283726465756,,0.0387213039434864,-0.5341330546947822,0.3828916826613281,0.3889114891078801,0.2761717737030795,0.4200464996999504,0.5033320902439881,0.4234979710448202,0.1663236557485344,0.2353870164767952,0.2248561220640481,0.2669819624404225,0.0235472140661114,0.0938490677349107,0.4950218590646222,0.2731047673600481,0.1600843604059405,0.0145196974264966,,-0.0799051500639411,0.2842416833508656,0.1707258373099533,0.3268913876827255,0.1600147635059299,,0.4447654936536319,0.4361730657147367,0.1421950796861181,0.469245506006662,0.5480271685154208,0.0783256714796043,0.5798405353953494,-0.1267961786025452,-0.1681304816720875,-0.1888511840709689,0.4214123784809911,0.3581602241688376,-0.4088808931499824,-0.1935003633677602,1.0,0.2790352952178344,-0.2287937614610947,-0.137688244018426,-0.0731917843814467,-0.2619716629250565,0.2755745706275882,0.1850888632494348,-0.2021596556578981,0.0600815543707166,0.1643708129697604,0.176111390865565
Lonely_Q10,-0.1681063275811725,0.0562092705486836,-0.2321849040115008,-0.2964237917332319,-0.0176099262150015,-0.4003777642045764,0.1223001950727197,0.265300012481126,0.2639737052734374,-0.2160559511537836,0.2381853026441572,-0.3100832438881271,-0.2173153924278618,-0.0399902648348834,-0.104345367482429,0.1959108080941237,-0.3096021438056393,0.0290185297586111,0.2623281817109755,0.1416187947119291,0.3043072597177227,-0.0102692960043704,0.1498561067949717,-0.321614624052462,0.2094414881950229,0.1641484946605488,0.0192824975258879,0.3245567319969153,0.3498714610405944,-0.3656654687471887,0.0289473546642228,-0.397179857373305,0.1592579319914096,,,,0.1017733921387966,,0.0365379338376491,0.0108192748509271,-0.0172405145258229,0.2469645503322168,-0.0198137188425032,0.1642925271342725,0.1644643789967843,-0.4024587950628443,0.1603159685081802,-0.1170668304514088,0.1180304071818177,-0.1454602123471672,0.1553275452022305,0.2139660556426976,-0.1168099823950447,0.2762781257533857,-0.3354895767421428,0.1205889496033529,0.0739552147205162,0.252395758626746,-0.1909347802949012,0.065934567575637,-0.0961208485307362,0.0587483015666732,,0.0860900283138485,-0.3490650544549648,0.4116864808125609,0.2195242303868215,0.1904626584844542,0.2998462443360056,0.3618095589896146,0.2097051282454151,0.0158815511736082,0.0932811259217953,0.0457219177332548,0.0568643331774033,-0.0830820946331934,-0.0259214987759765,0.3837493259793733,0.104049205150947,0.0568153070844592,-0.0145172035707164,,-0.1071055161021957,0.2821904940524906,0.268285538890232,0.1034660829184171,0.0691183485571137,,0.2867847760601979,0.2855121311447841,0.1697017036928186,0.3216078731446185,0.3469886966255118,0.0434620150002824,0.2662543084425701,-0.3578370595794897,-0.3028939774365007,-0.2332230952134507,0.3467785635158295,0.3342710594664829,-0.2798004142977551,-0.3342131318542363,0.2790352952178344,1.0,-0.2551402275177464,-0.2480397441643897,-0.2796574375060828,-0.2815405334007508,0.3271954821593386,0.2574320800206977,-0.0971448683969584,-0.1425012863174935,0.3144708791550547,0.3184035776941156
Lonely_Q11,0.2011424919389114,-0.0206842749776186,0.3109962820015808,0.3711631025643256,-0.1385602061916011,0.5343573461684559,-0.3810055323292787,-0.3320223986889359,-0.2599607962038233,0.3828135244899547,-0.3642709489374104,0.4199546291558664,0.0917808395737265,0.187419851635087,0.1511629898708884,-0.2806871575062989,0.3853869113926742,0.0497726939755378,-0.4161964815032452,-0.0847465136471213,-0.4415823537171225,0.0489683224317944,-0.2212568462228662,0.4414880651421091,-0.3886007902056774,-0.1525963983403901,0.1874467335002571,-0.4312375823375685,-0.4722996929994624,0.5284958448280239,-0.071421433852496,0.5954149358647385,-0.1626842185891948,,,,-0.0917712211596303,,-0.0848240051635575,-0.0266942569385283,-0.1182268243263716,-0.3788403001954639,-0.056632079017803,-0.257644023931526,-0.3158719351890513,0.5407551687307539,-0.1753621768935463,0.0717567319065847,-0.2658171510191883,0.0222646003001942,-0.1646505842261028,-0.2362877504884664,0.1077826208744599,-0.2249135039682311,0.4976288078494733,-0.1190073248189542,-0.0649204587419339,-0.2878836289807319,0.0925080188027454,-0.0965935331529137,-0.0074438023298278,-0.0879929402236224,,-0.140638382206527,0.3643177102887924,-0.4659297228490578,-0.2703781630461318,-0.1864434779657874,-0.4140136538388775,-0.426729931998371,-0.3866212274032161,-0.335412268516099,-0.1210653417400667,-0.018535291020375,-0.2134794415294125,-0.0070508519494624,-0.012995478941582,-0.4481155810145635,-0.2087565979780734,-0.0817374641363999,-0.0849570015132602,,0.2192433389213357,-0.3990327269864114,-0.4501700504525543,-0.2817583209692057,-0.0567704646423057,,-0.3346356729338359,-0.3135047381047396,-0.1724933425573404,-0.1986836736661602,-0.3503926942255897,-0.0829816264810542,-0.3139788107482096,0.4225988582861144,0.450621369735087,0.4740060766684661,-0.3237884269626168,-0.2905962989320607,0.3806949457993774,0.4601974676069319,-0.2287937614610947,-0.2551402275177464,1.0,0.4042350684451526,0.4626076432548133,0.5523131467425388,-0.2905607759635731,-0.2822224982701297,0.1885586140808027,0.3203310027620875,-0.2265344143625001,-0.2557517461463258
Lonely_Q12,0.0968476535008873,-0.0359381285926326,0.1975244907315188,0.319342423639891,0.0408571400484292,0.4509396666801008,-0.3674324252521972,-0.3029613688997531,-0.3065433029203159,0.2833870790459488,-0.3351931193842691,0.3784223161450402,0.1191213114256407,0.1162957567456341,0.1171556014542807,-0.321413804859463,0.2745645465841383,-0.0667796388381117,-0.3442514153180105,-0.0878694589566362,-0.2567655255934019,-0.0234140568120118,-0.1824907106716352,0.3147448589787202,-0.3762233959188749,-0.1455966410188939,0.0607179844595415,-0.4127557394284453,-0.4533155922262488,0.5449067194585526,-0.0615749283611662,0.5059749631492592,-0.0238247934307074,,,,-0.0573321741667938,,-0.0802173194534155,-0.0135866120377637,-0.1506266853388025,-0.2925383702833396,-0.1610758854070244,-0.1529921810126069,-0.1922137457537593,0.5110717238741436,-0.1717527241082212,0.0276473624821821,-0.1920785723121717,0.034468238906889,-0.1341056061770705,-0.1552825114818413,0.098806512925751,-0.1722370267120561,0.4581494560988983,-0.0858690764070971,-0.0139307045678444,-0.2092125245133286,0.1122441478095498,-0.1196402946210156,-0.0461383197366905,-0.1201343510130585,,-0.1150407441940682,0.3783951811934248,-0.4581421361701691,-0.1442961252287233,-0.0849286462204035,-0.3499432520464976,-0.4317985568604136,-0.3073288320174414,-0.2862658028394949,-0.0010447590773313,0.0458069815430965,-0.3042669267408632,0.0643254257598353,-0.0111279991014156,-0.362293598078072,-0.1710400035958771,-0.0447344637434893,0.0017649257102119,,0.195949483454101,-0.3675698849486707,-0.4238949298177494,-0.2507247029800283,0.0169216215973662,,-0.3001892274699017,-0.2692333161824257,-0.1529631530899875,-0.2058296394577016,-0.3416085550093501,-0.1565549048666621,-0.3295021245342209,0.4670691886035979,0.4195271483421821,0.3541880627894771,-0.3641853422044662,-0.347483556333285,0.4134740604835238,0.4645308500881102,-0.137688244018426,-0.2480397441643897,0.4042350684451526,1.0,0.500055289815083,0.4572610784718126,-0.2184094823532335,-0.3487777040065769,0.1157332617987347,0.4187823074281757,-0.2613933378224188,-0.3015543947773522
Lonely_Q13,0.212960064135394,-0.0175333394623807,0.3287538715165503,0.379605138298603,0.0279573462891128,0.538567301141763,-0.3208026688760187,-0.3458781777729039,-0.2971602173335419,0.366378547919566,-0.3167421379508275,0.4391459439323784,0.1046811476009892,0.0981192861374869,0.1854801000838401,-0.2486029440505651,0.3834474772905051,0.0140162911743889,-0.3406742418847155,-0.0706067022328868,-0.3027219502165271,0.0424290104135102,-0.1239360188616183,0.385174716395726,-0.3789279879261522,-0.0576197736085028,0.1358853594576168,-0.4404178867899142,-0.4192062955708503,0.570661389501286,-0.0935161867819546,0.6030134790562991,-0.0455036438063388,,,,-0.1227025016367777,,-0.0877759340112586,-0.0442456109153696,-0.0615509492389542,-0.4459984036799193,-0.095459232759032,-0.2713030816137459,-0.3784998544156536,0.561537510673314,-0.1923286003964795,0.0083236852866546,-0.1845711289433479,0.0999034082308864,-0.1210748385909725,-0.2005621792719628,0.0273061916668207,-0.2115341490084323,0.5399694729154972,-0.1113573963669919,-0.0689892727975252,-0.3252829781294427,0.1412489718478916,-0.085015998969156,-0.0633576511609356,-0.13565665555697,,-0.0930491422196493,0.3312497462754213,-0.445352213028564,-0.2830397596102385,-0.1945805122969927,-0.433908945180506,-0.4524155798128402,-0.427548208554061,-0.3348135571016486,-0.0571773691052547,-0.0445240695924879,-0.231800239790815,-0.0157392764232827,0.0556709264420434,-0.4374288710712189,-0.3096750653180973,-0.0671054455227879,-0.0816623181588971,,0.2278929839800026,-0.3606626439511912,-0.4799108804154498,-0.3923243255147944,-0.0491056638787198,,-0.4131732011999301,-0.3531624492575216,-0.1416355777895572,-0.2449206369316634,-0.3497730202186957,-0.0916627884705151,-0.2571057426732427,0.5028404243710434,0.488893969185365,0.4399240947122494,-0.277259563283756,-0.2747077550286153,0.3542642804708525,0.6295037387374108,-0.0731917843814467,-0.2796574375060828,0.4626076432548133,0.500055289815083,1.0,0.4081647775002406,-0.2738680774367362,-0.4157382158225917,0.1303377291383189,0.4757228301221232,-0.2732470425893784,-0.3154060610690398
Lonely_Q14,0.1537974452101322,-0.0879975953991079,0.218749411503261,0.3265986117771986,-0.0959166361386523,0.413186870286919,-0.4230531600286342,-0.3388809062326128,-0.3119829413065715,0.2557486403193612,-0.3616105789102688,0.3192533621340984,0.016582468981876,0.1575874835546753,0.1609900274102897,-0.3802306919609058,0.2043371032302531,-0.0715484472900098,-0.3150838431973967,-0.0861001172621648,-0.3904723387038885,-0.0407392184326717,-0.2823887433430733,0.3984228388849192,-0.3335876270001056,-0.1237029895304597,0.0502575320871997,-0.4067832691929892,-0.4150194377492834,0.4934317308237554,-0.0419689234337436,0.4991486604657892,-0.0739012306826275,,,,-0.1124916555720529,,-0.1095869945176897,0.006593928029154,-0.1139147811250731,-0.2885659630022828,-0.0781742197873925,-0.1708704317994903,-0.2339886713062486,0.4781495861729234,-0.1166093304830349,0.1143865187747314,-0.1335609864930512,0.0860601116827262,-0.1504679200858311,-0.1988560649105432,0.1778365147617986,-0.1778668096278308,0.4417033198671032,-0.0270685018838008,0.0184210706784616,-0.2675289461928749,0.2105705277748551,-0.1365825390648391,0.0073235676952036,-0.0586054371672801,,-0.0284659134337065,0.2919180139932911,-0.4349694671986783,-0.202878153545666,-0.1417747459313868,-0.3577460314267471,-0.4190254500419054,-0.3186856378325997,-0.361861581898629,-0.081943386172151,0.0256353272611623,-0.1739030168914133,-0.0242963420243568,0.1070591075581397,-0.3700978510769498,-0.2295882794810103,-0.029221303528707,-0.0676498789858889,,0.0840934803081245,-0.3849483976268855,-0.3580196113549606,-0.2643717268173221,-0.0768310536520296,,-0.2870218338720166,-0.2970698850285856,-0.1383267287181392,-0.2397026299789687,-0.3827639392289543,-0.0785482634704155,-0.3791892222148927,0.437738822448704,0.4251081384419283,0.4155839985900815,-0.351154247582116,-0.2802646982672945,0.3130347908309494,0.3611337525121971,-0.2396991700192467,-0.2870099598829956,0.5286889462227269,0.465215268815797,0.392425730350066,0.9731723058409568,-0.2428558363703795,-0.2165030296408623,0.1574902814588049,0.2751928821083845,-0.20938626951427,-0.2034536432980015
Lonely_Q15,-0.1839090175159174,-0.0342121079016209,-0.1854531580469648,-0.2409416383220947,0.1439966224153357,-0.5060295303668774,0.1065322558454413,0.2853953615232241,0.3666727261468377,-0.2439457535023214,0.1860235627944992,-0.3241104459736454,-0.0742632817601404,-0.1290665411762979,-0.1084382345445334,0.2252728771030764,-0.3330675765145199,0.0896550387329656,0.4308293699413307,0.1144811759950495,0.3385384700888518,0.0624009228074389,0.1911527534851323,-0.410617516658403,0.3726995065202894,0.1440967241873873,-0.0183468304013628,0.4388489504517074,0.4409598387624878,-0.4607880131261923,0.0070647925545381,-0.4400926377780877,0.0766929826302076,,,,-0.0073625508933284,,-0.0730342209355622,0.0127562921449929,-0.2025334617659245,0.3060577490539771,-0.1265410944848471,0.1886843589884083,0.2277063981675295,-0.4883462762011316,0.0902604654568865,-0.1702354134779609,0.0625512469355454,-0.1163204477374977,0.1317904096997891,0.1022807424767688,-0.1261450386390271,0.1987926019684141,-0.415581696309684,0.0925600533838504,0.0387931922898872,0.2978118617876436,-0.2182373186185148,-0.0243060141254884,-0.2032005574156792,0.0577751389912396,,0.0654128000258063,-0.3274647421028564,0.3732594760711261,0.200304904930094,0.3286267578813536,0.4351812223794302,0.3896244634014515,0.296677627397499,0.0224416355853542,0.0322899760604608,0.0017554112324027,0.2022801959190766,-0.1002052365246525,-0.0741305697624077,0.4152801845914471,0.1548938251959607,0.1034548996585044,-0.0398879371947656,,-0.1082340976962597,0.1886113585772762,0.2765507959385446,0.1042770667578381,0.2368650268175213,,0.2899002045487489,0.2629057120410542,0.1576894333032471,0.2925931642122721,0.4616559884337614,0.1181995052085219,0.2770505826471532,-0.3297066290619433,-0.3689538280578585,-0.3134577776174547,0.314145995382412,0.3262477612408557,-0.2019124584289933,-0.2376403650451682,0.2755745706275882,0.3271954821593386,-0.2905607759635731,-0.2184094823532335,-0.2738680774367362,-0.2537306595391738,0.9999999999999996,0.3868393752747626,-0.1756896229886838,-0.2345605255571682,0.5224109746788022,0.6014773615090943
Lonely_Q16,-0.217989633056415,-0.0416233542194469,-0.1946452747499055,-0.2998081779283666,-0.1077987512605912,-0.4858680161369282,0.0716736509519347,0.2657083649299048,0.2568682697481577,-0.2780785019430426,0.2541134435868915,-0.3473337750514529,-0.2191443499002789,-0.1424545139432678,-0.1537597798682283,0.2021908009548448,-0.3196197128830994,-0.0565291948993422,0.3762485909802225,0.0242910063395148,0.3011643042353878,0.0571803226824593,0.1469583680630908,-0.3455451767191657,0.4436450440284502,0.1422927774777667,-0.0425882180382398,0.5106943163782383,0.4938271084502738,-0.4677135471603224,0.0956195855796203,-0.4463353422642553,0.0398664020384386,,,,0.0349756654133234,,-0.046242016213605,0.0152734995665948,-0.0858737723040852,0.2775625804482301,-0.0728461663948704,0.2099776141079324,0.21456166597284,-0.484095275516028,0.0626848778942325,-0.109592099550591,0.0889437050482229,-0.1122724208276254,0.1609529164895032,0.1496578004388953,-0.1400129949826733,0.1296446434667497,-0.3913953591471245,0.11792298409667,0.0309606207047458,0.2844751958416359,-0.1273450099700991,-0.024278074014649,-0.1001565106998082,0.0989936327702873,,0.0405542928823329,-0.3756286962824668,0.3681516338569885,0.2504728517922613,0.2510800046116556,0.4597355264405137,0.4112415838171781,0.3968888225242092,0.1285013052130486,0.0369756924048207,0.0495642172019889,0.1835117609916497,-0.0341611609213833,-0.0686447972266326,0.4826740643156788,0.1643033025809653,0.0772047001916702,0.0486093592633083,,-0.1087245568436288,0.2420922040428537,0.357561086406553,0.2435411837610367,0.0876407505033361,,0.313896663257811,0.299002622606533,0.1475489558442549,0.2735124556234299,0.4094269941778767,0.1190836632264691,0.29448003539754,-0.3724456370131832,-0.4054469374217891,-0.197024111486788,0.3772837068908298,0.4024299448521123,-0.2703855406101242,-0.3018648873397145,0.1850888632494348,0.2574320800206977,-0.2822224982701297,-0.3487777040065769,-0.4157382158225917,-0.243780740122335,0.3868393752747626,0.9999999999999998,-0.1519179754060819,-0.3293116592762111,0.4731818088953342,0.4815789844899921
Lonely_Q17,0.1207663683767029,0.1141449009210383,0.2074083441870675,0.2930630866330419,0.0789258642867895,0.2743460011006784,-0.1703295704755727,-0.166896243391979,-0.0383462891335414,0.1772270171944696,-0.0565081108749672,0.20987696677612,0.1877308889232721,-0.028132583495883,0.1582455802595465,-0.0801535623412555,0.4320024917287888,0.1130559300019299,-0.2179288780781154,-0.0348864794960268,-0.1186343592058698,0.1362307366142622,-0.0343228205122543,0.2620325312353855,-0.0840701354339614,0.009468487568045,0.1753374497047515,-0.2282704657049947,-0.1828040456882905,0.2548057038346192,0.0350250212583976,0.2303694245474724,-0.1071253933154854,,,,-0.089234102226018,,-0.0009589359675222,-0.0553843440239326,0.5591582627687814,-0.2843006887734371,-0.0278561097546316,-0.2239006320861201,-0.2811221838244128,0.2743996869263801,-0.1344430702839645,0.0128650778114779,-0.0711502840561573,0.0536477536194604,-0.0381328831208712,-0.165784343145079,0.0031643298661708,-0.1116027201694595,0.3160464884310171,-0.1336500848524016,-0.1562502901988189,-0.2281521034184824,0.0889555211479998,-0.0477056825011009,0.2217464041149554,-0.1030560509034154,,-0.0663163118929267,0.2368376042345965,-0.1928608503867922,-0.2230777100599962,-0.0486850314952874,-0.183667354881771,-0.2359269832219595,-0.2070836530346389,-0.0344515724514243,-0.0990375412933597,-0.0516636440523399,-0.1599660455606577,0.0352799159255401,-0.0958376955312197,-0.2291472532039713,-0.1340783533588862,-0.1063858612432981,-0.0361688514325521,,0.1049753587482263,-0.1134827566752329,-0.1761445342254974,-0.1366365824576462,0.1777462663180272,,-0.2091960860284529,-0.213410833622984,-0.1189889650159454,-0.1767111247187482,-0.188977719160784,-0.0610480924425008,-0.227533891234587,0.1398937388220955,0.1093439283092169,0.1452545629745767,-0.1071152284326962,-0.0932371437964508,0.2807472071403956,0.1777149940195126,-0.2021596556578981,-0.0971448683969584,0.1885586140808027,0.1157332617987347,0.1303377291383189,0.1588780951157738,-0.1756896229886838,-0.1519179754060819,1.0,0.0316462502063026,-0.137816124116565,-0.0780840310423257
Lonely_Q18,0.0241899027351301,0.0945371917860549,0.2526613049351798,0.2520318171880735,-0.056803932711994,0.4278988446017083,-0.2646025247425287,-0.2359296909699272,-0.2544801393607451,0.200359735745559,-0.2850003726947345,0.3985026810225406,0.1190818378298651,0.0763154529499972,0.1455107442278284,-0.3248326982718222,0.2942954022262649,-0.0213065116369143,-0.2773577018066888,-0.062999352806626,-0.2483048520184128,0.092346887972714,-0.0558055106483893,0.2678366651349492,-0.3243314262665667,-0.0858203936806554,0.1438371316371452,-0.3972929192140902,-0.3627178326764378,0.5039294840828217,-0.1376669465317964,0.4594674317550666,0.0420369462431176,,,,-0.05991802023305,,-0.0905495298666345,0.0219649437910744,-0.176982379033171,-0.2642610977950239,-0.088668395775197,-0.129728393573749,-0.2604576338797224,0.4392349907764081,-0.1571746512751873,0.0204976213619379,-0.1510883279714535,-0.0294607344922703,-0.1634990849897156,-0.1436051953550578,0.1137502299882593,-0.1510272477704912,0.3999653084756611,-0.1734263475921101,-0.1243107027217674,-0.2518575576305886,-0.0435561036415967,-0.0472957066769219,-0.2122820742207323,-0.1059682288962529,,-0.115339182239866,0.2269023971989665,-0.3893759795949749,-0.171531937124148,-0.142480153869393,-0.3354856711329153,-0.3377870038052384,-0.3403700842339807,-0.3684457621335288,-0.0291855581466775,-0.059340421888208,-0.2168681615433407,-0.0032427736887941,0.1815398226068476,-0.3040470794379006,-0.1979500240398037,-0.0949396171989729,-0.0907375724587404,,0.1981943023420713,-0.3297416264010334,-0.4539638545886238,-0.2708919047636177,0.0256939013941608,,-0.3769600624404471,-0.2524318633104235,-0.1640448851229922,-0.174431580270747,-0.2464874512398192,-0.0392680970996627,-0.0720363720306815,0.5758222231527627,0.4854570272210143,0.3523124334930269,-0.2438180822038448,-0.2675032547205013,0.2664789389499392,0.344773430753833,0.0600815543707166,-0.1425012863174935,0.3203310027620875,0.4187823074281757,0.4757228301221232,0.2625897571817527,-0.2345605255571682,-0.3293116592762111,0.0316462502063026,1.0,-0.3526250984992549,-0.3377672257742745
Lonely_Q19,-0.1726170996921142,-0.0445964761793936,-0.1405699472338804,-0.2803662183206167,0.1053571658870264,-0.492064859373023,0.0656019366066168,0.2771606192922349,0.3918018809487487,-0.2346846647828624,0.1835200510922322,-0.3350110966572842,-0.2916419767820085,-0.1520432039622176,-0.1587085078714209,0.1666312071521354,-0.2657894998157181,0.0270618639319898,0.409861541666756,0.0576075152692458,0.3041969758413565,0.1186875562578296,0.1723125225718448,-0.345403750204881,0.403811611080611,0.1719041302699139,-0.0322338558830152,0.4636070145057575,0.4613859775564344,-0.4570010512542396,0.052521201859793,-0.4021141877330303,0.0247589065899044,,,,-0.0203353831162417,,-0.1378649712599893,-0.0587464172981697,-0.1088908569463724,0.2047163094153322,-0.1803441826619297,0.1861436839258152,0.1559757674062992,-0.4704563876151815,0.0675848903961497,-0.2068583109085362,0.0896059249562925,-0.1113250456495938,0.1336684204674309,0.1365818843766227,-0.1376995942442657,0.1708279295816309,-0.406525290792757,0.0822982583520365,0.0672141515051992,0.2679295697667435,-0.169341864380634,-0.0595618999618793,-0.1102072105145998,0.0441679468914465,,-0.0020436105399192,-0.3388912526694041,0.365191091085725,0.240915859744202,0.2954851016194917,0.4043621789695738,0.3971852246187517,0.2834512785885448,0.0219195723902933,-0.071754563811755,-0.0563991635314879,0.2630263999663726,-0.0729353665872661,-0.1309657125274473,0.4431186631556202,0.009568447360001,0.0710319576657831,-0.0310654790683141,,0.00972937031092,0.2193473785574639,0.3675950238338568,0.0787862883800488,0.1985011239267857,,0.2604614716150656,0.2074623315062623,0.159386438376909,0.2377280722437237,0.3972312562419375,0.1080465525694044,0.2332233573564651,-0.3597457403626587,-0.3767006579033669,-0.229756893996979,0.3246491046245786,0.3162793408009046,-0.1875543558292747,-0.2583530317438934,0.1643708129697604,0.3144708791550547,-0.2265344143625001,-0.2613933378224188,-0.2732470425893784,-0.2365865247072638,0.5224109746788022,0.4731818088953342,-0.137816124116565,-0.3526250984992549,1.0,0.6950237653584369
Lonely_Q20,-0.1636775203450243,-0.0591183718520741,-0.1453720182304035,-0.3281416570469289,0.1077589622374105,-0.5785912104115056,0.0294136752674221,0.3003132354959055,0.4221087350558895,-0.2846169564123091,0.1991711638707508,-0.3974373128435615,-0.1977561390367925,-0.1195936617427227,-0.1621672676896718,0.1304016373149351,-0.3650540618369225,0.0071549632590385,0.4944660479272591,0.16133136369168,0.2975091243374989,0.0510272630432943,0.1231536600523215,-0.3782684939233254,0.4447622488081578,0.1179538171487518,-0.0258370057700636,0.5028339925954088,0.4945724477740092,-0.5371157036881664,0.0800960664373627,-0.4890691079298412,0.0455173208044494,,,,0.0220042048233258,,-0.0759789227594635,0.0098309859955216,-0.1011794764733361,0.3035511530510134,-0.1247301399507319,0.1840426075804335,0.2498621802785743,-0.5343320275460771,0.102817985382299,-0.1421628436200964,0.1320828163463121,-0.1376814206333664,0.1471254165206896,0.1562055821224234,-0.1841632709104956,0.207899478745882,-0.4349218538948056,0.1577254333320445,0.1153006419295075,0.3352500358647603,-0.1430141532848604,-0.0603175053457444,-0.1204262472884537,0.0977075851920186,,0.0927896261285479,-0.3504923968619868,0.4081941102704619,0.2274900515383335,0.3210486262565296,0.4364950010265425,0.4483104822639182,0.3516557486121757,0.0543467593156906,0.0359282617094709,0.0274564706911015,0.299613360457823,-0.0590380513004131,-0.1081791317067592,0.4624095189416928,0.1221443931588445,0.0663673858169342,0.0152911494415493,,-0.0917438955497434,0.1673260153871278,0.3729840004188016,0.2022847427328817,0.236075391660505,,0.3768783602444731,0.2925661477198704,0.186608297338767,0.3743237007016965,0.4829017046378745,0.1129528745227936,0.2507873905696688,-0.3532474257567061,-0.4020347026622212,-0.3606853647184687,0.3941151799504868,0.3635278723935937,-0.2492248617052788,-0.2740196018474573,0.176111390865565,0.3184035776941156,-0.2557517461463258,-0.3015543947773522,-0.3154060610690398,-0.2315414784775755,0.6014773615090943,0.4815789844899921,-0.0780840310423257,-0.3377672257742745,0.6950237653584369,1.0
