label,IRI_Q1,IRI_Q2,IRI_Q3,IRI_Q4,IRI_Q5,IRI_Q6,IRI_Q7,IRI_Q8,IRI_Q9,IRI_Q10,IRI_Q11,IRI_Q12,IRI_Q13,IRI_Q14,IRI_Q15,IRI_Q16,IRI_Q17,IRI_Q18,IRI_Q19,IRI_Q20,IRI_Q21,IRI_Q22,IRI_Q23,IRI_Q24,IRI_Q25,IRI_Q26,IRI_Q27,IRI_Q28,PANAS_Q1,PANAS_Q2,PANAS_Q3,PANAS_Q4,PANAS_Q5,PANAS_Q6,PANAS_Q7,PANAS_Q8,PANAS_Q9,PANAS_Q10,PANAS_Q11,PANAS_Q12,PANAS_Q13,PANAS_Q14,PANAS_Q15,PANAS_Q16,PANAS_Q17,PANAS_Q18,PANAS_Q19,PANAS_Q20,POM_Q1,POM_Q2,POM_Q3,POM_Q4,POM_Q5,POM_Q6,POM_Q7,BigFive_Q1,BigFive_Q2,BigFive_Q3,BigFive_Q4,BigFive_Q5,BigFive_Q6,BigFive_Q7,BigFive_Q8,BigFive_Q9,BigFive_Q10,SelfConst_Q1,SelfConst_Q2,SelfConst_Q3,SelfConst_Q4,SelfConst_Q5,SelfConst_Q6,SelfConst_Q7,SelfConst_Q8,SelfConst_Q9,SelfConst_Q10,SelfConst_Q11,SelfConst_Q12,SelfConst_Q13,SelfConst_Q14,SelfConst_Q15,SelfConst_Q16,SelfConst_Q17,SelfConst_Q18,SelfConst_Q19,SelfConst_Q20,SelfConst_Q21,SelfConst_Q22,SelfConst_Q23,SelfConst_Q24,LifeSat_Q1,LifeSat_Q2,LifeSat_Q3,LifeSat_Q4,LifeSat_Q5,Lonely_Q1,Lonely_Q2,Lonely_Q3,Lonely_Q4,Lonely_Q5,Lonely_Q6,Lonely_Q7,Lonely_Q8,Lonely_Q9,Lonely_Q10,Lonely_Q11,Lonely_Q12,Lonely_Q13,Lonely_Q14,Lonely_Q15,Lonely_Q16,Lonely_Q17,Lonely_Q18,Lonely_Q19,Lonely_Q20
IRI_Q1,1.0,0.1629306245812791,0.0414814007195214,-0.0541011941960171,0.2574063591238653,0.22360354840983,-0.1945684012318745,-0.1340795177315799,0.0954020655612338,0.2180160518657795,0.0241463462823097,-0.1181319828435795,-0.0716599580322676,-0.1005448593053449,0.1181887052559012,0.1847491139096554,0.1990156799342056,-0.037237896212653,-0.0963124239800578,0.1854978018326149,-0.0039680992269869,0.1780871501817695,0.121575731561919,0.1071729078051158,0.0215512009532389,0.234637199479663,0.1493053853649166,0.0301587290662983,0.3404129014448297,0.2508177439012711,0.1084569331804765,0.126800284512349,-0.1327729619954653,0.2564381266772197,0.1993120976171228,0.0620134210871573,0.3162551407554897,,-0.0071575715584515,,0.1324787498789491,0.3045092850043365,0.1968057926695049,,0.2289457701311995,0.1714804250370558,0.3072275768430353,0.1994805980732735,0.0986300777119897,-0.0293918189992817,,0.0866242286884974,0.1355809199250553,0.0,0.309280268575565,,-0.0542483647615411,0.0770312598350112,0.1608129442126833,0.5864186785998111,,0.227839920765035,,-0.2218140302808384,-0.199927453500644,0.3827342790821284,,0.0090657024588603,0.3923688351156925,-0.1640972414140487,0.2296436728454195,-0.1919078443002478,0.1257342573148474,,-0.0104098180287609,0.0787785772196216,-0.165937362739923,-0.0565808909758436,-0.0171393176563234,0.9055323463181724,0.4063316337632897,0.3539111766325508,0.3260360820370151,0.2379583225591598,0.4279986922421384,0.069077685446219,-0.2437564747571249,0.3461468814543043,,0.0696132025846518,,0.3532644542364609,0.2387024129810949,0.1312799149994007,0.2358290268913204,-0.2559590238195111,-0.1210210027078716,-0.1569648206131858,0.2566798948730175,0.2901558626553819,-0.2147626302618614,-0.17182360665128,0.3254805263703376,0.2400666747108024,-0.0206274732736359,-0.224307610571634,-0.2617139505523658,0.0314524342531643,0.3311346768959913,0.1425553915473658,,-0.1300782806415736,0.3554186350110686,0.346316060035107
IRI_Q2,0.1629306245812791,1.0,-0.1362793727902244,-0.4157639504625307,0.3126269023546147,0.19402856302205,-0.2038623544177101,0.04364206885488,0.4313571299765021,0.1588517548246531,0.1742516782971677,-0.1780248457786501,-0.2254421377888885,-0.3509848458366795,-0.112207590431801,0.1844001093818385,0.1346549750157294,-0.4376486395400795,-0.0791459013151322,0.4710198577153128,0.1131132741751063,0.4300544205061042,0.138841633302856,0.0971145751545771,0.367517746499714,0.0551759298731606,0.3290042956196934,0.1942914587035433,0.3683789242478673,0.4448638841706757,0.1168817206126181,0.3285744737175167,-0.3251922347651503,0.435407101868369,0.0552619831308651,-0.065950547033753,0.4906809855907286,,-0.1825543008286429,,0.3228227987410017,0.5724503555370385,0.1504532598474597,,0.257859761288295,0.0777473653628875,0.499184520177845,0.1712851648950688,0.1182868105383059,0.1435481125130548,,0.1451401920240161,-0.0661818117470288,0.1414213562373095,0.0909012927969995,,-0.2949351095198991,0.1457482936511238,0.0200973980633589,0.2321338875568375,,0.8210227398652515,,-0.1171013530715898,-0.3341331187272761,0.6548777527501324,,0.090086219326373,0.7317500623553431,-0.2633059136469685,0.1903660357164655,-0.1864438286057748,0.3951309557883592,,0.1609315139227304,0.1836712752483999,-0.4565692013067373,0.1656015347536283,0.3494609673047828,0.2054454415159317,0.708217967846925,0.2602032604301123,0.6791179123877684,0.5447560917360521,0.3665061062324519,0.0778550345498224,-0.4562762114727471,0.34195641591983,,0.0834869432947273,,0.485600694253671,0.339466352943362,0.2300360338043992,0.5904841621900573,-0.2576941016011038,-0.1451401920240161,-0.1196234270942121,0.5786667707109454,0.5543584472792267,-0.3421231406997377,-0.1638445766535597,0.5732207074235623,0.5763994180770927,-7.63278329429795e-17,-0.2316247259038068,-0.2195198769541218,-0.1348043304175933,0.4383700486309718,0.4809579801064658,,-0.1278914437713846,0.5238124032871413,0.5345039236941527
IRI_Q3,0.0495545475267048,-0.1243677723064711,0.9924023554423358,0.2092429881140299,-0.1069208249372183,-0.0620824981136425,0.1465110599137689,-0.3158662889508513,-0.1184955030607518,-0.0060821913780938,-0.3060922479831222,0.1345467306207535,-0.0539982970504138,0.0241315006455984,0.2181371029708643,-0.0076760656866445,0.0600246943029394,0.1334685055569411,-0.0162697511301666,-0.130715011672433,-0.2007347214658403,-0.0828440152465092,-0.0655020488306288,0.1590093547863582,-0.3097772319330488,-0.0752032440468383,-0.0124983289887177,-0.3202928580654986,-0.2149344222061373,-0.0697859265902794,-0.034753301549322,-0.0407289874806781,-0.0275339730240822,-0.0552188984923035,0.1291222518650921,0.0907085548224194,-0.19026436414864,,0.3067837211620142,,-0.0298627083440023,-0.203519137981291,0.0641443725278518,,-0.2808534358816276,0.0204180129556885,-0.2348659863299572,0.0648856127266547,-0.0820658702968887,-0.121723356627595,,-0.1185979840624583,0.2257541150006104,0.0,0.0045341676276502,,0.0926184658022046,-0.1874059061088712,0.0499635515690434,-0.0866099234168542,,-0.2251173190737541,,-0.0026207553267185,0.1847818797773342,-0.2221012838506432,,-0.0770841500738295,-0.2704996589071783,-0.0052193789121347,-0.1730265379242201,0.2077476883666997,-0.2065958368187142,,-0.0833858336426434,-0.1583205959469117,0.0605050723415615,-0.0930079863364739,-0.1485993259932889,-0.0189124653135176,-0.2485915184801673,-0.0649134338368341,-0.1926431175257238,-0.3730993356218811,-0.2276861474865932,-0.1500411757717679,0.1734567543741821,-0.2282923300986178,,-0.0888139928482675,,-0.1763070267412033,-0.2429352675396397,-0.0905310906988967,-0.2449989226347406,0.2224878242663077,0.1544011490624458,0.2323809535617725,-0.2028637288031322,-0.1829403000359103,0.2793932556947068,0.2077476883666997,-0.1887440926060328,-0.222922150937335,0.1164909165713918,0.2720316961649539,0.238791470755468,0.1589422661068047,-0.2797603515346219,-0.1826327927072666,,0.2000761916318316,-0.2267923948256096,-0.1797973134515966
IRI_Q4,-0.0556673422938798,-0.4091052462836276,0.2183081904147303,0.9968693098909984,-0.1992286547796675,-0.0779135705531323,0.1442313037240863,-0.175986794585353,-0.369768641352265,-0.0697552910174694,-0.1839944554456734,0.181730765747708,0.1744838447858174,0.3459425679945995,0.1736703125142834,-0.1516279042367101,-0.1077809805335068,0.4724060495291921,-0.0799076150047423,-0.323050341441789,-0.1892161559940388,-0.2877933448370404,-0.0803507225663784,-0.0010154138652087,-0.2664732588705962,-0.0877201842164327,-0.2939968274203516,-0.2591080093287193,-0.2499235714403814,-0.2660666546475952,-0.0729516402889526,-0.102247622458964,0.1361433781796219,-0.2592712456925766,0.0421972165654095,0.1565353843373278,-0.4533943601903798,,0.2537435490589607,,-0.1181383544785886,-0.4463560077600827,-0.1495019129732493,,-0.3787433116284361,-0.0434833290215436,-0.3873119080606291,-0.1505128736038214,-0.0968816672323174,-0.2293064916879634,,-0.1024956379657121,0.3494941345669436,-0.1596033621330458,0.047145278622232,,0.1987461764740527,-0.3260463010004539,-0.0089432479013564,-0.2366667163430325,,-0.4828309561625484,,-0.1901945788382296,0.3983690354414639,-0.4342906689197605,,-0.1824422008854105,-0.5052267804685289,0.1134007953500982,-0.2344768458920524,0.1604126991938295,-0.198445193226085,,-0.2030314062411914,-0.1577501281461966,0.21180756404715,-0.1834567741207717,-0.2101510350471603,-0.117956995972773,-0.5245642944323891,-0.3582382743238022,-0.4293676529511608,-0.4337109482934558,-0.3716733784161781,-0.1432465113905188,0.3024897142387124,-0.30895587773644,,-0.0966453354255354,,-0.4427500680152865,-0.3561048820027383,-0.4311610456640191,-0.3668517266254817,0.2668745702005971,0.135255700864271,0.2162032635915084,-0.4339816350367302,-0.3141331433728357,0.4092201221025894,0.217798390794954,-0.4348179040299839,-0.392226365967502,0.0806737969893244,0.2114861051760699,0.2858958999824723,0.1307438325518411,-0.4193215179034666,-0.3171465703512335,,0.2177182899991562,-0.449397608348868,-0.4443528157761251
IRI_Q5,0.2574063591238653,0.3126269023546147,-0.1175542229280876,-0.2063130307361584,1.0,0.2851662937041197,-0.4826296819158512,-0.0155427229476934,0.163747171405758,0.1902385121016869,0.1308622489953813,-0.4444076308591782,-0.2083347080126207,-0.1166462260892572,-0.0645744827510085,0.394392669369568,0.1798070758649685,-0.1788891801958084,-0.0791800914490894,0.3515875061976718,0.064878854698566,0.2790152548241578,0.4111487695002999,0.0860259739104264,0.2544802415974795,0.4189070389956434,0.1902438874283977,0.1382355068746646,0.3941095524774958,0.3660404042981007,0.1235816167704799,0.2011361484158288,-0.3689831164891446,0.3667021228545071,0.0689638762211353,-0.0418732569542871,0.4994573323593805,,-0.1643107414159151,,0.2379886904798161,0.3963489298660625,0.1784030503567013,,0.2452866968055276,0.1572002047755397,0.414968598154441,0.1767992934330816,0.1061594446703499,-0.0013942730453751,,0.0535699986010452,-0.0284447598853156,0.0,0.0123608529687298,,-0.2469659707360738,0.0112118945796053,0.1250285843068467,0.3266610299188587,,0.3807722508272753,,-0.3577298498058793,-0.3653205340297097,0.4570068364811122,,-0.0262500394817296,0.4903802017303246,-0.1889606762040755,0.1751831697597403,-0.1386174048843859,0.2703202488743697,,-0.0585278431975546,0.1897513013405006,-0.3363339620099606,0.0813429511110473,0.2454838547311213,0.3946395968845123,0.5742189252664092,0.3408919307774954,0.4119554380421381,0.3439266244009777,0.3283437067453367,0.1389728751787255,-0.4833675428916573,0.2808775861939248,,0.0749274369395822,,0.3461940285410778,0.2247816941820769,0.0232840115177131,0.4255954067095017,-0.2232645018480905,-0.1302596808088572,-0.1436101236736399,0.4922649326259222,0.4669343052608786,-0.3158944724838892,-0.1610069144619114,0.4178844923238029,0.4715628485178881,-0.0176132664550612,-0.241120821570817,-0.2800265196784249,-0.0763713200707292,0.3069846135769538,0.3595334143866104,,-0.1389803581361759,0.3798601456522488,0.3365100874165327
IRI_Q6,0.22360354840983,0.19402856302205,-0.0708135234046145,-0.0815637766074369,0.2851662937041197,0.9999999999999996,-0.2544133877131385,-0.1187835798964962,0.059775654477179,0.450716133365998,0.0113468357487497,-0.1303531729300953,-0.109047119005336,-0.0179533427122177,-0.0445303249019993,0.1944774300185753,0.4586603399323843,-0.1402688052523452,-0.2904878123626755,0.1637642361363218,0.007832636620925,0.193044007566154,0.1632635322924672,0.3436835924069406,0.1753879661119267,0.1344247383708329,0.2610621024520778,0.0330047354934345,0.3292059204905269,0.2078224596788736,0.0158594719910345,0.2582683259704784,-0.24998668923227,0.1842973329405728,0.2944869643463567,-0.007204323679709,0.2207640259713448,,0.0792043332317426,,0.1578539313695442,0.15599360277249,0.4603936620189998,,0.1527456283426494,0.5821905257001495,0.2710780003130754,0.4465185758192513,0.034121379263554,-0.0976294019985051,,0.0187212795233767,0.234563325759208,-0.0563831147904546,0.3400289481842015,,-0.1877392808827432,-0.117925497982856,0.512748001030818,0.2154762850092468,,0.1836705960825959,,-0.2874306935200742,-0.133385493387371,0.3409879375865191,,-0.0763751027690659,0.2897849950660296,-0.0717196668577502,0.0640087338030287,-0.0868544178136327,0.1269138204139397,,-0.142536205315303,0.0158594719910344,-0.1517710731944069,0.0224701765881941,0.1037676034837489,0.2730215446905053,0.292437067946842,0.1080406155609854,0.2823292012906431,0.1456929677861211,0.1489027564139866,-0.0930183597776133,-0.1750227238493979,0.201323703370992,,-0.0158594719910345,,0.1194016541894074,0.1108621310614604,0.0061047217647316,0.1692331777848752,-0.1196616021045715,-0.065013897981181,-0.0690138876196328,0.2335612555547422,0.1477582350859096,-0.207985954259023,-0.0598242099814724,0.1455028600595672,0.2080315886949166,0.0318959813234199,-0.0685406846711404,-0.1638857195712214,0.0325735007302426,0.2233962689606557,0.0875210547742522,,-0.0722489632921248,0.1788655832466163,0.1994258289799741
IRI_Q7,-0.1945684012318745,-0.2038623544177101,0.1453932296034155,0.152653736064535,-0.4826296819158512,-0.2544133877131385,0.9999999999999996,0.0713643309610673,-0.1057966429204328,-0.1867922909911915,-0.0864423561078434,0.4448128083037581,0.2019491985963793,0.1082800089123015,0.1007631280884473,-0.3599722281248894,-0.1384863913491485,0.1842351921789767,0.0953366085928164,-0.3385255334990606,-0.0320830726468089,-0.1480468733561398,-0.3550429438234801,-0.1372908937319799,-0.2545772408369179,-0.3864543756370851,-0.1714714803912407,-0.0755153958990094,-0.2826835935428271,-0.251552328858254,-0.0781853330509218,-0.1053685522903983,0.3113102457096224,-0.2248326752520063,0.0669331513809786,0.0145733718144439,-0.3598340678001642,,0.1836255174938522,,-0.1429588523355419,-0.322643235880126,-0.1420037616841825,,-0.1986711474294057,-0.1545778462732505,-0.2679059780452954,-0.1481870296420049,-0.1227974586155229,0.0712110045752365,,-0.0551420757712777,-0.0106101200904359,0.0,-0.0436276214073328,,0.2230909557003542,-0.0102281536102312,-0.1404900470587109,-0.2745404049956217,,-0.3270462845054839,,0.288811408175859,0.2989935166384854,-0.3661537565605856,,0.0973364693776698,-0.4049538761685282,0.1513737560627707,-0.0970074815937453,0.1709674891670992,-0.2793690281304843,,0.1160669214103391,-0.1331372983993735,0.2811154373283276,-0.1497041278692739,-0.1735416232488617,-0.2726873947276622,-0.4403493700575124,-0.1797515680303418,-0.3009510686321002,-0.2566362814765428,-0.2245955845776923,-0.0902578814797141,0.3657270039373572,-0.2369296165912983,,-0.0866705629944328,,-0.2091131170180342,-0.150678571185554,0.0252451135093092,-0.3246561166556992,0.2012122166892178,0.1188305879147492,0.1696327182158072,-0.3562379719216562,-0.3480580700235176,0.3729433637077326,0.1523736638758354,-0.2649730572053238,-0.2802408427786582,0.0361619279214111,0.2145860817452758,0.2460308388998958,0.092756441210248,-0.2314937326135022,-0.1953426580784409,,0.1209715705396406,-0.3093153802988865,-0.2990592643424601
IRI_Q8,-0.1340795177315799,0.04364206885488,-0.3306028927757635,-0.1769335681142048,-0.0155427229476934,-0.1187835798964962,0.0713643309610673,1.0,0.0952890221363239,-0.0656487802555534,0.326909198212449,-0.081941987916576,0.144515418957388,-0.0329975993898684,-0.1979642691796495,0.0699825805286693,-0.090136588743195,-0.1235313174668231,0.1463661601620996,0.0738951280021902,0.4273967399168034,-0.0406819493042423,0.0454252191519265,-0.1893929871301887,0.1910762814251014,0.0373454704160014,0.0015212777719725,0.3012025264600911,0.0920389898972587,0.0268207748745457,0.009644672455814,-0.1641470437785361,0.0909718314806556,0.0405641841738113,-0.1702002174470465,-0.0952722935426724,0.0376479323758295,,-0.2823181381621288,,-0.0566308673758602,0.0140743684013081,-0.0892688913908736,,0.238096580732582,-0.117527832604313,0.0563416686229959,-0.101454810018187,0.0551655532534238,0.201659005265639,,0.095841276194973,-0.1221160979038684,0.0685768951828797,-0.1251069040023109,,-0.0102946060133915,0.352336053221279,-0.174236051564688,0.0409867132128478,,0.0330250531777949,,0.1384308052253897,-0.123383577322124,0.1413609802560037,,0.0715002291211841,0.0739035861946255,0.0658250260312427,0.1419704000218245,-0.0692570290314576,0.1896435530194464,,0.0614916550166116,0.2039669619359182,-0.0325947922591569,0.2889865220890365,0.1724321270082851,-0.129933681698,0.0878171240161436,0.1491578535312323,0.0402932877430799,0.1495604395897737,0.1585056934868559,-0.0481780407049021,-0.0246035600468741,0.2256772633094609,,0.0875164722842381,,0.0067283281693196,0.1451880516314912,0.121130594618441,0.1029163246616501,-0.0352825214919901,-0.0958412761949729,-0.1115778252485008,0.0290021904300508,0.0898566976793658,-0.1187066345471037,-0.0363810920392125,0.0822852437063051,0.1265109288984727,-0.0294547146487997,-0.1011441186858756,-0.0760092918058343,-0.1409324972077421,0.1637328453574215,0.2518952586927554,,-0.0658250260312428,0.1316916616767587,0.1094962392301864
IRI_Q9,0.0954020655612338,0.4313571299765021,-0.1314175461466682,-0.3764079769005021,0.163747171405758,0.059775654477179,-0.1057966429204328,0.0952890221363239,1.0,0.1378062781287998,0.2821814342128279,-0.0424331098289656,-0.255485964344383,-0.2701882104201707,-0.0167009512429305,0.1511096932240804,0.1328978509266155,-0.3617518361122879,-0.0513156283354671,0.2612356413169262,0.1487602205582273,0.285036408509602,0.032524127026743,0.0552602633964573,0.2545734229972888,0.0105533092788084,0.3356993080171683,0.2796442222783528,0.163205755756407,0.2779903301383179,0.1227146689316072,0.1879608199505348,-0.2428677048697025,0.2600542278385582,-0.0099175503747514,-0.1577686774352264,0.323391155096869,,-0.1779912643565187,,0.1975413107401706,0.3813392160540418,0.181334606380089,,0.2214401321231923,0.0078557467840779,0.3353584694156232,0.1674840471330529,0.1305859247561061,0.0181112940020987,,0.1187238682817076,-0.091850882054355,0.1516651914627603,0.0430084035117735,,-0.09645641195509,0.1013227741469043,0.0004754371356279,0.1664537820595742,,0.5002591958655057,,-0.0868599851056317,-0.3413814855125693,0.4825365675256356,,0.1912341404748408,0.4915002239591621,-0.0182715460488188,0.1576547118820932,-0.2079681993286491,0.2102504564891181,,0.1409109166364922,0.0869009458099365,-0.2386715362469109,0.0723819125790989,0.2990370360553082,0.1455214187984869,0.4766323769127175,0.2926869349271987,0.5272911714515317,0.3971871799668146,0.2550090326705802,0.0641215567154997,-0.3639390576918718,0.2851182554545008,,0.0921676697984175,,0.3154649588439341,0.2348065545547081,0.2277316321641223,0.3757902041957647,-0.2319257612818108,-0.1602314417683713,-0.1614923715187134,0.3563414918459154,0.3529227013246693,-0.3281234845760559,-0.1594957484140026,0.4118219341081467,0.3151099264416883,-0.0052961198855536,-0.1385266140958685,-0.281838151449468,-0.0780002685468949,0.370613127481243,0.2489081402192155,,-0.1430875619147759,0.3643579103422766,0.3622223099089177
IRI_Q10,0.2180160518657795,0.1588517548246531,-0.0149915951837416,-0.0786468094050649,0.1902385121016869,0.450716133365998,-0.1867922909911915,-0.0656487802555534,0.1378062781287998,1.0,0.1419409889828869,-0.024403994687874,-0.0967467811717677,-0.1270340314250123,-0.0313929332924791,0.109221296165975,0.4457570431058012,-0.1228994142005644,-0.280639759378776,0.2017754522938497,0.0267738706738576,0.1389261874237494,0.1036948408546804,0.3496725989103386,0.167990196786914,0.1313367757635398,0.3016129201961846,0.0699450922056878,0.2652558547372621,0.2823714339212648,0.1188004600899802,0.3761307420011412,-0.2951988007291498,0.2602918297726699,0.3599125017788325,0.0816287445436418,0.1936075956671022,,0.1793378467935347,,0.2301350807369724,0.1362125676709417,0.4431221860274063,,0.1151216307892115,0.4517027596699315,0.2050767336505683,0.4371079706495839,-0.0339275272779076,-0.1352449120651488,,-0.1332420764457583,0.3503939032005981,-0.1338975334250405,0.3590269348952472,,-0.1472731816255528,-0.1281723262425613,0.4837496835293975,0.2226713842858645,,0.2183625031499455,,-0.2412557238034712,-0.189935413604884,0.3139565308934786,,-0.0492946262059206,0.3121480583867481,0.0172832407371629,0.0472786471134643,-0.0661574465689443,0.2124099472123125,,-0.0274844119178445,-0.0392901717323026,-0.1877828204406187,0.1235225507690815,0.1095049170986457,0.2594742706305402,0.216588292177447,0.1149927546340048,0.2790597067269033,0.1249566250006858,0.0727434870524623,-0.0793740011575204,-0.2927585720143734,0.1544256471069463,,-0.1188004600899802,,0.0888773554016058,0.0880927033829465,-0.0980539543957221,0.1912733597006796,-0.0803713313776318,0.0233072590749404,0.000666231093917,0.1911775060905852,0.1626690722284208,-0.1653846494575026,-0.0447605078451002,0.1246438739720699,0.2327395540496666,0.1117486711563352,0.0087897841203624,-0.12599517585414,0.0767702977111634,0.1872786243922859,0.1781632214862512,,-0.0457744012250922,0.16621060850257,0.1190747138535734
IRI_Q11,0.0241463462823097,0.1742516782971677,-0.2931638086493447,-0.187845197855773,0.1308622489953813,0.0113468357487497,-0.0864423561078434,0.326909198212449,0.2821814342128279,0.1419409889828869,0.9999999999999998,-0.187950740663333,-0.0267340375904999,-0.0967884345871028,-0.2512678738769199,0.2507625331019914,0.0971329813684591,-0.101226308554531,-0.0017260708553822,0.1258361713138652,0.1671943978834852,0.2037207484595476,0.178316470209481,0.0538169734111684,0.2661590544134861,0.1770603338890408,0.2333840593692113,0.4250786955853664,0.2787717101366893,0.1930035993989605,0.1335515304005307,0.132208805620381,-0.087807427920823,0.2180175630203257,0.0038337609836963,-0.0563774597393666,0.4064214694895012,,-0.1512221241763586,,0.1393989745393648,0.2508527887099735,0.1071577406379862,,0.2778235612420248,-0.0204115084948716,0.295157593137873,0.0875381321579595,0.1265335007937501,0.0900047698687704,,0.1122106616547411,-0.1512801415654844,0.0,0.0421268692267537,,-0.0926738471045196,0.1337865932780441,-0.0475827853485696,0.2110574225038743,,0.2999431860789992,,-0.0774181419861609,-0.2830055180867015,0.3006898424884819,,0.0638025022117596,0.3587886397741306,0.0338389373509803,0.138524768874818,-0.1965590372648627,0.2821229299752082,,0.1183860871784692,0.2078378622388629,-0.1318208914236749,0.1892198222879014,0.2032550640848022,0.110174680342924,0.3390849280973836,0.191722204778324,0.2710247355766806,0.32751156437242,0.2276837905377093,0.0626814987729079,-0.383173973592225,0.1875313018436145,,0.0893074651144654,,0.2001325427609763,0.2200449458175689,0.1341991755519005,0.3905921299710553,-0.1573594031734229,-0.1552590396097335,-0.1494861829994359,0.3530807854189853,0.4508902220103876,-0.1771468242336904,-0.1965590372648627,0.3262049085641698,0.3720209392996525,-0.067560423844064,-0.2016861287322008,-0.1743428864179662,-0.0528822333786987,0.3275966568036115,0.4324802356560597,,-0.1677180785795859,0.398432993687097,0.3051974429277128
IRI_Q12,-0.1181319828435795,-0.1780248457786501,0.1380487605208137,0.182410560108109,-0.4444076308591782,-0.1303531729300953,0.4448128083037581,-0.081941987916576,-0.0424331098289656,-0.024403994687874,-0.187950740663333,1.0,0.188536993480809,0.1248441287921885,0.1426689779557998,-0.2355180716409386,0.0088645644139019,0.188188173132515,-0.0307603230759849,-0.3443881450342204,-0.1352116349609066,-0.1064546707398165,-0.2125624433681404,-0.0082093002354768,-0.2430343688609932,-0.3364646827148937,-0.115961559981803,-0.1316160630265121,-0.2194369290427707,-0.2178603690708564,0.0150069612435518,-0.0981386673139281,0.1809044368033052,-0.2036810506129311,0.1273390305281732,-0.0085158627971606,-0.2969008934723791,,0.2417238952980972,,-0.1419336116212093,-0.2397107394750802,-0.0104169545875723,,-0.1875047781930259,-0.0345380325661493,-0.2819552724622365,0.0173828802482102,-0.0994156831540574,-0.0557904609648456,,-0.0260892679816633,0.0916338614856465,0.0,0.0596178492631531,,0.0958497315007134,-0.0834106001007496,-0.0118384285724391,-0.1740486893583111,,-0.2498290149934145,,0.1599337377913156,0.3077164077795471,-0.335380670317101,,0.0916884993559681,-0.2739527144355243,0.0656038758457523,-0.1328098997018366,0.1763517123735839,-0.2078189003251452,,0.1253405730684854,-0.205635928391372,0.1865438288116877,-0.0959677403857086,-0.0847957177936414,-0.1871657908123599,-0.3201800806565494,-0.142685284915289,-0.1585436665718162,-0.1708360195913937,-0.1178303837476419,0.0608674622036472,0.2073949354527282,-0.2148695243366464,,-0.0701676836522827,,-0.2247284728378734,-0.0864198582784207,-0.0398986228081974,-0.2467900712102194,0.1752689520814475,0.1219849556980477,0.1813189981357481,-0.2828644163949697,-0.266643621621733,0.2734659908838237,0.1763517123735839,-0.2487169958770682,-0.2485068371489376,0.0856500419548094,0.2110436031652106,0.2269199064275396,0.1827820759407835,-0.1989442380410802,-0.2052435400977749,,0.1580706200740272,-0.2034857997694258,-0.1526550458562591
IRI_Q13,-0.0716599580322676,-0.2254421377888885,-0.036694205064134,0.1791482632835922,-0.2083347080126207,-0.109047119005336,0.2019491985963793,0.144515418957388,-0.255485964344383,-0.0967467811717677,-0.0267340375904999,0.188536993480809,1.0,0.1942901056457017,0.0113967955337724,-0.0899989228802662,-0.0813131395485412,0.2230634653263916,0.2516175152015556,-0.2858953878332017,-0.0323549556035286,-0.297638841385871,-0.1260578710458911,-0.1455058300425805,-0.1363016328057958,-0.1309812540568022,-0.258959208596238,-0.0350979720676764,-0.0817532062303259,-0.1515018623447198,-0.0373661635509722,-0.1862756607940123,0.4709507811098271,-0.1444347810567089,0.0456900512919051,-0.0151655902338391,-0.2327447825310517,,0.0951070903897092,,-0.0860032506402929,-0.1843735907068653,-0.1028505502230255,,-0.0961750188439505,-0.085237954625692,-0.1871000668263777,-0.1264261017643469,0.0100840959226833,-0.0420669320206117,,0.1000181524598144,0.0409932430276532,0.0,-0.0419761706544769,,0.0317603121305171,0.079521415017984,-0.0688008225236301,-0.0379302566241604,,-0.303600732135881,,0.1730929319921498,0.255051434802492,-0.2274102385888911,,-0.0004799975547066,-0.2972844831402088,0.1386913358902314,-0.108035665670736,0.1727931925704214,-0.1226587913998793,,0.0184520061498125,-0.0071173644858994,0.2006288247221633,-0.0100840959226832,-0.0372399710024509,-0.1674928072823155,-0.2737945086292034,-0.1390782139860229,-0.2584626624052427,-0.1309877915487506,-0.1049161306284266,-0.0513156776301144,0.1758407603740038,-0.1223842550616573,,0.0978637616811176,,-0.1182418562175921,-0.0481382588247854,0.0262338185177171,-0.1688779191417391,0.0796366779984291,0.0051555748690625,0.0879581305885518,-0.188917358973116,-0.191826748382439,0.2016584374288525,0.1523229188861207,-0.1832541358231892,-0.1978619160415013,0.0465210825264739,0.0600132417652535,0.1455559716108557,-0.0322630361803659,-0.0962369373404302,-0.1297139356937126,,0.0793667182262017,-0.1653602111260581,-0.1536164143725188
IRI_Q14,-0.1005448593053449,-0.3509848458366795,0.0394183375608204,0.3441828160706732,-0.1166462260892572,-0.0179533427122177,0.1082800089123015,-0.0329975993898684,-0.2701882104201707,-0.1270340314250123,-0.0967884345871028,0.1248441287921885,0.1942901056457017,1.0,0.1835813466958706,-0.1530785210249988,-0.0991332694829169,0.2849388342134103,-0.0313562774243318,-0.2787324999858033,-0.1306237799611276,-0.2302423857462095,-0.1551189624823602,-0.0822284709579913,-0.2240326557521956,-0.0161835718978027,-0.2699109316271877,-0.1773289352161554,-0.1618337897910037,-0.2256778251294948,-0.0507322542809293,-0.1369594940694709,0.2386777355236601,-0.189390562706183,0.0285662368833947,-0.005491052357475,-0.2967254250875432,,0.1306942394115253,,-0.1272664953747051,-0.3198828113501705,-0.1036484288578151,,-0.1595752285350384,-0.0356368744196946,-0.1885956786083622,-0.0976565696383289,-0.0897002180435715,-0.1249567741482412,,-0.1100638931102465,0.0710436073063797,0.0,0.0144561498060925,,0.1587976724210716,-0.2071429439380248,-0.0311621225037217,-0.1834946905349638,,-0.4266410923772901,,-0.0150816055459628,0.263377772258558,-0.2601815773168368,,-0.0490872077963797,-0.3805635918271337,0.0885963123403627,-0.0703679589788628,0.1542104664504541,-0.2381236499378239,,-0.1260901505281988,-0.0792429426371541,0.259047204535672,-0.1526685830278005,-0.1912580435445418,-0.1653312857281249,-0.3145204307230155,-0.1864950280863652,-0.3253470540757883,-0.3463576838368835,-0.191820287309595,-0.0522045595989289,0.2021487516964797,-0.1245866363796023,,-0.0633104991439697,,-0.2915707334866991,-0.1568562976884431,-0.1338671652823988,-0.2673252890603269,0.1285522602925208,0.1431073577084662,0.0997251178298463,-0.3116086323479819,-0.2455038645066834,0.2724888576270211,0.1735045082510629,-0.3013043156067709,-0.2311449821270294,0.0986579066120845,0.2339002234606758,0.1802689894033977,0.1202494653054858,-0.2368129417177408,-0.2649474707342546,,0.1426230614434411,-0.2817518784193918,-0.2566353933713668
IRI_Q15,0.1181887052559012,-0.112207590431801,0.2073613699383948,0.1754243246318374,-0.0645744827510085,-0.0445303249019993,0.1007631280884473,-0.1979642691796495,-0.0167009512429305,-0.0313929332924791,-0.2512678738769199,0.1426689779557998,0.0113967955337724,0.1835813466958706,1.0,0.0164311612536944,0.0877612791757799,0.1205057154345677,0.017141193792427,-0.0883497986811328,-0.1305748527486964,-0.0567130903656474,-0.0612567336054557,0.0218140161839715,-0.1842526464851851,-0.077746640335181,-0.0223092981506851,-0.1928276734099643,-0.1193599941649404,-0.069733922934774,0.0503695148223932,-0.0323277542963884,0.1674961600395993,-0.0541025533279246,0.1205397200891369,0.0107930815550041,-0.0963966269420547,,0.2551083684436519,,0.0419496251496363,-0.0678055107834361,0.102266678733157,,-0.1142666376541568,0.0763839235102308,-0.0679028326656918,0.1209942591553989,-0.1086944493512533,-0.1010400338649254,,-0.0264944129252096,0.2883330703918818,0.037191913169498,0.1926527563467616,,0.365535188852922,-0.0522187695355178,0.0662222660936507,-0.0532913896924549,,-0.1432861498825326,,-0.1029068241377749,0.2545156541351346,-0.0775604773710645,,0.2015167981446446,-0.1085142817070586,0.0527199962666632,-0.0885531746504054,0.1890493515923335,-0.1044456529797333,,0.0144647619614984,-0.1077132701586563,0.1049931703092674,-0.1526113985840828,-0.0336572702499788,0.0680381472150676,-0.1079643460179442,0.0560054334400656,-0.1088361123678334,-0.1915582356840768,0.00967196889631,-0.057142161907678,0.3237240880555938,-0.1086944493512533,,-0.0503695148223932,,-0.0430877891522699,-0.1259113587634733,-0.0065553353615914,-0.0834210287131058,0.0717565554822595,0.0875662800070486,0.1254672947993031,-0.0758219139075543,-0.1097511266375355,0.2198072702540138,0.2068792488298907,-0.0863355558048942,-0.1173600244877814,0.1013012983630849,0.2274270100234794,0.1052737623794298,0.1006117888500258,-0.1755406768652129,-0.1325479597552039,,0.1372116459125738,-0.1146034079602734,-0.1108753063551694
IRI_Q16,0.1847491139096554,0.1844001093818385,-0.0200576797463438,-0.1614711174565145,0.394392669369568,0.1944774300185753,-0.3599722281248894,0.0699825805286693,0.1511096932240804,0.109221296165975,0.2507625331019914,-0.2355180716409386,-0.0899989228802662,-0.1530785210249988,0.0164311612536944,1.0,0.1441242325325297,-0.0768158898226514,-0.0500076690631596,0.321303754360591,0.1649985499791186,0.1668100669340519,0.5925000631611635,0.168945596559928,0.2065368468083294,0.4088561617397235,0.170820860572372,0.1070594732832148,0.2799463996170156,0.2531345809056429,0.0676474476600046,0.117657037853835,-0.2320265218794919,0.2845159893547768,0.0808300804822786,-0.0337165123273802,0.4885647714684435,,-0.0623756200464231,,0.1678180123051236,0.2644094978297907,0.1348378808801682,,0.2626944695933262,0.0881852378924826,0.2428207079093933,0.1310532564513602,0.1397257516061355,0.0548869199779982,,0.0750962629112437,-0.0403806617379276,0.1173515110158951,-0.0014790183824751,,-0.11895899675286,0.00369940253071,0.0728385110171866,0.3316168369181766,,0.2598914176740313,,-0.2863495084051475,-0.277618383709065,0.3727369765074651,,-0.0655193222454532,0.3560174178389743,-0.052511372899156,0.1130179605510027,-0.1690516110492057,0.1928705068257982,,0.0388790397180989,0.1507804556277212,-0.1605090046613604,0.1743684999382354,0.1021634823865177,0.2810805763346367,0.3889895360534773,0.310724167511979,0.289196129061511,0.2945411661577056,0.283080099785031,0.0803681206120385,-0.2553613652007734,0.2289570730676046,,0.0986185682754283,,0.168131932523625,0.1830524101481303,0.0880548547917822,0.3378177219728602,-0.1064980624646799,-0.1393295443950747,-0.0840820901790613,0.3444386153595729,0.3566345725485228,-0.2865032699503588,-0.1690516110492058,0.2984179246472983,0.2671037642008036,-0.0590096539449435,-0.1633830491618598,-0.1488216519184845,-0.0009708257450367,0.2552514902233468,0.2437490202009412,,-0.1222817284994332,0.3739112302968329,0.320987232269958
IRI_Q17,0.1990156799342056,0.1346549750157294,0.0507034651031328,-0.1115404740173624,0.1798070758649685,0.4586603399323843,-0.1384863913491485,-0.090136588743195,0.1328978509266155,0.4457570431058012,0.0971329813684591,0.0088645644139019,-0.0813131395485412,-0.0991332694829169,0.0877612791757799,0.1441242325325297,1.0,-0.0812165630986861,-0.2818802259368173,0.1999271573917899,-0.0308459259052099,0.2462519392125729,0.1536300195395173,0.3803689870585978,0.1167839722612237,0.0829914801219901,0.3384686663301361,0.0588515145156397,0.2715658766220972,0.2581717669744932,0.0953120344078595,0.3589550172473014,-0.2816774690197327,0.2281872475118148,0.6083012514608532,-0.0563926309041483,0.2446134688010959,,0.2511623274790127,,0.240973314222592,0.1838293864928625,0.9442046842527674,,0.1241814225389693,0.7041741505579711,0.2746149558138583,0.9638876519747456,-0.0519388288621497,-0.1260617445913075,,-0.0297406396772618,0.2179494344174643,-0.1241940599401661,0.457837731242284,,-0.044985509159756,-0.1459130572030571,0.739061333498173,0.2677314181463568,,0.2245059653440324,,-0.1874280099145606,-0.1786099096100437,0.3074745415882929,,0.0593342491923307,0.3003835853267086,0.0231231203632345,-0.0213830438535656,-0.0272886837855951,0.1056080650824271,,-0.0026834350698758,-0.0513218646811551,-0.0698287278789284,0.0519388288621497,0.1435459056964108,0.2320924375429138,0.2707176506340843,0.1124539868588285,0.2893817940964756,0.1318656802116443,0.1293751082922996,-0.074701750748448,-0.1427131990702349,0.1048220000672476,,-0.0953120344078595,,0.153565133362973,0.1467097096700697,0.0017720535689158,0.1982706888854576,-0.0905211986420803,-0.0042486628110373,0.0420205815304359,0.2163789366894625,0.175951327718021,-0.1924740388748914,-0.0471349992660279,0.1749713845181146,0.2380146977164062,0.1032166290453171,0.0339015453039154,-0.124949338663643,0.1523454514185527,0.215625180487166,0.1068960860140468,,-0.0495495436355026,0.2023325847762608,0.2062484942919485
IRI_Q18,-0.0358606844136391,-0.4339872419792718,0.1425092274435851,0.4745772404939722,-0.1771594816766668,-0.1416535622716827,0.1797160748952083,-0.1242295198399592,-0.3579126713574131,-0.1215114365577587,-0.0990335506495759,0.1856697551090307,0.2267304494738864,0.2762303363139031,0.1139770330351017,-0.0713168038750845,-0.0782580081482242,0.9927063157501446,0.0886014857303217,-0.3552948703697345,-0.1065538814878045,-0.2299288791286263,-0.0687588664764271,-0.023658864405375,-0.2523072779868986,-0.0638173546066164,-0.2710521931577331,-0.1645953850669717,-0.2057892690788122,-0.2793957898483297,0.0295960318747952,-0.1522112939625029,0.2445662604907522,-0.2446485755481932,-0.0085583818225577,0.1289243822639135,-0.2767656104707942,,0.1780346664255203,,-0.178113906390873,-0.3175739202931323,-0.1106894120492358,,-0.2702644186672354,-0.023444891338161,-0.315885972651575,-0.1100047970918996,-0.1276893363620994,-0.1103203482319227,,-0.0865271189879679,0.0059535460059336,-0.170881849699484,-0.0512844633397534,,0.1457635046974362,-0.152361189004009,0.0338146199418132,-0.0882310311877056,,-0.3908906236186364,,-0.0004530811749491,0.2755052490341644,-0.3950789205821012,,-0.1156159993608649,-0.4074543860153921,0.0969510087336425,-0.2139941273941158,0.1515692622676787,-0.2829860185640273,,-0.0973819959017789,-0.1217220258309248,0.2718976697688766,-0.1295810302341307,-0.2412268588497845,-0.1042823674503185,-0.4090296218458343,-0.1881588076403982,-0.3511017541969085,-0.273366145054446,-0.192600051265527,0.0306277115459115,0.2685550287924571,-0.2300127776219638,,-0.0901232549570833,,-0.2837115224260064,-0.2614346758792634,-0.1847485531784994,-0.2580699829566095,0.2619223343343427,0.121602195537487,0.214901487596289,-0.2626681275367502,-0.2441343990584245,0.2568984522949898,0.1720495600008176,-0.2430101491427339,-0.2848763210130955,0.1203874926921089,0.1661461875710195,0.2917962653057733,0.149053999960666,-0.3109119673918395,-0.2721369926547127,,0.2030256387648668,-0.3041661399598334,-0.3125638940243944
IRI_Q19,-0.0963124239800578,-0.0791459013151322,-0.01307681869483,-0.0777359699851099,-0.0791800914490894,-0.2904878123626755,0.0953366085928164,0.1463661601620996,-0.0513156283354671,-0.280639759378776,-0.0017260708553822,-0.0307603230759849,0.2516175152015556,-0.0313562774243318,0.017141193792427,-0.0500076690631596,-0.2818802259368173,0.0842306641814649,1.0,-0.0507108004970418,0.0753890697709007,-0.1185444371659428,-0.0840315886480323,-0.3565049957923237,-0.112849234149637,-0.0300603477520838,-0.2716937565939947,-0.041599686852955,-0.2124132254715595,-0.1441098614144899,-0.1049450194869859,-0.2215041618703422,0.5431294037334633,-0.1217894316874019,-0.2821207929709041,-0.048480329602592,-0.0519580058867298,,-0.0505222692990172,,-0.1343259005924449,0.0581752702328377,-0.276132303213263,,0.1413494928904067,-0.2125770696620229,-0.1021769192380275,-0.2849755386597603,0.0082605143238939,0.1726463662523936,,0.0675720665576007,-0.2262747239385929,0.0932743392050854,-0.275082475702001,,0.0505883391662562,0.2958485711085936,-0.2116936983604777,-0.1152780910209974,,-0.1112955594686793,,0.4295505699710074,0.077780196590901,-0.077806185901188,,0.1132404621563406,-0.1262351970376813,0.1471029448743083,-0.0030916603577089,-0.0289338526659766,-0.1769603653167564,,0.2337816594071356,-0.0388685257359208,0.1719604645347605,-0.0082605143238939,-0.0472344647222305,-0.1648303382967336,-0.0893660957861861,0.0715401397818803,-0.1405645692432651,-0.0243864320573295,0.0313661938962662,0.1020272163363509,0.0945731458649552,0.0210267637335482,,0.0388685257359207,,0.0163994594563684,0.080888331660079,0.2710293634144756,-0.0545773716772817,-0.0919793989217039,0.0090096088743467,-0.0403769727525759,-0.0404585716687585,-0.0657306351484218,0.0752848107560843,-0.0289338526659766,-0.0183535815989155,-0.1147628278311272,-0.0781709360590714,-0.094620946886862,-0.0577244013946282,-0.0843659825487783,0.0763941078006839,-0.0739478259410817,,0.0017512255342179,-0.0068759848703349,0.0744652359398979
IRI_Q20,0.1854978018326149,0.4710198577153128,-0.1418124071142447,-0.3321438642555151,0.3515875061976718,0.1637642361363218,-0.3385255334990606,0.0738951280021902,0.2612356413169262,0.2017754522938497,0.1258361713138652,-0.3443881450342204,-0.2858953878332017,-0.2787324999858033,-0.0883497986811328,0.321303754360591,0.1999271573917899,-0.3587377762593738,-0.0507108004970418,1.0,0.1766606154412273,0.4399436622952677,0.3581456581423944,0.1376322938792175,0.2720725624041292,0.2727376948448352,0.3258810880679665,0.2089965026101616,0.3827510040100375,0.4686845932217585,0.1006231973295261,0.3839995292015078,-0.2817508103033846,0.4356118780668453,0.1096881712954626,-0.0339011334093811,0.5470073027415241,,-0.1766099393915744,,0.2607871326568365,0.5353057423074761,0.2039644287252794,,0.371630972043518,0.1402023164591386,0.4053893477031984,0.2273183181293437,0.1081534947110931,0.2038363582925902,,0.0985244622705981,-0.0133229968859178,0.1248980007990076,0.1322268520569108,,-0.2132189950899099,0.0805631937487735,0.1051904848684544,0.276565049387102,,0.5299664577865191,,-0.1852523736467363,-0.414338796619812,0.5770275865964107,,-0.0131041229763763,0.5808918936151339,-0.0937983887255764,0.2253920812137254,-0.1925437738231763,0.3685995818823813,,0.1079457989095172,0.1596092095571792,-0.2856952095675835,0.1843525478029999,0.2709547443958403,0.2646499067388065,0.5693896922715787,0.3503970226705413,0.4779400328409621,0.4023746449835167,0.3091241555358682,0.0251665559875045,-0.3883539385928233,0.282897364264967,,0.0763348393534335,,0.4072968080528802,0.2438423262236415,0.2314630419171537,0.5048019164448487,-0.207950853701198,-0.1327064185685607,-0.1553630779669134,0.505639075980727,0.4694181338620098,-0.3771323729894215,-0.1725849680000422,0.4171306022729231,0.4816582893039778,-0.0348913170816751,-0.2467959306417239,-0.262719336567637,-0.0923042344966726,0.3514358354401335,0.3707815805376681,,-0.1453875025246434,0.4386725765310117,0.3980060430047034
IRI_Q21,-0.0039680992269869,0.1131132741751063,-0.2126453326757747,-0.1919255775032025,0.064878854698566,0.007832636620925,-0.0320830726468089,0.4273967399168034,0.1487602205582273,0.0267738706738576,0.1671943978834852,-0.1352116349609066,-0.0323549556035286,-0.1306237799611276,-0.1305748527486964,0.1649985499791186,-0.0308459259052099,-0.0901684089329694,0.0753890697709007,0.1766606154412273,0.9999999999999996,0.1112642292678532,0.1780431976660827,0.0052033962154067,0.1852564111777656,0.061328013979475,0.1379254500048013,0.1923369107158186,0.1349046850145428,0.1125116171484587,0.0670984212335071,-0.0302806190823098,0.0861668344131107,0.1015944691223798,-0.1158848896933303,-0.1255368006230194,0.174941699325341,,-0.1141146337660468,,-0.0345936730205994,0.121314128540246,-0.0331773828243508,,0.3253473133006125,-0.0356555819835334,0.1952171931355366,-0.0351896255186749,0.1077426678975208,0.1666449166611364,,0.0492518470027203,0.0044325245235475,0.2020627281130886,-0.0062074856245467,,-0.0124757486078769,0.182735034057159,-0.1036437349119374,0.1451068172209336,,0.1606834071315095,,0.037443326934936,-0.2296234228598159,0.303477602762453,,0.1713520073014246,0.1656426013212259,0.0745704526523161,0.2265305941983034,-0.0862742941500335,0.1840965699013476,,0.0649431654905312,0.1744558952071185,-0.0508499834516766,0.1964719238131262,0.1419408250431844,0.0336645117941779,0.2130641700380453,0.3068268118862959,0.1640109045540878,0.2563306544740271,0.3677196959022121,-0.0563921021432536,-0.0401872876023989,0.2195184837912056,,0.0760448773979747,,0.1139150699167571,0.1367725258469136,0.2151525898924795,0.2000646131068467,-0.1656869129112129,-0.0907270865839585,-0.1666449166611365,0.1462600968000333,0.1752114358109711,-0.2033589576100317,-0.2073610227816597,0.2060863745004112,0.2096133027501868,-0.0809675123498977,-0.1520888029811794,-0.2287030055283952,-0.1426801435528691,0.1944486350058818,0.1829331627224011,,-0.171310499336402,0.1593212006519841,0.1301759329704262
IRI_Q22,0.1780871501817695,0.4300544205061042,-0.0939163720012153,-0.2908838642989835,0.2790152548241578,0.193044007566154,-0.1480468733561398,-0.0406819493042423,0.285036408509602,0.1389261874237494,0.2037207484595476,-0.1064546707398165,-0.297638841385871,-0.2302423857462095,-0.0567130903656474,0.1668100669340519,0.2462519392125729,-0.2204743428423358,-0.1185444371659428,0.4399436622952677,0.1112642292678532,0.9999999999999996,0.319561048926566,0.2167032629518199,0.2849714376220845,0.0518394361806598,0.3358094324683359,0.2304622298605019,0.331550996112209,0.3559246462742287,0.0852712661094199,0.3680833472802997,-0.2172568305435156,0.3469985784536322,0.1276716106517897,-0.0065574748211514,0.5203956688672635,,-0.0500874743333278,,0.2494557899516744,0.4228985036807395,0.2524222352773101,,0.3708563467875873,0.1616222968293296,0.4600890267820339,0.2910813563477989,0.0752570095536098,0.1452164150243589,,0.0763028653840892,0.0006049786488148,0.117209831827497,0.1503084327850536,,-0.1045499637583543,0.1018239154384748,0.1461747616987112,0.2137817491607175,,0.586865996356297,,-0.1174494021129614,-0.2696694341905343,0.5092309128517344,,0.0890470112777028,0.5614650151600429,-0.0424535187122666,0.1745562597870974,-0.1336594717406989,0.3082202449558427,,0.1869850072021412,0.1406263600993057,-0.2031451457026554,0.0423861318175503,0.2649471313845867,0.2593234030431477,0.5497327611942056,0.440776528753645,0.5008339166433811,0.4709863223937534,0.369889712109506,0.0374996737468852,-0.3272723927797588,0.2757850914362694,,0.025438921870352,,0.4231036642721166,0.3154591129265737,0.1913913820245394,0.4527727211306278,-0.1616481175991241,-0.0763028653840892,-0.033242311873046,0.4605329479662767,0.4400926299515256,-0.3298107061067937,-0.1711199316206269,0.4522549438420383,0.434879807219043,0.0045022397469762,-0.1807332507971466,-0.1923427203586102,0.0496408804911168,0.404633477000998,0.325305903302268,,-0.1321285539187391,0.4824735861369106,0.4619478471186389
IRI_Q23,0.1211315394988112,0.1380577723787997,-0.0706385122627834,-0.0844135410411741,0.4110853675010374,0.1643113994288264,-0.3536477458152105,0.0406154916101168,0.02744303808117,0.103375685433004,0.1776661993215479,-0.2119481568873979,-0.121546737312498,-0.1517652025082949,-0.0585246160410268,0.5907119944825371,0.1525673812860654,-0.0730684148352282,-0.0862748269125895,0.3542778293614302,0.1779779644137977,0.3154061167691596,0.9984624582144818,0.2650096300180746,0.1959947220359665,0.2915167901428105,0.1690731164438137,0.1110166214249675,0.3096386773666594,0.2919651497155491,0.1206068683686056,0.2201994770243689,-0.2371188483709313,0.2964304920305483,0.0577443375393443,0.0672132849091209,0.4974518056049491,,0.012188600132432,,0.1702318597792575,0.2794436416690932,0.1161381808995605,,0.2760310037082958,0.0796527322106676,0.273926753448338,0.1496012239880385,0.1447688261332808,0.1461112878417096,,0.1130830529524711,-0.0131886458708692,0.157242824769758,0.0092895997753948,,-0.1479115480534761,-0.0069349509618241,0.0947025996005577,0.2525241945561612,,0.2707031102882697,,-0.2646504479229364,-0.1865290850204019,0.3704821757804606,,-0.0644073018095196,0.3657786465028526,-0.0207578933737061,0.2291630282204276,-0.1415502462418964,0.2814672480809228,,0.0836637531248778,0.1763030792281315,-0.1851463085012513,0.1314234032833189,0.1396721609477917,0.2484465252375129,0.3438346392176511,0.3247489494493032,0.2598165583260994,0.3661438988061756,0.2912666040539452,0.1783989517069479,-0.2563181887017565,0.2478925481557126,,0.1021779750694978,,0.1686860830034199,0.1981515658987859,0.0394445973070158,0.3397020860689209,-0.0480348297623132,-0.1453585937741628,-0.0334471622770179,0.3823769132377306,0.36056330090966,-0.2203983684532712,-0.1227045942703859,0.2871156762236406,0.2954061770729297,0.0185317530372995,-0.0890576838161932,-0.054538803089944,0.0840395976906076,0.2123617025422057,0.30007714593315,,-0.0796180532511484,0.3360116460168099,0.2621917841675815
IRI_Q24,0.1071729078051158,0.0971145751545771,0.1713143614360906,-0.001516369672424,0.0860259739104264,0.3436835924069406,-0.1372908937319799,-0.1893929871301887,0.0552602633964573,0.3496725989103386,0.0538169734111684,-0.0082093002354768,-0.1455058300425805,-0.0822284709579913,0.0218140161839715,0.168945596559928,0.3803689870585978,-0.0207342621315073,-0.3565049957923237,0.1376322938792175,0.0052033962154067,0.2167032629518199,0.2633574524038116,1.0,0.1106375974469154,0.0992877589025341,0.3549287072401936,0.0053952488246477,0.1714997268641937,0.2029694788958708,0.0248957123126431,0.297185105889962,-0.2778327896904227,0.1906407527592866,0.4168751764996847,0.1554393454946733,0.2369125291272667,,0.2488272853831072,,0.1809125515876175,0.2033864520665501,0.3671393991842899,,-0.0025659674061035,0.3168684809536926,0.1554642279957101,0.3758652293438461,0.0474360946645642,-0.1377660673787677,,-0.0432806415354758,0.29135148707511,0.0412022247863112,0.2944344426098256,,-0.0215483807423654,-0.1405770144686742,0.3213499422767546,0.2280349813014126,,0.1407900336177419,,-0.3132655150767129,-0.150129399819244,0.2154700284953004,,-0.0504850582572746,0.1982586847456811,0.0491218022468293,0.0402876819085741,0.0363096521495507,0.1324898110420498,,-0.0124634699117228,-0.0334804406963132,-0.1020717529010303,0.1179820816016084,0.1064499171260394,0.1256242193844449,0.1879520865806039,0.0616230063277048,0.1869634418132513,0.1346532261612926,0.1267310873961045,0.0037063032372308,-0.0469176039850402,0.0136005586101197,,-0.0248957123126431,,0.1183643961110176,-0.0097572934147245,-0.08029897156581,0.1419725763670862,0.0423967395334559,-0.0582050006856398,0.1131649839182735,0.2019516827305896,0.139732380404401,-0.0489215807190134,-0.0427001509278716,0.1572169962521614,0.1105944332651782,0.0794203203735934,0.1155840595999782,0.0522514205597661,0.1200955729844501,0.0011084351667297,0.1254705901376134,,0.0034810726001689,0.1532844214451095,0.1020119499438206
IRI_Q25,0.0215512009532389,0.367517746499714,-0.3243211560357037,-0.2711542450334153,0.2544802415974795,0.1753879661119267,-0.2545772408369179,0.1910762814251014,0.2545734229972888,0.167990196786914,0.2661590544134861,-0.2430343688609932,-0.1363016328057958,-0.2240326557521956,-0.1842526464851851,0.2065368468083294,0.1167839722612237,-0.2549426176395437,-0.112849234149637,0.2720725624041292,0.1852564111777656,0.2849714376220845,0.1965636264571323,0.1106375974469154,1.0,0.1706346620472635,0.2421877322557465,0.3805696647051783,0.3065042119855866,0.3279314206658602,0.1314473959784949,0.2720396122845491,-0.2055159574949911,0.2624913433432357,0.0845201038535611,-0.1117457734048768,0.3525378203478761,,-0.0880192315837178,,0.3150883611846987,0.3663837039182264,0.1419519941497898,,0.2885489433895831,0.0683994867433986,0.3059040152185285,0.1102324394873428,0.1226449457980434,0.0903434283285612,,0.0662641347215321,-0.011119014050574,0.0,0.0446041184501511,,-0.1170351951285507,0.1996252953351491,0.071388973454979,0.1440157569573176,,0.4364288936629444,,-0.1656109735765149,-0.3231058465615912,0.3834206529199839,,-0.0340179933680273,0.4624583461524021,-0.1324108525864472,0.1708585207133187,-0.2144307602692347,0.3353600901263004,,0.1041739433870507,0.095112343431594,-0.3772549556678298,0.186238621397029,0.3330917060251943,0.0984264864202878,0.4337685945494249,0.2217435214220345,0.4027506616353837,0.3674325523974096,0.2506720196957858,0.0182707532139409,-0.3164315434684577,0.2490064051051186,,0.0865629193029114,,0.2571729137743458,0.232493486193707,0.0896290533572831,0.3801489208300344,-0.169329356981804,-0.1504877078255356,-0.1699681448215305,0.3537418752304484,0.3953344834084843,-0.3654029492138876,-0.2144307602692347,0.3558295318310652,0.3269966178318167,-0.0279407121998759,-0.1398164071898311,-0.2201145611281026,-0.0046675208625724,0.3236505404145589,0.3492496237013893,,-0.1950050738091316,0.3949948676488421,0.3830449312965792
IRI_Q26,0.234637199479663,0.0551759298731606,-0.0863633349550094,-0.0900703750897388,0.4189070389956434,0.1344247383708329,-0.3864543756370851,0.0373454704160014,0.0105533092788084,0.1313367757635398,0.1770603338890408,-0.3364646827148937,-0.1309812540568022,-0.0161835718978027,-0.077746640335181,0.4088561617397235,0.0829914801219901,-0.0654719055752835,-0.0300603477520838,0.2727376948448352,0.061328013979475,0.0518394361806598,0.2918646589886953,0.0992877589025341,0.1706346620472635,1.0,0.1744693819543117,0.2413613596379394,0.2789931196326167,0.1822774919043167,0.1294596717830902,0.0431702133584652,-0.195233937777772,0.1883345549691175,0.0476397980670385,-0.0704897205142456,0.3910038532653942,,-0.1183121176167748,,0.0912895331528397,0.1875817522454629,0.0777798909374765,,0.239099688687589,0.0828614012917829,0.1985397513038578,0.0680363561623913,0.1165228180810797,-0.0334560099992196,,0.1020825730969551,-0.0619556764339275,0.0,0.0710904318087089,,-0.1799755536574589,-0.0774488520149955,0.0021077980926234,0.321006592112553,,0.1193177744388495,,-0.2713373084397176,-0.2548420148308277,0.2848368614125111,,-0.0040592122344916,0.27014002546876,-0.0690820870237305,0.1025614267343434,-0.2026951724864682,0.1697679617202854,,-0.166267285361062,0.094176073862248,-0.1339891767108147,0.1334314919982079,0.0453651284337716,0.3469515104001688,0.310214343762599,0.0821004911285208,0.1727288528441735,0.1559371744731094,0.2687648865707292,-0.006675666093684,-0.2960092818180365,0.2585423124443115,,0.0822419157419632,,0.169080491483608,0.1556188159189308,-0.032920446626456,0.2026537634386175,-0.2114091598780914,-0.1429757393449254,-0.1598453811073823,0.2241426625725935,0.2802429071855986,-0.2629655072618403,-0.2026951724864683,0.1855797594697967,0.2373121297684028,-0.0234797632673997,-0.1558819600608604,-0.2229667974454875,-0.013082308434732,0.1865089110380728,0.2220667855791098,,-0.1852709102074668,0.2234196512719339,0.1726420058595254
IRI_Q27,0.1493053853649166,0.3290042956196934,-0.0135115405985669,-0.2982025531693693,0.1902438874283977,0.2610621024520778,-0.1714714803912407,0.0015212777719725,0.3356993080171683,0.3016129201961846,0.2333840593692113,-0.115961559981803,-0.258959208596238,-0.2699109316271877,-0.0223092981506851,0.170820860572372,0.3384686663301361,-0.2660136569253805,-0.2716937565939947,0.3258810880679665,0.1379254500048013,0.3358094324683359,0.1724422184621668,0.3549287072401936,0.2421877322557465,0.1744693819543117,1.0,0.2509984771927842,0.2621396475780508,0.4031540056708967,0.1070718105685656,0.3659135661989828,-0.4176915899032293,0.3784177937372407,0.1812844924299421,-0.0212128710873585,0.3193107237963925,,-0.0114542791661353,,0.2349621362946912,0.3487809692904365,0.3714267931981835,,0.1463442240755633,0.2676737148834678,0.351300174139075,0.3760202309999896,0.1309213868424919,0.0210159954768345,,0.0120209092667923,0.0334279871766502,0.1206784159221728,0.1958221093521626,,-0.1698225777130988,-0.0060722165746353,0.2859320413780546,0.2006880129861317,,0.4359312854852945,,-0.2819056941474224,-0.3633328598592805,0.4481559822564946,,0.0324448632592181,0.5098012979444748,-0.0614581166788079,0.1332775340528804,-0.1753330870071829,0.2500788125203598,,0.016948576353178,0.1070718105685656,-0.2567948631349253,0.1113277099000783,0.1756498136966386,0.2202410620783073,0.4455470839506806,0.2085398730453388,0.4627587564192644,0.37484561370774,0.2801934521898188,-0.0223261476170388,-0.3011909243938768,0.1832251690937287,,0.0639078321397505,,0.2432765920118651,0.1706319843921202,0.0907031336453425,0.3131783956147444,-0.0870964140157115,-0.0780751985711867,0.0210159954768345,0.3258496974854817,0.2387386782587839,-0.2950281061927571,-0.1560485744046946,0.3305437025214376,0.3520865392129789,0.0147492363445709,-0.1005923935910593,-0.1551833027773732,0.0239326337420693,0.3241418297353092,0.302445312349071,,-0.169647059403714,0.3312829207826053,0.2869969918619388
IRI_Q28,0.0219179824518475,0.1771184244438058,-0.3220043088173036,-0.2705031835292052,0.156364087514855,0.0049489936408231,-0.0571517142890144,0.2945340792829959,0.274833964252224,0.0663876754353464,0.4346725846193201,-0.1273251168174214,-0.0173644977802965,-0.1854471963468739,-0.19591682596648,0.1031033810830361,0.0555509557879798,-0.1315616093674713,-0.0127223975878074,0.1730920357590048,0.1971208616799665,0.2294820970800391,0.122973588730268,-0.0049434176011198,0.3606161996541942,0.235178441906437,0.267110712164823,0.9597036653614912,0.2830844372401478,0.1573139935920843,0.0946124332628125,0.0466550838780029,-0.0960487913573735,0.180431230180918,-0.0264197136481893,-0.0661651025060763,0.3155497045651972,,-0.2000343876281516,,0.1305961667186135,0.3741426652363525,0.0640403096019565,,0.320234364612396,-0.0406171621097796,0.3122827300083586,0.0665954230416518,0.1245426654162236,0.0749931130049431,,0.1175609290902455,-0.1730967775058251,0.0,-0.0280063933474176,,-0.0651675140447084,0.1815706782399326,-0.1104454203908802,0.2065986392442391,,0.3344188119396474,,-0.0183681802601137,-0.3259611099809331,0.3323593214998206,,0.2528143240790069,0.3818893509339198,0.0061472615572548,0.2044191519187684,-0.1647600025643892,0.2485399821437319,,0.1850951805713514,0.155450688221406,-0.095450484999555,0.1771484732001756,0.2813255159878555,0.1207427086922963,0.3812890882794715,0.2737670686782559,0.4237112246369826,0.4514026442348849,0.2478834661671049,0.0772138166608144,-0.3590203217380032,0.2861629182464377,,0.0879023316129676,,0.2799116118347631,0.252322845380685,0.1197440752120031,0.3715297035223915,-0.0800851053574246,-0.1175609290902454,-0.0993498505621042,0.2919563054334652,0.3645373197079543,-0.2393140574715793,-0.2059310826723487,0.3905230944964918,0.3145963955132726,-0.0238413563036705,-0.1979056048310221,-0.1334152466575908,-0.0405262804060576,0.3493472228040481,0.2643088747251357,,-0.1706117019087287,0.3447696413587489,0.35365829633926
PANAS_Q1,0.1305582030826113,0.2139836076548694,-0.2216073503200218,-0.1032317447936922,0.6161067172902563,-0.1083991002845429,-0.7562791517052355,0.2994643250176741,0.3795766978559318,-0.0906706385153833,,-0.3185929389751512,0.2685260371876,0.1319478375741275,-0.1411607979951075,0.3483008274345709,-0.2298014388281423,-0.2093091823228387,0.3765112633519349,0.6761728932975843,0.2723314055786643,0.0329451196574898,0.679079657697737,-0.201378846590928,-0.0215558161560845,0.7588246009149786,-0.2036449675708525,0.2627291723842027,0.9999999999999996,-0.0313278395492613,0.5620312174798385,-0.0733034146104583,0.314892401298901,-0.0586475648587969,0.1106137743040094,0.0065530798761088,0.5016713964047368,0.280611312130003,-0.023638946718987,0.1846503165257791,-0.0048854542944089,0.331055245617986,-0.0467951674612286,0.0999347420631593,0.3293507684242323,-0.0337548307918808,0.4679535474273223,-0.0513627700688594,0.3568622091191625,0.2442197681670208,0.4165045427782311,0.2112191444568509,-0.1952951357605668,0.2290667121348321,-0.0338333752993395,0.6757547062120995,-0.0174889069769782,0.2534480325689565,-0.1114884345972233,0.6582041514713888,-0.0759607701638317,0.2608911934815371,-0.3440845725725345,0.160278516846233,-0.4089501579838283,0.6137757280070232,0.249028082434919,-0.172009002861858,0.6355664630883464,0.0793769269439812,0.4751859005027081,0.0215558161560845,,0.4939215775788789,-0.0967248160849949,0.4877593945370618,0.3405731053926353,0.4449250221515954,,0.5883329689361205,0.4330771501747162,0.6993115800504854,-0.2721019238985912,0.367618510929575,0.4959575020333324,0.5357065869207449,0.2617845392404456,0.4968003345012071,0.1190380848485528,0.445072951367816,0.4400490183507393,0.5509832920645013,0.4460045401059404,0.3960974559748148,0.524814911093095,-0.2964409134892413,-0.2664251794679833,-0.1728602305041059,0.5936632758402614,0.4373058182185833,-0.1882225038769334,-0.1141425166964333,0.5445577275432915,0.6217541930818067,-0.2690473182759552,-0.1868783357759468,-0.1998237459284962,-0.2478214152413018,0.4918955335855755,0.6540362371182208,-0.1149759583143971,-0.0653594817433297,0.5059455262952617,0.4624644175216926
PANAS_Q2,0.3810804098447954,-0.2132328218880831,0.4047108479405703,0.26502568215125,0.2321215549986647,0.5022003553763996,-0.0778302622772274,-0.0777483346116907,0.0816959412786124,0.5205926228127669,,0.196914467486376,-0.4372565639793243,-0.620578155420497,0.3939611697436869,0.3183791320632213,0.5332718495324422,0.2549923624950321,-0.3090925855262896,-0.076443846598724,-0.0986046394203346,0.1546303011057681,-0.0924275550787987,0.5194656553730421,-0.0207080839642948,0.0264058521853382,0.578189765130346,-0.1371959013863655,-0.0313278395492613,0.9999999999999996,0.0519714431174626,0.6963991789711184,-0.1488105674391807,0.3863748401957592,0.3341823942731828,0.2566422015624945,-0.0045899239196867,-0.0434786396693402,0.4011600859441869,0.0636406112334712,0.2984953132456978,-0.0943860577997455,0.4336958995574855,-0.1278201941096675,-0.1371696957619678,0.4713422781468415,-0.0875007932286364,0.451104073887363,-0.5854041051017438,-0.603493019110425,-0.5928814070479245,-0.5836520610485625,0.5523055532710754,-0.6035392889252974,0.4683495604355152,-0.250933251412135,0.2982156999763475,-0.3616708516796521,0.505407553352502,-0.1798640589683331,-0.0704156058275687,-0.1459209751432084,0.3803470563933305,-0.6602218145066814,-0.0057200084890709,-0.0003984728069322,-0.26177331917337,-0.1636414111289331,-0.162694291898554,-0.2865364975515252,-0.4194571475577872,-0.1201068869929098,,-0.3689359105646063,-0.1615230549214994,-0.3994428004207727,-0.1754812261440534,-0.2686543901792479,,0.0386088780489191,0.0299162639895068,-0.1077326152350469,0.3823955588572588,-0.0874250609743679,-0.0500809360312592,-0.3521000539746947,0.0651275280432012,-0.3157883316404279,-0.1679623310366285,-0.5448514564594222,-0.5229474995221912,-0.5105367309426907,-0.4441239947555602,-0.3390476042957991,-0.2380788555312391,0.473636834052907,0.472442124764312,0.6447558985795738,-0.120810959570625,-0.2074745528848007,0.5080615935431327,0.5829232937722136,-0.1652408824427252,-0.1630610801165935,0.6062804898187748,0.318570595454829,0.5535522537395543,0.4955829736944743,-0.2556532780872093,-0.0593350220370353,0.4874521051746578,0.546619569750771,-0.2448694055557127,-0.227213302254856
PANAS_Q3,0.0930513509942669,0.0633478336458348,-0.1246651479092145,-0.0790640978433033,0.4874882058142337,-0.0762766367713388,-0.5456265732995951,0.2408311959396322,0.2717412635927052,-0.0753738264856985,,-0.2895555419969123,0.1385030176874038,0.0052853057613627,0.0011059259064559,0.2727017804459919,-0.1583033636545662,-0.1528753833249058,0.2923452471006698,0.5830917821118917,0.2137626853286915,-0.0531630632765853,0.4832658589474889,-0.0853934040234034,0.0145677874800353,0.5130533960197996,-0.0812375369784078,0.2262279485082125,0.5620312174798385,0.0519714431174626,1.0,-0.003710537087821,0.2827805036154679,0.1380305391160263,0.1436537343961494,0.0006816047124277,0.5097102943754022,0.2605905690312066,0.1021931402708767,0.1290257858275831,0.0642411265763436,0.3841401339404746,0.0169572345658251,0.0844912755038873,0.3033902770436356,-0.0052905370799209,0.4739111283601708,0.0065702712329255,0.2490946019841609,0.1855452507878164,0.25949468774125,0.1448743506166517,-0.1744190072727121,0.1249772276493332,-0.0208321357750091,0.5219667149829166,0.0485044346804093,0.1804100889931683,-0.1100214873358283,0.4703471700490431,-0.0707659856579033,0.1754151445843663,-0.2465062938049125,0.0321296218005043,-0.3477824702859125,0.59868106381382,0.1951505448648525,-0.1644556716780434,0.4228828544883571,0.0770950330851422,0.3050235295110404,0.0561900374229936,,0.33528581812667,-0.1269478623260227,0.3579420898519132,0.3118953535493375,0.3389510249263496,,0.5074761232740328,0.2639615956162578,0.5090293638850827,-0.2637188838341958,0.2134845751677607,0.3263252639847689,0.3568816180508852,0.2065326646560901,0.2728833944652353,0.1029412606384236,0.2756016411359038,0.3014808322947135,0.4004310044218158,0.3674276652423482,0.3556301700813868,0.3548217794995953,-0.1596399285857538,-0.1638066439234861,-0.0613602394532174,0.4225894050933978,0.4359690187852977,-0.169412233667732,0.0305872630689689,0.4025844053013638,0.4241548970778561,-0.095397895136806,-0.1412861313099919,-0.0976917404348323,-0.1765743671742581,0.3529307399530486,0.428626729810673,-0.1221276274026972,-0.0195641053661672,0.4250346305609195,0.312835915163321
PANAS_Q4,0.4191007805065351,-0.2036610839598239,0.4424441211736408,0.3042143483896223,0.2053607241624488,0.5265407745600315,-0.0510429187275489,-0.1956977581490074,0.0703028023657411,0.5794782153540055,,0.1754000575663637,-0.4622859675720157,-0.5851121247398834,0.4162254670774938,0.3626222940610972,0.554753415693082,0.3232850172766173,-0.3313072082519014,-0.1155598304250766,-0.1187074981990524,0.1467779104260867,-0.176577926789316,0.6059244574981253,0.0494082783788325,-0.0233343779397497,0.6184271455708228,-0.1152452331018314,-0.0773702555391234,0.6867429355992529,-0.003659086927852,0.986134039695262,-0.1846903512947147,0.3108860435871392,0.2501853287385897,0.2787583033131063,-0.0613935970583373,-0.074612217170406,0.48056620406536,0.0311786683942069,0.2927087592827075,-0.0605681064986803,0.4715268794516501,-0.0796341016023789,-0.1742831613129795,0.5567358155711077,-0.1179657505619299,0.4491895203202459,-0.6210938068787428,-0.6061226743200728,-0.6276347680958736,-0.5937654402201218,0.5657458349351523,-0.6033237720280427,0.5412693842584464,-0.3066012240647781,0.3310082537423697,-0.3819335226762805,0.5632841130259714,-0.2237966174521743,-0.0219201732161284,-0.1675928108553697,0.4440389945823599,-0.6753535355184328,0.0622225564566157,-0.0344760694651009,-0.2272736244167697,-0.2107066973456787,-0.2146129148587365,-0.2773234712943124,-0.4497845286734524,-0.1172822769598551,,-0.4055368267201238,-0.0184657202021899,-0.4179609277310841,-0.1688043490326094,-0.2715510356370469,,-0.03758690567491,0.0185747741815242,-0.2121859002769123,0.4031487031704121,-0.0924114333222486,-0.1033141440485185,-0.4587250279984455,0.0882055554153658,-0.3569289786583804,-0.1669784616345194,-0.557986519518292,-0.5502853341974242,-0.5479117041371775,-0.487636415410921,-0.3987361934927649,-0.2729568303298513,0.4788153884468092,0.5164335849129609,0.7046543204339133,-0.2462441850101041,-0.2081911382416628,0.5748707050602526,0.5874344187708296,-0.2798471559326946,-0.257616340630619,0.5654000272800679,0.2415132688838058,0.5966476209769758,0.4986169633811556,-0.2583343193250259,-0.138998521421467,0.5842208468603601,0.6160924853441812,-0.2719230371942552,-0.2919925198495219
PANAS_Q5,-0.1951000628615583,0.1760545561325009,-0.1595595394254385,-0.0211407694391586,0.2229897423651602,-0.3598422586334188,-0.2239768803206966,0.595112044891762,0.2766261270639261,-0.340778904868051,,-0.3005826041303782,0.5281281448529882,0.2998938269612015,-0.143417844116421,0.0495031673219281,-0.4037033696435386,-0.1038110973290628,0.4567078889292805,0.3493790805304613,0.3109564869587872,-0.1433308486616126,0.3560604911484,-0.3631179591715951,0.0711158410030528,0.2812989557506372,-0.3414201703020521,0.3207824102572289,0.314892401298901,-0.1488105674391807,0.2827805036154679,-0.178918263514844,1.0,-0.0112714843235057,-0.1007621166570448,0.0475094295166861,0.3100338515732164,0.2850546988607681,-0.2926739127465815,0.3468402568274651,-0.1076590344495367,0.3284869755789197,-0.3000424073903122,0.2650853918939602,0.361246441462812,-0.2532310818956135,0.4330923798854822,-0.1589281589038138,0.480738704777034,0.4445959976449445,0.4533213786419147,0.4086559751144281,-0.4384040449242266,0.4431451053942945,-0.3053698614705729,0.5287207494713537,-0.019702815802961,0.6581874052288172,-0.3675850549923584,0.4544602728301047,0.0721523875202199,0.4665336490825731,-0.3971014004944653,0.3443584018571048,-0.2864305986507353,0.4482174019760183,0.5115874417311077,-0.09969524888684,0.3988556535108861,0.3177422060043629,0.4852128256955874,0.1119457560268876,,0.5198824157897373,0.0100953086597393,0.5398365966607592,0.2388285557734759,0.5118778504552142,,0.3226715343489774,0.2707030913178523,0.4758964220642465,-0.295717090130061,0.3575777818800594,0.3667813570836288,0.5347431201419551,0.1851832486841712,0.4578865237665753,0.2658427226342112,0.4490940991293273,0.4566715850846432,0.4469327892813461,0.4961019297302638,0.4797723650152606,0.6468613228167795,-0.1981301412103771,-0.2071835048015114,-0.2705700983981569,0.4633560159047047,0.5284061255964756,-0.2748481381838944,-0.1891728516456576,0.5539942232117494,0.4270049095419571,-0.2409329129725722,-0.1871912638058805,-0.3373688222260729,-0.1902262604631521,0.4758793092530928,0.4389640696924173,-0.3082018003358128,-0.180150902813125,0.5650675930297662,0.6239685862852689
PANAS_Q6,0.3379772169054227,-0.0596343185118972,0.3677804187480019,0.2528574170512572,0.1634070879817614,0.3408056656150096,-0.0675387972106898,-0.0409724818386332,0.0436734224807288,0.3731207918012448,,0.1824180846448839,-0.3171618613681782,-0.5224072426007467,0.2683936512853828,0.3081953525789668,0.3524434269559741,0.3355150486837558,-0.1940174685829477,0.0229426138252152,-0.1234836975512806,0.2816601435351374,-0.086902361346425,0.3699438481705265,0.0203022934567877,-0.0066380537478546,0.4592510136430512,-0.0457781657328121,-0.0586475648587969,0.3863748401957592,0.1380305391160263,0.2986117508912084,-0.0112714843235057,1.0,0.3133842518540742,0.149516394633076,-0.0017307618854862,-0.0263559410372218,0.2607971062274338,0.0025016709068816,0.5733084009470866,0.058101829581077,0.3331533552205878,-0.152612445642295,-0.0565158497096493,0.3648441063520988,-0.0133813486011391,0.3621302156242591,-0.3534791956893575,-0.3396552361501652,-0.3485671633610622,-0.3328896875084052,0.3144622663020835,-0.3732134430120449,0.3754742141559036,-0.196627392353964,0.2350256741549131,-0.2101890308789647,0.3531492557016595,-0.2136082722737411,-0.0287648995740368,0.0168493536922294,0.4506922360951212,-0.4043272395582979,0.2124679213291332,-0.0078562187984973,-0.1157770731448599,-0.0355575192270751,-0.0283886167540901,-0.1363510219469522,-0.2595223658937803,-0.0809860717012522,,-0.3244490286965951,0.0203022934567877,-0.2356147705944776,-0.097931906988315,-0.0720725143676819,,-0.0157079415765454,0.0651171511452766,-0.1138533845957115,0.4112854984693311,-0.0185072930710589,-0.0656557095778458,-0.2667729177439056,0.0875064023573356,-0.2503662541593495,0.0059633597598893,-0.3457632032395736,-0.3506063656590931,-0.3342031554116924,-0.2989709067175849,-0.1785142129980656,-0.1337882651565064,0.4293120965307243,0.3945856464621113,0.4675178296228999,-0.0903032644399289,-0.0188303973663632,0.3488026649931112,0.4980273981603307,-0.1324252601058464,-0.1850127870480354,0.5045304758212533,0.1963055123984434,0.3932952693094119,0.3537252411062486,-0.0896986902586104,-0.1214879878432404,0.3995161902941214,0.3893319126265675,-0.1376220922283781,-0.1214980069037452
PANAS_Q7,0.2747847878477961,-0.1731380474981566,0.2300525769708798,0.18538387301012,0.2456935995301241,0.3322845290000856,-0.1338779437975661,-0.0145571164227913,0.09392492693938,0.3593061211057196,,0.1045593010781933,-0.3099932790538917,-0.3683963997148259,0.1654685919837873,0.4001824104034701,0.3147412475843831,0.0971234725717377,-0.1199933011938283,0.1264108803691425,-0.0784814606668163,0.1468828076580347,0.0104785781418869,0.3971454930358146,0.0077509898740042,0.1533670118546838,0.4095899071540487,-0.1418329433648357,0.1106137743040094,0.3341823942731828,0.1436537343961494,0.233761753293653,-0.1007621166570448,0.3133842518540742,0.9999999999999998,0.2543676737228,0.0518361567356032,0.0345492011367874,0.2775291658855394,0.0752736661448473,0.4079057887378585,0.0075484032270871,0.3522256479769356,-0.0117343754086625,-0.1127441927145487,0.3285896245416111,0.0175467210299828,0.5364824962109707,-0.3200497833396127,-0.2973533603044961,-0.2779312183271716,-0.3440615709693021,0.2883913789744777,-0.3608439497546095,0.3441930427425629,-0.0943120160176129,0.3702563978417491,-0.163453658569263,0.3357311220024969,0.0735433060933609,-0.0109818354167551,-0.008650912603864,0.2648043687962343,-0.3804444574624294,0.0464104123422109,0.0415041456243303,-0.140085198046219,-0.0751097260545218,-0.0555662201184935,-0.130705538413974,-0.151322239877163,-0.0804499293819057,,-0.1850149332236848,0.0077509898740042,-0.1611105105429996,-0.0861310865316595,0.0129873795461034,,0.1284479802139032,0.004712019684864,-0.0080434236778134,0.2103753092427522,-0.0578047056511805,-0.001440315802185,-0.1563336384724114,0.0841996968866044,-0.173240910438305,-0.0485304928376975,-0.29349564604235,-0.2709868877849705,-0.1958929609139876,-0.2061861808146142,-0.1445124932947531,-0.0888535637784028,0.2910842651743106,0.2637602395910584,0.3626436822421057,-0.0170433510939373,0.012821157604783,0.3610531185644737,0.3568091461095539,0.0126440678213607,-0.1042533151137599,0.3360513122726786,0.1831509047533771,0.3818737430045415,0.2394441936248006,-0.0873622960523015,-0.0969929738983612,0.3543114253488921,0.3191003852582398,-0.0699081595214235,-0.0376565667800003
PANAS_Q8,0.1826848133189282,-0.5952727668845184,0.4695304487061011,0.7545396822063817,0.2094575384854557,0.1473160012967974,-0.0568751671497952,0.0387182127900486,0.0987268891372545,0.2559353090825679,,0.1832210199308103,-0.1006624570427912,-0.2275761929174087,0.4276556179594958,0.2935116013832323,0.1729252750067498,0.3949971882662741,-0.0632266300702302,-0.0423714181764919,-0.1293992789663053,-0.2283352993721996,-0.0349021118680118,0.293883919866153,-0.1210975781875528,0.0667805673714225,0.250818505621186,-0.0122825578611702,0.0065530798761088,0.2566422015624945,0.0006816047124277,0.2646438028492209,0.0475094295166861,0.149516394633076,0.2543676737228,1.0,-0.0575932737884808,0.0709884820630641,0.1879371598743055,0.2404174325308405,0.22512132292655,-0.0720995412010165,0.1519288868049416,0.0982468740961018,-0.1317047998488356,0.15794782570315,-0.0849630447605744,0.2272400119232465,-0.3015306342981196,-0.3032792151784103,-0.2560940261161077,-0.3372326433035135,0.2775880105054851,-0.3189634604845296,0.1738122223351954,-0.050179295073921,0.8611152802610924,-0.0715243892739346,0.1657250702841275,-0.0105242939454254,-0.0147259712665188,-0.1499502088172462,0.4757586036564988,-0.3282143818315307,0.20882542074157,-0.0226509001201815,-0.0813549443801607,-0.1681512208377005,-0.0206621228569658,-0.0502500319226594,-0.1566002914461108,-0.0103936045150993,,-0.120854871417559,0.0103936045150993,-0.1309366023735169,-0.0452376383801975,-0.0731032024211983,,0.1191273115182781,0.021306673985719,-0.0416326377492023,0.2682587540562219,-0.0544242542168558,0.0010483984471467,-0.1446181779320098,0.1303053725563157,-0.1635365473710516,-0.035125856429606,-0.2646628873859864,-0.224116496211716,-0.2318939500748507,-0.1805248501354152,-0.0872951857540325,-0.0250253700477569,0.3442818772053482,0.392595467620515,0.3348518118374458,-0.0956494531249835,-0.0168786049400298,0.4098169140177867,0.4485271696959797,-0.0861598951051741,-0.1740041422646159,0.3445361955708593,0.2152666918555393,0.3723747981222906,0.3250461120524172,-0.1130534419651628,-0.0507996702117479,0.252464128491502,0.397888482351993,-0.0896617445330508,-0.0653575588781191
PANAS_Q9,0.0511507813977439,0.167271122312066,-0.2204021992670458,-0.1631754669199145,0.5152069682601692,-0.1105635708966068,-0.5132660213513802,0.2984910806621597,0.3217918852652319,-0.0989124036763662,,-0.3879459173631712,0.1855660571500316,0.0736449141714211,-0.1212637394307426,0.2627198737691177,-0.2143045082186242,-0.203156902446712,0.3216508137286313,0.5699031685043905,0.2457255379110989,-0.0369653823429554,0.5905004832796314,-0.2213547692829262,-0.0449840929972251,0.5306690211293256,-0.2502661133747631,0.2078056588770027,0.5016713964047368,-0.0045899239196867,0.5097102943754022,-0.0308479877685514,0.3100338515732164,-0.0017307618854862,0.0518361567356032,-0.0575932737884808,0.9999999999999996,0.2968972110580483,-0.0203932262936514,0.1327144692833488,-0.0539423362021636,0.4662379826117537,-0.0296770436448595,0.1602367890060921,0.3830922274328167,-0.084377656658722,0.5328900402736692,-0.0724128930276068,0.3184826867273032,0.2380361487490956,0.3253639763880596,0.1941924265534221,-0.2123166889690217,0.2273934009135643,-0.1143724711423434,0.6263890637388588,-0.0359790822832244,0.2935050981606545,-0.1588624674780439,0.4644193514194886,-0.0289703704534313,0.30884873112012,-0.3218552764643658,0.1209111946316423,-0.312692634186423,0.5280165986981096,0.3368674457796229,-0.1761048487900978,0.4349704956760108,0.0975376129769264,0.3721829467469573,0.0449840929972251,,0.3736709014788045,-0.0449840929972251,0.4829623040371855,0.3534737749556585,0.4630277519152015,,0.5447531932944857,0.4566111936747239,0.5734483582433444,-0.2094270734551669,0.3271230973317942,0.4036648345974987,0.4083887129253436,0.2667680266481161,0.3670695051689887,0.1721293384116089,0.3856074456351785,0.3586624082999117,0.4254997815691236,0.3878489463992489,0.3646581210052412,0.4368795879411202,-0.2229750067098361,-0.2432297309200278,-0.116190588621184,0.523394825853509,0.4643536521250003,-0.1941924265534222,-0.0906670194813432,0.5029991790101935,0.5297828687164512,-0.1963870762783897,-0.250279518780173,-0.1644784476619978,-0.256833159523245,0.3873786704985997,0.5068654314586435,-0.1522294833392884,-0.0870052729386805,0.4660181778294393,0.4059032611733323
PANAS_Q10,-0.1133997489046546,0.0208661700119705,-0.1063893518617993,0.0756802820210748,0.287067066897658,-0.2185052946325192,-0.2375015524987354,0.3627964129214495,0.1831270426714246,-0.1292641482513518,,-0.1585484863028528,0.28294196583999,0.1305999906635853,0.0679578591168596,0.1724204732721789,-0.292635886878251,-0.0737387626491023,0.3192678316879613,0.332821440093252,0.1246642932748645,-0.1277864385402893,0.3316146971022595,-0.1814574343262215,0.0382712373758196,0.2578938702789002,-0.1589933396770519,0.2851978533407434,0.280611312130003,-0.0434786396693402,0.2605905690312066,-0.0626030328886665,0.2850546988607681,-0.0263559410372218,0.0345492011367874,0.0709884820630641,0.2968972110580483,1.0,0.0179075894598721,0.2292180105338607,-0.0575014217939897,0.2422936910016123,-0.127754618092437,0.273872003060098,0.2724189882314105,-0.0605384119943678,0.2193143072856694,-0.0493297917380221,0.2633909058136925,0.1854367898556653,0.2884486968834853,0.185443849370605,-0.2218201345047176,0.1841628240479898,-0.1171664938174209,0.4587969140302481,0.1050328423501797,0.2887803524356995,-0.1717096421704259,0.328494583686337,0.0357083820386169,0.2284845232679067,-0.2189253331320846,0.1692630606817704,-0.2476408121078214,0.4089878907769497,0.3232045050144263,-0.0103600524054216,0.2518053953906687,0.2010035732739538,0.3803716082743187,-0.1017454847308377,,0.5726384832549374,0.0382712373758196,0.42162698775049,0.3012600163731762,0.4567465574141818,,0.3482984431636449,-0.0758825923232806,0.4112074753984132,-0.2013308995459481,0.2426704718996939,0.3340803913517239,0.4049377290482918,0.2215829838789844,0.2711778526793527,0.1241779805322505,0.3290440639287771,0.3437134647766333,0.3070798025856563,0.3681350522550514,0.4055987588109147,0.4109019993016196,-0.2054774256006743,-0.1908626781010872,-0.1125900376626799,0.3474282979590426,0.3786222095523193,-0.1405754838643513,-0.1127777524585034,0.4229658738067536,0.3436327649132815,-0.1986630979321863,-0.1482826009701008,-0.2215990379802623,-0.2180018984342021,0.2729267946130511,0.2923663505659779,-0.2076662516568637,-0.0401808143906581,0.3752082872343898,0.388528330600751
PANAS_Q11,0.4833899257375756,-0.2423785223947177,0.3336930122812542,0.2288186995592143,0.2371686600293775,0.4899067857218978,-0.111002194844805,-0.2039748619216782,0.0699499537514641,0.5696059028291958,,0.1758355701473331,-0.3742076594219626,-0.3863605779643083,0.54275200829058,0.4066910824225962,0.4258544313348672,0.2517295970136683,-0.1896854203650211,-0.000528545357541,-0.2267344638065355,0.0993462330940847,-0.0490702242332762,0.543438682559414,0.0729560545722495,0.0469289276698128,0.4814354089260605,-0.1399463241942034,-0.023638946718987,0.4011600859441869,0.1021931402708767,0.4630953051573366,-0.2926739127465815,0.2607971062274338,0.2775291658855394,0.1879371598743055,-0.0203932262936514,0.0179075894598721,0.9999999999999996,0.0366692659607803,0.248082521054498,-0.0555832701383093,0.4997268599774914,0.0019417928498285,-0.1714802153792857,0.5343601590373739,-0.0438651355994378,0.3999485595594008,-0.5150870107646953,-0.5942238116328941,-0.4998138978767492,-0.6118409291756763,0.5991648571120692,-0.5545717379932327,0.5960448444054883,-0.1749537276273931,0.2537862915269042,-0.3323919633426953,0.5302736339698719,-0.0904700067876323,-0.0616517285074011,-0.2166341179302854,0.4780763630766224,-0.5706137283159817,0.0574878260354441,0.0147883106016194,-0.2574754957660258,-0.1273446233645886,-0.2381460596268866,-0.2908725433390287,-0.2762563776571939,-0.1318404665712166,,-0.2428876581120551,0.0140716425732825,-0.3406807267254004,-0.0821340302520407,-0.2134564932135956,,0.0613404693708068,-0.0856620026073497,-0.0849719977361431,0.3280389748267735,-0.1981851366142794,0.0219381758765748,-0.3061349187173301,0.2359708159870825,-0.2025267181653721,-0.0656472655000168,-0.4545055984338217,-0.4346270386959951,-0.3868997303321154,-0.3715511853519256,-0.2893042414919746,-0.2435179723646715,0.360641186667863,0.383013702049332,0.5053224710402778,-0.1434319060166089,-0.1484110905860466,0.4823815706101245,0.4803479487361004,-0.207813929478355,-0.1837630475445912,0.4219945461113839,0.2401512483588606,0.5119733620925171,0.3952733047957502,-0.2292725643761754,-0.0941548949099693,0.5532047029904169,0.4893993990197453,-0.2188520031782814,-0.2206274964632232
PANAS_Q12,-0.0341500897376577,-0.0830910987872292,0.0573701950721222,0.1815852887656723,0.2532632677092132,-0.1159858736720533,-0.1270132274646094,0.3987279214937061,0.2476056662884377,-0.0694956670326989,,-0.152102838109127,0.3262351707766601,0.1001799703812003,0.0609849771346881,0.2055958556650859,-0.1568253685019516,0.0466054195411977,0.3464008638049111,0.1853853348686602,0.0705387224193013,-0.1457217566299814,0.2307371551944379,-0.0684241343804046,0.054512326999095,0.2633424221340587,-0.0719875152344148,0.3609175294960756,0.1846503165257791,0.0636406112334712,0.1290257858275831,0.0152830848401792,0.3468402568274651,0.0025016709068816,0.0752736661448473,0.2404174325308405,0.1327144692833488,0.2292180105338607,0.0366692659607803,1.0,0.0508183581272688,0.1044116564735604,-0.0255590205127077,0.3641043566410002,0.195740230124311,-0.0068467866652411,0.2432149035987701,0.0717311343067969,0.1678971562012675,0.1473614686079128,0.1566337887114098,0.0862080358970487,-0.1319122410770271,0.1589737767781031,-0.05143955079075,0.2997042892807545,0.2312335555158675,0.3267757741856907,-0.0726018427379783,0.3633024512768763,-0.0350502870449336,0.2143500090769575,-0.0551787296307031,0.0866979388922534,-0.1655000299827992,0.3428666109138329,0.3012822753292564,-0.156770028772437,0.1113998271712593,0.1060978852840656,0.309372673474687,0.124130479552156,,0.2853635024649267,0.054512326999095,0.3395909611693484,0.1862070941628128,0.3060395754399151,,0.3696637082744948,0.1329420842058943,0.2737672750894348,-0.0530020776192079,0.2827893345096691,0.320751039553752,0.3094553075921948,0.3520869215387631,0.2354156492928859,0.1999670007082583,0.1908431710358806,0.1560703010420445,0.1969685310182272,0.2105049465040241,0.1973703629753961,0.3352563420740465,-0.0328687537347445,0.0048585978813859,-0.0262184698591145,0.2030662463287822,0.3439004775672943,0.0010890924961563,0.0786963798947595,0.2911616155921082,0.1938327116134219,-0.0238940253022279,-0.0880783033040272,-0.0573685486388695,-0.0632314018423116,0.2664299126517837,0.2424839876486471,-0.0530193098355988,0.0967292160903018,0.2978880416753836,0.3572164126573812
PANAS_Q13,0.3444788446017965,-0.1083514013137972,0.2836524143722644,0.2922384002690444,0.123791084829874,0.3283221331469818,-0.0254889496109515,-0.0744291475283088,0.0429277454003891,0.4351038612754327,,0.1990226785962728,-0.3006594327727607,-0.4590064505802161,0.2202053144826057,0.3008545208953722,0.3019970086223519,0.2673427722710481,-0.2274035438888604,0.0052434488536487,-0.1509842004130343,0.2163366768089392,-0.0887998803943611,0.3428705562679742,0.0105376007006798,0.0319928344075491,0.4238948628882575,-0.0997343859302273,-0.0048854542944089,0.2984953132456978,0.0642411265763436,0.273425412249257,-0.1076590344495367,0.5733084009470866,0.4079057887378585,0.22512132292655,-0.0539423362021636,-0.0575014217939897,0.248082521054498,0.0508183581272688,1.0,-0.0701816136139133,0.3065862614733157,-0.1201014526965703,-0.1351789489301821,0.3290250003766908,-0.072075505554903,0.4286295905528248,-0.3484875957926806,-0.3214436363977382,-0.3397517997869798,-0.2961485844754744,0.3407595506146355,-0.3424701760191771,0.3502989635283172,-0.2043756050971326,0.3115884985743048,-0.20316664100633,0.3599306393573954,-0.1479828257611455,-0.0149299893901896,-0.0859444180782914,0.4131577479131175,-0.3631580127839127,0.3053722283241409,-0.0626651252204382,-0.1652523018544368,-0.1151718340032097,-0.1394228680091712,-0.1231619574743463,-0.2385370058350511,-0.078781110000321,,-0.3145085595657847,0.0105376007006798,-0.2508512484221361,-0.113108390586148,-0.0724435599895731,,0.0092324588051439,-0.0889562439994937,-0.1069918242286173,0.3874615916670113,-0.0698717246980445,-0.055466803183362,-0.2187044253554287,0.0556881587821915,-0.2283857496110294,-0.014645833670874,-0.319970793636963,-0.3481338681466069,-0.2944502701118291,-0.2825379780901104,-0.2312061304534102,-0.1511012206967004,0.3909545635305115,0.3989738470359442,0.4312059696205524,-0.0955391218882565,-0.0783062708832394,0.3828372888966478,0.4598808024389174,-0.1172044091692167,-0.1597647493613004,0.44306241433715,0.177380293373159,0.4052711935529361,0.3020629632111905,-0.1396322556245167,-0.1182544329462166,0.4234651962476961,0.3741506727804667,-0.1484785454416694,-0.1367202883354683
PANAS_Q14,0.0240830034820501,0.2221325782133556,-0.1988921448775441,-0.1786759532181723,0.3102487402022272,-0.1540661822885976,-0.3417607262521179,0.2853623588519211,0.2658551492215389,-0.109327054116859,,-0.3510889686771044,0.2401257646914303,0.1679552632620412,-0.1758001449594927,0.2258594013069352,-0.1745665354171731,-0.1615320847280138,0.333234889187338,0.6367175689666434,0.256445063811361,0.0161399444143444,0.4077141357585913,-0.1885434918805055,-0.0544807084432809,0.3507176190222558,-0.2115397284211747,0.3729727207401537,0.331055245617986,-0.0943860577997455,0.3841401339404746,-0.0529865488613616,0.3284869755789197,0.058101829581077,0.0075484032270871,-0.0720995412010165,0.4662379826117537,0.2422936910016123,-0.0555832701383093,0.1044116564735604,-0.0701816136139133,1.0,-0.0917249035506965,0.143537654748978,0.229938728342623,-0.0849865654573388,0.408655768439518,0.009340112441606,0.3258597698260685,0.3400756869036713,0.312581314454194,0.2276203970878564,-0.2704791087559891,0.2522391615666929,-0.1567704570693958,0.4603650238110665,-0.0944545541293521,0.2339103678921929,-0.1731918191735167,0.3229875971927416,-0.0099289919540547,0.312798438044616,-0.2658479874288793,0.1709811435432798,-0.2516729197085939,0.4428686242217079,0.2076491106899218,-0.0613197266700723,0.4063405450368603,0.1630150732714635,0.3611910639290028,0.1159693088439963,,0.3722768265115993,0.0684964923581499,0.3906318069361957,0.254781615940297,0.4223682002489898,,0.3600847911880203,0.3697580129257046,0.4378597234464449,-0.2100460726470128,0.2712450923764645,0.3350687930869099,0.344947650111096,0.1822154526427131,0.3152149054298669,0.1274470600228174,0.3657723275181674,0.319923537213074,0.4133498216895097,0.3781061377514755,0.2961660855863198,0.3213586784408427,-0.2274095005456307,-0.2345933993400234,-0.1604267847651189,0.4098627657026956,0.4377450047209289,-0.2019154308463019,-0.1168521894827054,0.3761567505410153,0.396117976933182,-0.1717231665837327,-0.2556105724055156,-0.1930127204915023,-0.228622534909993,0.450804604435422,0.3593142604238717,-0.132562243420387,-0.0860127589891818,0.3812811948277322,0.3327203279374911
PANAS_Q15,0.4547848118763705,-0.2287534954340557,0.3190804688197599,0.1703329365564599,0.2047946828552672,0.7367832466349745,-0.0926847962316074,-0.2429277991205647,0.055079176826393,0.5393044286080582,,0.1397634734157568,-0.4723199722389439,-0.5216666274455418,0.3904082973598605,0.3800593675730462,0.7122971169783869,0.1982139836091352,-0.301516764711626,-0.0111702986180621,-0.2232140738752278,0.1412445848456636,-0.070799190882861,0.656446620310302,0.0168758883147664,-3.4694469519536136e-17,0.6559275482007423,-0.177298664090798,-0.0733050332791301,0.4211770339139714,-0.0037013233372897,0.4528781381411694,-0.3097349052468098,0.3234438547830625,0.3432083438028733,0.1445664840385349,-0.0477955587627762,-0.1468056345494645,0.4854659675033764,-0.033707879039304,0.2942535262269003,-0.10235211745614,0.987857078147477,-0.1332227797032842,-0.1028986508502076,0.6335430304730449,-0.1076799797230804,0.5201760492111074,-0.6492268397055615,-0.6900684188280879,-0.6415261625217752,-0.6956708457161802,0.6781216962793348,-0.6677550324190862,0.667640292395896,-0.2896251696956194,0.2691634116971342,-0.3808774133885241,0.7009218823346878,-0.2390374660820003,-0.069074101156675,-0.2389722391207905,0.4200771679468143,-0.6751134969674302,0.0590924409463541,-0.0162366122279936,-0.2788057112891782,-0.0874071034437516,-0.1436475231075944,-0.3251132919856717,-0.3465758833951174,-0.0806292441705509,,-0.4305608686511035,-0.0468774675410179,-0.4310162113374088,-0.0885281611003621,-0.2759774993089893,,0.00919999943604,-0.0142331574937888,-0.1188620574394806,0.3175179695481896,-0.1388817895961398,-0.0086259487719549,-0.3979834282403587,0.1570245989975454,-0.2929240820190698,-0.0766202956189583,-0.5753658545089514,-0.5855064463544181,-0.4393335608084489,-0.4362208766365206,-0.325458438237692,-0.2992211344773371,0.3699916808421722,0.3573257543501824,0.5196889411766353,-0.1437376505776661,-0.1986829228325242,0.5338221300214798,0.4699105151450991,-0.2323449435675358,-0.2000353025287833,0.4809345087065838,0.2414308708944461,0.5388399278161033,0.4136467175232539,-0.2385719847408313,-0.1343183451632982,0.5834474954263917,0.4842899661203153,-0.2718363647718317,-0.2797110161023401
PANAS_Q16,-0.1799478186135382,-0.0609607391153325,-0.1311931338578243,0.0858668171316906,0.1693663811120667,-0.2482285612371707,-0.079146116691087,0.4454380123912351,0.2678021282968126,-0.1625402003774643,,-0.1796085899502928,0.321002362614792,0.2276780337820205,0.1804739771931187,0.0770336758899352,-0.3000183373643468,-0.0487830392695525,0.5364993204202806,0.2038929969292374,0.1849518083514132,-0.2267912908076275,0.2201960082867075,-0.1555416793331814,-0.0684457220821481,0.1352721937448691,-0.204032695177863,0.2391991784682525,0.0886126367513769,-0.1387199501674814,0.0779418603292967,-0.083051364133494,0.2593485749854784,-0.1647138738283679,-0.0108310170541791,0.0995785108561186,0.1550912383125298,0.2636842387146949,-0.0033505698971582,0.3498231902649337,-0.1351085136766539,0.1299879210563763,-0.1380390427447897,0.9930287739464416,0.3433927232695578,-0.1246174572198248,0.3022195142189587,-0.0224407738996773,0.2363623670586197,0.21872679898587,0.1778996980527952,0.1615320652181209,-0.2344899652106064,0.2193939176651633,-0.1640600102459067,0.3356467915409487,0.0999268169157299,0.5540468788751676,-0.2157320717543777,0.2682919334166903,-0.0290310187488988,0.164625156069896,-0.1357579216684297,0.1730283852209938,-0.1313139847736676,0.3339624254845315,0.4097881285450207,0.0079353084043295,0.113393944643009,0.2875322874969032,0.4251356996985295,0.1277362838857924,,0.4455235972872228,0.1094259633287846,0.4085532281769387,0.2561764081840017,0.3683983078687889,,0.2247017120861932,0.0337325496121183,0.2780288806591916,-0.1888756911977591,0.2363626819422943,0.4066644039539772,0.4187379282223114,0.3620312795294851,0.3373981787386768,0.1402366045637273,0.2261318404993937,0.292344996744387,0.2841714228596345,0.3637886466401475,0.2804433979597273,0.2900872600344909,-0.182194355873297,-0.1624152129895458,-0.1585014507502805,0.2774070288288183,0.2840451348106548,-0.0510649754560511,-0.0229151213735477,0.3316250514116398,0.2506301694726787,-0.1341805940842208,-0.1739382271129376,-0.1528271404155194,-0.2002010392279623,0.2089172786429134,0.2196343046858664,-0.2056250045635883,0.012295107996205,0.3014011896714356,0.3779119579174046
PANAS_Q17,-0.1190975484677734,0.1828921846806454,-0.2381860256299041,-0.1410896495143325,0.3174576293852834,-0.2108560237545153,-0.291662119668706,0.4271714941998537,0.3451425751305462,-0.2571041925388886,,-0.3136941708063095,0.3762059319325807,0.1973963955778881,-0.1176085233524786,0.0712908725641644,-0.3213278427211035,-0.1649117957775803,0.5419652849250947,0.3805282091742406,0.2963603216634556,-0.1133447106273211,0.4695476529876665,-0.2952380952380952,0.0920435956259051,0.3390663451222456,-0.3106188921715815,0.2407665485980558,0.3293507684242323,-0.1371696957619678,0.3033902770436356,-0.1481197095901182,0.361246441462812,-0.0565158497096493,-0.1127441927145487,-0.1317047998488356,0.3830922274328167,0.2724189882314105,-0.1714802153792857,0.195740230124311,-0.1351789489301821,0.229938728342623,-0.1015605784007898,0.3403753032654392,1.0,-0.1379756523978588,0.5121858427357,-0.1269051953655322,0.3743342887145224,0.338856691082348,0.3731245010778263,0.3336730343472234,-0.2988595222174988,0.3509765761290611,-0.1852657614618847,0.4727692505396221,-0.1367029545757465,0.4846867556762345,-0.235505504062074,0.4053547562309372,0.066654067844544,0.2089561752954026,-0.3389739579705355,0.2529256898948983,-0.2627185696630945,0.4801751321031301,0.4009140764066218,-0.0908059608805326,0.4327130413546555,0.2266256637688102,0.4925772433126932,0.1165885544594799,,0.4540285775184569,-0.0470445044310182,0.5227711602958431,0.3422014205758256,0.4897660066824747,,0.3146170646300211,0.2033398615906411,0.4705023040378359,-0.2092420363668982,0.2984478531100673,0.4282639664265577,0.5020210918520729,0.2128392097001684,0.4543365093406591,0.2017224079136758,0.4447772376954055,0.4020591954024953,0.4369868756840271,0.4986143634740984,0.3403797220119946,0.488650699702617,-0.2744976946176642,-0.3147304222368148,-0.1927652437487738,0.5684334880176557,0.4260064336151294,-0.2099827531000943,-0.1309505222528798,0.5481674446485321,0.5239317573625308,-0.2517048347062636,-0.2414702911478043,-0.2477165498938499,-0.3474486707982611,0.3999322545865225,0.4831075628804295,-0.2136402167364593,-0.0855162416727811,0.4624917453426225,0.5460113420085477
PANAS_Q18,0.5290187203097514,-0.2027436471518163,0.3822161017213875,0.1683530796056363,0.2026301027536474,0.8403227983614131,-0.0860177660410488,-0.218264289169936,0.0813408640975063,0.6148970197582997,,0.2304074798327951,-0.5126009420785284,-0.6125666270489958,0.4202473119917468,0.4426779494180497,0.6896110851156227,0.2687361056136591,-0.3080948228646096,-0.0238826704948512,-0.1853481644143357,0.1657293382978916,-0.1208185378338367,0.7650030420525451,0.0543207560640172,0.0027818052958821,0.755162986684887,-0.1174507819142257,-0.0337548307918808,0.4713422781468415,-0.0052905370799209,0.5401491642405629,-0.2532310818956135,0.3648441063520988,0.3285896245416111,0.15794782570315,-0.084377656658722,-0.0605384119943678,0.5343601590373739,-0.0068467866652411,0.3290250003766908,-0.0849865654573388,0.646895441637576,-0.1168907589535449,-0.1379756523978588,0.9999999999999996,-0.0773634732864069,0.5886915293770061,-0.6479384027804904,-0.6408920328762182,-0.6003278978977197,-0.6329068935155631,0.7179517739626156,-0.6774559314650537,0.9171125872155004,-0.2850924108015782,0.2670566221799674,-0.4030603967365729,0.8912904489758986,-0.1973172311916988,-0.0349271109371872,-0.1665230671162799,0.4800810487497343,-0.6914320378715269,0.0213372277045638,-0.0065905989255335,-0.2428837785350934,-0.064017869199712,-0.1290589375582207,-0.3359214442405256,-0.3523329713703751,-0.1136590920054335,,-0.4007605339783081,0.1136590920054335,-0.3909982025139473,-0.0586817715878981,-0.2230715492058042,,0.0772265194671315,-0.0055553986159352,-0.1498822129364401,0.3686233942788763,-0.0807900048611041,-0.0157417677473018,-0.4258714912464017,0.1901235482389212,-0.3135765352405832,-0.0741962795797123,-0.5520459900611745,-0.5633478571706465,-0.4960316794913387,-0.4944775812344025,-0.3253656730785059,-0.3077834120537158,0.4678499292777487,0.4877027970965162,0.6227984054371053,-0.1599286164284844,-0.1437266069539122,0.678685350037967,0.5662204446194008,-0.2239389948017691,-0.2335253704474557,0.5509646794083789,0.3091240974211499,0.640861196378524,0.4871667516855092,-0.2410680514372478,-0.1405289685419423,0.6682942774205909,0.5661386259054464,-0.2782942730195893,-0.2787320362077987
PANAS_Q19,-0.0355806924155095,0.2160043411579454,-0.1835256750824142,-0.1550253311933671,0.4348562272529194,-0.1905620304380057,-0.4737489750840337,0.4651963362945377,0.401056264827897,-0.2062216851112799,,-0.4278097722214004,0.3778684026361471,0.1326388453261843,-0.1454181720661091,0.1759464242882098,-0.2967774105508541,-0.195755049300389,0.5077422541492449,0.585523125737109,0.3380003145768438,-0.0919168482662236,0.5385773527804442,-0.1894159535054845,0.0235450182649926,0.4692540062724558,-0.210875663209715,0.3362141610319463,0.4679535474273223,-0.0875007932286364,0.4739111283601708,-0.1001056506810178,0.4330923798854822,-0.0133813486011391,0.0175467210299828,-0.0849630447605744,0.5328900402736692,0.2193143072856694,-0.0438651355994378,0.2432149035987701,-0.072075505554903,0.408655768439518,-0.1018529236717181,0.3075202558465449,0.5121858427357,-0.0773634732864069,1.0,-0.0336836592910809,0.4145510974003017,0.3605728903340817,0.4004145941379782,0.2922336226557241,-0.3047099377805686,0.3477013492039343,-0.1294140788414124,0.5788944841087887,-0.084394034903242,0.4152640320395376,-0.1963780870718647,0.5169280081683223,0.0674598966363246,0.3083610147049004,-0.3405666748994042,0.1864767443285931,-0.3285318261572748,0.655127902003841,0.4435615898276188,-0.1851305688779271,0.5030522494453348,0.1632937698969457,0.5471050157963926,0.1187715365811851,,0.4670877725446454,-0.0476132591580962,0.5323823665825828,0.4019567154058527,0.5689527851849234,,0.499437813552998,0.3612859346763432,0.6087309185351144,-0.3261682921756672,0.3728058863248409,0.5280874938436544,0.4909758726583818,0.2819875047863551,0.4694273177708756,0.1827742589628606,0.4498838496621162,0.5187034163720101,0.5319926703893627,0.5442041878070858,0.5141506097213634,0.5849961868574062,-0.1396989224196206,-0.1673657278795924,-0.1656566061477392,0.6784079321084704,0.5194517943503488,-0.2307107547282033,-0.060086996057071,0.5863592252680071,0.5932672540452603,-0.1250617719370247,-0.2462002863476992,-0.2367601670972014,-0.2320357190017222,0.4790499182272725,0.5374402610220287,-0.1890401403106001,-0.041679569918721,0.5395163503679967,0.5795666173998121
PANAS_Q20,0.3675281900282033,-0.2649961326560445,0.4080468295275789,0.2145763645151904,0.2404495482400375,0.589482748670182,-0.0649566533956183,-0.1176676294425798,0.0728711922710889,0.4996290599817878,,0.2397935542505399,-0.4632523643333655,-0.5269430443785014,0.3247763597510564,0.4375366069707134,0.5314515385876307,0.2361986561177484,-0.2295437115992479,0.0187473824667341,-0.1367856420093111,0.1552031976622968,-0.1145649342520411,0.6267488221559233,0.0106367734416973,0.0236822147734745,0.6360648759249022,-0.0785184381698917,-0.0513627700688594,0.451104073887363,0.0065702712329255,0.4366100857109465,-0.1589281589038138,0.3621302156242591,0.5364824962109707,0.2272400119232465,-0.0724128930276068,-0.0493297917380221,0.3999485595594008,0.0717311343067969,0.4286295905528248,0.009340112441606,0.5418816872961358,-0.0074125931874109,-0.1269051953655322,0.5886915293770061,-0.0336836592910809,1.0,-0.5266487465606939,-0.4543359592633154,-0.5195819390098557,-0.4713923640565681,0.5483328675918243,-0.5216067112004821,0.5918050183626085,-0.2379657207405441,0.3198372455331253,-0.3178696928064285,0.628905074481873,-0.1261848165675062,-0.0150705003103929,-0.1448164798188744,0.3627702509117771,-0.5822867505021115,0.0833733748025858,0.0361595732047021,-0.2024957865871023,-0.0703830768187981,-0.1137646649817619,-0.1825831902534742,-0.2705648970667664,-0.0795225443022136,,-0.3227357587989108,0.0795225443022137,-0.3053200442154906,-0.0974945730413604,-0.1134540095190568,,0.1022643168492099,0.0367111300643472,-0.1079987586130764,0.3396083230061739,-0.108795212105118,-0.0016643525286496,-0.3511262813321567,0.1132248259349543,-0.2400331260094148,-0.0782756438542029,-0.4856694423036707,-0.480704355336271,-0.4092123031208726,-0.3864869333082755,-0.2847412499782709,-0.2518747471425288,0.4807301626898085,0.4638799337352283,0.5460488339073082,-0.1509568188401907,-0.0999574000179121,0.5422075723744033,0.5328497240926808,-0.1575700592619391,-0.2181093189210549,0.5600077078953856,0.202087288301758,0.524848137659516,0.4495167087769608,-0.2088002118748792,-0.1646377521340164,0.4877860862453204,0.5225255230344541,-0.1307995318246261,-0.1855434009138232
POM_Q1,0.1394640994143898,0.3830048713434218,-0.6546953592147795,-0.5045812494054134,0.6335905186794994,-0.6434174904646582,-0.4843566116154693,0.088874323281398,0.68120849425123,-0.6523141843020633,0.1692724534860402,-0.5632712311834954,0.6623071194316045,0.092403302133577,-0.2959935283795881,0.3433445442833345,-0.6907674935797494,-0.3527677609300747,0.6288239813403671,0.6752431964775661,0.5949226609835029,0.6797399788883568,0.6670817970307592,-0.7070397850896372,0.3069057321908172,0.5968371367934089,-0.4222934890682879,0.2165739427766124,0.6693999550893687,-0.1640794131959538,0.079947099035897,-0.5524007206894173,0.6684444189860831,-0.5153584090291015,-0.5558285829841838,-0.3502037570424258,0.5904938600109473,0.2434556004321138,-0.5505262026712745,,-0.5194288635075143,0.6849833021157109,-0.6795779864246845,0.6110353852617798,0.6336347560778665,-0.5742933142834974,0.7213326268142239,-0.3734303508450721,1.0,0.8420162447581447,0.7673110021539069,0.5786414970645032,-0.5339532671229744,0.6717840549976428,-0.5440599015651388,0.379729997891479,0.0512442707111794,0.6358739973810164,-0.659343134345369,0.3233798685979251,0.322824188490381,0.7598677784663608,-0.5134496501431439,0.7211879411567259,-0.4226930445518641,0.5333902807028478,0.5707127804809499,-0.2893670506695432,0.6925946152104698,-0.1575572086532533,0.7328132185782233,,0.2932852816023089,0.7519858944596058,-0.1789485338578486,0.3765938349394322,0.7970047703370673,0.4301659105379452,0.1424906438874843,0.0099957204358436,0.529594449528727,0.655004546919288,-0.0731438914009552,0.748859730261315,0.8027689259933988,,-0.2815670972312154,0.69745262423292,0.2077312260247775,0.800582049494249,0.7947788902967767,0.8344574244159222,0.6929859144038144,0.5682388473178284,0.6957374071652309,-0.4123457689661695,-0.4080220279885319,-0.0069189876793615,0.7092156833837117,0.6245531994115135,-0.510202247756621,-0.4899353158840756,0.6737178527193393,0.7094613237918088,-0.6624938800303726,-0.6324523114689411,-0.548690502234989,-0.7216706209971231,0.5759664715281978,0.6635163213233313,-0.5231492290720908,-0.5209722174432816,0.6758594908458456,0.7072205577039832
POM_Q2,0.1242568723848872,0.4062940168949019,-0.6931812251069845,-0.5400525983612361,0.6714461589386145,-0.6512631670223565,-0.4639078628627104,0.1343112706633903,0.6399907515450604,-0.7089219514841243,0.1703204633393273,-0.5620476415243201,0.6351591297530018,0.1097667332360097,-0.3007044414471557,0.307456791811085,-0.7452354586050847,-0.3907799922517212,0.6021850308157957,0.7150755800616868,0.5806281339217167,0.647068750504211,0.6404137128702521,-0.7442168148923332,0.3122947625307719,0.64467091263951,-0.488747225650373,0.2424469535321756,0.6681942760388095,-0.1528587766434673,0.1308434735566351,-0.4991705400626522,0.6353107343427432,-0.4940490235811042,-0.5196744610817531,-0.4077708811634869,0.5815035712157306,0.2193472883005542,-0.597406669991764,,-0.4881017547622758,0.707101152834206,-0.7433482181394719,0.6344030549590514,0.6334818931924517,-0.6316580996026268,0.7228522907521466,-0.347716598466489,0.8420162447581447,0.9999999999999994,0.7954003135900753,0.6788336812008513,-0.5396572132170594,0.6862744627611153,-0.6053334637054815,0.456357955769696,0.0498796358984606,0.6760637614494042,-0.6740814540482194,0.4360909381923786,0.4326378309196164,0.7213299242313396,-0.5355533530346985,0.7754211054016208,-0.4015685545657003,0.502169395866761,0.4989738707410976,-0.2135692882650528,0.6608084743537219,-0.0498660998754249,0.7475141874530618,,0.2956778191477202,0.745143494531229,-0.1391534996122762,0.3636805594962539,0.7663590160013917,0.4466534767571519,0.1064379186677015,0.0020222637458661,0.5627277483145532,0.6358453013764903,-0.0803445160853254,0.7214561585044938,0.7463559151561812,,-0.2606092134958941,0.7260268591068517,0.2110373920500259,0.7825096928377216,0.7408908954714608,0.8404791305954478,0.6549269798997022,0.6041804328589264,0.7291187142915219,-0.4385551580927974,-0.4509518242485809,-0.0127553782531675,0.7223167442997387,0.6764517951710801,-0.5746828788973526,-0.5451865543411993,0.7045046333801861,0.7235698714654003,-0.6802217785176642,-0.6360712955043462,-0.6012126022701423,-0.7065847531916465,0.6687989467967783,0.6874610070971167,-0.5695397919486331,-0.5572449663288594,0.7137479874712003,0.7247495653283069
POM_Q3,0.1180404753406381,0.462369627433813,-0.6450615722065437,-0.5258245655530158,0.6943585194364703,-0.625926665519507,-0.542340011832859,0.1334485868608109,0.6541140755975757,-0.599343315718945,0.1690981172347901,-0.5470966933503626,0.612224290680508,0.1364278413061718,-0.2995000322644173,0.3461335704560655,-0.7200910318601859,-0.3575070721704748,0.6471806749660756,0.7515439175034218,0.5945736460183533,0.7126712852260555,0.6529985379818968,-0.7068389843350997,0.4020428408058877,0.6816478034784496,-0.4634415543903531,0.2677184163455878,0.707689258516946,-0.1477074785079157,0.2430773910461865,-0.4707673258407653,0.6020561393130013,-0.4329438743703669,-0.5164279548736234,-0.3785393544774557,0.6058458180038526,0.2092859695940637,-0.5596849500532022,,-0.432674700316772,0.7285801452637041,-0.6927639197156701,0.6308903662088872,0.6548883250061257,-0.6029538142444729,0.760966822238639,-0.3747466374920645,0.7673110021539069,0.7954003135900753,1.0,0.726681881206654,-0.5511650816412614,0.7096316080131204,-0.5553087777515751,0.4645951539706832,0.0309736238545627,0.6616249226335345,-0.6464375455867266,0.4709993117164877,0.4661113524968818,0.7065297643884147,-0.5259620671125815,0.7570678919241662,-0.317582851787158,0.4998034856252865,0.4883388761754114,-0.1848554005195997,0.6643874497035165,0.0113452154661822,0.7214277807096097,,0.3996292133746496,0.6896089968383663,-0.107085033652632,0.4786236982954968,0.7611065264565093,0.4360161168605594,0.1669208370062319,0.1180404753406381,0.6321197674667978,0.6899613605161894,-0.0510008596197427,0.7213935355477489,0.7206616675948265,,-0.2074783691389531,0.6911370079707727,0.180352742433164,0.7736744237401347,0.7430101600350832,0.867950999980698,0.6548038374169564,0.6155662818942726,0.7534016809502072,-0.4227550264050824,-0.4172178911368198,0.0011017213613226,0.7411766075468758,0.7276129857488807,-0.5472582900057299,-0.5138309438448095,0.7287202276348215,0.7569540198798399,-0.7061088297015756,-0.6251471644498343,-0.5840277210713334,-0.6867130432053715,0.7062486264611308,0.7128754314144834,-0.556625563513271,-0.5579030903087788,0.7377947162095818,0.7404902034795002
POM_Q4,0.1095142903079715,0.4095981445684882,-0.5657562034966567,-0.4947001673487231,0.6384090225845964,-0.6081121704428673,-0.4076326619888629,0.1550446669949187,0.5791446490420629,-0.5642457638879206,0.1300015481068223,-0.4972564684910113,0.5520063398918993,0.1570641023691179,-0.2835401481532117,0.2467088961028415,-0.6963144361543506,-0.3299665959271996,0.6094402516686109,0.6715835315795975,0.5349035121836642,0.6092841931342339,0.6083690434814419,-0.6601540057753862,0.293233828431954,0.6056754153732596,-0.4504308739452604,0.0630024295594121,0.6217260798197481,-0.1099326147193997,0.2376709737306141,-0.3738169618747963,0.548171682066674,-0.4026196546065096,-0.4443367667702906,-0.3460989428209463,0.4962912070187091,0.1959009503729533,-0.572434155285451,,-0.4019918075953053,0.6524724733862906,-0.6720738236947897,0.538655236217308,0.6244398450792145,-0.6105727886888838,0.6967521666328322,-0.2471159642235186,0.5786414970645032,0.6788336812008513,0.726681881206654,0.9999999999999998,-0.507643654308683,0.6832504499949691,-0.5465055747832921,0.4376654487491127,0.0592189129109904,0.6224206658965084,-0.6216221179670424,0.3867311639771417,0.4967555939115479,0.6374129765445893,-0.4533300333655355,0.751969426227137,-0.3167369763517853,0.4759398025846795,0.3488418542698438,-0.204038134255635,0.5532295239647211,0.0186037042019079,0.5987355844570712,,0.3140444119788495,0.570452281012364,-0.0213881586765543,0.3878793768134862,0.6385168823325907,0.3559423558764146,0.0853561331282721,0.0520087170188436,0.514041232035026,0.5310638691190336,-0.0836303999017838,0.6202155593656147,0.6082342974702322,,-0.2214659516026303,0.5799798862102186,0.1267081475154461,0.6597649208299632,0.6420905679440665,0.7367372767183096,0.562344598709747,0.5749150881184946,0.6997885325151512,-0.339881061423516,-0.3990024074853483,0.0268499370200709,0.6757324164752454,0.644972357245329,-0.499281764261446,-0.4487235725476559,0.656290042273487,0.6895035626669936,-0.5962888629422752,-0.5584921863188894,-0.5281021744279215,-0.5537694641493741,0.6628092512135609,0.6579148536020496,-0.4808053012153855,-0.5382453040518004,0.6684742161988673,0.6815842899123674
POM_Q5,-0.0705460934068344,-0.2502118497424742,0.6053115400529616,0.4383440195181083,-0.523264500159234,0.6327191062033224,0.4887916489920531,0.0727035218523539,-0.474871413391714,0.53461419574655,0.0312980463585934,0.4790151072063832,-0.4538515641220378,-0.122642812630784,0.2317721831092904,-0.1807549427409411,0.6736006462981876,0.3343712507545661,-0.5254525187356216,-0.5328707839687024,-0.439440213965466,-0.4636676165498649,-0.4907325788908175,0.534531650970014,-0.1674477446252142,-0.4876437545548592,0.4020131806376363,-0.0748216142193699,-0.5438811324215096,0.1000312440911071,-0.2082652999072452,0.4505555299364588,-0.4352790664601985,0.4268427840065671,0.3816790902219572,0.3160950403713671,-0.3352989431291094,-0.1342787150223526,0.5308771675564818,,0.3854836171310604,-0.5530624632867966,0.5747829406667369,-0.375651797082089,-0.5134576193488598,0.5625967571171702,-0.570796647312164,0.2679537464013097,-0.5339532671229744,-0.5396572132170594,-0.5511650816412614,-0.507643654308683,1.0,-0.5934663398990877,0.5906908090036487,-0.2821875185404451,-0.0165200533996916,-0.4263889246201396,0.6452211294167182,-0.3405266175697339,-0.2221873225187411,-0.4960981109017813,0.4882010085709889,-0.5885727617937211,0.3652862891530605,-0.3408194497340235,-0.1235909105412585,0.4151007204499134,-0.4737544287780635,0.106838860078171,-0.4768764730429448,,-0.2148330009169261,-0.3887995334893424,0.1427171102473914,-0.3046969229312838,-0.5489227041590697,-0.104855666832707,-0.1144239261663054,-0.0705460934068344,-0.4485179834399735,-0.3921425837539161,0.2069833901719812,-0.4487006961693385,-0.4771220509858911,,0.2751144578633506,-0.4351956517716397,-0.0773889186572248,-0.5188361640171724,-0.5107052578378495,-0.5319185865574919,-0.4455839337012794,-0.3717504341599049,-0.5166581692850567,0.3566282433687987,0.3600115926628088,-0.0221339007379931,-0.5460545840529958,-0.4629491565552655,0.3718505741185439,0.37398217490749,-0.5457647996671557,-0.5232618583926338,0.5323873665239667,0.4278501513520178,0.4614011603882679,0.4652829973400413,-0.4583117993936649,-0.5333305255505397,0.3009010443517724,0.3245221115259538,-0.4902589249691039,-0.5205051382296397
POM_Q6,0.0609253355812575,0.4012973439647742,-0.6236993229011769,-0.4558872353797497,0.6672355825586845,-0.6535938666212753,-0.4414648815298768,0.1112859477503971,0.6115378345826752,-0.5829949972405676,0.186693924084239,-0.5470198216736029,0.5928299108931647,0.1431389366595634,-0.3085821084988416,0.2819474107039292,-0.7280746759951848,-0.3923230664002026,0.6218841505326209,0.6677917757251042,0.5832783331320618,0.6785169472661136,0.6282091040038995,-0.6672879716840379,0.2666257691854024,0.6162906956329179,-0.4882716861255227,0.1317687490478361,0.6630143717544192,-0.1235748137496317,0.2270287458657244,-0.4056198687928971,0.6005655539652452,-0.381045398742878,-0.4982543237229649,-0.3897978617666625,0.5729076273933011,0.1773257701875391,-0.6015392952351035,,-0.3658452432468063,0.676360301066296,-0.7032858472920507,0.6041087135756598,0.6794561315325998,-0.6558708224146397,0.7616460364107382,-0.3338782496136948,0.6717840549976428,0.6862744627611153,0.7096316080131204,0.6832504499949691,-0.5934663398990877,1.0,-0.5945651884236546,0.4753825168127741,0.0646452027766927,0.7350340322442208,-0.6921817160196491,0.4209127398722365,0.4336871172605402,0.7123758712979288,-0.5061680493810569,0.839731407939856,-0.3195896725482534,0.5089955029364548,0.4048718547615567,-0.1996482695115072,0.61123010230329,0.0417308777485799,0.6602300181116354,,0.2942032897590796,0.6230693560777674,-0.076188754033144,0.3868105332066327,0.6996405004563759,0.3430847381148663,0.1554680501202066,0.0609253355812575,0.5338514679608557,0.64917504477817,-0.0512144851035202,0.6702125600872304,0.6777822922126145,,-0.2284124531725811,0.6356077817802074,0.1681236190606929,0.7219687145491283,0.6916755191513845,0.7009160371364005,0.6077236061861552,0.5685572765689024,0.671635236823077,-0.3357737100282342,-0.4288624511641032,0.0252207380959677,0.6640613411627116,0.658755550955308,-0.5203594455279872,-0.48790336106518,0.67000385600589,0.6706026115695103,-0.6305861704115825,-0.5784326521765928,-0.5731018208915236,-0.6179002951722558,0.6429159751288027,0.6475622022104865,-0.5211978767491334,-0.4893855391432969,0.6913502048424675,0.660275350799517
POM_Q7,0.0236481094597877,-0.2375151824415653,0.6314511043651646,0.6158545154499686,-0.5260590708543313,0.7936695256187531,0.452506477362738,0.0688809609373198,-0.4533034039911441,0.6846500544195693,-0.0711642605613383,0.5919845677670712,-0.4952028633409452,-0.0513046981399347,0.3724434812921848,-0.1862367743195838,0.7384150932533662,0.4172147104504466,-0.4849700484544647,-0.5935387659852019,-0.5031079739007631,-0.4914669452912423,-0.4956834153729321,0.6982231158972176,-0.1988232118176327,-0.4560604558152696,0.5024906155115226,-0.1033871892911384,-0.531475847565162,0.2436704918649693,-0.0388996221273735,0.5373071976909083,-0.4863840328380295,0.5066366601351414,0.4345396825001296,0.4013064942449981,-0.3349289713551439,-0.0794713726891211,0.8831624261778499,,0.4430410645273203,-0.6281844495169827,0.8002744115467817,-0.4876246645739638,-0.5331951814830291,0.8538061301758889,-0.6050835377228614,0.3437666418902983,-0.5440599015651388,-0.6053334637054815,-0.5553087777515751,-0.5465055747832921,0.5906908090036487,-0.5945651884236546,1.0,-0.258278782399164,0.1809257693010889,-0.4668108675287759,0.9188484711261397,-0.3011803218500869,-0.283966484975733,-0.5551585271944712,0.5429713231056741,-0.649752195280999,0.3700488734389379,-0.4274271294364761,-0.1959893850299004,0.3955196043826949,-0.4388200449334842,0.1377945027620477,-0.5141755824478449,,-0.1798066628189343,-0.4408633370659383,0.11996596227552,-0.2724579005165282,-0.6214328156696638,-0.1292349301022193,-0.1517577086235905,-0.0295112770944459,-0.5409590469735865,-0.4127376499172773,0.2002300455803963,-0.5550424751110541,-0.5067988677510061,,0.33187111490581,-0.4631554996162734,-0.0208321536603347,-0.5467697876866557,-0.5329510256808485,-0.5777495456924988,-0.4729321827371207,-0.4705256168857774,-0.5382872584741945,0.4284302404408064,0.485270861649322,0.1472792069751267,-0.5512913708625162,-0.4887748217753654,0.488466866368633,0.5102856624294596,-0.5134019811513696,-0.5404010702230297,0.5999788282057232,0.4882046185745974,0.5228297926471375,0.5400086645693318,-0.5057282420108548,-0.5111706184866848,0.4095766135586146,0.4539174176730136,-0.5235425964688193,-0.5406795213845694
BigFive_Q1,-0.1237730927611575,0.1062000490279895,-0.2639950439795611,-0.3210782812872911,0.1213506321309367,-0.1779609687948573,-0.6455433046997763,-0.3510786843963276,0.1142110483177138,-0.3031562037274603,0.1285508481964611,-0.2065345656218127,-0.1397727095382357,-0.1100168674809441,-0.1111531643016489,0.1489610289397636,-0.2447201223575492,-0.2090539609557188,0.1861337033605939,0.3796365640037555,0.0275262990751218,0.1356933375157207,0.4121841933200322,-0.2687386142789585,0.113520653797043,0.2759932169533527,-0.2075500212307123,0.0917023542072733,0.6834173586467438,-0.2828928420759213,0.8820384604896601,-0.4233315977924374,0.1508729635528422,-0.1621659359222074,-0.3148922046040954,-0.0936301665256755,0.8954691222149089,0.2012370576221723,-0.3579502558739106,0.2978816048697111,-0.1670613838519842,0.7147968954708769,-0.2497465937227528,0.3218255018352641,0.1740374695976643,-0.2734259310811626,0.7919704664360374,-0.2827874125467607,0.1883416503595666,0.1033994183459892,0.1844090892493594,-0.0666345534257715,-0.2682419289288549,-0.0017559734241407,-0.2272902902670605,1.0,0.1530356683921068,0.07370196169542,-0.1984708361025716,0.2380538129504549,-0.4940485309298704,0.2202144212413756,0.0648055846298343,-0.0783676814269402,-0.2395870227010282,0.0768304557873953,0.1945659423375107,-0.5253129422890637,0.2940142897005691,0.1584868842377544,0.4898232212702217,0.9965769019359888,-0.2289358049025894,0.9175067901608822,-0.3574342223478047,0.9702655417616448,-0.2053277806190269,0.2203092172218781,0.212680381047771,0.3925100122922087,0.2110719204707631,0.4759109085030343,0.1614296560054907,0.0998146675283529,0.3531743159822744,0.9254522203435648,0.2238125200910483,0.331079587033981,-0.1103620839041644,0.1557065427277089,0.119353317793043,0.5697424625326432,0.470981840927624,-0.1076914380677774,0.7269604305162255,-0.5909742150486044,-0.5202017572244735,-0.2958660621636394,0.4639536431876392,0.1032166729265007,-0.6398057803910687,-0.3231349872183688,0.7296359127519255,0.3598842676248759,-0.4525289078201051,-0.3885696908421641,-0.3856116975963337,-0.4698262787660521,0.3368412414940783,0.0484504898401061,-0.7343874036709388,-0.5458943840125392,0.1451970425080768,0.137093001797453
BigFive_Q2,-0.0737273101178155,-0.243533076300697,0.3412636839257369,0.0675009822630134,-0.229684864556177,0.0410507968821636,0.1126426576747805,0.3322454479642082,-0.2333308019837823,-0.0139384505800905,-0.2196293134162319,-0.0983438770871413,-0.2300691903063573,-0.0603790083503022,0.7860534614719201,-0.0011058001726539,0.0532695963590589,0.1202252664732136,-0.0919540862768868,-0.1529060947211196,-0.0877607859101617,-0.2447010395590261,-0.1002069253349068,0.0052543837163699,-0.2028346746245057,-0.1537739952088707,-0.0671145240072099,-0.2752637189799892,0.0649576642536181,0.0637917844896734,0.1143671642739164,-6.605998673706731e-05,-0.0508935522185428,0.1097091235971578,-0.0005544477912478,0.7036654091732126,0.1801680464135584,0.2070434681368089,0.0169134502664519,0.3487621364209655,0.0323139383786659,0.0416849942451193,0.0279023786466121,-0.0400118843989075,-0.1466287024491024,0.0112674573090481,0.1027281751475405,0.0466663104095398,-0.2338905367904968,-0.2163056124217899,-0.2985728236249376,-0.2999499626212677,0.0839997981666103,-0.2955914039882688,0.0553682667702703,0.1530356683921068,0.9999999999999998,-0.0017463124877311,0.0955268757885032,0.0971332094779379,-0.2375899644550655,-0.1863568416344809,0.0947163968811917,-0.2748050927273984,-0.0710408940382288,-0.0947290673905659,-0.1813817955016005,-0.0913415312872107,-0.2406248523981364,0.0112723285832607,0.037350267566155,0.1533777340753008,-0.1402679083308136,0.142169943074131,-0.2850166692569759,0.1669169900280148,-0.3046174140907093,-0.3993145311435702,-0.0277090467668615,0.1259388834815609,-0.0818411465274795,0.2040945559915385,-0.1839743265508526,-0.1615743719563173,0.0967903699942392,0.2345163175634429,0.838538483189345,0.0103095914744689,-0.2684667739892338,-0.0345920728727209,-0.1859158643439092,-0.0418331570241102,-0.066886848814072,-0.2998428071101656,0.084435892178577,-0.01279256211044,-0.016360734966905,0.0699272506371772,0.0416196620865698,-0.083034120799138,-0.0708088287685299,-0.0511535949655688,0.0796586564326324,0.0464061917607113,-0.0043049773333116,-0.2165467041814486,0.0342526902209927,-0.0032497513677842,0.1021171633778162,0.0347035505911235,-0.0794874918579199,-0.0425048330504072,0.0534857351646488,-0.1000620646734957
BigFive_Q3,-0.1662300547141443,-0.1224944406712677,-0.0678523677015763,-0.0996636800714557,-0.1045726083771512,-0.1965605931279261,0.0582628360883531,-0.0474732501300104,-0.1114375802549859,-0.3079379096955057,-0.0971827662767652,-0.0328453327124269,0.1610197562378047,0.1528746737201644,-0.0444288824461965,-0.0869547485470736,-0.267107801096846,0.0649754663347997,0.7125646117952746,0.0248299089590108,0.1501097597868578,-0.124111409896347,-0.0263675836157373,-0.3055853694541929,-0.1068023867501829,-0.0734190723346652,-0.1838151941978475,-0.1096617529841404,0.1502831165756519,-0.0627817483746495,0.0761744212885446,-0.194557866814844,0.572842839452682,-0.0834067258768394,-0.183321603004381,-0.0503284338494411,0.1432043628950455,0.222390435865331,-0.3322952625532033,0.1848452654555319,-0.0463161031779945,0.271820244105285,-0.221940059600079,0.6876972358816682,0.6262116114695121,-0.2498533567972213,0.2669319980083226,-0.2370673458422859,0.3035864782628548,0.2699869307128518,0.2880030698422577,0.2799238779375274,-0.2832857583544693,0.2845000500075516,-0.2950277821288483,0.07370196169542,-0.0017463124877311,1.0,-0.1791777225008909,0.0999982086539302,0.0437601138752513,-0.0719210107187501,-0.4235786766518233,0.2010944921961233,-0.0611523676879274,0.1166133495795649,0.4667387764066298,-0.0660589850924612,0.0131876764948234,0.4203551642884928,0.5554833895885889,0.0741108122489973,0.2174718847429739,0.1911026433960937,0.2929703882499924,0.081762683217428,0.5038220699054228,0.4498305123257653,0.1839600591479197,0.0422413408564764,0.0514640437044122,0.0250687339255965,-0.0611210194504479,0.1733555836187935,0.2759034342192185,0.0937076321009579,-0.0694924769760343,0.6453657951196949,0.495655601625076,0.3469875194711248,0.2047194213873783,0.3956510715143322,0.5980016003448085,0.4811362127921275,0.1363716558124424,-0.1771768864846737,-0.1678974884790229,-0.2516739969089391,0.2538076657310594,0.0786903090658853,-0.0628180499759687,-0.2808351506778936,0.1644217485515473,0.0286362549011687,-0.1451549254679764,0.0503308958536176,-0.2790106231322875,-0.1974436616744331,0.0860061904391994,0.1512615138039109,-0.1292003019555574,-0.0791301792064591,0.0895342674389951,0.3271368219070993
BigFive_Q4,0.2418586040504492,0.0059849028336483,0.2739721519784104,0.2096415427793219,0.0005190533722199,0.8084776222652029,0.2272023450347531,0.2494253997231219,0.0092381054019809,0.7776245428418,0.0202479807691412,0.0779921081645104,-0.3095091768026615,-0.1288098094480279,0.2386581734162431,0.0496678486193811,0.7774786693957108,0.1789685357909372,-0.3371507602654905,-0.1793261845275157,-0.1009165180314805,0.0106520710626503,-0.1489476634065556,0.8049500651374629,0.0171684702506657,-0.0509752988943151,0.2478580392688145,0.0327717198521564,-0.2785865492957056,0.4105080976571613,-0.2272900820338272,0.6434913248827591,-0.2372166292464554,0.2692148140665967,0.7314609221150964,0.2282453115019525,-0.2757032277813644,-0.062205228237273,0.8041030633930939,0.0598406075741961,0.2104970727202343,-0.2732578441346598,0.8704948208251593,-0.2728197126940239,-0.2872341216316368,0.8701063516299425,-0.3256694804488591,0.8372960978451269,-0.6773125012535193,-0.5507698115623395,-0.6032215566403993,-0.4337021342494547,0.8064695992989366,-0.4649472228883913,0.9100823041966326,-0.1984708361025716,0.0955268757885032,-0.1791777225008909,1.0,-0.1823865203325247,0.1753885811301735,0.0386628043662507,0.1325645009151164,-0.3629724614702603,0.1387502253471168,-0.0275150514104861,-0.1074442681925168,-0.0574635164475276,-0.0471972439386694,-0.1305945793965589,-0.2287992081543496,-0.1921717818264018,0.0987929587658952,-0.2585715279075536,0.1255726097841019,-0.2157196068395226,-0.0758997580401912,-0.1806825968008809,-0.0861738466982044,-0.1969787830165889,-0.0852303779515131,-0.1000043005800631,0.0328423060415676,-0.1257663192104112,-0.1753531565242767,-0.1737235031898032,0.1219694672952657,-0.1995247248227661,0.0441699179481296,-0.2142357308578235,-0.3795116355165214,-0.4786184023984591,-0.3650737655167049,-0.1752052741143918,-0.0988863847180564,0.2710505905072981,0.2737055891911935,0.5897127458680738,-0.23617415830729,-0.069204523244556,0.2657503777226127,0.374086239305855,-0.2023853066575251,-0.1644385001923184,0.286120164750183,0.0759183435544157,0.5118687163675819,0.4440317678597939,-0.1057521967535036,0.0144595189623625,0.2218925253912231,0.2542297406833304,-0.0282280089202402,-0.2205002666392683
BigFive_Q5,0.1090321829923226,-0.0357931929524959,-0.1292697954462314,-0.0526670277665747,-0.033623038197653,-0.1126067050388682,-0.3579475228011506,-0.1449441703282253,-0.0226539218821884,-0.1387848066622975,-0.0328499069908829,-0.1460563679402316,-0.0599852794981289,-0.1418252742624353,-0.0581854368586261,0.115639634388025,-0.1204783329161338,-0.0128527211264362,0.142135152853575,0.2470687002232871,-0.0233817586204122,-0.0604298873045643,0.3396868231501547,-0.1315074192327121,-0.0474969595711396,0.2424959741917197,-0.0558227651249944,-0.0448510823580566,0.6497656978500566,-0.2051108379073551,0.3384668701744352,-0.2065113219747969,0.0647577718491348,0.0220179735530934,-0.2107774531900133,-0.0141017918106852,0.4121847498808786,0.190522161801267,-0.222530698657603,0.1163494782649373,-0.1438157889597266,0.3862269269670935,-0.1602566605993361,0.1590855603128314,0.0478804442090251,-0.1648635626857387,0.4013097650541408,-0.1584295027605913,0.0533602571455429,0.0373969527814361,0.0016164759285993,-0.0319826613856931,-0.1230644162789003,-0.005679850561652,-0.2000324207037469,0.2380538129504549,0.0971332094779379,0.0999982086539302,-0.1823865203325247,1.0,-0.2622841028599795,0.0093195887805602,0.064142685597631,-0.0332948872722326,-0.4261508258899049,-0.0726353334990629,0.000122137109191,-0.2035701208478638,0.0539718390769491,-0.0375857784274777,0.2265488836301524,0.235535506994262,-0.4181143860275893,0.2830446590993181,-0.3517685820128302,0.2658187611547006,-0.0905890185514741,-0.0409868156613903,0.0044706762553328,0.8425390166061343,0.1060876213588475,0.7316012869571126,-0.0021980588127898,0.0322661093320812,0.2480986879897003,0.2780837579820192,0.0609574945676477,0.1601026945869191,-0.2009648457301151,0.1008851322855468,-0.0144661984546838,0.3679971203829642,0.3361350940017823,-0.0923013935388225,0.1707613302323641,-0.1430993241929037,-0.2393406876804519,-0.1315070868883164,0.1852154733970578,0.1769322226259225,-0.2390040567304915,-0.1469677031021138,0.2027830818342159,0.0827270382171637,-0.1843439167684443,-0.0856736519805745,-0.1872262917331648,-0.1864505400498418,0.1776594636323185,0.0882822477024338,-0.2645630662818918,-0.1392733152121464,0.0570797458984014,-0.0249004190839768
BigFive_Q6,-0.0178619716386,0.0146988849760865,0.0499757382027292,0.1395514589627442,0.0067986457819524,0.06661723194308,0.3608709567719261,0.1246234598703652,0.0128708911262085,0.1910499449977836,0.0180760143137643,0.2084105520152696,0.2860725030598441,0.0871534460733091,-0.0734567879484397,-0.1173883972636609,0.0720278150163564,0.0393912042294044,0.0531929607517725,-0.2168034022960112,0.0277669361876639,-0.0192646219815516,-0.1718895280826866,0.1455926546568918,0.0206192730935502,-0.1028097504795511,0.1622536476627962,0.0316336957623345,-0.3849422711412503,0.2733804491252164,-0.4551644758966437,0.2892920561515881,0.1178225739565247,0.1193637749423424,0.2149981484321595,-0.0704038207447682,-0.4890261849657983,-0.1079639072055837,0.1768628455665291,-0.2160913358299815,0.1064979957915197,-0.3299458648390461,0.1488865083968747,0.0199272114146048,0.1568436433859077,0.1548588158883548,-0.4123968801967057,0.1746087279420721,0.035210913408474,0.09990899659873,0.082219923268531,0.2681914376439621,0.1272951790448032,0.2216999580087498,0.1536296888051134,-0.5306791433650448,-0.2626791031911955,0.0733819390469216,0.1292077847712115,-0.2158787534356262,0.9424620131933348,-0.0106958015738755,-0.1355299494678219,0.2956519061175802,0.4099262083022883,0.097632532955322,0.098832471532592,0.2559395561825243,-0.0685396080481057,0.1021400693424607,-0.2510161812694052,-0.5310011831896568,0.4857360723850167,-0.4813671124517496,0.4371098239062446,-0.5367673704557983,0.288625151509692,0.0746279356574309,-0.0376669969284725,-0.3057241048309669,-0.0169378971112858,-0.3473538764691367,0.0381123080145863,0.0778536724718828,-0.1479760844516957,-0.4823069612833702,-0.301795431986487,-0.0908218988792053,0.2690190470194758,-0.0210477593613981,0.0518044970828349,-0.3100199117423483,-0.213256477436012,0.1943403724941594,-0.3414586973087679,0.370086544593131,0.3134973959016854,0.2138912055960845,-0.1850836326026817,-0.0172765387534108,0.4992262357039118,0.1800215795660191,-0.3471685554573274,-0.2077329610257751,0.1985661229393005,0.2911127580383686,0.2135110089929908,0.2787811585205798,-0.2227004219666785,0.0357672216151468,0.4181519493271729,0.2725376402211981,-0.1055251608799347,-0.0215248903054352
BigFive_Q7,-0.0865809290249856,0.854946324413213,-0.1671750289328746,-0.4318591463463918,0.8501515685150204,0.0406685778689268,-0.4139948257591056,-0.1293228879627406,0.8527931449162074,0.0338034243642282,0.8533410330262441,-0.0265499397158534,-0.2177792241709484,0.0771001245432075,-0.3338419049702206,0.1328473445642091,0.0380455737941009,-0.4894736336250912,0.032349867304597,0.6474124325355861,0.1870052184578362,0.8498595743590146,0.5118750955206366,0.0196387359794996,0.8397686462497188,0.6734322681547662,0.080561459379753,0.8267620907337716,0.1389135573055673,0.0284736596021536,0.1795831258877876,-0.0771402374855292,0.084799832519506,-0.0647141147543324,0.0422495232130061,-0.3142340987541267,0.1876476970734225,0.0747906261641471,0.0097061967524735,0.0342922835208955,-0.058452831608252,0.236480418063716,0.0243978935769687,0.1045259134791228,0.0866883131180389,-0.002692316244749,0.3152380400987844,0.0481920629794068,0.053486285085662,0.0988653476491571,0.026014716680469,0.0181296871616345,0.0095729367078776,0.0458885609673022,0.0750785055234841,0.2172665200124849,-0.1836694034272903,-0.0647371975806488,0.0455467205346097,0.008478183368206,-0.0591820347172568,0.9955226434826796,0.039771014484843,0.0455221634831178,-0.0667048628406162,0.2409977930675806,0.2554065331151985,-0.2562600663598263,0.8631657852030552,0.0914099848736203,0.2084350448337727,0.2078128067851309,0.0790167590667024,0.2248911577776894,0.0417312231095051,0.2135750581251406,0.010689852044126,0.3834634974514066,0.5238766273153131,0.1758106085983651,0.5633834414235958,0.1747555682187089,0.9551089866241692,0.3587646155699969,0.2641332810983692,0.2338300338594621,-0.1606263319858889,0.112596527161117,0.1317766890582676,0.0781086834401784,0.1340377506229076,0.1807563956805535,0.1979115399810792,0.0589811136013047,0.209657193773018,-0.3025428129860571,-0.235863250799358,-0.0799834605094407,0.1811583066078946,0.1180194953705436,-0.3531103493881201,-0.1159092782167452,0.2376972555280828,0.4951505335537469,-0.1586038284251694,0.0885448582024456,-0.2199463943190136,-0.1582763019670346,0.1540220312684543,0.1754302248947682,-0.1994506601681012,-0.2602906567035241,0.2703762119083098,0.305346746255507
BigFive_Q8,0.1702397517088008,0.0296122002379036,0.1489419253311058,0.1110392283262986,0.0007821277812084,0.1338429558284072,-0.0752631130729956,-0.0052799047800573,0.0313500341616372,0.2232567757360775,0.0051673486829882,0.0976420230022601,-0.2570048223780645,0.075913307805989,0.0999763070946297,0.1186478823457384,0.1743430481348473,0.0977784299371538,-0.5796939168052825,0.0043444393426036,-0.0227533404987111,0.050267735837974,0.0666299863433475,0.2406923554573308,-0.0044811194476495,0.0905380513360493,0.2479294129771934,0.0339482235413556,0.0761237332672674,0.0297572272024705,0.0600269358829208,0.073112887486301,-0.2956814693828692,0.2353371667113566,0.1766538777540011,0.0970387847965999,0.0950150616829758,-0.015056267155683,0.2447867771011892,-0.0452511447743105,0.1363312927556238,-0.049433389114567,0.1526685449576992,-0.3280874728817572,-0.3574165892562909,0.1698005116257823,-0.0104219951813526,0.1611503240016341,-0.2447362438184699,-0.2554816138832325,-0.2907845505228474,-0.2562942238207439,0.2232298858046907,-0.2537690786341052,0.2069806784921071,0.0786419014615695,0.1015316999116164,-0.4184260928960194,0.1382648827214679,0.0753568397719478,-0.0616314966964281,0.0511545991985096,0.9798672869928288,-0.2109858459358252,0.0777517810652668,-0.1577979662976271,-0.2420942716532614,-0.0082975239529431,0.0218778651380691,-0.1095983374058153,-0.2263202191639441,0.0821301194707334,-0.1021325752687733,0.040892391799469,-0.1852148529170579,0.0747970936759199,-0.2615127514694494,-0.2264065222927477,0.0454705501380096,0.1144940885281776,0.0771573379809352,0.1171557168583735,0.0202361367475242,-0.0642855569006267,-0.0349200436945007,0.0721344994290875,0.1857562005487093,-0.2848455104196163,-0.2260683113146616,-0.1589998585593106,-0.1169590730032873,-0.1647843307351314,-0.3127964805086838,-0.3124051945331211,-0.0096093262946102,0.0864419920791797,0.0822076372629642,0.2298465475323062,-0.0550320262716551,-0.0162954762581863,-0.0164164140202141,0.2566734981340928,0.0070424923781264,0.0340837251587262,0.1138666661948532,-0.0506017234354149,0.1659665680272834,0.1267659706209074,-0.0442170546694714,0.0188396684334591,-0.0019021782214271,-0.0177138456587343,-0.0209500507116983,-0.1523441866106042
BigFive_Q9,-0.1618728892085473,-0.0087718287472406,-0.2631102597397644,-0.0758182723805909,0.0139356561728774,-0.252020930414731,-0.0475450868541126,-0.1280961289409777,0.0071983946801249,-0.2336318133539918,0.0103295540446748,-0.0560772622228797,0.7707184558360006,0.164788105138904,-0.266249677058287,-0.0845094356963964,-0.2859765338369378,-0.0753251860167805,0.4350129213176519,0.246357629867909,0.2255909636348684,0.012532669127592,0.1178562133319559,-0.3033587844822237,0.0054336283913814,0.0674082145525096,-0.0829515318455308,0.0132880552703087,0.0020187723017181,0.0417922507682015,-0.0425656968708628,-0.149483174867795,0.4461625138134659,-0.0591334204101753,-0.2116749405255728,-0.3001504605194857,-0.0587441936694758,0.1323476856954247,-0.3605606998529899,-0.0397497706229287,-0.0303809431310436,0.1945788422484977,-0.2706850361582683,0.2847382753533362,0.3960632455313564,-0.2856497433819678,0.1428116364329453,-0.2647463944569975,0.6356269282465175,0.8525489645860415,0.6646711123675522,0.910074075450081,-0.3832366648528797,0.9194162180502546,-0.2705859824614484,-0.0767784549142444,-0.2731160499799792,0.1997138237175943,-0.3608965466135982,-0.0311152317719962,0.2497945107127093,0.0455805217328397,-0.2083171633933267,0.9991895298182508,0.1642154461018011,0.1250158456242197,0.3112909556707829,0.0312443701977413,0.0856307237305551,0.2378520321205743,0.1492385958435065,-0.0711522556324354,0.2978852918008176,0.0398918660840923,0.2559797281052035,-0.0617756706334261,0.3587319208628622,0.3317087722770205,0.127255781448399,-0.015310142034532,0.0258165312590076,-0.032677882507932,0.0529692273919553,0.2849593779618137,0.1305693423685989,-0.0654041284456045,-0.3017015288291594,0.2312531827599581,0.2867754237860699,0.2464599913824989,0.4609977619655002,0.319059534847947,0.2962192007276386,0.5039999269986356,-0.088515183883865,-0.0273339544207714,-0.0459677175793343,-0.1906301822187142,0.1939047041220239,-0.010523219328638,-0.0543375878695454,-0.1372675923206489,-0.0301010102082595,0.1787436631204721,-0.0441310047676769,0.2184263187859952,-0.2785992412813214,-0.2082315085040354,-0.1011416178309711,0.1279883851050671,0.0178400494582605,0.0251815921791469,0.0901536547905549,0.4378041419545179
BigFive_Q10,-0.0865208220363312,-0.0481181534254884,0.1998310668692615,0.2034568297032038,-0.047444842705733,0.0943966920947174,0.3439591229041608,0.1141964416164585,-0.036150097338176,0.2107007863056375,-0.0467652240989534,0.3219342767838554,0.2238167003967091,0.1949371792139934,0.1404835881815865,-0.1086032833530051,0.1248431523229275,0.1530052732127451,-0.1130140088465454,-0.230743974734516,0.0844316539241448,-0.0495603469315472,-0.1627078622016629,0.1174353505150577,-0.0471980416639175,-0.1513670522540098,0.1172753084382195,-0.0314705769556404,-0.3680426012389053,0.1828212202711312,-0.256922150903387,0.2311568584690414,0.0089335351526721,0.1832553385291491,0.2141255278955043,0.0367987439462475,-0.2960705579445511,-0.0090728803193829,0.1875883759254373,-0.1785676653803417,0.1197994981316655,-0.3056512924051234,0.1496694683304748,-0.0822814823222862,0.0098349825009999,0.1497574202776293,-0.2695479465145315,0.1630720048187148,-0.074835858075212,0.0152757969066651,0.0102772926717596,0.1377468523130142,0.1398025531640577,0.1044905803291324,0.1994498252960751,-0.2395870227010282,-0.0710408940382288,-0.0611523676879274,0.1387502253471168,-0.4261508258899049,0.4554150838824181,-0.0676662854255795,0.075416700920594,0.1596208100924112,1.0,0.0639420521305376,0.0971436525953553,0.1426723321134163,-0.0768643072974762,0.0460095450966746,-0.240561230320358,-0.2339936651849689,0.6117772105761226,-0.275448003154813,0.440646711392339,-0.2651500093544716,0.107789588287277,0.0213207994628456,-0.0118432654186801,-0.4092428268720436,-0.1372349242599771,-0.4392156534571388,-0.0577774881193927,-0.037460842282437,-0.1905662472529322,-0.2564546666531334,-0.1071853197662759,-0.1522115830408468,0.2606820591316159,-0.1189986873248551,0.0386289756309921,-0.2541361572338584,-0.2288252803800415,0.2323875869576126,-0.1902125356972202,0.2676579884665229,0.2727483796013946,0.2627977983396515,-0.1063873624323532,-0.1634074665558184,0.3239750955593714,0.2028066000835927,-0.2015351920706242,-0.1956590310520711,0.2523252141971303,0.1571161331441637,0.2674890121994118,0.2099611611215016,-0.1577317163039385,-0.1252622192715669,0.234273608315621,0.151245223025735,-0.1607748222367724,-0.0151576123124276
SelfConst_Q1,0.0054406587022977,0.1128859266840425,-0.2430654943742272,-0.1230561570483082,0.2031673249042199,0.1209353553103246,-0.3999112321885207,-0.1413821092196938,0.146234593352453,0.1044676460650575,0.1137587112095593,-0.2970859728509273,,-0.2755123757488618,0.046530931453153,0.0222802583321938,0.0627910871219426,,0.3656720419173625,0.2167698179566314,-0.0842548547091918,0.1096110005160801,0.072043510439255,-0.2953640363822649,0.0875240447106,0.0567006071895205,-0.0025591079890339,0.1319892515167769,0.2750376414534382,-0.1675704578555359,0.2537231040052006,0.0012939829675445,0.2313259950118789,0.0386968790417438,-0.0970734943450171,-0.14990109364854,0.3405692897012822,0.2881980870988293,-0.0668649656694754,-0.0022155468318633,0.0921349207151576,0.2997135109218797,,0.0655970184435901,0.3278627460898309,0.1503049252139774,0.295297553000946,-0.063864738197587,0.1383450559864244,0.1058872645236193,0.1738237799738826,-0.0176647148206092,-0.1411518274108825,0.103321412001294,-0.0250278988874009,-0.038800152776274,-0.0674348079660801,0.3459806781264011,-0.2884007143334642,-0.0365425082345262,-0.0189788102910326,0.0892098425462934,-0.2404910832957159,0.1397120426445926,-0.2911642710728503,1.0,0.3732618256501922,0.0975383246177775,0.1453471186430259,0.1123429704243143,-0.1230859463404736,-0.0465858580723547,0.1050162126477002,0.2381777560743184,0.0792343747067899,0.0861781755792327,0.1005307590428768,0.196403910484385,0.1525243148761288,0.0715167650486847,0.0977393769169701,0.0787647808595835,0.0644584265284629,0.036348311934199,0.0251639926568892,-0.0055326594822147,-0.0454216725773098,-0.0128693491875636,0.1679675631954328,0.063864738197587,,0.561703041626671,0.4407890699343616,0.4219909039655267,-0.0157136386280593,-0.1307974672894476,-0.1989376939581099,-0.0654324899828029,0.1141448008870876,-0.0382364042538298,-0.0856935167982073,-0.1345686322870596,0.1658934612344931,0.1667071131603763,-0.2446857029160662,-0.3201696613466963,-0.2218423290265991,-0.2800718204096335,-0.0184439639255533,0.1642848823314934,-0.1902722826505418,,0.0980918388746853,0.2654387045226735
SelfConst_Q2,-0.0573970563526477,0.136380018149765,-0.2205411870887951,-0.189232114631662,0.1819215194533059,0.0997644287294638,-0.2557082953327009,-0.1054424979207285,0.1944042343949146,0.1806722406012572,0.2289445747534789,-0.1895292307800676,,-0.1870946029306542,-0.0960531333700057,-0.0386576312195198,0.1382836291644394,,0.3800156798974082,0.2008694153409972,0.0669479428937404,0.1731640710405602,0.1204629440787211,-0.0800098033696971,0.1745883548781331,-0.0121387443817715,0.0194816300065345,0.1754539198288328,0.2168351559699011,0.0136007432151011,0.1910726776604825,0.0990355696488132,0.1857784341900718,0.0404661430208823,0.0069179566185935,-0.0950364072836582,0.3699726440287567,0.3062544098058329,0.093209255470569,0.0092715219861499,0.1246500194072561,0.297172430969884,,0.1013461580686385,0.2364968336483599,0.0774489168356546,0.2579376198277434,-0.0840002977789842,0.2751399189746925,0.3583187309192184,0.203248870765282,0.2222742464017627,-0.0531241462129155,0.0984947865101732,0.1847431390937019,0.0891764592747058,-0.1664477093776008,0.5006585353215254,-0.1183111514864787,-0.0076527250667232,0.0591540604987983,0.1555458046338379,-0.1568220605751172,0.1483972791139419,-0.2853998078678183,0.3732618256501922,0.9999999999999996,0.1170131073440852,0.2498135402784995,0.1769366745462313,-0.0087425957874398,0.032806910392694,0.1290291822201859,0.4394581222462997,0.1414699175828605,0.2743539645595045,0.0925222995673355,0.2179246428759793,0.2561948722273294,0.0264078935792157,0.0841278213555179,0.1443390043691106,0.022307100401959,0.164075415984443,0.0824399102314857,0.0991445344034549,-0.0002524874066881,-0.0011889640787307,0.3114649955828304,0.0840002977789842,,0.4102315969464233,0.3261646949810126,0.297985542463955,0.1121864029013804,0.0175864179698408,-0.1089172383783361,0.0504468621746764,0.0970477605474115,0.0122103747928931,-0.0623422764978935,-0.1150895799215763,0.2674416706464417,0.1830930582117105,-0.0919730893519183,-0.1381707386862721,-0.1838328566638632,-0.0792100406831419,0.0477821654819132,0.1239850228513077,-0.0094529277495281,,0.214064431829996,0.2607038230302195
SelfConst_Q3,-0.0493566804652639,0.2088948718639478,0.3025418767011425,0.058027800156469,0.0071466294826247,0.0801918374007217,-0.0492614956964387,0.0076361358846755,0.2153345404360163,0.2460885028190493,0.1784510383630766,0.0619735666200996,,0.0240022591424721,-0.1259096938826571,0.0405501593454867,0.3298990202225189,,-0.103289277700166,-0.0720315462505912,-0.0859001530454489,0.2190034506370194,0.073244167851431,-0.021008542945462,0.2168845562321397,-0.0379522513810343,0.2108280282923276,0.2479098633278574,-0.1843746740967039,0.0566952557196321,-0.0673084708759575,-0.0374883668046051,-0.1900179657327773,0.3134254803824294,-0.0052080466313966,-0.0808482826350164,-0.1454399329279707,-0.1769377915163116,0.1335230444601632,-0.1515532730907553,0.196482634097221,-0.1463579563159841,,-0.3197840291718574,0.008729537251613,0.2003767486200114,-0.0368803970640618,0.1190727282616777,-0.0776187056453803,-0.0791884462367939,-0.1029836526737634,-0.0364508351821462,0.2065990482881757,0.0716182282603053,0.0309867833100498,-0.2970936752731557,-0.3215028896959522,0.0842001307518122,0.2581777184090462,-0.133982932442864,0.1105812795434598,0.2371991085760673,-0.0567403942051859,0.1625111506621555,-0.0394860201617929,0.0975383246177775,0.1170131073440852,1.0,0.2763337803745792,0.2054097594530831,-0.1646282874897514,-0.1206942424892267,0.245026450953418,-0.0557339000340739,0.2075253116335894,-0.1520823454707666,-0.0773822288442824,0.2261086798555035,0.0758703492208993,-0.027632770746239,0.1987440630620119,-0.1945197570426904,0.2494659736875542,0.1879659811595041,-0.0819102434926376,-0.1984168803564011,-0.1922273452794019,-0.1904852159083209,0.1533043552461107,0.0364508351821462,,-0.0023212538939793,-0.1229575149356263,-0.0895283291259306,0.1572954834430072,0.0697159690526287,0.0591866952847792,0.3241248193052685,0.1982911553092254,0.1978020658591892,0.0039805234159696,0.2696071540714593,-0.0694887850779008,0.1995447710233821,0.0552014602001295,-0.0467281809384857,0.1452620605140844,0.087503740721333,0.1788096010112841,0.16390900411604,0.1211278998886832,,0.1339434505157516,0.1476129543879193
SelfConst_Q4,0.0880600390160206,0.6587937954757714,0.1910321539833784,-0.057408149965903,0.409850016115334,0.1149644213192466,-0.4156906221544431,0.1262530526374848,0.7346074417018905,0.6120415156494549,0.7121752770839163,0.0732659956008613,,-0.4215118551876432,-0.4505929940015983,0.2411473410330185,0.488789267496896,,0.0677791148730435,0.2868794396818496,0.128049665852717,0.7077072922249239,0.4817361303636197,0.0309480429289199,0.7257793430148632,0.1070499101668635,0.3950667173433076,0.6926862836850531,-0.1019197561409554,0.3517101029390597,0.0489502869811156,0.3876723911132631,-0.0867206493839132,0.5017490223788876,0.1858498975270011,0.0711807963306997,0.1639727017035438,-0.138454317112549,0.4168180115805909,-0.1394718092746415,0.3654077284753281,0.2278738427351552,,-0.2657289112912873,0.0627394080135128,0.2519815660660885,0.1199024196327873,0.0736562012415252,0.1855449716785097,0.1921484113702472,0.1880757854345458,0.1149644213192466,0.2402282840169578,0.2143034034242827,0.1336216836068571,-0.0086978900642852,-0.2597267071326252,0.1794906092636975,0.1785982283995398,-0.0685250127498564,-0.0387966877600321,0.7608030106421817,0.1474735703730539,0.4766171875685367,0.0623674612777064,0.1453471186430259,0.2498135402784995,0.2763337803745792,1.0,0.5226453674022836,0.0262416817793778,-0.0286042911998746,0.093117699557766,0.068152815348908,0.3172289570290961,0.0853923308427138,-0.1879073843794885,0.4512882774931678,0.2691007745383099,0.1275542260458384,0.5117618956678455,-0.0997965815850652,0.2599383626378958,0.1242150600770717,-0.2001960879934445,-0.0871770861320864,-0.1458321515453643,-0.055703455479587,0.4737499984322793,0.0915766790693603,,0.2554661452013621,-0.1153593487741588,-0.12280882881502,0.3823332609767311,0.0626964932832322,-0.0101212324679374,0.1616849833214912,0.5139934230849423,0.4206977271577705,-0.0485094273695681,0.1101803272414231,0.2133902581550267,0.6256284366630653,0.090688473452273,0.018832809908318,-0.0622383036769108,0.1783450877950118,0.3527133782021488,0.4121034350943913,-0.003187365937486,,0.283800958823757,0.5645955601395063
SelfConst_Q5,-0.0265066578847399,0.5100102300410742,0.1769436319205952,-0.0587888749053367,0.2217647174090848,0.0584063000300794,-0.3050290315802287,0.16617876427927,0.5387823341303849,0.4133860422949287,0.4864292637970047,0.0921053959049212,,-0.2291207937880271,-0.3455562367675762,0.20033387722322,0.4389561027130771,,0.030371671767931,0.1148602573692959,0.1260224051458616,0.4911069054680681,0.271667108734961,0.0005115902402147,0.4447027880184774,0.0361289358753403,0.3259375167250784,0.4534146654307948,-0.0912444461053366,0.3222358740040446,-0.0399002117535613,0.2402277405739443,-0.0957375363626635,0.5041292191498661,0.1340528863266399,0.0631045695551345,0.0620176360593009,-0.1016495042793129,0.3399803039574375,-0.1788109898964572,0.2273969519216827,0.1088879992017556,,-0.3100471818112394,-0.0342249968238464,0.1387081771204926,-0.0244778448556341,-0.0260964319283333,0.1476076927833435,0.1725463091743326,0.1560415037822412,0.1006576660092858,0.2682198120651444,0.1919112669483568,0.0827518013387105,-0.0269188608455154,-0.1764978708149559,0.2125142787827997,0.227633605656887,-0.1448634309497301,-0.0397524773169419,0.5303409235691744,0.0914370629626234,0.3554308568912652,-0.0004358082326316,0.1123429704243143,0.1769366745462313,0.2054097594530831,0.5226453674022836,1.0,0.1163496759278309,0.0164749140792437,0.1384698677433903,0.028205974254443,0.3966589960340871,0.1069042689336414,-0.3470773703308196,0.3810466718262263,0.2460027765997676,0.0599306857858841,0.4017682250352324,-0.1284014223861178,0.3185737375393446,0.1588394964678532,-0.0061258312988201,-0.0824926492096881,-0.1584694743275321,0.0151750422873024,0.5221494972151866,0.0260964319283333,,0.1623288055073715,-0.0577348672613021,-0.091307726850101,0.3506803045940566,0.0962177712212192,0.1084291147311221,0.221884817049717,0.5325331676895532,0.3945457550339301,-0.0081422753881971,0.0496587036030484,0.1461978572490341,0.4708566089326655,0.1578645708181367,0.0364280638766774,-0.0538257694929159,0.1643481584991742,0.3262545412254315,0.3175676557165642,0.05623740837289,,0.3535292761618558,0.4681257713700909
SelfConst_Q6,-0.0879480152705864,0.0294071455724048,-0.0345128205773051,-0.153744020593503,0.0223950233408132,0.0248015785797764,0.0459951370877812,0.1300123668865129,0.0288101950324112,0.0649366864665216,-0.0458905639551516,0.1443147922831867,,0.0869131917509616,0.0451096123621708,0.246282080242696,0.0950264275972228,,0.0701580728228086,0.0034108048293879,-0.0377645379405417,-0.0047717223990282,0.1159669865219138,0.0779505809138369,-0.062042637781066,-0.0033289272426668,0.0316765166074578,-0.0458850022427582,0.0218527034338882,0.0007069121737564,0.1721353490850566,-0.0396457992056672,0.0869120165353154,-0.0161530822373978,-0.0981215165063925,0.0598022966453822,0.0240336614758739,0.0761491590272233,0.0039016622669239,0.0562655438788159,-0.1725098962224963,0.0949898083420726,,0.156926259394441,-0.0059396802029111,-0.3711761052239868,0.0636827977140683,0.0713259190880467,0.0928774781465511,0.0021810799841287,0.2665930804812479,0.0713259190880467,0.1173598881471733,0.1179599357799668,0.1010567059312995,0.2669675109311348,0.2024200976877582,0.220355951359926,-0.0573581500649624,0.019669774980852,0.0139487056277814,-0.0556971424901707,0.02688270711854,0.1542180876200581,-0.0018195544322094,-0.1104144228889784,-0.0231638054413477,-0.1118526004668906,-0.0336000268899102,0.0794340518049211,0.8821020889346843,0.3404687990271632,0.0002157645752333,-0.0619205271506473,0.0179474946743821,0.059657437174537,0.0374732469565378,-0.1459858666881341,-0.0775849526394939,-0.077469413564185,-0.042327594758865,0.0245821912103114,-0.0573742696414866,-0.152837524991544,0.0302097498494348,0.0548817416851063,0.0893147689427408,0.5883630352636386,-0.0737468752733238,0.1612957834533048,,0.059963062654754,0.0975375238575107,0.1739901446024268,0.1319090302001066,0.1801237978583057,0.0602009783515849,0.1705363780309493,-0.0449358456490035,-0.0003521782133336,0.0977824032865287,-0.0346849475883409,0.1598441395484801,-0.0284063059349937,0.0556475372221637,-0.021532487348072,0.0370433057306436,0.0484963732665154,0.0150298213328596,0.0526354494398267,0.2710332808588617,,0.1996897458515694,0.0157720165677926
SelfConst_Q7,0.0635959586946745,-0.0285469201382747,-0.2519302902455557,-0.0857873373625089,0.1921596524031191,0.0783015311770031,-0.1050264058975715,0.050445481267974,0.0077141130779566,0.0925785012981317,-0.0607550703314489,0.0336457264221904,,0.0355317954950776,0.1070646180353041,0.1344174232922192,0.012511190740875,,0.2243048428146028,0.1630355835775684,0.046201661748258,-0.1088057381832589,0.1296395432390244,0.0361104948222555,-0.0688919598415047,0.1149736708359845,-0.1008722566692083,-0.0956148744053002,0.2997175278201644,-0.0235212314376847,0.2956581180332354,-0.0548983764607048,0.2510776668195388,-0.0197583293177332,-0.085486444784696,0.0264453473159929,0.1758460315526787,0.1694189826752447,0.0120109466841937,0.1499363441315678,-0.0744119570543002,0.178151123405496,,0.3558143505905467,0.2088709830046572,-0.1936194255076298,0.226453805996767,-0.0380810725396353,0.1355298794614566,0.0559751724861666,0.2706527935211723,0.0783015311770031,-0.0346695090351147,0.1003782410447932,0.1109399627974927,0.591949722006358,0.1873892525060905,0.1252055714600116,-0.0655239368137087,0.2496829297838631,0.0016065044449907,-0.0202552923332696,0.0619310562434106,-0.0656486761504099,-0.0358633338312898,-0.0465858580723547,0.032806910392694,-0.1206942424892267,-0.0286042911998746,0.0164749140792437,0.3095233071136697,1.0,0.1006922795191641,0.0875076328699591,0.049130549889816,0.2966501614329173,0.1996571727519343,-0.0646652594875558,-0.0382863439835344,0.145740601314371,-0.0834990859070049,0.1349285182644929,-0.1013764835216407,-0.0727897683906709,0.1316268745411297,0.2233396106157594,0.1943217177320945,0.2372063181557804,-0.0637896825098857,0.1156694750173944,,0.1549047716013334,0.2024061553891419,0.1290501574890242,0.1112772078896962,0.0497808827191727,0.0146205314399368,0.0254256524945829,-0.0629583412883466,-0.0099258058207695,0.0170547253119071,-0.0166026884118326,0.2966475745743782,-0.0161984268762722,0.0032955255015686,-0.0657855425224852,-0.1268803095145199,0.0163650887815621,-0.0045850894103829,0.0408405089765186,0.1990599563956246,,0.0794768172023519,-0.0072925131298351
SelfConst_Q8,-0.1055221554368129,0.068083383886972,0.0149505926813793,0.0812322375516657,0.0823919655735243,0.0698217595709591,-0.0269060472916161,0.1279596615795991,0.1069214257324586,0.2340998422670811,0.1275242367966274,0.0372619637653263,,-0.0064707594975617,0.00305996219832,0.0311146427411299,0.2884162505501275,,0.0877140031997948,0.0011707121744709,-0.0742687647717998,0.0629473425431447,0.0643462306981698,0.0433080254062781,0.1047771472256391,-0.0326829110540191,0.0643264255773297,0.1186275568745114,-0.0211142867011788,0.1164606247636389,0.148087433019749,0.106797651088517,0.0330402851097704,0.1862110354431951,-0.0410126077521527,0.0519840230772408,-0.052403668042909,0.0518742195154565,0.1406368481260831,-0.0456639144647704,0.1976458517613425,-0.0611955562320378,,-0.0523600640034819,0.0780335400037655,0.0555450704383068,0.006112510410686,-0.0145849897770447,-0.0631885852573,0.0092330529683994,0.0852382692128581,-0.0145849897770447,0.1872804960090373,0.0267053621009303,0.0391305578184548,0.0197078907097485,-0.0084032805165878,0.1875077230163261,0.0423675505239814,-0.0837326091329459,0.0812322375516657,0.1207716200767466,0.0723967863527387,0.1502713884592627,-0.1713320277428144,0.1050162126477002,0.1290291822201859,0.245026450953418,0.093117699557766,0.1384698677433903,-0.0115745090954732,0.1006922795191641,1.0,0.0836490564828822,0.1310879628922094,0.0513345736355886,-0.0769643045674273,0.1391209278242908,0.1231474017376266,-0.0424700973354669,0.0425640882857701,0.0471107975586007,0.1911294346646617,0.0945002912144932,0.0376090205560257,0.0482164719684553,0.016790230201277,-0.0348304363255307,0.1227334672847936,-0.069821759570959,,0.1547338013150669,0.0569949821566122,0.0293893956948024,0.0059188147843153,0.0309018331081229,-0.0143688115526756,0.0614911973426156,0.1286431210665472,-0.0101804289497898,-0.0584561313262512,0.0085494645201458,0.1797844306765865,0.1399318395407855,-0.0311921533125344,-0.1470584397330118,-0.065137918783078,0.1075956361973515,-0.0042121056610319,0.1046561760950726,0.0586158584256606,,0.0674253238791729,0.134392605352488
SelfConst_Q9,0.04199987490548,-0.0660138056298225,-0.2800824853934494,-0.1244031352397689,0.0929042017633088,0.1197124328844832,-0.1471198409572224,-0.0578229412771907,0.0160777394991256,0.0569270712749825,0.076910342014661,-0.2264602089789481,,-0.0915977592778786,0.0615578542110583,0.0480398963622597,0.0097691500013694,,0.386131741784407,0.2170305054907262,0.0007623347952033,-0.0007326103625069,0.0306273837888251,-0.0350819983268383,0.0089522410844288,0.0101967135304446,-0.0550384121683498,-0.0039258171698647,0.3516674888911409,0.0152194456598795,0.3165792535254165,0.1085991891752395,0.3230253261827875,-0.0618217988901835,0.0596250626433534,-0.0255097535236262,0.4009943496213836,0.6232563660185901,0.1009281806188469,0.1294710727502112,0.0805733170387356,0.3754296120304362,,0.2723115768086663,0.3355298876373818,0.0808416731006161,0.3497950618527442,-0.0393194681879438,0.2182665290174358,0.2259424673031847,0.2865537501120724,0.1594704081525899,-0.1510497094580388,0.1273406708126689,0.1977773201416511,0.2184977485958343,0.0378854725016022,0.2627424592267606,-0.0907851869823383,0.0063486273268989,0.0905528379855385,-0.0162621368696214,-0.0820544947815061,-0.0065910448364684,-0.2460709487614399,0.2381777560743184,0.4394581222462997,-0.0557339000340739,0.068152815348908,0.028205974254443,-0.068872244027806,0.0875076328699591,0.0836490564828822,1.0,0.0330283499965626,0.3230498427584926,0.0357189692103562,0.088032629347702,0.0799554319502694,0.1056992960917102,-0.0429682001113722,0.3167192847515284,-0.0852067962361647,0.0883119807036913,0.0654004334294237,0.2757986202442679,0.043877062409143,-0.0041177310314236,0.1428122164647001,0.0790774434560507,,0.4095187952848308,0.35895333108773,0.3309294916221291,0.1579900060562233,0.0843385232747907,-0.138922471901387,0.0043394242555707,-0.0265530321433678,0.0135431295623368,-0.1295318531573713,-0.0970480483282002,0.3890252934420168,0.0530053833198826,-0.0041754318140122,-0.1131659431043796,-0.1543830708129273,-0.0380946445175887,0.0539862651254179,0.1364290887284951,-0.10967199669981,,0.1888401396664024,0.1188762717305855
SelfConst_Q10,-0.1683921589077496,0.3743057228707397,0.1471311962980667,-0.0741651585929701,0.0809265495984707,-0.0408255765992278,-0.1548900544247976,0.1793206644901462,0.4277280536322037,0.3003741243103793,0.328137890673029,0.0558873609597503,,-0.1226156016518587,-0.2827489077098838,0.1606632208858802,0.2752230091652279,,-0.0175998871530705,0.0609968332560059,0.1809298823809239,0.3347880155615286,0.0880564304203889,0.047669955032872,0.3534338838841817,-0.0905415928822628,0.3030457150581927,0.3389292766898631,-0.0959381412398425,0.1758944467141203,-0.0182390337361732,0.1051766064623135,-0.1650443155887056,0.4094262694542549,0.1115762745249514,0.0606899131451235,-0.0167755832371428,-0.140402344402785,0.2489736516314195,-0.2330388931634215,0.230615867410853,0.0984196459329463,,-0.2112538193056463,-0.0777655546320611,0.0768473683967612,-0.0221905800046825,0.0382104151088858,0.197226427942499,0.1381230909907642,0.1767323338761137,0.0777284109629427,0.2078967288262036,0.1676779820937855,0.0261425224378942,-0.0159981379212896,-0.1173382536961129,0.0911011199732532,0.1307605614101671,-0.2101364916364339,0.0148592153579914,0.3535815952964278,0.1438760396498075,0.3080358728971645,-0.0192427995253413,0.0792343747067899,0.1414699175828605,0.2075253116335894,0.3172289570290961,0.3966589960340871,0.0195748076436258,0.049130549889816,0.1310879628922094,0.0330283499965626,1.0,0.0375564344078955,-0.2335522085167896,0.3078520586899266,0.1783669253165053,-0.0860589719068797,0.2455731187668424,-0.1463220214862886,0.2131603102661134,0.0803507448014685,-0.0598826479987942,-0.0207573160687388,-0.1521691837058415,0.0266124794561324,0.3301236337313055,0.1198615683073416,,0.0906244970546619,-0.0399135655886089,-0.0860962950190534,0.2766956093314084,0.1468504089458098,0.0334807851162981,0.2172093833684322,0.4158882860221811,0.3122043748642531,0.078773104133529,-0.0244851881746263,0.1248073818913201,0.399214760075155,0.1781198912943361,-0.0273043202385632,-0.1282794056309702,0.0849780004401546,0.2201425844348111,0.3173992037864378,0.1391211739699443,,0.2800779857894702,0.4183492189977091
SelfConst_Q11,0.1589547176043977,0.0840669674637958,-0.170090235097489,-0.1451116116764513,0.3208225224331994,0.0826429622718827,-0.160407466281384,0.0500692346147628,0.140899393295671,0.1329638599688247,0.0968389952206117,-0.1433544420977887,,-0.1005875494139717,-0.0558048885308342,0.1626924888371126,0.076893269123453,,0.3868381319203688,0.269598497494143,0.0625119065102709,0.0705328075220302,0.2156885894028437,0.0405938302079996,0.0756426254609782,0.1353699541558139,-0.0066265698420544,0.0667148964824346,0.4875878959733208,-0.0398497414839908,0.3791526494350179,0.014464989959843,0.311483362792537,0.1213775756754555,-0.0814782991261321,0.0222904747607976,0.3251963978167361,0.3032337444000272,0.0436945041823919,0.2232163478466681,0.006792769519726,0.2753229995359485,,0.2832880698637826,0.2820821991245769,0.0253713845238327,0.2454967776285365,-0.0574124005814014,0.157272379959378,0.1170910328584992,0.2840824934536957,0.0826429622718827,0.0009248596692609,0.1720882594294455,0.141895363806717,0.4834612274818448,0.1275686877206987,0.3434169481058914,-0.1260748607974029,0.1780453245087989,-0.0031319052879809,0.1098121688383621,-0.08542276283987,0.0811517593765825,-0.0294642827355653,0.0861781755792327,0.2743539645595045,-0.1520823454707666,0.0853923308427138,0.1069042689336414,0.1299309461984656,0.2966501614329173,0.0513345736355886,0.3230498427584926,0.0375564344078955,0.9999999999999996,0.1194854730029479,0.0829724938679828,0.1333731329036304,0.2144309095013513,0.0832753916726573,0.252277600973558,0.0985420563829052,0.0083795891708383,0.1813932559462858,0.364890168848481,0.0429230284972446,0.1990411235169694,0.2305769820022451,0.0924262412947225,,0.3789744251137779,0.374209164476018,0.2816077172277471,0.2226745994257083,0.1832843666311603,-0.0262538073332307,0.1364446662175585,0.029107687917129,0.1252786278654984,-0.1513976905681024,0.0035145619045974,0.5057634194044944,0.0955393242712525,-0.001782122742358,-0.0906741702564348,-0.0609037802542621,-0.0133721400025298,0.0877317126030813,0.1342713992898906,0.0503189393358426,,0.1595775490102949,0.1441263607919269
SelfConst_Q12,0.1288970506087067,-0.2965881235797116,-0.2030229035834702,-0.0091727483305229,0.0103530693340717,0.0046488950548983,-0.0829652026412029,-0.1842020846683014,-0.2646190041893607,-0.1162129035930323,-0.2040570868583142,-0.2752783937828374,,0.0079169453071162,0.2148364870668112,-0.1234001345018183,-0.2132763115988787,,0.2170202188609745,0.0429390030493638,-0.143525182040994,-0.2359320245974272,-0.0289325602116266,-0.1415596416669768,-0.2218738061409055,0.1104300834334624,-0.1911491001239625,-0.1835720750194625,0.2420807498330178,-0.2300690631294994,0.2077187129634256,-0.1386431840311716,0.191172887044927,-0.2201333291338196,-0.2037347344273761,-0.168642323967008,0.1345877140747499,0.213638945645265,-0.1956912898770161,0.2291633568754665,-0.1065582600331116,0.0599642728999769,,0.2945573582959714,0.1372497397725939,0.0093496851553067,0.1837127294398529,-0.0825579639059534,-0.0652848034669568,-0.1169706046189449,0.0379941728962419,-0.0825579639059534,-0.2090419113459508,0.0349615607968596,-0.0243026304742273,0.117303271919727,0.0707144191081183,0.1407270192804395,-0.1726255679306576,0.1817871884591264,0.0497639653522078,-0.2672185423988137,-0.1754838963936075,-0.0888726431322142,0.0129116963682908,0.1005307590428768,0.0925222995673355,-0.0773822288442824,-0.1879073843794885,-0.3470773703308196,0.0032946837819669,0.1996571727519343,-0.0769643045674273,0.0357189692103562,-0.2335522085167896,0.1194854730029479,0.9999999999999996,-0.1716697500869281,-0.0495807639320064,0.1054176773152081,-0.234631721413967,0.16829283648472,-0.1642550256988667,0.0322563863231313,0.2957392097196689,0.0077509694679736,0.1706432170431225,0.1092304547032482,-0.0835619491966402,0.0389545344255275,,0.2111652405599919,0.3674967413100842,0.4029116939741043,-0.1258905538590685,-0.0348213510945458,-0.0879144326458327,-0.0386423969772525,-0.3608902761635201,-0.251445505482109,-0.1173770597002429,0.1147107320682814,0.0402099458934738,-0.2389799901059059,-0.1434582520054015,-0.1724737914059358,0.0069435274159806,-0.1866715333362478,-0.1934277495490941,-0.0722621732923327,0.0050466984157872,,-0.1067734023582546,-0.2133204490486691
SelfConst_Q13,-0.0011361470716325,0.411989012183291,0.2170083085645326,-0.1307874267066091,0.1516471032758451,0.0374559037071131,-0.293503334974414,0.0724728921998097,0.4278617749316535,0.3253756430422093,0.5250943772556249,0.046020470047212,,-0.2316539438220341,-0.2977116069327041,0.1227401995342117,0.2595433632410985,,0.0530686501445327,0.0853726778467453,0.1573642819826585,0.4693296488399388,0.2556020380461078,0.0179898475498992,0.4868515898521734,0.0209993101511812,0.2155439307542075,0.4927245438047137,-0.0462187031840379,0.1893402192813319,-0.0357005221888313,0.1301902394833766,-0.1053741403252521,0.3300390476835045,0.1176247958502283,-0.0006072919132172,0.0310396541583555,-0.0263980463255594,0.247183421367547,-0.2099329666140469,0.2284661309447249,0.1628424851645429,,-0.2314554348951737,0.0037375996218625,0.2620853573649169,0.0559388485556548,-0.0156066265446304,0.1324122475465544,0.1282492378492875,0.1255426266059043,0.0374559037071131,0.2265919770754189,0.1646642851904963,0.0906589439969102,-0.0453318260499745,-0.2418419063743415,0.154204181581109,0.1768643473092572,-0.1055408735426269,0.0365642268212025,0.4591597168192519,0.0918669833675456,0.2461365844175593,0.0342988236751076,0.196403910484385,0.2179246428759793,0.2261086798555035,0.4512882774931678,0.3810466718262263,-0.0451430464851524,-0.0646652594875558,0.1391209278242908,0.088032629347702,0.3078520586899266,0.0829724938679828,-0.1716697500869281,0.9999999999999996,0.3071204206989323,0.0802458812628882,0.4599504046245397,-0.1163114040542317,0.136934153137669,0.1281215001383961,-0.0504569080667243,-0.0419849266240329,-0.202841745644444,-0.0673004952569775,0.5085185903678681,0.0686691567963741,,0.1960384281939515,-0.0865573240014122,-0.0740653148865593,0.2981390802344207,0.1272339857989231,-0.0501252739263146,0.1596143763860773,0.5547446257072693,0.4502996973254756,-0.0255642465096199,0.0209175329809138,0.1108567946627192,0.4868847451335348,0.1658494197729103,0.0746925346810668,-0.1039977854824987,0.1937643139027429,0.2804041341832457,0.2744908036100315,0.0112594219309929,,0.1759307930062515,0.4668484683745474
SelfConst_Q14,0.0193150757185915,0.2350007134057421,-0.122435546576168,-0.1025626506505275,0.2096881285453483,0.0552879856004896,-0.242684519284344,-0.0475588384841181,0.2640877302764993,0.1875361964066134,0.2120376455522261,-0.0518577712185701,,-0.2406741634661249,-0.0861099287772933,0.0470144894567896,0.1825641989764368,,0.1490090388179166,0.1080354427851041,-0.0012529209005428,0.1830540167747359,0.0683083446258225,-0.0278472468285279,0.1603250919006643,0.109218234482052,0.1191720393676638,0.2304102966906195,-0.0068036755121951,0.1230824397266243,-0.032135283072621,0.0864161291296331,-0.0400159586726297,0.1290473705208181,0.0178731104695276,-0.0370784323445907,0.0492014524393396,0.005673424959884,0.1441461431963134,-0.1595188520566982,-0.0821070434264851,0.07210910338918,,-0.0992853099761418,0.0458620184158476,0.0689521732224259,0.0912599729321222,-0.0287250427980197,-0.1048230630980286,-0.1002145958569835,0.0528436170546321,-0.0707315569972745,0.0044382598466949,0.1139697021207954,-0.0109404580629894,-0.040093606942858,-0.1881406554637766,0.25471307233753,0.0323629651143872,-0.1133701880105284,0.0299199048709136,0.2256100213542821,-0.031817510940327,0.2304447810902184,-0.0806266837275133,0.1525243148761288,0.2561948722273294,0.0758703492208993,0.2691007745383099,0.2460027765997676,-0.0928694900646034,-0.0382863439835344,0.1231474017376266,0.0799554319502694,0.1783669253165053,0.1333731329036304,-0.0495807639320064,0.3071204206989323,1.0,0.0805319637896443,0.153496668292957,-5.683763161253019e-05,0.1158768047971841,0.2235693505059119,0.0680772850548703,0.0616906053133134,0.0178149228256081,-0.0688504588086077,0.2592873423648641,0.0707315569972744,,0.1383747978285705,0.0924604841164509,-0.04648223709474,0.0725963583302015,0.0961049495180824,0.0047121495617785,0.1095536241630761,0.160905754119348,0.1103600298287889,0.1249679505903248,-0.1069447840682472,0.0706184630469873,0.1548923172682639,0.031889823558547,-0.0469606193669745,-0.1862693368941996,0.037107668911905,0.1321727552005808,0.1886030436253133,0.0348434021554941,,0.05063516402821,0.2212331164413021
SelfConst_Q15,0.8104537038711255,0.0646887460105207,-0.0227053948531492,0.0084438566829534,0.5457609728125019,0.102993542840103,-0.1234252821324877,-0.0668829308190768,0.1038478531886213,0.1619127747329553,0.0372812478555534,-0.1237184681623869,,-0.1261377321178245,-0.099819373419379,0.129160135793746,0.0568085481222489,,0.1758846598661853,0.5017152052153786,0.0222012923308415,0.177748162021003,0.1656867274520584,-0.0683459663498879,0.0702960382450877,0.8593879271871566,0.0208026164055702,0.0692462943549375,0.3689823800843734,-0.0278821288108475,0.2430599106850804,0.1441332380238469,0.1981676580295182,0.0713651612862157,0.0740518307089216,-0.0670859155162853,0.2496837272542971,0.1140753763109862,0.0377603970095566,0.3717575368448619,0.0726959084944277,0.2079632887787803,,0.0919585328895175,0.1698002226805794,0.1617734994138866,0.1673593285314818,-0.0323409675584864,0.0450285015495806,-0.045821654874958,0.1434360441024068,-0.077452471024683,-0.0280021419859201,0.1542633436149818,-0.045821654874958,0.1681734763549754,0.0180196528929475,0.0598764118932888,0.0242637820798687,0.7094129989899911,0.1100690344600928,0.1383543704292123,-0.1708793480872135,0.0979436941500324,0.1498490668568881,0.0715167650486847,0.0264078935792157,-0.027632770746239,0.1275542260458384,0.0599306857858841,-0.014770747989905,0.145740601314371,-0.0424700973354669,0.1056992960917102,-0.0860589719068797,0.2144309095013513,0.1054176773152081,0.0802458812628882,0.0805319637896443,0.9999999999999998,0.19400520930851,0.1919367908031892,0.1584496000840345,0.0405403264555212,0.1530022561902311,0.0737149252485558,-0.0047175111203951,-0.0744677129375591,0.0799852518007403,0.077452471024683,,0.1712578596980113,0.1610924582212775,0.1945285305476613,0.0957219505386143,-0.043961993310471,-0.0170901392625653,0.045208889888622,0.0562168736404609,0.0848017041250139,-0.108396498016983,0.1707104460790303,0.1535174518011883,0.1425038699116004,0.013275166441276,-0.0006378389606573,0.0955981654776214,0.0507357562493949,0.0387439178269078,0.0711310166127315,-0.0552581677352388,,-0.0028899347507431,0.0695073053642542
SelfConst_Q16,0.1710927403796279,0.7856387902843539,0.3169206718953726,-0.04740916728357,0.4308912753313164,0.0846796284964249,-0.2749686872430221,0.2156870318945498,0.6767954553626847,0.4987810861995133,0.576474030165094,0.1383665052381439,,-0.1526547129498716,-0.3791474688816744,0.3846135031436452,0.4702744708801636,,-0.0020651717199722,0.271281846190566,0.1253327129294616,0.7524049791474066,0.4890903698026759,0.1297284949926397,0.6513984344064951,0.2190959226943768,0.4239883140038903,0.663539329781333,-0.0778730293584932,0.3481951311168028,0.0115925552803425,0.3201758192104164,-0.1200853108234213,0.4392008982576817,0.1668063138948466,0.1061451423048939,0.0062888074278988,-0.2203887976124366,0.2724036585165853,-0.0729955666460474,0.2266115565139848,0.1698450210933383,,-0.3440301559571536,-0.0372349582054313,0.1703045253034255,-0.0131788630542842,0.0469208433308059,0.1696019027444905,0.119976642779343,0.1346560550351667,0.0469208433308059,0.3876425113172588,0.2458025485396794,0.093227751930178,-0.0293873028371552,-0.0848493942449412,0.1339974674354881,0.1827473766017125,0.0582945451987174,-0.04740916728357,0.7223066320008016,0.0785004684383697,0.5490927204633781,0.102462754012926,0.0977393769169701,0.0841278213555179,0.1987440630620119,0.5117618956678455,0.4017682250352324,0.0386748309288372,-0.0834990859070049,0.0425640882857701,-0.0429682001113722,0.2455731187668424,0.0832753916726573,-0.234631721413967,0.4599504046245397,0.153496668292957,0.19400520930851,1.0,-0.1223609554299682,0.1643571988124536,0.1012309223965609,-0.1544565743991277,-0.0865396679517135,-0.1462885939713997,-0.0571215910204892,0.4143157347132287,0.10411429733167,,0.1524942155241471,-0.1461980395879802,-0.0726415948860629,0.3181876477932478,0.0933370520284823,0.0736409248204826,0.1228478687850767,0.5134855553992238,0.4643704153542303,0.0768581218957066,0.1653168102581919,0.1411295275617588,0.5954974674155473,0.1041850575989628,0.036422320928787,0.1119307806642374,0.18837985100909,0.3187369160868235,0.3613230025889478,0.07356561000802,,0.2463333508504931,0.5201469256333406
SelfConst_Q17,0.1152276579957588,-0.247643065244115,-0.2451961181460344,-0.1165622533155459,0.0935386019747191,0.0129015695244058,-0.0336665226338223,-0.0836909630853753,-0.2180455317577643,0.0200941671325777,-0.1580088147974003,-0.2474925274158007,,-0.0640885998688648,0.2216889225801338,0.0131044587277664,-0.0762287607083047,,0.2983619827592815,0.2470225169582957,-0.1113584711179599,-0.1816618472695068,-0.0406866209261634,-0.0785517164944346,-0.1770166193732285,0.1200267335893804,-0.243404797537842,-0.2004675712408673,0.301806186362248,-0.0426385373567427,0.3234787587909958,0.0761727295305959,0.3775546380951553,-0.1759093898751481,-0.0489945422874733,-0.0947254257704584,0.2987371104677688,0.4449752269992122,-0.0225030898206028,0.2770643755249903,0.0213833139415856,0.2504414526146146,,0.2548334611142027,0.2996264727035311,-0.0669163540364105,0.2322022437165956,-0.0332724687734677,0.0230445406968554,-0.0798518164257005,0.1294951571199286,-0.0332724687734677,-0.1752225369541681,0.0496304228475393,0.1164104793675875,0.1948945365105664,0.1943101568692659,0.1522490959041238,-0.0509143962984405,0.2058371271276018,-0.0125434445825127,-0.1735646930345857,-0.08273889359941,-0.2090064425631489,-0.089617995594702,0.0787647808595835,0.1443390043691106,-0.1945197570426904,-0.0997965815850652,-0.1284014223861178,0.0087869083557451,0.1349285182644929,0.0471107975586007,0.3167192847515284,-0.1463220214862886,0.252277600973558,0.16829283648472,-0.1163114040542317,-5.683763161253019e-05,0.1919367908031892,-0.1223609554299682,1.0,-0.1235582887722168,-0.0129742385441945,0.2167288904013916,0.3032858145607596,0.1226259309569228,0.0816880870364881,-0.0796066261144994,0.0794465070713414,,0.2630184568764215,0.288705515549628,0.2568117331848681,-0.0325313725351348,0.109889308851628,0.0383475724123443,0.0730155391658586,-0.2533064047709852,-0.1022481546954603,-0.1301363933641897,0.0136515394814688,0.2034820082895979,-0.1718430343348143,-0.0988387340520964,-0.1041678094107093,0.0791848408586681,-0.0589599097407606,-0.0499647312436609,0.0278263046307619,-0.0191501320238629,,-0.0842728988097658,-0.1178074893363449
SelfConst_Q18,0.0704111545035025,0.3079215119129693,0.2791140572156861,0.1065363696491729,0.259202370688226,-0.0142921907847132,-0.0901705642380346,0.1420463878104757,0.4178101298881305,0.3195783953177218,0.2808703210263474,0.1058593236397766,,-0.022518466908014,-0.2466736827175975,0.221450202041408,0.343131900296902,,0.0342839854969731,0.1728911546832911,0.042067109728754,0.3235620653383504,0.1735350575265908,0.0051847503708693,0.2877930761348757,0.0848539321337739,0.3118622868795919,0.3268065200785395,-0.0427381715656369,0.1368319618843478,0.0351975212448386,0.1428665352801881,-0.022089396218308,0.6937081143370898,0.0662149592355658,0.0376360823329174,0.0410953992974941,-0.1279981410943455,0.2021376283639933,-0.1275333708199634,0.2530392114431063,0.0316679837763174,,-0.1373140844159339,0.0218585266159325,0.1647795220920714,0.0315745365119991,0.1011773902086136,0.0384190417608488,0.1160843719458913,0.0597472628328025,0.0626875298775046,0.237393765805593,0.1639827966083374,0.0070171900140003,-0.0323945944856171,-0.0663002786273102,-0.0080664501599998,0.2029788132502786,-0.0286288756914266,0.0371697806735295,0.291232504670375,0.0109674001607336,0.1938597245006335,0.0456395622007417,0.0644584265284629,0.022307100401959,0.2494659736875542,0.2599383626378958,0.3185737375393446,-0.0141106479339528,-0.1013764835216407,0.1911294346646617,-0.0852067962361647,0.2131603102661134,0.0985420563829052,-0.1642550256988667,0.136934153137669,0.1158768047971841,0.1584496000840345,0.1643571988124536,-0.1235582887722168,0.9999999999999998,0.184248202941357,-0.0456303798877705,-0.0048665502062305,-0.1711736013889962,-0.1093320881029609,0.2641107739076019,-0.1011773902086136,,0.0141929656269524,-0.0818061767189256,-0.1372274932166522,0.2092261239170373,0.0536851643284523,0.1427480036754083,0.1519802449295076,0.3174541077193691,0.1873050570718835,-0.102220965616906,0.1760689604994849,0.0524562454718989,0.3488572804246829,0.0585367873142447,-0.0012940210499023,0.0957102667894825,0.1478630008016548,0.0781437610520493,0.1905706019677013,0.0003712374605076,,0.1550396178957741,0.2983789604355555
SelfConst_Q19,-0.0813804572983271,0.0736163699015774,0.0475486581189539,-0.1347332443822532,0.1023318942647908,-0.0598082025921845,-0.0830129967647342,-0.1370074200072991,0.0851357112720406,0.0240784130663851,0.0769921250043399,-0.0671704126411314,,-0.0805797606503882,-0.1203911100264255,-0.0463553120773656,0.1437022353428475,,0.1612089903387155,0.0872657240573617,-0.0273322416476735,0.099921098116974,0.0372577673936014,-0.1291147229176615,0.0431610097776167,-0.0560406470951424,0.0590359000417391,0.0370108439892968,0.0088066493868671,-0.0127706884712027,-0.0201687776128811,-0.038247316375134,0.1342693004226106,0.1091711308096889,-0.0656530381816567,-0.2133342816584147,0.0608008280171385,-0.0310352715003953,0.0096964255506482,-0.0025766572771318,-0.0517308952515396,-0.0140062089343073,,-0.0292289281859967,0.1548784591738354,-0.0537855449181666,0.1559144595180348,0.0063211921438894,0.0660077214136173,0.0089560550188175,0.0610567845540471,0.0724505868799634,0.1222724677688174,0.1140712118990843,0.1026501690618316,-0.0932805417358144,-0.2408269520101798,0.1681553914255886,0.09916430943999,-0.0771457359261151,0.163213442381754,0.0689969765513269,-0.1620981958106337,0.1282709608253954,-0.0272272319387175,0.036348311934199,0.164075415984443,0.1879659811595041,0.1242150600770717,0.1588394964678532,-0.1321362826853319,-0.0727897683906709,0.0945002912144932,0.0883119807036913,0.0803507448014685,0.0083795891708383,0.0322563863231313,0.1281215001383961,0.2235693505059119,0.0405403264555212,0.1012309223965609,-0.0129742385441945,0.184248202941357,1.0,0.1429747822530531,0.0097930516432657,0.0265512734746537,-0.1099958058858435,0.2682531777603565,0.0598082025921845,,0.0733870021369385,0.1108409220930521,0.0675075678692909,0.0925241304240189,0.1585120130212737,0.106587436173212,0.1314391974066058,0.1180759963322801,0.1044551570724604,0.0103543526039366,-0.0257064974431095,0.0183488082181354,0.044358809591136,0.0923944530451321,-0.0055269738858239,-0.0178210538414394,0.019685834221326,0.1247060354879089,0.1347796214580503,0.11417027226501,,0.076600733009793,0.1289845753381426
SelfConst_Q20,0.0059052955731598,-0.2268658474531095,-0.1761168390339183,0.0522004626383977,0.0422375128305343,-0.0303167508112049,-0.1020220481920464,-0.1369205195355414,-0.2008728367078826,-0.0912621582921634,-0.1791720450536786,-0.1574194463833818,,0.0181645936033672,0.1793666490763,-0.0679835096535472,-0.0954919085610239,,0.2570255562631323,0.0355926066777062,-0.1301955853609649,-0.2050742210876781,-0.1372894776089121,-0.0579514761766009,-0.2462462962104544,0.0709141009523077,-0.211246033441495,-0.1702260216631113,0.3005716128541768,-0.2361068148179718,0.139490929873574,-0.1874838377515477,0.2647466918954249,-0.1878180207647037,-0.1551187115847474,-0.1182568273128165,0.100825754686476,0.2487541446934387,-0.2420351848325109,0.1213734000026507,-0.1750406806608723,-0.0405687598816582,,0.2464202491756561,0.220758376473323,-0.1057945272329038,0.1388004013613086,-0.0748905682201117,-0.0667377071938533,-0.1061072079604801,0.02032012240876,-0.0748905682201117,-0.0939940109606416,-0.0241483954088851,0.0833533646779264,0.1549279270399315,-0.0393228742948453,0.1824703523277919,-0.0449473362572256,0.1387015866217281,0.0120349015700974,-0.1979427104842732,-0.2101931571639515,-0.0735014383099244,-0.0125093990031266,0.0251639926568892,0.0824399102314857,-0.0819102434926376,-0.2001960879934445,-0.0061258312988201,0.0120998751546896,0.1316268745411297,0.0376090205560257,0.0654004334294237,-0.0598826479987942,0.1813932559462858,0.2957392097196689,-0.0504569080667243,0.0680772850548703,0.1530022561902311,-0.1544565743991277,0.2167288904013916,-0.0456303798877705,0.1429747822530531,1.0,0.1825733412334735,0.1179746882998297,0.1104329355643748,-0.0116402251515993,-0.0588308840066085,,0.1100455971649014,0.3060511841173234,0.3263987363165408,-0.0848349810063917,0.0462697380692765,0.0763618025577657,0.05244481868424,-0.2546776149021573,-0.2204657956623775,-0.0861667904540893,-0.0133004502414772,0.1465950387078305,-0.1865257720708774,0.0467640448639966,-0.0299012219934357,0.0212941638009871,-0.1059256783818484,-0.1394312343376861,-0.0230662380693811,0.01547703584674,,-0.0579839191805518,-0.0649548614031891
SelfConst_Q21,-0.0299420144476345,-0.0865741201008481,-0.2604393025756492,-0.2032006399963901,0.1717895385956802,0.026561251865593,-0.0886593247033466,0.0965799385641223,-0.0576833621841144,-0.0027528999240807,-0.0702136445236961,-0.170772993938863,,0.0580060053052499,0.0914409149840328,0.1619905058182364,-0.0036423204033248,,0.3672047014912448,0.2653342036772301,0.0250315129265599,-0.0892334216443588,0.0199731212661712,0.0155737382671572,-0.1374993674329943,-0.0545155654087346,-0.1177320214242085,-0.1603240915869068,0.3770508124345855,0.0170617734012933,0.3604382381767215,0.0247827993823666,0.4099099485988179,-0.0273088916079094,-0.0573088796865603,-0.0117450353371396,0.3071696429530891,0.3350764359975295,0.0097381193797044,0.2122738739413276,-0.0883707727003986,0.2645422026486651,,0.4549984734279971,0.3672090019504502,-0.1116942805246108,0.3211570330765925,0.026561251865593,0.1638947193763824,0.0893303362841019,0.2328770975147654,0.0995376206276265,-0.1214391974954244,0.1856601882353662,0.1410278926017098,0.4567080140458378,0.1573161246910095,0.1641545731134633,-0.0762090130302972,0.0478799515974565,-0.0552425297313207,-0.1071784525744599,-0.0158456115035984,-0.0574507137526877,-0.065518526790537,-0.0055326594822147,0.0991445344034549,-0.1984168803564011,-0.0871770861320864,-0.0824926492096881,0.0859792536098342,0.2233396106157594,0.0482164719684553,0.2757986202442679,-0.0207573160687388,0.364890168848481,0.0077509694679736,-0.0419849266240329,0.0616906053133134,0.0737149252485558,-0.0865396679517135,0.3032858145607596,-0.0048665502062305,0.0097930516432657,0.1825733412334735,1.0,0.2955994802930204,0.1579211693285076,-0.0328000545202723,0.1193914856584738,,0.250388472027644,0.2859714820577224,0.2185215044124229,0.1168917423417664,0.197837302691028,0.0230507389641264,0.0710759466103593,-0.0778116075358691,0.0089491033627491,-0.120856495788704,-0.1003539016844754,0.3900838282727097,-0.0309949686187593,0.0281190232002625,-0.1251718214630946,-0.0402263767684769,-0.044772812610364,0.0703423372741392,0.1976981596995089,0.0337853906456222,,0.1496958804424917,0.0449061235719204
SelfConst_Q22,-0.0483059070977002,-0.1606884346212331,-0.156921191123669,-0.2204439773201422,0.0422347666051691,0.0590532115588921,0.0264360598782165,-0.049770777635068,-0.1171983175462608,0.0031830321140657,-0.1565722922986557,-0.0296818364396003,,0.068141331318998,0.2650656107550932,0.0764587218950363,0.0237797140510696,,0.3103687679879948,0.0727343403664719,-0.0648349657768641,-0.1585341486321917,-0.0190191781929517,-0.0270608995959561,-0.2105543415710886,-0.0235267315723111,-0.2073942949672752,-0.1809305220942029,0.1662314706402136,0.0714634671620813,0.1567079969391882,0.0104953233255052,0.2164302309514111,-0.1180934301179526,-0.0480435434318008,0.0031012850335683,0.1442259897490602,0.1065024072674753,0.0242834291516602,0.1274112954886129,-0.1102115964003744,0.1103595004044484,,0.3826671840015887,0.2281347217074681,-0.0058008918012424,0.2014241626772186,0.0177615057902066,0.0,-0.1210932892427173,0.0783931509309668,-0.0648219057471643,-0.1168849610023123,0.1318951261582909,-0.0625899594487224,0.1935939308313017,0.1105909878704858,0.0501911258104664,-0.1474561151972893,0.0829145725744032,0.040012326010637,-0.1842215738109408,0.0671095419459271,-0.0016203863101545,-0.1633895969008385,0.0223048539993215,0.0590815147944366,-0.1124687731791321,-0.101321428861758,-0.1281679334681896,0.0206845072912653,0.1737222817031007,0.0858291068559594,0.0829425345330942,-0.1318962697647116,0.0141822334929488,0.164182583800467,-0.1300803479819004,0.0518570182577206,-0.0280634020201524,-0.1155564165012766,0.1126627580992626,-0.1323069792332776,0.0185437935840614,0.0945803358345054,0.2699477673182669,0.9593463770092898,0.1344216396131567,-0.075005753147938,0.1061136115158498,,0.1593668663747337,0.1149048192689547,0.1209270255545846,-0.025284142191337,0.0817738545454658,0.009385823318939,0.0408633159141085,-0.186939012321745,-0.09191595058661,0.0121846752461676,0.0148832809540491,0.1108646572437344,-0.1776985402985436,0.1005980610971178,-0.1055175805516748,-0.1593270560441856,0.0607503985901495,0.055418173123364,-0.0022797469575608,0.0736783701910075,,0.0427015818462273,-0.1473451774942666
SelfConst_Q23,-0.0578451355275774,-0.0286209578421491,0.0094348838729199,-0.1770913420551726,0.0559998496603827,0.0346507049466605,0.0144198232556444,0.093931148910962,-0.0588952669715732,0.1072349429854603,-0.0093131676889749,0.1099877752744003,,0.1571722342961542,0.0633234937507036,0.2098142299801794,0.1084009342030913,,0.1475985375090372,0.0289339135102081,0.1305619609837266,-0.0247379567238797,0.1898279751058122,0.1059774913536574,-0.0199004214924127,-0.0409137797523641,-0.0490886190550483,-0.0253703362916295,0.0760721668403642,0.0036282707568103,0.2108154013993148,-0.034243467230196,0.2094469835766175,-0.0444280915630411,-0.0734127657083722,0.0698187291712543,0.1118200323291708,0.1540921043730265,0.0346270824417317,0.0188527282459247,-0.1017223655394096,0.1432200499506433,,0.2474413181942054,0.0728338395070591,-0.1743700741787026,0.0822611965038601,0.0346507049466605,0.1211285464331533,-0.0082174774630298,0.273338842748933,0.0751013132964102,0.0724776838126482,0.1397274761496774,0.1064057979187206,0.2731152548241096,0.1606089240098381,0.2322799585873017,-0.1379145312384938,0.0229921752184255,0.0233843656364946,-0.0850946661293269,0.1566674303662934,0.1620746982456086,0.0817257176348722,-0.0128693491875636,-0.0011889640787307,-0.1904852159083209,-0.055703455479587,0.0151750422873024,0.6972115723629079,0.2372063181557804,-0.0348304363255307,-0.0041177310314236,0.0266124794561324,0.1990411235169694,0.1092304547032482,-0.0673004952569775,-0.0688504588086077,-0.0744677129375591,-0.0571215910204892,0.0816880870364881,-0.1093320881029609,-0.1099958058858435,0.1104329355643748,0.1579211693285076,0.1654432456881777,0.9999999999999998,0.0244926375090254,0.1676023368020879,,0.1282774519066335,0.1326919367668206,0.1822305465384515,0.0912816641416938,0.2735010520370297,0.0997876883943815,0.1149807027447986,-0.0950826318589551,0.0152080079686224,0.1064538932052526,-0.0015133789000757,0.2155622139589298,-0.0209552840601443,0.185368231340716,-0.0001143875597366,-0.0193243910914624,0.0991033781640454,0.0445151213195484,0.0590880652194915,0.2567180522817069,,0.1059279731976403,0.0451683686879116
SelfConst_Q24,0.0098986584601821,0.4674448903441786,0.2109572847152115,-0.0127738865535343,0.2131135498881871,0.0048217169924097,-0.2937050692245391,0.0663304360114842,0.5340568228655128,0.3685182704495157,0.5436725182218742,0.0045088253470061,,-0.1483792295929554,-0.2918775610079642,0.2161355684326005,0.385903449927667,,0.1787134410267895,0.183463739238343,0.1907845081152268,0.5194679692277827,0.2954948833160168,-0.036603536421335,0.4859522465995146,0.0336902381656682,0.3125511439758064,0.4506259645344928,0.0170880940376352,0.2466141796623847,0.0544047717389565,0.1983217345533926,0.0249871772457443,0.4688160972658735,0.1996491556588006,0.0052910185526686,0.106944029357759,-0.0122081540198664,0.2467851932217139,-0.0875013063230734,0.3005622227065282,0.2323616402933631,,-0.1510751281882478,0.0224020202307547,0.2207095970969566,0.0319492434240158,-0.0476385638850084,0.2356369098289198,0.2669771129712133,0.2449054963273482,0.162202559624664,0.2524268877547932,0.2148626143608613,0.1554861589361517,-0.0223137073843398,-0.2231728775208714,0.4009246866196762,0.1591707183495938,-0.1121991133308771,0.1526783583303379,0.5098031043842992,0.0584681502158496,0.3903486960131072,0.0273485840813899,0.1679675631954328,0.3114649955828304,0.1533043552461107,0.4737499984322793,0.5221494972151866,0.0303899707681062,-0.0637896825098857,0.1227334672847936,0.1428122164647001,0.3301236337313055,0.2305769820022451,-0.0835619491966402,0.5085185903678681,0.2592873423648641,0.0799852518007403,0.4143157347132287,-0.0796066261144994,0.2641107739076019,0.2682531777603565,-0.0116402251515993,-0.0328000545202723,-0.0781095067685744,0.0244926375090254,1.0,0.1000988447624264,,0.2455829871891011,0.0820425551731675,0.0481339917286751,0.2954214715634827,0.162257868110672,0.0286497716879942,0.1644600892932846,0.5026671002778259,0.357744849150156,-0.0565507926981009,0.0960764050461134,0.2042130008548708,0.4538471070858395,0.1859484252408743,0.0035438905422325,0.0057834804875986,0.2142538118552808,0.221970179272828,0.2961663724212926,-0.0303589900554344,,0.3041787645013133,0.477985588343359
LifeSat_Q1,0.0475305587579382,0.6164137452192593,0.0632864766286762,0.2317273977959829,0.8228986260678203,-0.0807874415854938,-0.6281257982525904,0.6502342292232018,0.7572333786197101,-0.1041571981155669,0.6923187833848286,-0.2220926544495963,0.0926838149237198,,0.1880129010221267,0.2777513148202794,-0.2207841765602805,-0.3989609790705574,0.575619785562967,0.8483751256959277,0.300936726041579,0.466708732570984,0.5865960774552806,-0.0672604795401237,0.6876435897500597,0.6699152795103295,0.1294515280140383,0.5560869369439723,0.7995493703191882,-0.3974711032965653,0.6228741114788966,-0.4459774508135061,0.3713068318870682,-0.0886567787872807,-0.1667258386306679,-0.2542974095449452,0.8483009524159228,0.739987004728035,-0.7662764181755288,-0.084992108622854,-0.3313974591616593,0.8704074704114908,-0.6615388819732835,0.8171156761957609,0.5481695556191422,-0.7169152011672992,0.8701340877997835,-0.3316690757531497,0.9067192846909607,0.8500135636645837,0.9217825265217392,0.8912868430743299,-0.7865465664146034,0.8666085430250792,-0.5609219202721287,0.2660572670718639,0.2413446423974518,0.8535341860312631,-0.4958780996251912,0.5353778428104103,,0.8662935765885795,-0.2151981554516504,0.5602658182148377,-0.2553003395463535,0.6860952034009918,0.523319077065854,,0.8438148511722695,,0.8397081381326615,,,0.8429502652434957,,,0.7996700423647727,0.8037402937402641,,,0.757942300399332,0.6226728655493251,,0.7430345064841668,0.850291120223756,0.4312380883670614,-0.2281492597023298,0.8467581707860794,0.7522510342581326,1.0,0.8676131042912235,0.8272093407006155,0.6192207826973242,0.5240818828856283,0.6728017463857422,0.4810908615641873,0.7210855397367683,0.6555661737501263,0.7966863690140681,0.5480963342745078,0.3820477584923036,0.3762208021411325,0.717904831424367,0.6799686584531874,-0.2230735268158509,0.4782996147012395,0.5930871276921582,0.0230179122955852,0.4400468699347207,0.6817216445102923,0.528302321510595,0.5687446762236771,0.4597869995803598,0.7999407911961527
LifeSat_Q2,0.0849911974918665,0.6223951591903731,0.0591818562234428,0.2336714657672837,0.7749301597289753,-0.1456825880862205,-0.5713328297924232,0.6176531777327783,0.7464965773360521,-0.0611900858016441,0.7092487170284955,-0.1849255333526931,0.0839707051689502,,0.1747660870761754,0.277102539601567,-0.182419762618122,-0.3568703586460973,0.5701335262439757,0.8216131315587935,0.2837844108626965,0.4381732905465703,0.5889106342630466,-0.0324767034672414,0.6894634919816347,0.6187903437513935,0.1293967204095587,0.579662873398217,0.773096290955818,-0.3601052552224156,0.5973537386799159,-0.4363764817825287,0.4193812213517414,-0.1394984611561113,-0.1477664823353906,-0.1976070835879489,0.8018771928234609,0.7225958653779563,-0.7341088886175591,0.0373626959496016,-0.3309226496267659,0.8212361088835447,-0.673876363716303,0.7855187558202007,0.5365747340527505,-0.671604147347115,0.8439305338832884,-0.2849180396230805,0.8638891771803288,0.8298981318324818,0.8713365425430901,0.8438140486802383,-0.7386017767945995,0.8247366524733836,-0.5155462258763843,0.2442901027397316,0.2470984333612477,0.7530804140623035,-0.4786641485495852,0.5512839706410928,,0.7893832345572858,-0.1793171501880264,0.5934615782708403,-0.2427450898272478,0.6000686414650367,0.4955928372379831,,0.7955377172734326,,0.7963621701893413,,,0.8030196444853264,,,0.766138814500115,0.7950818673631267,,,0.6730581271414987,0.6092505605392109,,0.737640000416865,0.7912811610234947,0.2891526117734651,-0.1832251242736198,0.8234945190015257,0.7379690146843326,0.8676131042912235,1.0,0.821007597197392,0.6241856165559883,0.4787815636907775,0.6765441769511052,0.5125482153510759,0.6867053345379761,0.6677658957914464,0.7488812754932349,0.554664174269067,0.416673673406144,0.4014461557619407,0.7160729380657154,0.6767796142610398,-0.1494008215425251,0.5007901166364728,0.62726578103321,0.106508382006946,0.4279334285465904,0.6440325362986974,0.5380052834703017,0.5559641288993435,0.4455843918977843,0.7691943863040988
LifeSat_Q3,0.0901199461559345,0.5663856881682756,0.0755714846065382,0.2270581966150119,0.8074338428510255,-0.0122810807210276,-0.6758904693121492,0.6840602213317231,0.7738673716650186,-0.0490273547183331,0.6380776298782127,-0.1895164075216374,0.1067080168272207,,0.209188392195654,0.2732705573944485,-0.1897258678221949,-0.3801387605390168,0.5625360068133165,0.8310895859485361,0.2600081409575154,0.4806584335258024,0.6009688339737839,-0.0358515977391017,0.6632843238169271,0.6879845939375093,0.1518098394712313,0.5209291683449351,0.836622729722476,-0.3618542982305428,0.6451029019685293,-0.455801071482742,0.390120481788163,-0.0142841883985026,-0.1481652190106394,-0.2216011653947578,0.8566948823546726,0.7602994385276246,-0.7340515403253747,-0.0193319037009291,-0.3452154914675555,0.8551760603602231,-0.6245940485084951,0.8237613718307153,0.5437314991287256,-0.7176229076335132,0.8936677761276033,-0.2697582037911952,0.8704959288105603,0.8271404653650226,0.8924991598827993,0.8659407892911078,-0.694874990655678,0.8446339130695971,-0.4678351867039036,0.3009857095879186,0.2840878212504573,0.7943567966173075,-0.436418737633296,0.5287057091366919,,0.8516041011615484,-0.1310965552077877,0.555246875464142,-0.3600031823483008,0.6281216817329824,0.4384987503538009,,0.8513281200963954,,0.813185327656202,,,0.8092674057606635,,,0.8668069610180164,0.7806607203500975,,,0.7960618232990047,0.5941496112047655,,0.7338354040539347,0.8802210866000371,0.3738098967126764,-0.2472215728556091,0.8264704636687218,0.6942729809468496,0.8272093407006155,0.821007597197392,1.0,0.6783928460620121,0.5229882052380056,0.6723284826715401,0.4414543565470897,0.7022808179984806,0.576841540853339,0.7396336716703074,0.5391517506591095,0.363066925196862,0.3674786600823526,0.7223506880474904,0.6687229199125829,-0.19479742975813,0.4129819359260628,0.5392974870098896,0.0771156886351122,0.4441196811276698,0.6527413328873204,0.461566327889797,0.4954655766771766,0.4477426812367995,0.7641804156137909
LifeSat_Q4,0.1148780962752382,0.4716781128971429,0.0178725532393242,0.1602453961366467,0.6201854400497098,-0.0785617640261909,-0.5499662446698589,0.5609704060101514,0.6094036340954944,0.0383468395554269,0.5687423972468029,-0.1553095381793606,-0.05532756977718,,0.2185742438608953,0.2189497046091568,-0.2388470713901574,-0.27836500088506,0.5609050407282475,0.6828180291023069,0.2380258257153518,0.4084168066442742,0.5823301936673978,0.0317729320121892,0.5851104579264101,0.4920803257552072,0.1894184277129876,0.4693323381572055,0.700546981940939,-0.2530121407655777,0.5570942720792564,-0.4071444754064289,0.3721474052745563,0.006628664083626,-0.0705248803596506,-0.0961229804666756,0.7097564304456726,0.6263263190345651,-0.5196969086834349,0.0799383780264403,-0.2485811503111885,0.6743864844053988,-0.4681781531497289,0.6588584267212011,0.5250117675943653,-0.5757738091966749,0.6958264354224668,-0.1894642837842997,0.6860215856133076,0.6970319391703658,0.6984533773456891,0.686550183909533,-0.5671821134501793,0.6638619775658829,-0.3462300629788983,0.2721542262307136,0.265067284353615,0.5719552724841661,-0.3381814883226719,0.4870772480949356,,0.5868996082108388,-0.0835470821386282,0.513817057935014,-0.1981110998118948,0.4745916046009565,0.3483562183046302,,0.6798875506254612,,0.639058910263182,,,0.640207145577196,,,0.6910747596730457,0.6275191672589795,,,0.6029185816302778,0.5529302106263707,,0.5535298952587144,0.6481872084473941,0.272541308046523,-0.1350220461416139,0.6416268664466406,0.507748789964836,0.6192207826973242,0.6241856165559883,0.6783928460620121,1.0,0.3941011398018052,0.5964716596024426,0.3998625620830581,0.4674947786128477,0.4010010197015317,0.5891254478059967,0.4544545961823963,0.3513199971891094,0.3573225014688796,0.6406736041029443,0.617724202431724,-0.1997300071318445,0.3509274969684933,0.4479215862961841,0.0635292819101264,0.4273380241964684,0.4518751672822605,0.2210404718295091,0.349345472943848,0.3432850194727477,0.6262712246648052
LifeSat_Q5,0.0287589965541463,0.4736785503545057,0.0969413297568636,0.3404509562132034,0.5793571922611611,0.1190543934804505,-0.3359277310087522,0.5783587210477179,0.5520778982853763,0.0150301571822925,0.528784844954915,-0.1208315727966698,0.1145637084061544,,0.162317305389481,0.1346677186448885,-0.0561699203147823,-0.138130176855216,0.4659525310597987,0.6198984462961723,0.3769797050226195,0.4507706164636624,0.5013474413861211,0.1335851476474213,0.5974072837941667,0.5094858015664236,0.1061058536493615,0.4282933907205179,0.5740298955128028,-0.2497972181637513,0.4121387532907925,-0.3130841296385465,0.2567132243173104,0.0659346618612555,-0.1434532929582272,-0.1692350789847708,0.5540496858827116,0.5479356437649929,-0.4701513149570037,0.0723272791440239,-0.2897577786419074,0.5667305793795245,-0.3547199452323907,0.5646526911174885,0.3661107987275682,-0.4987727787004929,0.5799928975535112,-0.226519524688392,0.6187938427210572,0.6550511810174323,0.6139029733429402,0.6376613061928922,-0.4124937224220641,0.6205806855602224,-0.2924182920514402,0.2315796916496316,0.2103280346140579,0.5174715923924452,-0.3689153238610488,0.413255280078371,,0.5437955268595736,-0.1383339442314915,0.4820204733449297,-0.1555379025306023,0.5013447953923256,0.3928797621230065,,0.5966265348841729,,0.5292726169277948,,,0.5447271632860617,,,0.5781659962269016,0.5690407607370597,,,0.5130615757935323,0.4412958687377825,,0.6073484573919327,0.5512168705936911,0.3215117541464338,-0.2152563257657181,0.5210909438315185,0.5466982622807464,0.5240818828856283,0.4787815636907775,0.5229882052380056,0.3941011398018052,0.9999999999999998,0.4557732546667439,0.3750180751300008,0.5085664705572319,0.39177654649205,0.5470373710828982,0.4425813855049246,0.2627468754147515,0.275894594954756,0.5635605373930479,0.4464889722007384,-0.071002248419802,0.3527224402751139,0.4324144872669236,0.0939071124120161,0.3095149327814229,0.5917900416650598,0.385663336652858,0.4283481683466481,0.4601893873968776,0.6435079250627345
Lonely_Q1,-0.2568603745501315,,-0.3750974598642215,-0.1403368984773774,0.1549247062398212,-0.4300662556041875,-0.2399490250819264,0.1405372785742243,0.2379450471428427,-0.279562703684783,0.1267271395170907,0.0088349381279919,0.0627297039990087,-0.3068799898658572,-0.3911197415386678,0.3069268051353864,-0.3785154549437631,-0.2181034431574427,0.2254144737924765,0.4679385618331211,0.2442225006587642,,0.1549247062398213,-0.2897328637518577,0.4582665426961491,,-0.3422025214741767,0.288369576415025,0.326018475881274,-0.4544606624826478,0.285077469384611,-0.4342217047104537,0.4564207640836387,-0.0840517782435327,-0.1534577183177381,-0.0622790022316767,0.4426652179510718,-0.0122419082197429,-0.25013590794582,0.1564705613000892,-0.2097502862601277,0.4935749452816139,-0.285077469384611,0.4655543615385633,0.3535354086045484,-0.3970082272974836,0.5443683388392466,-0.1486113194487935,0.519159584543889,0.469382230351125,0.4312347131491741,0.4937015998287432,-0.4758976989632942,0.419814579288682,-0.3043685107598414,0.5532548774086901,0.0601648990545791,0.3878406755980504,-0.4458264089686015,0.2024365786507153,,0.4807748966363077,-0.0089159395952524,0.4899113828118203,0.0039722405619852,0.0385246537937045,,-0.5382140829963027,0.5114758856148289,0.1483680560527489,0.1231299944206399,0.3127458889188386,0.4225034550320043,0.6152714687968905,0.4005160026854604,0.3125683583424365,0.302264811518618,0.5360307004414624,0.2329626496948387,,0.6696627261050422,0.1076655793667799,-0.0076961152800035,0.3986563120382723,0.2551107641397233,0.4414190438975846,-0.1695204922623802,0.2013765337213582,,0.5219988558193474,0.4650981526628356,0.5194753550180511,0.5255770186881864,0.3428913631765107,1.0,-0.3625305310067387,-0.3640569030393986,-0.3216743586776819,0.5841965445351347,0.4405264679451066,-0.5332725125404936,-0.3661876895471019,0.5798405353953494,0.2662543084425701,-0.3139788107482096,-0.3295021245342209,-0.2684145740316907,-0.4338320444828099,0.2770505826471532,0.29448003539754,-0.227533891234587,-0.0720363720306815,0.2332233573564651,0.2507873905696688
Lonely_Q2,0.2517932708188737,,0.2197380234570352,0.1689363159185245,0.0981328556999406,0.4808766500818033,-0.0166564717760558,-0.1415663841366096,-0.0458621460188101,0.2671412382995665,-0.0951075711911005,-0.0014405923827464,0.0440776576522539,0.0140620770684007,0.4148666077399901,-0.1634981580594311,0.4329828866181812,0.1634981580594311,-0.2663873349019329,-0.3687171497359872,-0.1840570982043601,,-0.0967002592663647,0.3134661832641,-0.398770486357174,,0.3924532743963542,-0.3892026104237952,-0.2579327476048353,0.4403659951339341,-0.4622200048533159,0.5903274716258907,-0.4818150858047597,0.0981328556999404,0.0455047775052143,0.3718212292484387,-0.3138427077654805,-0.0118747305111372,0.274775767890143,-0.1073210691628438,0.1284852399857445,-0.5338381608791957,0.3328079190889289,-0.5117902554284102,-0.5209391764480555,0.4924621215214801,-0.5855996523595892,0.044592892250673,-0.5850876682234388,-0.578853478800471,-0.5908388968075909,-0.5252890418090048,0.4680117452046252,-0.5305400380842611,0.3062340326904846,-0.5163150387503781,-0.1339673728622393,-0.3216276559915418,0.5080580542352002,-0.3132214660302155,,-0.3439656823152732,0.0962174854744612,-0.5200685739670448,-0.0495849472935766,0.1706017846392273,,0.2644131904130358,-0.5632300829638752,-0.509482073981109,-0.0828849716188941,-0.2664832814043735,-0.4592790201701244,-0.5817201627558162,-0.5508218897540174,-0.2569953824506479,-0.2085877799933459,-0.5791430715926487,-0.2911734112637792,,-0.5527306342695009,-0.0763754966979643,-0.3343066084151777,-0.0469183315536849,-0.2499148909034745,-0.3365074486519472,0.0819554756480294,-0.134609999936387,,-0.5893929824484218,-0.4491968702452977,-0.5725339679240407,-0.5322077739926163,-0.5025040729278806,-0.3625305310067387,1.0,0.7803615174659211,0.4763843083074371,-0.3958211452251401,-0.3365315910322913,0.394447488975,0.464641831025871,-0.1267961786025452,-0.3578370595794897,0.4225988582861144,0.4670691886035979,0.5183733014410549,0.60712319439789,-0.3297066290619433,-0.3724456370131832,0.1398937388220955,0.5758222231527627,-0.3597457403626587,-0.3532474257567061
Lonely_Q3,0.2671318489046406,,0.2240318429485699,0.090458446955235,0.0926107228156206,0.4865956378569561,-0.0265281009156833,-0.2143831691631439,-0.0398802600836573,0.2817908941194108,-0.1733176722616662,-0.0570169125842733,0.0498440182044466,0.0225930331526366,0.3571165417572928,-0.2212828655543629,0.4187872635454472,0.0938988667590471,-0.2608921557655727,-0.4001967364089218,-0.2640386413361322,,-0.1001707818209775,0.2939955980956631,-0.4144891385486594,,0.3588662004732793,-0.3589251812385376,-0.2972071688801864,0.370567340859946,-0.4472312373238687,0.5947810055303792,-0.5284567226827656,0.0926107228156208,0.0638661107527226,0.3184836852289282,-0.3320000490003792,-0.0974575391716446,0.2523548922884154,-0.1016181517644131,0.1053120418284224,-0.5739233349076659,0.303175701933233,-0.5481417358947593,-0.5295555258343466,0.4541745738154221,-0.6041386578859823,0.066872761242573,-0.595075906033775,-0.5904019955170425,-0.5718284963056497,-0.5349992142032329,0.5109505469668411,-0.5450760288974466,0.3096170413783606,-0.5291926028515768,-0.1932789728957024,-0.3267452151907336,0.4379948390230467,-0.3379203342541141,,-0.3476212680766325,0.0459636348583206,-0.5511035679828367,-0.0643726897445922,0.161001679573901,,0.3229283264916726,-0.5365138990790429,-0.4547889011632413,-0.0832147100801962,-0.2911353509512177,-0.4934964461232093,-0.6264162124128162,-0.5787948007486159,-0.2940832266714771,-0.2531971413829814,-0.588766541461401,-0.3201279638729116,,-0.5654165635982427,-0.0995945507675791,-0.2848079595327316,-0.1297477028520985,-0.2883832230024002,-0.3183394270726767,0.0534731108543072,-0.2434488812585758,,-0.5647963023866212,-0.4768498750890376,-0.5779352848640834,-0.5558794448855608,-0.4768746402084071,-0.3640569030393986,0.7803615174659211,1.0,0.4781900350133278,-0.3970063322453412,-0.3226683108253144,0.4319206553257559,0.4447824183527319,-0.1681304816720875,-0.3028939774365007,0.450621369735087,0.4195271483421821,0.5047982148653544,0.5986821885938769,-0.3689538280578585,-0.4054469374217891,0.1093439283092169,0.4854570272210143,-0.3767006579033669,-0.4020347026622212
Lonely_Q4,0.2732866139664401,,0.231358065875038,0.1955983466457747,0.1227919185288422,0.4819809212696951,-0.0671709142210412,-0.1584997002696387,-0.0604027246817898,0.3282260060835033,-0.1193207904789911,-0.0656056359119942,0.0701123641024416,0.0514977805415638,0.3174396292508694,-0.0970950441654903,0.4142770338135899,0.1060323883323307,-0.2897440307610379,-0.3277064984416777,-0.1649210925728731,,-0.0936188925284692,0.3151793725404118,-0.3807359505007485,,0.4494703755893934,-0.2177115223608495,-0.254328186623279,0.3489157176433056,-0.4404815432857799,0.6388865134688995,-0.460801218093692,0.1227919185288421,0.1141132772283302,0.3906552717440495,-0.3276504503503238,-0.0950802255384727,0.2699836754590989,-0.0504367962237036,0.1462351371371008,-0.4818796194329965,0.3236891964757531,-0.5224980803464804,-0.5358102963394418,0.5111242849570985,-0.5336485343820603,0.1003696648075909,-0.5707789211323294,-0.5352468060431561,-0.5792617650881158,-0.5095706651129921,0.5503004415429561,-0.5523498584339502,0.3594586132908351,-0.5307158450048308,-0.2180154709308523,-0.3140363933197441,0.4955654449201196,-0.2316007901724993,,-0.3337110657530515,-0.0202089879475362,-0.536369963570597,-0.0675466043852818,0.1298653770967184,,0.3125307753086153,-0.3951138098807099,-0.2883192564806637,-0.0569665669833765,-0.3052384072984129,-0.3594921023699697,-0.5061440674616298,-0.4272289994080115,-0.1796880011356911,-0.1824486750571983,-0.5198793547219058,-0.2489781091137188,,-0.4748915821781403,-0.0407247136478158,-0.1804973419481942,-0.1431784613757391,-0.1861850531165157,-0.3386505525316464,0.1029242217335194,-0.2229085422528385,,-0.5753893144789605,-0.4456818206480799,-0.4719290576543276,-0.4911209779091186,-0.3988201328987419,-0.3347357925947367,0.4639349320025572,0.4744843190174664,0.9897048958825408,-0.3378470069138412,-0.2367469216102024,0.3995674220681915,0.37009918260149,-0.1888511840709689,-0.2332230952134507,0.4740060766684661,0.3541880627894771,0.4452839082523668,0.5604355808236066,-0.3134577776174547,-0.197024111486788,0.1452545629745767,0.3523124334930269,-0.229756893996979,-0.3606853647184687
Lonely_Q5,-0.2219500694073389,,-0.3077061170257701,-0.1491108157806287,-0.0829667183456767,-0.334598048035873,-0.1585914612170074,0.1566984836529607,0.1388348553956125,-0.2188367565514093,0.1119396217037742,0.0344107313299002,-0.0409073183603918,-0.1737512648701232,-0.4445228912040311,0.3144121858130239,-0.2880082160888869,-0.0859523962997313,0.2952971209834449,0.4352023687022423,0.171147355497506,,0.0926515492809699,-0.3394635269400808,0.4478153359727891,,-0.3706729036725768,0.3145293997703483,0.3460192948663527,-0.2921548932512798,0.4075216873955653,-0.4705837893138994,0.4689198494165191,-0.0829667183456767,-0.107778717049728,-0.1340419483975686,0.3517233442254277,-0.0132974418643876,-0.1895206527414841,0.1242767562659027,-0.0965908168159622,0.4738926699621562,-0.2434837548211861,0.5015650385961881,0.2727225731814054,-0.3773732463256175,0.4934921082577223,-0.0721486660086333,0.5281429698571196,0.5057284985971107,0.5010954460670084,0.4717735251418613,-0.4426493680078577,0.4557175444178301,-0.3077061170257701,0.4359620817896814,0.0935542830773573,0.3626908940665839,-0.3954174088840708,0.2050222343615023,,0.4033041195013441,-0.0534443382583612,0.419298074126759,-0.0837783801955596,0.0593031728055021,,-0.4793891537444225,0.492566692366085,0.1917643677858104,-0.0239906739289411,0.143558781037215,0.3260123741855863,0.5234014577879913,0.3597384675289622,0.219214017525178,0.2632635948399111,0.4213767660410715,0.2384823050316363,,0.6530390436096027,0.080139848074011,0.0753683014657803,0.4642254761790679,0.2268785599831225,0.2793088108721959,-0.1568792922819543,0.1472054608416736,,0.5253991190890985,0.5123605677518142,0.5491782698311681,0.5419527206060346,0.4392313955871226,0.5841965445351347,-0.3958211452251401,-0.3970063322453412,-0.3500989632003057,1.0,0.5273068933314424,-0.4933795835496743,-0.3112889649716787,0.4197753968879471,0.347010208865225,-0.3225531195438081,-0.3642340231554734,-0.2822821173448064,-0.41509962163011,0.3202922524151651,0.3772293101120266,-0.1086244231931588,-0.2465680884454837,0.3308916103479755,0.4007504518109639
Lonely_Q6,-0.1877917724432715,,-0.2832033978442583,-0.0981806601437043,-0.093077069267099,-0.329897835454298,-0.1155663192820409,0.2222950608785638,0.1051863779775786,-0.1319460608000369,0.2667290852968375,0.0319598054908676,0.0233637645795855,-0.1019307109418118,-0.4432452151220581,0.2674792795917856,-0.2541924330271207,-0.0570959976415693,0.2716460823090197,0.487322568752159,0.2032996076957603,,0.1384805176900739,-0.2966291064876177,0.4870430053600622,,-0.3757089989320651,0.3708831665531471,0.3588111255825772,-0.2190508256880234,0.4557610592439543,-0.364297262029841,0.4634300426899186,0.0612946553710165,-0.0357990004123481,-0.1310080517075173,0.2609757893091922,0.0907389358614499,-0.1250944888098211,0.183435184592495,-0.0882008877727817,0.4833459844455279,-0.2731173593236102,0.4787868580293333,0.319988155896648,-0.3723440112371873,0.5385195846894467,-0.0213518302980298,0.5041005990507216,0.4794042230641847,0.446307077760739,0.4165549573926393,-0.4003699035417498,0.3901137557626604,-0.3003366994931992,0.4202776914417103,0.1770441092412482,0.2806406186416201,-0.3774365569134333,0.3186736910907854,,0.3218466398533245,0.0854713440017087,0.4033359600146889,0.06089853831162,0.0618307592465435,,-0.3804868731317807,0.5020802943913865,0.1702485605362661,0.1068856442594575,0.1889443498653113,0.2669544790808043,0.4732886319943966,0.2634761491695988,0.2212006477183429,0.2390167286121446,0.4318088485229696,0.2195634643650485,,0.5017626665850273,0.0261684071517064,0.1230617050488337,0.3867268856050238,0.2076047332150885,0.3170078031061716,-0.1906663155419064,0.1639960304635455,,0.496610467476526,0.4707488940422935,0.4943859284527535,0.4761256178595163,0.3797102670332365,0.4405264679451066,-0.3365315910322913,-0.3226683108253144,-0.2448121418840652,0.5273068933314424,1.0,-0.37636923190295,-0.3393556395380904,0.3581602241688376,0.3342710594664829,-0.2905962989320607,-0.347483556333285,-0.2842973823324141,-0.3476612204970395,0.3262477612408557,0.4024299448521123,-0.0932371437964508,-0.2675032547205013,0.3162793408009046,0.3635278723935937
Lonely_Q7,0.3529264475781815,,0.3889647923492809,0.2131918413021544,-0.0703830028826022,0.4665617101128234,0.1538300178692095,-0.0736879494167423,-0.0649375589929079,0.3030770078960686,-0.218696279951488,-0.005965779726307,-0.0376401212691123,0.2008046043212664,0.4476103206722053,-0.0969895858770534,0.4434929664777701,0.1242522459100109,-0.1629560330793588,-0.3308514774383883,-0.1754206909858225,,-0.0703830028826023,0.3943036273941094,-0.352158248544879,,0.4888630543386957,-0.1768034394573018,-0.3095108260190637,0.2939469215503908,-0.3855515981567624,0.5122884290131519,-0.3757161982616491,0.1496650061296717,0.2049681493274195,0.1746838596045233,-0.2907768166686709,-0.0752856009597724,0.2569945804795929,-0.0801164704231305,0.2650223477747861,-0.4856757536732247,0.4129566594891594,-0.5137800938610146,-0.4147594006628194,0.5627785460401209,-0.5449630516277407,0.1682423678616361,-0.6098653502205835,-0.6322216162661847,-0.6025765579697842,-0.5665446667631662,0.6216125916511384,-0.4757096987893708,0.3238380311803031,-0.6106328030576881,-0.1578516139596299,-0.289682001970021,0.4947957792488696,-0.3614084760030983,,-0.3123101608708007,0.0527075010957876,-0.5860017881406092,0.0194259919478865,0.0051569046637663,,0.4159954507083709,-0.5081898915066436,-0.2960748399521556,-0.1161225197084129,-0.2809762390189732,-0.299073317993927,-0.5219194714797057,-0.3769083252040703,-0.2193718150760984,-0.1671976231924221,-0.4958344776777458,-0.185700338136706,,-0.5469872053825766,-0.1200088826380461,-0.0357750117225125,-0.1365735423821691,-0.2030184164752781,-0.4235370526155923,0.1762468425078635,-0.1602766905933484,,-0.5910349125257313,-0.5896521105225637,-0.5358758482009026,-0.5442244826181246,-0.3807050847746969,-0.5320411692200849,0.3909785260063739,0.4280390047538688,0.4004602684548694,-0.4915894527559656,-0.3764349294298776,0.9973261342885792,0.4686899426751016,-0.4088808931499824,-0.2798004142977551,0.3806949457993774,0.4134740604835238,0.365501628046089,0.4257028140073073,-0.2019124584289933,-0.2703855406101242,0.2807472071403956,0.2664789389499392,-0.1875543558292747,-0.2492248617052788
Lonely_Q8,0.2525156434373837,,0.3511211578916448,0.1147388521638262,0.127293092933059,0.5516296714743179,0.0209248851357184,-0.0246287293448799,-0.0336524636145577,0.238923774785184,-0.08232123585176,-0.0037102484500794,0.0635701112411227,0.1372349258074121,0.5558581192496478,-0.0621365707025959,0.4782527148425941,0.2575255560333022,-0.1622061016006189,-0.3084619370796883,-0.2258169680704244,,-0.0877610764942206,0.3459997531582796,-0.3210055806473093,,0.5449542508816713,-0.1426882752549845,-0.2504049911825021,0.3708809752881346,-0.3363645045744632,0.5502981175646728,-0.385509841084657,0.1272930929330588,0.2221649321293918,0.3319335152680607,-0.2705907705937834,0.0660183108238714,0.1886044277719359,-0.0763549944918622,0.1855469826924355,-0.5051408418643196,0.4524247005322405,-0.4458930501840685,-0.4379949012483173,0.5650184280621895,-0.5788583049661005,0.2673516603117442,-0.568947720604284,-0.5329442821539256,-0.4889264795488268,-0.537424142686091,0.5410446424755034,-0.5087787272232467,0.3352089694633663,-0.504700750193928,-0.0749353626651765,-0.3530110432586378,0.629584455386518,-0.2329527699868626,,-0.3618137551094642,0.046573847757825,-0.6189954509986226,0.0145367331007103,0.096673912722645,,0.3842330563011628,-0.4720610161582529,-0.3485064533676147,-0.1252920132200754,-0.3375216426015776,-0.3794173965613552,-0.5575058983499275,-0.4766967316296358,-0.2693353422965874,-0.1832940193612983,-0.5431349172212432,-0.257385703612367,,-0.4735744142823797,-0.0860381986434316,-0.2156338016027476,-0.0014997089766641,-0.1875373969120754,-0.4048195729855868,0.2270209428989664,-0.2074085920144212,,-0.5130801702258391,-0.4280676480773878,-0.4760785938742795,-0.4791036252242338,-0.3938672708398256,-0.3661876895471019,0.464641831025871,0.4447824183527319,0.3815523856082392,-0.3112889649716787,-0.3393556395380904,0.4712365867454969,1.0,-0.1935003633677602,-0.3342131318542363,0.4601974676069319,0.4645308500881102,0.6352615114716824,0.5927135774742534,-0.2376403650451682,-0.3018648873397145,0.1777149940195126,0.344773430753833,-0.2583530317438934,-0.2740196018474573
Lonely_Q9,-0.2515271067767136,,-0.3451470626236059,-0.1844554463357408,0.1073243563825395,-0.2512097461529144,-0.1687909727197356,0.1320486919626173,0.1497584161732986,-0.2245763216629319,0.2280424483514168,0.0705450390906095,0.0703808833270654,-0.2457512846587056,-0.2760175174933033,0.2759909113596888,-0.2535267129346982,0.0151130158276868,0.277041079104353,0.3630161755934767,0.1545287643433943,,0.1073243563825394,-0.2703697811337511,0.3571893929540748,,-0.2307168241676863,0.2538142404184595,0.3620043416893973,-0.2219021141753067,0.3479153478279667,-0.2127969464349519,0.4233185138374352,-0.1062772894910024,-0.1110987957320971,0.0868603200676907,0.3503334882896461,0.161495018282697,-0.1261198778064533,0.1439579044609379,-0.1899398346229726,0.3967888101241998,-0.1616997868465812,0.4171101489146863,0.1893692746738093,-0.2677209252607113,0.4540184260741964,-0.0471300021979479,0.4474425074261617,0.3973207614520708,0.3126184944868558,0.3871905184082423,-0.3518389646071465,0.3501740966663179,-0.2819282067087097,0.5400715892975443,0.2333757581637407,0.3045046834903107,-0.2661234927299857,0.1848868803758103,,0.3279174483751095,0.029707792993431,0.3411286818507474,-0.0755854083751718,0.1453208144359366,,-0.3962621249442113,0.3814599969796575,0.0725917656608872,0.069284579070303,0.1417827424937023,0.3107674682493209,0.4323001348377067,0.2261995692864901,0.2424056548255775,0.2281874037926294,0.3135571664494944,0.0450759061493596,,0.5372484900041027,0.2079850689882749,0.0162834612740926,0.4182866316600021,0.2129090552558647,0.3218190003437203,-0.1174715368325711,0.1782932182341267,,0.4237588922590585,0.4224163520782236,0.4364175152640714,0.4438578986194809,0.2984298369466958,0.5798405353953494,-0.1267961786025452,-0.1681304816720875,-0.1730475665693169,0.4197753968879471,0.3581602241688376,-0.4127222609080038,-0.1935003633677602,1.0,0.2790352952178344,-0.2287937614610947,-0.137688244018426,-0.0783274114351502,-0.1991782030978951,0.2755745706275882,0.1850888632494348,-0.2021596556578981,0.0600815543707166,0.1643708129697604,0.176111390865565
Lonely_Q10,-0.1594522234937905,,-0.1484308615227711,-0.1304070167611013,-0.0825959275204927,-0.3081008118616155,-0.0566636213700524,0.2215959824032166,0.1800735264169188,-0.0975258897875338,0.108137919531637,0.0217593239404945,0.0344567514610803,-0.1531062298706245,-0.3328899593788836,0.1411390305672513,-0.2570325795727718,-0.0966754953410614,0.3936209711281366,0.3547140871377272,0.2003954452859007,,0.1327340304882042,-0.1724007780404466,0.4009770037155783,,-0.2202220448379201,0.3299209160504777,0.2993768376547657,-0.2527643221571038,0.4172482709100514,-0.36133476975267,0.4383341974717828,-0.0825959275204928,-0.153729365406229,-0.1381974645548163,0.2914542267181277,-0.0578904239498493,-0.0937706686093402,0.1839572217895011,-0.0915060107074334,0.4163151047454566,-0.2295259864552457,0.4245316160684047,0.2640001020020953,-0.2896824338206847,0.4430337724821636,-0.1431249707809857,0.4247162722419892,0.4211216865889298,0.4330793222210404,0.420670907904128,-0.3892885324367756,0.3887692523604799,-0.1962286448702775,0.3872404696006162,0.1430962866125484,0.2174776960875089,-0.3316556976882125,0.1775706094308707,,0.2410589780628591,0.0357951903926904,0.4208901729013563,-0.0118510978549043,0.1059730440800133,,-0.2312824871385082,0.4683052929843997,0.3344314552754143,0.0523838853424299,0.1466964106596441,0.3529379233442956,0.4140491347630492,0.3437344578133043,0.1815810464275281,0.1936864119522284,0.416895956149215,0.1966905034817329,,0.4635866537227651,0.0602931110691843,0.2124932886690585,0.2263630705397649,0.2159927133801458,0.200959871226812,-0.1075752882339581,0.1356592056563753,,0.4936840791563407,0.3520353409780418,0.4586466700487029,0.4311396756497703,0.5173024902891675,0.2662543084425701,-0.3578370595794897,-0.3028939774365007,-0.2309645776368407,0.347010208865225,0.3342710594664829,-0.2798243256195989,-0.3342131318542363,0.2790352952178344,1.0,-0.2551402275177464,-0.2480397441643897,-0.2892318814040726,-0.2823765570220543,0.3271954821593386,0.2574320800206977,-0.0971448683969584,-0.1425012863174935,0.3144708791550547,0.3184035776941156
Lonely_Q11,0.3117166705459939,,0.3000147507647657,0.1476109071052679,0.1031241294362094,0.3809715923006166,-0.0523313762738365,-0.100567248840994,-0.0659533302340566,0.2100045643272286,-0.1312530822817371,0.0231699625512475,0.0612714170688892,0.0263800486308884,0.4377977820801528,-0.0343607130911303,0.4424711645050301,0.1479912779639261,-0.2755529363717052,-0.2454464672543765,-0.2246601837828506,,-0.0497356155591527,0.333935986924193,-0.3064038276534182,,0.4557522161634434,-0.2715680325509672,-0.2721722339037356,0.4043452519484937,-0.3076771509408406,0.5516240472162669,-0.4566500796971185,0.1031241294362093,0.0601356283556226,0.3490410736134163,-0.2536882224619289,0.0199762375937438,0.1971188742325318,-0.1446029295747429,0.1773158915177478,-0.4046344138430556,0.3647891971573388,-0.4311963533108441,-0.3308744816886104,0.4883807809261956,-0.4951958441634448,0.1043291652432674,-0.4580707365927028,-0.4463646643139602,-0.4448835747761356,-0.3917199343267155,0.4139330823976966,-0.4689452750766154,0.3339457329718411,-0.4101138293219029,-0.0911510027427855,-0.2933303493844001,0.512083389558987,-0.1497213434610589,,-0.3146954777293435,0.1138411017232256,-0.4476396396513564,0.0910459672393924,0.0464073713217515,,0.2952478426169302,-0.3929497614198802,-0.2005690327840463,-0.109557421887101,-0.275900780465944,-0.3420371447172381,-0.4742752553550822,-0.3742051953018068,-0.2396216275271833,-0.1831267634841239,-0.3770768570998017,-0.2406739205186107,,-0.4540431554363545,0.0327371659667909,-0.0890735954652931,-0.096721386959466,-0.1497602966381458,-0.3523317336978913,0.171048959811676,-0.2207083407020742,,-0.465886627489711,-0.3926339513866566,-0.5106504638830869,-0.5286152777351798,-0.4272033273511556,-0.3139788107482096,0.4225988582861144,0.450621369735087,0.4796945127964139,-0.3225531195438081,-0.2905962989320607,0.3854516741525995,0.4601974676069319,-0.2287937614610947,-0.2551402275177464,1.0,0.4042350684451526,0.4618181063223381,0.5872922199417927,-0.2905607759635731,-0.2822224982701297,0.1885586140808027,0.3203310027620875,-0.2265344143625001,-0.2557517461463258
Lonely_Q12,0.232861676316035,,0.2421323129745452,0.0839421790519482,0.0795787276497592,0.4429288208880206,0.0158578354078366,-0.0772983920822405,-0.0181552671513414,0.1961927141723632,-0.1098519852351699,0.0722157800797066,0.0436963512836181,0.0967686614812557,0.387623472878796,-0.0569917857182608,0.3628256878289424,0.1469281901850523,-0.1399710164844847,-0.2640669434272742,-0.1265383627392462,,-0.0524055035742317,0.2777644081471048,-0.311601390947415,,0.3502949328928031,-0.2503909514624787,-0.2670152284299573,0.3326631319703004,-0.3156964121814258,0.541334810731592,-0.38836677111611,0.0795787276497593,0.0603401294740306,0.2738616008640686,-0.2368467777905662,-0.0373093108002073,0.2001938449756655,-0.0757329553120259,0.1027826241594216,-0.4050232863474241,0.2910401839712379,-0.4093516187973518,-0.3958596401071448,0.4274219697814458,-0.4930349141168332,0.1069240048075915,-0.4720030620648845,-0.4757875504116388,-0.4992739930390974,-0.4332716900410553,0.442838290916477,-0.4321494685453839,0.2567808870690906,-0.4282731278995878,-0.0512415079026156,-0.2868262577782065,0.4252394891563631,-0.2237028407157182,,-0.2751713853858016,0.0576915865167182,-0.4428399916479963,-0.0122854324369418,0.1001039049337039,,0.2608149867669466,-0.4052091457812172,-0.3146787495162524,-0.0326021226900264,-0.1737756774209074,-0.2654291089477714,-0.466223679302672,-0.4048573308170268,-0.251428844455415,-0.2043537393230504,-0.4556351469843264,-0.2205648903574308,,-0.4419836849038833,0.0727134817092024,-0.105214893284761,-0.0829543690841312,-0.1110883529175483,-0.338094323760708,0.2334710102723213,-0.1402127886778363,,-0.4823090303007149,-0.3941958734527768,-0.422688460906685,-0.41381796428223,-0.3928837918111793,-0.3295021245342209,0.4670691886035979,0.4195271483421821,0.3700800032224322,-0.3642340231554734,-0.347483556333285,0.4136854109544244,0.4645308500881102,-0.137688244018426,-0.2480397441643897,0.4042350684451526,1.0,0.4925884117926372,0.5951855449346943,-0.2184094823532335,-0.3487777040065769,0.1157332617987347,0.4187823074281757,-0.2613933378224188,-0.3015543947773522
Lonely_Q13,0.3656782031798173,,0.3315917739397925,0.1755628863459415,0.1092986172341834,0.4844666228468998,-0.0272059854588689,-0.0217844399526486,-0.0474996379041392,0.3156360979773722,-0.1267937572678596,0.0418470612106409,0.0376902091420436,0.0467195616494481,0.4794543405086239,-0.0179268765034672,0.4896766548980138,0.1710609224041591,-0.3124119122207991,-0.2455823151131961,-0.2227457897948886,,-0.0858604017222579,0.3943482945019742,-0.3193537659839035,,0.5361928408074104,-0.1892607833061064,-0.3005363083346107,0.3353054242949581,-0.3057232345931711,0.5733893340822552,-0.4414560478464064,0.1092986172341835,0.1289842344959765,0.4802357124953322,-0.3023358977187078,0.05713783391269,0.2444847244331799,-0.0703199340088069,0.1353137362199737,-0.4598401511820482,0.4110464377811536,-0.4723574974521602,-0.4469180118868802,0.6075000187703268,-0.5490404050893609,0.1177207799683331,-0.5351385348430803,-0.5213804281903004,-0.5330158265399327,-0.4944142831835784,0.526808882577035,-0.5344514946195629,0.3893522366433618,-0.4637067470193395,-0.0170551618134836,-0.2551044485764601,0.598733913943801,-0.2542334336314786,,-0.268110407118357,0.1054260270317562,-0.5734509387582161,0.0580299727550037,0.0769200094175952,,0.3137051342180202,-0.4216469465230844,-0.3010391723339423,-0.0839975001953748,-0.2478658439220284,-0.381695470851936,-0.4780112634356774,-0.4689683778626251,-0.2613995522135021,-0.1148926171765369,-0.4590515470080435,-0.2671405147566137,,-0.4732570513055463,-0.0042337707355589,-0.2280512405916945,0.0121328803657995,-0.1582142638731102,-0.3529081660169846,0.2238075693379542,-0.2297225585367077,,-0.5392921993880767,-0.4492277635497294,-0.5021411653148329,-0.5131120324257963,-0.4292742607124168,-0.2571057426732427,0.5028404243710434,0.488893969185365,0.4508929370281209,-0.2800219176691878,-0.2747077550286153,0.3568236065451517,0.6295037387374108,-0.0731917843814467,-0.2796574375060828,0.4626076432548133,0.500055289815083,0.9915662809347152,0.5814175019438824,-0.2738680774367362,-0.4157382158225917,0.1303377291383189,0.4757228301221232,-0.2732470425893784,-0.3154060610690398
Lonely_Q14,0.2310307615173413,,0.2620631817698862,0.1310977973745556,0.0713864382286674,0.3415638178358359,0.0308105815848708,-0.1026827687184027,-0.066917104756775,0.2421572813125025,-0.1487039884211189,0.0132614632684346,0.054031619187097,0.1395912919722571,0.376107315222237,-0.1163974838927748,0.3717137753511443,0.087413551376295,-0.1985582737619122,-0.2497279552625579,-0.21442950816526,,-0.162554660544797,0.2729250652845215,-0.3008570805132131,,0.355116041908303,-0.2877270434502929,-0.2801118850068028,0.3554531735223706,-0.3030645034499546,0.525899657113867,-0.4609315999925611,0.0713864382286675,0.1256820394668975,0.4135315529628622,-0.2584770770089649,-0.0294788006501456,0.169927261338241,-0.1660335181144455,0.1577637540237554,-0.3413674323503295,0.2642174040444938,-0.3924133159161618,-0.3390286308974095,0.3876223783559693,-0.4309997296423453,0.1308421047192593,-0.4262686616022728,-0.4157793809489379,-0.4483746956485582,-0.356242021120864,0.362731730715582,-0.3791352962931376,0.244753520419374,-0.3823710325292614,-0.0524593847882115,-0.3633738363393496,0.4178501339244957,-0.1624172815134319,,-0.277594104752258,0.1420765362183184,-0.4193169588238151,0.0294665142818246,0.0337256464239838,,0.2946065199298831,-0.3649680116576043,-0.1832924270417369,-0.0341468799093982,-0.1559743545878647,-0.2593623188016168,-0.450786822918668,-0.2867948501940396,-0.225859579718434,-0.2329301185562076,-0.3585872591524709,-0.0729106882688552,,-0.4625769897854164,-0.0031866953330828,-0.0788699358427479,-0.2053853018987085,-0.1827305946314142,-0.2579501345458355,0.1197298913673618,-0.1070591075581398,,-0.4512101388734634,-0.3577034863363045,-0.4532510291410437,-0.4262286636443723,-0.3669429170527808,-0.3791892222148927,0.437738822448704,0.4251081384419283,0.4040921513530397,-0.359746390354238,-0.2802646982672945,0.314431997652487,0.3611337525121971,-0.2396991700192467,-0.2870099598829956,0.5286889462227269,0.465215268815797,0.4057353409756785,0.7201521082253997,-0.2428558363703795,-0.2165030296408623,0.1574902814588049,0.2751928821083845,-0.20938626951427,-0.2034536432980015
Lonely_Q15,-0.2234797329027772,,-0.2194757986094281,-0.0481880386889492,-0.0835667301743414,-0.26361896960326,0.0221967275080345,0.1586646470384798,0.2134398800708362,-0.1198962675669859,0.0619204558289633,0.0612578122893251,0.0728419610381004,-0.0714997904117301,-0.2896036762593691,0.1291759552420452,-0.2486528011082329,-0.0940839604097492,0.3612796137718606,0.4224233615375926,0.2424596161977477,,-0.0835667301743414,-0.2478308880736644,0.483508768481652,,-0.3080905450749801,0.3267954508307283,0.2915824268370536,-0.1777878227069476,0.3680561629872851,-0.3604731738175909,0.4847408707958195,-0.0835667301743415,-0.0606405222052469,-0.1447502226849911,0.3070134524937168,0.0134238974020392,-0.066024870202108,0.217953040886267,-0.1619752592849024,0.4387493374245025,-0.2357738211102482,0.4590843343730643,0.2662347505207528,-0.3011411667639062,0.4996481580225663,-0.0171396789433638,0.4578251558255706,0.4142972364794708,0.3796195074291287,0.3974828179991378,-0.3535415159644079,0.4555928569241072,-0.2980663952678858,0.3567876232333234,0.1045147859529092,0.2273738271574714,-0.3530798129288064,0.1616397562762266,,0.2471933576929743,-0.0445989154175713,0.3350347569039713,-0.0738373359675572,0.1419599632951098,,-0.3472359706124313,0.4159403160228638,0.1366630226744863,0.1004422391148381,0.1188561104002042,0.2691601970230617,0.4799417873811631,0.3347731365152417,0.2711630334793046,0.1117002365581963,0.3512624121659864,0.1791861705833498,,0.4524273235487355,0.0191841173087633,0.288687178419634,0.3854523934120876,0.2924640318678546,0.3271764195218157,-0.0672154207542476,0.1823910528516689,,0.4459522015742427,0.3645501694662286,0.4167503064578996,0.446399273295992,0.4123495010326444,0.2770505826471532,-0.3297066290619433,-0.3689538280578585,-0.3106780883201394,0.3202922524151651,0.3262477612408557,-0.2067569142860488,-0.2376403650451682,0.2755745706275882,0.3271954821593386,-0.2905607759635731,-0.2184094823532335,-0.2737979318629676,-0.2790768574498783,0.9999999999999996,0.3868393752747626,-0.1756896229886838,-0.2345605255571682,0.5224109746788022,0.6014773615090943
Lonely_Q16,-0.2351467269185484,,-0.201783035539215,-0.0501106855570288,-0.0869009458099363,-0.281389875439047,-0.0349756654133234,0.0687392049464534,0.0949764961059329,-0.1906535688626106,0.1977149595229108,-0.0052961198855536,0.0430237513974898,-0.0457596097658291,-0.3028274319691877,0.1436188305506512,-0.2572032779298979,-0.0992477243378194,0.2667081597901483,0.435693238144492,0.1358347050157403,,-0.0152734995665948,-0.2392208584759055,0.4955352181410872,,-0.3637343995669932,0.4282218902725649,0.3356162310724267,-0.1693968598449589,0.367317754706717,-0.3734887402778143,0.5114918388176697,-0.0869009458099363,-0.066679278437897,-0.177953528242574,0.2694439383539848,0.0419415628232445,-0.1663155333263217,0.1244328212704234,-0.1383572601260154,0.3886634226911365,-0.2245885700206784,0.470409117369622,0.3671379932408363,-0.3403071227206119,0.4536172189690325,-0.0205218629314472,0.4553617930691728,0.4306786462391803,0.3476439030491121,0.3821255517402952,-0.3491345416012568,0.4172920065437364,-0.2494814587721234,0.3480835693442972,0.1360064902599254,0.1576553872366799,-0.3607777796489093,0.2155678995504962,,0.2720092390859657,-0.1118586999938449,0.3540116508285711,-0.1373139578778756,0.0564625080517118,,-0.321947148876595,0.4999720640454397,0.22021762090342,0.1662076663089551,0.1322843839828288,0.3118392686698987,0.4684167171355964,0.3208039282156784,0.2995527947824325,0.0327936497968758,0.366768145263398,0.2712906586829807,,0.5242991203419219,-0.0080223701558096,0.3478809076624544,0.2806359811492599,0.3163427833941064,0.3616581969911323,-0.1288594844437113,0.2055317828985103,,0.3930309557973804,0.4074962449041907,0.4306858317800585,0.4453354531507377,0.41322679094401,0.29448003539754,-0.3724456370131832,-0.4054469374217891,-0.2045018872669046,0.3772293101120266,0.4024299448521123,-0.2753052936795834,-0.3018648873397145,0.1850888632494348,0.2574320800206977,-0.2822224982701297,-0.3487777040065769,-0.4161651056242353,-0.3464667366097122,0.3868393752747626,0.9999999999999998,-0.1519179754060819,-0.3293116592762111,0.4731818088953342,0.4815789844899921
Lonely_Q17,0.2498982984641047,,0.2856659523790806,0.0714225380806208,0.0553843440239326,0.2906221271267592,0.089234102226018,0.1361928784062199,0.0983539308218198,0.1863981962461774,-0.1096568077554018,0.0263278213993804,0.1561008848284617,0.1556057658683868,0.3607191967699921,0.2167079928438063,0.4083529845121142,0.2583778083935075,-0.115264807401837,-0.0026959144601606,-0.0620426675458195,,0.1238595329989764,0.3821992119103516,-0.086229141011474,,0.3390761312841256,0.0039442621731273,-0.1680574135884947,0.1934428813097652,0.0245806709447477,0.2544841086837314,-0.1439555955895751,0.1238595329989765,0.2790252173671503,0.1693955629617519,-0.1195299340996229,0.0986263366014118,0.2269340900217548,-0.0652792011693327,0.9907590757760396,-0.190800417140907,0.6064904320857155,-0.1882077435482234,-0.1222134811553658,0.2691242656681269,-0.2327020721946781,0.2277574940847352,-0.2382067234764089,-0.2390228030147219,-0.1449385066533948,-0.2302008849051428,0.2519348725355758,-0.1924898367207134,0.2704661990443565,-0.2909981845912494,0.0968663874458538,-0.1869655416678653,0.4452633623936845,-0.1711141518985464,,-0.193917692897751,0.1453022189065468,-0.2934109214713823,0.1356718880016098,0.0566035851199179,,0.2609516014024981,-0.1771886232863873,-0.0603055260919373,-0.0943106966626979,0.0214659884895255,-0.1558675015039969,-0.2677730438772501,-0.2190726899600786,0.0806246853337251,-0.0209002878532867,-0.2158110629852927,0.0088538645330152,,-0.1926417153602675,-0.1546299345784663,0.0796431783110805,-0.0047548887325526,-0.0178602459837177,-0.3232723531968602,-0.0295652396212467,-0.0873701079742444,,-0.2149987399234738,-0.1279161151409995,-0.1313872759078023,-0.178894778696548,-0.1423970096805837,-0.227533891234587,0.1398937388220955,0.1093439283092169,0.1270636401631907,-0.1086244231931588,-0.0932371437964508,0.2775075737668546,0.1777149940195126,-0.2021596556578981,-0.0971448683969584,0.1885586140808027,0.1157332617987347,0.1238747752693256,0.1287535283551573,-0.1756896229886838,-0.1519179754060819,1.0,0.0316462502063026,-0.137816124116565,-0.0780840310423257
Lonely_Q18,0.2501035015007903,,0.2207153531967302,0.1355114740711988,0.106518168277146,0.3014097102293892,-0.0881205565937755,-0.0369720563532599,-0.0120735799922274,0.2093411362137495,-0.121151237375928,0.044175079556629,0.0946453299898679,-0.0659687334191488,0.3102155092306096,-0.0444483563646609,0.3048107499578943,0.1319990359190163,-0.1665009003323042,-0.1931989476000798,-0.2010162988863164,,-0.0862064998251847,0.2748048413776664,-0.291676063114523,,0.3568528361979363,-0.3097890712808173,-0.1735568990863237,0.2241479560174011,-0.3475609414219716,0.4014722881526817,-0.3162439901194473,0.0422766122430357,-0.020537542221304,0.3225468471844379,-0.1851483837060541,-0.0376888060223941,0.2424362136523078,-0.0939690779113882,0.0171114269596405,-0.3589496273602643,0.2755544092113262,-0.4105127014229619,-0.3715110931428684,0.4261135675870466,-0.4123048515915931,-0.0295126577777399,-0.4288566993511662,-0.4247701633695864,-0.4290422574156023,-0.3650260003095041,0.3019797237726883,-0.4381421120266466,0.2777553304599232,-0.3156946856671379,-0.0637145210830107,-0.1937520086806529,0.434615267933704,-0.2389174134972885,,-0.2092005199323699,0.156783387421351,-0.3414822659633051,-0.018864749399029,0.1107244539945568,,0.2156965326053813,-0.3481949711503416,-0.3378054720548744,-0.0742941170928034,-0.1700853452218017,-0.2768444189574744,-0.3734715956059726,-0.3709410361977592,-0.1985546912696737,-0.040196564892692,-0.3595169357597381,-0.2419450749937566,,-0.3221366420755309,0.0543524805286249,-0.2162714985444815,0.0503567772813092,-0.1547552893762255,-0.292065114630658,0.1960522938554756,-0.0587679883227537,,-0.3779117660514918,-0.3290717103447929,-0.3890972778221287,-0.3791711532677265,-0.351505879181598,-0.0720363720306815,0.5758222231527627,0.4854570272210143,0.3635968532437784,-0.2465680884454837,-0.2675032547205013,0.2641583541464574,0.344773430753833,0.0600815543707166,-0.1425012863174935,0.3203310027620875,0.4187823074281757,0.4646020044044566,0.4597415375416576,-0.2345605255571682,-0.3293116592762111,0.0316462502063026,1.0,-0.3526250984992549,-0.3377672257742745
Lonely_Q19,-0.1692007656280656,,-0.2763629699337232,-0.0452159536507662,-0.0784125999130077,-0.2251962557723431,0.0203353831162417,0.0459638737541383,0.0850664514531382,-0.0928632284138309,0.077310221592146,-0.0147051922568553,0.012487634690171,-0.073069702370312,-0.2869638326822095,0.0735643091542908,-0.2143744219156169,-0.1330405064493098,0.2113889172693693,0.4298557106708205,0.192914291262645,,-0.0784125999130077,-0.3121865344786327,0.4957053126390701,,-0.2664684559886764,0.4427170789938278,0.2972828598053661,-0.1077554228418859,0.3494265632750777,-0.3113215508395161,0.4959388716083104,-0.0784125999130077,-0.0839486885339075,-0.0780610405027879,0.2808830077474766,0.027002011884612,-0.1141742651449777,0.1774674067787875,-0.1328881177445349,0.4380009048495727,-0.2554757835016205,0.4644562056083585,0.2939527498510649,-0.2556215803999137,0.4674588792397077,-0.0439270498714397,0.4106029725861367,0.4159613988453293,0.3479803125875,0.334040491221605,-0.2648164390628612,0.3894786418956077,-0.3068087892216831,0.3241575585506527,0.0701591493822237,0.2249870605241219,-0.3220316988656629,0.1450725263402217,,0.2929093569806043,-0.0792567573160419,0.28334771522796,-0.1358025847952978,0.0623880221966679,,-0.3848370374688326,0.4565146073636453,0.1674531504650528,0.1516916742011728,0.117822175009735,0.2629535011921846,0.4316250135433296,0.3102607252757389,0.1868238479680777,0.0813498639425443,0.3409883477511676,0.2825423120814638,,0.4677487605297903,-0.1232073445372342,0.3449527069704396,0.4157402851584536,0.3294907354772294,0.2958165368329803,-0.1427125828711765,0.183390545209516,,0.3966678651622716,0.3214168045170613,0.416445019111669,0.4366108714069562,0.4271248595653389,0.2332233573564651,-0.3597457403626587,-0.3767006579033669,-0.2276502264872796,0.3308916103479755,0.3162793408009046,-0.1924076312876316,-0.2583530317438934,0.1643708129697604,0.3144708791550547,-0.2265344143625001,-0.2613933378224188,-0.2646129033675745,-0.2965114110587037,0.5224109746788022,0.4731818088953342,-0.137816124116565,-0.3526250984992549,1.0,0.6950237653584369
Lonely_Q20,-0.2689988722022484,,-0.2823115560151458,-0.0868245031067952,-0.0802001489108341,-0.3004124039840948,0.0517044615799331,0.0962309146142813,0.1804255561770144,-0.1618074202048601,0.1542071430816523,0.090533638166604,0.1041721936204859,-0.1143505271951319,-0.2738808403775613,0.1399419743134572,-0.2538257636041697,-0.0614770285692191,0.3432654806861021,0.4962939803551017,0.1986899728167444,,-0.0802001489108341,-0.3187236545746276,0.5058677903755562,,-0.3228487025878084,0.4129848377511522,0.3885360015714889,-0.0962050486929023,0.4778884481134252,-0.3992451181415754,0.5400758565142447,-0.0802001489108341,-0.0855566070621081,-0.1285451741345419,0.3333352924514664,0.0055255442799034,-0.0676238566791749,0.2045926711859639,-0.0721127075228237,0.513930280738137,-0.2412640708922147,0.5966838901797832,0.3509641837924362,-0.3140665692788109,0.5579556042988455,-0.0447257628211187,0.5112407229276257,0.492358941009714,0.4414140888393954,0.4682983550908981,-0.3899312717146496,0.5302199349861448,-0.3291720583968298,0.3936478902278695,0.144608100364439,0.231348479267423,-0.3369821421271105,0.1778348810868228,,0.3009725758052674,-0.0191078903809476,0.3678798366730816,-0.0335304942535154,0.0644658650142441,,-0.3700601951760618,0.4901830075035738,0.1839664788775529,0.1764562649836816,0.1224794137042224,0.2978079402503591,0.472310930049496,0.3766282463528472,0.2184706621693062,0.1364853078073094,0.3896066075663802,0.2917610528781689,,0.4857598329864374,-0.0381291321973554,0.4133685370451296,0.4565030366909902,0.2729055296309241,0.3538151792265319,-0.1293578929617804,0.1888685023399542,,0.4847826744171266,0.4148860246318473,0.474410925970093,0.4966083498375472,0.4265669580522286,0.2507873905696688,-0.3532474257567061,-0.4020347026622212,-0.3682659131372331,0.4007504518109639,0.3635278723935937,-0.2543895102153445,-0.2740196018474573,0.176111390865565,0.3184035776941156,-0.2557517461463258,-0.3015543947773522,-0.3067840896188296,-0.3221901718173054,0.6014773615090943,0.4815789844899921,-0.0780840310423257,-0.3377672257742745,0.6950237653584369,1.0
